source,target,stability_class,strength_nsf,observed_nsf,stable_nsf,bh_q_nsf,permutation_z_nsf,strength_nsfc,observed_nsfc,stable_nsfc,bh_q_nsfc,permutation_z_nsfc,present_nsf,present_nsfc,presence_class,pooled_strength,pooled_observed,weight,presence_color,edge_color,edge_alpha,edge_id
10.1,11.6,Not retained,0.0,0.0,False,1.0,0.0,0.0428746462856272,1.0,False,1.0,3.05444683,False,True,NSFC only,0.0214373231428136,1.0,0.0214373231428136,#B78484,#CBD2D8,0.16,e0000
10.2,10.3,Other stable,0.2224086486978883,19.0,True,0.0,16.77147539,0.1540456765009867,8.0,False,4.04e-06,10.76054007,True,True,Shared nonzero,0.1882271625994375,27.0,0.1882271625994375,#746A82,#7F99B2,0.62,e0001
10.2,10.4,Not retained,0.0,0.0,False,1.0,0.0,0.0969762275752853,3.0,False,0.07550216,6.85980805,False,True,NSFC only,0.04848811378764265,3.0,0.04848811378764265,#B78484,#CBD2D8,0.16,e0002
10.2,10.7,Not retained,0.0,0.0,False,1.0,0.0,0.1072112534837794,2.0,False,0.16480297,8.05500877,False,True,NSFC only,0.0536056267418897,2.0,0.0536056267418897,#B78484,#CBD2D8,0.16,e0003
10.2,11.1,Shared,0.1389890564608884,14.0,True,9e-08,9.81183861,0.2023890745891725,14.0,True,0.0,14.25448839,True,True,Shared nonzero,0.17068906552503044,28.0,0.17068906552503044,#746A82,#8B0000,0.88,e0004
10.2,11.2,NSF-specific,0.0978483506808882,22.0,True,0.00256993,5.11005999,0.036186625241314,6.0,False,1.0,0.47648707,True,True,Shared nonzero,0.0670174879611011,28.0,0.0670174879611011,#746A82,#003366,0.88,e0005
10.2,11.3,Shared,0.1363724416867568,24.0,True,2e-08,8.60990038,0.1925941222770181,51.0,True,0.0,11.74352764,True,True,Shared nonzero,0.16448328198188744,75.0,0.16448328198188744,#746A82,#8B0000,0.88,e0006
10.2,11.5,Not retained,0.053603655149453,25.0,False,1.0,-1.93298901,0.0,0.0,False,1.0,0.0,True,False,NSF only,0.0268018275747265,25.0,0.0268018275747265,#7890A3,#CBD2D8,0.16,e0007
10.2,11.6,Not retained,0.0350904194959715,8.0,False,1.0,-0.14539381,0.0,0.0,False,1.0,0.0,True,False,NSF only,0.01754520974798575,8.0,0.01754520974798575,#7890A3,#CBD2D8,0.16,e0008
10.2,11.7,Not retained,0.037476584449793,2.0,False,1.0,2.32386249,0.042051713353118,4.0,False,1.0,1.90823885,True,True,Shared nonzero,0.0397641489014555,6.0,0.0397641489014555,#746A82,#CBD2D8,0.16,e0009
10.2,11.a,Not retained,0.0288494881605277,2.0,False,1.0,1.39672195,0.0767141282376614,8.0,False,0.09076813,4.35435395,True,True,Shared nonzero,0.052781808199094546,10.0,0.052781808199094546,#746A82,#CBD2D8,0.16,e0010
10.2,11.b,Not retained,0.0451984614705568,8.0,False,1.0,1.36144839,0.0,0.0,False,1.0,0.0,True,False,NSF only,0.0225992307352784,8.0,0.0225992307352784,#7890A3,#CBD2D8,0.16,e0011
10.2,12.2,Not retained,0.0064271812091132,1.0,False,1.0,-1.48341315,0.0,0.0,False,1.0,0.0,True,False,NSF only,0.0032135906045566,1.0,0.0032135906045566,#7890A3,#CBD2D8,0.16,e0012
10.2,12.4,Not retained,0.0177767048677491,3.0,False,1.0,-0.74827328,0.0,0.0,False,1.0,0.0,True,False,NSF only,0.00888835243387455,3.0,0.00888835243387455,#7890A3,#CBD2D8,0.16,e0013
10.2,12.5,Not retained,0.0144844741249227,3.0,False,1.0,-1.5373034,0.0,0.0,False,1.0,0.0,True,False,NSF only,0.00724223706246135,3.0,0.00724223706246135,#7890A3,#CBD2D8,0.16,e0014
10.2,12.8,Not retained,0.0305995030681052,1.0,False,1.0,1.96033269,0.0,0.0,False,1.0,0.0,True,False,NSF only,0.0152997515340526,1.0,0.0152997515340526,#7890A3,#CBD2D8,0.16,e0015
10.2,13.1,Not retained,0.0411743618435403,23.0,False,1.0,-4.63443161,0.0040755603312697,1.0,False,1.0,-3.24848744,True,True,Shared nonzero,0.022624961087405,24.0,0.022624961087405,#746A82,#CBD2D8,0.16,e0016
10.2,13.2,Not retained,0.0518461910404405,10.0,False,1.0,1.69055237,0.0,0.0,False,1.0,0.0,True,False,NSF only,0.02592309552022025,10.0,0.02592309552022025,#7890A3,#CBD2D8,0.16,e0017
10.2,13.3,Not retained,0.0167600380788497,3.0,False,1.0,-0.98815865,0.0,0.0,False,1.0,0.0,True,False,NSF only,0.00838001903942485,3.0,0.00838001903942485,#7890A3,#CBD2D8,0.16,e0018
10.2,15.1,Not retained,0.0096764124964522,2.0,False,1.0,-1.91740202,0.0,0.0,False,1.0,0.0,True,False,NSF only,0.0048382062482261,2.0,0.0048382062482261,#7890A3,#CBD2D8,0.16,e0019
10.2,15.2,Not retained,0.0377728466446715,4.0,False,1.0,1.69475227,0.0,0.0,False,1.0,0.0,True,False,NSF only,0.01888642332233575,4.0,0.01888642332233575,#7890A3,#CBD2D8,0.16,e0020
10.2,15.3,Not retained,0.0,0.0,False,1.0,0.0,0.007211809342878,1.0,False,1.0,-1.3571762,False,True,NSFC only,0.003605904671439,1.0,0.003605904671439,#B78484,#CBD2D8,0.16,e0021
10.2,15.4,Not retained,0.0,0.0,False,1.0,0.0,0.0097870036585783,1.0,False,1.0,-0.65658846,False,True,NSFC only,0.00489350182928915,1.0,0.00489350182928915,#B78484,#CBD2D8,0.16,e0022
10.2,15.5,Not retained,0.0130918266328955,3.0,False,1.0,-1.94720919,0.0,0.0,False,1.0,0.0,True,False,NSF only,0.00654591331644775,3.0,0.00654591331644775,#7890A3,#CBD2D8,0.16,e0023
10.2,15.a,Not retained,0.052999894000318,1.0,False,1.0,4.07112908,0.0,0.0,False,1.0,0.0,True,False,NSF only,0.026499947000159,1.0,0.026499947000159,#7890A3,#CBD2D8,0.16,e0024
10.2,16.6,Not retained,0.0624609740829884,5.0,False,0.26800733,3.93575323,0.0189524510894725,1.0,False,1.0,0.71764671,True,True,Shared nonzero,0.04070671258623045,6.0,0.04070671258623045,#746A82,#CBD2D8,0.16,e0025
10.2,16.7,NSF-specific,0.1333801415964335,19.0,True,8e-08,8.77484971,0.0,0.0,False,1.0,0.0,True,False,NSF only,0.06669007079821675,19.0,0.06669007079821675,#7890A3,#003366,0.88,e0026
10.2,16.9,Not retained,0.0749531688995861,1.0,False,1.0,5.77589168,0.0,0.0,False,1.0,0.0,True,False,NSF only,0.03747658444979305,1.0,0.03747658444979305,#7890A3,#CBD2D8,0.16,e0027
10.2,17.16,Not retained,0.0105999788000636,1.0,False,1.0,-0.36168275,0.0,0.0,False,1.0,0.0,True,False,NSF only,0.0052999894000318,1.0,0.0052999894000318,#7890A3,#CBD2D8,0.16,e0028
10.2,17.17,Not retained,0.0468457305622413,5.0,False,1.0,2.33491967,0.0,0.0,False,1.0,0.0,True,False,NSF only,0.02342286528112065,5.0,0.02342286528112065,#7890A3,#CBD2D8,0.16,e0029
10.2,17.19,Not retained,0.0749531688995861,1.0,False,1.0,5.94643591,0.0,0.0,False,1.0,0.0,True,False,NSF only,0.03747658444979305,1.0,0.03747658444979305,#7890A3,#CBD2D8,0.16,e0030
10.3,10.4,Not retained,0.0,0.0,False,1.0,0.0,0.0541530361073882,1.0,False,1.0,3.78388198,False,True,NSFC only,0.0270765180536941,1.0,0.0270765180536941,#B78484,#CBD2D8,0.16,e0031
10.3,11.1,Not retained,0.020685720094603,1.0,False,1.0,1.05990967,0.1695258178937689,7.0,False,3.75e-06,12.13505494,True,True,Shared nonzero,0.09510576899418595,8.0,0.09510576899418595,#746A82,#CBD2D8,0.16,e0032
10.3,11.2,Not retained,0.0092672078050265,1.0,False,1.0,-0.66481935,0.0,0.0,False,1.0,0.0,True,False,NSF only,0.00463360390251325,1.0,0.00463360390251325,#7890A3,#CBD2D8,0.16,e0033
10.3,11.3,Other stable,0.0236790046692219,2.0,False,1.0,0.82352465,0.0948949040991213,15.0,True,0.00124639,5.39301986,True,True,Shared nonzero,0.0592869543841716,17.0,0.0592869543841716,#746A82,#C57F7F,0.62,e0034
10.3,11.5,Not retained,0.0223379067184866,5.0,False,1.0,-1.20628783,0.0,0.0,False,1.0,0.0,True,False,NSF only,0.0111689533592433,5.0,0.0111689533592433,#7890A3,#CBD2D8,0.16,e0035
10.3,11.6,Not retained,0.0274181343800666,3.0,False,1.0,0.77226133,0.0077005137954212,1.0,False,1.0,-1.25879088,True,True,Shared nonzero,0.0175593240877439,4.0,0.0175593240877439,#746A82,#CBD2D8,0.16,e0036
10.3,11.7,Not retained,0.0390434404721515,1.0,False,1.0,2.73523037,0.0,0.0,False,1.0,0.0,True,False,NSF only,0.01952172023607575,1.0,0.01952172023607575,#7890A3,#CBD2D8,0.16,e0037
10.3,11.a,Not retained,0.0,0.0,False,1.0,0.0,0.0803219328902498,5.0,False,0.07550216,5.17226411,False,True,NSFC only,0.0401609664451249,5.0,0.0401609664451249,#B78484,#CBD2D8,0.16,e0038
10.3,11.b,Not retained,0.0235440804674005,2.0,False,1.0,0.78909804,0.0,0.0,False,1.0,0.0,True,False,NSF only,0.01177204023370025,2.0,0.01177204023370025,#7890A3,#CBD2D8,0.16,e0039
10.3,12.4,Not retained,0.0,0.0,False,1.0,0.0,0.015125495013558,1.0,False,1.0,0.24069072,False,True,NSFC only,0.007562747506779,1.0,0.007562747506779,#B78484,#CBD2D8,0.16,e0040
10.3,13.1,Not retained,0.0111902133898922,3.0,False,1.0,-3.00055244,0.0,0.0,False,1.0,0.0,True,False,NSF only,0.0055951066949461,3.0,0.0055951066949461,#7890A3,#CBD2D8,0.16,e0041
10.3,13.2,Not retained,0.0108027649974725,1.0,False,1.0,-0.32171834,0.0,0.0,False,1.0,0.0,True,False,NSF only,0.00540138249873625,1.0,0.00540138249873625,#7890A3,#CBD2D8,0.16,e0042
10.3,13.3,Not retained,0.0116405049294929,1.0,False,1.0,-0.18546985,0.0,0.0,False,1.0,0.0,True,False,NSF only,0.00582025246474645,1.0,0.00582025246474645,#7890A3,#CBD2D8,0.16,e0043
10.3,15.1,Not retained,0.0100809729818188,1.0,False,1.0,-0.46173076,0.0,0.0,False,1.0,0.0,True,False,NSF only,0.0050404864909094,1.0,0.0050404864909094,#7890A3,#CBD2D8,0.16,e0044
10.3,15.2,Not retained,0.039352089073397,2.0,False,1.0,2.44983185,0.0,0.0,False,1.0,0.0,True,False,NSF only,0.0196760445366985,2.0,0.0196760445366985,#7890A3,#CBD2D8,0.16,e0045
10.3,16.3,Not retained,0.1104315260748465,1.0,False,0.88520349,8.54791008,0.0,0.0,False,1.0,0.0,True,False,NSF only,0.05521576303742325,1.0,0.05521576303742325,#7890A3,#CBD2D8,0.16,e0046
10.3,16.6,Not retained,0.078086880944303,3.0,False,0.15481854,5.72885125,0.0,0.0,False,1.0,0.0,True,False,NSF only,0.0390434404721515,3.0,0.0390434404721515,#7890A3,#CBD2D8,0.16,e0047
10.3,16.7,Not retained,0.1023890906683444,7.0,False,0.00124109,7.2096023,0.0,0.0,False,1.0,0.0,True,False,NSF only,0.0511945453341722,7.0,0.0511945453341722,#7890A3,#CBD2D8,0.16,e0048
10.4,11.1,Not retained,0.0,0.0,False,1.0,0.0,0.040655781409087,1.0,False,1.0,2.76511965,False,True,NSFC only,0.0203278907045435,1.0,0.0203278907045435,#B78484,#CBD2D8,0.16,e0049
10.4,11.3,Not retained,0.0,0.0,False,1.0,0.0,0.021240568294759,2.0,False,1.0,0.33823849,False,True,NSFC only,0.0106202841473795,2.0,0.0106202841473795,#B78484,#CBD2D8,0.16,e0050
10.4,11.6,Not retained,0.0,0.0,False,1.0,0.0,0.0129271922498754,1.0,False,1.0,-0.07285718,False,True,NSFC only,0.0064635961249377,1.0,0.0064635961249377,#B78484,#CBD2D8,0.16,e0051
10.4,12.5,Not retained,0.0,0.0,False,1.0,0.0,0.027874733666903,1.0,False,1.0,1.61681427,False,True,NSFC only,0.0139373668334515,1.0,0.0139373668334515,#B78484,#CBD2D8,0.16,e0052
10.4,13.2,Not retained,0.0489115988044518,1.0,False,1.0,3.6618241,0.0472807513538459,3.0,False,1.0,2.74059392,True,True,Shared nonzero,0.048096175079148845,4.0,0.048096175079148845,#746A82,#CBD2D8,0.16,e0053
10.4,15.1,Not retained,0.0,0.0,False,1.0,0.0,0.0127639930177913,1.0,False,1.0,-0.09250329,False,True,NSFC only,0.00638199650889565,1.0,0.00638199650889565,#B78484,#CBD2D8,0.16,e0054
10.4,15.2,Not retained,0.0,0.0,False,1.0,0.0,0.0307728727448331,1.0,False,1.0,1.9019091,False,True,NSFC only,0.01538643637241655,1.0,0.01538643637241655,#B78484,#CBD2D8,0.16,e0055
10.4,15.9,Not retained,0.0,0.0,False,1.0,0.0,0.0254823595718812,1.0,False,1.0,1.41638771,False,True,NSFC only,0.0127411797859406,1.0,0.0127411797859406,#B78484,#CBD2D8,0.16,e0056
10.7,11.3,Not retained,0.0286534127530626,1.0,False,1.0,1.85761316,0.0176117488419086,1.0,False,1.0,0.62004453,True,True,Shared nonzero,0.023132580797485598,2.0,0.023132580797485598,#746A82,#CBD2D8,0.16,e0057
10.7,11.5,Not retained,0.0108122325272591,1.0,False,1.0,-0.36359206,0.0,0.0,False,1.0,0.0,True,False,NSF only,0.00540611626362955,1.0,0.00540611626362955,#7890A3,#CBD2D8,0.16,e0058
10.7,11.6,Not retained,0.0,0.0,False,1.0,0.0,0.0214373231428136,1.0,False,1.0,1.01029376,False,True,NSFC only,0.0107186615714068,1.0,0.0107186615714068,#B78484,#CBD2D8,0.16,e0059
10.7,13.1,Not retained,0.0270820338552656,3.0,False,1.0,0.85196574,0.0,0.0,False,1.0,0.0,True,False,NSF only,0.0135410169276328,3.0,0.0135410169276328,#7890A3,#CBD2D8,0.16,e0060
11.1,11.2,Not retained,0.0078596535352453,1.0,False,1.0,-1.02327247,0.0303413643225353,4.0,False,1.0,0.50491146,True,True,Shared nonzero,0.0191005089288903,5.0,0.0191005089288903,#746A82,#CBD2D8,0.16,e0061
11.1,11.3,Other stable,0.080330031083837,8.0,False,0.02152116,5.16597355,0.1424860637634238,30.0,True,0.0,8.46119683,True,True,Shared nonzero,0.11140804742363039,38.0,0.11140804742363039,#746A82,#C57F7F,0.62,e0062
11.1,11.4,Not retained,0.0,0.0,False,1.0,0.0,0.0305352408276229,2.0,False,1.0,1.41659154,False,True,NSFC only,0.01526762041381145,2.0,0.01526762041381145,#B78484,#CBD2D8,0.16,e0063
11.1,11.5,Not retained,0.0530462887387905,14.0,False,1.0,0.93692881,0.0056134615038445,1.0,False,1.0,-2.10246944,True,True,Shared nonzero,0.0293298751213175,15.0,0.0293298751213175,#746A82,#CBD2D8,0.16,e0064
11.1,11.6,Not retained,0.0077512393284643,1.0,False,1.0,-1.05976784,0.0,0.0,False,1.0,0.0,True,False,NSF only,0.00387561966423215,1.0,0.00387561966423215,#7890A3,#CBD2D8,0.16,e0065
11.1,11.7,Not retained,0.0,0.0,False,1.0,0.0,0.0396664414010958,3.0,False,1.0,1.94986306,False,True,NSFC only,0.0198332207005479,3.0,0.0198332207005479,#B78484,#CBD2D8,0.16,e0066
11.1,11.a,Not retained,0.0,0.0,False,1.0,0.0,0.0120604537831105,1.0,False,1.0,-0.21128874,False,True,NSFC only,0.00603022689155525,1.0,0.00603022689155525,#B78484,#CBD2D8,0.16,e0067
11.1,11.b,Not retained,0.0099840382978858,1.0,False,1.0,-0.49198133,0.0,0.0,False,1.0,0.0,True,False,NSF only,0.0049920191489429,1.0,0.0049920191489429,#7890A3,#CBD2D8,0.16,e0068
11.1,12.5,Not retained,0.0,0.0,False,1.0,0.0,0.0124659598667794,1.0,False,1.0,-0.16664936,False,True,NSFC only,0.0062329799333897,1.0,0.0062329799333897,#B78484,#CBD2D8,0.16,e0069
11.1,13.1,Not retained,0.0221446925029628,7.0,False,1.0,-2.69522062,0.0,0.0,False,1.0,0.0,True,False,NSF only,0.0110723462514814,7.0,0.0110723462514814,#7890A3,#CBD2D8,0.16,e0070
11.1,13.2,Not retained,0.0091619818924051,1.0,False,1.0,-0.69265527,0.0,0.0,False,1.0,0.0,True,False,NSF only,0.00458099094620255,1.0,0.00458099094620255,#7890A3,#CBD2D8,0.16,e0071
11.1,15.2,Not retained,0.0166875391440586,1.0,False,1.0,0.56790228,0.0,0.0,False,1.0,0.0,True,False,NSF only,0.0083437695720293,1.0,0.0083437695720293,#7890A3,#CBD2D8,0.16,e0072
11.1,16.6,Not retained,0.0,0.0,False,1.0,0.0,0.0476731294622796,2.0,False,1.0,3.00836568,False,True,NSFC only,0.0238365647311398,2.0,0.0238365647311398,#B78484,#CBD2D8,0.16,e0073
11.1,16.7,Not retained,0.0,0.0,False,1.0,0.0,0.0301511344577763,1.0,False,1.0,1.80508447,False,True,NSFC only,0.01507556722888815,1.0,0.01507556722888815,#B78484,#CBD2D8,0.16,e0074
11.2,11.3,Not retained,0.0809727167908878,18.0,False,0.09568066,3.69186367,0.0832220152519533,42.0,False,1.0,-0.63974961,True,True,Shared nonzero,0.08209736602142055,60.0,0.08209736602142055,#746A82,#CBD2D8,0.16,e0075
11.2,11.5,Not retained,0.0101848931556841,6.0,False,1.0,-7.70298519,0.009367604432927,4.0,False,1.0,-5.39802529,True,True,Shared nonzero,0.00977624879430555,10.0,0.00977624879430555,#746A82,#CBD2D8,0.16,e0076
11.2,11.6,Not retained,0.0590334718671922,17.0,False,1.0,1.03768602,0.0265307601858431,11.0,False,1.0,-3.9119655,True,True,Shared nonzero,0.042782116026517644,28.0,0.042782116026517644,#746A82,#CBD2D8,0.16,e0077
11.2,11.7,Not retained,0.0,0.0,False,1.0,0.0,0.0220647890820343,4.0,False,1.0,-0.82732205,False,True,NSFC only,0.01103239454101715,4.0,0.01103239454101715,#B78484,#CBD2D8,0.16,e0078
11.2,11.a,Not retained,0.0114198118304588,1.0,False,1.0,-0.22071005,0.0201261842170651,4.0,False,1.0,-1.22176782,True,True,Shared nonzero,0.01577299802376195,5.0,0.01577299802376195,#746A82,#CBD2D8,0.16,e0079
11.2,11.b,Not retained,0.0044728516685282,1.0,False,1.0,-2.60083441,0.0,0.0,False,1.0,0.0,True,False,NSF only,0.0022364258342641,1.0,0.0022364258342641,#7890A3,#CBD2D8,0.16,e0080
11.2,13.1,Not retained,0.0099208278109164,7.0,False,1.0,-9.90606472,0.0042769424563247,2.0,False,1.0,-6.58152782,True,True,Shared nonzero,0.00709888513362055,9.0,0.00709888513362055,#746A82,#CBD2D8,0.16,e0081
11.2,13.2,Not retained,0.0246274211527095,6.0,False,1.0,-1.20576454,0.0294046433362775,10.0,False,1.0,-2.52750008,True,True,Shared nonzero,0.0270160322444935,16.0,0.0270160322444935,#746A82,#CBD2D8,0.16,e0082
11.2,17.17,Not retained,0.0074173853637115,1.0,False,1.0,-1.16989955,0.0281271975231506,1.0,False,1.0,1.66732299,True,True,Shared nonzero,0.017772291443431048,2.0,0.017772291443431048,#746A82,#CBD2D8,0.16,e0083
11.3,11.4,Other stable,0.018386578283823,1.0,False,1.0,0.76613338,0.115659996719932,29.0,True,0.00011482,5.7638755,True,True,Shared nonzero,0.0670232875018775,30.0,0.0670232875018775,#746A82,#C57F7F,0.62,e0084
11.3,11.5,Not retained,0.0195178637672957,9.0,False,1.0,-4.91755963,0.0146637339524557,10.0,False,1.0,-9.16045769,True,True,Shared nonzero,0.0170907988598757,19.0,0.0170907988598757,#746A82,#CBD2D8,0.16,e0085
11.3,11.6,Not retained,0.0354914658830468,8.0,False,1.0,-0.06971638,0.0422854601158157,28.0,False,1.0,-6.5203135,True,True,Shared nonzero,0.03888846299943125,36.0,0.03888846299943125,#746A82,#CBD2D8,0.16,e0086
11.3,11.7,Other stable,0.0758098043578903,4.0,False,0.08902329,5.3740373,0.113980287824684,33.0,True,0.00100677,4.9553154,True,True,Shared nonzero,0.09489504609128716,37.0,0.09489504609128716,#746A82,#C57F7F,0.62,e0087
11.3,11.a,Other stable,0.1167168292086422,8.0,False,7.722e-05,8.42479065,0.1984805807703314,63.0,True,0.0,11.56012464,True,True,Shared nonzero,0.1575987049894868,71.0,0.1575987049894868,#746A82,#C57F7F,0.62,e0088
11.3,11.b,NSF-specific,0.0800013061544365,14.0,True,0.04450872,4.205328,0.0372770460708961,14.0,False,1.0,-2.50161306,True,True,Shared nonzero,0.0586391761126663,28.0,0.0586391761126663,#746A82,#003366,0.88,e0089
11.3,12.2,Not retained,0.0520050967492343,8.0,False,1.0,2.23690622,0.0657267796777173,17.0,False,1.0,1.53584172,True,True,Shared nonzero,0.0588659382134758,25.0,0.0588659382134758,#746A82,#CBD2D8,0.16,e0090
11.3,12.4,Not retained,0.0,0.0,False,1.0,0.0,0.0029663536241108,1.0,False,1.0,-4.74525143,False,True,NSFC only,0.0014831768120554,1.0,0.0014831768120554,#B78484,#CBD2D8,0.16,e0091
11.3,12.5,Not retained,0.0048833387823285,1.0,False,1.0,-2.29442715,0.0065128270256507,2.0,False,1.0,-3.99914663,True,True,Shared nonzero,0.0056980829039896,3.0,0.0056980829039896,#746A82,#CBD2D8,0.16,e0092
11.3,13.1,Not retained,0.0344023427782988,19.0,False,1.0,-5.20360476,0.0080339788160647,6.0,False,1.0,-10.95254498,True,True,Shared nonzero,0.02121816079718175,25.0,0.02121816079718175,#746A82,#CBD2D8,0.16,e0093
11.3,13.2,Not retained,0.015731621453163,3.0,False,1.0,-1.21253932,0.0368232343658257,20.0,False,1.0,-5.17470313,True,True,Shared nonzero,0.02627742790949435,23.0,0.02627742790949435,#746A82,#CBD2D8,0.16,e0094
11.3,13.3,Not retained,0.0226021167873603,4.0,False,1.0,-0.4643935,0.0,0.0,False,1.0,0.0,True,False,NSF only,0.01130105839368015,4.0,0.01130105839368015,#7890A3,#CBD2D8,0.16,e0095
11.3,15.1,Not retained,0.0195740073171567,4.0,False,1.0,-1.088946,0.0462250163521024,31.0,False,1.0,-6.34518116,True,True,Shared nonzero,0.03289951183462955,35.0,0.03289951183462955,#746A82,#CBD2D8,0.16,e0096
11.3,15.3,Not retained,0.0,0.0,False,1.0,0.0,0.0189551108810368,8.0,False,1.0,-4.70326178,False,True,NSFC only,0.0094775554405184,8.0,0.0094775554405184,#B78484,#CBD2D8,0.16,e0097
11.3,15.5,Not retained,0.0044138174556117,1.0,False,1.0,-2.64443507,0.0130071385422244,6.0,False,1.0,-5.79093551,True,True,Shared nonzero,0.00871047799891805,7.0,0.00871047799891805,#746A82,#CBD2D8,0.16,e0098
11.3,15.9,NSFC-specific,0.0,0.0,False,1.0,0.0,0.1458695157761015,49.0,True,2.3e-07,7.04038374,False,True,NSFC only,0.07293475788805075,49.0,0.07293475788805075,#B78484,#8B0000,0.88,e0099
11.3,16.1,Not retained,0.0,0.0,False,1.0,0.0,0.0249067740693358,1.0,False,1.0,1.44979014,False,True,NSFC only,0.0124533870346679,1.0,0.0124533870346679,#B78484,#CBD2D8,0.16,e0100
11.3,16.6,Not retained,0.0631748369649086,5.0,False,0.25121064,4.08278765,0.0498135481386717,8.0,False,1.0,1.66385211,True,True,Shared nonzero,0.05649419255179015,13.0,0.05649419255179015,#746A82,#CBD2D8,0.16,e0101
11.3,16.7,Other stable,0.0497016709982689,7.0,False,1.0,2.18684945,0.0787621352263219,10.0,True,0.02780178,4.49031625,True,True,Shared nonzero,0.0642319031122954,17.0,0.0642319031122954,#746A82,#C57F7F,0.62,e0102
11.3,17.14,Not retained,0.0268028133709448,1.0,False,1.0,1.61600869,0.0106202841473795,1.0,False,1.0,-0.50648931,True,True,Shared nonzero,0.01871154875916215,2.0,0.01871154875916215,#746A82,#CBD2D8,0.16,e0103
11.3,17.16,Not retained,0.0536056267418897,5.0,False,0.84796701,3.06457508,0.0,0.0,False,1.0,0.0,True,False,NSF only,0.02680281337094485,5.0,0.02680281337094485,#7890A3,#CBD2D8,0.16,e0104
11.3,17.17,NSF-specific,0.1326671576263081,14.0,True,3.3e-07,9.38825789,0.0,0.0,False,1.0,0.0,True,False,NSF only,0.06633357881315405,14.0,0.06633357881315405,#7890A3,#003366,0.88,e0105
11.3,17.6,Not retained,0.0452042335747206,4.0,False,1.0,2.50600545,0.0,0.0,False,1.0,0.0,True,False,NSF only,0.0226021167873603,4.0,0.0226021167873603,#7890A3,#CBD2D8,0.16,e0106
11.4,11.5,Not retained,0.0138761802301612,2.0,False,1.0,-0.8268642,0.0094274619393065,2.0,False,1.0,-2.28981237,True,True,Shared nonzero,0.01165182108473385,4.0,0.01165182108473385,#746A82,#CBD2D8,0.16,e0107
11.4,11.6,Not retained,0.0,0.0,False,1.0,0.0,0.0097091954672577,2.0,False,1.0,-2.16163681,False,True,NSFC only,0.00485459773362885,2.0,0.00485459773362885,#B78484,#CBD2D8,0.16,e0108
11.4,11.7,Not retained,0.0,0.0,False,1.0,0.0,0.0222057795842163,2.0,False,1.0,0.45636062,False,True,NSFC only,0.01110288979210815,2.0,0.01110288979210815,#B78484,#CBD2D8,0.16,e0109
11.4,11.b,Not retained,0.0,0.0,False,1.0,0.0,0.0085592098502182,1.0,False,1.0,-0.95367677,False,True,NSFC only,0.0042796049251091,1.0,0.0042796049251091,#B78484,#CBD2D8,0.16,e0110
11.4,12.4,Not retained,0.0191741247211842,1.0,False,1.0,0.84016763,0.0,0.0,False,1.0,0.0,True,False,NSF only,0.0095870623605921,1.0,0.0095870623605921,#7890A3,#CBD2D8,0.16,e0111
11.4,12.5,Not retained,0.0156230930005421,1.0,False,1.0,0.43541967,0.0104679048836887,1.0,False,1.0,-0.50164985,True,True,Shared nonzero,0.0130454989421154,2.0,0.0130454989421154,#746A82,#CBD2D8,0.16,e0112
11.4,12.b,Not retained,0.0,0.0,False,1.0,0.0,0.0462250163521024,1.0,False,1.0,3.24789799,False,True,NSFC only,0.0231125081760512,1.0,0.0231125081760512,#B78484,#CBD2D8,0.16,e0113
11.4,13.1,Not retained,0.0231709890828165,4.0,False,1.0,-0.44904186,0.0,0.0,False,1.0,0.0,True,False,NSF only,0.01158549454140825,4.0,0.01158549454140825,#7890A3,#CBD2D8,0.16,e0114
11.4,15.1,Not retained,0.0313112145542574,2.0,False,1.0,1.71272216,0.0143799327135762,3.0,False,1.0,-1.82419677,True,True,Shared nonzero,0.022845573633916802,5.0,0.022845573633916802,#746A82,#CBD2D8,0.16,e0115
11.4,15.2,Not retained,0.030556616567607,1.0,False,1.0,1.96412835,0.0,0.0,False,1.0,0.0,True,False,NSF only,0.0152783082838035,1.0,0.0152783082838035,#7890A3,#CBD2D8,0.16,e0116
11.4,16.7,Not retained,0.0227155425212127,1.0,False,1.0,1.26146745,0.0,0.0,False,1.0,0.0,True,False,NSF only,0.01135777126060635,1.0,0.01135777126060635,#7890A3,#CBD2D8,0.16,e0117
11.5,11.6,Not retained,0.008370337618417,5.0,False,1.0,-7.87630041,0.0107093692752765,6.0,False,1.0,-7.50155468,True,True,Shared nonzero,0.00953985344684675,11.0,0.00953985344684675,#746A82,#CBD2D8,0.16,e0118
11.5,11.7,Not retained,0.0071516195961327,1.0,False,1.0,-1.34618805,0.0122466322989755,3.0,False,1.0,-2.54520359,True,True,Shared nonzero,0.0096991259475541,4.0,0.0096991259475541,#746A82,#CBD2D8,0.16,e0119
11.5,11.a,Not retained,0.0055053193319587,1.0,False,1.0,-2.1030857,0.0,0.0,False,1.0,0.0,True,False,NSF only,0.00275265966597935,1.0,0.00275265966597935,#7890A3,#CBD2D8,0.16,e0120
11.5,11.b,Shared,0.2091605607128519,97.0,True,0.0,11.97085751,0.232876030019755,74.0,True,0.0,13.92203877,True,True,Shared nonzero,0.22101829536630346,171.0,0.22101829536630346,#746A82,#8B0000,0.88,e0121
11.5,12.2,Not retained,0.0024529852844284,1.0,False,1.0,-5.60472278,0.0045695459333003,1.0,False,1.0,-2.73766131,True,True,Shared nonzero,0.00351126560886435,2.0,0.00351126560886435,#746A82,#CBD2D8,0.16,e0122
11.5,12.4,Not retained,0.0,0.0,False,1.0,0.0,0.0035059243204409,1.0,False,1.0,-3.8308505,False,True,NSFC only,0.00175296216022045,1.0,0.00175296216022045,#B78484,#CBD2D8,0.16,e0123
11.5,12.5,Not retained,0.0055281157828163,3.0,False,1.0,-7.37808243,0.0,0.0,False,1.0,0.0,True,False,NSF only,0.00276405789140815,3.0,0.00276405789140815,#7890A3,#CBD2D8,0.16,e0124
11.5,13.1,Shared,0.3709994523978188,543.0,True,0.0,14.05304643,0.2231403751281961,141.0,True,0.0,9.18722711,True,True,Shared nonzero,0.29706991376300745,684.0,0.29706991376300745,#746A82,#003366,0.88,e0125
11.5,13.2,Not retained,0.0098937574294262,5.0,False,1.0,-6.37434137,0.0043521268627957,2.0,False,1.0,-6.36689739,True,True,Shared nonzero,0.00712294214611095,7.0,0.00712294214611095,#746A82,#CBD2D8,0.16,e0126
11.5,13.3,Not retained,0.025586412105876,12.0,False,1.0,-4.50778283,0.0077305980788233,1.0,False,1.0,-1.23268859,True,True,Shared nonzero,0.01665850509234965,13.0,0.01665850509234965,#746A82,#CBD2D8,0.16,e0127
11.5,15.1,Not retained,0.0147723219169242,8.0,False,1.0,-6.45897036,0.0070494459540455,4.0,False,1.0,-7.91334493,True,True,Shared nonzero,0.010910883935484849,12.0,0.010910883935484849,#746A82,#CBD2D8,0.16,e0128
11.5,15.2,Not retained,0.0,0.0,False,1.0,0.0,0.0042488996774568,1.0,False,1.0,-3.03738974,False,True,NSFC only,0.0021244498387284,1.0,0.0021244498387284,#B78484,#CBD2D8,0.16,e0129
11.5,15.3,Not retained,0.0,0.0,False,1.0,0.0,0.0028003734827131,1.0,False,1.0,-4.93179205,False,True,NSFC only,0.00140018674135655,1.0,0.00140018674135655,#B78484,#CBD2D8,0.16,e0130
11.5,15.5,Not retained,0.0099932013839116,6.0,False,1.0,-7.77939171,0.002562182909452,1.0,False,1.0,-5.48665057,True,True,Shared nonzero,0.0062776921466818,7.0,0.0062776921466818,#746A82,#CBD2D8,0.16,e0131
11.5,15.9,Not retained,0.0,0.0,False,1.0,0.0,0.0035184231990165,1.0,False,1.0,-3.86270715,False,True,NSFC only,0.00175921159950825,1.0,0.00175921159950825,#B78484,#CBD2D8,0.16,e0132
11.5,16.1,Not retained,0.0143032391922655,1.0,False,1.0,0.25908818,0.0,0.0,False,1.0,0.0,True,False,NSF only,0.00715161959613275,1.0,0.00715161959613275,#7890A3,#CBD2D8,0.16,e0133
11.5,16.3,Not retained,0.0202278348515683,1.0,False,1.0,1.10141649,0.0,0.0,False,1.0,0.0,True,False,NSF only,0.01011391742578415,1.0,0.01011391742578415,#7890A3,#CBD2D8,0.16,e0134
11.5,16.6,Not retained,0.0143032391922655,3.0,False,1.0,-1.70737727,0.0220779303528548,3.0,False,1.0,-0.19459736,True,True,Shared nonzero,0.01819058477256015,6.0,0.01819058477256015,#746A82,#CBD2D8,0.16,e0135
11.5,16.7,Not retained,0.0187546952419892,7.0,False,1.0,-3.66651175,0.0,0.0,False,1.0,0.0,True,False,NSF only,0.0093773476209946,7.0,0.0093773476209946,#7890A3,#CBD2D8,0.16,e0136
11.5,16.a,Not retained,0.0,0.0,False,1.0,0.0,0.0416305447121813,1.0,False,1.0,2.91630809,False,True,NSFC only,0.02081527235609065,1.0,0.02081527235609065,#B78484,#CBD2D8,0.16,e0137
11.5,17.16,Not retained,0.0040455669703136,1.0,False,1.0,-3.17801509,0.0,0.0,False,1.0,0.0,True,False,NSF only,0.0020227834851568,1.0,0.0020227834851568,#7890A3,#CBD2D8,0.16,e0138
11.5,17.17,Not retained,0.0071516195961327,2.0,False,1.0,-3.34890358,0.0,0.0,False,1.0,0.0,True,False,NSF only,0.00357580979806635,2.0,0.00357580979806635,#7890A3,#CBD2D8,0.16,e0139
11.5,17.18,Not retained,0.0101139174257841,1.0,False,1.0,-0.49953995,0.0,0.0,False,1.0,0.0,True,False,NSF only,0.00505695871289205,1.0,0.00505695871289205,#7890A3,#CBD2D8,0.16,e0140
11.5,17.6,Not retained,0.004264402017646,1.0,False,1.0,-2.95561822,0.0,0.0,False,1.0,0.0,True,False,NSF only,0.002132201008823,1.0,0.002132201008823,#7890A3,#CBD2D8,0.16,e0141
11.6,11.7,Not retained,0.0438904301985489,3.0,False,1.0,2.62815284,0.0,0.0,False,1.0,0.0,True,False,NSF only,0.02194521509927445,3.0,0.02194521509927445,#7890A3,#CBD2D8,0.16,e0142
11.6,11.a,Not retained,0.0,0.0,False,1.0,0.0,0.0076696498884737,2.0,False,1.0,-3.10789985,False,True,NSFC only,0.00383482494423685,2.0,0.00383482494423685,#B78484,#CBD2D8,0.16,e0143
11.6,11.b,Not retained,0.0132334626232609,3.0,False,1.0,-1.91007992,0.0194461117065649,6.0,False,1.0,-2.87003224,True,True,Shared nonzero,0.016339787164912897,9.0,0.016339787164912897,#746A82,#CBD2D8,0.16,e0144
11.6,12.2,Not retained,0.0301085867213887,6.0,False,1.0,-0.15640363,0.0329427267530311,7.0,False,1.0,-0.43092709,True,True,Shared nonzero,0.0315256567372099,13.0,0.0315256567372099,#746A82,#CBD2D8,0.16,e0145
11.6,12.4,NSFC-specific,0.0462645756373503,10.0,False,1.0,0.9348403,0.1227636834972607,34.0,True,9.598e-05,5.7487,True,True,Shared nonzero,0.0845141295673055,44.0,0.0845141295673055,#746A82,#8B0000,0.88,e0146
11.6,12.5,NSFC-specific,0.0678535474751482,18.0,False,1.0,2.0673257,0.1268403984411984,32.0,True,1.002e-05,6.43616564,True,True,Shared nonzero,0.0973469729581733,50.0,0.0973469729581733,#746A82,#8B0000,0.88,e0147
11.6,12.8,Not retained,0.0716727723851244,3.0,False,0.17035427,5.0711931,0.0110701860692511,1.0,False,1.0,-0.41451449,True,True,Shared nonzero,0.04137147922718775,4.0,0.04137147922718775,#746A82,#CBD2D8,0.16,e0148
11.6,13.1,Not retained,0.022363388005499,16.0,False,1.0,-8.75717669,0.0211880434677475,13.0,False,1.0,-7.53228616,True,True,Shared nonzero,0.02177571573662325,29.0,0.02177571573662325,#746A82,#CBD2D8,0.16,e0149
11.6,13.2,Not retained,0.0202397635957604,5.0,False,1.0,-1.62720893,0.0963670274827268,43.0,False,1.0,1.28661532,True,True,Shared nonzero,0.0583033955392436,48.0,0.0583033955392436,#746A82,#CBD2D8,0.16,e0150
11.6,13.3,Not retained,0.0043618660215851,1.0,False,1.0,-2.62941468,0.0,0.0,False,1.0,0.0,True,False,NSF only,0.00218093301079255,1.0,0.00218093301079255,#7890A3,#CBD2D8,0.16,e0151
11.6,15.1,Not retained,0.0,0.0,False,1.0,0.0,0.0072601140311505,4.0,False,1.0,-7.60984314,False,True,NSFC only,0.00363005701557525,4.0,0.00363005701557525,#B78484,#CBD2D8,0.16,e0152
11.6,15.3,Not retained,0.0,0.0,False,1.0,0.0,0.0057681216217112,2.0,False,1.0,-4.51918169,False,True,NSFC only,0.0028840608108556,2.0,0.0028840608108556,#B78484,#CBD2D8,0.16,e0153
11.6,15.5,Not retained,0.0,0.0,False,1.0,0.0,0.0105550082730187,4.0,False,1.0,-4.63106065,False,True,NSFC only,0.00527750413650935,4.0,0.00527750413650935,#B78484,#CBD2D8,0.16,e0154
11.6,15.9,Not retained,0.0,0.0,False,1.0,0.0,0.0108707069184834,3.0,False,1.0,-3.05871179,False,True,NSFC only,0.0054353534592417,3.0,0.0054353534592417,#B78484,#CBD2D8,0.16,e0155
11.6,16.6,Not retained,0.0097534289330108,1.0,False,1.0,-0.54472623,0.0303169531295416,4.0,False,1.0,0.49723943,True,True,Shared nonzero,0.0200351910312762,5.0,0.0200351910312762,#746A82,#CBD2D8,0.16,e0156
11.6,16.7,Not retained,0.010961907783514,2.0,False,1.0,-1.47531979,0.0095870623605921,1.0,False,1.0,-0.71637154,True,True,Shared nonzero,0.010274485072053051,3.0,0.010274485072053051,#746A82,#CBD2D8,0.16,e0157
11.6,17.14,Not retained,0.0,0.0,False,1.0,0.0,0.0258543844997509,2.0,False,1.0,0.91957341,False,True,NSFC only,0.01292719224987545,2.0,0.01292719224987545,#B78484,#CBD2D8,0.16,e0158
11.6,17.17,Not retained,0.0,0.0,False,1.0,0.0,0.0214373231428136,1.0,False,1.0,1.03267007,False,True,NSFC only,0.0107186615714068,1.0,0.0107186615714068,#B78484,#CBD2D8,0.16,e0159
11.7,11.a,Not retained,0.0,0.0,False,1.0,0.0,0.0087705801930702,1.0,False,1.0,-0.8864178,False,True,NSFC only,0.0043852900965351,1.0,0.0043852900965351,#B78484,#CBD2D8,0.16,e0160
11.7,11.b,Not retained,0.0188444590361102,1.0,False,1.0,0.84191484,0.014824986333222,2.0,False,1.0,-0.73222532,True,True,Shared nonzero,0.016834722684666098,3.0,0.016834722684666098,#746A82,#CBD2D8,0.16,e0161
11.7,12.2,Not retained,0.0,0.0,False,1.0,0.0,0.0107632712227404,1.0,False,1.0,-0.4412717,False,True,NSFC only,0.0053816356113702,1.0,0.0053816356113702,#B78484,#CBD2D8,0.16,e0162
11.7,12.5,Not retained,0.0,0.0,False,1.0,0.0,0.0090654715536736,1.0,False,1.0,-0.82848285,False,True,NSFC only,0.0045327357768368,1.0,0.0045327357768368,#B78484,#CBD2D8,0.16,e0163
11.7,13.1,Not retained,0.0119420544298107,2.0,False,1.0,-1.43386555,0.0074552168239694,2.0,False,1.0,-3.28251093,True,True,Shared nonzero,0.009698635626890051,4.0,0.009698635626890051,#746A82,#CBD2D8,0.16,e0164
11.7,15.1,Not retained,0.0,0.0,False,1.0,0.0,0.0166045160462239,4.0,False,1.0,-2.12414847,False,True,NSFC only,0.00830225802311195,4.0,0.00830225802311195,#B78484,#CBD2D8,0.16,e0165
11.7,15.3,Not retained,0.0,0.0,False,1.0,0.0,0.006596099428558,1.0,False,1.0,-1.58923904,False,True,NSFC only,0.003298049714279,1.0,0.003298049714279,#B78484,#CBD2D8,0.16,e0166
11.7,15.4,Not retained,0.0,0.0,False,1.0,0.0,0.0089514359254929,1.0,False,1.0,-0.84109352,False,True,NSFC only,0.00447571796274645,1.0,0.00447571796274645,#B78484,#CBD2D8,0.16,e0167
11.7,15.5,Not retained,0.0,0.0,False,1.0,0.0,0.0241402274792633,4.0,False,1.0,-0.43740179,False,True,NSFC only,0.01207011373963165,4.0,0.01207011373963165,#B78484,#CBD2D8,0.16,e0168
11.7,15.9,Not retained,0.0,0.0,False,1.0,0.0,0.0662993544131795,8.0,False,0.4690007,3.44237024,False,True,NSFC only,0.03314967720658975,8.0,0.03314967720658975,#B78484,#CBD2D8,0.16,e0169
11.a,11.b,Not retained,0.0435194139889244,3.0,False,1.0,2.57023472,0.0067612340378281,1.0,False,1.0,-1.52889277,True,True,Shared nonzero,0.02514032401337625,4.0,0.02514032401337625,#746A82,#CBD2D8,0.16,e0170
11.a,12.2,Not retained,0.0,0.0,False,1.0,0.0,0.0196352277469526,2.0,False,1.0,0.09016892,False,True,NSFC only,0.0098176138734763,2.0,0.0098176138734763,#B78484,#CBD2D8,0.16,e0171
11.a,13.1,Not retained,0.0137894966794568,3.0,False,1.0,-1.9788149,0.0,0.0,False,1.0,0.0,True,False,NSF only,0.0068947483397284,3.0,0.0068947483397284,#7890A3,#CBD2D8,0.16,e0172
11.a,13.2,Not retained,0.0266241021276957,2.0,False,1.0,1.12706859,0.0046752458221218,1.0,False,1.0,-2.63979648,True,True,Shared nonzero,0.01564967397490875,3.0,0.01564967397490875,#746A82,#CBD2D8,0.16,e0173
11.a,15.1,Not retained,0.0124225998749988,1.0,False,1.0,-0.0446554,0.0340777100548238,9.0,False,1.0,-1.07201323,True,True,Shared nonzero,0.023250154964911302,10.0,0.023250154964911302,#746A82,#CBD2D8,0.16,e0174
11.a,15.4,Not retained,0.0,0.0,False,1.0,0.0,0.0081649658092772,1.0,False,1.0,-1.06707003,False,True,NSFC only,0.0040824829046386,1.0,0.0040824829046386,#B78484,#CBD2D8,0.16,e0175
11.a,15.9,Not retained,0.0,0.0,False,1.0,0.0,0.0377964473009227,5.0,False,1.0,1.0535514,False,True,NSFC only,0.01889822365046135,5.0,0.01889822365046135,#B78484,#CBD2D8,0.16,e0176
11.a,16.7,Not retained,0.0,0.0,False,1.0,0.0,0.02,1.0,False,1.0,0.82434679,False,True,NSFC only,0.01,1.0,0.01,#B78484,#CBD2D8,0.16,e0177
11.a,17.16,Not retained,0.0272165526975908,1.0,False,1.0,1.70038572,0.0,0.0,False,1.0,0.0,True,False,NSF only,0.0136082763487954,1.0,0.0136082763487954,#7890A3,#CBD2D8,0.16,e0178
11.a,17.17,Not retained,0.1924500897298752,8.0,False,4e-08,14.69048689,0.0,0.0,False,1.0,0.0,True,False,NSF only,0.0962250448649376,8.0,0.0962250448649376,#7890A3,#CBD2D8,0.16,e0179
11.b,12.2,Not retained,0.0323179806246887,5.0,False,1.0,0.64074227,0.0497843888187013,6.0,False,1.0,2.16017054,True,True,Shared nonzero,0.041051184721695,11.0,0.041051184721695,#746A82,#CBD2D8,0.16,e0180
11.b,12.b,Not retained,0.1066003581778052,2.0,False,0.08664011,7.9588763,0.0,0.0,False,1.0,0.0,True,False,NSF only,0.0533001790889026,2.0,0.0533001790889026,#7890A3,#CBD2D8,0.16,e0181
11.b,13.1,Shared,0.1494275928583532,83.0,True,9.65e-06,5.59612441,0.1235652590546868,43.0,True,0.00105326,4.88196952,True,True,Shared nonzero,0.13649642595652,126.0,0.13649642595652,#746A82,#003366,0.88,e0182
11.b,13.2,Not retained,0.0677819213708477,13.0,False,0.46810574,2.98226458,0.0908799896647639,23.0,False,0.1323686,3.51885157,True,True,Shared nonzero,0.0793309555178058,36.0,0.0793309555178058,#746A82,#CBD2D8,0.16,e0183
11.b,13.3,Not retained,0.016854996561581,3.0,False,1.0,-0.97175692,0.0,0.0,False,1.0,0.0,True,False,NSF only,0.0084274982807905,3.0,0.0084274982807905,#7890A3,#CBD2D8,0.16,e0184
11.b,15.3,Not retained,0.0,0.0,False,1.0,0.0,0.0101698567236184,2.0,False,1.0,-1.95971814,False,True,NSFC only,0.0050849283618092,2.0,0.0050849283618092,#B78484,#CBD2D8,0.16,e0185
11.b,15.5,Not retained,0.0,0.0,False,1.0,0.0,0.0046524210519923,1.0,False,1.0,-2.63232586,False,True,NSFC only,0.00232621052599615,1.0,0.00232621052599615,#B78484,#CBD2D8,0.16,e0186
11.b,15.9,Not retained,0.014782809899727,1.0,False,1.0,0.32431752,0.0063887656499994,1.0,False,1.0,-1.66095019,True,True,Shared nonzero,0.0105857877748632,2.0,0.0105857877748632,#746A82,#CBD2D8,0.16,e0187
11.b,16.6,Not retained,0.0376889180722204,3.0,False,1.0,1.98137883,0.0133630620956212,1.0,False,1.0,-0.02068875,True,True,Shared nonzero,0.0255259900839208,4.0,0.0255259900839208,#746A82,#CBD2D8,0.16,e0188
11.b,16.7,Not retained,0.0282391247362452,4.0,False,1.0,0.44044984,0.0,0.0,False,1.0,0.0,True,False,NSF only,0.0141195623681226,4.0,0.0141195623681226,#7890A3,#CBD2D8,0.16,e0189
11.b,17.14,Not retained,0.0533001790889026,2.0,False,1.0,3.85483075,0.0227921152919275,1.0,False,1.0,1.12135619,True,True,Shared nonzero,0.03804614719041505,3.0,0.03804614719041505,#746A82,#CBD2D8,0.16,e0190
11.b,17.16,Not retained,0.0639602149066831,6.0,False,0.22466633,3.90657067,0.0,0.0,False,1.0,0.0,True,False,NSF only,0.03198010745334155,6.0,0.03198010745334155,#7890A3,#CBD2D8,0.16,e0191
11.b,17.17,Not retained,0.0565333771083306,6.0,False,0.63421242,3.25286424,0.0,0.0,False,1.0,0.0,True,False,NSF only,0.0282666885541653,6.0,0.0282666885541653,#7890A3,#CBD2D8,0.16,e0192
12.1,12.5,Not retained,0.0,0.0,False,1.0,0.0,0.0653720450460613,1.0,False,1.0,4.89241004,False,True,NSFC only,0.03268602252303065,1.0,0.03268602252303065,#B78484,#CBD2D8,0.16,e0193
12.1,13.2,Not retained,0.0,0.0,False,1.0,0.0,0.0369610635477286,1.0,False,1.0,2.48216455,False,True,NSFC only,0.0184805317738643,1.0,0.0184805317738643,#B78484,#CBD2D8,0.16,e0194
12.2,12.3,Not retained,0.0258543844997509,1.0,False,1.0,1.58390014,0.1097642599896903,2.0,False,0.15247886,7.75772574,True,True,Shared nonzero,0.06780932224472061,3.0,0.06780932224472061,#746A82,#CBD2D8,0.16,e0195
12.2,12.4,Not retained,0.061011691261497,9.0,False,0.58036787,3.03504395,0.0184876364829525,2.0,False,1.0,-0.08044393,True,True,Shared nonzero,0.03974966387222475,11.0,0.03974966387222475,#746A82,#CBD2D8,0.16,e0196
12.2,12.5,Shared,0.3093214601061596,56.0,True,0.0,22.67098218,0.1522156413869957,15.0,True,4e-08,10.34528277,True,True,Shared nonzero,0.23076855074657765,71.0,0.23076855074657765,#746A82,#003366,0.88,e0197
12.2,12.8,Not retained,0.0700140042014004,2.0,False,0.50501988,5.10057939,0.0283410100632567,1.0,False,1.0,1.66986877,True,True,Shared nonzero,0.049177507132328546,3.0,0.049177507132328546,#746A82,#CBD2D8,0.16,e0198
12.2,12.a,Not retained,0.0857492925712544,1.0,False,1.0,6.62107733,0.0,0.0,False,1.0,0.0,True,False,NSF only,0.0428746462856272,1.0,0.0428746462856272,#7890A3,#CBD2D8,0.16,e0199
12.2,13.1,Not retained,0.0102402271920369,5.0,False,1.0,-6.41890633,0.0,0.0,False,1.0,0.0,True,False,NSF only,0.00512011359601845,5.0,0.00512011359601845,#7890A3,#CBD2D8,0.16,e0200
12.2,13.2,Not retained,0.0296570129689102,5.0,False,1.0,0.20088941,0.0401622884645286,7.0,False,1.0,0.68670271,True,True,Shared nonzero,0.0349096507167194,12.0,0.0349096507167194,#746A82,#CBD2D8,0.16,e0201
12.2,15.1,Not retained,0.0055350930346255,1.0,False,1.0,-1.94604675,0.0046466916529242,1.0,False,1.0,-2.72099712,True,True,Shared nonzero,0.00509089234377485,2.0,0.00509089234377485,#746A82,#CBD2D8,0.16,e0202
12.2,15.2,Not retained,0.010803395392536,1.0,False,1.0,-0.3303249,0.0,0.0,False,1.0,0.0,True,False,NSF only,0.005401697696268,1.0,0.005401697696268,#7890A3,#CBD2D8,0.16,e0203
12.2,15.3,Not retained,0.0,0.0,False,1.0,0.0,0.0147670862896405,2.0,False,1.0,-0.73980609,False,True,NSFC only,0.00738354314482025,2.0,0.00738354314482025,#B78484,#CBD2D8,0.16,e0204
12.2,15.5,Not retained,0.0249625841646147,5.0,False,1.0,-0.60871007,0.0,0.0,False,1.0,0.0,True,False,NSF only,0.01248129208230735,5.0,0.01248129208230735,#7890A3,#CBD2D8,0.16,e0205
12.2,15.8,Not retained,0.0187120297141279,1.0,False,1.0,0.82456157,0.0,0.0,False,1.0,0.0,True,False,NSF only,0.00935601485706395,1.0,0.00935601485706395,#7890A3,#CBD2D8,0.16,e0206
12.2,15.9,Not retained,0.0336336396998156,2.0,False,1.0,1.89831308,0.0092767731347413,1.0,False,1.0,-0.77535719,True,True,Shared nonzero,0.021455206417278452,3.0,0.021455206417278452,#746A82,#CBD2D8,0.16,e0207
12.2,16.7,Not retained,0.0080311570775404,1.0,False,1.0,-0.95941224,0.0,0.0,False,1.0,0.0,True,False,NSF only,0.0040155785387702,1.0,0.0040155785387702,#7890A3,#CBD2D8,0.16,e0208
12.2,17.14,Not retained,0.0303169531295416,1.0,False,1.0,2.00450701,0.0661903392321495,2.0,False,1.0,4.58021681,True,True,Shared nonzero,0.048253646180845544,3.0,0.048253646180845544,#746A82,#CBD2D8,0.16,e0209
12.2,17.16,Not retained,0.0606339062590832,5.0,False,0.35562648,3.77340873,0.0,0.0,False,1.0,0.0,True,False,NSF only,0.0303169531295416,5.0,0.0303169531295416,#7890A3,#CBD2D8,0.16,e0210
12.2,17.17,Not retained,0.0321559847142204,3.0,False,1.0,1.38014183,0.0,0.0,False,1.0,0.0,True,False,NSF only,0.0160779923571102,3.0,0.0160779923571102,#7890A3,#CBD2D8,0.16,e0211
12.2,17.19,Not retained,0.0,0.0,False,1.0,0.0,0.1097642599896903,1.0,False,1.0,7.76811807,False,True,NSFC only,0.05488212999484515,1.0,0.05488212999484515,#B78484,#CBD2D8,0.16,e0212
12.3,12.5,Not retained,0.0582661591634372,3.0,False,0.54936038,3.99534143,0.0,0.0,False,1.0,0.0,True,False,NSF only,0.0291330795817186,3.0,0.0291330795817186,#7890A3,#CBD2D8,0.16,e0213
12.3,13.2,Not retained,0.0,0.0,False,1.0,0.0,0.0522708373489316,2.0,False,1.0,3.5251887,False,True,NSFC only,0.0261354186744658,2.0,0.0261354186744658,#B78484,#CBD2D8,0.16,e0214
12.3,17.17,Not retained,0.0376889180722204,1.0,False,1.0,2.64889999,0.0,0.0,False,1.0,0.0,True,False,NSF only,0.0188444590361102,1.0,0.0188444590361102,#7890A3,#CBD2D8,0.16,e0215
12.4,12.5,Shared,0.2291627372981373,45.0,True,0.0,16.10984886,0.1712853398179189,22.0,True,0.0,11.204162,True,True,Shared nonzero,0.20022403855802812,67.0,0.20022403855802812,#746A82,#003366,0.88,e0216
12.4,13.1,Not retained,0.0037764091939905,2.0,False,1.0,-7.62330016,0.0,0.0,False,1.0,0.0,True,False,NSF only,0.00188820459699525,2.0,0.00188820459699525,#7890A3,#CBD2D8,0.16,e0217
12.4,13.2,Not retained,0.0218739319629903,4.0,False,1.0,-0.61604189,0.0088039972178316,2.0,False,1.0,-2.54765446,True,True,Shared nonzero,0.01533896459041095,6.0,0.01533896459041095,#746A82,#CBD2D8,0.16,e0218
12.4,15.3,Not retained,0.0288675134594812,2.0,False,1.0,1.41990607,0.0169947805713953,3.0,False,1.0,-1.15509897,True,True,Shared nonzero,0.02293114701543825,5.0,0.02293114701543825,#746A82,#CBD2D8,0.16,e0219
12.4,15.5,Not retained,0.0,0.0,False,1.0,0.0,0.0103661735595187,2.0,False,1.0,-1.89594201,False,True,NSFC only,0.00518308677975935,2.0,0.00518308677975935,#B78484,#CBD2D8,0.16,e0220
12.4,17.6,Not retained,0.0117851130197757,1.0,False,1.0,-0.15614488,0.0,0.0,False,1.0,0.0,True,False,NSF only,0.00589255650988785,1.0,0.00589255650988785,#7890A3,#CBD2D8,0.16,e0221
12.5,12.6,Not retained,0.0,0.0,False,1.0,0.0,0.0424189841983851,2.0,False,1.0,2.52766334,False,True,NSFC only,0.02120949209919255,2.0,0.02120949209919255,#B78484,#CBD2D8,0.16,e0222
12.5,12.8,Not retained,0.0262975841519108,1.0,False,1.0,1.61750875,0.0477409916026288,2.0,False,1.0,2.97090935,True,True,Shared nonzero,0.037019287877269796,3.0,0.037019287877269796,#746A82,#CBD2D8,0.16,e0223
12.5,13.1,Not retained,0.0061540427950416,4.0,False,1.0,-9.46672146,0.0,0.0,False,1.0,0.0,True,False,NSF only,0.0030770213975208,4.0,0.0030770213975208,#7890A3,#CBD2D8,0.16,e0224
12.5,13.2,Not retained,0.0044557245547663,1.0,False,1.0,-2.57239807,0.0289946437343094,6.0,False,1.0,-0.64857827,True,True,Shared nonzero,0.01672518414453785,7.0,0.01672518414453785,#746A82,#CBD2D8,0.16,e0225
12.5,15.1,Not retained,0.0083160262879985,2.0,False,1.0,-2.48635456,0.0,0.0,False,1.0,0.0,True,False,NSF only,0.00415801314399925,2.0,0.00415801314399925,#7890A3,#CBD2D8,0.16,e0226
12.5,15.2,Not retained,0.0081156106610997,1.0,False,1.0,-0.96691945,0.0,0.0,False,1.0,0.0,True,False,NSF only,0.00405780533054985,1.0,0.00405780533054985,#7890A3,#CBD2D8,0.16,e0227
12.5,15.3,Not retained,0.0117606371615387,1.0,False,1.0,-0.14512196,0.0248754487216751,4.0,False,1.0,-0.33173746,True,True,Shared nonzero,0.0183180429416069,5.0,0.0183180429416069,#746A82,#CBD2D8,0.16,e0228
12.5,17.16,Not retained,0.0091097503734855,1.0,False,1.0,-0.69847181,0.0,0.0,False,1.0,0.0,True,False,NSF only,0.00455487518674275,1.0,0.00455487518674275,#7890A3,#CBD2D8,0.16,e0229
12.5,17.17,Not retained,0.0241558734900311,3.0,False,1.0,0.32987368,0.0,0.0,False,1.0,0.0,True,False,NSF only,0.01207793674501555,3.0,0.01207793674501555,#7890A3,#CBD2D8,0.16,e0230
12.5,17.6,Not retained,0.0096025200319279,1.0,False,1.0,-0.57715039,0.0,0.0,False,1.0,0.0,True,False,NSF only,0.00480126001596395,1.0,0.00480126001596395,#7890A3,#CBD2D8,0.16,e0231
12.6,13.2,Not retained,0.0399361531915435,1.0,False,1.0,2.81923682,0.0719505150626035,6.0,False,0.13107613,4.39864712,True,True,Shared nonzero,0.0559433341270735,7.0,0.0559433341270735,#746A82,#CBD2D8,0.16,e0232
12.6,16.6,Not retained,0.0,0.0,False,1.0,0.0,0.0405553552826906,1.0,False,1.0,2.7121698,False,True,NSFC only,0.0202776776413453,1.0,0.0202776776413453,#B78484,#CBD2D8,0.16,e0233
12.8,13.2,Not retained,0.0,0.0,False,1.0,0.0,0.0539850886785944,4.0,False,1.0,3.06540742,False,True,NSFC only,0.0269925443392972,4.0,0.0269925443392972,#B78484,#CBD2D8,0.16,e0234
12.8,13.3,Not retained,0.0,0.0,False,1.0,0.0,0.0479463301485384,1.0,False,1.0,3.25077315,False,True,NSFC only,0.0239731650742692,1.0,0.0239731650742692,#B78484,#CBD2D8,0.16,e0235
12.8,15.5,Not retained,0.0237691344270764,1.0,False,1.0,1.42596644,0.0,0.0,False,1.0,0.0,True,False,NSF only,0.0118845672135382,1.0,0.0118845672135382,#7890A3,#CBD2D8,0.16,e0236
12.b,13.2,Not retained,0.0,0.0,False,1.0,0.0,0.0426789599776319,2.0,False,1.0,2.60803707,False,True,NSFC only,0.02133947998881595,2.0,0.02133947998881595,#B78484,#CBD2D8,0.16,e0237
12.b,15.5,Not retained,0.0,0.0,False,1.0,0.0,0.0251259453814803,1.0,False,1.0,1.41756516,False,True,NSFC only,0.01256297269074015,1.0,0.01256297269074015,#B78484,#CBD2D8,0.16,e0238
13.1,13.2,Not retained,0.0809528194182853,49.0,False,1.0,-1.58632444,0.0377537426429028,19.0,False,1.0,-4.38380168,True,True,Shared nonzero,0.05935328103059405,68.0,0.05935328103059405,#746A82,#CBD2D8,0.16,e0239
13.1,13.3,Not retained,0.1246151456482773,70.0,False,0.11251732,3.18263398,0.0423544653784288,6.0,False,1.0,1.33185119,True,True,Shared nonzero,0.08348480551335305,76.0,0.08348480551335305,#746A82,#CBD2D8,0.16,e0240
13.1,15.1,Not retained,0.0709187794867782,46.0,False,1.0,-3.18760202,0.0852914942259766,53.0,False,1.0,-2.23844457,True,True,Shared nonzero,0.0781051368563774,99.0,0.0781051368563774,#746A82,#CBD2D8,0.16,e0241
13.1,15.2,Not retained,0.0180546892368437,6.0,False,1.0,-3.35789022,0.0892358104413538,23.0,False,0.15247886,3.40762966,True,True,Shared nonzero,0.05364524983909875,29.0,0.05364524983909875,#746A82,#CBD2D8,0.16,e0242
13.1,15.3,Not retained,0.0174424869177649,4.0,False,1.0,-1.80367994,0.0281283010193104,11.0,False,1.0,-3.50652766,True,True,Shared nonzero,0.022785393968537647,15.0,0.022785393968537647,#746A82,#CBD2D8,0.16,e0243
13.1,15.4,Not retained,0.0238841088596215,3.0,False,1.0,0.3468576,0.0451127895002432,13.0,False,1.0,-0.54436269,True,True,Shared nonzero,0.03449844917993235,16.0,0.03449844917993235,#746A82,#CBD2D8,0.16,e0244
13.1,15.5,Not retained,0.1126375130054523,81.0,False,1.0,-0.30252659,0.053811218381318,23.0,False,1.0,-1.89900989,True,True,Shared nonzero,0.08322436569338515,104.0,0.08322436569338515,#746A82,#CBD2D8,0.16,e0245
13.1,15.8,Not retained,0.0052119398455133,1.0,False,1.0,-2.39009618,0.0,0.0,False,1.0,0.0,True,False,NSF only,0.00260596992275665,1.0,0.00260596992275665,#7890A3,#CBD2D8,0.16,e0246
13.1,15.9,Not retained,0.0093681182415372,2.0,False,1.0,-2.35278226,0.0,0.0,False,1.0,0.0,True,False,NSF only,0.0046840591207686,2.0,0.0046840591207686,#7890A3,#CBD2D8,0.16,e0247
13.1,16.1,Not retained,0.0,0.0,False,1.0,0.0,0.0268801665285235,1.0,False,1.0,1.56509525,False,True,NSFC only,0.01344008326426175,1.0,0.01344008326426175,#B78484,#CBD2D8,0.16,e0248
13.1,16.6,Not retained,0.0119420544298107,3.0,False,1.0,-2.66126673,0.0,0.0,False,1.0,0.0,True,False,NSF only,0.00597102721490535,3.0,0.00597102721490535,#7890A3,#CBD2D8,0.16,e0249
13.1,16.7,Not retained,0.0313173244722718,14.0,False,1.0,-3.85510869,0.0,0.0,False,1.0,0.0,True,False,NSF only,0.0156586622361359,14.0,0.0156586622361359,#7890A3,#CBD2D8,0.16,e0250
13.1,17.14,Not retained,0.008444307668618,1.0,False,1.0,-0.97612125,0.0,0.0,False,1.0,0.0,True,False,NSF only,0.004222153834309,1.0,0.004222153834309,#7890A3,#CBD2D8,0.16,e0251
13.1,17.16,Not retained,0.0675544613489444,20.0,False,1.0,1.86100807,0.0,0.0,False,1.0,0.0,True,False,NSF only,0.0337772306744722,20.0,0.0337772306744722,#7890A3,#CBD2D8,0.16,e0252
13.1,17.17,Not retained,0.0238841088596215,8.0,False,1.0,-2.81013288,0.0,0.0,False,1.0,0.0,True,False,NSF only,0.01194205442981075,8.0,0.01194205442981075,#7890A3,#CBD2D8,0.16,e0253
13.1,17.18,Not retained,0.0253329230058541,3.0,False,1.0,0.58346671,0.0,0.0,False,1.0,0.0,True,False,NSF only,0.01266646150292705,3.0,0.01266646150292705,#7890A3,#CBD2D8,0.16,e0254
13.1,17.6,Not retained,0.0320438945952713,9.0,False,1.0,-1.23737822,0.0,0.0,False,1.0,0.0,True,False,NSF only,0.01602194729763565,9.0,0.01602194729763565,#7890A3,#CBD2D8,0.16,e0255
13.2,13.3,Not retained,0.05671308728156,11.0,False,1.0,2.08155219,0.0097064508183075,1.0,False,1.0,-0.68854841,True,True,Shared nonzero,0.03320976904993375,12.0,0.03320976904993375,#746A82,#CBD2D8,0.16,e0256
13.2,15.1,Not retained,0.0312549836536478,7.0,False,1.0,-0.41428135,0.0641712288232993,29.0,False,1.0,-1.39348412,True,True,Shared nonzero,0.04771310623847355,36.0,0.04771310623847355,#746A82,#CBD2D8,0.16,e0257
13.2,15.2,Not retained,0.0348591323744001,4.0,False,1.0,1.31909648,0.0426789599776319,8.0,False,1.0,0.65721442,True,True,Shared nonzero,0.038769046176016,12.0,0.038769046176016,#746A82,#CBD2D8,0.16,e0258
13.2,15.3,Not retained,0.0378867615212041,3.0,False,1.0,2.04311066,0.014064468081613,4.0,False,1.0,-2.92732114,True,True,Shared nonzero,0.025975614801408548,7.0,0.025975614801408548,#746A82,#CBD2D8,0.16,e0259
13.2,15.5,Not retained,0.0120819519352582,3.0,False,1.0,-2.31640449,0.0096511429560272,3.0,False,1.0,-3.70180309,True,True,Shared nonzero,0.0108665474456427,6.0,0.0108665474456427,#746A82,#CBD2D8,0.16,e0260
13.2,15.8,Not retained,0.0,0.0,False,1.0,0.0,0.0093881195292472,1.0,False,1.0,-0.74086455,False,True,NSFC only,0.0046940597646236,1.0,0.0046940597646236,#B78484,#CBD2D8,0.16,e0261
13.2,15.9,Not retained,0.0135656367272595,1.0,False,1.0,0.13207593,0.0220884602918359,5.0,False,1.0,-1.44506046,True,True,Shared nonzero,0.0178270485095477,6.0,0.0178270485095477,#746A82,#CBD2D8,0.16,e0262
13.2,15.a,Not retained,0.0,0.0,False,1.0,0.0,0.0369610635477286,1.0,False,1.0,2.39515764,False,True,NSFC only,0.0184805317738643,1.0,0.0184805317738643,#B78484,#CBD2D8,0.16,e0263
13.2,16.1,Not retained,0.0,0.0,False,1.0,0.0,0.0369610635477286,1.0,False,1.0,2.57148807,False,True,NSFC only,0.0184805317738643,1.0,0.0184805317738643,#B78484,#CBD2D8,0.16,e0264
13.2,16.6,Not retained,0.0115285743977679,1.0,False,1.0,-0.20510051,0.0,0.0,False,1.0,0.0,True,False,NSF only,0.00576428719888395,1.0,0.00576428719888395,#7890A3,#CBD2D8,0.16,e0265
13.2,16.7,Not retained,0.0518279962018243,8.0,False,1.0,2.17663127,0.0,0.0,False,1.0,0.0,True,False,NSF only,0.02591399810091215,8.0,0.02591399810091215,#7890A3,#CBD2D8,0.16,e0266
13.2,17.14,Not retained,0.0489115988044518,2.0,False,1.0,3.4494436,0.0630410018051279,4.0,False,0.45312422,3.97442476,True,True,Shared nonzero,0.055976300304789846,6.0,0.055976300304789846,#746A82,#CBD2D8,0.16,e0267
13.2,17.16,Not retained,0.0,0.0,False,1.0,0.0,0.0369610635477286,1.0,False,1.0,2.50719054,False,True,NSFC only,0.0184805317738643,1.0,0.0184805317738643,#B78484,#CBD2D8,0.16,e0268
13.2,17.17,Not retained,0.0432321539916296,5.0,False,1.0,1.96447177,0.0,0.0,False,1.0,0.0,True,False,NSF only,0.0216160769958148,5.0,0.0216160769958148,#7890A3,#CBD2D8,0.16,e0269
13.2,17.18,Not retained,0.0244557994022259,1.0,False,1.0,1.46452639,0.0,0.0,False,1.0,0.0,True,False,NSF only,0.01222789970111295,1.0,0.01222789970111295,#7890A3,#CBD2D8,0.16,e0270
13.3,15.1,Not retained,0.0240562612162344,5.0,False,1.0,-0.77563995,0.0,0.0,False,1.0,0.0,True,False,NSF only,0.0120281306081172,5.0,0.0120281306081172,#7890A3,#CBD2D8,0.16,e0271
13.3,15.5,Not retained,0.0086792607320549,2.0,False,1.0,-2.33324641,0.0,0.0,False,1.0,0.0,True,False,NSF only,0.00433963036602745,2.0,0.00433963036602745,#7890A3,#CBD2D8,0.16,e0272
13.3,16.7,Not retained,0.0418853908291695,6.0,False,1.0,1.5104995,0.0,0.0,False,1.0,0.0,True,False,NSF only,0.02094269541458475,6.0,0.02094269541458475,#7890A3,#CBD2D8,0.16,e0273
13.3,17.16,Not retained,0.0421637021355783,4.0,False,1.0,2.1880449,0.0,0.0,False,1.0,0.0,True,False,NSF only,0.02108185106778915,4.0,0.02108185106778915,#7890A3,#CBD2D8,0.16,e0274
13.3,17.17,Not retained,0.0279508497187473,3.0,False,1.0,0.84594131,0.0,0.0,False,1.0,0.0,True,False,NSF only,0.01397542485937365,3.0,0.01397542485937365,#7890A3,#CBD2D8,0.16,e0275
13.3,17.6,Not retained,0.0777777777777777,7.0,False,0.03373362,5.12551212,0.0,0.0,False,1.0,0.0,True,False,NSF only,0.03888888888888885,7.0,0.03888888888888885,#7890A3,#CBD2D8,0.16,e0276
15.1,15.2,NSF-specific,0.1870475139818022,23.0,True,0.0,13.64308031,0.0820920091661586,19.0,False,0.30906932,3.17019773,True,True,Shared nonzero,0.1345697615739804,42.0,0.1345697615739804,#746A82,#003366,0.88,e0277
15.1,15.3,Other stable,0.0471404520791031,4.0,False,1.0,2.71118774,0.128144295400657,45.0,True,0.00042343,5.14530968,True,True,Shared nonzero,0.08764237373988004,49.0,0.08764237373988004,#746A82,#C57F7F,0.62,e0278
15.1,15.4,Not retained,0.0430331482911935,2.0,False,1.0,2.91963102,0.0656963435660238,17.0,False,1.0,1.48838362,True,True,Shared nonzero,0.054364745928608654,19.0,0.054364745928608654,#746A82,#CBD2D8,0.16,e0279
15.1,15.5,Shared,0.1465709754605516,39.0,True,0.0,8.45201183,0.1771698631862046,68.0,True,0.0,8.74166044,True,True,Shared nonzero,0.1618704193233781,107.0,0.1618704193233781,#746A82,#8B0000,0.88,e0280
15.1,15.8,Not retained,0.0,0.0,False,1.0,0.0,0.0152065974448719,2.0,False,1.0,-0.67576245,False,True,NSFC only,0.00760329872243595,2.0,0.00760329872243595,#B78484,#CBD2D8,0.16,e0281
15.1,15.9,Other stable,0.0506369683541833,4.0,False,1.0,3.05243615,0.2003581023458428,56.0,True,0.0,12.03955293,True,True,Shared nonzero,0.12549753535001307,60.0,0.12549753535001307,#746A82,#C57F7F,0.62,e0282
15.1,15.a,Not retained,0.0456435464587638,1.0,False,1.0,3.40273624,0.0,0.0,False,1.0,0.0,True,False,NSF only,0.0228217732293819,1.0,0.0228217732293819,#7890A3,#CBD2D8,0.16,e0283
15.1,16.7,Not retained,0.0181369062527502,3.0,False,1.0,-0.68886922,0.0094660305707844,1.0,False,1.0,-0.74040747,True,True,Shared nonzero,0.0138014684117673,4.0,0.0138014684117673,#746A82,#CBD2D8,0.16,e0284
15.1,17.16,Not retained,0.0091287092917527,1.0,False,1.0,-0.69437301,0.0,0.0,False,1.0,0.0,True,False,NSF only,0.00456435464587635,1.0,0.00456435464587635,#7890A3,#CBD2D8,0.16,e0285
15.1,17.17,Not retained,0.0564810071321914,7.0,False,0.77022632,3.00243175,0.0,0.0,False,1.0,0.0,True,False,NSF only,0.0282405035660957,7.0,0.0282405035660957,#7890A3,#CBD2D8,0.16,e0286
15.1,17.6,Not retained,0.0192450089729875,2.0,False,1.0,0.19187745,0.0,0.0,False,1.0,0.0,True,False,NSF only,0.00962250448649375,2.0,0.00962250448649375,#7890A3,#CBD2D8,0.16,e0287
15.2,15.3,Not retained,0.0460043706228236,2.0,False,1.0,3.08677631,0.0343271897738181,5.0,False,1.0,0.63410977,True,True,Shared nonzero,0.04016578019832085,7.0,0.04016578019832085,#746A82,#CBD2D8,0.16,e0288
15.2,15.4,Not retained,0.0419960525565808,1.0,False,1.0,2.95054586,0.0279508497187473,3.0,False,1.0,0.62503622,True,True,Shared nonzero,0.03497345113766405,4.0,0.03497345113766405,#746A82,#CBD2D8,0.16,e0289
15.2,15.5,Not retained,0.0293412565423774,4.0,False,1.0,0.58480183,0.0314074317268503,5.0,False,1.0,0.21199335,True,True,Shared nonzero,0.030374344134613852,9.0,0.030374344134613852,#746A82,#CBD2D8,0.16,e0290
15.2,15.9,Not retained,0.0741249316661101,3.0,False,0.19188277,5.34115748,0.0086258194917794,1.0,False,1.0,-0.94548775,True,True,Shared nonzero,0.04137537557894475,4.0,0.04137537557894475,#746A82,#CBD2D8,0.16,e0291
15.2,16.7,Not retained,0.0471994883603192,4.0,False,1.0,2.65745215,0.0,0.0,False,1.0,0.0,True,False,NSF only,0.0235997441801596,4.0,0.0235997441801596,#7890A3,#CBD2D8,0.16,e0292
15.3,15.5,Not retained,0.0,0.0,False,1.0,0.0,0.0331201188616958,8.0,False,1.0,-0.80064966,False,True,NSFC only,0.0165600594308479,8.0,0.0165600594308479,#B78484,#CBD2D8,0.16,e0293
15.3,15.9,Not retained,0.0,0.0,False,1.0,0.0,0.0341107364331661,6.0,False,1.0,0.18127963,False,True,NSFC only,0.01705536821658305,6.0,0.01705536821658305,#B78484,#CBD2D8,0.16,e0294
15.4,15.5,Other stable,0.0388148339826388,2.0,False,1.0,2.43376023,0.1629316334286168,29.0,True,0.0,10.15613544,True,True,Shared nonzero,0.1008732337056278,31.0,0.1008732337056278,#746A82,#C57F7F,0.62,e0295
15.4,15.9,Not retained,0.0,0.0,False,1.0,0.0,0.0617213399848367,8.0,False,1.0,2.88302232,False,True,NSFC only,0.03086066999241835,8.0,0.03086066999241835,#B78484,#CBD2D8,0.16,e0296
15.5,15.8,Not retained,0.0762308206339656,6.0,False,0.03923123,5.22135688,0.0773775954499418,7.0,False,0.07149048,4.63775986,True,True,Shared nonzero,0.0768042080419537,13.0,0.0768042080419537,#746A82,#CBD2D8,0.16,e0297
15.5,15.9,Shared,0.1598565197608127,14.0,True,0.0,11.9284942,0.1560469459830898,30.0,True,0.0,9.39648088,True,True,Shared nonzero,0.15795173287195124,44.0,0.15795173287195124,#746A82,#003366,0.88,e0298
15.5,15.a,Not retained,0.0823386969592618,2.0,False,0.19459567,6.35561562,0.0,0.0,False,1.0,0.0,True,False,NSF only,0.0411693484796309,2.0,0.0411693484796309,#7890A3,#CBD2D8,0.16,e0299
15.5,16.6,Not retained,0.0194074169913194,2.0,False,1.0,0.23951379,0.0,0.0,False,1.0,0.0,True,False,NSF only,0.0097037084956597,2.0,0.0097037084956597,#7890A3,#CBD2D8,0.16,e0300
15.5,16.7,Not retained,0.021812053672223,4.0,False,1.0,-0.62846326,0.0,0.0,False,1.0,0.0,True,False,NSF only,0.0109060268361115,4.0,0.0109060268361115,#7890A3,#CBD2D8,0.16,e0301
15.5,17.17,Not retained,0.0072777813717447,1.0,False,1.0,-1.20382659,0.0,0.0,False,1.0,0.0,True,False,NSF only,0.00363889068587235,1.0,0.00363889068587235,#7890A3,#CBD2D8,0.16,e0302
15.5,17.6,Not retained,0.0694340858564394,8.0,False,0.11047724,4.13820723,0.0,0.0,False,1.0,0.0,True,False,NSF only,0.0347170429282197,8.0,0.0347170429282197,#7890A3,#CBD2D8,0.16,e0303
15.8,17.18,Not retained,0.0771516749810459,1.0,False,1.0,6.25753358,0.0,0.0,False,1.0,0.0,True,False,NSF only,0.03857583749052295,1.0,0.03857583749052295,#7890A3,#CBD2D8,0.16,e0304
15.9,16.6,Not retained,0.0,0.0,False,1.0,0.0,0.0149403576166799,1.0,False,1.0,0.23364419,False,True,NSFC only,0.00747017880833995,1.0,0.00747017880833995,#B78484,#CBD2D8,0.16,e0305
15.9,16.7,Not retained,0.0367359179185322,2.0,False,1.0,2.20972784,0.0,0.0,False,1.0,0.0,True,False,NSF only,0.0183679589592661,2.0,0.0183679589592661,#7890A3,#CBD2D8,0.16,e0306
16.1,16.6,Not retained,0.0,0.0,False,1.0,0.0,0.125,1.0,False,1.0,8.58018082,False,True,NSFC only,0.0625,1.0,0.0625,#B78484,#CBD2D8,0.16,e0307
16.1,16.7,Not retained,0.0,0.0,False,1.0,0.0,0.1581138830084189,1.0,False,0.70638315,13.3249267,False,True,NSFC only,0.07905694150420944,1.0,0.07905694150420944,#B78484,#CBD2D8,0.16,e0308
16.6,16.10,Not retained,0.0,0.0,False,1.0,0.0,0.1767766952966368,1.0,False,0.57383082,11.58109328,False,True,NSFC only,0.0883883476483184,1.0,0.0883883476483184,#B78484,#CBD2D8,0.16,e0309
16.6,16.7,Other stable,0.1873171623163388,12.0,True,0.0,14.11643217,0.1976423537605237,5.0,False,1.629e-05,14.63448264,True,True,Shared nonzero,0.19247975803843126,17.0,0.19247975803843126,#746A82,#7F99B2,0.62,e0310
16.6,17.14,Not retained,0.0,0.0,False,1.0,0.0,0.1066003581778052,2.0,False,0.19482365,8.20860834,False,True,NSFC only,0.0533001790889026,2.0,0.0533001790889026,#B78484,#CBD2D8,0.16,e0311
16.6,17.6,Not retained,0.0496903994999953,2.0,False,1.0,3.39858687,0.0,0.0,False,1.0,0.0,True,False,NSF only,0.02484519974999765,2.0,0.02484519974999765,#7890A3,#CBD2D8,0.16,e0312
16.7,16.10,Not retained,0.0,0.0,False,1.0,0.0,0.2236067977499789,1.0,False,0.39076166,17.11982288,False,True,NSFC only,0.11180339887498945,1.0,0.11180339887498945,#B78484,#CBD2D8,0.16,e0313
16.7,17.14,Not retained,0.033113308926626,1.0,False,1.0,2.25135272,0.0,0.0,False,1.0,0.0,True,False,NSF only,0.016556654463313,1.0,0.016556654463313,#7890A3,#CBD2D8,0.16,e0314
16.7,17.16,Not retained,0.0662266178532521,5.0,False,0.18647367,4.35962553,0.0,0.0,False,1.0,0.0,True,False,NSF only,0.03311330892662605,5.0,0.03311330892662605,#7890A3,#CBD2D8,0.16,e0315
16.7,17.17,Not retained,0.0351219679343135,3.0,False,1.0,1.72197713,0.0,0.0,False,1.0,0.0,True,False,NSF only,0.01756098396715675,3.0,0.01756098396715675,#7890A3,#CBD2D8,0.16,e0316
17.14,17.17,Not retained,0.0441941738241592,1.0,False,1.0,3.16464998,0.0,0.0,False,1.0,0.0,True,False,NSF only,0.0220970869120796,1.0,0.0220970869120796,#7890A3,#CBD2D8,0.16,e0317
17.14,17.19,Not retained,0.0,0.0,False,1.0,0.0,0.3015113445777636,1.0,False,0.2215318,24.23172653,False,True,NSFC only,0.1507556722888818,1.0,0.1507556722888818,#B78484,#CBD2D8,0.16,e0318
17.16,17.17,Not retained,0.1060660171779821,6.0,False,0.00159637,7.81466002,0.0,0.0,False,1.0,0.0,True,False,NSF only,0.05303300858899105,6.0,0.05303300858899105,#7890A3,#CBD2D8,0.16,e0319
17.16,17.18,Not retained,0.15,3.0,False,0.00381206,11.4681844,0.0,0.0,False,1.0,0.0,True,False,NSF only,0.075,3.0,0.075,#7890A3,#CBD2D8,0.16,e0320
17.6,17.16,Not retained,0.0843274042711567,4.0,False,0.04938913,6.03863797,0.0,0.0,False,1.0,0.0,True,False,NSF only,0.04216370213557835,4.0,0.04216370213557835,#7890A3,#CBD2D8,0.16,e0321
17.6,17.18,Not retained,0.0527046276694729,1.0,False,1.0,3.8795854,0.0,0.0,False,1.0,0.0,True,False,NSF only,0.02635231383473645,1.0,0.02635231383473645,#7890A3,#CBD2D8,0.16,e0322
17.6,17.9,Not retained,0.1217161238900369,2.0,False,0.08325627,9.08977612,0.0,0.0,False,1.0,0.0,True,False,NSF only,0.06085806194501845,2.0,0.06085806194501845,#7890A3,#CBD2D8,0.16,e0323
17.9,17.14,Not retained,0.1443375672974064,1.0,False,0.55430647,10.99723258,0.0,0.0,False,1.0,0.0,True,False,NSF only,0.0721687836487032,1.0,0.0721687836487032,#7890A3,#CBD2D8,0.16,e0324
17.9,17.16,Not retained,0.0577350269189625,1.0,False,1.0,4.37255502,0.0,0.0,False,1.0,0.0,True,False,NSF only,0.02886751345948125,1.0,0.02886751345948125,#7890A3,#CBD2D8,0.16,e0325
17.9,17.17,Not retained,0.1020620726159657,2.0,False,0.1460304,7.86287638,0.0,0.0,False,1.0,0.0,True,False,NSF only,0.05103103630798285,2.0,0.05103103630798285,#7890A3,#CBD2D8,0.16,e0326
2.1,10.2,Not retained,0.046633689309505,6.0,False,1.0,2.10800131,0.0,0.0,False,1.0,0.0,True,False,NSF only,0.0233168446547525,6.0,0.0233168446547525,#7890A3,#CBD2D8,0.16,e0327
2.1,10.3,Not retained,0.0161944647062815,1.0,False,1.0,0.50660039,0.0,0.0,False,1.0,0.0,True,False,NSF only,0.00809723235314075,1.0,0.00809723235314075,#7890A3,#CBD2D8,0.16,e0328
2.1,11.1,Not retained,0.0,0.0,False,1.0,0.0,0.0309344112444872,1.0,False,1.0,1.82170636,False,True,NSFC only,0.0154672056222436,1.0,0.0154672056222436,#B78484,#CBD2D8,0.16,e0329
2.1,11.2,Not retained,0.0061531762586955,1.0,False,1.0,-1.6194733,0.0,0.0,False,1.0,0.0,True,False,NSF only,0.00307658812934775,1.0,0.00307658812934775,#7890A3,#CBD2D8,0.16,e0330
2.1,11.3,Not retained,0.0078611105106096,1.0,False,1.0,-1.02215683,0.0,0.0,False,1.0,0.0,True,False,NSF only,0.0039305552553048,1.0,0.0039305552553048,#7890A3,#CBD2D8,0.16,e0331
2.1,11.5,Not retained,0.0355962434893306,12.0,False,1.0,-1.63755374,0.0,0.0,False,1.0,0.0,True,False,NSF only,0.0177981217446653,12.0,0.0177981217446653,#7890A3,#CBD2D8,0.16,e0332
2.1,11.6,Not retained,0.0,0.0,False,1.0,0.0,0.0098361184420579,1.0,False,1.0,-0.67121118,False,True,NSFC only,0.00491805922102895,1.0,0.00491805922102895,#B78484,#CBD2D8,0.16,e0333
2.1,11.a,Not retained,0.0598684340089249,3.0,False,0.5383912,4.14694376,0.0,0.0,False,1.0,0.0,True,False,NSF only,0.02993421700446245,3.0,0.02993421700446245,#7890A3,#CBD2D8,0.16,e0334
2.1,12.2,Not retained,0.0088917874253697,1.0,False,1.0,-0.72661637,0.0,0.0,False,1.0,0.0,True,False,NSF only,0.00444589371268485,1.0,0.00444589371268485,#7890A3,#CBD2D8,0.16,e0335
2.1,12.3,Not retained,0.0312652699740361,1.0,False,1.0,2.04035544,0.0,0.0,False,1.0,0.0,True,False,NSF only,0.01563263498701805,1.0,0.01563263498701805,#7890A3,#CBD2D8,0.16,e0336
2.1,12.4,Not retained,0.0,0.0,False,1.0,0.0,0.0386405802003957,2.0,False,1.0,2.25141396,False,True,NSFC only,0.01932029010019785,2.0,0.01932029010019785,#B78484,#CBD2D8,0.16,e0337
2.1,13.1,Not retained,0.0693466680455096,28.0,False,1.0,0.40821289,0.0087210776289772,1.0,False,1.0,-0.95528998,True,True,Shared nonzero,0.0390338728372434,29.0,0.0390338728372434,#746A82,#CBD2D8,0.16,e0338
2.1,13.2,Not retained,0.0071727448557547,1.0,False,1.0,-1.22773146,0.0,0.0,False,1.0,0.0,True,False,NSF only,0.00358637242787735,1.0,0.00358637242787735,#7890A3,#CBD2D8,0.16,e0339
2.1,13.3,Not retained,0.0077289815960028,1.0,False,1.0,-1.06725056,0.0,0.0,False,1.0,0.0,True,False,NSF only,0.0038644907980014,1.0,0.0038644907980014,#7890A3,#CBD2D8,0.16,e0340
2.1,15.3,Not retained,0.0,0.0,False,1.0,0.0,0.0154321722689425,1.0,False,1.0,0.29326747,False,True,NSFC only,0.00771608613447125,1.0,0.00771608613447125,#B78484,#CBD2D8,0.16,e0341
2.1,15.5,Not retained,0.0362241970910796,6.0,False,1.0,0.76321223,0.0,0.0,False,1.0,0.0,True,False,NSF only,0.0181120985455398,6.0,0.0181120985455398,#7890A3,#CBD2D8,0.16,e0342
2.1,16.7,Not retained,0.0679835971206075,7.0,False,0.1460304,4.10827378,0.0,0.0,False,1.0,0.0,True,False,NSF only,0.03399179856030375,7.0,0.03399179856030375,#7890A3,#CBD2D8,0.16,e0343
2.1,17.14,Not retained,0.0366617787553383,1.0,False,1.0,2.55713593,0.0,0.0,False,1.0,0.0,True,False,NSF only,0.01833088937766915,1.0,0.01833088937766915,#7890A3,#CBD2D8,0.16,e0344
2.1,17.16,Not retained,0.0439941345064059,3.0,False,1.0,2.62422943,0.0,0.0,False,1.0,0.0,True,False,NSF only,0.02199706725320295,3.0,0.02199706725320295,#7890A3,#CBD2D8,0.16,e0345
2.1,17.17,Not retained,0.0259237923682606,2.0,False,1.0,1.08572694,0.0,0.0,False,1.0,0.0,True,False,NSF only,0.0129618961841303,2.0,0.0129618961841303,#7890A3,#CBD2D8,0.16,e0346
2.1,2.2,Not retained,0.207390338946085,4.0,False,9.27e-06,15.88085391,0.0,0.0,False,1.0,0.0,True,False,NSF only,0.1036951694730425,4.0,0.1036951694730425,#7890A3,#CBD2D8,0.16,e0347
2.1,2.3,Not retained,0.1036951694730425,4.0,False,0.01025964,7.67350107,0.0725476250110011,1.0,False,1.0,5.1598646,True,True,Shared nonzero,0.0881213972420218,5.0,0.0881213972420218,#746A82,#CBD2D8,0.16,e0348
2.1,2.4,Other stable,0.108692742749297,16.0,True,4.757e-05,6.9411669,0.1208298630467373,9.0,False,3.735e-05,8.17931534,True,True,Shared nonzero,0.11476130289801714,25.0,0.11476130289801714,#746A82,#7F99B2,0.62,e0349
2.1,2.5,Not retained,0.1036951694730425,1.0,False,0.97997466,8.2727021,0.0,0.0,False,1.0,0.0,True,False,NSF only,0.05184758473652125,1.0,0.05184758473652125,#7890A3,#CBD2D8,0.16,e0350
2.1,3.4,Not retained,0.0977647433475688,4.0,False,0.01654558,7.17218696,0.0,0.0,False,1.0,0.0,True,False,NSF only,0.0488823716737844,4.0,0.0488823716737844,#7890A3,#CBD2D8,0.16,e0351
2.1,3.9,Not retained,0.0276741934103732,5.0,False,1.0,-0.12193118,0.0875842415092467,6.0,False,0.01886111,5.74737413,True,True,Shared nonzero,0.05762921745980995,11.0,0.05762921745980995,#746A82,#CBD2D8,0.16,e0352
2.1,3.d,Not retained,0.0207390338946085,1.0,False,1.0,1.01470002,0.0,0.0,False,1.0,0.0,True,False,NSF only,0.01036951694730425,1.0,0.01036951694730425,#7890A3,#CBD2D8,0.16,e0353
2.1,6.1,Not retained,0.0505792485406772,8.0,False,1.0,2.03211686,0.0478364873234939,1.0,False,1.0,3.27724833,True,True,Shared nonzero,0.04920786793208555,9.0,0.04920786793208555,#746A82,#CBD2D8,0.16,e0354
2.1,6.2,Not retained,0.0983738753675929,3.0,False,0.04240399,7.47963792,0.0,0.0,False,1.0,0.0,True,False,NSF only,0.04918693768379645,3.0,0.04918693768379645,#7890A3,#CBD2D8,0.16,e0355
2.1,6.3,Not retained,0.003950471334162,1.0,False,1.0,-3.1304565,0.0108875889077335,1.0,False,1.0,-0.43747238,True,True,Shared nonzero,0.00741903012094775,2.0,0.00741903012094775,#746A82,#CBD2D8,0.16,e0356
2.1,6.6,Not retained,0.0081978229472994,1.0,False,1.0,-0.92084314,0.0,0.0,False,1.0,0.0,True,False,NSF only,0.0040989114736497,1.0,0.0040989114736497,#7890A3,#CBD2D8,0.16,e0357
2.1,7.1,Not retained,0.049852694351502,7.0,False,1.0,2.20249067,0.0282391247362452,1.0,False,1.0,1.63004191,True,True,Shared nonzero,0.0390459095438736,8.0,0.0390459095438736,#746A82,#CBD2D8,0.16,e0358
2.1,7.2,Not retained,0.0095157213613961,2.0,False,1.0,-2.01222035,0.0,0.0,False,1.0,0.0,True,False,NSF only,0.00475786068069805,2.0,0.00475786068069805,#7890A3,#CBD2D8,0.16,e0359
2.1,9.1,Not retained,0.0239473736035699,6.0,False,1.0,-1.3579532,0.0,0.0,False,1.0,0.0,True,False,NSF only,0.01197368680178495,6.0,0.01197368680178495,#7890A3,#CBD2D8,0.16,e0360
2.2,12.3,Not retained,0.1507556722888818,1.0,False,0.52387965,11.50304742,0.0,0.0,False,1.0,0.0,True,False,NSF only,0.0753778361444409,1.0,0.0753778361444409,#7890A3,#CBD2D8,0.16,e0361
2.2,15.5,Not retained,0.0291111254869791,1.0,False,1.0,1.87283,0.0,0.0,False,1.0,0.0,True,False,NSF only,0.01455556274348955,1.0,0.01455556274348955,#7890A3,#CBD2D8,0.16,e0362
2.2,2.4,Not retained,0.0327560891040209,1.0,False,1.0,2.2109883,0.0,0.0,False,1.0,0.0,True,False,NSF only,0.01637804455201045,1.0,0.01637804455201045,#7890A3,#CBD2D8,0.16,e0363
2.3,10.2,Not retained,0.037476584449793,2.0,False,1.0,2.34703819,0.0,0.0,False,1.0,0.0,True,False,NSF only,0.0187382922248965,2.0,0.0187382922248965,#7890A3,#CBD2D8,0.16,e0364
2.3,11.3,Not retained,0.0189524510894725,1.0,False,1.0,0.85526646,0.0111386479838528,1.0,False,1.0,-0.40817243,True,True,Shared nonzero,0.01504554953666265,2.0,0.01504554953666265,#746A82,#CBD2D8,0.16,e0365
2.3,11.a,Not retained,0.0962250448649376,2.0,False,0.18647367,7.2404411,0.0282842712474619,1.0,False,1.0,1.6555049,True,True,Shared nonzero,0.06225465805619975,3.0,0.06225465805619975,#746A82,#CBD2D8,0.16,e0366
2.3,12.2,Not retained,0.0214373231428136,1.0,False,1.0,1.13823199,0.0,0.0,False,1.0,0.0,True,False,NSF only,0.0107186615714068,1.0,0.0107186615714068,#7890A3,#CBD2D8,0.16,e0367
2.3,12.5,Not retained,0.0161039156600207,1.0,False,1.0,0.49546805,0.0,0.0,False,1.0,0.0,True,False,NSF only,0.00805195783001035,1.0,0.00805195783001035,#7890A3,#CBD2D8,0.16,e0368
2.3,12.a,Not retained,0.25,1.0,False,0.21760878,23.5478258,0.0,0.0,False,1.0,0.0,True,False,NSF only,0.125,1.0,0.125,#7890A3,#CBD2D8,0.16,e0369
2.3,13.1,Not retained,0.0119420544298107,2.0,False,1.0,-1.39246577,0.0,0.0,False,1.0,0.0,True,False,NSF only,0.00597102721490535,2.0,0.00597102721490535,#7890A3,#CBD2D8,0.16,e0370
2.3,15.1,Not retained,0.0,0.0,False,1.0,0.0,0.0133869888150416,1.0,False,1.0,-0.00376705,False,True,NSFC only,0.0066934944075208,1.0,0.0066934944075208,#B78484,#CBD2D8,0.16,e0371
2.3,15.2,Not retained,0.0314970394174356,1.0,False,1.0,2.14422299,0.0,0.0,False,1.0,0.0,True,False,NSF only,0.0157485197087178,1.0,0.0157485197087178,#7890A3,#CBD2D8,0.16,e0372
2.3,15.3,Not retained,0.0,0.0,False,1.0,0.0,0.0212717814905758,1.0,False,1.0,0.95995773,False,True,NSFC only,0.0106358907452879,1.0,0.0106358907452879,#B78484,#CBD2D8,0.16,e0373
2.3,16.7,Not retained,0.0234146452895423,1.0,False,1.0,1.37296511,0.0,0.0,False,1.0,0.0,True,False,NSF only,0.01170732264477115,1.0,0.01170732264477115,#7890A3,#CBD2D8,0.16,e0374
2.3,17.17,Not retained,0.03125,1.0,False,1.0,2.04530723,0.0,0.0,False,1.0,0.0,True,False,NSF only,0.015625,1.0,0.015625,#7890A3,#CBD2D8,0.16,e0375
2.3,2.4,Not retained,0.1146463118640732,7.0,False,0.00013573,8.42939242,0.0555174907648204,3.0,False,1.0,3.50202841,True,True,Shared nonzero,0.0850819013144468,10.0,0.0850819013144468,#746A82,#CBD2D8,0.16,e0376
2.3,3.4,Not retained,0.0589255650988789,1.0,False,1.0,4.34962563,0.0,0.0,False,1.0,0.0,True,False,NSF only,0.02946278254943945,1.0,0.02946278254943945,#7890A3,#CBD2D8,0.16,e0377
2.3,6.4,Not retained,0.0147313912747197,1.0,False,1.0,0.30909357,0.0,0.0,False,1.0,0.0,True,False,NSF only,0.00736569563735985,1.0,0.00736569563735985,#7890A3,#CBD2D8,0.16,e0378
2.3,6.5,Not retained,0.0,0.0,False,1.0,0.0,0.0333333333333333,1.0,False,1.0,2.07809921,False,True,NSFC only,0.01666666666666665,1.0,0.01666666666666665,#B78484,#CBD2D8,0.16,e0379
2.4,11.3,Not retained,0.0099329308260217,2.0,False,1.0,-1.82287263,0.0144290950201098,7.0,False,1.0,-6.03312748,True,True,Shared nonzero,0.01218101292306575,9.0,0.01218101292306575,#746A82,#CBD2D8,0.16,e0380
2.4,11.4,Not retained,0.015889037089179,1.0,False,1.0,0.46065733,0.0066261501510057,1.0,False,1.0,-1.58470184,True,True,Shared nonzero,0.011257593620092349,2.0,0.011257593620092349,#746A82,#CBD2D8,0.16,e0381
2.4,11.5,Not retained,0.0018740727098319,1.0,False,1.0,-7.54118255,0.0048724867115135,2.0,False,1.0,-5.63121056,True,True,Shared nonzero,0.0033732797106727,3.0,0.0033732797106727,#746A82,#CBD2D8,0.16,e0382
2.4,11.6,Not retained,0.0038338102463932,1.0,False,1.0,-3.11046107,0.0075271466803471,3.0,False,1.0,-5.20818856,True,True,Shared nonzero,0.0056804784633701505,4.0,0.0056804784633701505,#746A82,#CBD2D8,0.16,e0383
2.4,11.a,Not retained,0.0252156491490744,2.0,False,1.0,1.0304304,0.0261711961295106,5.0,False,1.0,-0.63513865,True,True,Shared nonzero,0.0256934226392925,7.0,0.0256934226392925,#746A82,#CBD2D8,0.16,e0384
2.4,12.2,Not retained,0.0674114752336984,12.0,False,0.37932672,3.14939464,0.0321173372758192,5.0,False,1.0,0.30788161,True,True,Shared nonzero,0.0497644062547588,17.0,0.0497644062547588,#746A82,#CBD2D8,0.16,e0385
2.4,12.3,Not retained,0.0395053298754495,2.0,False,1.0,2.51857329,0.0,0.0,False,1.0,0.0,True,False,NSF only,0.01975266493772475,2.0,0.01975266493772475,#7890A3,#CBD2D8,0.16,e0386
2.4,12.4,Not retained,0.010358384880813,2.0,False,1.0,-1.70160402,0.0394265707820202,8.0,False,1.0,0.20645323,True,True,Shared nonzero,0.0248924778314166,10.0,0.0248924778314166,#746A82,#CBD2D8,0.16,e0387
2.4,12.5,Not retained,0.0506401244431947,12.0,False,1.0,1.03165605,0.0216409157720398,4.0,False,1.0,-0.9104632,True,True,Shared nonzero,0.03614052010761725,16.0,0.03614052010761725,#746A82,#CBD2D8,0.16,e0388
2.4,13.1,NSFC-specific,0.0923172997611562,59.0,False,1.0,-1.0225764,0.1579479071498901,71.0,True,2.21e-06,6.26216291,True,True,Shared nonzero,0.12513260345552316,130.0,0.12513260345552316,#746A82,#8B0000,0.88,e0389
2.4,13.2,Not retained,0.0226578606129372,5.0,False,1.0,-1.04736903,0.0458837907616598,15.0,False,1.0,-1.01669521,True,True,Shared nonzero,0.0342708256872985,20.0,0.0342708256872985,#746A82,#CBD2D8,0.16,e0390
2.4,15.1,Not retained,0.0253727575173518,6.0,False,1.0,-1.03325857,0.034683227969032,14.0,False,1.0,-3.06653822,True,True,Shared nonzero,0.0300279927431919,20.0,0.0300279927431919,#746A82,#CBD2D8,0.16,e0391
2.4,15.2,Not retained,0.0247612759120891,3.0,False,1.0,0.42931121,0.0119454620641874,2.0,False,1.0,-1.41429442,True,True,Shared nonzero,0.01835336898813825,5.0,0.01835336898813825,#746A82,#CBD2D8,0.16,e0392
2.4,15.3,Not retained,0.1076474933875286,9.0,False,0.00014695,7.56115554,0.090539954821498,23.0,False,0.14723415,3.52729165,True,True,Shared nonzero,0.09909372410451331,32.0,0.09909372410451331,#746A82,#CBD2D8,0.16,e0393
2.4,15.4,Not retained,0.0218373927360139,1.0,False,1.0,1.14609577,0.0053421730396336,1.0,False,1.0,-2.19616396,True,True,Shared nonzero,0.01358978288782375,2.0,0.01358978288782375,#746A82,#CBD2D8,0.16,e0394
2.4,15.5,Not retained,0.0305141318518342,8.0,False,1.0,-0.94837858,0.0144067693143032,4.0,False,1.0,-2.7677695,True,True,Shared nonzero,0.0224604505830687,12.0,0.0224604505830687,#746A82,#CBD2D8,0.16,e0395
2.4,15.9,Not retained,0.0385439855839353,3.0,False,1.0,2.08786019,0.0148376735296674,3.0,False,1.0,-1.66335936,True,True,Shared nonzero,0.026690829556801347,6.0,0.026690829556801347,#746A82,#CBD2D8,0.16,e0396
2.4,16.7,Not retained,0.0061357776595463,1.0,False,1.0,-1.65085315,0.0,0.0,False,1.0,0.0,True,False,NSF only,0.00306788882977315,1.0,0.00306788882977315,#7890A3,#CBD2D8,0.16,e0397
2.4,17.14,Not retained,0.0463241054612079,2.0,False,1.0,3.17220724,0.0,0.0,False,1.0,0.0,True,False,NSF only,0.02316205273060395,2.0,0.02316205273060395,#7890A3,#CBD2D8,0.16,e0398
2.4,17.16,Not retained,0.0092648210922415,1.0,False,1.0,-0.65421289,0.0,0.0,False,1.0,0.0,True,False,NSF only,0.00463241054612075,1.0,0.00463241054612075,#7890A3,#CBD2D8,0.16,e0399
2.4,17.17,Not retained,0.0163780445520104,2.0,False,1.0,-0.25482217,0.0,0.0,False,1.0,0.0,True,False,NSF only,0.0081890222760052,2.0,0.0081890222760052,#7890A3,#CBD2D8,0.16,e0400
2.4,3.9,Not retained,0.0,0.0,False,1.0,0.0,0.0223414495806309,6.0,False,1.0,-2.04698848,False,True,NSFC only,0.01117072479031545,6.0,0.01117072479031545,#B78484,#CBD2D8,0.16,e0401
2.4,6.1,Not retained,0.0039943480020145,1.0,False,1.0,-2.96042785,0.0,0.0,False,1.0,0.0,True,False,NSF only,0.00199717400100725,1.0,0.00199717400100725,#7890A3,#CBD2D8,0.16,e0402
2.4,6.3,Not retained,0.0898493478637887,36.0,False,1.0,2.16925313,0.0222181081386505,8.0,False,1.0,-3.41465796,True,True,Shared nonzero,0.0560337280012196,44.0,0.0560337280012196,#746A82,#CBD2D8,0.16,e0403
2.4,6.4,Shared,0.2045981324536684,53.0,True,0.0,13.20269154,0.1388964990304736,39.0,True,1.27e-06,6.90396028,True,True,Shared nonzero,0.171747315742071,92.0,0.171747315742071,#746A82,#003366,0.88,e0404
2.4,6.5,NSF-specific,0.1222452279424133,17.0,True,1.51e-06,8.14376228,0.00616861008498,1.0,False,1.0,-1.78471356,True,True,Shared nonzero,0.06420691901369666,18.0,0.06420691901369666,#746A82,#003366,0.88,e0405
2.4,6.6,Not retained,0.0155375773212195,3.0,False,1.0,-1.26176442,0.0161148897248272,4.0,False,1.0,-2.23640978,True,True,Shared nonzero,0.01582623352302335,7.0,0.01582623352302335,#746A82,#CBD2D8,0.16,e0406
2.4,7.1,Not retained,0.0134981846162454,3.0,False,1.0,-1.81203693,0.0,0.0,False,1.0,0.0,True,False,NSF only,0.0067490923081227,3.0,0.0067490923081227,#7890A3,#CBD2D8,0.16,e0407
2.4,7.2,Not retained,0.0511003830995936,17.0,False,1.0,-0.21914229,0.0172986103623426,3.0,False,1.0,-1.07792442,True,True,Shared nonzero,0.0341994967309681,20.0,0.0341994967309681,#746A82,#CBD2D8,0.16,e0408
2.4,7.3,Not retained,0.0246635979143288,6.0,False,1.0,-1.16945902,0.0103857223834015,2.0,False,1.0,-1.90681196,True,True,Shared nonzero,0.01752466014886515,8.0,0.01752466014886515,#746A82,#CBD2D8,0.16,e0409
2.4,9.1,Not retained,0.0050431298298148,2.0,False,1.0,-5.01545023,0.0,0.0,False,1.0,0.0,True,False,NSF only,0.0025215649149074,2.0,0.0025215649149074,#7890A3,#CBD2D8,0.16,e0410
2.4,9.4,Not retained,0.0047907249368043,1.0,False,1.0,-2.38229703,0.0057384143600611,1.0,False,1.0,-2.02257524,True,True,Shared nonzero,0.0052645696484327,2.0,0.0052645696484327,#746A82,#CBD2D8,0.16,e0411
2.4,9.5,Not retained,0.0123806379560445,1.0,False,1.0,-0.0478853,0.0,0.0,False,1.0,0.0,True,False,NSF only,0.00619031897802225,1.0,0.00619031897802225,#7890A3,#CBD2D8,0.16,e0412
2.5,15.3,Not retained,0.0,0.0,False,1.0,0.0,0.0475651494154494,1.0,False,1.0,3.27474904,False,True,NSFC only,0.0237825747077247,1.0,0.0237825747077247,#B78484,#CBD2D8,0.16,e0413
2.5,15.5,Not retained,0.0,0.0,False,1.0,0.0,0.0435194139889244,1.0,False,1.0,3.02545326,False,True,NSFC only,0.0217597069944622,1.0,0.0217597069944622,#B78484,#CBD2D8,0.16,e0414
3.1,13.1,Not retained,0.0238841088596215,1.0,False,1.0,1.60308967,0.0,0.0,False,1.0,0.0,True,False,NSF only,0.01194205442981075,1.0,0.01194205442981075,#7890A3,#CBD2D8,0.16,e0415
3.1,3.2,Not retained,1.0,1.0,False,0.02126631,70.70007143,0.0,0.0,False,1.0,0.0,True,False,NSF only,0.5,1.0,0.5,#7890A3,#CBD2D8,0.16,e0416
3.2,13.1,Not retained,0.0238841088596215,1.0,False,1.0,1.57110223,0.0,0.0,False,1.0,0.0,True,False,NSF only,0.01194205442981075,1.0,0.01194205442981075,#7890A3,#CBD2D8,0.16,e0417
3.3,11.2,Not retained,0.0407062750506652,4.0,False,1.0,2.01263216,0.0,0.0,False,1.0,0.0,True,False,NSF only,0.0203531375253326,4.0,0.0203531375253326,#7890A3,#CBD2D8,0.16,e0418
3.3,13.1,Not retained,0.016384363507259,4.0,False,1.0,-2.1403127,0.0,0.0,False,1.0,0.0,True,False,NSF only,0.0081921817536295,4.0,0.0081921817536295,#7890A3,#CBD2D8,0.16,e0419
3.3,13.3,Not retained,0.0127827498141228,1.0,False,1.0,0.0026557,0.0,0.0,False,1.0,0.0,True,False,NSF only,0.0063913749070614,1.0,0.0063913749070614,#7890A3,#CBD2D8,0.16,e0420
3.3,3.9,Not retained,0.0640774209111271,7.0,False,0.21219076,3.79569843,0.0212094920991925,1.0,False,1.0,0.95347919,True,True,Shared nonzero,0.0426434565051598,8.0,0.0426434565051598,#746A82,#CBD2D8,0.16,e0421
3.3,3.d,Not retained,0.1714985851425088,5.0,False,3.238e-05,13.34994317,0.1529438225803745,2.0,False,0.05730534,11.01854565,True,True,Shared nonzero,0.16222120386144165,7.0,0.16222120386144165,#746A82,#CBD2D8,0.16,e0422
3.3,6.1,Other stable,0.1254774393982617,12.0,True,1.62e-06,8.82181349,0.0695048046856915,1.0,False,1.0,5.05901716,True,True,Shared nonzero,0.0974911220419766,13.0,0.0974911220419766,#746A82,#7F99B2,0.62,e0423
3.3,6.3,Not retained,0.0196007272440293,3.0,False,1.0,-0.42939371,0.0158192999292083,1.0,False,1.0,0.36106214,True,True,Shared nonzero,0.0177100135866188,4.0,0.0177100135866188,#746A82,#CBD2D8,0.16,e0424
3.3,7.3,Not retained,0.0,0.0,False,1.0,0.0,0.0295785503138704,1.0,False,1.0,1.78575658,False,True,NSFC only,0.0147892751569352,1.0,0.0147892751569352,#B78484,#CBD2D8,0.16,e0425
3.4,10.2,Not retained,0.0,0.0,False,1.0,0.0,0.0137269943897579,1.0,False,1.0,0.04703642,False,True,NSFC only,0.00686349719487895,1.0,0.00686349719487895,#B78484,#CBD2D8,0.16,e0426
3.4,10.3,Not retained,0.0,0.0,False,1.0,0.0,0.0919844099636547,4.0,False,0.0494601,6.48401016,False,True,NSFC only,0.04599220498182735,4.0,0.04599220498182735,#B78484,#CBD2D8,0.16,e0427
3.4,11.1,Not retained,0.0936585811581694,3.0,False,0.06069204,6.92551516,0.0172644893681962,1.0,False,1.0,0.53288512,True,True,Shared nonzero,0.0554615352631828,4.0,0.0554615352631828,#746A82,#CBD2D8,0.16,e0428
3.4,11.2,Not retained,0.0,0.0,False,1.0,0.0,0.0216079116727228,3.0,False,1.0,-0.26878689,False,True,NSFC only,0.0108039558363614,3.0,0.0108039558363614,#B78484,#CBD2D8,0.16,e0429
3.4,11.3,Other stable,0.0178685422472965,1.0,False,1.0,0.70711133,0.0947080416189507,21.0,True,0.0118903,4.46901077,True,True,Shared nonzero,0.0562882919331236,22.0,0.0562882919331236,#746A82,#C57F7F,0.62,e0430
3.4,11.5,Not retained,0.0202278348515683,3.0,False,1.0,-0.32378088,0.0,0.0,False,1.0,0.0,True,False,NSF only,0.01011391742578415,3.0,0.01011391742578415,#7890A3,#CBD2D8,0.16,e0431
3.4,11.6,Not retained,0.0,0.0,False,1.0,0.0,0.0109790718772764,2.0,False,1.0,-1.73084183,False,True,NSFC only,0.0054895359386382,2.0,0.0054895359386382,#B78484,#CBD2D8,0.16,e0432
3.4,11.7,NSFC-specific,0.1178511301977579,2.0,False,0.09568066,9.14432509,0.238545931452117,19.0,True,0.0,16.8075265,True,True,Shared nonzero,0.17819853082493745,21.0,0.17819853082493745,#746A82,#8B0000,0.88,e0433
3.4,11.b,Not retained,0.0,0.0,False,1.0,0.0,0.0096786783699165,1.0,False,1.0,-0.68858622,False,True,NSFC only,0.00483933918495825,1.0,0.00483933918495825,#B78484,#CBD2D8,0.16,e0434
3.4,13.1,Not retained,0.0337772306744722,6.0,False,1.0,0.49253426,0.014601695582442,3.0,False,1.0,-1.8115839,True,True,Shared nonzero,0.0241894631284571,9.0,0.0241894631284571,#746A82,#CBD2D8,0.16,e0435
3.4,13.2,Not retained,0.0,0.0,False,1.0,0.0,0.006692594925637,1.0,False,1.0,-1.56159753,False,True,NSFC only,0.0033462974628185,1.0,0.0033462974628185,#B78484,#CBD2D8,0.16,e0436
3.4,3.9,Not retained,0.0125808559349399,1.0,False,1.0,-0.01545596,0.0570275410601825,7.0,False,1.0,2.65683958,True,True,Shared nonzero,0.0348041984975612,8.0,0.0348041984975612,#746A82,#CBD2D8,0.16,e0437
3.4,6.1,Not retained,0.0431130613559226,3.0,False,1.0,2.53894044,0.0,0.0,False,1.0,0.0,True,False,NSF only,0.0215565306779613,3.0,0.0215565306779613,#7890A3,#CBD2D8,0.16,e0438
3.4,6.2,Not retained,0.1490711984999859,2.0,False,0.04196348,12.28264894,0.0,0.0,False,1.0,0.0,True,False,NSF only,0.07453559924999295,2.0,0.07453559924999295,#7890A3,#CBD2D8,0.16,e0439
3.4,7.3,Not retained,0.0,0.0,False,1.0,0.0,0.0113614358853784,1.0,False,1.0,-0.34741601,False,True,NSFC only,0.0056807179426892,1.0,0.0056807179426892,#B78484,#CBD2D8,0.16,e0440
3.4,9.1,Not retained,0.0090721842325302,1.0,False,1.0,-0.72669738,0.0,0.0,False,1.0,0.0,True,False,NSF only,0.0045360921162651,1.0,0.0045360921162651,#7890A3,#CBD2D8,0.16,e0441
3.5,6.3,Not retained,0.0,0.0,False,1.0,0.0,0.0474578997876249,1.0,False,1.0,3.27868971,False,True,NSFC only,0.02372894989381245,1.0,0.02372894989381245,#B78484,#CBD2D8,0.16,e0442
3.6,11.2,Shared,0.3330397768401644,42.0,True,0.0,25.3414101,0.1968903826620542,28.0,True,0.0,13.2079205,True,True,Shared nonzero,0.2649650797511093,70.0,0.2649650797511093,#746A82,#003366,0.88,e0443
3.6,11.3,Not retained,0.0101305112309138,1.0,False,1.0,-0.46668773,0.0,0.0,False,1.0,0.0,True,False,NSF only,0.0050652556154569,1.0,0.0050652556154569,#7890A3,#CBD2D8,0.16,e0444
3.6,11.6,Not retained,0.0078201405886231,1.0,False,1.0,-1.03488416,0.0053593307857034,1.0,False,1.0,-2.20141612,True,True,Shared nonzero,0.006589735687163249,2.0,0.006589735687163249,#746A82,#CBD2D8,0.16,e0445
3.6,3.9,Not retained,0.0,0.0,False,1.0,0.0,0.0159071190743944,2.0,False,1.0,-0.52754753,False,True,NSFC only,0.0079535595371972,2.0,0.0079535595371972,#B78484,#CBD2D8,0.16,e0446
3.6,6.3,Not retained,0.0050909212081574,1.0,False,1.0,-2.22550553,0.0,0.0,False,1.0,0.0,True,False,NSF only,0.0025454606040787,1.0,0.0025454606040787,#7890A3,#CBD2D8,0.16,e0447
3.6,7.3,Not retained,0.0083847308863192,1.0,False,1.0,-0.8730147,0.0221839127354028,2.0,False,1.0,0.45541591,True,True,Shared nonzero,0.015284321810861,3.0,0.015284321810861,#746A82,#CBD2D8,0.16,e0448
3.6,9.1,Not retained,0.0205737799949455,4.0,False,1.0,-0.90099041,0.0072777813717447,1.0,False,1.0,-1.33405398,True,True,Shared nonzero,0.013925780683345101,5.0,0.013925780683345101,#746A82,#CBD2D8,0.16,e0449
3.6,9.4,Not retained,0.0097720388124263,1.0,False,1.0,-0.52811778,0.0,0.0,False,1.0,0.0,True,False,NSF only,0.00488601940621315,1.0,0.00488601940621315,#7890A3,#CBD2D8,0.16,e0450
3.8,10.3,Not retained,0.0,0.0,False,1.0,0.0,0.0898026510133874,1.0,False,1.0,7.03563814,False,True,NSFC only,0.0449013255066937,1.0,0.0449013255066937,#B78484,#CBD2D8,0.16,e0451
3.8,11.2,Not retained,0.0,0.0,False,1.0,0.0,0.0281271975231506,1.0,False,1.0,1.67351406,False,True,NSFC only,0.0140635987615753,1.0,0.0140635987615753,#B78484,#CBD2D8,0.16,e0452
3.8,11.3,Not retained,0.0,0.0,False,1.0,0.0,0.0352234976838173,2.0,False,1.0,2.0116577,False,True,NSFC only,0.01761174884190865,2.0,0.01761174884190865,#B78484,#CBD2D8,0.16,e0453
3.8,11.5,Not retained,0.0,0.0,False,1.0,0.0,0.0208152723560906,1.0,False,1.0,0.93037198,False,True,NSFC only,0.0104076361780453,1.0,0.0104076361780453,#B78484,#CBD2D8,0.16,e0454
3.8,13.2,Not retained,0.0,0.0,False,1.0,0.0,0.0261354186744658,1.0,False,1.0,1.48681629,False,True,NSFC only,0.0130677093372329,1.0,0.0130677093372329,#B78484,#CBD2D8,0.16,e0455
3.9,10.1,Not retained,0.0,0.0,False,1.0,0.0,0.0636284762975777,1.0,False,1.0,4.65548809,False,True,NSFC only,0.03181423814878885,1.0,0.03181423814878885,#B78484,#CBD2D8,0.16,e0456
3.9,10.2,Not retained,0.0440077460450158,11.0,False,1.0,0.29877887,0.0,0.0,False,1.0,0.0,True,False,NSF only,0.0220038730225079,11.0,0.0220038730225079,#7890A3,#CBD2D8,0.16,e0457
3.9,10.3,Not retained,0.066687509770714,8.0,False,0.16574501,3.87844365,0.0114280117029299,1.0,False,1.0,-0.31486554,True,True,Shared nonzero,0.03905776073682195,9.0,0.03905776073682195,#746A82,#CBD2D8,0.16,e0458
3.9,10.4,Not retained,0.0,0.0,False,1.0,0.0,0.038369414883834,2.0,False,1.0,2.23821506,False,True,NSFC only,0.019184707441917,2.0,0.019184707441917,#B78484,#CBD2D8,0.16,e0459
3.9,11.1,Not retained,0.0070698306997308,1.0,False,1.0,-1.28607426,0.0,0.0,False,1.0,0.0,True,False,NSF only,0.0035349153498654,1.0,0.0035349153498654,#7890A3,#CBD2D8,0.16,e0460
3.9,11.2,Not retained,0.0,0.0,False,1.0,0.0,0.0071587628836763,2.0,False,1.0,-3.39696476,False,True,NSFC only,0.00357938144183815,2.0,0.00357938144183815,#B78484,#CBD2D8,0.16,e0461
3.9,11.3,Not retained,0.0,0.0,False,1.0,0.0,0.0044824349749851,2.0,False,1.0,-6.26444912,False,True,NSFC only,0.00224121748749255,2.0,0.00224121748749255,#B78484,#CBD2D8,0.16,e0462
3.9,11.4,Not retained,0.0129455939563436,1.0,False,1.0,0.02733611,0.0,0.0,False,1.0,0.0,True,False,NSF only,0.0064727969781718,1.0,0.0064727969781718,#7890A3,#CBD2D8,0.16,e0463
3.9,11.5,Not retained,0.0259573145666205,17.0,False,1.0,-7.09394204,0.0026488881274742,1.0,False,1.0,-5.27209478,True,True,Shared nonzero,0.01430310134704735,18.0,0.01430310134704735,#746A82,#CBD2D8,0.16,e0464
3.9,11.6,Shared,0.2561349652031931,82.0,True,0.0,17.3952479,0.2564365510054938,94.0,True,0.0,15.21513286,True,True,Shared nonzero,0.25628575810434345,176.0,0.25628575810434345,#746A82,#8B0000,0.88,e0465
3.9,11.b,Not retained,0.0,0.0,False,1.0,0.0,0.0048098607024388,1.0,False,1.0,-2.53885198,False,True,NSFC only,0.0024049303512194,1.0,0.0024049303512194,#B78484,#CBD2D8,0.16,e0466
3.9,12.2,Not retained,0.0,0.0,False,1.0,0.0,0.0069841326150751,1.0,False,1.0,-1.4454061,False,True,NSFC only,0.00349206630753755,1.0,0.00349206630753755,#B78484,#CBD2D8,0.16,e0467
3.9,12.4,Shared,0.097054189345518,23.0,True,0.00395479,4.80975346,0.1553960462907677,29.0,True,0.0,9.3883996,True,True,Shared nonzero,0.12622511781814286,52.0,0.12622511781814286,#746A82,#8B0000,0.88,e0468
3.9,12.5,Not retained,0.0137530148462504,4.0,False,1.0,-2.77146656,0.0,0.0,False,1.0,0.0,True,False,NSF only,0.0068765074231252,4.0,0.0068765074231252,#7890A3,#CBD2D8,0.16,e0469
3.9,12.8,Not retained,0.0,0.0,False,1.0,0.0,0.0164288019363381,1.0,False,1.0,0.45910441,False,True,NSFC only,0.00821440096816905,1.0,0.00821440096816905,#B78484,#CBD2D8,0.16,e0470
3.9,13.1,Not retained,0.0293213066367771,23.0,False,1.0,-9.28900479,0.016931542152312,7.0,False,1.0,-4.61378972,True,True,Shared nonzero,0.02312642439454455,30.0,0.02312642439454455,#746A82,#CBD2D8,0.16,e0471
3.9,13.2,Not retained,0.0295367893491067,8.0,False,1.0,-1.18776243,0.0432368785590435,13.0,False,1.0,-0.8570493,True,True,Shared nonzero,0.0363868339540751,21.0,0.0363868339540751,#746A82,#CBD2D8,0.16,e0472
3.9,13.3,Not retained,0.0119352479006572,3.0,False,1.0,-2.34121579,0.0,0.0,False,1.0,0.0,True,False,NSF only,0.0059676239503286,3.0,0.0059676239503286,#7890A3,#CBD2D8,0.16,e0473
3.9,15.1,Not retained,0.0034454092941446,1.0,False,1.0,-3.60076054,0.0,0.0,False,1.0,0.0,True,False,NSF only,0.0017227046470723,1.0,0.0017227046470723,#7890A3,#CBD2D8,0.16,e0474
3.9,15.2,Not retained,0.0134495007259733,2.0,False,1.0,-0.84119796,0.0,0.0,False,1.0,0.0,True,False,NSF only,0.00672475036298665,2.0,0.00672475036298665,#7890A3,#CBD2D8,0.16,e0475
3.9,15.3,Not retained,0.0097450891034114,1.0,False,1.0,-0.55223075,0.0128403434786459,3.0,False,1.0,-2.28868728,True,True,Shared nonzero,0.01129271629102865,4.0,0.01129271629102865,#746A82,#CBD2D8,0.16,e0476
3.9,15.5,Not retained,0.0,0.0,False,1.0,0.0,0.0039160620081059,1.0,False,1.0,-3.28281141,False,True,NSFC only,0.00195803100405295,1.0,0.00195803100405295,#B78484,#CBD2D8,0.16,e0477
3.9,16.6,Not retained,0.0177920170894541,2.0,False,1.0,-0.02609684,0.0,0.0,False,1.0,0.0,True,False,NSF only,0.00889600854472705,2.0,0.00889600854472705,#7890A3,#CBD2D8,0.16,e0478
3.9,16.7,Not retained,0.0249956261481026,5.0,False,1.0,-0.58749132,0.0,0.0,False,1.0,0.0,True,False,NSF only,0.0124978130740513,5.0,0.0124978130740513,#7890A3,#CBD2D8,0.16,e0479
3.9,17.14,Not retained,0.0,0.0,False,1.0,0.0,0.019184707441917,1.0,False,1.0,0.77583113,False,True,NSFC only,0.0095923537209585,1.0,0.0095923537209585,#B78484,#CBD2D8,0.16,e0480
3.9,17.17,Not retained,0.0066720064085452,1.0,False,1.0,-1.43444676,0.0,0.0,False,1.0,0.0,True,False,NSF only,0.0033360032042726,1.0,0.0033360032042726,#7890A3,#CBD2D8,0.16,e0481
3.9,3.d,Not retained,0.0320256307610174,3.0,False,1.0,1.40101193,0.0583894943394978,4.0,False,0.84867225,3.54153484,True,True,Shared nonzero,0.045207562550257596,7.0,0.045207562550257596,#746A82,#CBD2D8,0.16,e0482
3.9,6.1,Other stable,0.1952637169799124,60.0,True,0.0,12.08592573,0.1061396356202711,8.0,False,0.00070528,7.14727585,True,True,Shared nonzero,0.15070167630009174,68.0,0.15070167630009174,#746A82,#7F99B2,0.62,e0483
3.9,6.2,Not retained,0.0337579789027888,2.0,False,1.0,1.9374041,0.0,0.0,False,1.0,0.0,True,False,NSF only,0.0168789894513944,2.0,0.0168789894513944,#7890A3,#CBD2D8,0.16,e0484
3.9,6.3,NSF-specific,0.2135138884625772,105.0,True,0.0,11.57987728,0.1026689109601703,34.0,False,0.13589199,3.38312098,True,True,Shared nonzero,0.15809139971137376,139.0,0.15809139971137376,#746A82,#003366,0.88,e0485
3.9,6.4,Not retained,0.0125808559349399,4.0,False,1.0,-3.20888531,0.0077446115039702,2.0,False,1.0,-3.04507686,True,True,Shared nonzero,0.01016273371945505,6.0,0.01016273371945505,#746A82,#CBD2D8,0.16,e0486
3.9,6.6,Not retained,0.0084394947256972,2.0,False,1.0,-2.41902014,0.0087607299095932,2.0,False,1.0,-2.516759,True,True,Shared nonzero,0.0086001123176452,4.0,0.0086001123176452,#746A82,#CBD2D8,0.16,e0487
3.9,6.b,Not retained,0.0166718774426785,2.0,False,1.0,-0.22730904,0.0,0.0,False,1.0,0.0,True,False,NSF only,0.00833593872133925,2.0,0.00833593872133925,#7890A3,#CBD2D8,0.16,e0488
3.9,7.1,Not retained,0.0036658822517881,1.0,False,1.0,-3.36044503,0.0078321240162119,1.0,False,1.0,-1.17479452,True,True,Shared nonzero,0.005749003133999999,2.0,0.005749003133999999,#746A82,#CBD2D8,0.16,e0489
3.9,7.3,Not retained,0.0100473339671057,3.0,False,1.0,-3.14843654,0.0112922285253769,2.0,False,1.0,-1.58789423,True,True,Shared nonzero,0.0106697812462413,5.0,0.0106697812462413,#746A82,#CBD2D8,0.16,e0490
3.9,9.1,Not retained,0.0041088903424091,2.0,False,1.0,-6.42768921,0.0037045931160881,1.0,False,1.0,-3.54501622,True,True,Shared nonzero,0.0039067417292486,3.0,0.0039067417292486,#746A82,#CBD2D8,0.16,e0491
3.9,9.4,Not retained,0.0195162172006746,5.0,False,1.0,-1.80448205,0.0062392854281062,1.0,False,1.0,-1.73567373,True,True,Shared nonzero,0.0128777513143904,6.0,0.0128777513143904,#746A82,#CBD2D8,0.16,e0492
3.d,11.3,Not retained,0.0,0.0,False,1.0,0.0,0.0242424737118629,3.0,False,1.0,0.14137859,False,True,NSFC only,0.01212123685593145,3.0,0.01212123685593145,#B78484,#CBD2D8,0.16,e0493
3.d,11.5,Not retained,0.0171638870307186,3.0,False,1.0,-0.96600094,0.0191014039331526,2.0,False,1.0,0.02873605,True,True,Shared nonzero,0.0181326454819356,5.0,0.0181326454819356,#746A82,#CBD2D8,0.16,e0494
3.d,11.6,Not retained,0.011704114719613,1.0,False,1.0,-0.15869177,0.0,0.0,False,1.0,0.0,True,False,NSF only,0.0058520573598065,1.0,0.0058520573598065,#7890A3,#CBD2D8,0.16,e0495
3.d,11.7,Not retained,0.05,1.0,False,1.0,3.59299258,0.0,0.0,False,1.0,0.0,True,False,NSF only,0.025,1.0,0.025,#7890A3,#CBD2D8,0.16,e0496
3.d,11.b,Not retained,0.0,0.0,False,1.0,0.0,0.0173421993904824,1.0,False,1.0,0.51150146,False,True,NSFC only,0.0086710996952412,1.0,0.0086710996952412,#B78484,#CBD2D8,0.16,e0497
3.d,13.1,Not retained,0.0382145741753945,8.0,False,1.0,0.420543,0.0261632328869318,3.0,False,1.0,0.42466458,True,True,Shared nonzero,0.032188903531163146,11.0,0.032188903531163146,#746A82,#CBD2D8,0.16,e0498
3.d,13.3,Not retained,0.0298142396999972,2.0,False,1.0,1.53767433,0.0,0.0,False,1.0,0.0,True,False,NSF only,0.0149071198499986,2.0,0.0149071198499986,#7890A3,#CBD2D8,0.16,e0499
3.d,6.1,Not retained,0.0487768608679753,4.0,False,1.0,2.87474028,0.0,0.0,False,1.0,0.0,True,False,NSF only,0.02438843043398765,4.0,0.02438843043398765,#7890A3,#CBD2D8,0.16,e0500
3.d,6.3,Not retained,0.0152387863551891,2.0,False,1.0,-0.48862123,0.0108875889077335,1.0,False,1.0,-0.44086916,True,True,Shared nonzero,0.0130631876314613,3.0,0.0130631876314613,#746A82,#CBD2D8,0.16,e0501
3.d,9.1,Not retained,0.038490017945975,5.0,False,1.0,1.47199,0.0,0.0,False,1.0,0.0,True,False,NSF only,0.0192450089729875,5.0,0.0192450089729875,#7890A3,#CBD2D8,0.16,e0502
6.1,10.2,Not retained,0.0137099260913586,3.0,False,1.0,-1.76583083,0.0,0.0,False,1.0,0.0,True,False,NSF only,0.0068549630456793,3.0,0.0068549630456793,#7890A3,#CBD2D8,0.16,e0503
6.1,10.3,Not retained,0.009522082318586,1.0,False,1.0,-0.60084395,0.0374502943136569,1.0,False,1.0,2.39836209,True,True,Shared nonzero,0.02348618831612145,2.0,0.02348618831612145,#746A82,#CBD2D8,0.16,e0504
6.1,11.1,Not retained,0.0,0.0,False,1.0,0.0,0.0281160778557766,1.0,False,1.0,1.61329027,False,True,NSFC only,0.0140580389278883,1.0,0.0140580389278883,#B78484,#CBD2D8,0.16,e0505
6.1,11.5,Not retained,0.0348833554021255,20.0,False,1.0,-5.16747968,0.0,0.0,False,1.0,0.0,True,False,NSF only,0.01744167770106275,20.0,0.01744167770106275,#7890A3,#CBD2D8,0.16,e0506
6.1,11.a,Not retained,0.0117338890634793,1.0,False,1.0,-0.16469263,0.0,0.0,False,1.0,0.0,True,False,NSF only,0.00586694453173965,1.0,0.00586694453173965,#7890A3,#CBD2D8,0.16,e0507
6.1,12.2,Not retained,0.0052282266415942,1.0,False,1.0,-2.07919325,0.0,0.0,False,1.0,0.0,True,False,NSF only,0.0026141133207971,1.0,0.0026141133207971,#7890A3,#CBD2D8,0.16,e0508
6.1,12.5,Not retained,0.0,0.0,False,1.0,0.0,0.0192771643988746,1.0,False,1.0,0.77400329,False,True,NSFC only,0.0096385821994373,1.0,0.0096385821994373,#B78484,#CBD2D8,0.16,e0509
6.1,13.1,Not retained,0.0262123167330301,18.0,False,1.0,-8.11445274,0.0,0.0,False,1.0,0.0,True,False,NSF only,0.01310615836651505,18.0,0.01310615836651505,#7890A3,#CBD2D8,0.16,e0510
6.1,16.6,Not retained,0.020323692028323,2.0,False,1.0,0.36597019,0.0,0.0,False,1.0,0.0,True,False,NSF only,0.0101618460141615,2.0,0.0101618460141615,#7890A3,#CBD2D8,0.16,e0511
6.1,16.7,Not retained,0.005710464477805,1.0,False,1.0,-1.82818479,0.0,0.0,False,1.0,0.0,True,False,NSF only,0.0028552322389025,1.0,0.0028552322389025,#7890A3,#CBD2D8,0.16,e0512
6.1,17.16,Not retained,0.0086226122711845,1.0,False,1.0,-0.83362249,0.0,0.0,False,1.0,0.0,True,False,NSF only,0.00431130613559225,1.0,0.00431130613559225,#7890A3,#CBD2D8,0.16,e0513
6.1,6.2,Not retained,0.1735267246379322,9.0,False,0.0,13.36476987,0.0,0.0,False,1.0,0.0,True,False,NSF only,0.0867633623189661,9.0,0.0867633623189661,#7890A3,#CBD2D8,0.16,e0514
6.1,6.3,Other stable,0.2206672355473973,95.0,True,0.0,12.7362844,0.0494782808329799,5.0,False,1.0,2.45898755,True,True,Shared nonzero,0.1350727581901886,100.0,0.1350727581901886,#746A82,#7F99B2,0.62,e0515
6.1,6.4,Other stable,0.0934116329378324,26.0,True,0.03373362,4.01043096,0.038069349381344,3.0,False,1.0,1.82762527,True,True,Shared nonzero,0.0657404911595882,29.0,0.0657404911595882,#746A82,#7F99B2,0.62,e0516
6.1,6.5,Not retained,0.0066924450472417,1.0,False,1.0,-1.40944235,0.0219793491131929,1.0,False,1.0,1.05249949,True,True,Shared nonzero,0.014335897080217302,2.0,0.014335897080217302,#746A82,#CBD2D8,0.16,e0517
6.1,6.6,Not retained,0.0048201867954981,1.0,False,1.0,-2.33945267,0.0,0.0,False,1.0,0.0,True,False,NSF only,0.00241009339774905,1.0,0.00241009339774905,#7890A3,#CBD2D8,0.16,e0518
6.1,6.b,NSF-specific,0.142831234778791,15.0,True,1e-08,10.15182565,0.0,0.0,False,1.0,0.0,True,False,NSF only,0.0714156173893955,15.0,0.0714156173893955,#7890A3,#003366,0.88,e0519
6.1,7.1,Not retained,0.0251250641867694,6.0,False,1.0,-1.08863564,0.0256663501169672,1.0,False,1.0,1.37678803,True,True,Shared nonzero,0.0253957071518683,7.0,0.0253957071518683,#746A82,#CBD2D8,0.16,e0520
6.1,7.2,Not retained,0.0111901793319288,4.0,False,1.0,-3.89075758,0.0,0.0,False,1.0,0.0,True,False,NSF only,0.0055950896659644,4.0,0.0055950896659644,#7890A3,#CBD2D8,0.16,e0521
6.1,7.3,Not retained,0.0038256655635034,1.0,False,1.0,-3.16123256,0.0,0.0,False,1.0,0.0,True,False,NSF only,0.0019128327817517,1.0,0.0019128327817517,#7890A3,#CBD2D8,0.16,e0522
6.1,9.1,Not retained,0.0492823340666134,21.0,False,1.0,-1.65630545,0.0,0.0,False,1.0,0.0,True,False,NSF only,0.0246411670333067,21.0,0.0246411670333067,#7890A3,#CBD2D8,0.16,e0523
6.1,9.4,Not retained,0.0044586466610295,1.0,False,1.0,-2.58353086,0.0,0.0,False,1.0,0.0,True,False,NSF only,0.00222932333051475,1.0,0.00222932333051475,#7890A3,#CBD2D8,0.16,e0524
6.1,9.5,Not retained,0.0115224503206304,1.0,False,1.0,-0.20125861,0.0,0.0,False,1.0,0.0,True,False,NSF only,0.0057612251603152,1.0,0.0057612251603152,#7890A3,#CBD2D8,0.16,e0525
6.2,6.3,Not retained,0.0481892736590934,4.0,False,1.0,2.90373603,0.0547996624351191,2.0,False,1.0,3.6823527,True,True,Shared nonzero,0.05149446804710625,6.0,0.05149446804710625,#746A82,#CBD2D8,0.16,e0526
6.2,6.4,Not retained,0.0186338998124982,1.0,False,1.0,0.80137577,0.0,0.0,False,1.0,0.0,True,False,NSF only,0.0093169499062491,1.0,0.0093169499062491,#7890A3,#CBD2D8,0.16,e0527
6.2,6.b,Not retained,0.0,0.0,False,1.0,0.0,0.5773502691896258,1.0,False,0.07550216,57.72347962,False,True,NSFC only,0.2886751345948129,1.0,0.2886751345948129,#B78484,#CBD2D8,0.16,e0528
6.2,7.1,Not retained,0.0217186121381534,1.0,False,1.0,1.08670496,0.0,0.0,False,1.0,0.0,True,False,NSF only,0.0108593060690767,1.0,0.0108593060690767,#7890A3,#CBD2D8,0.16,e0529
6.2,7.2,Not retained,0.0145095250022002,1.0,False,1.0,0.28317543,0.0568880123988574,1.0,False,1.0,3.80539535,True,True,Shared nonzero,0.0356987687005288,2.0,0.0356987687005288,#746A82,#CBD2D8,0.16,e0530
6.2,9.1,Not retained,0.0121716123890036,1.0,False,1.0,-0.08111965,0.0,0.0,False,1.0,0.0,True,False,NSF only,0.0060858061945018,1.0,0.0060858061945018,#7890A3,#CBD2D8,0.16,e0531
6.3,10.2,Not retained,0.008566464956289,3.0,False,1.0,-4.0999463,0.0,0.0,False,1.0,0.0,True,False,NSF only,0.0042832324781445,3.0,0.0042832324781445,#7890A3,#CBD2D8,0.16,e0532
6.3,10.3,Not retained,0.0059497464792666,1.0,False,1.0,-1.74992173,0.0,0.0,False,1.0,0.0,True,False,NSF only,0.0029748732396333,1.0,0.0029748732396333,#7890A3,#CBD2D8,0.16,e0533
6.3,11.3,Not retained,0.0115524941223858,4.0,False,1.0,-3.7391478,0.0117014325627377,7.0,False,1.0,-8.1955449,True,True,Shared nonzero,0.01162696334256175,11.0,0.01162696334256175,#746A82,#CBD2D8,0.16,e0534
6.3,11.4,Not retained,0.0,0.0,False,1.0,0.0,0.0053735490018263,1.0,False,1.0,-2.19199481,False,True,NSFC only,0.00268677450091315,1.0,0.00268677450091315,#B78484,#CBD2D8,0.16,e0535
6.3,11.5,Not retained,0.0272455007797629,25.0,False,1.0,-11.23548724,0.0414896626001537,21.0,False,1.0,-4.08033931,True,True,Shared nonzero,0.0343675816899583,46.0,0.0343675816899583,#746A82,#CBD2D8,0.16,e0536
6.3,11.6,Not retained,0.0156061940727707,7.0,False,1.0,-4.80776924,0.0284863693359442,14.0,False,1.0,-4.89563828,True,True,Shared nonzero,0.02204628170435745,21.0,0.02204628170435745,#746A82,#CBD2D8,0.16,e0537
6.3,11.7,Not retained,0.0095242414719932,1.0,False,1.0,-0.61752215,0.0,0.0,False,1.0,0.0,True,False,NSF only,0.0047621207359966,1.0,0.0047621207359966,#7890A3,#CBD2D8,0.16,e0538
6.3,11.b,Not retained,0.0,0.0,False,1.0,0.0,0.0071749600333417,2.0,False,1.0,-3.43214992,False,True,NSFC only,0.00358748001667085,2.0,0.00358748001667085,#B78484,#CBD2D8,0.16,e0539
6.3,12.2,Not retained,0.0424682423620636,13.0,False,1.0,-0.5776531,0.0312550875051212,6.0,False,1.0,-0.26615246,True,True,Shared nonzero,0.0368616649335924,19.0,0.0368616649335924,#746A82,#CBD2D8,0.16,e0540
6.3,12.4,Shared,0.1505914801846671,50.0,True,0.0,8.22413339,0.1079102559850128,27.0,True,0.00232609,4.99794175,True,True,Shared nonzero,0.12925086808483993,77.0,0.12925086808483993,#746A82,#003366,0.88,e0541
6.3,12.5,Not retained,0.0809833629742638,33.0,False,1.0,1.33025863,0.0701997501990208,16.0,False,1.0,2.26485583,True,True,Shared nonzero,0.0755915565866423,49.0,0.0755915565866423,#746A82,#CBD2D8,0.16,e0542
6.3,13.1,Not retained,0.0327568348976269,36.0,False,1.0,-14.11976556,0.0126285505715459,7.0,False,1.0,-7.26459484,True,True,Shared nonzero,0.0226926927345864,43.0,0.0226926927345864,#746A82,#CBD2D8,0.16,e0543
6.3,13.2,Not retained,0.0,0.0,False,1.0,0.0,0.0074419924821625,3.0,False,1.0,-5.23692227,False,True,NSFC only,0.00372099624108125,3.0,0.00372099624108125,#B78484,#CBD2D8,0.16,e0544
6.3,13.3,Not retained,0.0085187405461998,3.0,False,1.0,-4.11026746,0.0,0.0,False,1.0,0.0,True,False,NSF only,0.0042593702730999,3.0,0.0042593702730999,#7890A3,#CBD2D8,0.16,e0545
6.3,15.1,Not retained,0.0196731885900201,8.0,False,1.0,-3.94142519,0.0220995841006991,11.0,False,1.0,-5.5173339,True,True,Shared nonzero,0.020886386345359602,19.0,0.020886386345359602,#746A82,#CBD2D8,0.16,e0546
6.3,15.2,Not retained,0.0191990661801309,4.0,False,1.0,-1.193859,0.0,0.0,False,1.0,0.0,True,False,NSF only,0.00959953309006545,4.0,0.00959953309006545,#7890A3,#CBD2D8,0.16,e0547
6.3,15.3,Not retained,0.0,0.0,False,1.0,0.0,0.0159618190236693,5.0,False,1.0,-3.21170317,False,True,NSFC only,0.00798090951183465,5.0,0.00798090951183465,#B78484,#CBD2D8,0.16,e0548
6.3,15.5,Not retained,0.0133085466556553,6.0,False,1.0,-4.99275756,0.0146041591090162,5.0,False,1.0,-3.7794928,True,True,Shared nonzero,0.013956352882335751,11.0,0.013956352882335751,#746A82,#CBD2D8,0.16,e0549
6.3,15.9,Not retained,0.0074714297104404,1.0,False,1.0,-1.18199051,0.0080218491851981,2.0,False,1.0,-2.88234174,True,True,Shared nonzero,0.00774663944781925,3.0,0.00774663944781925,#746A82,#CBD2D8,0.16,e0550
6.3,16.6,Not retained,0.0126989886293243,2.0,False,1.0,-1.0440937,0.0167789013803506,2.0,False,1.0,-0.35251668,True,True,Shared nonzero,0.01473894500483745,4.0,0.01473894500483745,#746A82,#CBD2D8,0.16,e0551
6.3,16.7,Not retained,0.0178405388574936,5.0,False,1.0,-2.29334026,0.0106119089994502,1.0,False,1.0,-0.49112936,True,True,Shared nonzero,0.0142262239284719,6.0,0.0142262239284719,#746A82,#CBD2D8,0.16,e0552
6.3,17.14,Not retained,0.0269386229220182,2.0,False,1.0,1.24407769,0.0,0.0,False,1.0,0.0,True,False,NSF only,0.0134693114610091,2.0,0.0134693114610091,#7890A3,#CBD2D8,0.16,e0553
6.3,17.17,Not retained,0.0095242414719932,2.0,False,1.0,-2.05580107,0.0,0.0,False,1.0,0.0,True,False,NSF only,0.0047621207359966,2.0,0.0047621207359966,#7890A3,#CBD2D8,0.16,e0554
6.3,17.6,Not retained,0.0170374810923996,3.0,False,1.0,-0.97084769,0.0,0.0,False,1.0,0.0,True,False,NSF only,0.0085187405461998,3.0,0.0085187405461998,#7890A3,#CBD2D8,0.16,e0555
6.3,17.9,Not retained,0.015553021195625,1.0,False,1.0,0.44463133,0.0,0.0,False,1.0,0.0,True,False,NSF only,0.0077765105978125,1.0,0.0077765105978125,#7890A3,#CBD2D8,0.16,e0556
6.3,6.4,NSF-specific,0.1391828850970943,62.0,True,2.249e-05,5.85955242,0.0519875244910036,18.0,False,1.0,-0.83501292,True,True,Shared nonzero,0.09558520479404896,80.0,0.09558520479404896,#746A82,#003366,0.88,e0557
6.3,6.5,Not retained,0.0376351674169124,9.0,False,1.0,-0.07535826,0.0550275206422025,11.0,False,1.0,1.48503052,True,True,Shared nonzero,0.04633134402955745,20.0,0.04633134402955745,#746A82,#CBD2D8,0.16,e0558
6.3,6.6,Shared,0.1536033097883604,51.0,True,0.0,8.38696186,0.1731582375875856,53.0,True,0.0,9.37401773,True,True,Shared nonzero,0.163380773687973,104.0,0.163380773687973,#746A82,#8B0000,0.88,e0559
6.3,6.a,Not retained,0.0269386229220182,1.0,False,1.0,1.74577321,0.0,0.0,False,1.0,0.0,True,False,NSF only,0.0134693114610091,1.0,0.0134693114610091,#7890A3,#CBD2D8,0.16,e0560
6.3,6.b,NSF-specific,0.130894422543866,22.0,True,1e-08,8.72260784,0.0,0.0,False,1.0,0.0,True,False,NSF only,0.065447211271933,22.0,0.065447211271933,#7890A3,#003366,0.88,e0561
6.3,7.1,Not retained,0.0026165103595529,1.0,False,1.0,-5.04490069,0.0,0.0,False,1.0,0.0,True,False,NSF only,0.00130825517977645,1.0,0.00130825517977645,#7890A3,#CBD2D8,0.16,e0562
6.3,7.2,Not retained,0.0384561909046967,22.0,False,1.0,-4.60261804,0.0233808290704669,5.0,False,1.0,-1.19904856,True,True,Shared nonzero,0.030918509987581798,27.0,0.030918509987581798,#746A82,#CBD2D8,0.16,e0563
6.3,7.3,Not retained,0.0143424974427354,6.0,False,1.0,-4.51282215,0.0084224152599533,2.0,False,1.0,-2.70335933,True,True,Shared nonzero,0.011382456351344349,8.0,0.011382456351344349,#746A82,#CBD2D8,0.16,e0564
6.3,7.a,Not retained,0.0,0.0,False,1.0,0.0,0.0193746064573032,1.0,False,1.0,0.76099904,False,True,NSFC only,0.0096873032286516,1.0,0.0096873032286516,#B78484,#CBD2D8,0.16,e0565
6.3,9.1,Not retained,0.0146635290071527,10.0,False,1.0,-8.4790944,0.0,0.0,False,1.0,0.0,True,False,NSF only,0.00733176450357635,10.0,0.00733176450357635,#7890A3,#CBD2D8,0.16,e0566
6.3,9.4,Not retained,0.0278592605967865,10.0,False,1.0,-2.53510015,0.0232681497203106,5.0,False,1.0,-1.21070974,True,True,Shared nonzero,0.02556370515854855,15.0,0.02556370515854855,#746A82,#CBD2D8,0.16,e0567
6.3,9.5,Not retained,0.0215989494526473,3.0,False,1.0,-0.060142,0.0,0.0,False,1.0,0.0,True,False,NSF only,0.01079947472632365,3.0,0.01079947472632365,#7890A3,#CBD2D8,0.16,e0568
6.4,10.2,Not retained,0.0044166578333598,1.0,False,1.0,-2.64888773,0.0,0.0,False,1.0,0.0,True,False,NSF only,0.0022083289166799,1.0,0.0022083289166799,#7890A3,#CBD2D8,0.16,e0569
6.4,11.2,Not retained,0.0034965889929028,1.0,False,1.0,-3.48047902,0.0,0.0,False,1.0,0.0,True,False,NSF only,0.0017482944964514,1.0,0.0017482944964514,#7890A3,#CBD2D8,0.16,e0570
6.4,11.3,Not retained,0.0178685422472965,4.0,False,1.0,-1.4991769,0.0021436338039619,1.0,False,1.0,-6.81617006,True,True,Shared nonzero,0.0100060880256292,5.0,0.0100060880256292,#746A82,#CBD2D8,0.16,e0571
6.4,11.5,Not retained,0.0235991406601631,14.0,False,1.0,-6.46993853,0.035469759764583,14.0,False,1.0,-2.90221396,True,True,Shared nonzero,0.029534450212373047,28.0,0.029534450212373047,#746A82,#CBD2D8,0.16,e0572
6.4,11.6,Not retained,0.0103450736075296,3.0,False,1.0,-2.99882098,0.0026092678795214,1.0,False,1.0,-5.37983733,True,True,Shared nonzero,0.0064771707435255,4.0,0.0064771707435255,#746A82,#CBD2D8,0.16,e0573
6.4,11.7,Not retained,0.0,0.0,False,1.0,0.0,0.0059676239503286,1.0,False,1.0,-1.87970712,False,True,NSFC only,0.0029838119751643,1.0,0.0029838119751643,#B78484,#CBD2D8,0.16,e0574
6.4,11.a,Not retained,0.0226804605813257,2.0,False,1.0,0.67499039,0.0,0.0,False,1.0,0.0,True,False,NSF only,0.01134023029066285,2.0,0.01134023029066285,#7890A3,#CBD2D8,0.16,e0575
6.4,11.b,Not retained,0.0044416815907418,1.0,False,1.0,-2.59810924,0.0,0.0,False,1.0,0.0,True,False,NSF only,0.0022208407953709,1.0,0.0022208407953709,#7890A3,#CBD2D8,0.16,e0576
6.4,12.2,Not retained,0.0505282552159027,10.0,False,1.0,1.54253511,0.0534403210704134,8.0,False,1.0,2.01575423,True,True,Shared nonzero,0.05198428814315805,18.0,0.05198428814315805,#746A82,#CBD2D8,0.16,e0577
6.4,12.3,Not retained,0.0177667263629675,1.0,False,1.0,0.70709518,0.0,0.0,False,1.0,0.0,True,False,NSF only,0.00888336318148375,1.0,0.00888336318148375,#7890A3,#CBD2D8,0.16,e0578
6.4,12.4,Not retained,0.0046584749531245,1.0,False,1.0,-2.48296424,0.0,0.0,False,1.0,0.0,True,False,NSF only,0.00232923747656225,1.0,0.00232923747656225,#7890A3,#CBD2D8,0.16,e0579
6.4,12.5,Not retained,0.0113871879668569,3.0,False,1.0,-2.55763876,0.0,0.0,False,1.0,0.0,True,False,NSF only,0.00569359398342845,3.0,0.00569359398342845,#7890A3,#CBD2D8,0.16,e0580
6.4,12.8,Not retained,0.0240562612162344,1.0,False,1.0,1.3982168,0.0,0.0,False,1.0,0.0,True,False,NSF only,0.0120281306081172,1.0,0.0120281306081172,#7890A3,#CBD2D8,0.16,e0581
6.4,13.1,NSFC-specific,0.0957021535776713,68.0,False,1.0,-1.80127714,0.1434355358469272,62.0,True,0.00014005,5.27301494,True,True,Shared nonzero,0.11956884471229925,130.0,0.11956884471229925,#746A82,#8B0000,0.88,e0582
6.4,13.2,Not retained,0.0285317659692635,7.0,False,1.0,-0.88973879,0.0445354260021897,14.0,False,1.0,-0.96004908,True,True,Shared nonzero,0.0365335959857266,21.0,0.0365335959857266,#746A82,#CBD2D8,0.16,e0583
6.4,13.3,Not retained,0.0043920523057894,1.0,False,1.0,-2.6131261,0.0,0.0,False,1.0,0.0,True,False,NSF only,0.0021960261528947,1.0,0.0021960261528947,#7890A3,#CBD2D8,0.16,e0584
6.4,15.1,Not retained,0.0114108866146909,3.0,False,1.0,-2.53606932,0.0154579631920056,6.0,False,1.0,-4.31336248,True,True,Shared nonzero,0.01343442490334825,9.0,0.01343442490334825,#746A82,#CBD2D8,0.16,e0585
6.4,15.2,Not retained,0.0148478467729124,2.0,False,1.0,-0.54683074,0.0,0.0,False,1.0,0.0,True,False,NSF only,0.0074239233864562,2.0,0.0074239233864562,#7890A3,#CBD2D8,0.16,e0586
6.4,15.3,Not retained,0.0215165741455967,2.0,False,1.0,0.52924898,0.0327500500526049,8.0,False,1.0,-0.88006755,True,True,Shared nonzero,0.027133312099100804,10.0,0.027133312099100804,#746A82,#CBD2D8,0.16,e0587
6.4,15.4,Not retained,0.0,0.0,False,1.0,0.0,0.0055555555555555,1.0,False,1.0,-2.07549489,False,True,NSFC only,0.00277777777777775,1.0,0.00277777777777775,#B78484,#CBD2D8,0.16,e0588
6.4,15.5,Not retained,0.0068615580799384,2.0,False,1.0,-3.29097367,0.0074911095829249,2.0,False,1.0,-3.19778812,True,True,Shared nonzero,0.00717633383143165,4.0,0.00717633383143165,#746A82,#CBD2D8,0.16,e0589
6.4,15.9,Not retained,0.0,0.0,False,1.0,0.0,0.0051434449987363,1.0,False,1.0,-2.31864056,False,True,NSFC only,0.00257172249936815,1.0,0.00257172249936815,#B78484,#CBD2D8,0.16,e0590
6.4,16.7,Not retained,0.0055188848211043,1.0,False,1.0,-1.93886112,0.0,0.0,False,1.0,0.0,True,False,NSF only,0.00275944241055215,1.0,0.00275944241055215,#7890A3,#CBD2D8,0.16,e0591
6.4,17.14,Not retained,0.0416666666666666,2.0,False,1.0,2.77562763,0.0183493960854393,1.0,False,1.0,0.63766264,True,True,Shared nonzero,0.03000803137605295,3.0,0.03000803137605295,#746A82,#CBD2D8,0.16,e0592
6.4,17.17,Not retained,0.0220970869120796,3.0,False,1.0,0.03529848,0.0,0.0,False,1.0,0.0,True,False,NSF only,0.0110485434560398,3.0,0.0110485434560398,#7890A3,#CBD2D8,0.16,e0593
6.4,17.9,Not retained,0.0240562612162344,1.0,False,1.0,1.37232911,0.0,0.0,False,1.0,0.0,True,False,NSF only,0.0120281306081172,1.0,0.0120281306081172,#7890A3,#CBD2D8,0.16,e0594
6.4,6.5,Shared,0.2781206050447692,43.0,True,0.0,20.34404344,0.2566001196398336,40.0,True,0.0,17.66521971,True,True,Shared nonzero,0.2673603623423014,83.0,0.2673603623423014,#746A82,#003366,0.88,e0595
6.4,6.6,Not retained,0.041926274578121,9.0,False,1.0,0.60874177,0.0502757011839901,12.0,False,1.0,0.58121176,True,True,Shared nonzero,0.04610098788105555,21.0,0.04610098788105555,#746A82,#CBD2D8,0.16,e0596
6.4,6.a,Not retained,0.0416666666666666,1.0,False,1.0,3.1028149,0.0,0.0,False,1.0,0.0,True,False,NSF only,0.0208333333333333,1.0,0.0208333333333333,#7890A3,#CBD2D8,0.16,e0597
6.4,6.b,Not retained,0.0460131358645194,5.0,False,1.0,2.28847786,0.0,0.0,False,1.0,0.0,True,False,NSF only,0.0230065679322597,5.0,0.0230065679322597,#7890A3,#CBD2D8,0.16,e0598
6.4,7.1,Not retained,0.0161880977059544,4.0,False,1.0,-1.94279153,0.0149822191658498,2.0,False,1.0,-0.70120415,True,True,Shared nonzero,0.015585158435902101,6.0,0.015585158435902101,#746A82,#CBD2D8,0.16,e0599
6.4,7.2,Not retained,0.0351479745783318,13.0,False,1.0,-2.0320592,0.0179895690740288,3.0,False,1.0,-0.93062189,True,True,Shared nonzero,0.0265687718261803,16.0,0.0265687718261803,#746A82,#CBD2D8,0.16,e0600
6.4,7.3,Not retained,0.0591571006277409,16.0,False,1.0,1.25857248,0.0378019581921528,7.0,False,1.0,0.33679165,True,True,Shared nonzero,0.04847952940994685,23.0,0.04847952940994685,#746A82,#CBD2D8,0.16,e0601
6.4,9.1,Not retained,0.0226804605813257,10.0,False,1.0,-4.16363663,0.0035432933563515,1.0,False,1.0,-3.72954481,True,True,Shared nonzero,0.0131118769688386,11.0,0.0131118769688386,#746A82,#CBD2D8,0.16,e0602
6.4,9.4,Not retained,0.0043090640832918,1.0,False,1.0,-2.688906,0.0238704958013144,4.0,False,1.0,-0.4854443,True,True,Shared nonzero,0.0140897799423031,5.0,0.0140897799423031,#746A82,#CBD2D8,0.16,e0603
6.5,10.2,Not retained,0.0164543582362906,2.0,False,1.0,-0.25206223,0.0,0.0,False,1.0,0.0,True,False,NSF only,0.0082271791181453,2.0,0.0082271791181453,#7890A3,#CBD2D8,0.16,e0604
6.5,11.3,Not retained,0.0499272424518422,6.0,False,1.0,2.4799579,0.0074257653225685,2.0,False,1.0,-3.35977965,True,True,Shared nonzero,0.02867650388720535,8.0,0.02867650388720535,#746A82,#CBD2D8,0.16,e0605
6.5,11.5,Not retained,0.0313996893078913,10.0,False,1.0,-1.78763928,0.0307177130222601,7.0,False,1.0,-0.82693767,True,True,Shared nonzero,0.031058701165075697,17.0,0.031058701165075697,#746A82,#CBD2D8,0.16,e0606
6.5,11.6,Not retained,0.0,0.0,False,1.0,0.0,0.0045193845378886,1.0,False,1.0,-2.8289625,False,True,NSFC only,0.0022596922689443,1.0,0.0022596922689443,#B78484,#CBD2D8,0.16,e0607
6.5,11.a,Not retained,0.0633724250524477,3.0,False,0.40889672,4.48226538,0.0,0.0,False,1.0,0.0,True,False,NSF only,0.03168621252622385,3.0,0.03168621252622385,#7890A3,#CBD2D8,0.16,e0608
6.5,11.b,Not retained,0.0165475848080373,2.0,False,1.0,-0.22642686,0.0,0.0,False,1.0,0.0,True,False,NSF only,0.00827379240401865,2.0,0.00827379240401865,#7890A3,#CBD2D8,0.16,e0609
6.5,12.2,Not retained,0.0,0.0,False,1.0,0.0,0.0115701689083437,1.0,False,1.0,-0.31967256,False,True,NSFC only,0.00578508445417185,1.0,0.00578508445417185,#B78484,#CBD2D8,0.16,e0610
6.5,13.1,Not retained,0.0498108091553018,19.0,False,1.0,-1.07450671,0.0440776450431482,11.0,False,1.0,-0.06390275,True,True,Shared nonzero,0.046944227099224994,30.0,0.046944227099224994,#746A82,#CBD2D8,0.16,e0611
6.5,13.2,Not retained,0.0075925526250425,1.0,False,1.0,-1.08229509,0.0330589802453643,6.0,False,1.0,0.04957024,True,True,Shared nonzero,0.0203257664352034,7.0,0.0203257664352034,#746A82,#CBD2D8,0.16,e0612
6.5,15.1,Not retained,0.0,0.0,False,1.0,0.0,0.0044623296050138,1.0,False,1.0,-2.83971905,False,True,NSFC only,0.0022311648025069,1.0,0.0022311648025069,#B78484,#CBD2D8,0.16,e0613
6.5,15.2,Not retained,0.0138289968940837,1.0,False,1.0,0.17925409,0.0,0.0,False,1.0,0.0,True,False,NSF only,0.00691449844704185,1.0,0.00691449844704185,#7890A3,#CBD2D8,0.16,e0614
6.5,15.3,Not retained,0.0,0.0,False,1.0,0.0,0.0141811876603839,2.0,False,1.0,-0.86485736,False,True,NSFC only,0.00709059383019195,2.0,0.00709059383019195,#B78484,#CBD2D8,0.16,e0615
6.5,15.9,Not retained,0.0,0.0,False,1.0,0.0,0.0178174161274949,2.0,False,1.0,-0.18012896,False,True,NSFC only,0.00890870806374745,2.0,0.00890870806374745,#B78484,#CBD2D8,0.16,e0616
6.5,16.6,Not retained,0.018294043331615,1.0,False,1.0,0.7276153,0.0186338998124982,1.0,False,1.0,0.66033366,True,True,Shared nonzero,0.0184639715720566,2.0,0.0184639715720566,#746A82,#CBD2D8,0.16,e0617
6.5,16.7,Not retained,0.051401824262554,5.0,False,1.0,2.85996093,0.0235702260395515,1.0,False,1.0,1.19910012,True,True,Shared nonzero,0.037486025151052746,6.0,0.037486025151052746,#746A82,#CBD2D8,0.16,e0618
6.5,17.14,Not retained,0.0388075262853166,1.0,False,1.0,2.71591572,0.0,0.0,False,1.0,0.0,True,False,NSF only,0.0194037631426583,1.0,0.0194037631426583,#7890A3,#CBD2D8,0.16,e0619
6.5,17.16,Not retained,0.0155230105141266,1.0,False,1.0,0.42802209,0.0745355992499929,1.0,False,1.0,5.48211015,True,True,Shared nonzero,0.04502930488205975,2.0,0.04502930488205975,#746A82,#CBD2D8,0.16,e0620
6.5,17.17,Not retained,0.0823231949922677,6.0,False,0.02449718,5.65638677,0.0,0.0,False,1.0,0.0,True,False,NSF only,0.04116159749613385,6.0,0.04116159749613385,#7890A3,#CBD2D8,0.16,e0621
6.5,17.6,Not retained,0.0163626897891271,1.0,False,1.0,0.53511843,0.0,0.0,False,1.0,0.0,True,False,NSF only,0.00818134489456355,1.0,0.00818134489456355,#7890A3,#CBD2D8,0.16,e0622
6.5,6.6,Other stable,0.0607433867688045,7.0,False,0.40889672,3.37414708,0.1015934136429585,14.0,True,0.00105326,5.86842134,True,True,Shared nonzero,0.08116840020588151,21.0,0.08116840020588151,#746A82,#C57F7F,0.62,e0623
6.5,6.a,Not retained,0.0776150525706332,1.0,False,1.0,5.95758346,0.0,0.0,False,1.0,0.0,True,False,NSF only,0.0388075262853166,1.0,0.0388075262853166,#7890A3,#CBD2D8,0.16,e0624
6.5,6.b,NSF-specific,0.1885652714385984,11.0,True,0.0,14.31482336,0.0,0.0,False,1.0,0.0,True,False,NSF only,0.0942826357192992,11.0,0.0942826357192992,#7890A3,#003366,0.88,e0625
6.5,7.1,Not retained,0.0150772806535943,2.0,False,1.0,-0.48479938,0.012974982402692,1.0,False,1.0,-0.06698229,True,True,Shared nonzero,0.014026131528143151,3.0,0.014026131528143151,#746A82,#CBD2D8,0.16,e0626
6.5,7.2,Not retained,0.0151089889549763,3.0,False,1.0,-1.40803915,0.0207725650949918,2.0,False,1.0,0.27228948,True,True,Shared nonzero,0.017940777024984048,5.0,0.017940777024984048,#746A82,#CBD2D8,0.16,e0627
6.5,7.3,Not retained,0.0,0.0,False,1.0,0.0,0.0280606766633156,3.0,False,1.0,0.66573086,False,True,NSFC only,0.0140303383316578,3.0,0.0140303383316578,#B78484,#CBD2D8,0.16,e0628
6.5,9.1,Not retained,0.0084496566736597,2.0,False,1.0,-2.48563361,0.0061371641193221,1.0,False,1.0,-1.7897297,True,True,Shared nonzero,0.0072934103964909,3.0,0.0072934103964909,#746A82,#CBD2D8,0.16,e0629
6.6,11.3,Not retained,0.0059932912685673,1.0,False,1.0,-1.6754008,0.0072746567488727,3.0,False,1.0,-5.52152324,True,True,Shared nonzero,0.0066339740087199995,4.0,0.0066339740087199995,#746A82,#CBD2D8,0.16,e0630
6.6,11.4,Not retained,0.0,0.0,False,1.0,0.0,0.0155898331316064,2.0,False,1.0,-0.58720138,False,True,NSFC only,0.0077949165658032,2.0,0.0077949165658032,#B78484,#CBD2D8,0.16,e0631
6.6,11.5,Not retained,0.029400028947735,13.0,False,1.0,-3.7394893,0.022927719124184,8.0,False,1.0,-3.21671222,True,True,Shared nonzero,0.0261638740359595,21.0,0.0261638740359595,#746A82,#CBD2D8,0.16,e0632
6.6,11.6,Not retained,0.0,0.0,False,1.0,0.0,0.0029516123749455,1.0,False,1.0,-4.63461323,False,True,NSFC only,0.00147580618747275,1.0,0.00147580618747275,#B78484,#CBD2D8,0.16,e0633
6.6,11.7,Not retained,0.0197642353760523,1.0,False,1.0,0.95995773,0.0067505957663657,1.0,False,1.0,-1.52974011,True,True,Shared nonzero,0.013257415571208998,2.0,0.013257415571208998,#746A82,#CBD2D8,0.16,e0634
6.6,11.a,Not retained,0.0,0.0,False,1.0,0.0,0.0061574907180707,1.0,False,1.0,-1.78491195,False,True,NSFC only,0.00307874535903535,1.0,0.00307874535903535,#B78484,#CBD2D8,0.16,e0635
6.6,11.b,Not retained,0.0059591411827849,1.0,False,1.0,-1.67229355,0.0052040294788288,1.0,False,1.0,-2.27507957,True,True,Shared nonzero,0.005581585330806851,2.0,0.005581585330806851,#746A82,#CBD2D8,0.16,e0636
6.6,12.4,Not retained,0.01875,3.0,False,1.0,-0.58886506,0.0231904516738828,4.0,False,1.0,-0.60028202,True,True,Shared nonzero,0.0209702258369414,7.0,0.0209702258369414,#746A82,#CBD2D8,0.16,e0637
6.6,13.1,Not retained,0.0679753654918299,36.0,False,1.0,-1.63332085,0.047106217200956,18.0,False,1.0,-1.76443376,True,True,Shared nonzero,0.05754079134639295,54.0,0.05754079134639295,#746A82,#CBD2D8,0.16,e0638
6.6,13.2,Not retained,0.0054684829907475,1.0,False,1.0,-1.95505568,0.0035984728443018,1.0,False,1.0,-3.641913,True,True,Shared nonzero,0.00453347791752465,2.0,0.00453347791752465,#746A82,#CBD2D8,0.16,e0639
6.6,13.3,Not retained,0.0235702260395515,4.0,False,1.0,-0.29981699,0.0127837942844284,1.0,False,1.0,-0.09564583,True,True,Shared nonzero,0.01817701016198995,5.0,0.01817701016198995,#746A82,#CBD2D8,0.16,e0640
6.6,15.1,Shared,0.1632993161855452,32.0,True,0.0,10.75441373,0.2040044838180278,70.0,True,0.0,11.60402828,True,True,Shared nonzero,0.1836519000017865,102.0,0.1836519000017865,#746A82,#8B0000,0.88,e0641
6.6,15.2,Not retained,0.0199204768222398,2.0,False,1.0,0.28460386,0.0,0.0,False,1.0,0.0,True,False,NSF only,0.0099602384111199,2.0,0.0099602384111199,#7890A3,#CBD2D8,0.16,e0642
6.6,15.3,Not retained,0.0288675134594812,2.0,False,1.0,1.4059632,0.0185234819648117,4.0,False,1.0,-1.59249692,True,True,Shared nonzero,0.02369549771214645,6.0,0.02369549771214645,#746A82,#CBD2D8,0.16,e0643
6.6,15.4,Not retained,0.0263523138347364,1.0,False,1.0,1.63621734,0.0062844626479987,1.0,False,1.0,-1.71398214,True,True,Shared nonzero,0.01631838824136755,2.0,0.01631838824136755,#746A82,#CBD2D8,0.16,e0644
6.6,15.5,Not retained,0.0414258578054245,9.0,False,1.0,0.53912851,0.0677917416469783,16.0,False,1.0,1.94965627,True,True,Shared nonzero,0.054608799726201404,25.0,0.054608799726201404,#746A82,#CBD2D8,0.16,e0645
6.6,15.8,Not retained,0.0,0.0,False,1.0,0.0,0.0123645389057304,1.0,False,1.0,-0.15256213,False,True,NSFC only,0.0061822694528652,1.0,0.0061822694528652,#B78484,#CBD2D8,0.16,e0646
6.6,15.9,Not retained,0.015504341823651,1.0,False,1.0,0.38672554,0.0232731273431483,4.0,False,1.0,-0.59295149,True,True,Shared nonzero,0.01938873458339965,5.0,0.01938873458339965,#746A82,#CBD2D8,0.16,e0647
6.6,16.6,Not retained,0.0,0.0,False,1.0,0.0,0.0121698095877808,1.0,False,1.0,-0.20718634,False,True,NSFC only,0.0060849047938904,1.0,0.0060849047938904,#B78484,#CBD2D8,0.16,e0648
6.6,16.7,Not retained,0.0148087219439773,2.0,False,1.0,-0.5904443,0.0153937267951769,1.0,False,1.0,0.29043775,True,True,Shared nonzero,0.0151012243695771,3.0,0.0151012243695771,#746A82,#CBD2D8,0.16,e0649
6.6,17.16,Not retained,0.0,0.0,False,1.0,0.0,0.0486792383511235,1.0,False,1.0,3.32174701,False,True,NSFC only,0.02433961917556175,1.0,0.02433961917556175,#B78484,#CBD2D8,0.16,e0650
6.6,17.17,Not retained,0.0197642353760523,2.0,False,1.0,0.28778173,0.0,0.0,False,1.0,0.0,True,False,NSF only,0.00988211768802615,2.0,0.00988211768802615,#7890A3,#CBD2D8,0.16,e0651
6.6,6.b,Not retained,0.0123466199581198,1.0,False,1.0,-0.05334295,0.0,0.0,False,1.0,0.0,True,False,NSF only,0.0061733099790599,1.0,0.0061733099790599,#7890A3,#CBD2D8,0.16,e0652
6.6,7.1,Not retained,0.0054296530345383,1.0,False,1.0,-1.98348872,0.0,0.0,False,1.0,0.0,True,False,NSF only,0.00271482651726915,1.0,0.00271482651726915,#7890A3,#CBD2D8,0.16,e0653
6.6,7.2,Not retained,0.00362738125055,1.0,False,1.0,-3.38286302,0.0067832864939596,1.0,False,1.0,-1.52929894,True,True,Shared nonzero,0.0052053338722548,2.0,0.0052053338722548,#746A82,#CBD2D8,0.16,e0654
6.6,9.1,Not retained,0.0091287092917527,3.0,False,1.0,-3.69577044,0.0,0.0,False,1.0,0.0,True,False,NSF only,0.00456435464587635,3.0,0.00456435464587635,#7890A3,#CBD2D8,0.16,e0655
6.b,10.2,Not retained,0.0351171550575613,3.0,False,1.0,1.67612396,0.0,0.0,False,1.0,0.0,True,False,NSF only,0.01755857752878065,3.0,0.01755857752878065,#7890A3,#CBD2D8,0.16,e0656
6.b,11.3,Not retained,0.0473580093384439,4.0,False,1.0,2.69931063,0.0,0.0,False,1.0,0.0,True,False,NSF only,0.02367900466922195,4.0,0.02367900466922195,#7890A3,#CBD2D8,0.16,e0657
6.b,11.a,Not retained,0.0300556544889144,1.0,False,1.0,1.97060785,0.0,0.0,False,1.0,0.0,True,False,NSF only,0.0150278272444572,1.0,0.0150278272444572,#7890A3,#CBD2D8,0.16,e0658
6.b,13.1,Not retained,0.0186503556498204,5.0,False,1.0,-2.31870717,0.0,0.0,False,1.0,0.0,True,False,NSF only,0.0093251778249102,5.0,0.0093251778249102,#7890A3,#CBD2D8,0.16,e0659
6.b,16.7,Not retained,0.0731350647631031,5.0,False,0.08903735,4.90212369,0.0,0.0,False,1.0,0.0,True,False,NSF only,0.03656753238155155,5.0,0.03656753238155155,#7890A3,#CBD2D8,0.16,e0660
6.b,17.17,Not retained,0.0585651607082272,3.0,False,0.58863912,3.97279924,0.0,0.0,False,1.0,0.0,True,False,NSF only,0.0292825803541136,3.0,0.0292825803541136,#7890A3,#CBD2D8,0.16,e0661
6.b,17.6,Not retained,0.0232810098589859,1.0,False,1.0,1.29547855,0.0,0.0,False,1.0,0.0,True,False,NSF only,0.01164050492949295,1.0,0.01164050492949295,#7890A3,#CBD2D8,0.16,e0662
7.1,10.2,Not retained,0.0360346334242597,7.0,False,1.0,0.39712268,0.0,0.0,False,1.0,0.0,True,False,NSF only,0.01801731671212985,7.0,0.01801731671212985,#7890A3,#CBD2D8,0.16,e0663
7.1,11.1,Not retained,0.009096925576737,1.0,False,1.0,-0.68845858,0.0165976532577323,1.0,False,1.0,0.41665076,True,True,Shared nonzero,0.012847289417234651,2.0,0.012847289417234651,#746A82,#CBD2D8,0.16,e0664
7.1,11.2,Not retained,0.0040754249463366,1.0,False,1.0,-2.90730012,0.0069244373603896,1.0,False,1.0,-1.47746228,True,True,Shared nonzero,0.0054999311533631,2.0,0.0054999311533631,#746A82,#CBD2D8,0.16,e0665
7.1,11.3,Not retained,0.0104132774794396,2.0,False,1.0,-1.66760857,0.0,0.0,False,1.0,0.0,True,False,NSF only,0.0052066387397198,2.0,0.0052066387397198,#7890A3,#CBD2D8,0.16,e0666
7.1,11.5,Not retained,0.0058941030052277,3.0,False,1.0,-6.80356526,0.0102487316378083,2.0,False,1.0,-1.99496052,True,True,Shared nonzero,0.008071417321518,5.0,0.008071417321518,#746A82,#CBD2D8,0.16,e0667
7.1,11.6,Not retained,0.016076837984062,4.0,False,1.0,-1.95096411,0.0,0.0,False,1.0,0.0,True,False,NSF only,0.008038418992031,4.0,0.008038418992031,#7890A3,#CBD2D8,0.16,e0668
7.1,11.a,Not retained,0.0264350528572714,2.0,False,1.0,1.13500465,0.0,0.0,False,1.0,0.0,True,False,NSF only,0.0132175264286357,2.0,0.0132175264286357,#7890A3,#CBD2D8,0.16,e0669
7.1,12.2,Not retained,0.0058892855928943,1.0,False,1.0,-1.73257962,0.0270220928367482,2.0,False,1.0,1.01232886,True,True,Shared nonzero,0.01645568921482125,3.0,0.01645568921482125,#746A82,#CBD2D8,0.16,e0670
7.1,12.5,Not retained,0.0088481717473703,2.0,False,1.0,-2.26561222,0.0,0.0,False,1.0,0.0,True,False,NSF only,0.00442408587368515,2.0,0.00442408587368515,#7890A3,#CBD2D8,0.16,e0671
7.1,13.1,Not retained,0.0410091832796187,25.0,False,1.0,-5.42591111,0.0046792363809841,1.0,False,1.0,-2.74879797,True,True,Shared nonzero,0.0228442098303014,26.0,0.0228442098303014,#746A82,#CBD2D8,0.16,e0672
7.1,13.2,Not retained,0.0,0.0,False,1.0,0.0,0.0064340953040181,1.0,False,1.0,-1.6670147,False,True,NSFC only,0.00321704765200905,1.0,0.00321704765200905,#B78484,#CBD2D8,0.16,e0673
7.1,16.7,Not retained,0.0192974932897803,3.0,False,1.0,-0.46261972,0.0,0.0,False,1.0,0.0,True,False,NSF only,0.00964874664489015,3.0,0.00964874664489015,#7890A3,#CBD2D8,0.16,e0674
7.1,17.14,Not retained,0.0242821465589316,1.0,False,1.0,1.41852132,0.0,0.0,False,1.0,0.0,True,False,NSF only,0.0121410732794658,1.0,0.0121410732794658,#7890A3,#CBD2D8,0.16,e0675
7.1,17.6,Not retained,0.020476503894465,2.0,False,1.0,0.37100692,0.0,0.0,False,1.0,0.0,True,False,NSF only,0.0102382519472325,2.0,0.0102382519472325,#7890A3,#CBD2D8,0.16,e0676
7.1,7.2,Shared,0.3277318156648923,104.0,True,0.0,23.20648641,0.1697999099367655,14.0,True,0.0,11.58100768,True,True,Shared nonzero,0.2487658628008289,118.0,0.2487658628008289,#746A82,#003366,0.88,e0677
7.1,7.3,Not retained,0.0646407624349921,15.0,False,1.0,2.20112407,0.0546130178871228,5.0,False,1.0,2.89194217,True,True,Shared nonzero,0.05962689016105745,20.0,0.05962689016105745,#746A82,#CBD2D8,0.16,e0678
7.1,7.a,Not retained,0.0429624862594653,3.0,False,1.0,2.59661046,0.0,0.0,False,1.0,0.0,True,False,NSF only,0.02148124312973265,3.0,0.02148124312973265,#7890A3,#CBD2D8,0.16,e0679
7.1,9.1,Shared,0.126888253714903,48.0,True,6.934e-05,5.71370909,0.1074999552083613,15.0,True,0.0002491,6.37687562,True,True,Shared nonzero,0.11719410446163214,63.0,0.11719410446163214,#746A82,#003366,0.88,e0680
7.1,9.4,Not retained,0.0050223996289113,1.0,False,1.0,-2.21771805,0.0,0.0,False,1.0,0.0,True,False,NSF only,0.00251119981445565,1.0,0.00251119981445565,#7890A3,#CBD2D8,0.16,e0681
7.1,9.5,Not retained,0.0129793532912791,1.0,False,1.0,0.05354085,0.0,0.0,False,1.0,0.0,True,False,NSF only,0.00648967664563955,1.0,0.00648967664563955,#7890A3,#CBD2D8,0.16,e0682
7.1,9.c,Not retained,0.0259587065825582,1.0,False,1.0,1.60408274,0.0,0.0,False,1.0,0.0,True,False,NSF only,0.0129793532912791,1.0,0.0129793532912791,#7890A3,#CBD2D8,0.16,e0683
7.2,10.2,Not retained,0.0481472214972636,14.0,False,1.0,0.10772593,0.0,0.0,False,1.0,0.0,True,False,NSF only,0.0240736107486318,14.0,0.0240736107486318,#7890A3,#CBD2D8,0.16,e0684
7.2,10.3,Not retained,0.0214972309170005,3.0,False,1.0,-0.07712202,0.0,0.0,False,1.0,0.0,True,False,NSF only,0.01074861545850025,3.0,0.01074861545850025,#7890A3,#CBD2D8,0.16,e0685
7.2,11.2,Not retained,0.0081679915517599,3.0,False,1.0,-4.32890583,0.005542910246454,1.0,False,1.0,-2.10306133,True,True,Shared nonzero,0.006855450899106949,4.0,0.006855450899106949,#746A82,#CBD2D8,0.16,e0686
7.2,11.3,Not retained,0.0104351771408094,3.0,False,1.0,-2.94025112,0.0138826974188869,4.0,False,1.0,-3.07198338,True,True,Shared nonzero,0.01215893727984815,7.0,0.01215893727984815,#746A82,#CBD2D8,0.16,e0687
7.2,11.5,Not retained,0.0052502209856316,4.0,False,1.0,-10.72167169,0.0,0.0,False,1.0,0.0,True,False,NSF only,0.0026251104928158,4.0,0.0026251104928158,#7890A3,#CBD2D8,0.16,e0688
7.2,11.6,Not retained,0.0134255403385263,5.0,False,1.0,-3.96573839,0.0168982577104665,4.0,False,1.0,-2.04093703,True,True,Shared nonzero,0.015161899024496401,9.0,0.015161899024496401,#746A82,#CBD2D8,0.16,e0689
7.2,11.b,Not retained,0.0069171446386607,2.0,False,1.0,-3.30471137,0.0,0.0,False,1.0,0.0,True,False,NSF only,0.00345857231933035,2.0,0.00345857231933035,#7890A3,#CBD2D8,0.16,e0690
7.2,12.2,Not retained,0.0118033421304695,3.0,False,1.0,-2.44331152,0.0324461817191638,3.0,False,1.0,1.19132422,True,True,Shared nonzero,0.02212476192481665,6.0,0.02212476192481665,#746A82,#CBD2D8,0.16,e0691
7.2,12.3,Not retained,0.0138342892773214,1.0,False,1.0,0.18772101,0.0,0.0,False,1.0,0.0,True,False,NSF only,0.0069171446386607,1.0,0.0069171446386607,#7890A3,#CBD2D8,0.16,e0692
7.2,12.4,Not retained,0.0362738125055005,10.0,False,1.0,-0.67600477,0.0082979694448914,1.0,False,1.0,-1.02709638,True,True,Shared nonzero,0.022285890975195947,11.0,0.022285890975195947,#746A82,#CBD2D8,0.16,e0693
7.2,12.5,Not retained,0.0591118660693327,20.0,False,1.0,0.39426235,0.0273281171972098,3.0,False,1.0,0.57357074,True,True,Shared nonzero,0.04321999163327125,23.0,0.04321999163327125,#746A82,#CBD2D8,0.16,e0694
7.2,13.1,Not retained,0.0197258053027481,18.0,False,1.0,-12.30869854,0.0112369796700473,3.0,False,1.0,-2.94030973,True,True,Shared nonzero,0.0154813924863977,21.0,0.0154813924863977,#746A82,#CBD2D8,0.16,e0695
7.2,13.2,NSFC-specific,0.0412594471527466,13.0,False,1.0,-0.81660593,0.128759966085165,25.0,True,1.91e-06,7.27255151,True,True,Shared nonzero,0.0850097066189558,38.0,0.0850097066189558,#746A82,#8B0000,0.88,e0696
7.2,13.3,Not retained,0.0034199278402838,1.0,False,1.0,-3.63525464,0.0,0.0,False,1.0,0.0,True,False,NSF only,0.0017099639201419,1.0,0.0017099639201419,#7890A3,#CBD2D8,0.16,e0697
7.2,15.5,Not retained,0.0026714200869573,1.0,False,1.0,-4.85354166,0.0,0.0,False,1.0,0.0,True,False,NSF only,0.00133571004347865,1.0,0.00133571004347865,#7890A3,#CBD2D8,0.16,e0698
7.2,16.7,Not retained,0.0343788034074832,8.0,False,1.0,-0.23624238,0.0,0.0,False,1.0,0.0,True,False,NSF only,0.0171894017037416,8.0,0.0171894017037416,#7890A3,#CBD2D8,0.16,e0699
7.2,17.16,Not retained,0.0,0.0,False,1.0,0.0,0.0696733014291617,1.0,False,1.0,5.19699874,False,True,NSFC only,0.03483665071458085,1.0,0.03483665071458085,#B78484,#CBD2D8,0.16,e0700
7.2,17.17,Not retained,0.0172061800402921,3.0,False,1.0,-0.88947196,0.0,0.0,False,1.0,0.0,True,False,NSF only,0.00860309002014605,3.0,0.00860309002014605,#7890A3,#CBD2D8,0.16,e0701
7.2,17.6,Not retained,0.0136797113611353,2.0,False,1.0,-0.78813953,0.0,0.0,False,1.0,0.0,True,False,NSF only,0.00683985568056765,2.0,0.00683985568056765,#7890A3,#CBD2D8,0.16,e0702
7.2,7.3,Shared,0.1669799514482532,58.0,True,0.0,9.12951609,0.1136639853566576,13.0,True,0.00010538,7.05359782,True,True,Shared nonzero,0.1403219684024554,71.0,0.1403219684024554,#746A82,#003366,0.88,e0703
7.2,7.a,Not retained,0.0669710822528915,7.0,False,0.11996996,4.09821249,0.0,0.0,False,1.0,0.0,True,False,NSF only,0.03348554112644575,7.0,0.03348554112644575,#7890A3,#CBD2D8,0.16,e0704
7.2,9.1,Not retained,0.0777058982811492,44.0,False,1.0,-1.15303661,0.0286840442626352,5.0,False,1.0,-0.19924708,True,True,Shared nonzero,0.0531949712718922,49.0,0.0531949712718922,#746A82,#CBD2D8,0.16,e0705
7.2,9.4,Not retained,0.0637508519393635,19.0,False,1.0,1.31646099,0.0193238969872077,2.0,False,1.0,0.04136146,True,True,Shared nonzero,0.0415373744632856,21.0,0.0415373744632856,#746A82,#CBD2D8,0.16,e0706
7.2,9.5,Not retained,0.0346843987809648,4.0,False,1.0,1.33691471,0.0,0.0,False,1.0,0.0,True,False,NSF only,0.0173421993904824,4.0,0.0173421993904824,#7890A3,#CBD2D8,0.16,e0707
7.2,9.c,Not retained,0.0173421993904824,1.0,False,1.0,0.6881326,0.0,0.0,False,1.0,0.0,True,False,NSF only,0.0086710996952412,1.0,0.0086710996952412,#7890A3,#CBD2D8,0.16,e0708
7.3,10.2,Not retained,0.0047029800939546,1.0,False,1.0,-2.38937662,0.0,0.0,False,1.0,0.0,True,False,NSF only,0.0023514900469773,1.0,0.0023514900469773,#7890A3,#CBD2D8,0.16,e0709
7.3,11.1,Not retained,0.0664868413227031,8.0,False,0.18524647,3.81431618,0.0358953381962523,3.0,False,1.0,1.55992662,True,True,Shared nonzero,0.0511910897594777,11.0,0.0511910897594777,#746A82,#CBD2D8,0.16,e0710
7.3,11.2,Not retained,0.0372326520432611,10.0,False,1.0,-0.52746454,0.0299506221765605,6.0,False,1.0,-0.46748697,True,True,Shared nonzero,0.033591637109910796,16.0,0.033591637109910796,#746A82,#CBD2D8,0.16,e0711
7.3,11.3,Not retained,0.0047567301830746,1.0,False,1.0,-2.37588409,0.0281302199587248,9.0,False,1.0,-2.4277057,True,True,Shared nonzero,0.0164434750708997,10.0,0.0164434750708997,#746A82,#CBD2D8,0.16,e0712
7.3,11.4,Not retained,0.0,0.0,False,1.0,0.0,0.0100473339671057,1.0,False,1.0,-0.60236862,False,True,NSFC only,0.00502366698355285,1.0,0.00502366698355285,#B78484,#CBD2D8,0.16,e0713
7.3,11.5,Not retained,0.0017949300926933,1.0,False,1.0,-7.83552674,0.0,0.0,False,1.0,0.0,True,False,NSF only,0.00089746504634665,1.0,0.00089746504634665,#7890A3,#CBD2D8,0.16,e0714
7.3,11.6,Not retained,0.0330471662617088,9.0,False,1.0,-0.87853995,0.0380450964704647,10.0,False,1.0,-0.73842067,True,True,Shared nonzero,0.03554613136608675,19.0,0.03554613136608675,#746A82,#CBD2D8,0.16,e0715
7.3,11.b,Not retained,0.0141888782602747,3.0,False,1.0,-1.61643806,0.0335389235452768,5.0,False,1.0,0.52056123,True,True,Shared nonzero,0.02386390090277575,8.0,0.02386390090277575,#746A82,#CBD2D8,0.16,e0716
7.3,12.2,Not retained,0.0269019457051619,5.0,False,1.0,-0.25398977,0.0292200091809283,3.0,False,1.0,0.81203501,True,True,Shared nonzero,0.0280609774430451,8.0,0.0280609774430451,#746A82,#CBD2D8,0.16,e0717
7.3,12.3,Not retained,0.0378370086940658,2.0,False,1.0,2.30602915,0.0,0.0,False,1.0,0.0,True,False,NSF only,0.0189185043470329,2.0,0.0189185043470329,#7890A3,#CBD2D8,0.16,e0718
7.3,12.4,Not retained,0.0148814210649852,3.0,False,1.0,-1.41428579,0.0,0.0,False,1.0,0.0,True,False,NSF only,0.0074407105324926,3.0,0.0074407105324926,#7890A3,#CBD2D8,0.16,e0719
7.3,12.5,Not retained,0.0242507888792047,6.0,False,1.0,-1.28999798,0.0246108414947426,3.0,False,1.0,0.20128439,True,True,Shared nonzero,0.02443081518697365,9.0,0.02443081518697365,#746A82,#CBD2D8,0.16,e0720
7.3,12.8,Not retained,0.0,0.0,False,1.0,0.0,0.0229114465541156,1.0,False,1.0,1.18291118,False,True,NSFC only,0.0114557232770578,1.0,0.0114557232770578,#B78484,#CBD2D8,0.16,e0721
7.3,13.1,Not retained,0.0104903559281649,7.0,False,1.0,-9.23833379,0.006746446612561,2.0,False,1.0,-3.72303965,True,True,Shared nonzero,0.00861840127036295,9.0,0.00861840127036295,#746A82,#CBD2D8,0.16,e0722
7.3,13.2,NSFC-specific,0.0260412153510478,6.0,False,1.0,-0.89753802,0.0974040223258314,21.0,True,0.01149428,4.5821375,True,True,Shared nonzero,0.0617226188384396,27.0,0.0617226188384396,#746A82,#8B0000,0.88,e0723
7.3,15.2,Not retained,0.0158104001817083,2.0,False,1.0,-0.36265067,0.0,0.0,False,1.0,0.0,True,False,NSF only,0.00790520009085415,2.0,0.00790520009085415,#7890A3,#CBD2D8,0.16,e0724
7.3,17.14,Not retained,0.0,0.0,False,1.0,0.0,0.0267548054273883,1.0,False,1.0,1.51463563,False,True,NSFC only,0.01337740271369415,1.0,0.01337740271369415,#B78484,#CBD2D8,0.16,e0725
7.3,7.a,Not retained,0.0,0.0,False,1.0,0.0,0.0362261778001109,1.0,False,1.0,2.35195428,False,True,NSFC only,0.01811308890005545,1.0,0.01811308890005545,#B78484,#CBD2D8,0.16,e0726
7.3,9.1,Not retained,0.0338110992801035,14.0,False,1.0,-2.81146289,0.00516638933946,1.0,False,1.0,-2.28524825,True,True,Shared nonzero,0.01948874430978175,15.0,0.01948874430978175,#746A82,#CBD2D8,0.16,e0727
7.3,9.4,Other stable,0.1330639270202463,29.0,True,8e-08,8.05304732,0.078311218102379,9.0,False,0.07550216,4.36174168,True,True,Shared nonzero,0.10568757256131264,38.0,0.10568757256131264,#746A82,#7F99B2,0.62,e0728
7.a,10.2,Not retained,0.0156288160948181,1.0,False,1.0,0.40577126,0.0,0.0,False,1.0,0.0,True,False,NSF only,0.00781440804740905,1.0,0.00781440804740905,#7890A3,#CBD2D8,0.16,e0729
7.a,11.2,Not retained,0.0123730541035987,1.0,False,1.0,-0.04254291,0.0,0.0,False,1.0,0.0,True,False,NSF only,0.00618652705179935,1.0,0.00618652705179935,#7890A3,#CBD2D8,0.16,e0730
7.a,11.6,Not retained,0.0,0.0,False,1.0,0.0,0.0175035010503501,1.0,False,1.0,0.56245933,False,True,NSFC only,0.00875175052517505,1.0,0.00875175052517505,#B78484,#CBD2D8,0.16,e0731
7.a,12.4,Not retained,0.0164845118348946,1.0,False,1.0,0.51876535,0.0,0.0,False,1.0,0.0,True,False,NSF only,0.0082422559174473,1.0,0.0082422559174473,#7890A3,#CBD2D8,0.16,e0732
7.a,13.3,Not retained,0.0310834936080104,2.0,False,1.0,1.62386122,0.0,0.0,False,1.0,0.0,True,False,NSF only,0.0155417468040052,2.0,0.0155417468040052,#7890A3,#CBD2D8,0.16,e0733
7.a,17.17,Not retained,0.0260643017571343,1.0,False,1.0,1.57157031,0.0,0.0,False,1.0,0.0,True,False,NSF only,0.01303215087856715,1.0,0.01303215087856715,#7890A3,#CBD2D8,0.16,e0734
7.a,17.6,Not retained,0.1243339744320418,4.0,False,0.00280361,9.5985491,0.0,0.0,False,1.0,0.0,True,False,NSF only,0.0621669872160209,4.0,0.0621669872160209,#7890A3,#CBD2D8,0.16,e0735
7.a,9.5,Not retained,0.039405520311955,1.0,False,1.0,2.67488952,0.0,0.0,False,1.0,0.0,True,False,NSF only,0.0197027601559775,1.0,0.0197027601559775,#7890A3,#CBD2D8,0.16,e0736
9.1,10.2,Not retained,0.0346193857926332,12.0,False,1.0,-1.78420994,0.0062420805075652,1.0,False,1.0,-1.74610463,True,True,Shared nonzero,0.0204307331500992,13.0,0.0204307331500992,#746A82,#CBD2D8,0.16,e0737
9.1,10.3,Not retained,0.0,0.0,False,1.0,0.0,0.0104570249708564,1.0,False,1.0,-0.52375944,False,True,NSFC only,0.0052285124854282,1.0,0.0052285124854282,#B78484,#CBD2D8,0.16,e0738
9.1,11.1,Not retained,0.0101962548386916,2.0,False,1.0,-1.81934455,0.0,0.0,False,1.0,0.0,True,False,NSF only,0.0050981274193458,2.0,0.0050981274193458,#7890A3,#CBD2D8,0.16,e0739
9.1,11.2,Not retained,0.0708028333488449,31.0,False,1.0,0.02062063,0.0622298926287048,19.0,False,1.0,0.56571484,True,True,Shared nonzero,0.06651636298877485,50.0,0.06651636298877485,#746A82,#CBD2D8,0.16,e0740
9.1,11.3,Not retained,0.0700300975251853,24.0,False,1.0,1.25536876,0.0061523739669835,3.0,False,1.0,-6.79869379,True,True,Shared nonzero,0.0380912357460844,27.0,0.0380912357460844,#746A82,#CBD2D8,0.16,e0741
9.1,11.4,Not retained,0.0093352005601867,1.0,False,1.0,-0.67824192,0.0,0.0,False,1.0,0.0,True,False,NSF only,0.00466760028009335,1.0,0.00466760028009335,#7890A3,#CBD2D8,0.16,e0742
9.1,11.5,Shared,0.2598510724684533,236.0,True,0.0,10.66336592,0.1672438575466494,69.0,True,1e-08,7.46336316,True,True,Shared nonzero,0.21354746500755134,305.0,0.21354746500755134,#746A82,#003366,0.88,e0743
9.1,11.6,Not retained,0.0045049158559965,2.0,False,1.0,-5.7139235,0.0074887752493844,3.0,False,1.0,-5.15833904,True,True,Shared nonzero,0.00599684555269045,5.0,0.00599684555269045,#746A82,#CBD2D8,0.16,e0744
9.1,11.a,Not retained,0.0222222222222222,3.0,False,1.0,0.03245397,0.0156226693176988,3.0,False,1.0,-1.47325233,True,True,Shared nonzero,0.0189224457699605,6.0,0.0189224457699605,#746A82,#CBD2D8,0.16,e0745
9.1,11.b,Not retained,0.0638284738504225,22.0,False,1.0,0.7105938,0.0088023769627132,2.0,False,1.0,-2.50510297,True,True,Shared nonzero,0.036315425406567854,24.0,0.036315425406567854,#746A82,#CBD2D8,0.16,e0746
9.1,12.2,Not retained,0.0198029508595334,6.0,False,1.0,-2.43940201,0.0,0.0,False,1.0,0.0,True,False,NSF only,0.0099014754297667,6.0,0.0099014754297667,#7890A3,#CBD2D8,0.16,e0747
9.1,12.5,Not retained,0.014876160066112,6.0,False,1.0,-4.28137561,0.0053826490066548,1.0,False,1.0,-2.18120157,True,True,Shared nonzero,0.010129404536383401,7.0,0.010129404536383401,#746A82,#CBD2D8,0.16,e0748
9.1,13.1,Not retained,0.1424914656877207,155.0,False,1.0,-3.19223611,0.0420522798341252,19.0,False,1.0,-3.20137734,True,True,Shared nonzero,0.09227187276092294,174.0,0.09227187276092294,#746A82,#CBD2D8,0.16,e0749
9.1,13.2,Not retained,0.0106496408510782,4.0,False,1.0,-4.23472781,0.0030433258107484,1.0,False,1.0,-4.40349429,True,True,Shared nonzero,0.0068464833309133,5.0,0.0068464833309133,#746A82,#CBD2D8,0.16,e0750
9.1,15.1,Not retained,0.0124225998749988,5.0,False,1.0,-4.4370227,0.0024647444226432,1.0,False,1.0,-5.7017575,True,True,Shared nonzero,0.007443672148821,6.0,0.007443672148821,#746A82,#CBD2D8,0.16,e0751
9.1,15.5,Not retained,0.0022409754848427,1.0,False,1.0,-5.96575406,0.0,0.0,False,1.0,0.0,True,False,NSF only,0.00112048774242135,1.0,0.00112048774242135,#7890A3,#CBD2D8,0.16,e0752
9.1,16.6,Not retained,0.0,0.0,False,1.0,0.0,0.0205846742398154,2.0,False,1.0,0.24585166,False,True,NSFC only,0.0102923371199077,2.0,0.0102923371199077,#B78484,#CBD2D8,0.16,e0753
9.1,16.7,Not retained,0.0036049204695725,1.0,False,1.0,-3.44864924,0.0,0.0,False,1.0,0.0,True,False,NSF only,0.00180246023478625,1.0,0.00180246023478625,#7890A3,#CBD2D8,0.16,e0754
9.1,17.16,Not retained,0.0489897948556635,9.0,False,1.0,1.61561045,0.0,0.0,False,1.0,0.0,True,False,NSF only,0.02449489742783175,9.0,0.02449489742783175,#7890A3,#CBD2D8,0.16,e0755
9.1,17.17,Not retained,0.0288675134594812,6.0,False,1.0,-0.3744794,0.0291111254869791,1.0,False,1.0,1.77541395,True,True,Shared nonzero,0.02898931947323015,7.0,0.02898931947323015,#746A82,#CBD2D8,0.16,e0756
9.1,17.6,Not retained,0.0286887655274623,5.0,False,1.0,0.05923851,0.0,0.0,False,1.0,0.0,True,False,NSF only,0.01434438276373115,5.0,0.01434438276373115,#7890A3,#CBD2D8,0.16,e0757
9.1,9.4,Not retained,0.0281466887280499,10.0,False,1.0,-2.47781898,0.017127484260087,3.0,False,1.0,-1.10601102,True,True,Shared nonzero,0.02263708649406845,13.0,0.02263708649406845,#746A82,#CBD2D8,0.16,e0758
9.1,9.c,Not retained,0.0290957186981323,2.0,False,1.0,1.49252991,0.0,0.0,False,1.0,0.0,True,False,NSF only,0.01454785934906615,2.0,0.01454785934906615,#7890A3,#CBD2D8,0.16,e0759
9.2,10.2,Not retained,0.0432742322407915,1.0,False,1.0,3.14360811,0.0,0.0,False,1.0,0.0,True,False,NSF only,0.02163711612039575,1.0,0.02163711612039575,#7890A3,#CBD2D8,0.16,e0760
9.2,11.1,Not retained,0.0764719112901872,1.0,False,1.0,6.10835076,0.0,0.0,False,1.0,0.0,True,False,NSF only,0.0382359556450936,1.0,0.0382359556450936,#7890A3,#CBD2D8,0.16,e0761
9.2,11.2,Not retained,0.0342594354913765,1.0,False,1.0,2.39491972,0.0,0.0,False,1.0,0.0,True,False,NSF only,0.01712971774568825,1.0,0.01712971774568825,#7890A3,#CBD2D8,0.16,e0762
9.2,11.3,Not retained,0.0,0.0,False,1.0,0.0,0.057519730854305,4.0,False,0.52454195,3.62491984,False,True,NSFC only,0.0287598654271525,4.0,0.0287598654271525,#B78484,#CBD2D8,0.16,e0763
9.2,12.5,Not retained,0.03719040016528,1.0,False,1.0,2.7435965,0.0,0.0,False,1.0,0.0,True,False,NSF only,0.01859520008264,1.0,0.01859520008264,#7890A3,#CBD2D8,0.16,e0764
9.2,13.2,Not retained,0.0798723063830871,2.0,False,0.26703223,6.01386319,0.0,0.0,False,1.0,0.0,True,False,NSF only,0.03993615319154355,2.0,0.03993615319154355,#7890A3,#CBD2D8,0.16,e0765
9.2,15.2,Not retained,0.0727392967453307,1.0,False,1.0,5.55375697,0.0,0.0,False,1.0,0.0,True,False,NSF only,0.03636964837266535,1.0,0.03636964837266535,#7890A3,#CBD2D8,0.16,e0766
9.2,9.4,Not retained,0.0422200330920749,1.0,False,1.0,3.12687368,0.0400320384512717,1.0,False,1.0,2.63817208,True,True,Shared nonzero,0.0411260357716733,2.0,0.0411260357716733,#746A82,#CBD2D8,0.16,e0767
9.2,9.5,Not retained,0.1091089451179962,1.0,False,0.89746338,8.74709826,0.2041241452319315,1.0,False,0.45470673,17.6484801,True,True,Shared nonzero,0.15661654517496384,2.0,0.15661654517496384,#746A82,#CBD2D8,0.16,e0768
9.4,10.2,Not retained,0.0164433556551631,3.0,False,1.0,-1.05070094,0.0,0.0,False,1.0,0.0,True,False,NSF only,0.00822167782758155,3.0,0.00822167782758155,#7890A3,#CBD2D8,0.16,e0769
9.4,11.2,Not retained,0.0086786070009703,2.0,False,1.0,-2.31468709,0.0,0.0,False,1.0,0.0,True,False,NSF only,0.00433930350048515,2.0,0.00433930350048515,#7890A3,#CBD2D8,0.16,e0770
9.4,11.3,Not retained,0.0,0.0,False,1.0,0.0,0.013815792463598,4.0,False,1.0,-3.0938516,False,True,NSFC only,0.006907896231799,4.0,0.006907896231799,#B78484,#CBD2D8,0.16,e0771
9.4,11.5,Not retained,0.0083676515175985,4.0,False,1.0,-6.157107,0.0,0.0,False,1.0,0.0,True,False,NSF only,0.00418382575879925,4.0,0.00418382575879925,#7890A3,#CBD2D8,0.16,e0772
9.4,11.6,Not retained,0.047073929888004,11.0,False,1.0,0.77090856,0.0420420496247695,10.0,False,1.0,-0.05884991,True,True,Shared nonzero,0.04455798975638675,21.0,0.04455798975638675,#746A82,#CBD2D8,0.16,e0773
9.4,11.b,Not retained,0.0220486931851211,4.0,False,1.0,-0.58855497,0.014824986333222,2.0,False,1.0,-0.72826905,True,True,Shared nonzero,0.01843683975917155,6.0,0.01843683975917155,#746A82,#CBD2D8,0.16,e0774
9.4,12.2,NSF-specific,0.1943888884418801,31.0,True,0.0,13.58782681,0.0538163561137021,5.0,False,1.0,2.84921333,True,True,Shared nonzero,0.12410262227779109,36.0,0.12410262227779109,#746A82,#003366,0.88,e0775
9.4,12.4,Not retained,0.069374593509432,12.0,False,0.25129944,3.33847731,0.0165159579958762,2.0,False,1.0,-0.41403815,True,True,Shared nonzero,0.0429452757526541,14.0,0.0429452757526541,#746A82,#CBD2D8,0.16,e0776
9.4,12.5,Shared,0.1931321308593329,41.0,True,0.0,12.95572071,0.1087856586440842,12.0,True,0.00029172,6.70863696,True,True,Shared nonzero,0.15095889475170854,53.0,0.15095889475170854,#746A82,#003366,0.88,e0777
9.4,12.6,Not retained,0.0422200330920749,1.0,False,1.0,3.04622033,0.0674881905998771,3.0,False,0.51018521,4.57617667,True,True,Shared nonzero,0.054854111845975995,4.0,0.054854111845975995,#746A82,#CBD2D8,0.16,e0778
9.4,13.1,Not retained,0.0034931580367783,2.0,False,1.0,-8.35465574,0.0037276084119847,1.0,False,1.0,-3.62701304,True,True,Shared nonzero,0.0036103832243815004,3.0,0.0036103832243815004,#746A82,#CBD2D8,0.16,e0779
9.4,13.2,NSFC-specific,0.0455248541515628,9.0,False,1.0,1.12433812,0.1435161644183276,28.0,True,2e-08,8.40946491,True,True,Shared nonzero,0.0945205092849452,37.0,0.0945205092849452,#746A82,#8B0000,0.88,e0780
9.4,13.3,Not retained,0.005450582834731,1.0,False,1.0,-1.97459313,0.0,0.0,False,1.0,0.0,True,False,NSF only,0.0027252914173655,1.0,0.0027252914173655,#7890A3,#CBD2D8,0.16,e0781
9.4,15.2,Not retained,0.0092131665470463,1.0,False,1.0,-0.66706228,0.0,0.0,False,1.0,0.0,True,False,NSF only,0.00460658327352315,1.0,0.00460658327352315,#7890A3,#CBD2D8,0.16,e0782
9.4,15.9,Not retained,0.0286828643105887,2.0,False,1.0,1.39009497,0.0,0.0,False,1.0,0.0,True,False,NSF only,0.01434143215529435,2.0,0.01434143215529435,#7890A3,#CBD2D8,0.16,e0783
9.4,17.14,Not retained,0.0,0.0,False,1.0,0.0,0.0295656197994541,1.0,False,1.0,1.74537335,False,True,NSFC only,0.01478280989972705,1.0,0.01478280989972705,#B78484,#CBD2D8,0.16,e0784
9.4,17.16,Not retained,0.0103417537999003,1.0,False,1.0,-0.43263833,0.0,0.0,False,1.0,0.0,True,False,NSF only,0.00517087689995015,1.0,0.00517087689995015,#7890A3,#CBD2D8,0.16,e0785
9.4,17.6,Not retained,0.0109011656694621,1.0,False,1.0,-0.31499848,0.0,0.0,False,1.0,0.0,True,False,NSF only,0.00545058283473105,1.0,0.00545058283473105,#7890A3,#CBD2D8,0.16,e0786
9.4,9.5,Not retained,0.0138197498205695,1.0,False,1.0,0.16592369,0.049029033784546,1.0,False,1.0,3.38435661,True,True,Shared nonzero,0.03142439180255775,2.0,0.03142439180255775,#746A82,#CBD2D8,0.16,e0787
9.5,10.2,Not retained,0.0566592699670073,4.0,False,0.55616562,3.60209405,0.0,0.0,False,1.0,0.0,True,False,NSF only,0.02832963498350365,4.0,0.02832963498350365,#7890A3,#CBD2D8,0.16,e0788
9.5,11.2,Not retained,0.0224280652008128,2.0,False,1.0,0.63573867,0.0,0.0,False,1.0,0.0,True,False,NSF only,0.0112140326004064,2.0,0.0112140326004064,#7890A3,#CBD2D8,0.16,e0789
9.5,11.3,Not retained,0.0,0.0,False,1.0,0.0,0.052835246525726,3.0,False,1.0,3.40308885,False,True,NSFC only,0.026417623262863,3.0,0.026417623262863,#B78484,#CBD2D8,0.16,e0790
9.5,11.5,Not retained,0.0054061162636295,1.0,False,1.0,-2.14404802,0.0,0.0,False,1.0,0.0,True,False,NSF only,0.00270305813181475,1.0,0.00270305813181475,#7890A3,#CBD2D8,0.16,e0791
9.5,12.4,Not retained,0.0149403576166799,1.0,False,1.0,0.32427107,0.0,0.0,False,1.0,0.0,True,False,NSF only,0.00747017880833995,1.0,0.00747017880833995,#7890A3,#CBD2D8,0.16,e0792
9.5,13.1,Not retained,0.0045136723092109,1.0,False,1.0,-2.9130181,0.0,0.0,False,1.0,0.0,True,False,NSF only,0.00225683615460545,1.0,0.00225683615460545,#7890A3,#CBD2D8,0.16,e0793
9.5,13.2,Not retained,0.0130721746404,1.0,False,1.0,0.06284562,0.0,0.0,False,1.0,0.0,True,False,NSF only,0.0065360873202,1.0,0.0065360873202,#7890A3,#CBD2D8,0.16,e0794
9.5,13.3,Not retained,0.0140859042454752,1.0,False,1.0,0.2253391,0.0,0.0,False,1.0,0.0,True,False,NSF only,0.0070429521227376,1.0,0.0070429521227376,#7890A3,#CBD2D8,0.16,e0795
9.5,17.17,Not retained,0.1181138978153835,5.0,False,0.00125768,8.73270197,0.0,0.0,False,1.0,0.0,True,False,NSF only,0.05905694890769175,5.0,0.05905694890769175,#7890A3,#CBD2D8,0.16,e0796
9.c,10.2,Not retained,0.0566592699670073,2.0,False,1.0,4.03639442,0.0,0.0,False,1.0,0.0,True,False,NSF only,0.02832963498350365,2.0,0.02832963498350365,#7890A3,#CBD2D8,0.16,e0797
9.c,11.2,Not retained,0.0224280652008128,1.0,False,1.0,1.22627973,0.0,0.0,False,1.0,0.0,True,False,NSF only,0.0112140326004064,1.0,0.0112140326004064,#7890A3,#CBD2D8,0.16,e0798
9.c,11.3,Not retained,0.0573068255061252,2.0,False,0.97997466,4.10111195,0.0,0.0,False,1.0,0.0,True,False,NSF only,0.0286534127530626,2.0,0.0286534127530626,#7890A3,#CBD2D8,0.16,e0799
9.c,11.a,Not retained,0.0727392967453307,1.0,False,1.0,5.34635568,0.0,0.0,False,1.0,0.0,True,False,NSF only,0.03636964837266535,1.0,0.03636964837266535,#7890A3,#CBD2D8,0.16,e0800
9.c,11.b,Not retained,0.0284901441149094,1.0,False,1.0,1.83457113,0.0,0.0,False,1.0,0.0,True,False,NSF only,0.0142450720574547,1.0,0.0142450720574547,#7890A3,#CBD2D8,0.16,e0801
9.c,17.17,Not retained,0.0472455591261534,1.0,False,1.0,3.51202302,0.0,0.0,False,1.0,0.0,True,False,NSF only,0.0236227795630767,1.0,0.0236227795630767,#7890A3,#CBD2D8,0.16,e0802
