country,bootstrap_id,A2
NSF,1,20.375116501299182
NSF,2,21.553258297479548
NSF,3,21.73476341127199
NSF,4,21.29282969348019
NSF,5,21.577775508767047
NSF,6,21.08826061116279
NSF,7,21.69096763263201
NSF,8,22.107428043910126
NSF,9,20.84785009589537
NSF,10,21.175238090829488
NSF,11,21.50230771111589
NSF,12,21.731916706832912
NSF,13,21.503712699047522
NSF,14,20.938539525426712
NSF,15,21.444938607083337
NSF,16,21.31038027403187
NSF,17,21.789822836011616
NSF,18,20.378764163474514
NSF,19,20.731250614248
NSF,20,21.047505349794193
NSF,21,21.471419919483125
NSF,22,21.595926414879017
NSF,23,22.211430786982476
NSF,24,21.101814021878823
NSF,25,21.41953605880615
NSF,26,21.163460352774294
NSF,27,20.979886873524613
NSF,28,21.49550840280195
NSF,29,21.33735281144338
NSF,30,22.379752538963174
NSF,31,21.14211405589637
NSF,32,21.224729439751428
NSF,33,21.93752033028407
NSF,34,20.61534989231032
NSF,35,21.04906767681541
NSF,36,22.111394718411184
NSF,37,21.533444354217195
NSF,38,20.60045910003133
NSF,39,21.361642003432273
NSF,40,20.79585993845698
NSF,41,20.37132416750297
NSF,42,20.27399807123988
NSF,43,21.823697878933263
NSF,44,20.894216871812514
NSF,45,21.741731783687634
NSF,46,21.15014695025905
NSF,47,22.19172620510178
NSF,48,20.146387172250428
NSF,49,21.883185812695068
NSF,50,21.530157752117624
NSF,51,21.35782206572123
NSF,52,21.77330390945314
NSF,53,21.78256122707296
NSF,54,21.7623254336926
NSF,55,22.05275638441631
NSF,56,20.953522486178404
NSF,57,20.570719882471476
NSF,58,21.286212279684563
NSF,59,21.55484066474444
NSF,60,21.427299863179933
NSF,61,22.53479330447648
NSF,62,21.963102373821222
NSF,63,20.652085946226588
NSF,64,21.86840798159463
NSF,65,21.63817509934015
NSF,66,21.33655761503388
NSF,67,22.24075992133691
NSF,68,20.631187502519747
NSF,69,21.653342402613852
NSF,70,22.273340409439896
NSF,71,22.464338242097153
NSF,72,21.26093498146412
NSF,73,21.828195749847417
NSF,74,22.01864006878092
NSF,75,20.86362184071065
NSF,76,20.53658794657129
NSF,77,21.124406717910148
NSF,78,21.883320418376137
NSF,79,21.41078700481039
NSF,80,21.27531678867563
NSF,81,19.44140038701564
NSF,82,21.519331950599422
NSF,83,21.644458454051414
NSF,84,21.49291527005711
NSF,85,21.224045018486642
NSF,86,21.688643127536945
NSF,87,22.266791693874946
NSF,88,22.5342585130058
NSF,89,20.929544200451804
NSF,90,21.226402715635977
NSF,91,20.91096790449606
NSF,92,20.983600059639482
NSF,93,20.436532353512195
NSF,94,21.51731066694877
NSF,95,21.043665518173185
NSF,96,20.580936795375447
NSF,97,21.761412387703494
NSF,98,21.017712520981153
NSF,99,21.987018011553644
NSF,100,21.53676114721714
NSF,101,21.258843775305998
NSF,102,20.61052890391008
NSF,103,21.41340324122154
NSF,104,21.700128184825488
NSF,105,21.840750658303712
NSF,106,23.18346609325095
NSF,107,21.215369166843505
NSF,108,21.91247141856985
NSF,109,22.713568328554388
NSF,110,22.210147228516806
NSF,111,20.552847249354706
NSF,112,21.97025061666089
NSF,113,20.702864012694953
NSF,114,20.86947609263497
NSF,115,20.303443852919724
NSF,116,21.359822038900646
NSF,117,21.131903733457285
NSF,118,21.395397154258024
NSF,119,21.022276859951315
NSF,120,22.11496084654717
NSF,121,21.963294516767522
NSF,122,22.506786711239823
NSF,123,20.59393783795361
NSF,124,21.842264571995305
NSF,125,20.489236880173422
NSF,126,21.146009307783377
NSF,127,22.542795161098866
NSF,128,21.655898879307735
NSF,129,21.01562948655686
NSF,130,21.45094241966536
NSF,131,21.033634347392223
NSF,132,21.203501654153598
NSF,133,20.54092624907168
NSF,134,21.649880593006568
NSF,135,20.85188983598919
NSF,136,21.152707180487884
NSF,137,21.305255110035553
NSF,138,21.47474599932659
NSF,139,21.004790042908773
NSF,140,21.669624221919804
NSF,141,21.097428119961474
NSF,142,20.604500707101145
NSF,143,20.59039335381204
NSF,144,20.666109795810993
NSF,145,20.806352499915484
NSF,146,21.208115184549214
NSF,147,20.983147700814786
NSF,148,21.749541738920016
NSF,149,20.641466891629495
NSF,150,21.84522107625253
NSF,151,21.59656751387927
NSF,152,21.44184089073605
NSF,153,21.85172222074328
NSF,154,21.722764094524972
NSF,155,20.54477095829577
NSF,156,21.395471246064925
NSF,157,22.035010159131343
NSF,158,21.49815692801615
NSF,159,21.56224836870403
NSF,160,20.956638158939345
NSF,161,20.8894592533719
NSF,162,21.746507025916348
NSF,163,21.102921107681876
NSF,164,21.04401996373208
NSF,165,20.86757540526939
NSF,166,22.16936819878864
NSF,167,20.498010480842627
NSF,168,21.62249810998304
NSF,169,20.348697228143095
NSF,170,20.945252641667896
NSF,171,21.72778161860379
NSF,172,21.351317466754224
NSF,173,21.6187004336362
NSF,174,21.24074842059736
NSF,175,21.429513822734954
NSF,176,20.188940983341695
NSF,177,20.27297531206456
NSF,178,20.495889497318025
NSF,179,21.39592357125452
NSF,180,21.963174680051544
NSF,181,21.273820585205865
NSF,182,21.79527608701736
NSF,183,22.214464670085164
NSF,184,21.401081437325413
NSF,185,22.177363377357292
NSF,186,21.927110450119002
NSF,187,21.319737723974523
NSF,188,21.85189022441466
NSF,189,20.132705195089564
NSF,190,21.604766356739518
NSF,191,21.618346780087055
NSF,192,21.251531215410452
NSF,193,21.51593037392807
NSF,194,20.2348987444898
NSF,195,20.83566006674632
NSF,196,21.23507411113344
NSF,197,21.548895303353127
NSF,198,22.082689401870955
NSF,199,21.342692040799722
NSF,200,21.73884391498633
NSF,201,21.64069485299629
NSF,202,22.106993898522877
NSF,203,20.80052491757326
NSF,204,21.5450789462556
NSF,205,21.866953240714498
NSF,206,20.97622278460077
NSF,207,21.112787215895562
NSF,208,21.24491219401427
NSF,209,21.582336240874287
NSF,210,20.87393324890043
NSF,211,22.09412573605272
NSF,212,21.25149426589988
NSF,213,21.827015688284593
NSF,214,21.4656326520633
NSF,215,21.12844493987372
NSF,216,22.630502740922537
NSF,217,20.517649553272765
NSF,218,20.482038921570997
NSF,219,20.9038111797403
NSF,220,21.114099216964885
NSF,221,21.809615337599677
NSF,222,22.610996953635723
NSF,223,21.161634946221966
NSF,224,21.91825532628954
NSF,225,22.203157979529706
NSF,226,20.82355523228309
NSF,227,22.12107301800163
NSF,228,21.176516058071897
NSF,229,21.98608526643892
NSF,230,20.999512428627934
NSF,231,20.44901610760124
NSF,232,21.07912636799091
NSF,233,21.630504526840685
NSF,234,20.060148956272464
NSF,235,22.455193855044236
NSF,236,21.466685308679196
NSF,237,20.942866006672325
NSF,238,21.195435397271023
NSF,239,22.311696964436425
NSF,240,21.533551670508203
NSF,241,21.237515970233733
NSF,242,20.886328999881844
NSF,243,21.56123871037887
NSF,244,21.25140166830148
NSF,245,20.945995513895944
NSF,246,21.132818131897853
NSF,247,21.197252087784513
NSF,248,21.334863031216205
NSF,249,22.23276778994194
NSF,250,21.650028592261876
NSF,251,21.798410168834973
NSF,252,21.394424459126018
NSF,253,21.38154005985072
NSF,254,19.981150406294727
NSF,255,20.29588599148012
NSF,256,20.75362787508597
NSF,257,21.046031803483153
NSF,258,21.18314463921633
NSF,259,21.033391972721265
NSF,260,21.477332914008755
NSF,261,22.075599826677504
NSF,262,23.065603594336192
NSF,263,22.180063194289488
NSF,264,21.856236293431447
NSF,265,22.036335886451504
NSF,266,21.147996504950193
NSF,267,20.458195743804957
NSF,268,20.934842262923784
NSF,269,21.95870731462003
NSF,270,21.88828508578566
NSF,271,22.196193160175632
NSF,272,20.314894419198776
NSF,273,21.81885433905665
NSF,274,22.217072788939216
NSF,275,21.79643294116883
NSF,276,21.971398062286912
NSF,277,21.64327230217225
NSF,278,21.619544652738476
NSF,279,21.342676554724754
NSF,280,20.902513103436153
NSF,281,21.35223135210411
NSF,282,20.770139378263618
NSF,283,22.19097942849494
NSF,284,21.62130027402837
NSF,285,21.326987720439867
NSF,286,22.14815871095097
NSF,287,21.446102346004235
NSF,288,22.836668859771912
NSF,289,21.638332136858274
NSF,290,21.620993150372733
NSF,291,21.80787095940221
NSF,292,21.213348722426364
NSF,293,20.967422694847823
NSF,294,21.655210839577585
NSF,295,21.220783074501817
NSF,296,20.76736253685236
NSF,297,22.60027210225416
NSF,298,20.64957692271529
NSF,299,21.524445369862473
NSF,300,21.117105773431962
NSF,301,21.95769855411822
NSF,302,22.01561003174488
NSF,303,20.189667049510966
NSF,304,21.116989425803872
NSF,305,22.11111153016441
NSF,306,20.938091769193523
NSF,307,21.05219602751858
NSF,308,21.746693181636864
NSF,309,21.434036918115467
NSF,310,21.007700756210994
NSF,311,21.105260089282655
NSF,312,21.25446106830036
NSF,313,22.479839664379767
NSF,314,21.279860204828967
NSF,315,20.694683759875943
NSF,316,20.755984815055733
NSF,317,20.59766685851686
NSF,318,22.122662680391635
NSF,319,20.94773324871869
NSF,320,21.408142665040117
NSF,321,21.09099321776855
NSF,322,20.741173779130854
NSF,323,21.456378449786452
NSF,324,21.67134605390745
NSF,325,21.405052068097177
NSF,326,21.789026815532605
NSF,327,20.994349800341332
NSF,328,20.61230627258759
NSF,329,22.74161798353941
NSF,330,20.990951209520542
NSF,331,21.681470632492786
NSF,332,21.92533520652318
NSF,333,22.443289411996997
NSF,334,20.969374849763096
NSF,335,20.997071541599112
NSF,336,21.971079871405855
NSF,337,21.397613545671774
NSF,338,22.482323182274214
NSF,339,21.593892383060638
NSF,340,22.075395301598594
NSF,341,20.856046597286717
NSF,342,20.98677000246434
NSF,343,20.864494831615257
NSF,344,21.663075320493974
NSF,345,21.09553178600261
NSF,346,21.784031765141886
NSF,347,21.345522859439814
NSF,348,20.473174662722364
NSF,349,21.419107183540195
NSF,350,22.475168209479396
NSF,351,21.767584940341543
NSF,352,21.04561413163939
NSF,353,21.967211948809947
NSF,354,20.624873485325633
NSF,355,21.5062306348707
NSF,356,21.451314675942005
NSF,357,21.821703729733443
NSF,358,20.58483572209275
NSF,359,21.680593229871366
NSF,360,20.941186085340917
NSF,361,21.500048279751375
NSF,362,21.972793692915975
NSF,363,22.100777682408445
NSF,364,21.01866600709043
NSF,365,21.628873213174327
NSF,366,22.17853142806772
NSF,367,21.85509903252102
NSF,368,20.341559150807466
NSF,369,21.618989690258047
NSF,370,21.3233240559482
NSF,371,21.43984241574819
NSF,372,20.934378682636893
NSF,373,21.936448582619708
NSF,374,21.900456828386048
NSF,375,21.41276359782859
NSF,376,21.511817984697757
NSF,377,21.898952797086576
NSF,378,20.389229214265317
NSF,379,21.487875063312767
NSF,380,21.959025105052813
NSF,381,21.123632306912416
NSF,382,22.14789208781903
NSF,383,22.250042348019274
NSF,384,20.91696153082319
NSF,385,21.100195840684073
NSF,386,21.102939146700262
NSF,387,20.957228138756236
NSF,388,21.133756661820406
NSF,389,21.310295657603604
NSF,390,20.35886341548494
NSF,391,21.960899741797395
NSF,392,20.699947638866515
NSF,393,20.95090198299409
NSF,394,20.933317091831384
NSF,395,21.55055793691588
NSF,396,20.907524602423003
NSF,397,22.39636084937235
NSF,398,21.44668691644683
NSF,399,21.780723690049264
NSF,400,21.077138720904777
NSF,401,21.473507818665002
NSF,402,21.221399296763526
NSF,403,22.05014670726198
NSF,404,21.270685534127608
NSF,405,21.93757762336898
NSF,406,19.92956842070822
NSF,407,21.65124910136674
NSF,408,22.06534755497316
NSF,409,20.866143253622173
NSF,410,21.446259231026957
NSF,411,19.987239872833705
NSF,412,21.69099713255036
NSF,413,22.208674345579595
NSF,414,22.228535106414967
NSF,415,22.058970942472804
NSF,416,22.750487111433365
NSF,417,21.80639376607541
NSF,418,21.989616888932694
NSF,419,20.656440923028054
NSF,420,21.54682840703061
NSF,421,21.6563125046616
NSF,422,21.487949709148516
NSF,423,20.999156368354345
NSF,424,21.51828284818393
NSF,425,21.998344954703516
NSF,426,20.656959974063977
NSF,427,22.049857701225218
NSF,428,21.574793824980656
NSF,429,21.035601024437824
NSF,430,20.975844088836723
NSF,431,21.737620121797626
NSF,432,22.595294177863224
NSF,433,21.239503846152434
NSF,434,20.315369025355213
NSF,435,21.414725356819876
NSF,436,19.578654530432864
NSF,437,22.83612048110496
NSF,438,21.289036755523284
NSF,439,21.221189936134557
NSF,440,22.11677353302777
NSF,441,20.820513558543553
NSF,442,20.909378288973098
NSF,443,21.091609815109425
NSF,444,21.133185237588123
NSF,445,20.766565919621765
NSF,446,22.476772782427606
NSF,447,22.318831195020575
NSF,448,21.009527463346462
NSF,449,21.313935465535696
NSF,450,20.611342561597212
NSF,451,20.445818557681893
NSF,452,21.381098967245606
NSF,453,22.054753652126315
NSF,454,20.627503039575174
NSF,455,21.27304720585072
NSF,456,20.703839523654747
NSF,457,22.028577885488737
NSF,458,20.781232165350858
NSF,459,21.593871911620617
NSF,460,21.667574244583722
NSF,461,20.939639591305795
NSF,462,20.88826154519494
NSF,463,21.471338214555534
NSF,464,19.652987157150893
NSF,465,22.358023105677745
NSF,466,21.473463362601542
NSF,467,20.441315423860118
NSF,468,21.148989589638063
NSF,469,21.723753104962228
NSF,470,21.754812933202835
NSF,471,22.29452776655337
NSF,472,20.887373771207443
NSF,473,22.658468854118706
NSF,474,20.817867332248746
NSF,475,21.37805272360551
NSF,476,21.647794346859623
NSF,477,20.898323216002822
NSF,478,21.072033538394574
NSF,479,20.86608538305673
NSF,480,21.38211278148343
NSF,481,21.553258310433925
NSF,482,21.927908353013184
NSF,483,21.314824592032735
NSF,484,21.677566463648986
NSF,485,20.77568966810357
NSF,486,21.5369233051512
NSF,487,20.804175243029817
NSF,488,20.95417170609127
NSF,489,22.484318541905246
NSF,490,21.673666739194342
NSF,491,22.032862498174715
NSF,492,21.2774381833016
NSF,493,22.00137302388694
NSF,494,20.55206098870512
NSF,495,21.667506360401994
NSF,496,21.755563186855486
NSF,497,21.63171908152665
NSF,498,21.897202637728178
NSF,499,21.094998479322076
NSF,500,21.043478733467037
NSF,501,20.87017283160876
NSF,502,20.227561296180344
NSF,503,21.334190694484732
NSF,504,21.476624670861373
NSF,505,20.755848322216615
NSF,506,20.952823840402665
NSF,507,21.000634091158002
NSF,508,21.815555193515728
NSF,509,22.873885266432957
NSF,510,21.718894196528865
NSF,511,22.02821614017243
NSF,512,21.74638277985344
NSF,513,21.5538609438529
NSF,514,21.423538054030757
NSF,515,21.29277417380326
NSF,516,20.478017106824584
NSF,517,21.548100012547714
NSF,518,20.94373187584819
NSF,519,21.17297191921009
NSF,520,21.013806366510597
NSF,521,22.457739125234525
NSF,522,22.037049874444808
NSF,523,20.707353480505038
NSF,524,21.26353444001435
NSF,525,21.753209989245164
NSF,526,21.597404993232757
NSF,527,20.139353366203792
NSF,528,22.17352859220542
NSF,529,20.60941225099477
NSF,530,20.570022611979073
NSF,531,20.800633744165026
NSF,532,20.802686052832033
NSF,533,21.651602643241915
NSF,534,20.786512576232475
NSF,535,20.77514497886553
NSF,536,21.168441719117602
NSF,537,23.174165819783774
NSF,538,21.81177222140695
NSF,539,21.74911056649431
NSF,540,21.294806964505803
NSF,541,22.216903021853156
NSF,542,21.031556498220407
NSF,543,21.575910922054145
NSF,544,20.992862669248748
NSF,545,21.866354780120034
NSF,546,21.122458372693238
NSF,547,20.39278945759412
NSF,548,21.860271084252396
NSF,549,22.208950132720812
NSF,550,21.997715333596286
NSF,551,21.220538574368312
NSF,552,21.348834724369457
NSF,553,22.03674467573535
NSF,554,21.71206079029928
NSF,555,21.032826664701464
NSF,556,21.678725615369174
NSF,557,21.007338346186465
NSF,558,20.891338812250588
NSF,559,21.857473375701083
NSF,560,21.927659499023427
NSF,561,21.278818771414436
NSF,562,21.356187043630843
NSF,563,20.858804763412074
NSF,564,21.991040536613912
NSF,565,21.64724862188193
NSF,566,20.68298626306521
NSF,567,22.177551046452866
NSF,568,20.656346008797133
NSF,569,21.534798461028934
NSF,570,21.243066879943473
NSF,571,20.72681141111312
NSF,572,21.3186281744102
NSF,573,21.069922305519572
NSF,574,21.877414591459313
NSF,575,20.517663460979758
NSF,576,22.317802971970366
NSF,577,20.89393814607687
NSF,578,23.016744643922337
NSF,579,20.928154168855055
NSF,580,20.896858814063464
NSF,581,20.906278341823096
NSF,582,21.21275060231015
NSF,583,21.062404387778507
NSF,584,21.862632113795485
NSF,585,21.477510394408625
NSF,586,20.9516729569979
NSF,587,20.701076063423034
NSF,588,21.270523681985747
NSF,589,21.111806908559892
NSF,590,21.479164890980776
NSF,591,21.091278800307634
NSF,592,23.05128113778097
NSF,593,20.124876296614772
NSF,594,21.644664967159752
NSF,595,21.2634779412403
NSF,596,21.254898422052253
NSF,597,21.474637716051127
NSF,598,21.550693826011617
NSF,599,22.62255003495522
NSF,600,21.94811047998337
NSF,601,20.83163545591302
NSF,602,20.831021035430098
NSF,603,21.647240799570575
NSF,604,20.776892201658058
NSF,605,21.212327573988492
NSF,606,21.619031335389927
NSF,607,20.954263016086056
NSF,608,21.049379240952675
NSF,609,21.70169777224835
NSF,610,22.052418676993383
NSF,611,22.047744653078237
NSF,612,20.995548940562784
NSF,613,21.160771325620914
NSF,614,20.673719478434997
NSF,615,21.76013795459912
NSF,616,21.343886062807822
NSF,617,21.372638601801125
NSF,618,22.388576285947863
NSF,619,21.002195518656645
NSF,620,23.165371674033295
NSF,621,21.167462378116692
NSF,622,21.66962108655358
NSF,623,21.073573954745868
NSF,624,21.230502625936776
NSF,625,20.364544691202912
NSF,626,22.031580441287772
NSF,627,20.997619629638592
NSF,628,21.77344688154348
NSF,629,21.32686269760793
NSF,630,21.375769928167752
NSF,631,20.176843113565628
NSF,632,21.1596870214753
NSF,633,21.382708649099545
NSF,634,20.894764951832002
NSF,635,21.586513547460903
NSF,636,21.51033967746411
NSF,637,21.69144807929468
NSF,638,21.185611147309135
NSF,639,22.068492357318867
NSF,640,22.08428958324158
NSF,641,21.616924234436272
NSF,642,21.848125539708313
NSF,643,22.022881941288873
NSF,644,20.833349796412293
NSF,645,21.775036978804703
NSF,646,20.986050859621166
NSF,647,22.737568251861155
NSF,648,21.55787089325376
NSF,649,21.485001948121443
NSF,650,21.317570243130096
NSF,651,20.923886755410635
NSF,652,21.59958655222027
NSF,653,20.892861044662933
NSF,654,20.848506176421765
NSF,655,21.729008057426757
NSF,656,21.1218052587979
NSF,657,20.45296433612381
NSF,658,21.498883388339525
NSF,659,22.021602675802125
NSF,660,21.640745035023258
NSF,661,21.70716537073971
NSF,662,21.92655557033249
NSF,663,21.28747424872484
NSF,664,20.697706796960297
NSF,665,21.22907967115968
NSF,666,20.891330330630677
NSF,667,20.602716987992334
NSF,668,20.652894490535562
NSF,669,20.335998422808075
NSF,670,21.61593205208458
NSF,671,20.81888595726183
NSF,672,21.58771551143655
NSF,673,20.8881868824238
NSF,674,21.054098997182265
NSF,675,22.212103921625687
NSF,676,20.780811283397245
NSF,677,21.43199199616358
NSF,678,20.97793585912399
NSF,679,20.95224268455286
NSF,680,20.622720658806124
NSF,681,22.369418532334798
NSF,682,22.62356771851918
NSF,683,21.97356921400596
NSF,684,20.766613313554366
NSF,685,20.765236551435862
NSF,686,20.509305924155832
NSF,687,22.114532092586018
NSF,688,21.77954710346716
NSF,689,21.87982480542802
NSF,690,20.96190587438132
NSF,691,21.463330648578648
NSF,692,21.048109139548277
NSF,693,20.74581745340727
NSF,694,21.16189984932221
NSF,695,21.997666658965567
NSF,696,20.476385525488965
NSF,697,20.88552986590728
NSF,698,21.61147103105249
NSF,699,20.48170876273723
NSF,700,22.98847991120477
NSF,701,21.569363240601973
NSF,702,22.10414822831256
NSF,703,21.349681580273156
NSF,704,21.954919932489773
NSF,705,21.237193833885936
NSF,706,21.60967902666384
NSF,707,21.408073693135904
NSF,708,21.87016768639161
NSF,709,22.205401979232146
NSF,710,21.287746962686416
NSF,711,21.430769399304932
NSF,712,21.209157898044324
NSF,713,21.108237945778306
NSF,714,20.865655779002548
NSF,715,20.432389563086627
NSF,716,21.255861890516698
NSF,717,20.992195911515715
NSF,718,22.72792894444896
NSF,719,21.62519321375138
NSF,720,21.542847354648153
NSF,721,21.44541812144219
NSF,722,21.208370616991928
NSF,723,21.84290788871191
NSF,724,20.373926261659996
NSF,725,21.553961772622216
NSF,726,21.24912094177076
NSF,727,20.603323468444692
NSF,728,20.894108829781192
NSF,729,21.194225931906722
NSF,730,21.377484839545076
NSF,731,21.251140139081542
NSF,732,21.9916577206384
NSF,733,22.563160379586808
NSF,734,21.79100056747657
NSF,735,21.640814355189512
NSF,736,19.77405296861865
NSF,737,21.481440462048674
NSF,738,21.55896173737581
NSF,739,20.420464721713422
NSF,740,21.67292607146419
NSF,741,22.431411414942282
NSF,742,20.88170869126335
NSF,743,21.540252628458
NSF,744,21.99961157956605
NSF,745,21.423118234600228
NSF,746,21.694352855108615
NSF,747,21.74715939519225
NSF,748,20.103474851692997
NSF,749,21.16936535868179
NSF,750,22.96568301718644
NSF,751,21.012544041372962
NSF,752,21.70153068267171
NSF,753,21.577293992346053
NSF,754,21.030543375594878
NSF,755,22.21139794492294
NSF,756,21.42932608345171
NSF,757,21.239443370520217
NSF,758,21.85131612383595
NSF,759,20.66250024040307
NSF,760,21.990785576505324
NSF,761,21.216591713841186
NSF,762,21.219265640341693
NSF,763,20.740176882897806
NSF,764,22.586758463306122
NSF,765,21.6062919388262
NSF,766,21.63049672343042
NSF,767,20.543910687316004
NSF,768,21.09489105262566
NSF,769,21.297150979272462
NSF,770,21.285281426619697
NSF,771,21.502751942362707
NSF,772,21.66777734073608
NSF,773,20.66825598154729
NSF,774,21.11708542633199
NSF,775,21.589639577352624
NSF,776,20.976798940833294
NSF,777,21.342900199832194
NSF,778,21.086524314650127
NSF,779,20.68510129064055
NSF,780,20.73536306045104
NSF,781,21.01626980682237
NSF,782,21.093494004223597
NSF,783,21.908079579690884
NSF,784,22.252562564695985
NSF,785,19.65795731143434
NSF,786,20.65428652314511
NSF,787,21.65030631544378
NSF,788,21.056158781368435
NSF,789,21.17823537321954
NSF,790,22.00340685754135
NSF,791,20.894999740189164
NSF,792,20.925003145501954
NSF,793,21.52399160607925
NSF,794,21.823356006503477
NSF,795,21.374157897324565
NSF,796,21.08249295774469
NSF,797,20.872244794786116
NSF,798,20.722333429168316
NSF,799,21.671403984357127
NSF,800,21.185270565588883
NSF,801,21.391275663021375
NSF,802,21.78969020280447
NSF,803,21.931128484392477
NSF,804,21.564043679822987
NSF,805,22.509351285509183
NSF,806,21.529476148322487
NSF,807,21.496494020924654
NSF,808,20.940584861816056
NSF,809,21.327229883635106
NSF,810,20.911234969609026
NSF,811,21.230249796766067
NSF,812,20.715191887990958
NSF,813,20.780404873477895
NSF,814,20.204895691426664
NSF,815,22.080761358977806
NSF,816,20.923342189838554
NSF,817,21.260990492620564
NSF,818,21.670072607522446
NSF,819,22.083059219549575
NSF,820,21.390162871153414
NSF,821,19.775178349364424
NSF,822,22.352875450317494
NSF,823,21.01558667951791
NSF,824,21.21678415504424
NSF,825,22.5682717290627
NSF,826,21.224601309991417
NSF,827,21.92022901813951
NSF,828,22.50109890746828
NSF,829,20.796823647807315
NSF,830,21.781302953252794
NSF,831,21.282866602878418
NSF,832,22.037122292273168
NSF,833,21.70743596888867
NSF,834,22.030442374361815
NSF,835,21.69867840095627
NSF,836,21.997014745078637
NSF,837,20.221659288290244
NSF,838,21.156511151851397
NSF,839,21.029945396192737
NSF,840,22.225472551666783
NSF,841,22.364464600590434
NSF,842,20.99366813332128
NSF,843,20.65740122827167
NSF,844,21.50923295375143
NSF,845,21.603314728877802
NSF,846,22.35491450677934
NSF,847,20.550932354626983
NSF,848,21.695036045493808
NSF,849,22.767392783971193
NSF,850,21.35677521669732
NSF,851,22.860691046527393
NSF,852,20.835889595431425
NSF,853,21.58879430037858
NSF,854,21.41537688437081
NSF,855,21.046566815529776
NSF,856,21.341466736492478
NSF,857,20.74795831140187
NSF,858,20.9345066677877
NSF,859,21.760034056407388
NSF,860,21.570213557978924
NSF,861,22.05047729561466
NSF,862,20.762368162951525
NSF,863,20.754644073483863
NSF,864,21.96493163092983
NSF,865,21.709237572384232
NSF,866,20.548744680510502
NSF,867,21.49310620521139
NSF,868,22.170854382338092
NSF,869,21.956393434186992
NSF,870,22.028905290017573
NSF,871,21.00288031678109
NSF,872,22.59858932123683
NSF,873,20.67466234527905
NSF,874,20.253034201690653
NSF,875,21.552046506164963
NSF,876,22.04991761910194
NSF,877,21.323276694154167
NSF,878,22.05897422278278
NSF,879,22.055327111713975
NSF,880,21.667886979545905
NSF,881,22.789705011056355
NSF,882,23.081156390236387
NSF,883,22.707375563163684
NSF,884,21.22890417634202
NSF,885,21.197553655813437
NSF,886,20.619742594587212
NSF,887,21.024673796725928
NSF,888,21.180427445001403
NSF,889,21.778188896066737
NSF,890,22.04754976205288
NSF,891,21.144431602770773
NSF,892,20.441969961300867
NSF,893,21.632596924111397
NSF,894,21.959682362420008
NSF,895,22.405940759312287
NSF,896,22.5524896593101
NSF,897,20.631698174989875
NSF,898,21.177174787121224
NSF,899,21.543348942760424
NSF,900,21.045322866178733
NSF,901,21.982752334607987
NSF,902,20.853345010923356
NSF,903,21.47642577172554
NSF,904,22.280643356442482
NSF,905,21.60212499935079
NSF,906,21.85196255834408
NSF,907,20.47661453002006
NSF,908,20.520802507846025
NSF,909,22.027579865477367
NSF,910,21.89488689211808
NSF,911,20.50092001172328
NSF,912,21.986399318303278
NSF,913,22.63217666348138
NSF,914,21.403130377643294
NSF,915,21.955612775752805
NSF,916,21.298161998999564
NSF,917,21.835885039901605
NSF,918,21.38466724203716
NSF,919,22.141700837449207
NSF,920,21.615258761841364
NSF,921,21.101971216670776
NSF,922,22.460615814765276
NSF,923,20.778956156457483
NSF,924,22.577343426493897
NSF,925,20.76940819896275
NSF,926,20.91191547357407
NSF,927,21.31273876343133
NSF,928,22.502152594389873
NSF,929,20.747491622047583
NSF,930,21.497602483546782
NSF,931,21.701803887325216
NSF,932,20.596631510007196
NSF,933,21.073151085611794
NSF,934,21.321117170055988
NSF,935,21.470700072431278
NSF,936,21.759963358555733
NSF,937,20.057661348369344
NSF,938,20.996057124225555
NSF,939,20.60531050218951
NSF,940,21.733554283975447
NSF,941,22.25268724193703
NSF,942,20.33239920369969
NSF,943,20.273771684114685
NSF,944,21.60933699081552
NSF,945,21.113437399113387
NSF,946,21.599083611477447
NSF,947,21.560148794792568
NSF,948,21.36562035589484
NSF,949,22.121856100952613
NSF,950,21.90969496024645
NSF,951,21.635626996674326
NSF,952,20.93620770575596
NSF,953,21.263648095357528
NSF,954,21.412560131085648
NSF,955,21.379678242149033
NSF,956,22.8566202285034
NSF,957,21.316161155461053
NSF,958,21.316629806398822
NSF,959,21.79070531866542
NSF,960,20.45626427832632
NSF,961,22.192034700520004
NSF,962,21.094428570792676
NSF,963,20.43369424615004
NSF,964,21.92703233303451
NSF,965,22.4978174982149
NSF,966,20.826927098133314
NSF,967,22.480537249077315
NSF,968,20.73620634507129
NSF,969,20.663564866191738
NSF,970,20.1350431786112
NSF,971,21.274208500585367
NSF,972,21.44709275103763
NSF,973,21.413663950305214
NSF,974,21.07204955245528
NSF,975,22.778355333009003
NSF,976,22.037558600252993
NSF,977,21.2849179106741
NSF,978,23.218859786483293
NSF,979,21.192935918986027
NSF,980,21.413725560396227
NSF,981,21.00458766291634
NSF,982,20.90603132838721
NSF,983,20.5864045340409
NSF,984,20.061100117064978
NSF,985,20.9990044854462
NSF,986,21.60106450471904
NSF,987,22.36248496527793
NSF,988,21.109607688413117
NSF,989,21.298175372630315
NSF,990,21.134864093914935
NSF,991,21.973775147392388
NSF,992,20.71479069716365
NSF,993,21.49738345014718
NSF,994,22.150640750805668
NSF,995,21.553733284190574
NSF,996,22.09262981862167
NSF,997,21.52072207677339
NSF,998,21.531264624301663
NSF,999,22.542030343896002
NSF,1000,21.67723928803158
NSF,1001,22.23607693713153
NSF,1002,21.585579271222233
NSF,1003,21.87485393792319
NSF,1004,21.807689415770422
NSF,1005,20.8330933525525
NSF,1006,21.197569162046157
NSF,1007,21.447697903210543
NSF,1008,21.036866626204933
NSF,1009,22.09930967115001
NSF,1010,22.318629906649164
NSF,1011,21.2256232499501
NSF,1012,21.532619235322464
NSF,1013,22.981902270375528
NSF,1014,21.575679609401348
NSF,1015,20.484169799969738
NSF,1016,21.44754059503032
NSF,1017,21.030393384402373
NSF,1018,22.313169592094987
NSF,1019,21.005855541664825
NSF,1020,20.824727478648867
NSF,1021,21.944399785717724
NSF,1022,21.120067173409986
NSF,1023,21.508630789330805
NSF,1024,20.907816735289995
NSF,1025,22.061412164774854
NSF,1026,21.926020858914995
NSF,1027,22.545058631656516
NSF,1028,21.194581914426298
NSF,1029,21.427748226648145
NSF,1030,20.32748320082028
NSF,1031,21.765709077786244
NSF,1032,21.253033027498205
NSF,1033,20.468015801725393
NSF,1034,22.357723849379294
NSF,1035,21.391976705339218
NSF,1036,21.070395878048494
NSF,1037,21.259718007961453
NSF,1038,20.677333948894148
NSF,1039,20.75832980967388
NSF,1040,20.962618633611434
NSF,1041,21.592888403548827
NSF,1042,21.19839497980761
NSF,1043,21.153536332896834
NSF,1044,21.99846441974843
NSF,1045,20.453067295478007
NSF,1046,21.07707542621436
NSF,1047,22.268484108320408
NSF,1048,20.926836401593015
NSF,1049,19.881580556513647
NSF,1050,20.696679497420245
NSF,1051,21.360901323323098
NSF,1052,20.95155300710399
NSF,1053,21.202714558409177
NSF,1054,20.730288692945702
NSF,1055,21.19524601674219
NSF,1056,22.53777005248929
NSF,1057,22.137769283704838
NSF,1058,21.631151720781894
NSF,1059,21.778126430848477
NSF,1060,21.61356395172899
NSF,1061,21.550856727611084
NSF,1062,21.626075191167857
NSF,1063,21.100390008773754
NSF,1064,21.56415785802016
NSF,1065,21.518677628748485
NSF,1066,21.098568973256082
NSF,1067,22.166398786475895
NSF,1068,21.10847581375883
NSF,1069,21.140259162764856
NSF,1070,22.46397401102874
NSF,1071,19.708921792884468
NSF,1072,21.264359862169513
NSF,1073,20.69096216566987
NSF,1074,20.817426272060388
NSF,1075,21.351356926508288
NSF,1076,20.564644777463755
NSF,1077,20.79416882612506
NSF,1078,21.26567851659168
NSF,1079,21.670091288820842
NSF,1080,22.130346330306466
NSF,1081,21.784529106897356
NSF,1082,23.590242921793852
NSF,1083,21.000520512283742
NSF,1084,21.980965107541202
NSF,1085,20.761600395359523
NSF,1086,21.61304088949888
NSF,1087,22.497740166621867
NSF,1088,22.07404574520411
NSF,1089,21.768768329969994
NSF,1090,21.75291489169772
NSF,1091,21.12977032685681
NSF,1092,20.9656555990039
NSF,1093,20.955963134402904
NSF,1094,21.045864722191425
NSF,1095,23.18509601010291
NSF,1096,20.751662289722933
NSF,1097,22.63553919293785
NSF,1098,23.0088811054249
NSF,1099,20.942183743273286
NSF,1100,21.44454707039529
NSF,1101,20.558359183254105
NSF,1102,21.010358583865447
NSF,1103,21.003158586769924
NSF,1104,21.012132332111303
NSF,1105,21.888034031558046
NSF,1106,21.521564975761628
NSF,1107,21.088556141044645
NSF,1108,21.218802202522784
NSF,1109,21.232511201964293
NSF,1110,22.167916775886944
NSF,1111,21.333130947083156
NSF,1112,21.92753426398619
NSF,1113,21.421427258395447
NSF,1114,21.59773060230857
NSF,1115,21.547844126333636
NSF,1116,21.791678760244032
NSF,1117,22.32910239512297
NSF,1118,21.655874746384438
NSF,1119,21.381860891617528
NSF,1120,20.73746877444722
NSF,1121,21.104521260509905
NSF,1122,21.431283540182573
NSF,1123,20.80992891565122
NSF,1124,21.573877226238935
NSF,1125,20.48269697041053
NSF,1126,21.427689436601067
NSF,1127,22.598981739551597
NSF,1128,19.80386731045136
NSF,1129,21.331394939458857
NSF,1130,21.476430346871133
NSF,1131,21.750159021928013
NSF,1132,21.36302613255985
NSF,1133,20.98073450912537
NSF,1134,21.370525380877076
NSF,1135,20.94901234964001
NSF,1136,21.547475853434918
NSF,1137,21.271866654238654
NSF,1138,20.549562983091203
NSF,1139,21.48809195459771
NSF,1140,20.95539007993284
NSF,1141,20.88600458148668
NSF,1142,21.57452580753899
NSF,1143,21.458692999047358
NSF,1144,20.485644092985172
NSF,1145,20.548016227210276
NSF,1146,21.185427434162513
NSF,1147,21.53078571338106
NSF,1148,22.38627667082445
NSF,1149,21.637789553346447
NSF,1150,21.27265730016657
NSF,1151,21.905694107188992
NSF,1152,21.373041976543306
NSF,1153,20.95797599027163
NSF,1154,21.980582395948566
NSF,1155,21.632309137113054
NSF,1156,21.101806375809012
NSF,1157,21.674903991859264
NSF,1158,22.52349716419058
NSF,1159,22.81485692846161
NSF,1160,21.676969997604356
NSF,1161,22.386254674408985
NSF,1162,21.673559720255334
NSF,1163,22.039352861628135
NSF,1164,21.25477421286175
NSF,1165,21.75019174733979
NSF,1166,21.96026796821928
NSF,1167,21.188715544196594
NSF,1168,21.683409610061048
NSF,1169,20.431025251458177
NSF,1170,21.581620030802288
NSF,1171,21.167998481713067
NSF,1172,21.156531695604436
NSF,1173,22.53472835336464
NSF,1174,21.36966287322892
NSF,1175,21.061719362170468
NSF,1176,22.281623230448773
NSF,1177,21.322047675677176
NSF,1178,22.830351840564287
NSF,1179,20.301366513114328
NSF,1180,22.216444081078222
NSF,1181,21.666605444327757
NSF,1182,20.66028876015188
NSF,1183,22.298704382805063
NSF,1184,21.726683143821628
NSF,1185,22.466539527204606
NSF,1186,20.703835313305042
NSF,1187,19.82239657394816
NSF,1188,20.784024291654507
NSF,1189,22.056812157433868
NSF,1190,21.09408174327128
NSF,1191,21.363917875106964
NSF,1192,20.76258915412041
NSF,1193,21.890472530262805
NSF,1194,21.282888134062365
NSF,1195,21.570313110637375
NSF,1196,21.28348117549316
NSF,1197,23.035712581433042
NSF,1198,21.53258984849019
NSF,1199,21.20036568313962
NSF,1200,22.17916743378022
NSF,1201,21.021243334278715
NSF,1202,21.642252619431257
NSF,1203,21.49283762597413
NSF,1204,21.201689542126267
NSF,1205,22.021561501850854
NSF,1206,22.752816168367097
NSF,1207,20.886662595814823
NSF,1208,21.178322199039904
NSF,1209,20.986063930518423
NSF,1210,20.91110745169144
NSF,1211,20.35950586603276
NSF,1212,21.799232247963378
NSF,1213,21.70533163838907
NSF,1214,21.14548679737077
NSF,1215,21.3354323536341
NSF,1216,21.781798697046273
NSF,1217,22.261969419601776
NSF,1218,21.833538900368126
NSF,1219,20.684039781663955
NSF,1220,21.03042490335332
NSF,1221,21.97060048414591
NSF,1222,21.569429005907466
NSF,1223,20.580774739643083
NSF,1224,22.22398081031021
NSF,1225,21.369250659203068
NSF,1226,19.789374031281014
NSF,1227,21.14643851692332
NSF,1228,21.366239046466397
NSF,1229,20.781911526186434
NSF,1230,21.237503585012842
NSF,1231,21.285052631674738
NSF,1232,20.33573164467096
NSF,1233,20.892678711698437
NSF,1234,20.491265055404092
NSF,1235,20.329977676856625
NSF,1236,20.964650395932804
NSF,1237,20.563041792324224
NSF,1238,20.538694736518373
NSF,1239,20.410894863881765
NSF,1240,20.91150388359465
NSF,1241,21.661110076770523
NSF,1242,20.98458958082673
NSF,1243,21.636474156213616
NSF,1244,20.783165777309797
NSF,1245,20.896412016836294
NSF,1246,22.52136822348051
NSF,1247,21.38151892551388
NSF,1248,22.279882998543997
NSF,1249,21.442962981895523
NSF,1250,21.716542199925577
NSF,1251,22.091398790226755
NSF,1252,22.712595378798973
NSF,1253,21.679723692784442
NSF,1254,20.604426614778724
NSF,1255,21.1693977994576
NSF,1256,21.236478134693172
NSF,1257,21.31352097255154
NSF,1258,21.45136134495764
NSF,1259,21.34016866311915
NSF,1260,21.135612969418833
NSF,1261,21.51069708396713
NSF,1262,21.754911387070457
NSF,1263,21.755107461083625
NSF,1264,20.768698679708244
NSF,1265,21.78225752213126
NSF,1266,21.086095704604293
NSF,1267,21.338807380086163
NSF,1268,21.96421316934218
NSF,1269,21.21077321048201
NSF,1270,22.45126821806211
NSF,1271,20.68656401051858
NSF,1272,20.224758827347276
NSF,1273,21.20075670243659
NSF,1274,21.25706888677791
NSF,1275,20.97299821693467
NSF,1276,21.00816940166612
NSF,1277,22.024945098494303
NSF,1278,22.077503914115784
NSF,1279,20.74575054131441
NSF,1280,20.895246435245056
NSF,1281,20.4584549255475
NSF,1282,22.474332014865485
NSF,1283,20.78718248157195
NSF,1284,21.1896724720969
NSF,1285,20.767014627688265
NSF,1286,21.720338569461234
NSF,1287,21.50889505121944
NSF,1288,20.880695685553658
NSF,1289,22.463347507506203
NSF,1290,22.215336584895464
NSF,1291,20.602510826128345
NSF,1292,21.245396457574202
NSF,1293,22.056868996910538
NSF,1294,21.09544964717337
NSF,1295,20.363518121335645
NSF,1296,22.355855104076014
NSF,1297,22.34707436903735
NSF,1298,22.02690638291064
NSF,1299,22.46437236868909
NSF,1300,20.189542777374157
NSF,1301,20.720212548832695
NSF,1302,20.54044153240361
NSF,1303,20.05941028777917
NSF,1304,22.537008720595814
NSF,1305,21.837308433018293
NSF,1306,21.922801423136974
NSF,1307,21.741243675498044
NSF,1308,21.21815024614162
NSF,1309,21.066605311499185
NSF,1310,20.39435772833611
NSF,1311,21.051928656199305
NSF,1312,20.77520041619874
NSF,1313,21.80768529097208
NSF,1314,20.714871894644027
NSF,1315,21.52168835732237
NSF,1316,20.9978467981032
NSF,1317,20.950544580618065
NSF,1318,21.58870976184338
NSF,1319,22.425204111818704
NSF,1320,21.06880314858771
NSF,1321,21.205191506846216
NSF,1322,20.61345119306193
NSF,1323,21.81346254774088
NSF,1324,21.333471662562605
NSF,1325,22.188807365735997
NSF,1326,20.636601984619652
NSF,1327,21.2255201180662
NSF,1328,20.957594473056393
NSF,1329,20.971290350778077
NSF,1330,21.33110552652903
NSF,1331,20.358398279266993
NSF,1332,21.07229400736003
NSF,1333,22.42460819636316
NSF,1334,20.900796467372814
NSF,1335,20.926583263546874
NSF,1336,21.612376587106446
NSF,1337,20.826219697582612
NSF,1338,22.053228671899173
NSF,1339,21.082100701263407
NSF,1340,21.79706731298478
NSF,1341,20.359333062713368
NSF,1342,21.586845907825886
NSF,1343,22.536649896706205
NSF,1344,21.553520428484507
NSF,1345,21.007539788577795
NSF,1346,20.867511369324433
NSF,1347,22.74888340663832
NSF,1348,20.543997406717658
NSF,1349,21.901534359575557
NSF,1350,21.32405206670887
NSF,1351,21.149069909357472
NSF,1352,21.601055169505194
NSF,1353,21.760712837463785
NSF,1354,20.98609418898163
NSF,1355,21.63685729916281
NSF,1356,22.065213039018115
NSF,1357,21.28791266062069
NSF,1358,21.49213172509989
NSF,1359,20.800542520521876
NSF,1360,22.39158959819576
NSF,1361,22.707645981626925
NSF,1362,21.36331959624896
NSF,1363,20.936272538002726
NSF,1364,21.36410532122639
NSF,1365,21.02903200567871
NSF,1366,21.001374341086205
NSF,1367,21.253270294267537
NSF,1368,20.853128770512697
NSF,1369,20.87759280137739
NSF,1370,20.464520009793727
NSF,1371,21.474638187964846
NSF,1372,22.10118789994876
NSF,1373,22.348683617105408
NSF,1374,20.661416631068303
NSF,1375,22.261570083839494
NSF,1376,21.436342549301855
NSF,1377,21.256610190241155
NSF,1378,22.39255238279401
NSF,1379,20.76258554014175
NSF,1380,21.235024824834106
NSF,1381,20.433848378710948
NSF,1382,21.559126243432935
NSF,1383,21.506593522331702
NSF,1384,21.35717294353417
NSF,1385,21.82690467575177
NSF,1386,20.764420143856704
NSF,1387,20.4229541854911
NSF,1388,23.27570015034494
NSF,1389,21.705772090886285
NSF,1390,20.274969495080974
NSF,1391,21.57625161874482
NSF,1392,21.434446339452535
NSF,1393,20.519900868736908
NSF,1394,20.485395208133014
NSF,1395,21.302610437068463
NSF,1396,21.64283007753986
NSF,1397,19.99294635965002
NSF,1398,21.486279590766593
NSF,1399,21.04176447746041
NSF,1400,20.55244087908889
NSF,1401,20.900147142050645
NSF,1402,21.969108438426883
NSF,1403,22.327518085456653
NSF,1404,21.321786487315574
NSF,1405,22.10387080246207
NSF,1406,21.193949151778025
NSF,1407,21.514004119968195
NSF,1408,20.271280992031855
NSF,1409,20.635601287284093
NSF,1410,21.833932488262263
NSF,1411,21.93772778066052
NSF,1412,21.894692383263923
NSF,1413,20.385511687363763
NSF,1414,21.240758303197104
NSF,1415,20.734412780071537
NSF,1416,23.012052212057135
NSF,1417,22.61428523467544
NSF,1418,20.67416427006234
NSF,1419,21.090029918237416
NSF,1420,22.471337296371566
NSF,1421,21.91533734277755
NSF,1422,20.434414316226462
NSF,1423,21.78453357225495
NSF,1424,20.84614768870886
NSF,1425,22.21693557089761
NSF,1426,22.138486204820488
NSF,1427,21.160871140566247
NSF,1428,22.468574594063416
NSF,1429,20.85667741239059
NSF,1430,20.273180204474556
NSF,1431,21.266862730579348
NSF,1432,21.341494819052233
NSF,1433,21.87441258333358
NSF,1434,22.48827229864788
NSF,1435,20.56303527862337
NSF,1436,21.38099731354415
NSF,1437,22.60670203613998
NSF,1438,20.672521693010488
NSF,1439,21.91232514309034
NSF,1440,22.695879442409506
NSF,1441,21.442909866207778
NSF,1442,20.442160352017556
NSF,1443,20.359100958990375
NSF,1444,21.081589497094328
NSF,1445,21.030048281072514
NSF,1446,20.041531545541627
NSF,1447,21.031513277804997
NSF,1448,21.255246989340453
NSF,1449,22.036425699829636
NSF,1450,21.369848744286244
NSF,1451,22.00749729482203
NSF,1452,21.218532950792802
NSF,1453,21.120392805562172
NSF,1454,22.316307239080004
NSF,1455,21.87474960905945
NSF,1456,21.654034464822498
NSF,1457,21.321505506014805
NSF,1458,21.841231287646483
NSF,1459,21.91672753777048
NSF,1460,21.362351506116966
NSF,1461,21.21616627645499
NSF,1462,21.29613707323373
NSF,1463,20.89333312868175
NSF,1464,20.838425069212143
NSF,1465,20.7167731358926
NSF,1466,20.59654926256552
NSF,1467,22.435739189890473
NSF,1468,21.08942951700454
NSF,1469,21.577476638098428
NSF,1470,21.41196164057723
NSF,1471,20.814429828595244
NSF,1472,20.995485470136412
NSF,1473,20.88615274102421
NSF,1474,22.242016259220712
NSF,1475,21.158645703946632
NSF,1476,20.57389906937498
NSF,1477,22.722139221509334
NSF,1478,21.53771892777145
NSF,1479,20.851357237792087
NSF,1480,21.47029740004875
NSF,1481,20.777576816852832
NSF,1482,20.328838952875387
NSF,1483,22.259013347751647
NSF,1484,21.166282027291096
NSF,1485,21.98517778531827
NSF,1486,21.56396708485852
NSF,1487,21.73364451967063
NSF,1488,20.194800354135957
NSF,1489,20.796197157624146
NSF,1490,21.708102700893008
NSF,1491,21.43582405804643
NSF,1492,21.024517655151346
NSF,1493,22.110086020587445
NSF,1494,21.302564197205662
NSF,1495,21.971491677728114
NSF,1496,21.754329428801878
NSF,1497,21.15267928200897
NSF,1498,21.3584896890446
NSF,1499,20.853463140362216
NSF,1500,22.109152036549773
NSF,1501,21.6728268087137
NSF,1502,22.57784554238616
NSF,1503,21.687024671684267
NSF,1504,21.155392593811357
NSF,1505,20.812665757610123
NSF,1506,22.398660039778413
NSF,1507,21.524693357277528
NSF,1508,21.082793135833676
NSF,1509,20.647891292740926
NSF,1510,21.244749169660818
NSF,1511,20.321068719839996
NSF,1512,21.613876932260304
NSF,1513,21.2384438038059
NSF,1514,21.969047084042476
NSF,1515,22.283426537282416
NSF,1516,20.2798267027253
NSF,1517,20.040008498044912
NSF,1518,21.101666416560324
NSF,1519,21.53186301797237
NSF,1520,20.993056663838445
NSF,1521,20.895870497224486
NSF,1522,21.14635152233252
NSF,1523,21.578213663318888
NSF,1524,21.52725032708268
NSF,1525,22.58554016255988
NSF,1526,21.473608890689878
NSF,1527,20.922230561697006
NSF,1528,23.03131294840891
NSF,1529,22.441828908243586
NSF,1530,20.750579562587184
NSF,1531,22.41302396269784
NSF,1532,20.925943191338273
NSF,1533,20.156016873997036
NSF,1534,21.46458743815576
NSF,1535,21.49527159171328
NSF,1536,20.33315126370976
NSF,1537,21.544233899491775
NSF,1538,21.228368789812365
NSF,1539,21.04479395233036
NSF,1540,21.866098784303695
NSF,1541,20.513546554761206
NSF,1542,21.454612258395215
NSF,1543,20.30372840094748
NSF,1544,20.98079157207628
NSF,1545,20.771930662129357
NSF,1546,21.2141827518352
NSF,1547,22.089711729185602
NSF,1548,22.05486965818492
NSF,1549,20.469627081779894
NSF,1550,21.398806341232255
NSF,1551,20.99519853692596
NSF,1552,21.022833951016636
NSF,1553,21.152062351279174
NSF,1554,22.17310542950761
NSF,1555,20.743849179807004
NSF,1556,21.471973591885945
NSF,1557,22.195211858558306
NSF,1558,20.211621123109005
NSF,1559,21.490032658824703
NSF,1560,21.792724717460384
NSF,1561,21.365164393008722
NSF,1562,21.173553947813115
NSF,1563,21.378360797943934
NSF,1564,20.617865342463848
NSF,1565,21.778873634833346
NSF,1566,21.62170270823024
NSF,1567,22.137989927284007
NSF,1568,20.76212289616724
NSF,1569,21.447950052613734
NSF,1570,22.333527712333353
NSF,1571,21.152437576899757
NSF,1572,21.893502537871655
NSF,1573,20.930201067848024
NSF,1574,20.480023077971243
NSF,1575,21.83131131661575
NSF,1576,21.91997832781647
NSF,1577,20.823620980796573
NSF,1578,21.457738441529354
NSF,1579,22.01047001566142
NSF,1580,20.084682249866855
NSF,1581,21.302177425149722
NSF,1582,20.973817960590026
NSF,1583,22.04774824609076
NSF,1584,20.698493281992732
NSF,1585,21.572341059067597
NSF,1586,21.7277311316073
NSF,1587,21.305744279782573
NSF,1588,20.81478475764801
NSF,1589,21.843029831576082
NSF,1590,21.589874954220598
NSF,1591,22.23069782076438
NSF,1592,22.613520515217033
NSF,1593,22.075669538542748
NSF,1594,20.590711278445
NSF,1595,21.93804003462096
NSF,1596,21.48704748162104
NSF,1597,22.720061604252567
NSF,1598,21.718849157701314
NSF,1599,22.39034100169448
NSF,1600,21.117721146096795
NSF,1601,21.085686340799125
NSF,1602,21.06852661320183
NSF,1603,21.290343341542354
NSF,1604,21.507518153751736
NSF,1605,22.123014559324172
NSF,1606,21.69473258580622
NSF,1607,20.556539743073234
NSF,1608,22.036264093776865
NSF,1609,20.360099851440726
NSF,1610,21.934718024616657
NSF,1611,20.78949838781817
NSF,1612,21.479615454654244
NSF,1613,21.107899896861547
NSF,1614,21.63386610632068
NSF,1615,22.418002015116812
NSF,1616,20.4983817956241
NSF,1617,22.097207279203904
NSF,1618,22.14514640572296
NSF,1619,21.3757335887519
NSF,1620,21.99922676007657
NSF,1621,20.686015489624186
NSF,1622,21.429214868392627
NSF,1623,20.968863669937704
NSF,1624,21.084604394246824
NSF,1625,21.831442866643528
NSF,1626,21.4583769892645
NSF,1627,22.15183471837188
NSF,1628,21.421918455844967
NSF,1629,21.68168941169507
NSF,1630,22.571898456170295
NSF,1631,21.13672158516519
NSF,1632,20.406889120164877
NSF,1633,21.305347490106758
NSF,1634,21.056706242531426
NSF,1635,21.2581114608737
NSF,1636,21.632401433434605
NSF,1637,21.808022440631408
NSF,1638,19.90483418914273
NSF,1639,21.16658701725652
NSF,1640,20.66570483377739
NSF,1641,21.791363197033625
NSF,1642,21.42259060458802
NSF,1643,21.821272348634665
NSF,1644,21.907239402231163
NSF,1645,21.62864632352352
NSF,1646,20.84078608589984
NSF,1647,22.061185771166357
NSF,1648,21.47023655819335
NSF,1649,21.805889119288565
NSF,1650,20.417613090570494
NSF,1651,22.086266928122022
NSF,1652,21.371758026889154
NSF,1653,20.95091257935811
NSF,1654,23.354203937540507
NSF,1655,21.684249607426498
NSF,1656,21.43925150716235
NSF,1657,21.125917942392135
NSF,1658,21.027082918528954
NSF,1659,21.580621372524742
NSF,1660,22.41221516399293
NSF,1661,20.29282923480414
NSF,1662,21.21392944988732
NSF,1663,21.286117686871055
NSF,1664,21.131341233491227
NSF,1665,21.704467024692807
NSF,1666,21.0337663504202
NSF,1667,21.143055828794008
NSF,1668,22.061870987120244
NSF,1669,22.107217872209677
NSF,1670,21.18624892013506
NSF,1671,21.6175547289441
NSF,1672,21.640409750624762
NSF,1673,21.43888821257089
NSF,1674,21.78850389851912
NSF,1675,21.20178105305409
NSF,1676,21.883777617908592
NSF,1677,21.21037920972586
NSF,1678,21.1335213048357
NSF,1679,20.46626849614183
NSF,1680,21.19566853996363
NSF,1681,21.038226153034152
NSF,1682,21.408788261284204
NSF,1683,20.17769125674024
NSF,1684,21.639579740166113
NSF,1685,21.523242515232337
NSF,1686,21.230476720466395
NSF,1687,20.31278395569888
NSF,1688,20.509948483443154
NSF,1689,21.322379143516326
NSF,1690,22.2907353207411
NSF,1691,20.721323899539343
NSF,1692,20.817815093937835
NSF,1693,20.830912449426116
NSF,1694,21.45779598361558
NSF,1695,20.98179662076883
NSF,1696,21.07298649096456
NSF,1697,21.03181697872431
NSF,1698,23.72229661366109
NSF,1699,20.852292539137185
NSF,1700,21.283592117553287
NSF,1701,21.079045365117345
NSF,1702,20.751790838750782
NSF,1703,21.836965968203263
NSF,1704,20.849608888182345
NSF,1705,21.072839434258704
NSF,1706,20.865121000061542
NSF,1707,20.23799791252266
NSF,1708,20.875565006219116
NSF,1709,20.377637777998274
NSF,1710,22.636426081355093
NSF,1711,21.819550355366456
NSF,1712,22.243992605482863
NSF,1713,22.986596168146995
NSF,1714,21.220704063420655
NSF,1715,21.393961709648654
NSF,1716,21.233700228989136
NSF,1717,21.25888795805383
NSF,1718,21.285151434817344
NSF,1719,21.642790529425596
NSF,1720,21.58842051814709
NSF,1721,20.69205670820374
NSF,1722,21.23110106560475
NSF,1723,21.972285991551846
NSF,1724,21.457209305537962
NSF,1725,22.076876039517227
NSF,1726,21.53325449154236
NSF,1727,21.385620564435484
NSF,1728,20.844098427725072
NSF,1729,21.41406134796008
NSF,1730,20.530709665689475
NSF,1731,22.151079306049112
NSF,1732,21.449382022383293
NSF,1733,21.476543154105876
NSF,1734,21.731919770853096
NSF,1735,21.13114826157988
NSF,1736,21.370401614221727
NSF,1737,22.46049009409446
NSF,1738,20.77340747584279
NSF,1739,21.069999450889817
NSF,1740,22.05819114129751
NSF,1741,20.713915176552263
NSF,1742,20.789278057565085
NSF,1743,22.54215364816818
NSF,1744,20.76219461788396
NSF,1745,21.186709047163546
NSF,1746,21.810857136233203
NSF,1747,21.86762973942877
NSF,1748,20.86885773525701
NSF,1749,22.54254150886658
NSF,1750,21.03591090258346
NSF,1751,21.89396791046565
NSF,1752,22.845979997040143
NSF,1753,21.797173248740453
NSF,1754,22.27615027768215
NSF,1755,21.5399811613684
NSF,1756,20.96659077064818
NSF,1757,21.173814897412598
NSF,1758,21.39041449299613
NSF,1759,21.013369901794327
NSF,1760,21.841377130504775
NSF,1761,21.781016819296216
NSF,1762,21.91546511634321
NSF,1763,21.54054134531363
NSF,1764,21.091877403541076
NSF,1765,21.89395907537569
NSF,1766,20.80590488510062
NSF,1767,22.06253446033071
NSF,1768,21.024519901757067
NSF,1769,21.464636413687003
NSF,1770,21.281349719182007
NSF,1771,21.656725065994614
NSF,1772,22.540600029067335
NSF,1773,21.77236459371978
NSF,1774,20.270916229979523
NSF,1775,21.281201518288437
NSF,1776,20.73998742661558
NSF,1777,21.516570011806465
NSF,1778,20.949077921259907
NSF,1779,21.598364837428818
NSF,1780,20.634351083429465
NSF,1781,21.627958786139242
NSF,1782,20.290073131066872
NSF,1783,21.52931713594212
NSF,1784,22.762156712634603
NSF,1785,21.16990438848592
NSF,1786,22.41613539792504
NSF,1787,21.288048311003454
NSF,1788,22.386037524848
NSF,1789,21.32586408994497
NSF,1790,21.584052197691893
NSF,1791,21.76794961793902
NSF,1792,20.76493421780691
NSF,1793,21.917598678576706
NSF,1794,22.050048081189587
NSF,1795,21.443533952015887
NSF,1796,22.06829045528312
NSF,1797,20.622142488738795
NSF,1798,21.138270440943778
NSF,1799,21.232659862529715
NSF,1800,21.030955477341617
NSF,1801,20.949287747214136
NSF,1802,22.095742320340733
NSF,1803,20.272286340771576
NSF,1804,20.57891273948331
NSF,1805,20.400683722190173
NSF,1806,21.033562521368587
NSF,1807,22.17428231487238
NSF,1808,20.25054029544663
NSF,1809,21.114710138378868
NSF,1810,21.312541312873012
NSF,1811,21.674416807050264
NSF,1812,22.03289022653183
NSF,1813,22.990626727137123
NSF,1814,21.311381635735316
NSF,1815,21.287189520612273
NSF,1816,20.830095893004767
NSF,1817,21.576135303541527
NSF,1818,22.143635055034608
NSF,1819,21.260438109561356
NSF,1820,21.819925641402275
NSF,1821,21.084055502949898
NSF,1822,21.058433213075592
NSF,1823,22.037429153042922
NSF,1824,20.72073803357911
NSF,1825,21.1460246204402
NSF,1826,21.15347662788013
NSF,1827,21.25195805479241
NSF,1828,21.414307142658505
NSF,1829,21.613119874164447
NSF,1830,22.406859668313523
NSF,1831,21.628683088326163
NSF,1832,21.67932290351039
NSF,1833,20.7221010108937
NSF,1834,21.12135458788036
NSF,1835,22.293322487495082
NSF,1836,21.96945174254179
NSF,1837,21.52202982469271
NSF,1838,21.363314600914343
NSF,1839,21.036517210145025
NSF,1840,20.64365118932596
NSF,1841,22.238682475207675
NSF,1842,21.349306978054308
NSF,1843,20.85919182614077
NSF,1844,20.771536946828235
NSF,1845,21.038958762339398
NSF,1846,21.60975278193181
NSF,1847,21.876431859967923
NSF,1848,21.61763128609137
NSF,1849,21.978560359537042
NSF,1850,20.310064402209242
NSF,1851,20.4459927797204
NSF,1852,20.803927844297988
NSF,1853,21.14635826294231
NSF,1854,21.047899371599016
NSF,1855,21.22554411437752
NSF,1856,20.216985726332403
NSF,1857,21.411684790089488
NSF,1858,21.19521376675162
NSF,1859,21.919666879489874
NSF,1860,21.033947019059543
NSF,1861,21.081333549318774
NSF,1862,21.22363788937303
NSF,1863,21.110823672014632
NSF,1864,21.99784652754184
NSF,1865,21.247098210820557
NSF,1866,21.17501260003485
NSF,1867,20.15769759479069
NSF,1868,21.049896756376192
NSF,1869,21.81831015092185
NSF,1870,19.87631757982296
NSF,1871,21.206055828155826
NSF,1872,21.391515810035433
NSF,1873,21.190046559014505
NSF,1874,22.257032014855977
NSF,1875,21.27140527705671
NSF,1876,21.474638531348276
NSF,1877,20.197482194359047
NSF,1878,21.578409213833346
NSF,1879,21.944567461032896
NSF,1880,20.631343640395336
NSF,1881,21.16016627677005
NSF,1882,22.573184525144484
NSF,1883,19.99299705741766
NSF,1884,21.396737066036536
NSF,1885,20.98902931722124
NSF,1886,22.31709122360601
NSF,1887,22.309866462235522
NSF,1888,21.033943769579835
NSF,1889,21.293794287868455
NSF,1890,21.177315668065944
NSF,1891,21.992042604704444
NSF,1892,21.007748532787165
NSF,1893,22.20686814974699
NSF,1894,22.001795259756058
NSF,1895,20.427106887352956
NSF,1896,21.608371915765037
NSF,1897,21.79526501964068
NSF,1898,20.376401005340217
NSF,1899,20.90722381861563
NSF,1900,20.37362012079039
NSF,1901,21.39852299024131
NSF,1902,21.49808438078424
NSF,1903,22.224835747642494
NSF,1904,21.804729760279912
NSF,1905,19.908641741542713
NSF,1906,21.1460781893703
NSF,1907,22.164662353175828
NSF,1908,21.130172669627722
NSF,1909,21.700397238099963
NSF,1910,21.54427977215782
NSF,1911,20.26732332980183
NSF,1912,21.269949777888005
NSF,1913,21.248197404526707
NSF,1914,21.97451656240809
NSF,1915,21.904977525345647
NSF,1916,21.647689310558874
NSF,1917,21.12923527175892
NSF,1918,21.396537686521306
NSF,1919,21.30769905348712
NSF,1920,19.86306610079228
NSF,1921,21.087027862847798
NSF,1922,21.846290052245088
NSF,1923,21.55299895558392
NSF,1924,21.30941923005346
NSF,1925,21.882121114230245
NSF,1926,21.65807532114957
NSF,1927,20.79584075906831
NSF,1928,21.680722420294178
NSF,1929,20.900852855233772
NSF,1930,20.926107601392108
NSF,1931,20.860428348848416
NSF,1932,22.303387819297686
NSF,1933,20.890344047399456
NSF,1934,20.620063441733908
NSF,1935,21.75260726541309
NSF,1936,20.99119773877058
NSF,1937,21.325616596620012
NSF,1938,20.378542968605327
NSF,1939,20.287604706235676
NSF,1940,21.284805876819526
NSF,1941,21.204099521221906
NSF,1942,22.502719072003785
NSF,1943,22.120263914495794
NSF,1944,20.64096144671753
NSF,1945,20.840427977522282
NSF,1946,21.872613684949158
NSF,1947,21.225127798086664
NSF,1948,21.45629751452812
NSF,1949,21.406539165022895
NSF,1950,21.9194950880376
NSF,1951,21.259164462001777
NSF,1952,21.35132427600954
NSF,1953,21.03470926675086
NSF,1954,21.192172054230305
NSF,1955,21.559887013142884
NSF,1956,20.945981141561546
NSF,1957,21.59221552540092
NSF,1958,21.88944640944383
NSF,1959,19.838439945561905
NSF,1960,21.108682400558855
NSF,1961,21.53473746442146
NSF,1962,20.552080478546355
NSF,1963,22.067967523525677
NSF,1964,21.27960655370287
NSF,1965,21.8401743286719
NSF,1966,21.313876582979024
NSF,1967,22.27640386537424
NSF,1968,20.433559045421827
NSF,1969,21.658220352836324
NSF,1970,21.31444844954321
NSF,1971,21.03466080915439
NSF,1972,21.461773022627938
NSF,1973,21.870741419530894
NSF,1974,21.777238548989743
NSF,1975,20.80119949462629
NSF,1976,21.384551752068944
NSF,1977,20.874336559017117
NSF,1978,19.829127189496244
NSF,1979,21.041885401447892
NSF,1980,21.689236594285873
NSF,1981,21.207098381838584
NSF,1982,20.786733030037517
NSF,1983,21.95864013637797
NSF,1984,21.643695017245935
NSF,1985,21.97912743773948
NSF,1986,21.667945945363414
NSF,1987,21.697797093310164
NSF,1988,20.593546218187274
NSF,1989,21.530053351846544
NSF,1990,20.61754773542704
NSF,1991,20.785840232998932
NSF,1992,22.5184159690071
NSF,1993,21.392466515104335
NSF,1994,21.2393915658407
NSF,1995,22.63166224853998
NSF,1996,21.41683589023438
NSF,1997,21.3767516655806
NSF,1998,20.860604694189824
NSF,1999,21.68176061956047
NSF,2000,20.50699894120519
NSFC,1,34.62248735617953
NSFC,2,34.11741621361008
NSFC,3,31.98042003306804
NSFC,4,31.732433589295404
NSFC,5,30.179603908474682
NSFC,6,31.96836875376337
NSFC,7,36.892609120924405
NSFC,8,30.665795613039265
NSFC,9,29.433356634354183
NSFC,10,30.526313987648415
NSFC,11,31.66411052579698
NSFC,12,35.19916830529836
NSFC,13,32.03941185853077
NSFC,14,33.71206933368126
NSFC,15,32.14151947837641
NSFC,16,29.448319761563162
NSFC,17,29.84165148713484
NSFC,18,31.384329738151607
NSFC,19,32.21619882220568
NSFC,20,30.90574872790122
NSFC,21,30.427928699806447
NSFC,22,33.98608000243655
NSFC,23,32.789605945681224
NSFC,24,29.870295486013532
NSFC,25,33.47938164603137
NSFC,26,35.66949581277662
NSFC,27,34.40772232090654
NSFC,28,30.1786123821355
NSFC,29,28.99177092239661
NSFC,30,32.70875960827795
NSFC,31,29.90601787666159
NSFC,32,31.990922739957757
NSFC,33,27.733886526618605
NSFC,34,31.034846812669542
NSFC,35,30.848689651525277
NSFC,36,36.23219751791
NSFC,37,32.69480092051876
NSFC,38,33.28042837089838
NSFC,39,32.59585665068582
NSFC,40,32.385271029242546
NSFC,41,30.023486294941964
NSFC,42,36.258109270035035
NSFC,43,31.96573876544277
NSFC,44,32.96395622462937
NSFC,45,33.45389418400498
NSFC,46,33.70687295782201
NSFC,47,32.08042708890804
NSFC,48,27.615369898795695
NSFC,49,31.054245399250178
NSFC,50,30.46121254199775
NSFC,51,35.320937839241026
NSFC,52,29.53433071647647
NSFC,53,32.95722119520896
NSFC,54,29.502794543059306
NSFC,55,36.84216050924964
NSFC,56,31.81167732493467
NSFC,57,30.511859494174704
NSFC,58,28.744005168982245
NSFC,59,27.20074472476974
NSFC,60,33.57834002585488
NSFC,61,28.118349223740235
NSFC,62,29.365871639953095
NSFC,63,32.889630765420044
NSFC,64,29.836844075577243
NSFC,65,29.63304316054083
NSFC,66,32.254128059745995
NSFC,67,38.83892820496547
NSFC,68,28.763262466506553
NSFC,69,32.089586695538195
NSFC,70,33.204824355979866
NSFC,71,35.04443004822288
NSFC,72,30.921394244402325
NSFC,73,31.596771963555824
NSFC,74,32.23678928226964
NSFC,75,31.382455383795893
NSFC,76,33.83738128028665
NSFC,77,35.940980822783814
NSFC,78,33.838829987526424
NSFC,79,28.317535061563834
NSFC,80,32.80204819155067
NSFC,81,27.144241352839625
NSFC,82,33.45236670193718
NSFC,83,33.40125513903475
NSFC,84,29.690927932232213
NSFC,85,29.877560799884733
NSFC,86,32.50334676626129
NSFC,87,31.9665961418613
NSFC,88,29.22796892879635
NSFC,89,33.57630684564367
NSFC,90,31.600366443003335
NSFC,91,32.34202277918358
NSFC,92,31.75446851093018
NSFC,93,34.892866276222236
NSFC,94,31.568040160868527
NSFC,95,30.872021990226692
NSFC,96,30.870488608283505
NSFC,97,35.4643200688017
NSFC,98,33.5653786477885
NSFC,99,39.455875301577066
NSFC,100,27.852894503394445
NSFC,101,30.566962015968222
NSFC,102,33.50523374464882
NSFC,103,33.99820920301034
NSFC,104,32.80207700414448
NSFC,105,29.42861970602437
NSFC,106,32.84671580079443
NSFC,107,34.21634623831588
NSFC,108,33.774166144699855
NSFC,109,29.688421474840013
NSFC,110,36.30676214222342
NSFC,111,31.365674147932147
NSFC,112,31.966617092493227
NSFC,113,28.089638507039314
NSFC,114,30.509252259065534
NSFC,115,33.13605332836177
NSFC,116,30.976485145897986
NSFC,117,34.13413292264629
NSFC,118,28.198072040730548
NSFC,119,32.96447365808983
NSFC,120,35.045101236826405
NSFC,121,29.908052091390797
NSFC,122,29.35779411070268
NSFC,123,37.99765600917471
NSFC,124,28.07776470999055
NSFC,125,35.50199476416218
NSFC,126,27.340830393734784
NSFC,127,30.227902602906
NSFC,128,29.966943496693247
NSFC,129,32.122962893043066
NSFC,130,29.110819124389987
NSFC,131,32.051566651720506
NSFC,132,33.30005094581115
NSFC,133,30.477050546237663
NSFC,134,29.337363674663088
NSFC,135,30.880193149053422
NSFC,136,38.06138737904082
NSFC,137,31.14236091536446
NSFC,138,36.62222840400232
NSFC,139,32.80944676279931
NSFC,140,30.156916366461957
NSFC,141,34.581216331428124
NSFC,142,33.948206555705184
NSFC,143,31.013088448418884
NSFC,144,28.059024707038112
NSFC,145,32.59685015687452
NSFC,146,31.070406036236086
NSFC,147,32.871445944915564
NSFC,148,30.28852522128355
NSFC,149,31.04733277454095
NSFC,150,32.351431265421965
NSFC,151,33.68514484404575
NSFC,152,30.678419603022032
NSFC,153,33.806516858553366
NSFC,154,30.543447676987128
NSFC,155,29.53960128429833
NSFC,156,34.96940899207015
NSFC,157,31.14220122001384
NSFC,158,30.075604129785162
NSFC,159,27.950405716521075
NSFC,160,32.96229022509555
NSFC,161,33.339210171206325
NSFC,162,29.5952346019366
NSFC,163,36.19313147993783
NSFC,164,29.519290215512825
NSFC,165,32.48782641213329
NSFC,166,32.71076418439192
NSFC,167,30.965029247728737
NSFC,168,31.05243355378608
NSFC,169,30.27372223254086
NSFC,170,29.357322668207654
NSFC,171,32.71056116974693
NSFC,172,31.769008447838146
NSFC,173,32.03474137369811
NSFC,174,31.420011469411882
NSFC,175,31.291025491550418
NSFC,176,35.34670892810785
NSFC,177,31.96795703595102
NSFC,178,34.95239945313578
NSFC,179,32.967628324902805
NSFC,180,37.864434355589864
NSFC,181,29.53739634550783
NSFC,182,33.35471913587871
NSFC,183,30.447969978971283
NSFC,184,30.880714236424836
NSFC,185,31.03325486819465
NSFC,186,30.111523707125194
NSFC,187,30.77360514297034
NSFC,188,29.553078336867994
NSFC,189,31.837466100356693
NSFC,190,29.626130212491
NSFC,191,31.805114220528615
NSFC,192,32.55559729709653
NSFC,193,31.419914144744748
NSFC,194,32.62853969133679
NSFC,195,32.95501949997154
NSFC,196,31.239769106395833
NSFC,197,32.4086601409532
NSFC,198,32.84174905996515
NSFC,199,30.17585733989479
NSFC,200,29.95458229488436
NSFC,201,30.785366698063655
NSFC,202,33.50206520560359
NSFC,203,33.34650378043437
NSFC,204,32.72845932972446
NSFC,205,34.57803274254957
NSFC,206,35.22949517013289
NSFC,207,36.45342099832071
NSFC,208,31.085281082612013
NSFC,209,31.955916411696116
NSFC,210,33.095430367384665
NSFC,211,33.63844369960428
NSFC,212,30.994300545794484
NSFC,213,32.84628514339868
NSFC,214,30.727833140163973
NSFC,215,34.2626843489668
NSFC,216,31.712311741274753
NSFC,217,32.744414163838236
NSFC,218,32.277396265652186
NSFC,219,31.096639736827665
NSFC,220,28.26968621789308
NSFC,221,32.99889989461531
NSFC,222,34.61615973230011
NSFC,223,30.44637598411058
NSFC,224,30.29700760468262
NSFC,225,37.48238143587249
NSFC,226,30.945116243362534
NSFC,227,36.445740034320046
NSFC,228,32.167918508606896
NSFC,229,28.845953110706954
NSFC,230,35.76118531069619
NSFC,231,36.36365260174975
NSFC,232,29.78770305776358
NSFC,233,32.29568605418946
NSFC,234,31.672032768626636
NSFC,235,29.155031597821043
NSFC,236,29.234327217148355
NSFC,237,30.525081991396885
NSFC,238,29.260883060605803
NSFC,239,29.997145540433294
NSFC,240,29.906328591433024
NSFC,241,32.93128187927597
NSFC,242,34.48490369068885
NSFC,243,29.629768849980568
NSFC,244,32.998115915751164
NSFC,245,32.02765222795429
NSFC,246,30.749003209306217
NSFC,247,31.175059686820564
NSFC,248,30.3686165104876
NSFC,249,30.88633005127027
NSFC,250,32.441944387717626
NSFC,251,29.771261819834983
NSFC,252,35.2352432789708
NSFC,253,29.34870240843562
NSFC,254,31.645037924433154
NSFC,255,30.331444899642534
NSFC,256,33.36834026518362
NSFC,257,29.299930470153157
NSFC,258,31.68056272020824
NSFC,259,31.58966846707022
NSFC,260,29.8341659852483
NSFC,261,31.28054137814315
NSFC,262,32.58430002079126
NSFC,263,31.375912700532883
NSFC,264,33.9758844691418
NSFC,265,36.62642267012565
NSFC,266,32.1066642107947
NSFC,267,35.88836184609055
NSFC,268,28.932734974839786
NSFC,269,36.89560843619391
NSFC,270,32.23243445296533
NSFC,271,31.793425698654247
NSFC,272,33.79107737394534
NSFC,273,33.30857256705919
NSFC,274,33.60750102270366
NSFC,275,30.238401756866434
NSFC,276,32.541673373115486
NSFC,277,30.274355704047508
NSFC,278,35.13874685461942
NSFC,279,34.60736429994179
NSFC,280,30.70891039030531
NSFC,281,34.76473656567273
NSFC,282,29.82832740784954
NSFC,283,31.07065669058347
NSFC,284,29.153825754044277
NSFC,285,36.04919767287638
NSFC,286,30.45704649474483
NSFC,287,34.699688519043534
NSFC,288,32.26626650127219
NSFC,289,33.33880732070638
NSFC,290,34.08773866179295
NSFC,291,32.0671405678349
NSFC,292,33.09073425865565
NSFC,293,29.245230606240668
NSFC,294,33.19964357071688
NSFC,295,29.108664593505445
NSFC,296,29.01868864551875
NSFC,297,29.151983679457278
NSFC,298,29.793520455247194
NSFC,299,31.064899514604093
NSFC,300,32.11974660395845
NSFC,301,34.17600599778226
NSFC,302,30.231470276211446
NSFC,303,33.782393261170895
NSFC,304,31.09503284692479
NSFC,305,28.235536575392906
NSFC,306,31.450746767622515
NSFC,307,32.76513374337074
NSFC,308,31.88280928731166
NSFC,309,32.08633937931514
NSFC,310,31.246725335547357
NSFC,311,29.211172041906803
NSFC,312,28.1723365672144
NSFC,313,33.55993163714869
NSFC,314,31.18139980128892
NSFC,315,32.302476410288335
NSFC,316,31.01492609728924
NSFC,317,31.23654952055251
NSFC,318,31.95619591287464
NSFC,319,34.261357479043035
NSFC,320,32.33677947416531
NSFC,321,31.163289718197994
NSFC,322,29.698025832443726
NSFC,323,33.03305032016857
NSFC,324,29.45816791639567
NSFC,325,32.31912070310294
NSFC,326,30.20518769085156
NSFC,327,31.118016798403907
NSFC,328,32.57415078830644
NSFC,329,34.528580656727286
NSFC,330,31.86685347423212
NSFC,331,32.992661639708935
NSFC,332,31.91159149952738
NSFC,333,30.53731113316588
NSFC,334,35.23694207728675
NSFC,335,28.936825527900425
NSFC,336,34.28922638360885
NSFC,337,32.624043412009655
NSFC,338,28.434861780478926
NSFC,339,33.597767951684844
NSFC,340,29.950857528873527
NSFC,341,30.484926409711633
NSFC,342,36.25073602524674
NSFC,343,29.186930248770427
NSFC,344,28.145312785274356
NSFC,345,30.80718535165729
NSFC,346,34.05523846893064
NSFC,347,33.86476593074895
NSFC,348,31.8064177215341
NSFC,349,39.239342548806526
NSFC,350,28.469814790472988
NSFC,351,36.576750338422706
NSFC,352,28.130616756875284
NSFC,353,32.50192124784492
NSFC,354,32.37126181154716
NSFC,355,32.00253897221857
NSFC,356,30.484527632353647
NSFC,357,29.47968734140175
NSFC,358,32.487808010924475
NSFC,359,29.5477244986844
NSFC,360,33.2972551795157
NSFC,361,31.578760114625087
NSFC,362,29.246799307943633
NSFC,363,34.14919193821335
NSFC,364,33.25014709164453
NSFC,365,31.93841907741078
NSFC,366,30.593320996526444
NSFC,367,29.884557440612745
NSFC,368,32.907909141397155
NSFC,369,31.61170793345501
NSFC,370,34.37498797126125
NSFC,371,34.168903350025936
NSFC,372,30.904041642351384
NSFC,373,31.290260578199202
NSFC,374,31.233235724517577
NSFC,375,33.04820935758305
NSFC,376,33.98207022325086
NSFC,377,31.49397760629467
NSFC,378,32.52316939136762
NSFC,379,32.03724943552962
NSFC,380,32.36329075632385
NSFC,381,32.90832149081628
NSFC,382,29.772108832508962
NSFC,383,30.004249173295392
NSFC,384,28.917927266764767
NSFC,385,28.69351626900347
NSFC,386,33.94161785428763
NSFC,387,31.87839762187845
NSFC,388,31.215997224976157
NSFC,389,30.730576297353657
NSFC,390,31.44120857446022
NSFC,391,32.01690434498678
NSFC,392,31.506830012619375
NSFC,393,32.66276865810845
NSFC,394,36.332309939159956
NSFC,395,33.25379582033477
NSFC,396,28.836453807972457
NSFC,397,31.65064213668057
NSFC,398,35.56284349248497
NSFC,399,30.54229998561803
NSFC,400,32.74534233368032
NSFC,401,32.14351616651218
NSFC,402,31.35739135249419
NSFC,403,31.284470499045156
NSFC,404,31.397268959221016
NSFC,405,28.673047152909454
NSFC,406,31.604464278579265
NSFC,407,31.417810828277887
NSFC,408,32.03672893175027
NSFC,409,35.15434067052978
NSFC,410,31.790895052316017
NSFC,411,31.767567244251318
NSFC,412,35.72603973383599
NSFC,413,39.713498945915106
NSFC,414,29.458199753363882
NSFC,415,30.97742202305672
NSFC,416,34.780722313527875
NSFC,417,32.49764951313059
NSFC,418,32.86748329330427
NSFC,419,30.707403536031556
NSFC,420,28.772062744822314
NSFC,421,34.387968468944514
NSFC,422,33.93770739043829
NSFC,423,31.57822518901541
NSFC,424,30.773125807864215
NSFC,425,30.493055027003678
NSFC,426,31.14567936322795
NSFC,427,31.579222051073494
NSFC,428,28.097640462132816
NSFC,429,35.044490844473884
NSFC,430,29.944736460841128
NSFC,431,37.129703695116774
NSFC,432,33.5751609563885
NSFC,433,31.979237501292836
NSFC,434,36.07579846188801
NSFC,435,32.82890248573635
NSFC,436,30.348355779174774
NSFC,437,31.72866526118658
NSFC,438,31.699871512599938
NSFC,439,29.78299927543189
NSFC,440,31.64119041345629
NSFC,441,32.958359007920606
NSFC,442,30.947599855853653
NSFC,443,35.20786358619179
NSFC,444,32.933778137580546
NSFC,445,30.340660970384405
NSFC,446,33.69948541176547
NSFC,447,34.6842209651703
NSFC,448,30.701709780146427
NSFC,449,34.440541310195
NSFC,450,32.81231577391018
NSFC,451,31.526629730606366
NSFC,452,34.39381189342828
NSFC,453,31.34058624026619
NSFC,454,31.061009048317203
NSFC,455,34.51286712009484
NSFC,456,30.007209651544805
NSFC,457,35.81847437190688
NSFC,458,27.74114058564834
NSFC,459,30.515938136494583
NSFC,460,33.05020189757612
NSFC,461,33.43894452847919
NSFC,462,30.829651719187353
NSFC,463,32.13152909738146
NSFC,464,32.32994588161901
NSFC,465,30.953094791358396
NSFC,466,35.01385670057846
NSFC,467,30.47979265627856
NSFC,468,32.49944577449469
NSFC,469,30.283906940586377
NSFC,470,32.59624495909753
NSFC,471,33.16442417656512
NSFC,472,32.08167776295212
NSFC,473,31.543385423194458
NSFC,474,31.489439431173395
NSFC,475,32.60178975632807
NSFC,476,35.63437804917851
NSFC,477,32.950271777987304
NSFC,478,30.297081247202897
NSFC,479,31.13530054301654
NSFC,480,31.439510052218207
NSFC,481,32.742244602876596
NSFC,482,33.80002290510249
NSFC,483,32.52149451114943
NSFC,484,33.90511636589693
NSFC,485,36.95594222137972
NSFC,486,29.76960844058749
NSFC,487,30.341667767155855
NSFC,488,30.97798565752481
NSFC,489,32.93656135433605
NSFC,490,30.846829217078323
NSFC,491,34.30207730541639
NSFC,492,34.9172076808964
NSFC,493,30.970470856193984
NSFC,494,33.192612966621134
NSFC,495,32.76582253503703
NSFC,496,32.98502286186674
NSFC,497,33.54438001873483
NSFC,498,34.64798559126213
NSFC,499,29.217018912828234
NSFC,500,31.33032131897621
NSFC,501,32.015504422499866
NSFC,502,35.397248382059814
NSFC,503,29.185635708621867
NSFC,504,32.17839041137295
NSFC,505,30.190636400158233
NSFC,506,34.41607024448352
NSFC,507,31.041469307944826
NSFC,508,30.34870617008848
NSFC,509,37.36274767402948
NSFC,510,30.55432183628957
NSFC,511,30.371043718632244
NSFC,512,29.935722333153546
NSFC,513,33.490689955760566
NSFC,514,29.983994696442608
NSFC,515,29.854903674640546
NSFC,516,32.44434868200936
NSFC,517,30.275330418459532
NSFC,518,32.4266636500148
NSFC,519,32.811068706986276
NSFC,520,28.642553568155705
NSFC,521,30.353082611420845
NSFC,522,33.00079775738898
NSFC,523,27.86467429624357
NSFC,524,30.16480600020655
NSFC,525,32.576776329867286
NSFC,526,32.09217899094761
NSFC,527,28.902337709854162
NSFC,528,30.17259592346297
NSFC,529,34.73540755356358
NSFC,530,33.7866077639338
NSFC,531,31.439974468222495
NSFC,532,31.328106560106434
NSFC,533,31.38095788740175
NSFC,534,32.71032056767516
NSFC,535,30.48051101768449
NSFC,536,31.241364032470123
NSFC,537,33.26025345446528
NSFC,538,32.7074328481426
NSFC,539,34.38208072002966
NSFC,540,35.02495536721849
NSFC,541,29.98297662154156
NSFC,542,30.797775518218955
NSFC,543,29.426950376224987
NSFC,544,35.08081321364083
NSFC,545,34.20176141823233
NSFC,546,31.856916573131187
NSFC,547,31.826845550166258
NSFC,548,31.6100538002396
NSFC,549,28.748577869557625
NSFC,550,32.35165306449515
NSFC,551,30.21077220795834
NSFC,552,30.559887126729187
NSFC,553,31.188431316878894
NSFC,554,33.901208743084524
NSFC,555,32.674156220870934
NSFC,556,30.93343784794697
NSFC,557,30.087965980878106
NSFC,558,29.415451301355375
NSFC,559,33.235178580944684
NSFC,560,31.646928335124112
NSFC,561,34.86284106480923
NSFC,562,38.35446486329572
NSFC,563,30.507133550754794
NSFC,564,31.436736507112908
NSFC,565,31.867568295288677
NSFC,566,33.877000451562836
NSFC,567,39.31612369516888
NSFC,568,31.272901887253333
NSFC,569,35.40236813556868
NSFC,570,33.21914849301538
NSFC,571,30.782156439414663
NSFC,572,32.064675182317075
NSFC,573,30.525244537559693
NSFC,574,29.906983631640525
NSFC,575,32.07164869526861
NSFC,576,31.12202764
NSFC,577,33.076080382639695
NSFC,578,32.955865765873114
NSFC,579,28.587720364197605
NSFC,580,32.93849798620199
NSFC,581,31.888021706115772
NSFC,582,33.55574704288285
NSFC,583,33.20147487933632
NSFC,584,35.669768931036444
NSFC,585,31.042447570664834
NSFC,586,28.5377549068869
NSFC,587,31.927050373125276
NSFC,588,30.413728911956866
NSFC,589,30.65319595109025
NSFC,590,32.54469561704351
NSFC,591,32.79229980351063
NSFC,592,32.75278325246725
NSFC,593,27.90370784360969
NSFC,594,30.924072224883407
NSFC,595,31.180267785066903
NSFC,596,31.740937380834062
NSFC,597,29.899985382926076
NSFC,598,31.894553385231614
NSFC,599,33.91445127029027
NSFC,600,34.73319869678399
NSFC,601,29.728440260395452
NSFC,602,32.38890917620226
NSFC,603,31.280987852904545
NSFC,604,32.44949846135738
NSFC,605,31.211826360480185
NSFC,606,30.75959317954748
NSFC,607,34.38395206701836
NSFC,608,37.17467488083389
NSFC,609,31.246856952314292
NSFC,610,30.759722445732248
NSFC,611,35.209774529832075
NSFC,612,31.054704256482964
NSFC,613,30.281132112321547
NSFC,614,30.08545823500176
NSFC,615,32.768412197883166
NSFC,616,34.81806468914838
NSFC,617,29.21051262709952
NSFC,618,30.812421042838963
NSFC,619,29.37008641940302
NSFC,620,35.431989409582314
NSFC,621,32.08867509246729
NSFC,622,27.88849536783468
NSFC,623,32.735229817509335
NSFC,624,31.400899413972923
NSFC,625,33.961329875482754
NSFC,626,28.43613767941005
NSFC,627,30.997807697856906
NSFC,628,36.50780252206532
NSFC,629,32.7691171974255
NSFC,630,31.38698702580706
NSFC,631,33.09123075029591
NSFC,632,31.316227212339093
NSFC,633,31.189971172110617
NSFC,634,32.39472819523876
NSFC,635,32.94104949780498
NSFC,636,32.29052453701391
NSFC,637,33.866991084048365
NSFC,638,30.106819503033638
NSFC,639,31.69640617843926
NSFC,640,30.088276223549556
NSFC,641,31.639452974028053
NSFC,642,30.74728704933216
NSFC,643,31.612892121659783
NSFC,644,31.875492731731615
NSFC,645,35.53347786106181
NSFC,646,33.92101731396308
NSFC,647,31.8435208763644
NSFC,648,30.447937643211215
NSFC,649,32.36245017876476
NSFC,650,31.830768702038984
NSFC,651,28.84872713431788
NSFC,652,32.525936064993004
NSFC,653,27.96422405637823
NSFC,654,31.47312163013239
NSFC,655,31.43667110537551
NSFC,656,35.14968350183328
NSFC,657,32.37264278182788
NSFC,658,32.42106134747239
NSFC,659,30.2104575477233
NSFC,660,32.90061951064705
NSFC,661,33.038735393135994
NSFC,662,28.913356862158388
NSFC,663,34.04620710817291
NSFC,664,34.710191222801356
NSFC,665,33.80622617446659
NSFC,666,32.32145246103558
NSFC,667,34.315911157565495
NSFC,668,30.947020446298367
NSFC,669,32.601321036057115
NSFC,670,31.64596885717085
NSFC,671,33.515620181415485
NSFC,672,32.38625317900288
NSFC,673,31.673245106550233
NSFC,674,30.679239955694033
NSFC,675,30.359520280050916
NSFC,676,32.70145799366477
NSFC,677,33.70085250148807
NSFC,678,29.941401139152788
NSFC,679,31.54478989540374
NSFC,680,31.465909812828027
NSFC,681,34.18044529136614
NSFC,682,30.771720019209642
NSFC,683,29.764738661245666
NSFC,684,37.682518925696264
NSFC,685,30.796873923982158
NSFC,686,29.922127447368666
NSFC,687,30.649877831982554
NSFC,688,38.924883921678976
NSFC,689,32.401481102099524
NSFC,690,30.35054667358935
NSFC,691,29.166053892622614
NSFC,692,32.797253314686415
NSFC,693,29.829751495997236
NSFC,694,29.310672335499948
NSFC,695,31.55799013057274
NSFC,696,31.84311958799754
NSFC,697,33.011405401682026
NSFC,698,35.899076381275194
NSFC,699,33.37907342018268
NSFC,700,32.4851121783403
NSFC,701,34.91580346672592
NSFC,702,32.453184268765014
NSFC,703,30.964143050710863
NSFC,704,30.43959729662982
NSFC,705,34.813271578768536
NSFC,706,30.4914245466628
NSFC,707,33.71100008232272
NSFC,708,31.64896871443039
NSFC,709,32.95428289536066
NSFC,710,34.18096971711532
NSFC,711,34.485407903998805
NSFC,712,31.869657215519226
NSFC,713,31.24914174221934
NSFC,714,30.565579000984997
NSFC,715,33.07048470349622
NSFC,716,36.182797994650215
NSFC,717,31.277297778999305
NSFC,718,30.176952039770207
NSFC,719,32.31460114522841
NSFC,720,33.00375623164929
NSFC,721,32.01991389244353
NSFC,722,34.891286749226126
NSFC,723,31.847346091805992
NSFC,724,33.107702756202535
NSFC,725,30.290591741113545
NSFC,726,29.83422443216628
NSFC,727,32.208959306409156
NSFC,728,33.875659926486456
NSFC,729,30.952072045122357
NSFC,730,34.22025377904254
NSFC,731,30.187740263136874
NSFC,732,35.759940051950466
NSFC,733,30.88520065896817
NSFC,734,30.828378103539592
NSFC,735,30.622074181141723
NSFC,736,35.658597014266206
NSFC,737,33.92985950191438
NSFC,738,31.890037131244085
NSFC,739,30.823812197545713
NSFC,740,29.285760460476887
NSFC,741,29.48225875312184
NSFC,742,32.017119018846216
NSFC,743,28.50013384256224
NSFC,744,28.302042394684488
NSFC,745,30.061366144759923
NSFC,746,32.47386715480654
NSFC,747,34.48211936345036
NSFC,748,32.486760932269355
NSFC,749,27.49614623939825
NSFC,750,28.24903200294291
NSFC,751,32.668393953138505
NSFC,752,31.56617130337479
NSFC,753,28.900083511292465
NSFC,754,30.737702242933583
NSFC,755,31.678722793470726
NSFC,756,33.35873351913929
NSFC,757,30.83118022260217
NSFC,758,31.964991879724266
NSFC,759,32.970791780682994
NSFC,760,31.071833264938682
NSFC,761,33.10611060466771
NSFC,762,33.29580703295836
NSFC,763,33.038066769243905
NSFC,764,30.981569545156688
NSFC,765,30.295948725516602
NSFC,766,31.068099650038903
NSFC,767,36.58986664687441
NSFC,768,32.59097258688563
NSFC,769,34.43761628165368
NSFC,770,33.663378587694424
NSFC,771,32.420726716735885
NSFC,772,33.52818366029609
NSFC,773,32.28823055603289
NSFC,774,33.03478512708839
NSFC,775,29.995511888821497
NSFC,776,32.09357469624481
NSFC,777,31.14187760223573
NSFC,778,34.39048518607138
NSFC,779,38.499848216558625
NSFC,780,32.93810885177385
NSFC,781,30.68843602068779
NSFC,782,33.007949474241
NSFC,783,33.01541393339004
NSFC,784,30.373310991108585
NSFC,785,33.38795404175266
NSFC,786,32.25336764380445
NSFC,787,30.63198240605915
NSFC,788,31.767841418140733
NSFC,789,33.888615496912564
NSFC,790,28.701014256378144
NSFC,791,32.78372022914433
NSFC,792,30.58833603630466
NSFC,793,30.237708283943487
NSFC,794,30.165571735241556
NSFC,795,33.768955045549525
NSFC,796,32.57046609096271
NSFC,797,32.71704956874085
NSFC,798,34.63038620429463
NSFC,799,33.16065847924078
NSFC,800,29.49143418347236
NSFC,801,33.83623610534635
NSFC,802,30.315403634564984
NSFC,803,32.06825499526985
NSFC,804,30.688579359812767
NSFC,805,32.90498990485613
NSFC,806,33.799966085519344
NSFC,807,31.711718372950514
NSFC,808,31.633221694555726
NSFC,809,32.20173257518324
NSFC,810,30.33669335628232
NSFC,811,27.241802236233053
NSFC,812,29.587388651472672
NSFC,813,32.377604046844326
NSFC,814,31.72915821480326
NSFC,815,30.680441272265185
NSFC,816,31.89108287019292
NSFC,817,31.372683744801453
NSFC,818,32.22896223764648
NSFC,819,31.812537412592597
NSFC,820,35.49908368857393
NSFC,821,29.900190996807574
NSFC,822,34.34629998589597
NSFC,823,30.755649923520277
NSFC,824,30.653158086580593
NSFC,825,34.08624368478289
NSFC,826,38.330252629430255
NSFC,827,33.745450191145935
NSFC,828,35.54078927532579
NSFC,829,33.34354150467388
NSFC,830,29.17592503367057
NSFC,831,31.98011224445707
NSFC,832,30.23674368774248
NSFC,833,32.822876195981905
NSFC,834,30.305141376042286
NSFC,835,30.90584526879525
NSFC,836,34.28888375761923
NSFC,837,33.59476556833391
NSFC,838,35.07816316132501
NSFC,839,30.75851074222528
NSFC,840,32.574670849650985
NSFC,841,31.85800627257097
NSFC,842,35.01459209768896
NSFC,843,33.341939021712584
NSFC,844,32.75697452427805
NSFC,845,32.22605834329015
NSFC,846,33.1588719505955
NSFC,847,31.97707393289287
NSFC,848,34.09911152616661
NSFC,849,30.947105929195374
NSFC,850,33.49374639898445
NSFC,851,31.940784174084307
NSFC,852,35.00436816833367
NSFC,853,31.36687157857279
NSFC,854,30.920750522168134
NSFC,855,31.775846448812864
NSFC,856,42.1766117663095
NSFC,857,32.93331886984468
NSFC,858,30.427443040450715
NSFC,859,31.188710417390485
NSFC,860,32.72315825723664
NSFC,861,32.45168881206432
NSFC,862,33.18760438881152
NSFC,863,36.2367678759943
NSFC,864,30.82614846656317
NSFC,865,29.909556275817977
NSFC,866,33.63787597473671
NSFC,867,32.705432719201404
NSFC,868,29.119103944298445
NSFC,869,31.17113013205125
NSFC,870,28.114242424911353
NSFC,871,33.55916994147459
NSFC,872,34.56265968940284
NSFC,873,29.854683642737328
NSFC,874,33.51974714252091
NSFC,875,31.40202620920944
NSFC,876,31.989751555453935
NSFC,877,31.4917936008312
NSFC,878,31.18607489457247
NSFC,879,34.963656099901826
NSFC,880,34.60395741257747
NSFC,881,30.842453844796495
NSFC,882,33.84682989491187
NSFC,883,28.67609494789277
NSFC,884,33.19620394301683
NSFC,885,31.614905783822294
NSFC,886,33.805375702093386
NSFC,887,30.321889325522836
NSFC,888,34.34947482244917
NSFC,889,30.185788777894736
NSFC,890,31.509814710144916
NSFC,891,27.699088343740286
NSFC,892,30.036069350619922
NSFC,893,34.29425991024489
NSFC,894,31.490471779116852
NSFC,895,33.89169291549314
NSFC,896,30.400803866591428
NSFC,897,32.26883107080201
NSFC,898,30.027425734325867
NSFC,899,36.985484968349866
NSFC,900,33.86009774706176
NSFC,901,31.632698173907905
NSFC,902,30.115750621006832
NSFC,903,32.62992463905707
NSFC,904,33.45505000648143
NSFC,905,31.495787492490233
NSFC,906,29.775695219643808
NSFC,907,32.677889238799295
NSFC,908,31.99128345887189
NSFC,909,35.440079958055954
NSFC,910,33.27659172154566
NSFC,911,30.27148611675648
NSFC,912,32.93826490132703
NSFC,913,33.9104995925164
NSFC,914,31.700571424565922
NSFC,915,29.337182285058375
NSFC,916,31.593892799070737
NSFC,917,29.10815496040443
NSFC,918,30.756416043777275
NSFC,919,29.540118380607794
NSFC,920,33.7742468207319
NSFC,921,27.45459437023567
NSFC,922,28.70954780182278
NSFC,923,30.98147348172396
NSFC,924,32.013092633497166
NSFC,925,28.897365883234485
NSFC,926,36.29193368542291
NSFC,927,29.923241937256563
NSFC,928,30.46210629649735
NSFC,929,33.07225040142042
NSFC,930,30.446868690363758
NSFC,931,32.529797499461594
NSFC,932,30.848445839547427
NSFC,933,32.473912394531304
NSFC,934,33.19549389092878
NSFC,935,29.583773728951698
NSFC,936,33.40983988519408
NSFC,937,33.197196029046
NSFC,938,29.723856140664555
NSFC,939,31.861083888317562
NSFC,940,32.670016655326634
NSFC,941,37.0080890719702
NSFC,942,30.019314561840297
NSFC,943,29.53750090637388
NSFC,944,30.336483807449074
NSFC,945,31.796817670189238
NSFC,946,32.885565970814724
NSFC,947,32.856216095561585
NSFC,948,27.939046337549804
NSFC,949,35.28237471271681
NSFC,950,31.664355597273
NSFC,951,32.22647555931458
NSFC,952,30.513862015515187
NSFC,953,37.19615787749729
NSFC,954,31.903872154002162
NSFC,955,32.607277954419786
NSFC,956,33.55475913311291
NSFC,957,32.3873465247286
NSFC,958,32.04425269953765
NSFC,959,30.78383500078918
NSFC,960,32.59452833961943
NSFC,961,30.757406263232536
NSFC,962,29.50380365199098
NSFC,963,30.206639658736737
NSFC,964,32.10529837823009
NSFC,965,29.266346186061174
NSFC,966,34.64293039869379
NSFC,967,30.083712191491546
NSFC,968,30.316737306723972
NSFC,969,33.2010872688156
NSFC,970,33.93959212106872
NSFC,971,30.46187667086426
NSFC,972,31.162897650943084
NSFC,973,28.39336734667812
NSFC,974,29.772017469984267
NSFC,975,28.551059512340828
NSFC,976,32.05185510931728
NSFC,977,32.57485707000758
NSFC,978,32.03093099655429
NSFC,979,33.34136395892881
NSFC,980,28.747399871311934
NSFC,981,29.983044017570656
NSFC,982,29.408542803921797
NSFC,983,28.138332358292228
NSFC,984,35.20104385709734
NSFC,985,32.564457085572826
NSFC,986,31.38004774420171
NSFC,987,33.55540113484035
NSFC,988,27.99679057983855
NSFC,989,32.89801599098108
NSFC,990,30.641087077008294
NSFC,991,30.007436253139005
NSFC,992,31.95973223133774
NSFC,993,34.195752982537414
NSFC,994,31.216369539082972
NSFC,995,31.979479201956025
NSFC,996,29.644368578777076
NSFC,997,32.3790584304911
NSFC,998,31.663930171588966
NSFC,999,30.299453644455966
NSFC,1000,30.369402428781274
NSFC,1001,28.728258593122618
NSFC,1002,29.911421438358737
NSFC,1003,29.834012739257446
NSFC,1004,36.75442615428801
NSFC,1005,30.319845608184714
NSFC,1006,34.492349167395666
NSFC,1007,32.9457561607059
NSFC,1008,32.97925155954172
NSFC,1009,32.572878968343126
NSFC,1010,31.73260734511615
NSFC,1011,37.01740754184501
NSFC,1012,31.886760238036274
NSFC,1013,29.4339234635647
NSFC,1014,32.43964084518219
NSFC,1015,30.77406465237513
NSFC,1016,29.06676193572711
NSFC,1017,30.270863074950256
NSFC,1018,33.58633540721461
NSFC,1019,33.34174564402417
NSFC,1020,31.60851252869374
NSFC,1021,30.808933578870676
NSFC,1022,30.450466602813556
NSFC,1023,31.437294780501976
NSFC,1024,33.943971797963414
NSFC,1025,31.77943066493002
NSFC,1026,30.06029729225727
NSFC,1027,35.26417646202317
NSFC,1028,29.541062799726756
NSFC,1029,30.952688158133114
NSFC,1030,32.38908943042372
NSFC,1031,30.451495224556204
NSFC,1032,31.000931309646035
NSFC,1033,33.036419818222505
NSFC,1034,30.173584841134982
NSFC,1035,33.7658945121664
NSFC,1036,37.17727427514112
NSFC,1037,34.300199816748865
NSFC,1038,29.395065830790752
NSFC,1039,30.772513526394512
NSFC,1040,30.808661113729805
NSFC,1041,33.56941122068986
NSFC,1042,28.651542838725142
NSFC,1043,31.9447079497225
NSFC,1044,31.11045667882709
NSFC,1045,30.274157411275688
NSFC,1046,29.827773220567625
NSFC,1047,33.55867779058071
NSFC,1048,30.583709420036616
NSFC,1049,32.03294138795531
NSFC,1050,32.98014492863556
NSFC,1051,34.31972256468765
NSFC,1052,36.20901310459201
NSFC,1053,29.35244783698827
NSFC,1054,29.650361112419425
NSFC,1055,32.20697406689846
NSFC,1056,34.71757225785667
NSFC,1057,32.80998667253075
NSFC,1058,29.867511097871514
NSFC,1059,35.83618805553354
NSFC,1060,33.07417980976333
NSFC,1061,34.28932278013777
NSFC,1062,33.03430216622352
NSFC,1063,37.659247384045194
NSFC,1064,29.905511984664436
NSFC,1065,33.90930397134648
NSFC,1066,32.47258845140314
NSFC,1067,33.49687117612878
NSFC,1068,35.059891581225145
NSFC,1069,34.48401847446135
NSFC,1070,30.03581332995281
NSFC,1071,30.07957132174254
NSFC,1072,33.30347104388511
NSFC,1073,33.12553589552583
NSFC,1074,29.54991033158864
NSFC,1075,33.77992201714189
NSFC,1076,35.04486625426955
NSFC,1077,30.03731972993454
NSFC,1078,33.44260657665301
NSFC,1079,32.52031905562765
NSFC,1080,32.48083337738685
NSFC,1081,31.66283699681894
NSFC,1082,30.761008390423296
NSFC,1083,33.68730331066334
NSFC,1084,32.963871251903626
NSFC,1085,33.496071665810774
NSFC,1086,33.36705499094493
NSFC,1087,30.174744747754925
NSFC,1088,31.65846892863143
NSFC,1089,34.008106080187375
NSFC,1090,31.759041584059347
NSFC,1091,30.132075376606096
NSFC,1092,32.78956208552298
NSFC,1093,30.013993131909654
NSFC,1094,32.11771746103871
NSFC,1095,32.74833959433629
NSFC,1096,36.03797750859148
NSFC,1097,30.856670816399152
NSFC,1098,33.7638959546829
NSFC,1099,34.33750845045639
NSFC,1100,33.1738367973297
NSFC,1101,31.12247614105014
NSFC,1102,33.85096012607279
NSFC,1103,31.818382429473413
NSFC,1104,37.012896047055804
NSFC,1105,32.04560922369425
NSFC,1106,31.473129937483648
NSFC,1107,31.05012418088325
NSFC,1108,34.450002576880436
NSFC,1109,31.038565650708797
NSFC,1110,29.08413746882441
NSFC,1111,31.95642547196566
NSFC,1112,35.0590744587829
NSFC,1113,27.473705241397187
NSFC,1114,32.2175922213158
NSFC,1115,32.595505166442265
NSFC,1116,33.48023057062019
NSFC,1117,31.32948389188184
NSFC,1118,34.08186620064511
NSFC,1119,33.4445816980304
NSFC,1120,30.30194153511902
NSFC,1121,31.077878268430474
NSFC,1122,32.960539768318
NSFC,1123,30.49767175049122
NSFC,1124,30.745360587796558
NSFC,1125,30.246694313018857
NSFC,1126,29.20494046617914
NSFC,1127,31.21937588630769
NSFC,1128,31.25697615228816
NSFC,1129,30.633102359821276
NSFC,1130,30.675634842879546
NSFC,1131,30.9295226158711
NSFC,1132,33.333179176714864
NSFC,1133,35.13842560259778
NSFC,1134,31.311684599026
NSFC,1135,33.98070460501783
NSFC,1136,31.81111292715465
NSFC,1137,30.30891188350004
NSFC,1138,37.256513999139095
NSFC,1139,35.20449388328582
NSFC,1140,29.47818306525496
NSFC,1141,31.649619064314347
NSFC,1142,31.447084631953235
NSFC,1143,30.018383405701485
NSFC,1144,32.24826320158758
NSFC,1145,32.55788694121506
NSFC,1146,32.98710225080782
NSFC,1147,36.31877031821945
NSFC,1148,31.842649384517014
NSFC,1149,29.462568065721392
NSFC,1150,37.799100596944385
NSFC,1151,31.794861090612926
NSFC,1152,31.484399126913715
NSFC,1153,34.8598773514465
NSFC,1154,29.216713605856786
NSFC,1155,30.824224009565786
NSFC,1156,31.52555243959638
NSFC,1157,30.224539784758267
NSFC,1158,29.880890669333315
NSFC,1159,32.17397987714193
NSFC,1160,34.4980111797771
NSFC,1161,34.88750684501399
NSFC,1162,32.00618164879488
NSFC,1163,31.08619088987191
NSFC,1164,34.11828163838389
NSFC,1165,31.903328922390024
NSFC,1166,37.029174148249815
NSFC,1167,30.651986724278455
NSFC,1168,35.15156811204568
NSFC,1169,31.74836042075972
NSFC,1170,30.566897787008315
NSFC,1171,30.502895309834834
NSFC,1172,37.29713265496642
NSFC,1173,34.24741220450796
NSFC,1174,29.894199510520423
NSFC,1175,31.764677439269093
NSFC,1176,28.5457718887141
NSFC,1177,30.988025227084385
NSFC,1178,31.42873418517935
NSFC,1179,31.264019613280837
NSFC,1180,29.978265769563045
NSFC,1181,31.441475855084313
NSFC,1182,29.657543709419937
NSFC,1183,36.1159261135022
NSFC,1184,33.49252773258631
NSFC,1185,33.39787242544147
NSFC,1186,32.87165312180559
NSFC,1187,27.535077143524255
NSFC,1188,33.63447414222688
NSFC,1189,34.70438693077392
NSFC,1190,27.28018460669631
NSFC,1191,31.103122751245586
NSFC,1192,31.684527782856968
NSFC,1193,34.737561557381866
NSFC,1194,33.50826979236837
NSFC,1195,32.290365918009385
NSFC,1196,36.43797970652924
NSFC,1197,29.807547937439487
NSFC,1198,31.343556765310183
NSFC,1199,35.7857693960204
NSFC,1200,31.820940755954815
NSFC,1201,35.039362256769145
NSFC,1202,30.538668331346663
NSFC,1203,30.487714488642176
NSFC,1204,32.14556755295489
NSFC,1205,31.946209748840893
NSFC,1206,34.369846345533816
NSFC,1207,29.76831875262613
NSFC,1208,32.60693064544792
NSFC,1209,32.67659461596402
NSFC,1210,31.844910856603573
NSFC,1211,31.156912182894608
NSFC,1212,32.533747532722145
NSFC,1213,30.701513476254725
NSFC,1214,29.451821065370513
NSFC,1215,30.632882280597098
NSFC,1216,30.848223538694324
NSFC,1217,30.330435316303
NSFC,1218,28.972934086474698
NSFC,1219,30.69462652284625
NSFC,1220,31.940283506694662
NSFC,1221,29.364778003289977
NSFC,1222,31.921347240164778
NSFC,1223,28.621716956868916
NSFC,1224,31.573213951461163
NSFC,1225,32.26961614917526
NSFC,1226,30.80420655156094
NSFC,1227,30.268523685862277
NSFC,1228,33.983114683760384
NSFC,1229,32.299931895904066
NSFC,1230,29.3397495914785
NSFC,1231,29.776180124571006
NSFC,1232,34.69539158768457
NSFC,1233,27.49493029918795
NSFC,1234,32.51472932078935
NSFC,1235,30.763671086449172
NSFC,1236,29.363780418073137
NSFC,1237,30.307573016353892
NSFC,1238,33.97262142594416
NSFC,1239,29.59814957180819
NSFC,1240,29.085332217711617
NSFC,1241,30.579777564417505
NSFC,1242,33.79285785571828
NSFC,1243,32.32638278592934
NSFC,1244,31.062031651179588
NSFC,1245,31.55324784308668
NSFC,1246,37.042283175002645
NSFC,1247,32.588910016956355
NSFC,1248,31.219056056423504
NSFC,1249,30.139525127215624
NSFC,1250,32.25995106553303
NSFC,1251,31.80619666544893
NSFC,1252,30.649345863230156
NSFC,1253,33.072303520036854
NSFC,1254,31.341869501053907
NSFC,1255,29.300020884333208
NSFC,1256,30.241027721525338
NSFC,1257,30.094940265062895
NSFC,1258,32.53017688255305
NSFC,1259,32.22884249750429
NSFC,1260,31.02208940132138
NSFC,1261,30.287099333137874
NSFC,1262,30.410938098063376
NSFC,1263,27.63674163760582
NSFC,1264,31.879966276290137
NSFC,1265,33.28134719304521
NSFC,1266,32.63736100922303
NSFC,1267,33.81065130033771
NSFC,1268,36.48036857020838
NSFC,1269,30.429171875471575
NSFC,1270,31.153076301560223
NSFC,1271,32.25939048924674
NSFC,1272,36.62225911638417
NSFC,1273,33.3234120876965
NSFC,1274,32.07271951645852
NSFC,1275,34.886716737130456
NSFC,1276,29.40488865907426
NSFC,1277,32.87173499195847
NSFC,1278,33.218544363902986
NSFC,1279,30.96234086007687
NSFC,1280,30.213700328433788
NSFC,1281,34.481083282010104
NSFC,1282,37.906415143436504
NSFC,1283,33.48588920226831
NSFC,1284,34.160000564204566
NSFC,1285,31.568910485223054
NSFC,1286,28.334646099921166
NSFC,1287,32.96224079644456
NSFC,1288,30.7801474697049
NSFC,1289,29.575870924461224
NSFC,1290,33.426463114702955
NSFC,1291,33.54546480549467
NSFC,1292,31.469992996162887
NSFC,1293,32.99076302956371
NSFC,1294,31.432489589240717
NSFC,1295,30.56046932936013
NSFC,1296,33.992828730941326
NSFC,1297,31.5442116450589
NSFC,1298,34.99639362432187
NSFC,1299,30.747967312477257
NSFC,1300,35.689118820429954
NSFC,1301,30.56466474941682
NSFC,1302,29.754851763630832
NSFC,1303,33.228328509647895
NSFC,1304,29.228119514015674
NSFC,1305,31.375974963008947
NSFC,1306,28.722138983726882
NSFC,1307,32.39844254018499
NSFC,1308,31.176207236072123
NSFC,1309,30.975923935056585
NSFC,1310,30.537866400005086
NSFC,1311,29.1436827987459
NSFC,1312,31.374161778723384
NSFC,1313,32.53183038261848
NSFC,1314,33.485973703454064
NSFC,1315,29.901454178104313
NSFC,1316,34.558505452248795
NSFC,1317,32.567957450617826
NSFC,1318,29.671691305073413
NSFC,1319,30.7535341094298
NSFC,1320,29.946232690738686
NSFC,1321,35.35509045590023
NSFC,1322,32.67371465533814
NSFC,1323,33.397760795011614
NSFC,1324,31.041072769170928
NSFC,1325,35.23102013593847
NSFC,1326,36.035690294040094
NSFC,1327,32.79556042227054
NSFC,1328,32.47950716238053
NSFC,1329,34.54495451979723
NSFC,1330,32.13461344828949
NSFC,1331,29.976563245326606
NSFC,1332,31.819146467925158
NSFC,1333,34.00046095169428
NSFC,1334,29.760464325962523
NSFC,1335,28.27724545657942
NSFC,1336,29.686270277823706
NSFC,1337,31.003319854185275
NSFC,1338,30.360399782593376
NSFC,1339,29.976097296887108
NSFC,1340,31.832391625403563
NSFC,1341,34.11546640956415
NSFC,1342,33.158535570068366
NSFC,1343,30.39412980486198
NSFC,1344,34.55929324253536
NSFC,1345,37.451890376017126
NSFC,1346,31.97091281717838
NSFC,1347,30.747558460261367
NSFC,1348,35.01902870816966
NSFC,1349,35.14766765654858
NSFC,1350,32.22505795700881
NSFC,1351,33.35795569325866
NSFC,1352,30.009690783796593
NSFC,1353,31.221258431918542
NSFC,1354,27.828926274679908
NSFC,1355,28.348157028884355
NSFC,1356,29.798213330903298
NSFC,1357,34.31582553462943
NSFC,1358,33.08351722206987
NSFC,1359,31.141691418020944
NSFC,1360,33.70204280640493
NSFC,1361,34.665522626373786
NSFC,1362,34.852874393264585
NSFC,1363,32.991427695031085
NSFC,1364,36.20127256577381
NSFC,1365,29.887513045702814
NSFC,1366,30.45491034716072
NSFC,1367,34.52797974883464
NSFC,1368,33.42056690854027
NSFC,1369,32.03462345484749
NSFC,1370,33.831121727380186
NSFC,1371,30.23493158262177
NSFC,1372,31.31250047245383
NSFC,1373,28.306990619545807
NSFC,1374,31.47589428015019
NSFC,1375,32.0624244742542
NSFC,1376,32.92265956767136
NSFC,1377,30.702304662025597
NSFC,1378,35.04532266263395
NSFC,1379,30.095802126326927
NSFC,1380,30.832760966782473
NSFC,1381,31.81948444926124
NSFC,1382,32.358663357710604
NSFC,1383,28.80487614672972
NSFC,1384,31.09180620716145
NSFC,1385,30.204238611634725
NSFC,1386,33.619890178762674
NSFC,1387,34.51925314871748
NSFC,1388,38.67559996780031
NSFC,1389,31.833800734560242
NSFC,1390,30.856028532979607
NSFC,1391,30.974080366231533
NSFC,1392,31.37252631523221
NSFC,1393,34.17567859232987
NSFC,1394,28.545607215085028
NSFC,1395,31.995944786205158
NSFC,1396,35.37198990076821
NSFC,1397,29.74739473365177
NSFC,1398,31.97789923043149
NSFC,1399,31.410085556088784
NSFC,1400,37.28967299482669
NSFC,1401,30.941752731708497
NSFC,1402,30.772898799032877
NSFC,1403,31.29362727038023
NSFC,1404,29.182968679707315
NSFC,1405,30.37509897410491
NSFC,1406,32.867490508712876
NSFC,1407,32.141499831556786
NSFC,1408,35.4483175187767
NSFC,1409,31.07654694075937
NSFC,1410,31.871920236966247
NSFC,1411,33.164036762058714
NSFC,1412,32.43641995624926
NSFC,1413,31.681075918481334
NSFC,1414,34.56711917210888
NSFC,1415,32.24141685308018
NSFC,1416,33.66236364136874
NSFC,1417,33.75144039393649
NSFC,1418,30.50531104749013
NSFC,1419,33.42983230501028
NSFC,1420,28.912763448060804
NSFC,1421,31.002903923116058
NSFC,1422,29.372595243358354
NSFC,1423,34.26238683533033
NSFC,1424,29.145285312704086
NSFC,1425,32.83101427120306
NSFC,1426,31.856453286917205
NSFC,1427,27.851587962225498
NSFC,1428,30.974993701356446
NSFC,1429,36.70943035633162
NSFC,1430,32.26618915034129
NSFC,1431,29.054515477819535
NSFC,1432,34.086231746385124
NSFC,1433,34.6058812994793
NSFC,1434,31.641962092911047
NSFC,1435,32.097525630655156
NSFC,1436,31.658423792000487
NSFC,1437,32.942108833224935
NSFC,1438,30.57252450359017
NSFC,1439,34.403465455316606
NSFC,1440,32.46523364006959
NSFC,1441,33.76578588494009
NSFC,1442,31.97185054785399
NSFC,1443,36.71127721994053
NSFC,1444,37.49950641801757
NSFC,1445,34.9206037818831
NSFC,1446,30.509600699981053
NSFC,1447,32.31489710232189
NSFC,1448,29.191086732401192
NSFC,1449,30.812303808760817
NSFC,1450,30.694338084460373
NSFC,1451,33.4336301383574
NSFC,1452,29.277458748874096
NSFC,1453,32.56088732774065
NSFC,1454,27.891936388065595
NSFC,1455,31.202943145135247
NSFC,1456,31.172566234613925
NSFC,1457,29.424966040243696
NSFC,1458,33.78940247264105
NSFC,1459,32.012883449013245
NSFC,1460,30.058352231318963
NSFC,1461,31.611853571381957
NSFC,1462,30.8467688390214
NSFC,1463,30.429682967571633
NSFC,1464,31.59529290092237
NSFC,1465,35.59308488688468
NSFC,1466,31.74900668295466
NSFC,1467,30.686517650924962
NSFC,1468,26.569957190298513
NSFC,1469,29.87873774152524
NSFC,1470,29.452337224713443
NSFC,1471,34.73697772935117
NSFC,1472,33.75909883687265
NSFC,1473,34.445809506078106
NSFC,1474,31.663059528626384
NSFC,1475,29.620321811272945
NSFC,1476,29.660063063590904
NSFC,1477,34.51403373682312
NSFC,1478,38.3395387301464
NSFC,1479,38.23679229135119
NSFC,1480,29.168356831667808
NSFC,1481,32.3582365676506
NSFC,1482,34.63905098743061
NSFC,1483,36.505865923876875
NSFC,1484,32.361615742557106
NSFC,1485,30.885312729683395
NSFC,1486,28.816596160820357
NSFC,1487,30.43733135720099
NSFC,1488,32.671022248583284
NSFC,1489,33.24290121988007
NSFC,1490,30.08338532780273
NSFC,1491,34.24417548279485
NSFC,1492,34.21651346234559
NSFC,1493,32.34552486407948
NSFC,1494,31.097540765079355
NSFC,1495,32.92336576090603
NSFC,1496,32.7075066008094
NSFC,1497,30.970449861510204
NSFC,1498,37.246031788087436
NSFC,1499,31.380223052395415
NSFC,1500,30.11617637189403
NSFC,1501,33.61428182845923
NSFC,1502,30.65010968031834
NSFC,1503,29.485712538926535
NSFC,1504,36.08831639513652
NSFC,1505,28.925341696602857
NSFC,1506,27.549331574186674
NSFC,1507,35.33084930441924
NSFC,1508,29.67533422545973
NSFC,1509,29.11103593171012
NSFC,1510,26.151915395359126
NSFC,1511,32.9639354811592
NSFC,1512,30.715369095169002
NSFC,1513,30.90073540913479
NSFC,1514,29.980977870043244
NSFC,1515,34.741882918321316
NSFC,1516,32.15911253041199
NSFC,1517,31.7135848447637
NSFC,1518,31.101087020985034
NSFC,1519,38.423078277876144
NSFC,1520,37.97748480712012
NSFC,1521,31.77874141718247
NSFC,1522,30.471101673054093
NSFC,1523,35.65625970049172
NSFC,1524,28.950608797833908
NSFC,1525,32.296440897423864
NSFC,1526,33.483079514015245
NSFC,1527,31.94827421441334
NSFC,1528,30.920817518716692
NSFC,1529,32.193714569728925
NSFC,1530,34.16310025199746
NSFC,1531,34.19249123694124
NSFC,1532,29.85200153462111
NSFC,1533,32.70344027943722
NSFC,1534,33.619324349763595
NSFC,1535,30.420254172979575
NSFC,1536,32.576303615022695
NSFC,1537,30.49892735537066
NSFC,1538,30.929982736039438
NSFC,1539,30.95835459759339
NSFC,1540,32.41465262025597
NSFC,1541,31.432721448025937
NSFC,1542,32.64336096508085
NSFC,1543,30.561163260109222
NSFC,1544,32.65403374618685
NSFC,1545,33.73578883753022
NSFC,1546,30.341748721594577
NSFC,1547,34.91031789580448
NSFC,1548,32.36238707068124
NSFC,1549,28.67278125741633
NSFC,1550,30.745222850038985
NSFC,1551,33.09309335983824
NSFC,1552,28.80191353386465
NSFC,1553,32.83120538295055
NSFC,1554,34.27886956114972
NSFC,1555,31.98830964451796
NSFC,1556,28.169134851543394
NSFC,1557,32.84911761997883
NSFC,1558,30.421992521747853
NSFC,1559,30.9268606493348
NSFC,1560,31.73270632871899
NSFC,1561,34.42276524985138
NSFC,1562,30.745887518718046
NSFC,1563,31.216884913633194
NSFC,1564,33.16849969115898
NSFC,1565,31.473075829125104
NSFC,1566,31.922864669461614
NSFC,1567,31.87528705166004
NSFC,1568,30.386221529267896
NSFC,1569,33.443877312197685
NSFC,1570,32.000685473179146
NSFC,1571,30.631701166522095
NSFC,1572,35.77760801501542
NSFC,1573,32.123955435455244
NSFC,1574,30.229435738421287
NSFC,1575,32.65524305858334
NSFC,1576,32.98084808610216
NSFC,1577,30.91461989858262
NSFC,1578,31.992960539193593
NSFC,1579,30.35628791720638
NSFC,1580,36.64592864184338
NSFC,1581,33.144525300186345
NSFC,1582,36.774365150130365
NSFC,1583,31.69901977620397
NSFC,1584,32.92247755121303
NSFC,1585,33.40255907843698
NSFC,1586,34.37804153575698
NSFC,1587,29.729803566737296
NSFC,1588,29.055279875602167
NSFC,1589,31.148474181422905
NSFC,1590,30.143363965204927
NSFC,1591,28.780120275048617
NSFC,1592,31.307448791025667
NSFC,1593,33.84706230127024
NSFC,1594,30.342986973267852
NSFC,1595,33.57809575773942
NSFC,1596,31.798493393548554
NSFC,1597,34.43688624150898
NSFC,1598,30.050888573487935
NSFC,1599,31.914476803737095
NSFC,1600,31.593576570392912
NSFC,1601,36.31949192490696
NSFC,1602,34.65462293129648
NSFC,1603,29.570459447896376
NSFC,1604,30.346315675640998
NSFC,1605,30.65710006164139
NSFC,1606,30.88187000544435
NSFC,1607,31.335779581876288
NSFC,1608,36.22754448409456
NSFC,1609,31.107953456148387
NSFC,1610,31.372382875736402
NSFC,1611,31.821532938034338
NSFC,1612,34.84096770736543
NSFC,1613,32.36213890175509
NSFC,1614,30.523468667031686
NSFC,1615,32.88412640975745
NSFC,1616,31.000690674644485
NSFC,1617,31.331553250302342
NSFC,1618,30.490349174327044
NSFC,1619,33.51507640381723
NSFC,1620,34.25006222077405
NSFC,1621,28.178921892165913
NSFC,1622,30.211061927832333
NSFC,1623,34.249351941398245
NSFC,1624,29.132301885819256
NSFC,1625,32.25506616080948
NSFC,1626,34.3409525480781
NSFC,1627,30.112166457944664
NSFC,1628,32.766971570945
NSFC,1629,28.805417736554986
NSFC,1630,34.23545377413197
NSFC,1631,32.990599336641374
NSFC,1632,30.09967685972936
NSFC,1633,31.518155185711894
NSFC,1634,33.86340722501173
NSFC,1635,33.11880160809253
NSFC,1636,29.99830177178486
NSFC,1637,31.099454542975764
NSFC,1638,31.722252167875077
NSFC,1639,35.35515788861767
NSFC,1640,31.830167236315575
NSFC,1641,31.01591318801766
NSFC,1642,32.63367925836658
NSFC,1643,32.58636882774789
NSFC,1644,31.217821371151253
NSFC,1645,31.14143884682319
NSFC,1646,32.07251381104957
NSFC,1647,34.62090269447384
NSFC,1648,33.44068278808466
NSFC,1649,33.657013135617014
NSFC,1650,31.336651391776954
NSFC,1651,29.18421827803479
NSFC,1652,37.79432470030211
NSFC,1653,31.321567747413624
NSFC,1654,29.887341092978417
NSFC,1655,27.238552075335228
NSFC,1656,32.49448589623053
NSFC,1657,27.636328110683575
NSFC,1658,32.47214274142161
NSFC,1659,31.27464005823096
NSFC,1660,29.621094548631085
NSFC,1661,29.368552193284557
NSFC,1662,29.14412329341832
NSFC,1663,30.71496236610979
NSFC,1664,33.23153449633311
NSFC,1665,34.03767913751587
NSFC,1666,34.86758046443939
NSFC,1667,29.25121482117958
NSFC,1668,31.800622644760043
NSFC,1669,30.11711196411194
NSFC,1670,35.83431672422062
NSFC,1671,32.18409082090613
NSFC,1672,31.157433382097242
NSFC,1673,31.837640138800094
NSFC,1674,28.900571353050836
NSFC,1675,30.50680229385951
NSFC,1676,34.923373639581385
NSFC,1677,29.742452156952307
NSFC,1678,33.00907349712318
NSFC,1679,30.345828616084933
NSFC,1680,31.885482357613853
NSFC,1681,32.71752842061968
NSFC,1682,31.801462318766355
NSFC,1683,30.29177991202272
NSFC,1684,32.614415434465464
NSFC,1685,33.19393481728379
NSFC,1686,30.219915621349358
NSFC,1687,37.41212466886052
NSFC,1688,28.62685326559187
NSFC,1689,31.77085630792555
NSFC,1690,35.05536058177891
NSFC,1691,34.35782664179705
NSFC,1692,33.98104685722966
NSFC,1693,30.701694685282487
NSFC,1694,30.99472696068646
NSFC,1695,33.22832744812628
NSFC,1696,33.47037938479874
NSFC,1697,28.428380902452986
NSFC,1698,32.48741785290976
NSFC,1699,33.128348040715714
NSFC,1700,34.27739328037061
NSFC,1701,33.47132318170162
NSFC,1702,29.94872682726841
NSFC,1703,31.04864511464893
NSFC,1704,32.35776422439923
NSFC,1705,33.96397019329052
NSFC,1706,30.140273485267322
NSFC,1707,31.436515091712028
NSFC,1708,26.436012027819856
NSFC,1709,33.10794078555129
NSFC,1710,28.373314266964034
NSFC,1711,33.07669130698983
NSFC,1712,33.889530743257566
NSFC,1713,32.05110670012036
NSFC,1714,31.14203588959264
NSFC,1715,32.295511267722034
NSFC,1716,32.580417823468395
NSFC,1717,32.8675243121263
NSFC,1718,35.20424746963553
NSFC,1719,32.62249861059799
NSFC,1720,31.551584701473757
NSFC,1721,30.931766787681738
NSFC,1722,34.44460739160431
NSFC,1723,31.54957626541509
NSFC,1724,34.01304896108561
NSFC,1725,32.952026247102324
NSFC,1726,34.22665294150524
NSFC,1727,30.673860201651262
NSFC,1728,30.267380918293558
NSFC,1729,29.441478832405288
NSFC,1730,31.59135568089248
NSFC,1731,30.35975982969707
NSFC,1732,37.99350658898388
NSFC,1733,31.82524039569903
NSFC,1734,32.38860648635345
NSFC,1735,34.843504505523256
NSFC,1736,29.333934435923478
NSFC,1737,32.18109718739914
NSFC,1738,29.15413733515028
NSFC,1739,30.999909668428153
NSFC,1740,31.326080197952827
NSFC,1741,32.31166451289185
NSFC,1742,33.16956111713821
NSFC,1743,33.12599140712817
NSFC,1744,31.28494458898455
NSFC,1745,30.00519301674394
NSFC,1746,30.109760044628715
NSFC,1747,29.504513676374412
NSFC,1748,32.2870655399052
NSFC,1749,32.29536210302442
NSFC,1750,32.06762656061709
NSFC,1751,26.966286920587958
NSFC,1752,30.67271289420114
NSFC,1753,34.7295039732975
NSFC,1754,32.32269409662051
NSFC,1755,30.60299443276779
NSFC,1756,31.181941750379423
NSFC,1757,31.79637060558896
NSFC,1758,32.730516115501196
NSFC,1759,36.21508045329855
NSFC,1760,32.40351324367879
NSFC,1761,30.831304213427558
NSFC,1762,29.82438083888115
NSFC,1763,33.30148638743498
NSFC,1764,33.76784151095907
NSFC,1765,31.42118176807274
NSFC,1766,32.08510167134372
NSFC,1767,36.1395373143908
NSFC,1768,31.204605860977882
NSFC,1769,29.985821825316062
NSFC,1770,30.590822366859502
NSFC,1771,32.514213887245596
NSFC,1772,31.155592288727902
NSFC,1773,32.45286364425668
NSFC,1774,31.017513677165987
NSFC,1775,32.714805088382256
NSFC,1776,29.205737633796257
NSFC,1777,29.70311947130176
NSFC,1778,32.4214145582572
NSFC,1779,31.42892611385344
NSFC,1780,31.954938094342726
NSFC,1781,31.32639387035885
NSFC,1782,31.59011303943938
NSFC,1783,32.06639101231422
NSFC,1784,30.028635720461367
NSFC,1785,30.05967585292956
NSFC,1786,33.75631187326391
NSFC,1787,33.013903402228664
NSFC,1788,31.9419395307141
NSFC,1789,35.81189687528484
NSFC,1790,29.17845461562431
NSFC,1791,32.77940238947643
NSFC,1792,32.35842280489894
NSFC,1793,32.57148655275675
NSFC,1794,34.61170581382035
NSFC,1795,33.85171166877963
NSFC,1796,28.281790123504603
NSFC,1797,29.73292037407341
NSFC,1798,27.324659559685163
NSFC,1799,27.095051788409254
NSFC,1800,28.99976884684201
NSFC,1801,34.789050937553284
NSFC,1802,32.77369302112379
NSFC,1803,30.428645898883943
NSFC,1804,31.284040699840173
NSFC,1805,31.386811016111423
NSFC,1806,31.490021878840658
NSFC,1807,33.305251273339536
NSFC,1808,29.930039505293895
NSFC,1809,30.179768136614662
NSFC,1810,33.626168592481335
NSFC,1811,36.972758940844614
NSFC,1812,33.62679309335725
NSFC,1813,28.183929081645925
NSFC,1814,36.16583624917897
NSFC,1815,33.69661651073379
NSFC,1816,32.725254572856336
NSFC,1817,29.415742848224987
NSFC,1818,32.41679770336257
NSFC,1819,35.038993008266615
NSFC,1820,30.41205502884408
NSFC,1821,31.93338737206764
NSFC,1822,29.438012988070447
NSFC,1823,35.01895061422661
NSFC,1824,32.84776226502369
NSFC,1825,29.138247136051042
NSFC,1826,31.844105690685613
NSFC,1827,32.94498773174792
NSFC,1828,33.773439256457216
NSFC,1829,32.46290564618933
NSFC,1830,34.76313223777749
NSFC,1831,32.830322843876715
NSFC,1832,31.47766699482728
NSFC,1833,29.231464288807366
NSFC,1834,30.332027811863867
NSFC,1835,33.928207664462704
NSFC,1836,28.915910260860855
NSFC,1837,32.46934136089635
NSFC,1838,31.966956598864705
NSFC,1839,32.97859008072322
NSFC,1840,31.322799420917583
NSFC,1841,32.599047507719064
NSFC,1842,31.76363069021096
NSFC,1843,28.87671925355977
NSFC,1844,33.535917881180794
NSFC,1845,31.864336108938105
NSFC,1846,31.02745219464833
NSFC,1847,34.12516391751126
NSFC,1848,31.082923308390612
NSFC,1849,31.036715796921378
NSFC,1850,35.03422481428362
NSFC,1851,29.879523382917977
NSFC,1852,33.950484358727195
NSFC,1853,29.512399295614188
NSFC,1854,32.76609171200033
NSFC,1855,30.054000576087503
NSFC,1856,35.37816228976807
NSFC,1857,33.9561679180662
NSFC,1858,32.737727543162826
NSFC,1859,31.109152926667235
NSFC,1860,34.89707376016189
NSFC,1861,35.545264253793576
NSFC,1862,29.98878287214584
NSFC,1863,34.658251176522
NSFC,1864,32.78457622592452
NSFC,1865,29.171955985300386
NSFC,1866,30.519686780942372
NSFC,1867,31.11520289778855
NSFC,1868,34.59650062316597
NSFC,1869,37.512967344707
NSFC,1870,31.19587049464246
NSFC,1871,32.97412556912444
NSFC,1872,33.67857400314347
NSFC,1873,31.828650974254742
NSFC,1874,33.15222705585038
NSFC,1875,33.690111285280494
NSFC,1876,33.193955564717136
NSFC,1877,31.23054009666916
NSFC,1878,30.24067425573471
NSFC,1879,32.18215954508365
NSFC,1880,30.601326728202096
NSFC,1881,31.875733240236816
NSFC,1882,33.309730596824686
NSFC,1883,29.432371805720734
NSFC,1884,30.201266932735194
NSFC,1885,28.952188023407597
NSFC,1886,32.9856134313642
NSFC,1887,33.73970393335132
NSFC,1888,33.75043717613688
NSFC,1889,30.899687353217132
NSFC,1890,32.51121120628877
NSFC,1891,33.893955703260005
NSFC,1892,31.11930668493968
NSFC,1893,30.186200550844443
NSFC,1894,34.11271974884538
NSFC,1895,31.008010555059265
NSFC,1896,35.801907496238215
NSFC,1897,37.6805233110457
NSFC,1898,30.934887030411858
NSFC,1899,32.75611964210893
NSFC,1900,31.935503085002768
NSFC,1901,29.999986822649362
NSFC,1902,31.054105212244764
NSFC,1903,31.74302807794713
NSFC,1904,28.58029952844121
NSFC,1905,33.12124121570658
NSFC,1906,31.341027231046866
NSFC,1907,35.688804216694116
NSFC,1908,29.629511899859935
NSFC,1909,32.70868359823469
NSFC,1910,30.67243196880471
NSFC,1911,33.49364778674608
NSFC,1912,32.42187711760182
NSFC,1913,33.949005339493056
NSFC,1914,31.111960145506444
NSFC,1915,33.01302578172002
NSFC,1916,31.46618773081064
NSFC,1917,32.50525321800066
NSFC,1918,26.738123178967854
NSFC,1919,30.572952017751998
NSFC,1920,29.805562971844296
NSFC,1921,33.23692368516976
NSFC,1922,31.79303846296649
NSFC,1923,30.144553097379813
NSFC,1924,30.306660638906063
NSFC,1925,28.71515364341843
NSFC,1926,31.307182870784438
NSFC,1927,32.14223185699622
NSFC,1928,37.64423347731469
NSFC,1929,30.56527225812615
NSFC,1930,34.589745301720136
NSFC,1931,31.552900364880703
NSFC,1932,30.72414437558697
NSFC,1933,33.265753856174484
NSFC,1934,35.88110637448588
NSFC,1935,32.52547251995212
NSFC,1936,30.48466811058401
NSFC,1937,29.4897903541214
NSFC,1938,31.561903344174116
NSFC,1939,33.34187182792923
NSFC,1940,31.530330727290682
NSFC,1941,30.054417727223772
NSFC,1942,30.173595411401454
NSFC,1943,32.77213811443684
NSFC,1944,28.374520575819695
NSFC,1945,36.119199226592634
NSFC,1946,34.81413401290597
NSFC,1947,31.93634919654582
NSFC,1948,29.766595692748474
NSFC,1949,30.510359495337806
NSFC,1950,29.141552364383436
NSFC,1951,32.52235632102234
NSFC,1952,31.628263521374535
NSFC,1953,34.447181709843704
NSFC,1954,35.52287910677635
NSFC,1955,31.504133418038244
NSFC,1956,30.06653803457317
NSFC,1957,34.7539864220724
NSFC,1958,30.769199443747926
NSFC,1959,30.720783446785937
NSFC,1960,30.908245762927127
NSFC,1961,30.077298420770926
NSFC,1962,32.815074118029386
NSFC,1963,33.09222644507177
NSFC,1964,32.04453993262295
NSFC,1965,28.90853844483957
NSFC,1966,29.651286609820467
NSFC,1967,32.14336036494759
NSFC,1968,33.7550585587888
NSFC,1969,29.72274545697477
NSFC,1970,30.59424113671579
NSFC,1971,30.9049964192768
NSFC,1972,34.95958069632156
NSFC,1973,34.558162256082994
NSFC,1974,30.662668847639267
NSFC,1975,31.168976155046014
NSFC,1976,31.735544474794356
NSFC,1977,30.794985644989872
NSFC,1978,31.30853177424125
NSFC,1979,33.428408139783514
NSFC,1980,30.49537356454609
NSFC,1981,33.61268782961615
NSFC,1982,30.131673457144423
NSFC,1983,34.19302270435247
NSFC,1984,33.67611545093634
NSFC,1985,31.96733228028416
NSFC,1986,32.6340290305125
NSFC,1987,30.039313095225864
NSFC,1988,35.96698102244055
NSFC,1989,31.83821918272677
NSFC,1990,31.004465137072213
NSFC,1991,29.26204989951199
NSFC,1992,32.72336681965244
NSFC,1993,33.678828392283705
NSFC,1994,35.861412405688235
NSFC,1995,33.102418239790104
NSFC,1996,29.506254631844023
NSFC,1997,30.44007968016577
NSFC,1998,32.37640143661634
NSFC,1999,30.883325101635386
NSFC,2000,29.947442729179915
