agency,record_id,primary_knowledge_task,primary_knowledge_subtype_multi,profile_id,x,y
NSF,1500187,K04,K04.1|K04.3,905,-0.15233881973016122,0.07800963172164203
NSF,1503672,K01,K01.1|K01.2,825,0.06240988680377545,0.47362953625456106
NSF,1503781,K01,K01.1|K01.2,4319,0.1439881759594308,0.5450264717300075
NSF,1503912,K01,K01.1|K01.2,4320,0.20242927524373366,0.46985908157395195
NSF,1504006,K01,K01.1|K01.2,4319,0.1439881759594308,0.5450264717300075
NSF,1504141,K02,K02.1|K02.2,4305,0.5123800517187992,0.09260608042577208
NSF,1504224,K02,K02.1|K02.2,4305,0.5123800517187992,0.09260608042577208
NSF,1504270,K02,K02.2,932,-0.003341651856888464,0.17255124738333563
NSF,1504345,K02,K02.1|K02.2,4867,0.40867398189880644,0.09173191038670037
NSF,1504381,K02,K02.1|K02.2,4305,0.5123800517187992,0.09260608042577208
NSF,1504410,K01,K01.1,4563,0.028782323786583727,0.4297235848770382
NSF,1504934,K01,K01.1|K01.2,5054,0.09054808586068545,0.3717458875826327
NSF,1510461,K02,K02.1,3765,0.10488333069892093,-0.42418307440697944
NSF,1510869,K02,K02.1,7284,0.1704685024559967,-0.30309791703156186
NSF,1517823,K02,K02.1,3302,0.26023873604565056,-0.3434052383808238
NSF,1519679,K02,K02.1,1727,0.08119184863720107,-0.11527961209781135
NSF,1520581,K03,K03.1,1837,-0.23549700115965178,0.052986863213633745
NSF,1520765,K04,K04.2,2303,-0.23231709424134667,-0.03008798047478429
NSF,1520808,K01,K01.1|K01.2,487,-0.2901399893917379,0.23946708848035528
NSF,1520843,K01,K01.1|K01.2,507,-0.17875265801388923,0.3073274553070092
NSF,1520853,K02,K02.1,1820,0.08143894165360875,-0.12333197321093978
NSF,1520904,K01,K01.1,1840,-0.29607471632290155,0.17350463888146783
NSF,1522836,K02,K02.1|K02.2,6350,0.08100205989284663,-0.14020929722965636
NSF,1522876,K02,K02.1|K02.2,6350,0.08100205989284663,-0.14020929722965636
NSF,1522972,K02,K02.1|K02.2,750,0.28985203160894724,0.028743165328983022
NSF,1523207,K02,K02.1,745,0.35765724546088606,-0.021506239230278612
NSF,1526677,K04,K04.1,2081,-0.31998061232016184,0.07853795913614325
NSF,1528137,K04,K04.1,2081,-0.31998061232016184,0.07853795913614325
NSF,1530582,K01,K01.1,7458,-0.17298780355836213,0.03502746562237405
NSF,1531636,K01,K01.1|K01.2,3130,-0.12808630495966591,0.23558000187828496
NSF,1534976,K02,K02.1,7584,0.18588409741229328,-0.20790333816901455
NSF,1536506,K01,K01.1,821,0.11180697131125157,0.4250516416034288
NSF,1536741,K03,K03.1,6608,-0.15484540929510537,0.009448484475981865
NSF,1539462,K05,K05.1|K05.3,2496,-0.2039473036141069,-0.03005453612746703
NSF,1539593,K05,K05.1|K05.3,2496,-0.2039473036141069,-0.03005453612746703
NSF,1539611,K05,K05.1|K05.3,2496,-0.2039473036141069,-0.03005453612746703
NSF,1541069,K02,K02.1,2697,0.15525311915870477,-0.20194627003060336
NSF,1541105,K02,K02.1,2697,0.15525311915870477,-0.20194627003060336
NSF,1541108,K02,K02.1,2697,0.15525311915870477,-0.20194627003060336
NSF,1541130,K02,K02.1,2485,0.09219625020559073,-0.14488310660360787
NSF,1541136,K02,K02.1,2485,0.09219625020559073,-0.14488310660360787
NSF,1541159,K04,K04.1|K04.3,2491,-0.3837267865591361,-0.16987963863402586
NSF,1541199,K04,K04.1|K04.3,2491,-0.3837267865591361,-0.16987963863402586
NSF,1541390,K02,K02.1,200,0.4222172135020117,0.026244910350311637
NSF,1541564,K02,K02.1,200,0.4222172135020117,0.026244910350311637
NSF,1542791,K02,K02.1,5062,0.43891146361067357,-0.06363844761074977
NSF,1542930,K03,K03.2,203,0.15874397300780385,0.2691353299155348
NSF,1542936,K01,K01.1,278,-0.039026361361124653,0.3906074233073955
NSF,1542962,K02,K02.1,984,0.2596971517122324,-0.04390526685958533
NSF,1542976,K01,K01.1,278,-0.039026361361124653,0.3906074233073955
NSF,1543003,K02,K02.1,5062,0.43891146361067357,-0.06363844761074977
NSF,1543230,K02,K02.1,5062,0.43891146361067357,-0.06363844761074977
NSF,1543245,K02,K02.1,5043,0.5355373173542282,-0.006550038156129007
NSF,1543268,K03,K03.1,799,0.12144412075195944,0.2554486345056758
NSF,1543311,K02,K02.1,5062,0.43891146361067357,-0.06363844761074977
NSF,1543457,K01,K01.1|K01.2,963,-0.0538639836236043,0.43016014959847904
NSF,1543511,K01,K01.1|K01.2,963,-0.0538639836236043,0.43016014959847904
NSF,1543541,K02,K02.1,5065,0.43367953926731306,-0.02943465982593968
NSF,1544601,K04,K04.1|K04.3,5811,-0.3958247888918786,-0.05576412074780082
NSF,1544753,K01,K01.1|K01.2,7672,-0.1841017477987888,0.2957133881873065
NSF,1545091,K04,K04.1|K04.3,5811,-0.3958247888918786,-0.05576412074780082
NSF,1545116,K04,K04.1|K04.3,5965,-0.36264698862522954,-0.1661634665436226
NSF,1545623,K02,K02.1,4402,0.47356227317865784,0.014196599581534214
NSF,1545675,K02,K02.1,323,0.35520102120483965,-0.013846469658452806
NSF,1546585,K01,K01.2,911,0.06878992955832978,0.30879530105328723
NSF,1546743,K02,K02.2,220,-0.017834124636769436,0.1629165608404802
NSF,1547733,K01,K01.2,911,0.06878992955832978,0.30879530105328723
NSF,1547752,K02,K02.1|K02.2,318,0.19584841955967758,0.014523084410799296
NSF,1547899,K02,K02.1|K02.2,899,0.2913762426351118,0.04360584180565159
NSF,1547903,K02,K02.1|K02.2,318,0.19584841955967758,0.014523084410799296
NSF,1547912,K02,K02.1|K02.2,899,0.2913762426351118,0.04360584180565159
NSF,1548367,K04,K04.1|K04.3,6315,-0.3542600073057699,-0.18261911064277625
NSF,1548414,K04,K04.1|K04.3,6918,-0.3826845332263895,-0.3335824423240218
NSF,1548642,K03,K03.2,6043,-0.12643710773311745,0.11961895408856368
NSF,1548807,K04,K04.1|K04.3,3464,-0.3721093785412236,-0.44977330753189215
NSF,1548900,K03,K03.3,7511,-0.18737065178242807,0.02943156669204583
NSF,1548975,K04,K04.1|K04.3,3496,-0.3931907025680784,-0.3645252164411147
NSF,1549041,K04,K04.1|K04.3,6666,-0.41294666348325676,-0.2728418608491867
NSF,1549078,K05,K05.1,6818,-0.22856030036629676,0.13460087223639855
NSF,1549166,K02,K02.1,3037,0.21591894345256218,-0.15815108955166796
NSF,1549206,K04,K04.1|K04.3,7081,-0.36078592174938007,-0.21512223007167744
NSF,1549223,K04,K04.1|K04.3,6364,-0.3947734014434258,-0.2602163874945519
NSF,1549387,K02,K02.1,3037,0.21591894345256218,-0.15815108955166796
NSF,1549388,K01,K01.1|K01.2,6931,-0.21626138647303428,0.2771829476897808
NSF,1549413,K04,K04.3,3110,-0.2592512655832965,0.01324096796583434
NSF,1549418,K04,K04.1|K04.3,3237,-0.3680660329435637,-0.46812560703481076
NSF,1549525,K04,K04.1|K04.3,4184,-0.35481345963084565,-0.03939843214881049
NSF,1549710,K04,K04.1|K04.3,6666,-0.41294666348325676,-0.2728418608491867
NSF,1549753,K04,K04.1|K04.3,3569,-0.35462571696962136,-0.36628650821938935
NSF,1550112,K02,K02.1,1389,0.09279549923281001,-0.04590988632877216
NSF,1550129,K05,K05.3,406,-0.09123806336032315,0.13248477586026985
NSF,1550611,K02,K02.1,3903,0.17268880489896377,-0.12585747842591474
NSF,1551311,K02,K02.1,840,0.4464608550945881,0.035691205358074324
NSF,1551429,K02,K02.1,840,0.4464608550945881,0.035691205358074324
NSF,1551731,K02,K02.1,6889,0.2466212192259828,-0.13194896279178198
NSF,1552077,K02,K02.1,2828,0.2870197777910296,-0.1331408796394402
NSF,1552086,K02,K02.1,2828,0.2870197777910296,-0.1331408796394402
NSF,1552195,K02,K02.1,188,0.3047704853721992,-0.06373974696564619
NSF,1552232,K02,K02.1,196,0.3812976986178266,0.063002693838226
NSF,1552353,K01,K01.1|K01.2,3451,-0.22010995091757313,-0.06908319761118041
NSF,1552368,K02,K02.1,6604,0.07036062132889244,-0.28908426592660874
NSF,1552375,K04,K04.1,2369,-0.3623491614351363,-0.18048166181118616
NSF,1552410,K02,K02.1,2826,0.26665478634683776,-0.12036710803473821
NSF,1552429,K02,K02.1,4818,0.426885472895263,-0.049589197021150236
NSF,1552444,K04,K04.1|K04.3,3989,-0.36639551423548156,-0.09484602455653733
NSF,1552487,K02,K02.1,2515,0.06451768192664266,-0.27821380179583566
NSF,1552559,K03,K03.1|K03.3,6353,-0.23466381100297606,0.007844137672187376
NSF,1552571,K04,K04.1|K04.3,3496,-0.3931907025680784,-0.3645252164411147
NSF,1552692,K02,K02.1|K02.2,7587,0.14048014715578017,-0.16736517492560143
NSF,1552712,K04,K04.1|K04.3,6666,-0.41294666348325676,-0.2728418608491867
NSF,1552961,K04,K04.1,3567,-0.30726100175376925,-0.21161437522706292
NSF,1553141,K04,K04.1,6536,-0.3645554097988,-0.21673188146008085
NSF,1553234,K04,K04.1|K04.3,6633,-0.40366873999719244,-0.2588205476940352
NSF,1553350,K02,K02.1,8086,0.2041152142674703,-0.17250859576880373
NSF,1553407,K04,K04.1|K04.3,6514,-0.4126857048935591,-0.2188508279261733
NSF,1553475,K04,K04.3,3263,-0.21149454832171588,-0.23452474083052985
NSF,1553494,K04,K04.1|K04.3,6551,-0.423918073389362,-0.18011495625828206
NSF,1553565,K01,K01.1|K01.2,7247,-0.1754259687091294,0.21907050812835818
NSF,1553715,K02,K02.1,789,0.41823553078183173,0.01999781529666156
NSF,1553756,K04,K04.1|K04.3,3484,-0.37080434600822415,-0.32111917729191675
NSF,1553863,K04,K04.1,6460,-0.33560691009137805,-0.14615997535398012
NSF,1553875,K02,K02.1,4905,0.3564914462705803,-0.06663659241722389
NSF,1553909,K01,K01.1,3276,-0.06501786897446192,0.03906627572580032
NSF,1554018,K04,K04.1|K04.3,4821,0.004525596742650698,-0.03580446830805317
NSF,1554026,K02,K02.1,1665,0.18391162307160303,0.011314889095040859
NSF,1554056,K04,K04.1|K04.3,3706,-0.3314553139895535,-0.3422911717665371
NSF,1554061,K02,K02.1,2821,0.22334675416336636,-0.023769701698574536
NSF,1554117,K05,K05.1,2956,-0.21539146355637134,-0.14447937337169012
NSF,1554171,K03,K03.3,6475,-0.21182663767402743,0.06733658880378604
NSF,1554178,K04,K04.1|K04.3,6507,-0.40866735897519063,-0.12172684592450175
NSF,1554412,K04,K04.1|K04.3,2058,-0.3689702365346363,-0.02334118931940954
NSF,1554497,K04,K04.1|K04.3,6521,-0.4280721939500342,-0.2649891779402044
NSF,1554511,K04,K04.2,3722,-0.20851537202685527,-0.3241236597027869
NSF,1554531,K01,K01.1,6900,-0.20959884155664757,0.2570806900864133
NSF,1554559,K04,K04.1|K04.3,2975,-0.361395939779947,-0.1679543516135014
NSF,1554626,K04,K04.1,6453,-0.34849429899076934,-0.15844367319311778
NSF,1554714,K04,K04.1|K04.3,1968,-0.40700517811459636,-0.15041040102469894
NSF,1554846,K02,K02.1,1442,0.11943322994945162,-0.1239439119003995
NSF,1554894,K02,K02.1,4483,0.44100596460863717,-0.07344422138378728
NSF,1555003,K02,K02.1,2843,0.3095336278439346,-0.13755140594813464
NSF,1555034,K02,K02.1,2828,0.2870197777910296,-0.1331408796394402
NSF,1555041,K02,K02.1,1919,0.4958808809669424,0.033588165414642004
NSF,1555123,K05,K05.1|K05.2,6674,-0.1513929107055783,0.008090978835893783
NSF,1555479,K01,K01.1,2855,-0.12870399561507265,0.21355629976727483
NSF,1555871,K04,K04.1|K04.3,6497,-0.419260689596313,-0.2684899508291346
NSF,1555980,K02,K02.1,8245,0.14967311279386997,-0.08414733047549286
NSF,1556010,K02,K02.1,6479,0.09220251133986791,-0.12184715573939961
NSF,1556041,K04,K04.1|K04.3,7326,-0.36795818031086186,-0.33325931506282536
NSF,1556058,K04,K04.1,7409,-0.2675801918222222,-0.13650903839382877
NSF,1556094,K04,K04.1|K04.3,6850,-0.36761878607042764,-0.20789200870512353
NSF,1556127,K01,K01.1,3366,-0.21385332650981867,0.17101042770650213
NSF,1556311,K02,K02.1,7438,0.16673938645184172,-0.21487306015612262
NSF,1556862,K02,K02.1,5155,0.26947271718645993,-0.1319767591806419
NSF,1557353,K02,K02.1,840,0.4464608550945881,0.035691205358074324
NSF,1557621,K02,K02.1,7877,0.20322322935370446,-0.16443162537364064
NSF,1558225,K01,K01.1|K01.2,826,0.13715803924970404,0.46185383279885195
NSF,1558258,K01,K01.1|K01.2,4568,0.08129300481278078,0.36512793257221166
NSF,1558259,K02,K02.1,2828,0.2870197777910296,-0.1331408796394402
NSF,1558289,K02,K02.1,720,0.4749524677235969,0.04118096170929761
NSF,1558300,K01,K01.2,4321,0.2117924203859034,0.3471314776611275
NSF,1558322,K02,K02.1,7660,0.21671268529342352,-0.2026897587668083
NSF,1558343,K02,K02.1,4410,0.45122686646871535,-0.016568251018323044
NSF,1558358,K01,K01.1,3848,-0.001546750242829395,0.3134829611399156
NSF,1558446,K01,K01.1,4564,0.1667457944478592,0.34667596579093607
NSF,1558558,K02,K02.1,8342,0.24417580671671435,-0.17429077980243368
NSF,1558577,K02,K02.1,5525,0.1825757812621998,-0.17182491124620566
NSF,1558645,K02,K02.1,5202,0.22046606779092237,-0.16343366440598842
NSF,1558648,K02,K02.1,4345,0.5190113898268068,0.018511512841782818
NSF,1558650,K02,K02.1,6223,0.19741952491642456,-0.17246443734910238
NSF,1558658,K02,K02.1,314,0.20621937660399992,-0.07874420852636373
NSF,1558675,K02,K02.1,834,0.41952165236459904,-0.018211218714001914
NSF,1558736,K02,K02.1|K02.2,376,0.19250219019524129,0.054290971031145
NSF,1558741,K02,K02.1|K02.2,376,0.19250219019524129,0.054290971031145
NSF,1558787,K02,K02.1,4345,0.5190113898268068,0.018511512841782818
NSF,1558823,K02,K02.1,4345,0.5190113898268068,0.018511512841782818
NSF,1558868,K01,K01.1|K01.2,5113,0.011347825260913061,0.26427149137945144
NSF,1558929,K02,K02.1,1105,0.3650010384210355,-0.03368754966503831
NSF,1558930,K02,K02.1,1105,0.3650010384210355,-0.03368754966503831
NSF,1558939,K02,K02.1,291,0.32690900861877004,0.027477440406235107
NSF,1558966,K02,K02.1,291,0.32690900861877004,0.027477440406235107
NSF,1558980,K02,K02.1|K02.2,376,0.19250219019524129,0.054290971031145
NSF,1559001,K02,K02.1,7321,0.18018382025728996,-0.20621921092180265
NSF,1559004,K01,K01.1,3153,-0.04864329051727467,0.18870545660902474
NSF,1559075,K02,K02.1|K02.2,4377,0.43303612368478905,0.06531093244726698
NSF,1559105,K02,K02.1,4742,0.5764257954681248,-0.0030692592831564336
NSF,1559117,K02,K02.1,4824,0.40105267041081644,-0.08597201833591372
NSF,1559126,K02,K02.1|K02.2,2005,0.11997111911328866,-0.030573996873460824
NSF,1559178,K02,K02.1,831,0.40299418884521765,0.07369736215797752
NSF,1559180,K02,K02.1|K02.2,4377,0.43303612368478905,0.06531093244726698
NSF,1559196,K02,K02.1,292,0.2930803710570265,0.0024953603740298647
NSF,1559215,K01,K01.1,3153,-0.04864329051727467,0.18870545660902474
NSF,1559245,K02,K02.1,7852,0.17886778703837108,-0.2892563720692469
NSF,1559286,K02,K02.1|K02.2,5066,0.44539669679234684,0.01293451580327537
NSF,1559334,K02,K02.1,930,0.2646816872706536,-0.009786480738587136
NSF,1559476,K02,K02.1,831,0.40299418884521765,0.07369736215797752
NSF,1559550,K02,K02.1,4574,0.4218773068542231,-0.03480424152437188
NSF,1559598,K03,K03.2,2832,-0.058980690857652576,0.15697740447829103
NSF,1559607,K03,K03.2,2832,-0.058980690857652576,0.15697740447829103
NSF,1559862,K01,K01.1,753,0.025336008370558688,0.3783414254508439
NSF,1559984,K04,K04.1,3979,-0.29860255786732487,-0.19623866891235395
NSF,1560015,K01,K01.1|K01.2,1253,-0.19528547778836092,0.43105803342894233
NSF,1560166,K02,K02.1,3072,0.19497308576737843,-0.16201743171380717
NSF,1560494,K02,K02.1|K02.2,2830,0.21921456393909078,-0.08289147508017856
NSF,1560700,K02,K02.1,746,0.36719390960140535,-0.009959029017614501
NSF,1560785,K01,K01.1,7774,-0.09280402048389638,0.22214520650161276
NSF,1560812,K02,K02.1,8303,0.2050573940640587,-0.15691867748862073
NSF,1560844,K02,K02.1|K02.2,92,0.2284805654789842,0.06814868226982648
NSF,1560908,K01,K01.1,813,0.0533658720269488,0.5002190317594845
NSF,1560919,K02,K02.1,4294,0.5801852655707379,0.042356675866510415
NSF,1560920,K02,K02.1,7317,0.22200815916495437,-0.15710608419328131
NSF,1560925,K03,K03.3,5151,0.052117626497897016,0.13977211266983156
NSF,1560933,K02,K02.1,3306,0.26440409046551416,-0.31609037273474405
NSF,1560945,K02,K02.1,2013,0.11564122901009356,-0.025125660987549425
NSF,1560962,K01,K01.1|K01.2,4112,-0.2358529849184054,0.10369000276572525
NSF,1560970,K02,K02.1|K02.2,4259,0.03473883219615036,-0.33365861671789165
NSF,1561014,K02,K02.1,3306,0.26440409046551416,-0.31609037273474405
NSF,1561072,K02,K02.1,7857,0.22377848700873842,-0.15339650246560727
NSF,1561082,K02,K02.1,4037,0.21107580204022502,-0.22217356307492375
NSF,1561084,K03,K03.2|K03.3,301,-0.056642258964971944,0.2727687519640418
NSF,1561093,K01,K01.1,2070,-0.12467338598420713,0.2816400891303923
NSF,1561099,K01,K01.1|K01.2,4368,0.15770988413010023,0.41624207529657775
NSF,1561101,K05,K05.1|K05.3,6327,-0.20220075138240123,-0.019095678450775852
NSF,1561106,K01,K01.1|K01.2,4945,0.07172099727372437,0.3694561379921547
NSF,1561139,K03,K03.2,4405,0.17626039512270653,0.23210493911455213
NSF,1561473,K02,K02.1|K02.2,4435,0.43708666960399944,0.013567069119895109
NSF,1561764,K03,K03.3,1430,-0.10531178402678756,0.17879017985270326
NSF,1561932,K02,K02.1,2298,0.13202691002050337,-0.1612226459960379
NSF,1562010,K03,K03.3,1430,-0.10531178402678756,0.17879017985270326
NSF,1562019,K02,K02.2,4127,0.17621148750842752,0.005296639425394045
NSF,1562055,K02,K02.1|K02.2,4435,0.43708666960399944,0.013567069119895109
NSF,1562109,K05,K05.1,2417,-0.1527044931907972,0.07294411763426359
NSF,1562127,K02,K02.1|K02.2,4435,0.43708666960399944,0.013567069119895109
NSF,1562244,K03,K03.1|K03.3,432,-0.2306094517327551,0.08229541287668268
NSF,1562291,K05,K05.1,2417,-0.1527044931907972,0.07294411763426359
NSF,1562353,K02,K02.1,6150,0.3287888475493649,-0.04901244876140751
NSF,1562388,K03,K03.1|K03.3,432,-0.2306094517327551,0.08229541287668268
NSF,1562420,K05,K05.2,8125,-0.10262901621683623,0.015090978364269337
NSF,1562490,K04,K04.1|K04.3,1346,-0.38855711459692016,-0.07872378894154755
NSF,1562536,K03,K03.2,5652,-0.19093135879936227,-0.0124048068854587
NSF,1562557,K04,K04.1|K04.3,2338,-0.3552911462522366,-0.17491187742666334
NSF,1562669,K04,K04.1|K04.3,1346,-0.38855711459692016,-0.07872378894154755
NSF,1562713,K01,K01.1,4649,0.12240478842202708,0.3750809458791321
NSF,1562821,K04,K04.1|K04.3,1346,-0.38855711459692016,-0.07872378894154755
NSF,1562912,K04,K04.3,2619,-0.34374064462922194,-0.17087093169468628
NSF,1563372,K03,K03.3,2145,-0.18808717743710668,0.2132441701469556
NSF,1563428,K04,K04.3,1795,-0.3578985243131509,-0.12489688329704826
NSF,1563577,K04,K04.3,1795,-0.3578985243131509,-0.12489688329704826
NSF,1563612,K04,K04.1|K04.3,1810,-0.35411556129867683,-0.0813936924233382
NSF,1563618,K02,K02.1,2048,0.15577455372403703,-0.15902948111133433
NSF,1563638,K02,K02.1,1384,0.06618740334861346,-0.17958723275624502
NSF,1564495,K02,K02.1,2925,0.3072642847593749,-0.120748187851031
NSF,1564565,K02,K02.1,6654,0.057654097849770033,-0.32073727183652445
NSF,1566134,K01,K01.1,276,-0.007744875164566442,0.41683787665158967
NSF,1566180,K01,K01.1,276,-0.007744875164566442,0.41683787665158967
NSF,1566200,K05,K05.1,3764,-0.1628376905899812,-0.21998843467971105
NSF,1566386,K01,K01.1|K01.2,7974,-0.0778494589925521,0.29939842470300393
NSF,1566450,K03,K03.2,3973,-0.17812219792347367,0.03800567063299046
NSF,1566562,K05,K05.1,3764,-0.1628376905899812,-0.21998843467971105
NSF,1566623,K03,K03.2|K03.3,4737,0.16433645165672972,0.35687574302180436
NSF,1600012,K02,K02.1,3295,0.22093742421614376,-0.2780842159348409
NSF,1600049,K02,K02.1,4918,0.36780559604605956,-0.11037317088758544
NSF,1600053,K02,K02.1,4918,0.36780559604605956,-0.11037317088758544
NSF,1600062,K03,K03.1|K03.2|K03.3,490,0.07459264387214092,0.29073588571185316
NSF,1600075,K04,K04.1|K04.3,3727,-0.38110770006576133,-0.42606037029083277
NSF,1600087,K03,K03.1|K03.3,1638,-0.159413398541011,0.17976915669487392
NSF,1600089,K03,K03.1|K03.2|K03.3,490,0.07459264387214092,0.29073588571185316
NSF,1600109,K03,K03.1|K03.3,5073,0.11128214705106308,0.17764564043055517
NSF,1600131,K03,K03.1|K03.2|K03.3,490,0.07459264387214092,0.29073588571185316
NSF,1600149,K03,K03.1|K03.2,878,0.1287483726498328,0.1975147141429577
NSF,1600168,K01,K01.2,3940,-0.15903814637690522,0.07084295469649256
NSF,1600222,K03,K03.1|K03.2,298,-0.02420259468548082,0.2039892798140319
NSF,1600230,K02,K02.1,4918,0.36780559604605956,-0.11037317088758544
NSF,1600237,K03,K03.1|K03.2,558,0.06168401619914231,0.23524913499937902
NSF,1600258,K03,K03.1|K03.2,298,-0.02420259468548082,0.2039892798140319
NSF,1600267,K03,K03.1|K03.2,878,0.1287483726498328,0.1975147141429577
NSF,1600283,K03,K03.1|K03.2,878,0.1287483726498328,0.1975147141429577
NSF,1600287,K03,K03.1|K03.2,298,-0.02420259468548082,0.2039892798140319
NSF,1600319,K03,K03.1|K03.2,298,-0.02420259468548082,0.2039892798140319
NSF,1601245,K01,K01.1,7413,-0.13289712325984565,0.2099022490890428
NSF,1601288,K01,K01.2,3493,-0.17165252049505259,-0.029246030716448393
NSF,1601565,K03,K03.2,4357,0.18240819994134866,0.3017408748207837
NSF,1602023,K04,K04.1|K04.3,7630,-0.19993205824376803,-0.12621735851608992
NSF,1602087,K04,K04.1|K04.3,3684,-0.39766724197219516,-0.46675187656607464
NSF,1602119,K04,K04.1|K04.3,6733,-0.41723715081247176,-0.16838880335676612
NSF,1602176,K02,K02.1,7712,0.14536958453401588,-0.2486243220157164
NSF,1602248,K02,K02.1,8279,0.20653293358244573,-0.17832331890561118
NSF,1602367,K02,K02.1,599,0.3371347967755604,-0.07225382338433667
NSF,1602440,K02,K02.1|K02.2,1092,0.4507716459028379,0.10561952353595218
NSF,1602512,K03,K03.3,610,-0.060927287059205165,0.048267737508938396
NSF,1602521,K01,K01.1|K01.2,822,0.04743545376884305,0.5107907696107135
NSF,1602564,K03,K03.3,610,-0.060927287059205165,0.048267737508938396
NSF,1602615,K01,K01.1,3383,0.04722370867346086,0.19892362165343203
NSF,1602654,K02,K02.1,4444,0.4055326790404602,-0.05290263549882576
NSF,1602680,K01,K01.1,3383,0.04722370867346086,0.19892362165343203
NSF,1602716,K02,K02.1,7467,0.4125790998042175,-0.016895740180162114
NSF,1602781,K02,K02.1,7467,0.4125790998042175,-0.016895740180162114
NSF,1602813,K02,K02.1,7661,0.2035473415806558,-0.28869156452216926
NSF,1602879,K01,K01.1,3383,0.04722370867346086,0.19892362165343203
NSF,1602882,K02,K02.1,7407,0.20784181860185436,-0.21908343358249463
NSF,1602883,K02,K02.1,7467,0.4125790998042175,-0.016895740180162114
NSF,1602889,K02,K02.1,831,0.40299418884521765,0.07369736215797752
NSF,1602898,K02,K02.1|K02.2,1092,0.4507716459028379,0.10561952353595218
NSF,1602916,K05,K05.1,7389,-0.16197632494581105,-0.03092670332282902
NSF,1602926,K02,K02.1|K02.2,843,0.4099371274392075,0.11217106326153004
NSF,1602946,K02,K02.1,7467,0.4125790998042175,-0.016895740180162114
NSF,1602985,K02,K02.1,4343,0.5284086685900308,0.011622590703052493
NSF,1603088,K02,K02.1|K02.2,4915,0.4286139503830737,0.04956042733656732
NSF,1603116,K02,K02.1,4444,0.4055326790404602,-0.05290263549882576
NSF,1603120,K02,K02.1,4347,0.5110929287409657,0.03552754158718735
NSF,1603172,K02,K02.1,7467,0.4125790998042175,-0.016895740180162114
NSF,1603190,K02,K02.1,3214,0.08856303672056202,-0.5247398265211047
NSF,1603196,K02,K02.1,3214,0.08856303672056202,-0.5247398265211047
NSF,1603214,K02,K02.1|K02.2,4733,0.4688494771203424,0.08630137956467414
NSF,1603253,K02,K02.1,4294,0.5801852655707379,0.042356675866510415
NSF,1603259,K02,K02.1,4347,0.5110929287409657,0.03552754158718735
NSF,1603302,K02,K02.1|K02.2,4725,0.4488864655839705,0.08707359811799789
NSF,1603321,K02,K02.1,4347,0.5110929287409657,0.03552754158718735
NSF,1603331,K02,K02.1,187,0.3629911742987465,0.016393130450624127
NSF,1603350,K02,K02.1,1035,0.3974352928301347,0.06220889414865276
NSF,1603361,K02,K02.1,831,0.40299418884521765,0.07369736215797752
NSF,1603372,K04,K04.1|K04.3,6667,-0.3989749718143557,-0.2641230523502305
NSF,1603452,K02,K02.1,766,0.3534061783295794,0.0008573454261815716
NSF,1603466,K02,K02.1,4343,0.5284086685900308,0.011622590703052493
NSF,1603473,K01,K01.1|K01.2,4290,0.23960096352929572,0.4422888499630939
NSF,1603538,K02,K02.1,4348,0.520629592881485,0.04707475179985142
NSF,1603548,K01,K01.1|K01.2,822,0.04743545376884305,0.5107907696107135
NSF,1603566,K02,K02.1,4343,0.5284086685900308,0.011622590703052493
NSF,1603609,K04,K04.1|K04.3,3521,-0.3808496158502877,-0.347909024808157
NSF,1603635,K02,K02.1,6655,0.07162578951867109,-0.3120184633375682
NSF,1603660,K02,K02.1,840,0.4464608550945881,0.035691205358074324
NSF,1603667,K01,K01.1|K01.2,5187,-0.012716663333167955,0.29414512693375605
NSF,1603707,K04,K04.1|K04.3,3376,-0.3679947658989066,-0.36976209720000586
NSF,1603717,K02,K02.1,3397,0.14111267620626738,-0.3339435150874144
NSF,1603737,K04,K04.1|K04.3,3988,-0.3640574854158446,-0.2569657958412065
NSF,1603741,K02,K02.1,4465,0.44111314090694254,-0.2069831081271439
NSF,1603754,K04,K04.1|K04.3,3189,-0.36683226745522135,-0.43783498662964027
NSF,1603799,K03,K03.1|K03.2,253,-0.06675466822441196,0.2194357276438931
NSF,1603815,K02,K02.1,187,0.3629911742987465,0.016393130450624127
NSF,1603833,K02,K02.1,4348,0.520629592881485,0.04707475179985142
NSF,1603903,K02,K02.1,840,0.4464608550945881,0.035691205358074324
NSF,1603914,K03,K03.2,853,0.10569231078926637,0.2916057016909954
NSF,1603941,K02,K02.1,4347,0.5110929287409657,0.03552754158718735
NSF,1604008,K04,K04.1,6637,-0.35874046830454637,-0.21229307231336916
NSF,1604042,K02,K02.1,3397,0.14111267620626738,-0.3339435150874144
NSF,1604047,K02,K02.1,4343,0.5284086685900308,0.011622590703052493
NSF,1604058,K02,K02.1,187,0.3629911742987465,0.016393130450624127
NSF,1604069,K01,K01.1,3205,-0.2321191553938734,-0.12666058177679404
NSF,1604105,K02,K02.1|K02.2,1092,0.4507716459028379,0.10561952353595218
NSF,1604160,K02,K02.1|K02.2,1092,0.4507716459028379,0.10561952353595218
NSF,1604374,K04,K04.1|K04.3,6754,-0.4090891528371647,-0.2857770880431496
NSF,1604432,K02,K02.1,3791,0.14178447367735986,-0.43482346924561
NSF,1604457,K02,K02.1,2653,0.08107240309992951,-0.3014666160727728
NSF,1604475,K02,K02.1,3791,0.14178447367735986,-0.43482346924561
NSF,1604524,K04,K04.1|K04.3,6666,-0.41294666348325676,-0.2728418608491867
NSF,1604542,K04,K04.1|K04.3,4007,-0.3724721503067978,-0.2916530264914483
NSF,1604715,K02,K02.1,3494,0.09138175043384945,-0.4037018189294963
NSF,1604776,K04,K04.1|K04.3,3521,-0.3808496158502877,-0.347909024808157
NSF,1604825,K01,K01.1|K01.2,7228,-0.20279740494461013,0.12897579906493606
NSF,1604853,K05,K05.1|K05.2,3651,-0.1367329419281036,-0.06381150369466826
NSF,1604886,K04,K04.1|K04.3,3521,-0.3808496158502877,-0.347909024808157
NSF,1604890,K04,K04.1|K04.3,7094,-0.38257928266899877,-0.2514730087368049
NSF,1604906,K05,K05.1|K05.2,3651,-0.1367329419281036,-0.06381150369466826
NSF,1605031,K04,K04.1|K04.3,7057,-0.29874571203550226,-0.1581216235991571
NSF,1605034,K04,K04.1|K04.3,7435,-0.3575040434762135,-0.2477175679806853
NSF,1605050,K03,K03.1,7439,-0.13636199898813434,-0.01365646829760541
NSF,1605088,K02,K02.1,3494,0.09138175043384945,-0.4037018189294963
NSF,1605112,K04,K04.1|K04.3,6414,-0.40626075673149664,-0.2546827779428398
NSF,1605129,K02,K02.1,6306,0.11234103478427875,-0.2727419214586808
NSF,1605161,K02,K02.1,4247,0.128658939010943,-0.2997171054475697
NSF,1605185,K02,K02.1,4247,0.128658939010943,-0.2997171054475697
NSF,1605202,K03,K03.1,4200,-0.12688434413327582,0.0035440774336717856
NSF,1605290,K04,K04.1|K04.3,3986,-0.37802917708474565,-0.2656846043401626
NSF,1605319,K05,K05.1,6894,-0.25191847413350915,-0.11546782055819571
NSF,1605355,K03,K03.3,7554,-0.14306833518857792,0.024334885912210457
NSF,1605407,K05,K05.1,2773,-0.12722301790704868,0.03783815199349312
NSF,1605424,K04,K04.1|K04.3,3422,-0.3721125020697911,-0.371563828967271
NSF,1605472,K01,K01.1|K01.2,7228,-0.20279740494461013,0.12897579906493606
NSF,1605482,K04,K04.3,3688,-0.3411919288579479,-0.42447824906149945
NSF,1605495,K02,K02.1,6614,0.08107065919134669,-0.3120384321106078
NSF,1605524,K04,K04.1|K04.3,7107,-0.3752523290663248,-0.2486165738400414
NSF,1605669,K01,K01.1|K01.2,5187,-0.012716663333167955,0.29414512693375605
NSF,1605692,K04,K04.1|K04.3,7385,-0.3759454927777534,-0.26782570167597974
NSF,1605715,K04,K04.1|K04.2|K04.3,7315,-0.32597075487604027,-0.21695032650186424
NSF,1605843,K02,K02.1,3085,0.17693974376776045,-0.18524269083705994
NSF,1605882,K02,K02.1,4006,0.09812861102622898,-0.33954843747878605
NSF,1605957,K04,K04.1|K04.3,3719,-0.3900788155749593,-0.46883031607946235
NSF,1606036,K03,K03.3,7545,-0.15815938490676662,0.012077491817217054
NSF,1606057,K04,K04.1|K04.3,3238,-0.3704040617632007,-0.30600583575014173
NSF,1606117,K04,K04.1|K04.3,3456,-0.3792902779438344,-0.4541699177769636
NSF,1606190,K02,K02.1,3299,0.2374648877355251,-0.3699927968068203
NSF,1606519,K01,K01.2,351,-0.07718046727712059,0.3228026874644211
NSF,1607348,K02,K02.1|K02.2,692,0.22797509074972933,-0.06594872383355652
NSF,1607816,K01,K01.1,864,0.0894715646013091,0.39428679100357156
NSF,1607899,K04,K04.3,3458,-0.2667118943649213,-0.3249439091437748
NSF,1608509,K04,K04.1|K04.3,6527,-0.4070051204183617,-0.21559592483562734
NSF,1608613,K04,K04.1|K04.3,6791,-0.38860048301929934,-0.10050392506611239
NSF,1608722,K04,K04.1|K04.3,6404,-0.3758512061552627,-0.20184397646281885
NSF,1608775,K02,K02.1,2858,0.22289953081619812,-0.18626655890763247
NSF,1608898,K04,K04.1|K04.3,6404,-0.3758512061552627,-0.20184397646281885
NSF,1609027,K02,K02.1,4294,0.5801852655707379,0.042356675866510415
NSF,1609080,K02,K02.1,2476,0.06809527213444015,-0.09150327128735262
NSF,1609131,K04,K04.1|K04.3,6417,-0.37798687877563025,-0.19626073008967113
NSF,1609404,K03,K03.2,6568,-0.23773223052762937,0.004330196197342373
NSF,1609794,K04,K04.3,6419,-0.32317734773305273,-0.0787318040107918
NSF,1610062,K04,K04.3,6669,-0.3564713503690094,-0.2305682333446115
NSF,1610282,K05,K05.1,2084,-0.18532507362010447,0.15145193699690226
NSF,1610390,K04,K04.1|K04.3,2331,-0.3744253318488641,-0.14354374858375882
NSF,1610396,K04,K04.3,6612,-0.30953255798973783,-0.15090921490401987
NSF,1610429,K05,K05.1,2084,-0.18532507362010447,0.15145193699690226
NSF,1610615,K05,K05.2,6575,-0.1903915446554067,-0.040748432871563905
NSF,1610732,K04,K04.1|K04.3,6527,-0.4070051204183617,-0.21559592483562734
NSF,1610897,K03,K03.2,6568,-0.23773223052762937,0.004330196197342373
NSF,1610935,K04,K04.3,6419,-0.32317734773305273,-0.0787318040107918
NSF,1611095,K04,K04.1,2450,-0.34046553244147065,-0.12810862792851843
NSF,1611574,K05,K05.2,6575,-0.1903915446554067,-0.040748432871563905
NSF,1611820,K01,K01.1,1833,-0.26706943052484944,0.2514050966446657
NSF,1612144,K05,K05.1|K05.3,2291,-0.18544033180323571,0.12881705900774648
NSF,1612429,K05,K05.2,7695,-0.15334796060476125,-0.19738266044569444
NSF,1612843,K03,K03.1|K03.3,1838,-0.24309522065318906,0.09286632601106334
NSF,1612944,K04,K04.3,4358,0.18857366740486353,0.12811518804972888
NSF,1614218,K01,K01.1|K01.2,3933,-0.236379054943897,0.25719073855270846
NSF,1614315,K02,K02.2,798,0.11245699966477062,0.2604456165885948
NSF,1614673,K01,K01.1,374,0.030348779042567678,0.4362129255875873
NSF,1614973,K02,K02.1,1577,0.14648597381228595,0.008050776060461617
NSF,1615154,K01,K01.1,1314,-0.0332239871504878,0.4326682568203313
NSF,1615560,K02,K02.1,3269,0.22530885302779996,-0.3344659726612488
NSF,1617040,K02,K02.1,4402,0.47356227317865784,0.014196599581534214
NSF,1617053,K02,K02.1|K02.2,2474,0.048859138167920466,-0.1785452838228763
NSF,1617359,K02,K02.1,2968,0.17596457588779035,-0.2454843950390939
NSF,1617374,K02,K02.1|K02.2,4855,0.41511408103144576,-0.009251943124091264
NSF,1617396,K05,K05.1,1169,-0.09547817631422248,0.2268020846814457
NSF,1617463,K02,K02.1|K02.2,4542,0.4110806143263518,0.011975460413537614
NSF,1617473,K02,K02.1,1079,0.5437645545464461,0.08610318001184858
NSF,1617844,K03,K03.1,887,0.039728847022915306,0.17831194878029594
NSF,1618627,K04,K04.1|K04.3,6956,-0.3352469316488212,-0.020477163832059372
NSF,1619184,K04,K04.1|K04.3,6689,-0.3630380413079373,-0.18659142980368512
NSF,1619352,K04,K04.1|K04.3,6577,-0.3905163051558071,-0.20731992723759976
NSF,1619697,K02,K02.1|K02.2,3593,0.4196412269328652,-0.021391691385158507
NSF,1619893,K02,K02.1,4339,0.602699115623643,0.037946149557816
NSF,1619915,K02,K02.1,3367,0.15230245382783153,-0.34741982276698424
NSF,1619958,K03,K03.1|K03.3,7563,-0.14608587342519275,-0.058641321117793827
NSF,1620096,K04,K04.1,6368,-0.35224052126078703,-0.22022136866375927
NSF,1620451,K02,K02.1|K02.2,1737,0.115246364698655,-0.014663153898484119
NSF,1620694,K02,K02.1,2852,0.2819662967906317,-0.1341124687631818
NSF,1621444,K03,K03.3,4109,-0.1921958721868084,0.056080686808556136
NSF,1621554,K02,K02.1,53,0.3106790543431607,-0.10387046843057311
NSF,1621576,K03,K03.2|K03.3,511,-0.17161878832966518,0.231235363363009
NSF,1621647,K04,K04.1|K04.3,3237,-0.3680660329435637,-0.46812560703481076
NSF,1621727,K04,K04.1|K04.3,1297,-0.3127281446912645,0.00608906386866781
NSF,1621759,K04,K04.3,3244,-0.3139287486489533,-0.26373220824556654
NSF,1621836,K04,K04.1|K04.3,7352,-0.3760167598224105,-0.36618921151078465
NSF,1621892,K04,K04.1|K04.3,6756,-0.4129339770486041,-0.38213358909168116
NSF,1621951,K04,K04.1|K04.3,3551,-0.36908799766640493,-0.23670755944084146
NSF,1621952,K04,K04.1|K04.3,6728,-0.4128109446103683,-0.27049313837943734
NSF,1621986,K04,K04.1|K04.3,3446,-0.3848473047217823,-0.4282014956256778
NSF,1622211,K04,K04.1|K04.3,6719,-0.39288051180015243,-0.23655888438637293
NSF,1622295,K01,K01.1,945,-0.10246227432113206,0.25369393285508457
NSF,1622389,K04,K04.3,2910,-0.19440689071409345,-0.08801213218963726
NSF,1622408,K01,K01.2,3547,-0.2767294460575727,-0.02477238406594045
NSF,1622560,K01,K01.1|K01.2,1363,-0.22999825609184793,0.41062244590417885
NSF,1622770,K01,K01.1,3556,-0.20263672609658756,0.1428158415667847
NSF,1622866,K04,K04.1|K04.3,3190,-0.3299503140200749,-0.3749324599185866
NSF,1622971,K04,K04.1|K04.3,2373,-0.3846304004883268,-0.02565488609924102
NSF,1622978,K04,K04.1|K04.3,2127,-0.38008548908033224,-0.18984006022004649
NSF,1622985,K01,K01.1,46,0.09466498465585103,0.35585756939144997
NSF,1623025,K05,K05.1|K05.3,1616,-0.13547550706245703,0.18353436349558302
NSF,1623064,K01,K01.1,46,0.09466498465585103,0.35585756939144997
NSF,1623218,K01,K01.1,46,0.09466498465585103,0.35585756939144997
NSF,1623461,K02,K02.1,4322,0.6225359486621486,0.06204667854732181
NSF,1623464,K04,K04.1|K04.3,6666,-0.41294666348325676,-0.2728418608491867
NSF,1623542,K01,K01.1|K01.2,1842,-0.28885609217044833,0.20900880166853505
NSF,1623553,K01,K01.1|K01.2,1842,-0.28885609217044833,0.20900880166853505
NSF,1623748,K01,K01.1,817,0.11703889565461205,0.39084785381861875
NSF,1623752,K01,K01.1|K01.2,1842,-0.28885609217044833,0.20900880166853505
NSF,1623810,K02,K02.1,656,0.44155733914420525,-0.012404366450566862
NSF,1623812,K02,K02.1,656,0.44155733914420525,-0.012404366450566862
NSF,1623814,K02,K02.1,656,0.44155733914420525,-0.012404366450566862
NSF,1623867,K02,K02.1|K02.2,4732,0.5509189998625004,0.07717277732263869
NSF,1623875,K01,K01.1|K01.2,2792,-0.21367065293393606,0.2953898429648063
NSF,1623912,K02,K02.1,246,0.15910617940783273,0.004419283930051476
NSF,1623948,K04,K04.2|K04.3,9,-0.10149924925807378,0.003833958952291397
NSF,1624153,K02,K02.1,1386,0.08015909501751455,-0.17086842425728885
NSF,1624183,K01,K01.1|K01.2,7622,-0.149316767758008,0.16562366988796975
NSF,1624207,K01,K01.1|K01.2,4917,0.20778990251723994,0.39480190512879554
NSF,1624219,K05,K05.3,3690,-0.2195117518917365,-0.20721963693008397
NSF,1624329,K02,K02.1,4084,0.29934726181469307,-0.12015482107835421
NSF,1624335,K05,K05.1,4199,-0.12707339275284302,0.020125904297547806
NSF,1624407,K02,K02.1,4084,0.29934726181469307,-0.12015482107835421
NSF,1624409,K02,K02.1,2558,0.13387477288762845,-0.2749288689341186
NSF,1624417,K02,K02.1,2558,0.13387477288762845,-0.2749288689341186
NSF,1624533,K01,K01.1|K01.2,1477,-0.08721618642092704,0.36896452036557337
NSF,1624539,K04,K04.1|K04.3,6334,-0.44602318423146764,-0.3051923066846818
NSF,1624542,K01,K01.1|K01.2,1477,-0.08721618642092704,0.36896452036557337
NSF,1624551,K01,K01.1|K01.2,1506,-0.14574977056361746,0.3545652089763519
NSF,1624609,K05,K05.1,4199,-0.12707339275284302,0.020125904297547806
NSF,1624612,K01,K01.1|K01.2,1506,-0.14574977056361746,0.3545652089763519
NSF,1624618,K01,K01.2,2763,-0.1483931144567757,0.10909162674847987
NSF,1624712,K04,K04.1|K04.3,6969,-0.3295550361394428,-0.14226319751847366
NSF,1624738,K03,K03.1|K03.2,846,0.10238518876704443,0.30048950932752827
NSF,1624767,K04,K04.1|K04.3,7151,-0.35184000985889746,-0.23212816701885472
NSF,1624812,K04,K04.3,7165,-0.29536469674465016,-0.18985453951427955
NSF,1624842,K04,K04.1,6996,-0.31706971924686417,-0.17020291441666316
NSF,1624877,K02,K02.1,3612,0.34819587277804614,-0.2858055030295228
NSF,1624881,K02,K02.1,770,0.2879387535453548,0.07893390946878132
NSF,1624890,K02,K02.1,1972,0.17887708929037704,-0.12025893858912415
NSF,1624947,K02,K02.1,2038,0.14293210880917973,-0.012807036323299784
NSF,1625150,K01,K01.1|K01.2,244,-0.10672997018768093,0.39257575457092597
NSF,1625317,K02,K02.1,7580,0.1905230196807231,-0.19406008460337534
NSF,1626374,K01,K01.1,6013,-0.2502419213922957,0.24502840494551836
NSF,1626792,K02,K02.1|K02.2,4793,0.26058080738646017,-0.06463911198416263
NSF,1627382,K02,K02.1,8330,0.20985387692637453,-0.1713490855416094
NSF,1627432,K02,K02.2,7684,-0.10983940558956044,-0.04487680545966531
NSF,1627439,K02,K02.1,2104,0.3078509839031722,-0.05356838484311398
NSF,1627893,K02,K02.1|K02.2,5437,0.17392343682632672,-0.13058874533330206
NSF,1628014,K02,K02.1,3460,0.08451969112290213,-0.506387527018186
NSF,1628096,K02,K02.1,5523,0.17083656756161403,-0.1696071603302498
NSF,1628146,K02,K02.1,1367,0.16493060318794395,-0.10160762677394519
NSF,1628183,K02,K02.1,7916,0.2025741945003176,-0.19427058100908123
NSF,1628580,K02,K02.1,5848,0.1365003815512713,-0.1904549429469111
NSF,1628612,K04,K04.1|K04.3,7936,-0.23424565828360489,0.054650504729451654
NSF,1628674,K02,K02.1,840,0.4464608550945881,0.035691205358074324
NSF,1629194,K06,K06.2,5390,-0.10305446873220794,0.010752561052620454
NSF,1629195,K05,K05.1,5643,-0.19460228788158956,0.014422430057082016
NSF,1630142,K02,K02.1,2420,0.07869782886184044,-0.2450810717963178
NSF,1630360,K02,K02.1,4324,0.5742950634817341,0.09615736082156248
NSF,1630474,K02,K02.1,4360,0.6226621271600149,0.03717393100449223
NSF,1630490,K04,K04.1,756,-0.06560044431598146,0.07335502491522704
NSF,1631133,K04,K04.1|K04.3,5983,-0.3730760814994882,-0.02826225707049751
NSF,1631964,K01,K01.1|K01.2,3133,-0.10383004282618363,0.2706300758017779
NSF,1632019,K02,K02.1,3452,0.07733879172029128,-0.5107841372632574
NSF,1632116,K04,K04.1,5971,-0.3360453547868622,0.016434825445717376
NSF,1632124,K04,K04.1|K04.3,6336,-0.4249681361259293,-0.1634932788994806
NSF,1632145,K02,K02.2,5423,-0.0003607137884835965,0.06379246263879287
NSF,1632193,K04,K04.1|K04.3,499,-0.3456152090530591,0.09808015926578603
NSF,1632207,K02,K02.1,1118,0.34938575632984403,-0.02107977077359391
NSF,1632227,K04,K04.1|K04.3,2586,-0.40505176665852677,-0.16882801322945126
NSF,1632244,K04,K04.1|K04.3,6912,-0.37064087287582037,-0.2359516502072073
NSF,1632255,K04,K04.1|K04.3,6763,-0.4030087545059304,-0.2768530025251852
NSF,1632333,K02,K02.1,4730,0.6187242137144392,0.026923372763377057
NSF,1632348,K02,K02.1,4730,0.6187242137144392,0.026923372763377057
NSF,1632394,K04,K04.1|K04.3,7149,-0.3658117015277985,-0.24084697551781084
NSF,1632445,K02,K02.1,7737,0.2070567334887578,-0.16627211671913894
NSF,1632494,K03,K03.3,4488,0.12946200303511018,0.15016271778002438
NSF,1632540,K05,K05.1,3486,-0.1676612173297451,-0.08005704976932121
NSF,1632572,K02,K02.1,3830,0.1869570363716318,-0.3474631352033998
NSF,1632711,K04,K04.1|K04.3,7385,-0.3759454927777534,-0.26782570167597974
NSF,1632734,K05,K05.1,6760,-0.20623411773719244,-0.11070811855207804
NSF,1632798,K01,K01.1|K01.2,344,-0.00787522446842294,0.3586836931606622
NSF,1632945,K04,K04.1|K04.2|K04.3,2965,-0.294171483140718,-0.14949583686015158
NSF,1632963,K04,K04.1|K04.3,2423,-0.37793124080228524,-0.18846685231002389
NSF,1632974,K01,K01.1|K01.2,4254,-0.19395127291738656,0.14674133338512096
NSF,1633013,K01,K01.1,3161,-0.1940034364703846,-0.03346743466056987
NSF,1633082,K02,K02.2,2993,-0.09473187447128155,-0.03322049068270669
NSF,1633338,K04,K04.1|K04.3,2629,-0.4158212989734874,-0.2500874480152847
NSF,1633363,K04,K04.1|K04.3,2629,-0.4158212989734874,-0.2500874480152847
NSF,1633880,K02,K02.1,5129,0.3052624558019142,-0.1287923270016987
NSF,1633948,K01,K01.1|K01.2,4773,0.15622608050712816,0.23532941165077595
NSF,1633951,K02,K02.1,197,0.5042867362441696,0.017116308108276218
NSF,1633970,K04,K04.1|K04.3,1850,-0.3960626365714658,-0.11731645457191614
NSF,1634002,K01,K01.1,5042,0.10881848015168362,0.37081531265312406
NSF,1634070,K03,K03.1,4664,0.13476753257088286,0.16905418856083845
NSF,1634077,K02,K02.1|K02.2,516,0.17896125324059947,-0.00910556111991366
NSF,1634136,K04,K04.1|K04.3,5680,-0.3777515791892348,-0.0627551743822722
NSF,1634140,K02,K02.1,8296,0.19176620362992602,-0.1614185633858689
NSF,1634163,K03,K03.1|K03.2,1082,0.1681010992100298,0.27137859781022855
NSF,1634167,K02,K02.1|K02.2,5098,0.248230260209164,-0.07791426925336639
NSF,1634168,K02,K02.1,4830,0.45716407425313366,-0.022183554099181893
NSF,1634172,K01,K01.1,5042,0.10881848015168362,0.37081531265312406
NSF,1634204,K04,K04.1,1405,-0.3573494136713997,-0.09074759276138902
NSF,1634291,K03,K03.3,1845,-0.259815751702533,0.03268356673576315
NSF,1634319,K02,K02.1,3386,0.24391412179552197,-0.10738919550582028
NSF,1634480,K02,K02.1,4402,0.47356227317865784,0.014196599581534214
NSF,1634493,K04,K04.1|K04.3,6728,-0.4128109446103683,-0.27049313837943734
NSF,1634520,K01,K01.1,3274,-0.12869089260212518,0.14843745366666602
NSF,1634559,K01,K01.1,5042,0.10881848015168362,0.37081531265312406
NSF,1634582,K01,K01.1,3274,-0.12869089260212518,0.14843745366666602
NSF,1634628,K04,K04.1,1405,-0.3573494136713997,-0.09074759276138902
NSF,1634641,K05,K05.1,2062,-0.19981314521473081,0.13731454046655103
NSF,1634694,K02,K02.1,2561,0.07432103476304223,-0.24876815727287974
NSF,1634738,K02,K02.1,2485,0.09219625020559073,-0.14488310660360787
NSF,1634748,K03,K03.1|K03.3,2268,-0.16204494381165507,0.07821484512821134
NSF,1634764,K01,K01.1,4328,0.13008176117903109,0.5103542048892726
NSF,1634857,K04,K04.3,3332,-0.16894247478278474,-0.24997118866039106
NSF,1634871,K04,K04.1|K04.3,958,-0.20022507072895177,0.06002499251477929
NSF,1634919,K01,K01.2,2644,-0.2011181862385053,0.08773928108473164
NSF,1634973,K05,K05.1|K05.2,2176,-0.14492164729322526,0.0466290218322203
NSF,1634975,K05,K05.1,519,-0.15426654466297332,0.06879217671708632
NSF,1634996,K02,K02.1|K02.2,636,0.3574187489189927,0.05326903628557847
NSF,1635026,K04,K04.1|K04.3,3464,-0.3721093785412236,-0.44977330753189215
NSF,1635040,K04,K04.2,2302,-0.24628878591024778,-0.03880678897374044
NSF,1635043,K03,K03.3,1845,-0.259815751702533,0.03268356673576315
NSF,1635106,K04,K04.3,6420,-0.32636395054438516,-0.15720699340169522
NSF,1635115,K03,K03.3,522,-0.2017545488628963,0.06269914564628809
NSF,1635137,K03,K03.1,1230,-0.21698803476014944,0.08255631773246605
NSF,1635151,K02,K02.1,286,0.27640640539269246,-0.022802867355518827
NSF,1635156,K04,K04.1,1405,-0.3573494136713997,-0.09074759276138902
NSF,1635219,K01,K01.1,5042,0.10881848015168362,0.37081531265312406
NSF,1635227,K04,K04.1,1405,-0.3573494136713997,-0.09074759276138902
NSF,1635233,K04,K04.1|K04.3,3986,-0.37802917708474565,-0.2656846043401626
NSF,1635307,K04,K04.2,2302,-0.24628878591024778,-0.03880678897374044
NSF,1635315,K01,K01.1|K01.2,4334,0.26211481358220073,0.4378783236543995
NSF,1635339,K05,K05.1,6483,-0.23195940897376288,-0.07836338420806369
NSF,1635363,K04,K04.1,1405,-0.3573494136713997,-0.09074759276138902
NSF,1635378,K03,K03.3,1233,-0.20196816752494157,0.22574207379683237
NSF,1635381,K02,K02.1,1331,0.16991768847564376,-0.052213117756423344
NSF,1635398,K03,K03.3,1796,-0.10212322105921354,0.16824391575582529
NSF,1635403,K02,K02.1,197,0.5042867362441696,0.017116308108276218
NSF,1635472,K05,K05.1,6483,-0.23195940897376288,-0.07836338420806369
NSF,1635490,K03,K03.2|K03.3,169,-0.03305801090668728,0.21977743740245242
NSF,1635507,K02,K02.1,2358,0.14687379386829102,-0.1848555566700395
NSF,1635524,K04,K04.2,2302,-0.24628878591024778,-0.03880678897374044
NSF,1635569,K03,K03.3,2539,-0.22529450176439392,0.037405054671987195
NSF,1635638,K04,K04.1|K04.2,1020,-0.19804994687751676,0.008159200730237126
NSF,1635686,K04,K04.1|K04.2,1020,-0.19804994687751676,0.008159200730237126
NSF,1635716,K02,K02.1|K02.2,4576,0.35407209300228426,0.015445163034889756
NSF,1635717,K04,K04.1|K04.3,2565,-0.3571208447572046,-0.176934448083744
NSF,1635784,K03,K03.3,522,-0.2017545488628963,0.06269914564628809
NSF,1635797,K03,K03.1|K03.3,2268,-0.16204494381165507,0.07821484512821134
NSF,1635798,K02,K02.1|K02.2,4778,0.4116684318557424,-0.13699162976246396
NSF,1635813,K04,K04.1|K04.3,2565,-0.3571208447572046,-0.176934448083744
NSF,1635837,K02,K02.1,291,0.32690900861877004,0.027477440406235107
NSF,1635878,K02,K02.1,7119,0.08533141950408364,-0.2769039161740252
NSF,1635881,K05,K05.1,3401,-0.20076184463026067,-0.18498009826712722
NSF,1635885,K04,K04.1|K04.2,2012,-0.21145725846330948,0.03227798849717993
NSF,1635913,K02,K02.1|K02.2,4778,0.4116684318557424,-0.13699162976246396
NSF,1635915,K02,K02.1,5142,0.4119024732518384,-0.11794550876822074
NSF,1635943,K02,K02.1,2010,0.1805723155177174,-0.0818833832096185
NSF,1635950,K02,K02.1|K02.2,4809,0.4496195624700531,-0.003457842689595772
NSF,1635989,K02,K02.1,4748,0.4969034240911522,0.004810969646890151
NSF,1636039,K04,K04.1|K04.3,2272,-0.3971002429736755,-0.1267496158896668
NSF,1636052,K02,K02.1,291,0.32690900861877004,0.027477440406235107
NSF,1636164,K04,K04.1,1405,-0.3573494136713997,-0.09074759276138902
NSF,1636191,K02,K02.1|K02.2,4451,0.3153920584785788,-0.03341808153942137
NSF,1636217,K05,K05.1,1519,-0.19139050858161272,0.17871273261747245
NSF,1636377,K02,K02.1,5630,0.09116503843344707,-0.2140770845534028
NSF,1636415,K02,K02.1,4949,0.4263944131861984,-0.03951862012827784
NSF,1636437,K02,K02.1,7907,0.2735450730833787,-0.10601743172403726
NSF,1636520,K02,K02.1,7804,0.24820000090980804,-0.12200736111009403
NSF,1636533,K02,K02.1,3836,0.19291486147587905,-0.21778362931267273
NSF,1636536,K02,K02.1,5432,0.20634462847815843,-0.1743478008794912
NSF,1636602,K01,K01.1,5695,-0.20475800232268598,0.16565712134205735
NSF,1636704,K04,K04.1|K04.2|K04.3,6331,-0.3907053795830118,-0.2509973892252
NSF,1636715,K02,K02.1|K02.2,1393,0.07368887597360206,-0.06787042635422383
NSF,1636740,K02,K02.1,833,0.47774234129114623,0.0619216587022684
NSF,1636744,K02,K02.1,833,0.47774234129114623,0.0619216587022684
NSF,1636754,K06,K06.2,2217,-0.10422010775153627,0.07162405501193395
NSF,1636770,K02,K02.1,6598,0.10535862589806973,-0.14839226622191784
NSF,1636772,K02,K02.1,6598,0.10535862589806973,-0.14839226622191784
NSF,1636783,K02,K02.1,6598,0.10535862589806973,-0.14839226622191784
NSF,1636805,K05,K05.1,2378,-0.1971836452930245,0.11611480970340483
NSF,1636848,K04,K04.1,5152,-0.14959781442945028,0.05394175031273744
NSF,1636859,K04,K04.1,5152,-0.14959781442945028,0.05394175031273744
NSF,1636872,K02,K02.1,4411,0.3769364194351032,-0.04289180987308655
NSF,1636876,K02,K02.1,5861,0.1523350864824899,-0.2089170501681702
NSF,1636879,K01,K01.1,2493,-0.21620186594877028,0.3107444423561858
NSF,1636915,K01,K01.1,5995,-0.20809131477694154,0.27447509666143943
NSF,1636916,K01,K01.1,2493,-0.21620186594877028,0.3107444423561858
NSF,1636936,K01,K01.1,2493,-0.21620186594877028,0.3107444423561858
NSF,1636942,K05,K05.2|K05.3,1709,-0.1755043730319876,0.22452423028408278
NSF,1637124,K01,K01.1,8066,-0.1901076213050612,0.3252546268304456
NSF,1637136,K01,K01.1,8066,-0.1901076213050612,0.3252546268304456
NSF,1637163,K02,K02.1,1386,0.08015909501751455,-0.17086842425728885
NSF,1637169,K02,K02.1,1386,0.08015909501751455,-0.17086842425728885
NSF,1637196,K02,K02.1,3364,0.2761132132301121,-0.32455891668678005
NSF,1637205,K05,K05.1,8100,-0.1267718097185056,0.10093267427773069
NSF,1637222,K04,K04.1|K04.3,6854,-0.35816898466646463,-0.16140866016751024
NSF,1637225,K01,K01.1|K01.2,350,-0.11360186095992739,0.4723926878327227
NSF,1637232,K04,K04.1,8281,-0.2763086752870882,0.015048546716901073
NSF,1637242,K05,K05.1,5500,-0.16045051340267813,0.15867666600958008
NSF,1637249,K04,K04.1|K04.3,6600,-0.3452401634720836,-0.16997416216276862
NSF,1637251,K04,K04.1|K04.3,3191,-0.3691702962748583,-0.2757152153449711
NSF,1637258,K04,K04.1|K04.3,6600,-0.3452401634720836,-0.16997416216276862
NSF,1637277,K01,K01.1|K01.2,13,-0.060977057758872716,0.44911006932948005
NSF,1637290,K04,K04.1,5960,-0.3123964415008835,-0.046744048145200945
NSF,1637320,K02,K02.1|K02.2,1174,0.2415501614961007,0.05939523848226973
NSF,1637334,K02,K02.1|K02.2,1174,0.2415501614961007,0.05939523848226973
NSF,1637340,K04,K04.1|K04.3,6888,-0.3966677184970517,-0.15888934311438005
NSF,1637343,K01,K01.1|K01.2,1636,-0.17107496789842364,0.32398640197233575
NSF,1637371,K04,K04.1|K04.3,2149,-0.393524103092864,0.03938045179653395
NSF,1637396,K03,K03.2,4873,0.18080059099031442,0.2774291818514586
NSF,1637450,K02,K02.1,897,0.3182619416028656,0.030114220734304295
NSF,1637548,K04,K04.3,5720,-0.27125626483531007,-0.12571661375399898
NSF,1637598,K04,K04.3,6439,-0.33517545489810635,-0.15370622051276492
NSF,1637604,K04,K04.1|K04.3,5719,-0.34744564428027114,-0.1545568497774981
NSF,1637630,K03,K03.2,4760,0.19228549321350275,0.2210821623201132
NSF,1637632,K02,K02.1,4343,0.5284086685900308,0.011622590703052493
NSF,1637772,K04,K04.1|K04.3,2490,-0.38086058836756437,-0.13212021370394245
NSF,1638137,K02,K02.1,1088,0.3204211946071,-0.09551493756438334
NSF,1638166,K04,K04.1|K04.3,1859,-0.40317252389112107,-0.12154750154279989
NSF,1638186,K02,K02.1,1799,0.1644605396758616,-0.08606158950958633
NSF,1638197,K04,K04.1|K04.3,2224,-0.37540564522336206,-0.2215060183317891
NSF,1638199,K05,K05.1,6581,-0.21653979966924103,0.01087245923155386
NSF,1638207,K04,K04.1|K04.3,2224,-0.37540564522336206,-0.2215060183317891
NSF,1638213,K04,K04.1|K04.3,2490,-0.38086058836756437,-0.13212021370394245
NSF,1638224,K05,K05.1,1801,-0.1944219125235164,0.1473974917158318
NSF,1638230,K02,K02.1,2123,0.1275624404910079,-0.14466968229758223
NSF,1638234,K04,K04.1|K04.3,2159,-0.36490408052347106,-0.08273001950162027
NSF,1638268,K05,K05.1|K05.2,2704,-0.1925339877662245,-0.08523630454441314
NSF,1638273,K05,K05.1,1801,-0.1944219125235164,0.1473974917158318
NSF,1638283,K04,K04.1|K04.3,510,-0.2578964626112973,0.01428848285012213
NSF,1638284,K05,K05.1,1801,-0.1944219125235164,0.1473974917158318
NSF,1638289,K02,K02.1,5106,0.356657175838753,-0.24064047950199016
NSF,1638296,K02,K02.1,5106,0.356657175838753,-0.24064047950199016
NSF,1638301,K05,K05.1,2675,-0.16500119271466918,0.08492062606066156
NSF,1638311,K02,K02.1,2220,0.1608293571567499,-0.03414854859761013
NSF,1638317,K02,K02.1,2220,0.1608293571567499,-0.03414854859761013
NSF,1638320,K05,K05.1,4093,-0.18418815993190318,0.052774741020188864
NSF,1638321,K03,K03.2|K03.3,2679,-0.19850478583545128,0.08646798919122806
NSF,1638327,K02,K02.1,2130,0.12767469511513996,-0.13848947645227808
NSF,1638331,K05,K05.1,6581,-0.21653979966924103,0.01087245923155386
NSF,1638334,K05,K05.1|K05.2,2704,-0.1925339877662245,-0.08523630454441314
NSF,1638336,K04,K04.1|K04.3,510,-0.2578964626112973,0.01428848285012213
NSF,1638346,K05,K05.1,1801,-0.1944219125235164,0.1473974917158318
NSF,1638348,K04,K04.1|K04.3,2490,-0.38086058836756437,-0.13212021370394245
NSF,1638355,K04,K04.1|K04.3,2490,-0.38086058836756437,-0.13212021370394245
NSF,1638384,K05,K05.1,4093,-0.18418815993190318,0.052774741020188864
NSF,1638402,K01,K01.1|K01.2,2839,-0.09472369782517087,0.3717519460893146
NSF,1638434,K01,K01.1,1474,-0.08128576816282129,0.35839278251434425
NSF,1638481,K02,K02.1,8068,0.2814395445799776,-0.10281623708107422
NSF,1638510,K01,K01.2,4741,0.17521893133239896,0.29356275004331334
NSF,1638543,K01,K01.1,2854,-0.16045294355986917,0.2753038219224353
NSF,1638804,K03,K03.1|K03.2,4735,0.23288136799944203,0.24149183249286718
NSF,1638834,K03,K03.1|K03.2,4735,0.23288136799944203,0.24149183249286718
NSF,1638898,K01,K01.1,1474,-0.08128576816282129,0.35839278251434425
NSF,1638931,K01,K01.1,1474,-0.08128576816282129,0.35839278251434425
NSF,1638958,K03,K03.1|K03.2,4735,0.23288136799944203,0.24149183249286718
NSF,1638979,K01,K01.1,1356,-0.12286788269359958,0.440648163642651
NSF,1639010,K01,K01.1,1474,-0.08128576816282129,0.35839278251434425
NSF,1639066,K01,K01.1|K01.2,4256,-0.19398089275814998,0.05659026053163059
NSF,1639115,K04,K04.1,4860,-0.24334879992893477,-0.08777598854060421
NSF,1639150,K01,K01.1|K01.2,3845,-0.07706910811061315,0.11181214208528986
NSF,1639214,K03,K03.1|K03.2,1124,-0.14244407757411184,0.09160510065611512
NSF,1639227,K05,K05.1,4270,-0.1743762341761621,0.0613171316110111
NSF,1639244,K04,K04.3,3723,-0.3070816833003191,-0.39000449517436553
NSF,1639266,K03,K03.2,6844,-0.20653237632845114,0.08213949562224693
NSF,1639268,K05,K05.1,708,-0.16681489873292488,0.07771539955795416
NSF,1639318,K03,K03.1,4196,-0.14160179991707006,-0.03851380158653314
NSF,1639327,K02,K02.1,3550,0.3338598259625791,-0.09282720851837992
NSF,1639342,K04,K04.1|K04.2,4238,-0.19852096645991724,-0.07991027861172315
NSF,1639391,K04,K04.2|K04.3,7250,-0.24871296973317225,-0.167306363133605
NSF,1639429,K04,K04.1|K04.3,4191,-0.3629436823923735,-0.22542788676992842
NSF,1639458,K05,K05.3,2529,-0.01631025728596386,0.0881603494904758
NSF,1639524,K04,K04.1|K04.2,4244,-0.2831387920856806,-0.22462093223601046
NSF,1639529,K01,K01.1,2717,-0.11451960773108742,0.45467784270893696
NSF,1639643,K01,K01.1,1474,-0.08128576816282129,0.35839278251434425
NSF,1639669,K03,K03.3,1399,-0.24535655822491342,0.04401970640756662
NSF,1639727,K03,K03.2,6413,-0.20635377757022458,0.04900749703031325
NSF,1639769,K03,K03.3,2277,-0.23126136601946,0.23512371678325497
NSF,1639835,K05,K05.1,3658,-0.0018200064165825453,-0.002215320110657948
NSF,1640226,K04,K04.1|K04.3,3399,-0.32176999942628975,-0.2561955344455603
NSF,1640308,K04,K04.1,5742,-0.2925310646524945,-0.11337706899838909
NSF,1640337,K02,K02.1,2861,0.20502882707838516,-0.17451691520571858
NSF,1640445,K04,K04.1|K04.3,4013,-0.36529125090418696,-0.287256416246377
NSF,1640452,K02,K02.1,1334,0.13686667384767148,0.014453759297270372
NSF,1640517,K04,K04.1|K04.3,7385,-0.3759454927777534,-0.26782570167597974
NSF,1640535,K01,K01.2,6517,-0.2731963198437983,-0.011279787202262907
NSF,1640587,K01,K01.1,5913,-0.2093079697996204,0.30430763200020583
NSF,1640593,K04,K04.1|K04.3,7028,-0.383669987256791,-0.26844099190437143
NSF,1640616,K01,K01.1,1378,-0.268466480434723,0.20977320348910947
NSF,1640625,K03,K03.3,1602,-0.20398847969180545,0.2942728394064381
NSF,1640634,K04,K04.1|K04.3,7306,-0.3698316293727671,-0.3583221453306984
NSF,1640687,K04,K04.1|K04.3,2382,-0.38324123196806026,-0.09201545274803322
NSF,1640693,K03,K03.2|K03.3,2367,-0.23045393055173413,0.1733544540857464
NSF,1640701,K04,K04.1|K04.3,7427,-0.3717645969328691,-0.0712215622773549
NSF,1640715,K04,K04.1|K04.3,6529,-0.4140911707345353,-0.21802474473886416
NSF,1640749,K04,K04.1,2938,-0.2666143466724208,-0.12270607141315829
NSF,1640753,K04,K04.1|K04.3,1411,-0.4175624003949723,-0.15662424670474545
NSF,1640797,K02,K02.1,1366,0.1331816552431474,-0.039860104618784725
NSF,1640894,K02,K02.1,1479,0.20990144937114485,0.00703850306889299
NSF,1640922,K02,K02.1,2299,0.12424783431195756,-0.12577048489923895
NSF,1640960,K01,K01.1|K01.2,283,-0.013675293422672194,0.42740961450281867
NSF,1641033,K04,K04.1|K04.3,6535,-0.40855817616859935,-0.21319507508693084
NSF,1641167,K02,K02.1,1265,0.13362706742191138,0.020249664098793127
NSF,1641960,K02,K02.1,3943,0.09658407083892455,-0.12935229247364752
NSF,1642016,K01,K01.1,7871,-0.15464943304449486,0.2059329599072246
NSF,1642252,K04,K04.1,5653,-0.3368803640941379,-0.1280401149425446
NSF,1642311,K02,K02.1|K02.2,4778,0.4116684318557424,-0.13699162976246396
NSF,1642315,K02,K02.1|K02.2,7946,0.048825216429576754,-0.005265128145133517
NSF,1642340,K04,K04.1|K04.3,6619,-0.40882892731237236,-0.27104012908192154
NSF,1642467,K05,K05.1,1041,0.008522221573542044,-0.02023391726709664
NSF,1642488,K02,K02.1,2396,0.0725126247851929,-0.24711363639126302
NSF,1642513,K01,K01.1|K01.2,3074,-0.16025335690278422,0.2971460080603586
NSF,1642847,K05,K05.1|K05.3,1171,-0.09478111865086125,0.07237193725227986
NSF,1643004,K04,K04.3,772,-0.11856551841480402,0.15571380489046668
NSF,1643025,K04,K04.1,2567,-0.31293599527568183,0.018544622787690493
NSF,1643118,K04,K04.1|K04.3,6620,-0.3948572356434713,-0.2623213205829654
NSF,1643175,K06,K06.2,5774,-0.1941834934013083,0.11693016807198534
NSF,1643187,K02,K02.1,201,0.42476436486719704,0.024996537038322802
NSF,1643217,K02,K02.1,2851,0.2871982211339921,-0.1683162565479919
NSF,1643327,K01,K01.1|K01.2,3477,-0.1794528919086133,0.08366617916113253
NSF,1643355,K02,K02.1,286,0.27640640539269246,-0.022802867355518827
NSF,1643391,K01,K01.1,3823,-0.10121812276810213,0.1614178000541248
NSF,1643394,K02,K02.1,286,0.27640640539269246,-0.022802867355518827
NSF,1643415,K01,K01.1|K01.2,3477,-0.1794528919086133,0.08366617916113253
NSF,1643484,K02,K02.1,293,0.29562752242221185,0.00124698706204103
NSF,1643486,K02,K02.1|K02.2,3308,0.27612124799054794,-0.273721197105529
NSF,1643493,K02,K02.1,293,0.29562752242221185,0.00124698706204103
NSF,1643761,K01,K01.1,211,-0.08446466929256385,0.36993926896391194
NSF,1643795,K01,K01.1,276,-0.007744875164566442,0.41683787665158967
NSF,1643851,K01,K01.1,4364,0.1661874537533914,0.40442196413335985
NSF,1643877,K01,K01.1,4364,0.1661874537533914,0.40442196413335985
NSF,1644209,K01,K01.1,4364,0.1661874537533914,0.40442196413335985
NSF,1644300,K02,K02.1,3258,0.16674874288545666,-0.3541414636397664
NSF,1644375,K02,K02.1,2823,0.2760763791878178,-0.11904100822473732
NSF,1644382,K02,K02.1,2823,0.2760763791878178,-0.11904100822473732
NSF,1644437,K05,K05.3,4005,-0.1507232308348545,-0.03177401395476157
NSF,1644572,K04,K04.1|K04.3,6303,-0.3864507237924067,-0.25045175982202483
NSF,1644595,K01,K01.1,3277,-0.07485046413287116,0.07005283253748087
NSF,1644619,K02,K02.1,4423,0.4567819783628826,-0.03384842138025869
NSF,1644624,K02,K02.1,4423,0.4567819783628826,-0.03384842138025869
NSF,1644650,K01,K01.1|K01.2,1254,-0.20695723461953086,0.4201818381953767
NSF,1644691,K01,K01.1,462,-0.05885457773700359,0.4111689564982285
NSF,1644815,K04,K04.2|K04.3,3669,-0.12665515211387562,-0.06426893049598367
NSF,1644874,K04,K04.1|K04.3,2455,-0.36200606166214666,-0.1429691338876186
NSF,1644877,K04,K04.1|K04.3,2391,-0.37473645357659474,-0.15783596702598804
NSF,1644884,K05,K05.1,4001,-0.17576974396164996,-0.05950725549001197
NSF,1644998,K02,K02.1,3107,0.23414730598820938,-0.0961390015225904
NSF,1645048,K01,K01.1,7550,-0.16617825739838749,0.1900883829937533
NSF,1645062,K02,K02.1,3107,0.23414730598820938,-0.0961390015225904
NSF,1645070,K01,K01.1,7550,-0.16617825739838749,0.1900883829937533
NSF,1645193,K04,K04.1|K04.3,2388,-0.31989554899706857,-0.10125598347700032
NSF,1645226,K01,K01.1,7647,-0.18680337888460682,0.30861759342540274
NSF,1645287,K04,K04.1,3073,-0.2521255451183532,-0.01738296328528758
NSF,1645386,K04,K04.1|K04.2,2111,-0.27497630677273904,0.08647394879909548
NSF,1645581,K04,K04.1|K04.3,7239,-0.33743983269515426,-0.31566315320013283
NSF,1645661,K01,K01.1,2381,-0.24729435441836994,0.24944957250998356
NSF,1645681,K04,K04.1|K04.3,5656,-0.3839443084071515,-0.16898434395006284
NSF,1645783,K01,K01.1|K01.2,2562,-0.2594811900836843,0.33732582132015165
NSF,1645786,K03,K03.3,175,-0.049655740137262344,0.20577252286685765
NSF,1645868,K05,K05.1|K05.3,360,-0.08308559425179111,0.16940838050926543
NSF,1646019,K04,K04.1|K04.3,6980,-0.3540912720940534,-0.17618624671749528
NSF,1646107,K01,K01.1,2381,-0.24729435441836994,0.24944957250998356
NSF,1646229,K04,K04.1|K04.3,6416,-0.3828392636586325,-0.19948062090627036
NSF,1646380,K01,K01.1|K01.2,1755,-0.2695625275976401,0.35115714408915877
NSF,1646395,K01,K01.1,2381,-0.24729435441836994,0.24944957250998356
NSF,1646408,K01,K01.1|K01.2,2915,-0.1708388960177178,0.3445365109481924
NSF,1646420,K01,K01.1|K01.2,2562,-0.2594811900836843,0.33732582132015165
NSF,1646501,K04,K04.1|K04.3,6826,-0.36450673272907974,-0.04151628871140803
NSF,1646543,K04,K04.1|K04.3,6854,-0.35816898466646463,-0.16140866016751024
NSF,1646612,K04,K04.1,6342,-0.33932541211243833,-0.16361617334059117
NSF,1646708,K03,K03.2|K03.3,3557,-0.04259061243005788,-0.004529583815963981
NSF,1646822,K01,K01.2,471,-0.014750101638997398,0.3461038362036316
NSF,1646912,K04,K04.1|K04.3,5787,-0.3363075500163384,-0.09819763004743207
NSF,1647015,K04,K04.1|K04.3,5787,-0.3363075500163384,-0.09819763004743207
NSF,1647095,K01,K01.1|K01.2,2564,-0.24947139715741884,0.2789536125383467
NSF,1647135,K04,K04.1|K04.3,2703,-0.3809407621813132,-0.18197329472707272
NSF,1647161,K04,K04.1|K04.3,5900,-0.3437930257543927,-0.07761289215853694
NSF,1647167,K04,K04.1|K04.3,5900,-0.3437930257543927,-0.07761289215853694
NSF,1647170,K04,K04.1|K04.3,5941,-0.3920892127078378,-0.033385047217642586
NSF,1647173,K02,K02.1,1198,0.26918448960416874,0.030117921047469826
NSF,1647175,K01,K01.1|K01.2,2383,-0.25222532452909746,0.28139881129842736
NSF,1647209,K04,K04.1|K04.3,2598,-0.4510449222271924,-0.13987063854375184
NSF,1647248,K04,K04.1,2116,-0.24916219118048843,-0.01866078742946281
NSF,1647361,K04,K04.1|K04.3,6311,-0.3713812893129581,-0.20653847374438455
NSF,1647380,K01,K01.1|K01.2,5696,-0.19830314682390213,0.20730235022863785
NSF,1647517,K01,K01.1|K01.2,5696,-0.19830314682390213,0.20730235022863785
NSF,1647557,K05,K05.1,3998,-0.21890530336522782,-0.10127602104550537
NSF,1647632,K04,K04.1|K04.3,3204,-0.3460830646114978,-0.43947226022334485
NSF,1647650,K04,K04.1|K04.3,2415,-0.39921292357153915,-0.20464730013320123
NSF,1647868,K04,K04.1,6268,-0.2972445614991923,-0.1803769551820197
NSF,1648007,K04,K04.3,6834,-0.32403043254083747,-0.18005060511049262
NSF,1648092,K04,K04.1|K04.3,6737,-0.4120037350074705,-0.2638680343510792
NSF,1648144,K01,K01.1,5325,-0.11076114509573365,0.3770298029040281
NSF,1648402,K04,K04.1,7698,-0.2387505966485468,-0.13062805089525892
NSF,1648517,K04,K04.1|K04.3,6683,-0.4011106444347233,-0.2585398059770828
NSF,1648595,K03,K03.3,1648,-0.22222443858735363,0.17756291255249293
NSF,1648629,K02,K02.1,1212,0.1499619500589227,0.008184916343008164
NSF,1648634,K02,K02.1|K02.2,3311,0.20183080095693579,-0.30004475596029256
NSF,1648664,K04,K04.3,5712,-0.24833019251526356,-0.09541024048502834
NSF,1648667,K02,K02.1,7321,0.18018382025728996,-0.20621921092180265
NSF,1648681,K02,K02.1,1212,0.1499619500589227,0.008184916343008164
NSF,1648700,K04,K04.1|K04.3,3986,-0.37802917708474565,-0.2656846043401626
NSF,1648703,K04,K04.3,5712,-0.24833019251526356,-0.09541024048502834
NSF,1648756,K04,K04.1|K04.3,3115,-0.32202620434872853,-0.03171007957341631
NSF,1648771,K04,K04.3,3262,-0.24848750877812542,-0.28085911054483115
NSF,1648772,K02,K02.1|K02.2,3311,0.20183080095693579,-0.30004475596029256
NSF,1648889,K04,K04.1|K04.3,7201,-0.3800418288001205,-0.3616134140746027
NSF,1648969,K04,K04.1|K04.3,5804,-0.38382203574280466,-0.0536642284557345
NSF,1649189,K02,K02.1|K02.2,5624,0.07003130590359889,-0.1654569112505861
NSF,1649212,K02,K02.1,7490,0.21813353272868002,-0.19532646393802885
NSF,1649510,K05,K05.3,4213,-0.14598596568563074,-0.003234451803877679
NSF,1649528,K05,K05.1,7437,-0.1422770992920298,0.0036433964425854476
NSF,1649919,K05,K05.2|K05.3,7922,-0.09741304588571544,0.02878836884530167
NSF,1650037,K02,K02.1|K02.2,845,0.3786556412426493,0.08594060991733596
NSF,1650055,K03,K03.3,1292,-0.1465340434079498,0.19555160956202633
NSF,1650098,K01,K01.1|K01.2,3451,-0.22010995091757313,-0.06908319761118041
NSF,1650170,K01,K01.1|K01.2,2353,-0.2550455029811775,0.16232802408274064
NSF,1650228,K05,K05.1,8194,-0.14578401319220796,-0.01305018495111799
NSF,1650278,K04,K04.1,3184,-0.3337400148111088,-0.40560956612107824
NSF,1650357,K01,K01.1,1473,-0.050004281966263095,0.3846232358585384
NSF,1650470,K04,K04.1|K04.3,6426,-0.424547195817832,-0.24936430825220238
NSF,1650483,K04,K04.1|K04.2|K04.3,6988,-0.3728271133506564,-0.235624867541097
NSF,1650544,K04,K04.1|K04.3,6489,-0.4213387722760547,-0.21064659260170995
NSF,1650564,K04,K04.1|K04.3,6997,-0.37243963260516055,-0.15027421870908636
NSF,1650585,K02,K02.1,1446,0.09484601407128192,0.012275050379696784
NSF,1650668,K01,K01.1,5359,-0.059748183815266025,0.30488292133840067
NSF,1650671,K01,K01.1,4231,-0.24534746248839157,0.11316590140687013
NSF,1650692,K01,K01.1,5359,-0.059748183815266025,0.30488292133840067
NSF,1650952,K01,K01.2,7337,-0.15702572911457005,-0.02966165247412947
NSF,1651532,K04,K04.1|K04.3,2063,-0.3620681360416159,0.0195205226762368
NSF,1651536,K02,K02.1,4248,0.15782280674561983,-0.26666714839103245
NSF,1652274,K02,K02.1,330,0.4183061548673749,0.0714930479578072
NSF,1652289,K02,K02.1,501,0.15140715046489117,0.0031258498486455566
NSF,1652293,K02,K02.1,3299,0.2374648877355251,-0.3699927968068203
NSF,1652320,K02,K02.1|K02.2,4601,0.41125905766931437,-0.023199916495014086
NSF,1652448,K03,K03.1|K03.3,509,-0.23730375877160942,0.051817120043580085
NSF,1652525,K01,K01.2,2978,-0.16841203010382816,0.17139097891928717
NSF,1652619,K02,K02.1,7626,0.17079714722475065,-0.2912609125182106
NSF,1652628,K04,K04.1|K04.3,539,-0.024253932359043967,-0.05861709791907019
NSF,1652696,K06,K06.2,6861,-0.17811718360696882,-0.04790676411721716
NSF,1652735,K04,K04.1|K04.3,5586,-0.3407591325202939,-0.10875809814573734
NSF,1653054,K05,K05.3,6882,-0.1701594939544872,0.05856660223165747
NSF,1653092,K02,K02.1,3704,0.16071197913571622,-0.37001199824543385
NSF,1653179,K04,K04.1|K04.3,2597,-0.40402655220129835,-0.17895360619969453
NSF,1653191,K01,K01.1|K01.2,6200,-0.07145238407720564,0.22723859915483177
NSF,1653226,K01,K01.1|K01.2,7591,-0.24723639048295015,0.06530408674182295
NSF,1653356,K01,K01.1|K01.2,3790,-0.22623621964664903,0.042578481365524085
NSF,1653527,K04,K04.2|K04.3,2877,-0.19794245464756238,-0.07708293391070639
NSF,1653679,K04,K04.1|K04.3,3237,-0.3680660329435637,-0.46812560703481076
NSF,1653706,K01,K01.1|K01.2,2702,-0.2923308153125015,0.25530140005405433
NSF,1653716,K04,K04.3,2376,-0.29665319081976577,-0.1124510728227977
NSF,1653726,K01,K01.1|K01.2,3400,-0.229869259058194,0.0026480815474613922
NSF,1653772,K02,K02.1|K02.2,6841,0.04781316562595579,-0.08057947720468295
NSF,1653841,K02,K02.1,3853,0.2583589810945785,-0.06410177164972976
NSF,1653922,K04,K04.1|K04.3,6486,-0.3829305398147615,-0.08347702158846584
NSF,1653931,K02,K02.1,3566,0.13825469581222954,-0.3990327461750217
NSF,1653998,K02,K02.1,3506,0.2334928091825223,-0.25327698746909677
NSF,1654009,K02,K02.1,3751,0.12001357722508334,-0.33835951180123425
NSF,1654063,K01,K01.2,6046,-0.13188863187522465,0.11444396202922699
NSF,1654194,K02,K02.1,1043,0.24537175216491458,-0.20329952299382664
NSF,1654232,K02,K02.1,4496,0.46351981466154213,-0.07785474769248171
NSF,1654374,K03,K03.2,936,0.05130362079020977,0.25608044825900456
NSF,1654462,K01,K01.1|K01.2,4651,0.08519288396736312,0.35942223038616705
NSF,1654642,K02,K02.1,3296,0.34392646184248676,-0.32397060166479064
NSF,1654903,K01,K01.1|K01.2,2201,-0.15677289774681036,0.23796356363511062
NSF,1654958,K02,K02.1,3798,0.12674726522513718,-0.35805743193629447
NSF,1654978,K05,K05.1,4094,-0.1432686450477182,0.01601695753227452
NSF,1655192,K05,K05.3,8286,-0.10848147930088943,0.020911199307234698
NSF,1655451,K01,K01.1,3707,-0.23885001152066182,0.16776976527367013
NSF,1655686,K02,K02.1,4688,0.3885575345127965,-0.05982708772673487
NSF,1655884,K02,K02.1,4614,0.3340873640906894,-0.08623219815470799
NSF,1656026,K02,K02.1,4349,0.5231767442466704,0.045826378487862585
NSF,1656070,K02,K02.1,4349,0.5231767442466704,0.045826378487862585
NSF,1656180,K02,K02.1,7868,0.24240923381618246,-0.17169067236208052
NSF,1656298,K01,K01.1|K01.2,1504,-0.23547235604447847,0.4035021457882134
NSF,1656401,K01,K01.1|K01.2,1364,-0.13265449435236626,0.3482963660220898
NSF,1656413,K01,K01.1|K01.2,1504,-0.23547235604447847,0.4035021457882134
NSF,1656471,K04,K04.3,6449,-0.32087326585844433,-0.07193863383916752
NSF,1656493,K02,K02.1|K02.2,8164,0.13673998245272223,-0.12382967668942543
NSF,1656873,K02,K02.1,5715,0.14286918338346943,-0.2158856522459119
NSF,1656889,K02,K02.1,2822,0.23832118719829876,-0.06093093505472694
NSF,1656923,K02,K02.1|K02.2,5067,0.37110624975873474,-0.013389043051488109
NSF,1656950,K01,K01.2,6131,-0.12166320362275525,0.11708296368178925
NSF,1656983,K04,K04.1,6536,-0.3645554097988,-0.21673188146008085
NSF,1656997,K02,K02.1,7808,0.20498007232998444,-0.16373732319682546
NSF,1657024,K04,K04.1|K04.3,6539,-0.39567078726920807,-0.2009113772477932
NSF,1657164,K02,K02.1,7752,0.1777108861562735,-0.19806061394014826
NSF,1657209,K02,K02.1,924,0.40306011543564635,0.060160660023083276
NSF,1657315,K04,K04.1|K04.3,5768,-0.3469455592291925,-0.0763946198645865
NSF,1657350,K04,K04.1|K04.3,5721,-0.31818004866498456,-0.16898233619854341
NSF,1657569,K02,K02.1|K02.2,1949,0.36079988638451765,0.00047344825577178007
NSF,1657670,K02,K02.1,7964,0.2058182312036616,-0.15906730691250842
NSF,1657725,K01,K01.1,3205,-0.2321191553938734,-0.12666058177679404
NSF,1657727,K01,K01.1,5277,-0.014281713182655267,0.2920719793708587
NSF,1657739,K01,K01.1,4995,-0.010175825467656038,0.27074174206153123
NSF,1657742,K02,K02.1,7865,0.2714469213372069,-0.11922443390250051
NSF,1657773,K02,K02.1,8155,0.22914746237288552,-0.1436621260465199
NSF,1657887,K01,K01.1|K01.2,4806,0.09315274848371348,0.3267902901316929
NSF,1657938,K02,K02.1,2333,0.20043426956610733,-0.03606431201365943
NSF,1657958,K02,K02.1|K02.2,4351,0.45537153039473155,0.09607578304712422
NSF,1657992,K02,K02.1,4785,0.4988437379230306,-0.0819804165282691
NSF,1658017,K02,K02.1,985,0.3031638179616028,-0.08191142365948853
NSF,1658023,K02,K02.1,985,0.3031638179616028,-0.08191142365948853
NSF,1658042,K01,K01.1|K01.2,825,0.06240988680377545,0.47362953625456106
NSF,1658190,K01,K01.1,1501,-0.1398193523055117,0.3439934711251229
NSF,1658209,K02,K02.2,4794,0.06599224270559777,0.08932433889186198
NSF,1658225,K04,K04.1|K04.3,5811,-0.3958247888918786,-0.05576412074780082
NSF,1658261,K02,K02.1,7859,0.2539441134676195,-0.1263597928564154
NSF,1658306,K01,K01.1|K01.2,6720,-0.26931981749908923,0.2757959182402768
NSF,1658321,K02,K02.1,4349,0.5231767442466704,0.04582637848786257
NSF,1658377,K02,K02.1,4349,0.5231767442466704,0.045826378487862585
NSF,1658392,K01,K01.1|K01.2,825,0.06240988680377545,0.47362953625456106
NSF,1658421,K02,K02.1,938,0.21709329068895622,-0.0573488296054135
NSF,1658436,K01,K01.1|K01.2,825,0.06240988680377545,0.47362953625456106
NSF,1658469,K02,K02.1,7820,0.23044607285374574,-0.15645501785512067
NSF,1658486,K02,K02.1,7962,0.24394786986296418,-0.1267956257409279
NSF,1658541,K03,K03.1|K03.2,4355,0.22256774416849706,0.2726185256574133
NSF,1658550,K03,K03.1|K03.2,4355,0.22256774416849706,0.2726185256574133
NSF,1658585,K02,K02.1,4842,0.30117326335170574,-0.17239549374218968
NSF,1658642,K05,K05.1,3450,-0.1581958202338829,-0.16687334939146206
NSF,1658766,K01,K01.1,7780,-0.11377450205433703,0.24044176503204948
NSF,1658827,K02,K02.1|K02.2,5614,0.07109994926200573,-0.1962703771267364
NSF,1658838,K02,K02.1,8028,0.21504409234086574,-0.16268293112612509
NSF,1658875,K02,K02.1,8028,0.21504409234086574,-0.16268293112612509
NSF,1658901,K02,K02.1,4574,0.4218773068542231,-0.03480424152437188
NSF,1658960,K02,K02.1,8045,0.20463226801802348,-0.14410318880607118
NSF,1658962,K02,K02.1,8045,0.20463226801802348,-0.14410318880607118
NSF,1659038,K04,K04.1|K04.3,6852,-0.3699568148900646,-0.045772237420454435
NSF,1659135,K04,K04.1|K04.3,3448,-0.3732136418725182,-0.2573629158420525
NSF,1659229,K04,K04.1|K04.3,2360,-0.4121826963522221,-0.2233599724612995
NSF,1659468,K04,K04.1,6664,-0.3658827191702432,-0.23189763184166842
NSF,1659543,K01,K01.2,934,-0.001813328743964976,0.29944506246622693
NSF,1659754,K01,K01.1,494,-0.09540330466126554,0.3744417396840287
NSF,1659791,K02,K02.1,3304,0.2512588717637745,-0.3265899811186753
NSF,1659848,K02,K02.1,4126,0.5015420503984359,0.02137917308777977
NSF,1659882,K04,K04.1,6533,-0.3148409627948829,-0.13178181348841236
NSF,1660049,K02,K02.1,246,0.15910617940783273,0.004419283930051476
NSF,1660096,K01,K01.1|K01.2,2362,-0.25461394119674224,0.32638187701000476
NSF,1660116,K04,K04.3,3243,-0.32556241149821746,-0.4345707880291918
NSF,1660215,K04,K04.1|K04.3,3463,-0.38608107021012467,-0.4584921160308484
NSF,1660230,K02,K02.1|K02.2,2734,0.3629081909984988,0.07627178003551396
NSF,1660233,K04,K04.3,3333,-0.20816245703756814,-0.1507539440867756
NSF,1660244,K03,K03.2,299,-0.04514102188310987,0.25716148339496214
NSF,1660247,K04,K04.2|K04.3,6355,-0.3222646555348457,-0.189290084283962
NSF,1660263,K04,K04.1|K04.3,7041,-0.3592643395618606,-0.07047962242126135
NSF,1660323,K02,K02.1,7789,0.21280762522697344,-0.16396097647096294
NSF,1660412,K02,K02.1,6958,0.22647993585247284,-0.14173677491633677
NSF,1660432,K01,K01.1|K01.2,244,-0.10672997018768093,0.39257575457092597
NSF,1660447,K03,K03.3,359,-0.1179722568579207,0.23610874282739966
NSF,1660449,K05,K05.1,8194,-0.14578401319220796,-0.01305018495111799
NSF,1660450,K02,K02.1|K02.2,1566,0.11274701704446553,-0.07250920919703967
NSF,1660459,K01,K01.1,4553,0.15491859361581406,0.3795915105090386
NSF,1660481,K02,K02.1|K02.2,4944,0.21712402547474635,-0.07681967386545255
NSF,1660490,K01,K01.1|K01.2,4129,-0.01150784330616833,0.2988278451223939
NSF,1660502,K03,K03.1,2027,-0.18285883983467172,0.25763777443152114
NSF,1660503,K01,K01.1|K01.2,4477,-0.003722796830648578,0.31610854975405034
NSF,1660514,K02,K02.1,6310,0.20057572035019383,-0.13253224175995856
NSF,1660520,K05,K05.1,8194,-0.14578401319220796,-0.01305018495111799
NSF,1660538,K02,K02.1,831,0.40299418884521765,0.07369736215797752
NSF,1660604,K02,K02.1,935,0.27385734640023257,0.04994781218169572
NSF,1660609,K02,K02.1,831,0.40299418884521765,0.07369736215797752
NSF,1660916,K05,K05.1,8194,-0.14578401319220796,-0.01305018495111799
NSF,1661015,K03,K03.1|K03.3,1343,-0.22863602717556947,0.10420246568286681
NSF,1661038,K02,K02.1,6986,0.09028020203975261,-0.28657670173004013
NSF,1661052,K03,K03.1|K03.3,1343,-0.22863602717556947,0.10420246568286681
NSF,1661315,K03,K03.1|K03.3,1343,-0.22863602717556947,0.10420246568286681
NSF,1661621,K04,K04.3,2290,-0.28799306218822984,0.008647777921077557
NSF,1661683,K02,K02.1,5142,0.4119024732518384,-0.11794550876822074
NSF,1661723,K02,K02.1,4294,0.5801852655707379,0.042356675866510415
NSF,1661799,K02,K02.1,1265,0.13362706742191138,0.020249664098793127
NSF,1661861,K01,K01.1|K01.2,910,0.02129340705725767,0.36078982693643225
NSF,1661862,K02,K02.1,1265,0.13362706742191138,0.020249664098793127
NSF,1662485,K03,K03.1|K03.2,6899,-0.16032070180303115,0.0021451111838453364
NSF,1662553,K03,K03.1|K03.3,6390,-0.0640248089444672,0.08581313948736567
NSF,1662589,K04,K04.1|K04.3,6397,-0.37886589406039484,-0.15802887823858155
NSF,1662655,K04,K04.1|K04.3,2289,-0.3885744929979947,-0.07534325548648667
NSF,1662691,K03,K03.1|K03.3,6390,-0.0640248089444672,0.08581313948736567
NSF,1662692,K04,K04.3,5659,-0.3242823924815717,-0.04823552705458428
NSF,1662774,K04,K04.1|K04.3,6397,-0.37886589406039484,-0.15802887823858155
NSF,1662963,K02,K02.1,1386,0.08015909501751455,-0.17086842425728885
NSF,1662968,K04,K04.3,5659,-0.3242823924815717,-0.04823552705458428
NSF,1663044,K03,K03.1|K03.3,6390,-0.0640248089444672,0.08581313948736567
NSF,1663063,K02,K02.1,1386,0.08015909501751455,-0.17086842425728885
NSF,1663108,K02,K02.1,618,0.35924344646865614,0.04543631483491446
NSF,1663133,K05,K05.1,3826,-0.1305317778603074,-0.04119862991790713
NSF,1663264,K02,K02.1|K02.2,1700,0.08073326443633326,0.05917353070694313
NSF,1663288,K03,K03.3,2300,-0.24085204636104984,0.009635699823970348
NSF,1663302,K04,K04.1|K04.3,6876,-0.38162435561868263,-0.20917204815094861
NSF,1663315,K02,K02.1,2003,0.18777633296522755,-0.08082340143272246
NSF,1663348,K02,K02.1,1384,0.06618740334861346,-0.17958723275624502
NSF,1663363,K02,K02.1,1227,0.09693938983328983,-0.12282340329549596
NSF,1663376,K04,K04.1|K04.3,1413,-0.3535597128803658,-0.06007048655889749
NSF,1663411,K04,K04.1|K04.3,2784,-0.2871835871511368,-0.13300549467495268
NSF,1663472,K02,K02.1,2003,0.18777633296522755,-0.08082340143272246
NSF,1663513,K04,K04.1|K04.2,6819,-0.31884080002102055,-0.030737191457721413
NSF,1663531,K02,K02.1,1422,0.10487592921661422,-0.16671840228287213
NSF,1663546,K03,K03.3,2300,-0.24085204636104984,0.009635699823970348
NSF,1663642,K02,K02.1|K02.2,1632,0.09364941308936835,-0.05149236249723012
NSF,1663654,K02,K02.1,1422,0.10487592921661422,-0.16671840228287213
NSF,1663657,K04,K04.1|K04.3,5655,-0.39501806020278885,-0.12172607680937697
NSF,1663693,K03,K03.1|K03.3,450,-0.16680104006467356,0.25901971370576615
NSF,1663769,K03,K03.1,1680,-0.18334533013927878,0.1803731275798491
NSF,1663807,K03,K03.1|K03.3,450,-0.16680104006467356,0.25901971370576615
NSF,1663827,K03,K03.1,1680,-0.18334533013927878,0.1803731275798491
NSF,1663834,K03,K03.1,1633,-0.17025005392802756,0.17410428462558694
NSF,1663840,K03,K03.3,1604,-0.17120892997456955,0.23383909069219463
NSF,1663859,K03,K03.3,1289,-0.17791689415161555,0.24385660326260475
NSF,1663882,K02,K02.1,4800,0.40675324088085063,-0.06588907982640753
NSF,1663938,K03,K03.3,1604,-0.17120892997456955,0.23383909069219463
NSF,1663947,K03,K03.3,1588,-0.15872782396035287,0.220722459348705
NSF,1663978,K03,K03.3,1588,-0.15872782396035287,0.220722459348705
NSF,1664013,K03,K03.1|K03.3,450,-0.16680104006467356,0.25901971370576615
NSF,1664021,K03,K03.2|K03.3,28,0.031154930427828284,0.1740330537386037
NSF,1664037,K03,K03.3,1603,-0.1813928703982523,0.2437224629800582
NSF,1664040,K03,K03.3,1603,-0.1813928703982523,0.2437224629800582
NSF,1664091,K03,K03.2|K03.3,28,0.031154930427828284,0.1740330537386037
NSF,1664173,K03,K03.1|K03.3,1571,-0.021792366134729235,0.2707001746286216
NSF,1664175,K03,K03.3,1668,-0.1276323385019239,0.23492182825885252
NSF,1664198,K04,K04.1,4105,-0.29917211344131805,-0.05163041165318635
NSF,1664203,K03,K03.1|K03.3,1395,-0.19585110038748998,0.10633435768930569
NSF,1664275,K03,K03.1,2670,-0.17773315079777202,0.11862495049187816
NSF,1664329,K01,K01.1,1362,-0.15277363794745824,0.2772903870418565
NSF,1664375,K04,K04.1|K04.3,3546,-0.3104964807296659,-0.2051257850443602
NSF,1664473,K01,K01.1,1503,-0.1848677260804441,0.2972288378393815
NSF,1664474,K01,K01.1,1503,-0.1848677260804441,0.2972288378393815
NSF,1664579,K01,K01.1,1503,-0.1848677260804441,0.2972288378393815
NSF,1664669,K04,K04.3,6669,-0.3564713503690094,-0.2305682333446115
NSF,1664710,K04,K04.3,6669,-0.3564713503690094,-0.2305682333446115
NSF,1664720,K03,K03.1,900,0.09305436112425595,0.2324370468055134
NSF,1664881,K03,K03.2,6843,-0.1943199027933522,-0.037879080159443336
NSF,1664968,K04,K04.1|K04.3,5965,-0.36264698862522954,-0.1661634665436226
NSF,1664983,K04,K04.1|K04.3,6307,-0.37223141821764916,-0.23356531897029928
NSF,1665028,K04,K04.1|K04.3,6307,-0.37223141821764916,-0.23356531897029928
NSF,1665086,K04,K04.1|K04.3,6307,-0.37223141821764916,-0.23356531897029928
NSF,1665169,K04,K04.1,7460,-0.2852527323336071,-0.008064305756852842
NSF,1665247,K02,K02.1,604,0.3061411531629292,-0.10381257407999175
NSF,1665279,K04,K04.1|K04.3,6362,-0.4087450931123269,-0.268935195993508
NSF,1665343,K01,K01.1|K01.2,3471,-0.22554373211839313,-0.024717981814863177
NSF,1665456,K01,K01.1,776,0.030852021974043756,0.5046295580681789
NSF,1665501,K06,K06.2,7724,-0.12608655582688297,0.07662397620282738
NSF,1665519,K02,K02.1,4023,0.21772581972199684,-0.18471307970969206
NSF,1700072,K04,K04.1|K04.3,3990,-0.3515667941067979,-0.12511897312369033
NSF,1700091,K04,K04.1|K04.3,6763,-0.4030087545059304,-0.2768530025251852
NSF,1700263,K04,K04.3,5712,-0.24833019251526356,-0.09541024048502834
NSF,1700482,K02,K02.1,6617,0.061771834020654434,-0.3189355400692593
NSF,1700517,K02,K02.1,4304,0.5006628941937653,0.050236904796557014
NSF,1700555,K02,K02.1,4304,0.5006628941937653,0.050236904796557014
NSF,1700604,K01,K01.1,3818,-0.19736315053871278,-0.03685438979780428
NSF,1700711,K01,K01.1|K01.2,7574,-0.15325920477035143,0.18197792022120426
NSF,1700722,K01,K01.1|K01.2,7574,-0.15325920477035143,0.18197792022120426
NSF,1700727,K02,K02.1,3910,0.1696312986527792,-0.22498150448900947
NSF,1700734,K02,K02.1,7772,0.24868141088991347,-0.12732404415469625
NSF,1700753,K03,K03.2|K03.3,6544,-0.23283701106741994,0.043422614572685266
NSF,1700775,K04,K04.1|K04.3,6338,-0.39656525984865343,-0.2127740268731365
NSF,1700805,K02,K02.1,2851,0.2871982211339921,-0.1683162565479919
NSF,1700848,K04,K04.1,3455,-0.3322263336308209,-0.4132256887694452
NSF,1700887,K04,K04.1|K04.3,2451,-0.3881410549367812,-0.19854350710381152
NSF,1700967,K04,K04.1,2146,-0.32208079141844714,0.1185472782206965
NSF,1700983,K02,K02.1,716,0.41651136843929404,0.11634835186535321
NSF,1701004,K04,K04.1|K04.3,2415,-0.39921292357153915,-0.20464730013320123
NSF,1701163,K04,K04.1|K04.3,6875,-0.37106511811655857,-0.21455463429283725
NSF,1701177,K02,K02.1,5533,0.20171819893691323,-0.17525176424842817
NSF,1701225,K02,K02.1,1617,0.13339069760103472,0.014319619014723825
NSF,1701413,K05,K05.1,7363,-0.1902847902186961,-0.06810328178865455
NSF,1701512,K04,K04.1|K04.3,3497,-0.37921901089917737,-0.35580640794215856
NSF,1701526,K02,K02.1|K02.2,2845,0.19302982339926494,-0.015092056804159731
NSF,1701641,K01,K01.2,3825,-0.19058684545800825,-0.0368471362349892
NSF,1701658,K04,K04.1|K04.3,3463,-0.38608107021012467,-0.4584921160308484
NSF,1701694,K04,K04.2,7359,-0.20842500794320745,-0.23020136363306534
NSF,1702060,K01,K01.1|K01.2,3166,-0.23915383698327375,0.07632154776427466
NSF,1702078,K01,K01.1|K01.2,3166,-0.23915383698327375,0.07632154776427466
NSF,1702184,K01,K01.1|K01.2,243,-0.15723257341375854,0.342295446809172
NSF,1702271,K02,K02.1,606,0.3206914366478887,-0.07966801202730359
NSF,1702273,K01,K01.1|K01.2,243,-0.15723257341375854,0.342295446809172
NSF,1702394,K04,K04.1|K04.3,3685,-0.418127063744077,-0.3912067419629427
NSF,1702445,K04,K04.1|K04.3,3236,-0.38203772461246477,-0.476844415533767
NSF,1702580,K02,K02.1,3941,0.09257158424828109,-0.31358001532750035
NSF,1702587,K01,K01.1,276,-0.007744875164566442,0.41683787665158967
NSF,1702591,K04,K04.3,6724,-0.3405229348567895,-0.1960869886490629
NSF,1702610,K01,K01.1|K01.2,3542,-0.15421417863013923,0.0035280973502417323
NSF,1702618,K05,K05.1,1913,-0.11873695579806452,0.15048401005743628
NSF,1702683,K02,K02.1,3004,0.1930946827084406,-0.20491253926521438
NSF,1702684,K01,K01.1,276,-0.007744875164566442,0.41683787665158967
NSF,1702704,K01,K01.1,3929,-0.14072605120493026,0.1976820638896179
NSF,1702740,K01,K01.1,276,-0.007744875164566442,0.41683787665158967
NSF,1702765,K02,K02.1|K02.2,7771,0.152633373869063,-0.12955997680881243
NSF,1702797,K01,K01.1,863,0.09470348894466955,0.3600830032187614
NSF,1702814,K02,K02.1,618,0.35924344646865614,0.04543631483491446
NSF,1702825,K02,K02.1,3941,0.09257158424828109,-0.31358001532750035
NSF,1702848,K02,K02.1,246,0.15910617940783273,0.004419283930051476
NSF,1702944,K04,K04.1|K04.3,6666,-0.41294666348325676,-0.2728418608491867
NSF,1702946,K02,K02.1,635,0.42522396277093155,0.003019631726316835
NSF,1702975,K01,K01.1,3877,0.0447650869536662,0.31603772747726566
NSF,1703009,K02,K02.1,606,0.3206914366478887,-0.07966801202730359
NSF,1703041,K02,K02.1,246,0.15910617940783273,0.004419283930051476
NSF,1703087,K02,K02.1,604,0.3061411531629292,-0.10381257407999175
NSF,1703089,K01,K01.1,3207,-0.20295528765919663,-0.09361062472025679
NSF,1703120,K02,K02.1,215,0.2071900099896406,-0.06939298598089395
NSF,1703141,K02,K02.1,635,0.42522396277093155,0.003019631726316835
NSF,1703229,K01,K01.1,6718,-0.1934115655940629,0.15930665542703792
NSF,1703412,K01,K01.1|K01.2,3770,-0.08633842002231984,0.08571996930751927
NSF,1703494,K04,K04.3,3243,-0.32556241149821746,-0.4345707880291918
NSF,1703548,K02,K02.1,2166,0.1692269671087388,-0.09226759054059583
NSF,1703662,K04,K04.1|K04.3,6666,-0.41294666348325676,-0.2728418608491867
NSF,1703663,K05,K05.1,4138,0.009840168440774746,0.17951280115022097
NSF,1703796,K01,K01.1|K01.2,3542,-0.15421417863013923,0.0035280973502417323
NSF,1704141,K02,K02.1,3008,0.07997157497048539,-0.31421792269919246
NSF,1704326,K02,K02.1,3170,0.10376849387780539,-0.485730397616978
NSF,1704469,K04,K04.1|K04.3,5916,-0.3302804143143783,-0.07431862661396323
NSF,1704472,K04,K04.1|K04.3,3404,-0.37557250476428544,-0.335970703905905
NSF,1704897,K04,K04.1|K04.3,6736,-0.3958963707182019,-0.26073247222527074
NSF,1704899,K04,K04.1|K04.3,5916,-0.3302804143143783,-0.07431862661396323
NSF,1704914,K04,K04.1|K04.3,5916,-0.3302804143143783,-0.07431862661396323
NSF,1704921,K04,K04.1|K04.3,3689,-0.4107766384249181,-0.33177220569698695
NSF,1704933,K04,K04.1|K04.3,6591,-0.42457655221372254,-0.2793283867564761
NSF,1704957,K01,K01.1|K01.2,7452,-0.1742344669163904,0.1831547903581255
NSF,1705048,K04,K04.1,3462,-0.32504543422821003,-0.4088290785243739
NSF,1705088,K04,K04.1|K04.3,3237,-0.3680660329435637,-0.46812560703481076
NSF,1705180,K04,K04.1|K04.3,6666,-0.41294666348325676,-0.2728418608491867
NSF,1705206,K02,K02.1,4258,0.1907640418821882,-0.24152161649269246
NSF,1705255,K04,K04.1|K04.3,3188,-0.3808039591241224,-0.4465537951285964
NSF,1705273,K02,K02.1|K02.2,6828,0.10706130999643253,-0.15070944155980018
NSF,1705278,K04,K04.1|K04.3,4097,-0.3728689897695658,-0.25346502295227613
NSF,1705284,K04,K04.1|K04.3,3986,-0.37802917708474565,-0.2656846043401626
NSF,1705331,K04,K04.1|K04.3,6666,-0.41294666348325676,-0.2728418608491867
NSF,1705346,K02,K02.1,3170,0.10376849387780539,-0.485730397616978
NSF,1705409,K04,K04.3,6670,-0.34249965870010834,-0.22184942484565537
NSF,1705440,K02,K02.1,6655,0.07162578951867109,-0.3120184633375682
NSF,1705606,K01,K01.1|K01.2,7452,-0.1742344669163904,0.1831547903581255
NSF,1705621,K04,K04.2|K04.3,7445,-0.2474674601080254,-0.04649609990050252
NSF,1705674,K04,K04.1|K04.3,3237,-0.3680660329435637,-0.46812560703481076
NSF,1705728,K02,K02.1,3219,0.13169859612413992,-0.48297106096561127
NSF,1705736,K05,K05.2,6613,-0.14315381054412468,-0.043204249152572594
NSF,1705804,K04,K04.1|K04.2,3186,-0.3022327717721225,-0.3802878344091357
NSF,1705813,K02,K02.2,3615,0.04800140657715453,-0.12316641119486618
NSF,1705823,K02,K02.1,4512,0.2843584696612497,-0.1277012873502471
NSF,1705864,K02,K02.1,7113,0.08823830764696398,-0.29786135104824685
NSF,1705901,K02,K02.1,3474,0.09099688954413963,-0.48065228318541187
NSF,1705924,K04,K04.3,7543,-0.07253208251800351,-0.150583713497352
NSF,1705941,K02,K02.1,4293,0.45719622794439496,0.08824306159646021
NSF,1705972,K01,K01.1,3142,-0.07390295533442376,0.24315074067788403
NSF,1706009,K01,K01.1,3142,-0.07390295533442376,0.24315074067788403
NSF,1706025,K04,K04.1|K04.3,3237,-0.3680660329435637,-0.46812560703481076
NSF,1706059,K04,K04.1|K04.3,3986,-0.37802917708474565,-0.2656846043401626
NSF,1706097,K01,K01.1,7401,-0.16550727550149374,0.16346658014548918
NSF,1706143,K03,K03.1,2520,-0.21473281795753976,-0.07815927190362593
NSF,1706154,K02,K02.2,4251,-0.0792631707969151,-0.09492140438701402
NSF,1706228,K05,K05.2,6613,-0.14315381054412468,-0.043204249152572594
NSF,1706290,K02,K02.1,4010,0.09133781875993878,-0.34387063573267085
NSF,1706343,K04,K04.1|K04.3,3696,-0.3572580875101236,-0.29827341151837605
NSF,1706358,K02,K02.1,6654,0.057654097849770033,-0.32073727183652445
NSF,1706416,K06,K06.2,3335,-0.08694206621074124,-0.21237293136582797
NSF,1706489,K04,K04.1|K04.3,3563,-0.37032516049634845,-0.2478027647923263
NSF,1706552,K02,K02.1,3221,0.14558630244550008,-0.45865265575450254
NSF,1706575,K02,K02.2,3571,-0.09311928733880434,-0.1521582384553923
NSF,1706612,K02,K02.1,3296,0.34392646184248676,-0.32397060166479064
NSF,1706695,K03,K03.1|K03.2,5846,-0.11668311095855047,0.06765532743080309
NSF,1706726,K04,K04.3,3247,-0.28242685209463964,-0.39280202247369833
NSF,1706733,K02,K02.1,7653,0.12587087861918023,-0.2781274827536365
NSF,1706797,K04,K04.1,3917,-0.33103649981638916,-0.32310388516744926
NSF,1706819,K04,K04.1|K04.3,3719,-0.3900788155749593,-0.46883031607946235
NSF,1706862,K02,K02.1,4258,0.1907640418821882,-0.24152161649269246
NSF,1706889,K02,K02.1,3406,0.09379449108039901,-0.41415673529841324
NSF,1706905,K04,K04.1,7373,-0.3224756170881594,-0.29950973867049224
NSF,1706938,K02,K02.1,286,0.27640640539269246,-0.022802867355518827
NSF,1706939,K03,K03.1|K03.2,5846,-0.11668311095855047,0.06765532743080309
NSF,1706956,K02,K02.1,4010,0.09133781875993878,-0.34387063573267085
NSF,1707008,K04,K04.1|K04.3,6666,-0.41294666348325676,-0.2728418608491867
NSF,1707019,K05,K05.1,4266,-0.15003325834522466,0.00737367786645114
NSF,1707068,K04,K04.1|K04.3,6853,-0.3798312596055266,-0.08787343292343328
NSF,1707117,K04,K04.2|K04.3,3500,-0.2803571284849038,-0.14226438166479824
NSF,1707149,K04,K04.1|K04.2|K04.3,3718,-0.34896142318792017,-0.43754946652285254
NSF,1707569,K02,K02.1,789,0.41823553078183173,0.01999781529666156
NSF,1707753,K03,K03.2,3181,-0.15665143074299948,-0.20491953137290642
NSF,1707947,K01,K01.1,1360,-0.2164466615751215,0.3866615649827222
NSF,1708129,K02,K02.1|K02.2,4418,0.3664629144580387,0.02081150948769739
NSF,1708151,K01,K01.1,6651,-0.27298729934292304,0.2528508872626829
NSF,1708289,K02,K02.1,840,0.4464608550945881,0.035691205358074324
NSF,1708307,K02,K02.1|K02.2,4418,0.3664629144580387,0.02081150948769739
NSF,1708308,K02,K02.1,840,0.4464608550945881,0.035691205358074324
NSF,1708309,K02,K02.1|K02.2,4418,0.3664629144580387,0.02081150948769739
NSF,1708322,K02,K02.1|K02.2,4418,0.3664629144580387,0.02081150948769739
NSF,1708344,K02,K02.1|K02.2,4418,0.3664629144580387,0.02081150948769739
NSF,1708424,K02,K02.1,840,0.4464608550945881,0.035691205358074324
NSF,1708427,K02,K02.1,840,0.4464608550945881,0.035691205358074324
NSF,1708480,K06,K06.2,6165,0.02182804303320149,0.11791600838086486
NSF,1708741,K01,K01.2,7570,-0.03894152893229226,0.0999524702010883
NSF,1709094,K04,K04.1|K04.3,6557,-0.3967703298830009,-0.1366143361689269
NSF,1709939,K02,K02.1,7541,0.25746719830375675,-0.25601009653143725
NSF,1710727,K04,K04.1|K04.3,6437,-0.37193670168163995,-0.20941323949841614
NSF,1710797,K04,K04.3,5837,-0.32877826348541145,-0.14014482176283208
NSF,1710923,K04,K04.1|K04.3,6513,-0.4146718915849896,-0.1843112938126891
NSF,1710944,K04,K04.1|K04.3,6437,-0.37193670168163995,-0.20941323949841614
NSF,1710974,K05,K05.1,6441,-0.25594838736569986,-0.0867734217592523
NSF,1711471,K04,K04.3,5837,-0.32877826348541145,-0.14014482176283208
NSF,1711521,K04,K04.1|K04.3,2681,-0.35669572306985614,-0.16775497986034216
NSF,1711546,K04,K04.1|K04.3,6723,-0.3875484465670738,-0.19187726761602478
NSF,1711587,K04,K04.1|K04.3,2524,-0.4457782620041792,-0.12249561478514595
NSF,1711617,K04,K04.1|K04.3,6467,-0.3629567880736779,-0.20053759584257444
NSF,1711642,K02,K02.1,3148,0.274517816027287,-0.1256755156259232
NSF,1711767,K04,K04.1|K04.3,6436,-0.39165076801235366,-0.1959798480173401
NSF,1711951,K04,K04.1|K04.3,2643,-0.43164593270192597,-0.21522519556708528
NSF,1711974,K02,K02.1,1354,0.18927215103683193,0.055698253705991005
NSF,1711986,K02,K02.1,1354,0.18927215103683193,0.055698253705991005
NSF,1712176,K01,K01.1|K01.2,3139,-0.17519968295224697,0.1883517837439104
NSF,1712240,K03,K03.1|K03.2|K03.3,4736,0.30913918804618956,0.26638387575396344
NSF,1712323,K02,K02.1,5111,0.24480309921712673,-0.3048162042068816
NSF,1712345,K01,K01.1|K01.2,3139,-0.17519968295224697,0.1883517837439104
NSF,1712540,K03,K03.1|K03.2|K03.3,4736,0.30913918804618956,0.26638387575396344
NSF,1712613,K05,K05.1,2692,-0.17721387333288408,0.10224910362162812
NSF,1712678,K01,K01.2,6266,-0.13064092382569947,0.12165225481301653
NSF,1712695,K03,K03.2,206,0.10512708010130316,0.2121400259714835
NSF,1712828,K02,K02.1,2842,0.26083503725120377,-0.06534146136342137
NSF,1712909,K02,K02.1,2842,0.26083503725120377,-0.06534146136342137
NSF,1713001,K02,K02.1,2842,0.26083503725120377,-0.06534146136342137
NSF,1713685,K03,K03.2,811,0.2002772962737005,0.3039305272247922
NSF,1713704,K04,K04.1|K04.3,3719,-0.3900788155749593,-0.46883031607946235
NSF,1713756,K04,K04.1,4587,0.09782587274755437,0.045382950987113736
NSF,1713922,K03,K03.2,2028,-0.18020498496608484,0.26144758443762084
NSF,1714277,K02,K02.1,1814,0.18711747862072753,-0.07238747342484224
NSF,1714335,K02,K02.1,8205,0.20387666820424988,-0.17621693292078325
NSF,1714394,K02,K02.1,6126,0.24268785427885836,-0.14431011973634253
NSF,1714704,K02,K02.1,4803,0.4041725058302732,-0.06558897970703433
NSF,1714909,K02,K02.1,4339,0.602699115623643,0.037946149557816
NSF,1715053,K02,K02.1|K02.2,1180,0.23547241194812468,0.03281889540107713
NSF,1715197,K02,K02.1,1782,0.1390469986166542,-0.05847001261168901
NSF,1715497,K05,K05.1,3724,-0.2169832501865404,-0.295702924285849
NSF,1715557,K03,K03.1,3047,-0.08666203799376831,0.01659639732952672
NSF,1715638,K03,K03.1|K03.2,238,-0.06887353658316366,0.19803224231816122
NSF,1716130,K02,K02.1,712,0.16562972490506678,-0.23012039716602675
NSF,1716909,K02,K02.1,216,0.21474237387435086,-0.07296648627171644
NSF,1717368,K04,K04.1|K04.3,4821,0.004525596742650698,-0.03580446830805317
NSF,1717457,K05,K05.1,7095,-0.16989948985000036,0.0011363289984546374
NSF,1717770,K05,K05.1,395,0.013748932563731331,0.21428734732309332
NSF,1718216,K04,K04.3,6827,-0.3080314196148324,0.0007573387931671428
NSF,1718420,K04,K04.1,5678,-0.3417475674683991,3.5267750039900264e-05
NSF,1719240,K02,K02.2,4577,0.23337633910365363,0.13965325766750428
NSF,1719243,K01,K01.1,2069,-0.14120084950358844,0.3735486700023718
NSF,1719245,K02,K02.1,2828,0.2870197777910296,-0.1331408796394402
NSF,1719249,K02,K02.2,4577,0.23337633910365363,0.13965325766750428
NSF,1719252,K02,K02.1,2828,0.2870197777910296,-0.1331408796394402
NSF,1719263,K02,K02.1,3585,0.3403898851665648,-0.14212057904041472
NSF,1719267,K02,K02.1,5062,0.43891146361067357,-0.06363844761074977
NSF,1719492,K02,K02.1,3475,0.1606480274752013,-0.2993096612446775
NSF,1719496,K01,K01.1,1449,-0.1622407175000291,0.43797069897909435
NSF,1719524,K01,K01.1,1449,-0.1622407175000291,0.43797069897909435
NSF,1719532,K02,K02.1,214,0.25018921449077264,-0.019421167281442595
NSF,1719548,K01,K01.1,5667,-0.2302690249381693,0.2500056875741584
NSF,1719638,K02,K02.1,3475,0.1606480274752013,-0.2993096612446775
NSF,1719670,K02,K02.1,3475,0.1606480274752013,-0.2993096612446775
NSF,1719671,K01,K01.1|K01.2,279,-0.0641778966487498,0.3771293067410647
NSF,1719747,K04,K04.1,3403,-0.32850856045127186,-0.29502647489838685
NSF,1719918,K01,K01.1,2810,-0.11130712961997015,0.3655907345467799
NSF,1720175,K03,K03.3,6398,-0.22733369738645975,0.09871242297332997
NSF,1720417,K02,K02.1,6228,0.20055020742692847,-0.18354549284571822
NSF,1720424,K02,K02.1,6228,0.20055020742692847,-0.18354549284571822
NSF,1720477,K02,K02.1,6228,0.20055020742692847,-0.18354549284571822
NSF,1720800,K04,K04.1|K04.3,7352,-0.3760167598224105,-0.36618921151078465
NSF,1720824,K04,K04.1|K04.3,7207,-0.38408829792634785,-0.26505163600706294
NSF,1720875,K02,K02.1,4691,0.5935173999036364,0.04817963882365457
NSF,1721030,K02,K02.1,4691,0.5935173999036364,0.04817963882365457
NSF,1721326,K04,K04.1|K04.3,6741,-0.433578243440916,-0.27141958522053444
NSF,1721358,K04,K04.1,2795,-0.2942851390928701,-0.17782246242159033
NSF,1721434,K04,K04.1|K04.3,7352,-0.3760167598224105,-0.36618921151078465
NSF,1721611,K03,K03.1|K03.2,878,0.1287483726498328,0.1975147141429577
NSF,1721679,K01,K01.1,6000,-0.22065370647010707,0.3212726195791228
NSF,1721739,K04,K04.1,3980,-0.32695274618108866,-0.04051265247879154
NSF,1721809,K04,K04.1|K04.3,3237,-0.3680660329435637,-0.46812560703481076
NSF,1721884,K04,K04.1,6664,-0.3658827191702432,-0.23189763184166842
NSF,1721892,K04,K04.1|K04.3,6335,-0.41890245015200767,-0.2715410732498874
NSF,1721940,K04,K04.3,7556,-0.2923732028135594,-0.0101942592483754
NSF,1721968,K04,K04.1|K04.3,3094,-0.3074631716963529,-0.14767642317201088
NSF,1722008,K04,K04.1|K04.3,6539,-0.39567078726920807,-0.2009113772477932
NSF,1722037,K04,K04.2|K04.3,6685,-0.3298563060520245,-0.20005262706441015
NSF,1722127,K04,K04.1|K04.3,6707,-0.38953434427582945,-0.256353454028
NSF,1722390,K04,K04.1|K04.3,6667,-0.3989749718143557,-0.2641230523502305
NSF,1722472,K04,K04.1|K04.3,3617,-0.20263437555171437,-0.20350880056750237
NSF,1722482,K01,K01.1|K01.2,3434,-0.1039360380980248,0.2028150690548197
NSF,1722498,K05,K05.3,7181,-0.1289690911373881,0.004610825080254259
NSF,1722502,K04,K04.1,3453,-0.34619802529972193,-0.42194449726840144
NSF,1722572,K02,K02.1,4691,0.5935173999036364,0.04817963882365457
NSF,1722658,K01,K01.1,2689,-0.18337302399489216,0.2088685908594257
NSF,1722749,K02,K02.1,2208,0.20171511556599547,-0.0728669845656966
NSF,1723065,K02,K02.1,1377,0.16944430404500765,-0.07892624319558394
NSF,1723316,K01,K01.2,2866,-0.1317050647597033,0.09531907477476143
NSF,1723322,K02,K02.1,7989,0.27407399346743627,-0.09237763048877895
NSF,1723337,K02,K02.1,2843,0.3095336278439346,-0.13755140594813464
NSF,1723393,K04,K04.2,1416,-0.2228499144363092,0.01301483460776813
NSF,1723849,K04,K04.1,6638,-0.3235811056021111,-0.14961420344726603
NSF,1723856,K04,K04.1,6461,-0.32766989888779285,-0.141888343791227
NSF,1723949,K04,K04.1,8318,-0.2185794689232018,-0.06744491803104702
NSF,1724168,K02,K02.1,2976,0.09721087298182073,-0.07049633636159332
NSF,1724248,K04,K04.3,5986,-0.30826551369865757,-0.06775592824251986
NSF,1724282,K04,K04.3,5771,-0.29365684892627764,-0.11259618175091474
NSF,1724331,K04,K04.3,2342,-0.3038935789649192,-0.023284967668685916
NSF,1724341,K04,K04.1|K04.3,4547,-0.1296784038160116,0.0926690859277159
NSF,1724462,K02,K02.1,7949,0.25266271788899797,-0.10497178211311131
NSF,1724467,K03,K03.2,853,0.10569231078926637,0.2916057016909954
NSF,1724540,K03,K03.2,853,0.10569231078926637,0.2916057016909954
NSF,1724566,K02,K02.1,213,0.17544106204484405,-0.007645463825733487
NSF,1724575,K01,K01.1|K01.2,2294,-0.2838640784978662,0.1772421262577861
NSF,1724633,K02,K02.1,4303,0.49811574282857995,0.05148527810854585
NSF,1724748,K03,K03.2,853,0.10569231078926637,0.2916057016909954
NSF,1724764,K04,K04.1,4181,-0.25377105528061317,-0.09730957326825064
NSF,1724770,K02,K02.1|K02.2,4847,0.386300797976877,-0.01827829215722286
NSF,1724773,K04,K04.1|K04.3,7298,-0.3342534349033183,-0.23416794373332792
NSF,1724781,K03,K03.1|K03.2,4310,0.2795762654925647,0.26914882303606114
NSF,1724786,K02,K02.1,4303,0.49811574282857995,0.05148527810854585
NSF,1724866,K01,K01.1|K01.2,2294,-0.2838640784978662,0.1772421262577861
NSF,1724868,K02,K02.1,4303,0.49811574282857995,0.05148527810854585
NSF,1724890,K01,K01.2,4202,-0.12870260089704658,0.11928162053507935
NSF,1724915,K01,K01.1|K01.2,2294,-0.2838640784978662,0.1772421262577861
NSF,1724972,K04,K04.1|K04.3,3447,-0.37087561305288125,-0.41948268712672165
NSF,1725266,K02,K02.1,3884,0.36289150721762137,0.01858587210389065
NSF,1725386,K03,K03.2,4357,0.18240819994134866,0.3017408748207837
NSF,1725625,K02,K02.1,2332,0.18545983653117493,0.0010969213424929722
NSF,1725654,K02,K02.1,4303,0.49811574282857995,0.05148527810854585
NSF,1725768,K02,K02.1,1679,0.11661040278525943,-0.03372540194706908
NSF,1725774,K02,K02.1,1479,0.20990144937114485,0.00703850306889299
NSF,1725788,K01,K01.1,4478,-0.03161138983597482,0.39896383394766943
NSF,1725789,K01,K01.1|K01.2,3934,-0.24400023120251768,0.270579881622936
NSF,1725966,K02,K02.1,8098,0.1620286217831718,-0.09950679972371955
NSF,1726177,K02,K02.1,3430,0.37267211014462315,-0.13747609021879903
NSF,1726326,K04,K04.1|K04.2|K04.3,1649,-0.36781319654607236,-0.08971754273848435
NSF,1726964,K04,K04.1|K04.3,6699,-0.4086624002759177,-0.2448901245387288
NSF,1727039,K02,K02.1,951,0.2587420277548109,-0.1587089982561837
NSF,1727401,K02,K02.1,1226,0.08296769816438875,-0.13154221179445214
NSF,1727593,K02,K02.1,1844,0.05172820987099387,-0.1909233724280485
NSF,1727594,K02,K02.1,1844,0.05172820987099387,-0.1909233724280485
NSF,1727662,K03,K03.3,1344,-0.19261836140227384,0.15989026594598
NSF,1727785,K01,K01.1|K01.2,2124,-0.0897991122052626,0.3016894705107245
NSF,1727800,K02,K02.1,6284,0.22692367291859933,-0.130412684541905
NSF,1728199,K02,K02.1,1862,0.1023875791285165,-0.03913149653480323
NSF,1728209,K05,K05.1,2467,-0.17224094893590408,0.08735804233479574
NSF,1728549,K02,K02.1,8289,0.19078273893443393,-0.15850531597362505
NSF,1728605,K04,K04.1|K04.3,3449,-0.3830880865879802,-0.29946411134503137
NSF,1728612,K01,K01.2,1383,-0.2389782463760533,0.11663498282714552
NSF,1728629,K04,K04.1|K04.3,3449,-0.3830880865879802,-0.29946411134503137
NSF,1728635,K02,K02.1,5395,0.26317650332950465,-0.11976046975091081
NSF,1728685,K03,K03.3,1402,-0.19450291312086593,0.11564104161757642
NSF,1728784,K02,K02.1,7863,0.20387310071056242,-0.1791265895395855
NSF,1728813,K01,K01.2,3492,-0.174199671860238,-0.027997657404459544
NSF,1729241,K02,K02.1,7830,0.27174565922725186,-0.11042151218657872
NSF,1729815,K01,K01.1|K01.2,5951,-0.2566221338455674,0.14034013115270877
NSF,1729875,K02,K02.1,5421,0.23066091742750372,-0.13255491153171364
NSF,1730043,K04,K04.1|K04.3,6751,-0.38717577595816266,-0.14729641454791803
NSF,1730128,K04,K04.1|K04.3,6590,-0.4674104904224243,-0.24253943907355782
NSF,1730129,K04,K04.1|K04.3,6590,-0.4674104904224243,-0.24253943907355782
NSF,1730586,K04,K04.1,3229,-0.32100208863055013,-0.4271813780272925
NSF,1732129,K02,K02.1,655,0.3358158169527196,-0.07697156386208792
NSF,1732213,K04,K04.2,1824,-0.22052881309815348,0.049723715897757564
NSF,1732223,K04,K04.2,1824,-0.22052881309815348,0.049723715897757564
NSF,1732242,K02,K02.1,6292,0.20482546449114125,-0.17788773394243576
NSF,1732266,K02,K02.1,6292,0.20482546449114125,-0.17788773394243576
NSF,1732373,K02,K02.1,6292,0.20482546449114125,-0.17788773394243576
NSF,1733545,K05,K05.2,7809,-0.08794804907403173,0.037510683079304136
NSF,1733564,K01,K01.1,189,0.03166938179955768,0.48952436343973293
NSF,1733578,K01,K01.1|K01.2,240,-0.17735429960754506,0.38441298886500164
NSF,1733580,K01,K01.1|K01.2,240,-0.17735429960754506,0.38441298886500164
NSF,1733688,K01,K01.1|K01.2,5569,-0.2119405830020032,0.3930978049658186
NSF,1733695,K03,K03.1,6842,-0.1525884055018471,0.02152212560781314
NSF,1733705,K01,K01.1,7768,-0.11004994164247109,0.2368659205233602
NSF,1733817,K06,K06.1|K06.2,4789,0.055320294898102404,0.05698707359355611
NSF,1733924,K05,K05.3,8126,-0.0970706378584396,0.026682961569526972
NSF,1733990,K02,K02.1,942,0.2181073931531044,-0.08541294797580981
NSF,1734033,K01,K01.1|K01.2,1922,-0.1473160350243289,0.45357007469760224
NSF,1734036,K02,K02.1,7914,0.25252818926553783,-0.10915139218673803
NSF,1734051,K06,K06.2,4683,0.012333141920094784,0.07186844567971389
NSF,1734665,K02,K02.1,5856,0.2156663623166028,-0.134984374994524
NSF,1734752,K02,K02.1,4998,0.402668384503875,-0.0980008375151044
NSF,1734947,K01,K01.1|K01.2,4439,0.07018030134237833,0.3128257508129477
NSF,1735295,K01,K01.1|K01.2,3132,-0.1119597286283486,0.2149190441017948
NSF,1735306,K02,K02.1|K02.2,652,0.2772410948928101,-0.03218824777497242
NSF,1735354,K04,K04.1|K04.3,2695,-0.38156099764068185,-0.2036278314540135
NSF,1735407,K04,K04.3,1732,-0.34529286597586184,-0.12298829846983125
NSF,1735463,K04,K04.1|K04.3,2695,-0.38156099764068185,-0.2036278314540135
NSF,1735483,K04,K04.3,1732,-0.34529286597586184,-0.12298829846983125
NSF,1735499,K04,K04.3,1732,-0.34529286597586184,-0.12298829846983125
NSF,1735505,K02,K02.1,2499,0.1299443235477074,-0.15555587540038573
NSF,1735513,K04,K04.1|K04.3,2695,-0.38156099764068185,-0.2036278314540135
NSF,1735539,K04,K04.3,1732,-0.34529286597586184,-0.12298829846983125
NSF,1735558,K02,K02.1,4294,0.5801852655707379,0.042356675866510415
NSF,1735579,K04,K04.1|K04.3,338,-0.20462234995469325,-0.032451985497928826
NSF,1735582,K04,K04.1|K04.3,338,-0.20462234995469325,-0.032451985497928826
NSF,1735587,K05,K05.1,526,-0.17761751597946124,0.17148118119125308
NSF,1735607,K02,K02.1,4428,0.3862056864725256,-0.030502589705875285
NSF,1735609,K04,K04.1|K04.2|K04.3,401,-0.3047631423205602,-0.03296529691948008
NSF,1735630,K02,K02.1,1493,0.19991735457472126,-0.04832034181048936
NSF,1735654,K05,K05.2|K05.3,698,0.006061611026482741,0.07160474988836331
NSF,1735693,K02,K02.1,4535,0.43064494299787626,-0.004163261871483373
NSF,1735708,K02,K02.1,5429,0.23898941913601335,-0.17243417310961623
NSF,1735715,K02,K02.1,235,0.14713533601831086,-0.13450376148982088
NSF,1735723,K01,K01.1,1314,-0.0332239871504878,0.4326682568203313
NSF,1735743,K02,K02.1,4428,0.3862056864725256,-0.030502589705875285
NSF,1735886,K02,K02.1|K02.2,4926,0.23154178952006677,-0.07419772699034673
NSF,1735911,K02,K02.1,4428,0.3862056864725256,-0.030502589705875285
NSF,1736102,K02,K02.1,3609,0.27288918630111875,-0.34727290487228235
NSF,1736181,K02,K02.1,6654,0.057654097849770033,-0.32073727183652445
NSF,1736242,K02,K02.1,3378,0.34399772888714386,-0.2256070918299857
NSF,1736288,K02,K02.1,4339,0.602699115623643,0.037946149557816
NSF,1736389,K02,K02.1,287,0.23718642313790905,0.07641437721809663
NSF,1736542,K01,K01.1,4458,0.12879466383354854,0.21314217871806784
NSF,1736582,K04,K04.1,5679,-0.31748617610317625,-0.12577040725064426
NSF,1736596,K01,K01.2,2712,-0.1393705084210253,0.1278876986533093
NSF,1736629,K02,K02.1|K02.2,3307,0.15313221036420493,-0.22783481137557923
NSF,1736633,K02,K02.1,840,0.4464608550945881,0.035691205358074324
NSF,1736659,K01,K01.1,3747,-0.039802687041931746,0.1769140167114417
NSF,1736668,K02,K02.1,3296,0.34392646184248676,-0.32397060166479064
NSF,1736713,K03,K03.3,1615,-0.11093380292679669,0.3291066993383309
NSF,1736718,K05,K05.1,7958,-0.13987714514245758,0.11560433312521179
NSF,1736736,K01,K01.1|K01.2,4366,0.2397794068722583,0.40711347305454226
NSF,1736749,K04,K04.1|K04.3,5109,-0.2346128893567745,-0.120536265767649
NSF,1736778,K03,K03.1|K03.2,4379,0.2797547088355272,0.23397344612750945
NSF,1736783,K02,K02.1,831,0.40299418884521765,0.07369736215797752
NSF,1736830,K02,K02.1,874,0.42157829701946026,0.006174728070205943
NSF,1736891,K02,K02.1|K02.2,4461,0.3956433337649462,-0.12596885296802504
NSF,1736957,K02,K02.1,874,0.42157829701946026,0.006174728070205943
NSF,1737035,K04,K04.1,1641,-0.32363076476456576,0.09833578974300863
NSF,1737090,K02,K02.1,874,0.42157829701946026,0.006174728070205943
NSF,1737096,K02,K02.1,4339,0.602699115623643,0.037946149557816
NSF,1737116,K02,K02.2,4352,0.2526062537539429,0.2294124799217742
NSF,1737144,K02,K02.2,4352,0.2526062537539429,0.2294124799217742
NSF,1737166,K03,K03.1|K03.2,4379,0.2797547088355272,0.23397344612750945
NSF,1737170,K02,K02.1,5058,0.5132019106442857,-0.037314888755986264
NSF,1737176,K02,K02.1,4339,0.602699115623643,0.037946149557816
NSF,1737191,K03,K03.1,6608,-0.15484540929510537,0.009448484475981865
NSF,1737207,K02,K02.1,4742,0.5764257954681248,-0.0030692592831564336
NSF,1737221,K02,K02.1,463,0.3116814630579399,0.05125620457019764
NSF,1737247,K02,K02.2,4352,0.2526062537539429,0.2294124799217742
NSF,1737258,K01,K01.1,3276,-0.06501786897446192,0.03906627572580032
NSF,1737274,K03,K03.3,1615,-0.11093380292679669,0.3291066993383309
NSF,1737286,K02,K02.1,1116,0.38066724252640227,0.005150682570600168
NSF,1737287,K02,K02.1,463,0.3116814630579399,0.05125620457019764
NSF,1737289,K02,K02.1,4539,0.3951981023814545,-0.05770858086175722
NSF,1737311,K01,K01.1,51,0.1466200249795207,0.3514162776463562
NSF,1737357,K04,K04.1,304,-0.18635039388210417,0.1652540172129526
NSF,1737368,K02,K02.1,3635,0.46043745042596884,-0.12594815710189108
NSF,1737380,K02,K02.1,7751,0.21424014264860813,-0.1454327198360658
NSF,1737387,K03,K03.1|K03.2,4379,0.2797547088355272,0.23397344612750945
NSF,1737413,K03,K03.1|K03.2,4379,0.2797547088355272,0.23397344612750945
NSF,1737424,K03,K03.2|K03.3,3443,-0.2167653674742267,-0.09761328415105852
NSF,1737432,K04,K04.1|K04.3,1876,-0.3621836344305337,-0.07990267463450126
NSF,1737433,K04,K04.1,7870,-0.28384908941474163,0.0138903735379217
NSF,1737453,K04,K04.1|K04.3,6049,-0.3070630136806072,-0.061429851016081574
NSF,1737483,K05,K05.3,5834,-0.10186790540507401,0.04511478360144913
NSF,1737492,K02,K02.1|K02.2,5999,0.0316531603533312,-0.016888228982271256
NSF,1737495,K05,K05.1,7801,-0.16809697283879532,0.13660262724948707
NSF,1737496,K01,K01.2,2090,-0.16906582676703868,0.1210402575239015
NSF,1737514,K04,K04.1,3398,-0.29425644163701353,-0.1482651352439582
NSF,1737533,K04,K04.1,5741,-0.3043188948760945,0.002259353748666707
NSF,1737550,K05,K05.1,6504,-0.27971743567059204,-0.006288085031430173
NSF,1737563,K05,K05.1,3829,-0.14826586470829434,0.04372969470567614
NSF,1737565,K06,K06.2,6837,-0.12988897271979533,0.054920004885535105
NSF,1737586,K05,K05.1,5992,-0.19443174174951666,0.10157339968841612
NSF,1737590,K04,K04.1|K04.3,5805,-0.4104751072709439,-0.039550559819652845
NSF,1737591,K04,K04.1|K04.3,6833,-0.33612039349499284,-0.15911321684171156
NSF,1737592,K01,K01.1|K01.2,6052,-0.16492614173428585,0.287342711159594
NSF,1737598,K03,K03.1,593,-0.12630526926702504,0.18615261462738222
NSF,1737617,K01,K01.1|K01.2,122,0.014041753911830893,0.37646842709123185
NSF,1737620,K04,K04.1,6921,-0.35631756892968847,-0.20821363515846367
NSF,1737622,K02,K02.1,7756,0.19315425528285263,-0.17062242071283854
NSF,1737626,K02,K02.1,518,0.1762057413817087,-0.12434786979781551
NSF,1737633,K05,K05.1,7760,-0.07445393592820235,0.09943254474770086
NSF,1737634,K05,K05.1|K05.3,4281,-0.14670146544495516,0.00030735801783142447
NSF,1737643,K02,K02.1,7756,0.19315425528285263,-0.17062242071283854
NSF,1737645,K01,K01.2,7986,-0.08842864962839445,0.15859648635078613
NSF,1737687,K02,K02.1,1116,0.38066724252640227,0.005150682570600168
NSF,1737691,K02,K02.1,7756,0.19315425528285263,-0.17062242071283854
NSF,1737706,K03,K03.1|K03.2,4379,0.2797547088355272,0.23397344612750945
NSF,1737716,K03,K03.1|K03.2,4312,0.20005389411559205,0.2770290519661077
NSF,1737728,K04,K04.1,6665,-0.29835510840186164,-0.13497806890210992
NSF,1737750,K03,K03.1|K03.2,4312,0.20005389411559205,0.2770290519661077
NSF,1737760,K01,K01.1,3249,-0.16901594434268244,0.018332287208610465
NSF,1737788,K02,K02.1,1116,0.38066724252640227,0.005150682570600168
NSF,1737813,K02,K02.1,914,0.3524804303354759,-0.03225342502142095
NSF,1738057,K03,K03.2,3898,-0.07979648525512922,0.1770276492363083
NSF,1738104,K02,K02.1,546,0.4720803315640617,0.05796935379690053
NSF,1738228,K02,K02.1,546,0.4720803315640617,0.05796935379690053
NSF,1738244,K02,K02.1,4747,0.4943562727259668,0.006059342958879027
NSF,1738307,K02,K02.1,3600,0.23148618256344916,-0.38468389577361084
NSF,1738321,K03,K03.3,2399,-0.23283695064871263,0.12660490894533602
NSF,1738485,K05,K05.1,4170,-0.19491188924154962,0.12262784970406138
NSF,1738588,K02,K02.1,2767,0.16302614123632253,-0.2082643499904709
NSF,1738687,K02,K02.1,8259,0.20192731418263454,-0.16961245291264365
NSF,1738689,K04,K04.1|K04.3,2648,-0.45285042188812263,-0.29474357519727723
NSF,1738734,K05,K05.3,7288,-0.12409798614937143,-0.09126391097904357
NSF,1738782,K04,K04.1|K04.3,7101,-0.36472756338546175,-0.21648411886097363
NSF,1738802,K04,K04.1|K04.3,6731,-0.3960707413941019,-0.23745407585906145
NSF,1738896,K03,K03.2,313,-0.055125116679533404,0.2018026385155798
NSF,1738989,K01,K01.1,190,0.12139196728041869,0.4405874266278714
NSF,1739031,K03,K03.2,300,0.029607130562818704,0.24538577993925306
NSF,1739085,K04,K04.1|K04.3,5946,-0.3377446554694882,-0.14568294579918303
NSF,1739137,K04,K04.1|K04.3,6682,-0.4150823361036243,-0.26725861447603894
NSF,1739163,K05,K05.1,6233,-0.12082239364279375,0.036555728146347805
NSF,1739189,K04,K04.1|K04.3,6746,-0.3607476327185459,-0.19672679625496867
NSF,1739191,K03,K03.1,4214,-0.1193322180454351,0.0338166684811865
NSF,1739315,K04,K04.1|K04.3,3327,-0.27451221486727745,-0.2351287670943296
NSF,1739344,K04,K04.1|K04.3,6746,-0.3607476327185459,-0.19672679625496867
NSF,1739355,K04,K04.1|K04.3,6746,-0.3607476327185459,-0.19672679625496867
NSF,1739413,K04,K04.1,5616,-0.2721419119030795,-0.018303194680767874
NSF,1739474,K05,K05.1|K05.3,4193,-0.1405641231003969,0.027395700947092864
NSF,1739551,K05,K05.1|K05.2,3358,-0.15892548611363527,-0.14574945977911577
NSF,1739567,K02,K02.1,4466,0.3668226938733304,-0.2333066669819074
NSF,1739662,K01,K01.1,7768,-0.11004994164247109,0.2368659205233602
NSF,1739676,K05,K05.1|K05.2,3549,-0.19742920998325883,-0.0726888612069646
NSF,1739705,K05,K05.1,4190,-0.15994861995257487,0.09333822490566064
NSF,1739724,K03,K03.1|K03.3,3666,-0.033666287964109046,0.06823711218533791
NSF,1739788,K03,K03.1|K03.3,2705,-0.07838004640874564,-0.11734809959363998
NSF,1739823,K05,K05.1,6220,-0.14597959022082888,0.07983596410737367
NSF,1739835,K05,K05.1,697,-0.044612965776251706,0.15825658474176815
NSF,1739884,K04,K04.1|K04.3,3737,-0.36144132998057854,-0.3107794719094512
NSF,1739909,K03,K03.1,3681,-0.09890566469562224,-0.010926777141633606
NSF,1739964,K04,K04.1|K04.3,5799,-0.3931411749152297,-0.1182895305534078
NSF,1739977,K05,K05.1|K05.2,4267,-0.18739577471683266,0.04046404524937021
NSF,1740042,K03,K03.1|K03.2,4192,0.07745923206038395,0.17202343397749545
NSF,1740075,K04,K04.1|K04.3,4205,-0.4346473484535037,-0.26953333445475325
NSF,1740082,K03,K03.1|K03.2,4197,-0.17222516935306226,0.04378876576375079
NSF,1740135,K02,K02.2,8334,0.0067538747701125085,0.05471083460715523
NSF,1740201,K02,K02.1,6146,0.317071129244791,-0.07275381411666479
NSF,1740335,K02,K02.1,4570,0.5013996782311957,-0.04268447045441846
NSF,1740384,K04,K04.1|K04.3,6436,-0.39165076801235366,-0.1959798480173401
NSF,1740449,K01,K01.1,6900,-0.20959884155664757,0.2570806900864133
NSF,1740463,K04,K04.1|K04.3,3237,-0.3680660329435637,-0.46812560703481076
NSF,1740481,K01,K01.1,1905,-0.17510701413312152,0.20233912766896944
NSF,1740526,K01,K01.1,1905,-0.17510701413312152,0.20233912766896944
NSF,1740536,K02,K02.1,333,0.25527474827021757,0.0362981200842144
NSF,1740839,K02,K02.1,6119,0.22870044631997943,-0.15049810229028515
NSF,1740865,K05,K05.2,8125,-0.10262901621683623,0.015090978364269337
NSF,1741042,K02,K02.1,1861,0.0874131460935841,-0.00197026317865083
NSF,1741152,K05,K05.3,8309,-0.09622836764693925,0.03951497115722359
NSF,1741370,K04,K04.3,2068,-0.30366899524416296,0.060352179905822576
NSF,1741462,K01,K01.2,4187,-0.1927649058687163,0.021640803507632086
NSF,1741619,K03,K03.1|K03.2,6913,-0.22721319378796279,0.10157625227798729
NSF,1741833,K01,K01.2,194,0.10307987210844373,0.31374831743474607
NSF,1741918,K01,K01.1,5411,-0.1312435502168754,0.2179825649291273
NSF,1741962,K05,K05.3,1725,-0.12314026882634628,0.07278169471166028
NSF,1742069,K05,K05.3,2683,-0.12476202164630461,0.04486910664157597
NSF,1742569,K03,K03.3,3444,-0.1991824090780859,-0.11881262102173104
NSF,1742869,K01,K01.1|K01.2,3491,-0.22003868387291603,0.029280312223624524
NSF,1742870,K01,K01.1,3490,-0.21410826561481028,0.01870857437239544
NSF,1742938,K02,K02.1,3172,0.10143046505816848,-0.32361062633230886
NSF,1742943,K02,K02.1,3172,0.10143046505816848,-0.32361062633230886
NSF,1742944,K02,K02.1,898,0.39301009404879417,0.018338517278595173
NSF,1742956,K01,K01.1|K01.2,7482,-0.17171327004172526,0.18742118242309708
NSF,1742959,K02,K02.1,3172,0.10143046505816848,-0.32361062633230886
NSF,1743046,K04,K04.1|K04.3,3237,-0.3680660329435637,-0.46812560703481076
NSF,1743301,K01,K01.1,761,0.01825647994008614,0.3635420664990284
NSF,1743326,K01,K01.2,193,0.09354320796792447,0.30220110722208193
NSF,1743355,K03,K03.1|K03.3,3904,-0.16493007174270144,0.051061763113761094
NSF,1743370,K03,K03.1|K03.3,3904,-0.16493007174270144,0.051061763113761094
NSF,1743383,K03,K03.1|K03.3,3904,-0.16493007174270144,0.051061763113761094
NSF,1743401,K02,K02.1,2869,0.21188531800674443,-0.20233826567692317
NSF,1743412,K01,K01.1,3843,-0.06882741696938033,0.11112537007976284
NSF,1743430,K01,K01.1,4414,-0.10759188359375628,0.4386876155496089
NSF,1743643,K01,K01.1,210,-0.13496727251864146,0.319658961202158
NSF,1743891,K01,K01.1|K01.2,3211,-0.18284764482051696,-0.0565394240549858
NSF,1743941,K04,K04.1|K04.3,6667,-0.3989749718143557,-0.2641230523502305
NSF,1743985,K01,K01.1,3588,-0.20718859664224681,0.07186423986687646
NSF,1743988,K01,K01.1,3843,-0.06882741696938033,0.11112537007976284
NSF,1743991,K01,K01.1|K01.2,3280,-0.12210497999490372,0.13377594169215176
NSF,1743992,K01,K01.1,3588,-0.20718859664224681,0.07186423986687646
NSF,1743997,K04,K04.1|K04.2,3841,-0.22350152437808374,-0.1680623824456787
NSF,1744000,K05,K05.1,1133,-0.09617330958524531,0.08226634031749418
NSF,1744004,K01,K01.1|K01.2,3337,-0.06081787085460498,0.07985235183538616
NSF,1744006,K04,K04.1,3589,-0.3183563637257943,-0.25004237650525407
NSF,1744031,K04,K04.1|K04.3,7448,-0.33667014054718425,-0.24215933519587288
NSF,1744038,K01,K01.1|K01.2,2071,-0.11574841701802845,0.3358154141530224
NSF,1744216,K02,K02.1,2841,0.24586060421627137,-0.028180228007268965
NSF,1744246,K02,K02.1|K02.2,8143,0.13130837199604684,-0.1137151227626445
NSF,1744346,K01,K01.2,889,0.017591388358125362,0.24810891581304492
NSF,1744410,K04,K04.1,5568,-0.2252345615645005,0.01028376115584076
NSF,1744417,K02,K02.1,1148,0.3430299362493786,-0.036139817357182025
NSF,1744433,K02,K02.1,209,0.41519226276999877,0.07444807173553702
NSF,1744515,K02,K02.1,209,0.41519226276999877,0.07444807173553702
NSF,1744584,K02,K02.1|K02.2,4732,0.5509189998625004,0.07717277732263869
NSF,1744602,K02,K02.1|K02.2,4732,0.5509189998625004,0.07717277732263869
NSF,1744643,K05,K05.1,4831,0.19392807182003913,0.15600975790857238
NSF,1744653,K03,K03.1,3374,-0.05964821649304514,0.0412749313855338
NSF,1744702,K01,K01.1,3274,-0.12869089260212518,0.14843745366666602
NSF,1744724,K02,K02.1,3561,0.13177749739099204,-0.42476799000779586
NSF,1744759,K03,K03.3,303,0.015365047045243121,0.2510843795700467
NSF,1744775,K04,K04.3,3692,-0.2691906165226346,-0.2854690156014821
NSF,1744816,K04,K04.3,7361,-0.3055697550392621,-0.31519677550725334
NSF,1744856,K03,K03.3,303,0.015365047045243121,0.2510843795700467
NSF,1744887,K04,K04.1,7064,-0.3074894302843483,-0.18227557922291449
NSF,1744958,K03,K03.3,303,0.015365047045243121,0.2510843795700467
NSF,1744961,K01,K01.1,1138,-0.11098289482115843,0.23030843363906323
NSF,1745213,K04,K04.1,3526,-0.3234927877893541,-0.2720073159316291
NSF,1745228,K04,K04.1|K04.3,6762,-0.41698044617483143,-0.2855718110241414
NSF,1745232,K02,K02.1,7552,0.12409027422485701,-0.26248306902495744
NSF,1745327,K01,K01.1|K01.2,5697,-0.19547058164351655,0.20770554692606874
NSF,1745353,K03,K03.1,2158,-0.19216566991346207,0.10576521768200535
NSF,1745371,K02,K02.1,5170,0.3675614672260063,-0.08954052868002474
NSF,1745375,K01,K01.1,1752,-0.2587607283562266,0.14365586629015978
NSF,1745405,K02,K02.1,1118,0.34938575632984403,-0.02107977077359391
NSF,1745451,K02,K02.1,2680,0.09527526778260333,-0.15374807037685947
NSF,1745476,K04,K04.1,3260,-0.32226216545307473,-0.35775578229935057
NSF,1745499,K05,K05.3,6291,-0.13739794741149003,0.10000769728659513
NSF,1745508,K04,K04.1,228,-0.1973077408301771,0.05220070460318499
NSF,1745567,K01,K01.1,595,-0.07372023534113528,0.42691855128829925
NSF,1745580,K03,K03.1,2678,-0.20185107052065032,-0.07295197644053637
NSF,1745611,K05,K05.3,8320,-0.09632841361418647,0.040149090619941354
NSF,1745708,K02,K02.2,5716,-0.09298302867072313,-0.01384928783672296
NSF,1745710,K02,K02.2,5716,-0.09298302867072313,-0.01384928783672296
NSF,1745718,K02,K02.2,5716,-0.09298302867072313,-0.01384928783672296
NSF,1745730,K01,K01.1,3162,-0.233223418725168,0.0657498099130456
NSF,1745739,K02,K02.1,5044,0.44393113047155097,-0.008968646126757657
NSF,1745796,K01,K01.1,2936,-0.18270925723223203,0.3161612659684998
NSF,1745824,K01,K01.1,6194,-0.20348543648037531,0.29971448038970483
NSF,1745829,K03,K03.1,2667,-0.17978335435930126,0.14672584134529257
NSF,1745840,K04,K04.1|K04.3,2448,-0.39718163435771664,-0.05899968056212858
NSF,1745846,K04,K04.2|K04.3,3993,-0.27883145536424475,-0.1897598084295776
NSF,1745912,K04,K04.1|K04.3,6786,-0.23720870852209952,-0.10472160359750493
NSF,1745921,K04,K04.1|K04.3,6786,-0.23720870852209952,-0.10472160359750493
NSF,1745934,K05,K05.1,3764,-0.1628376905899812,-0.21998843467971105
NSF,1745941,K04,K04.1,6928,-0.33103114675039524,-0.1753298961855421
NSF,1746081,K04,K04.1,6928,-0.33103114675039524,-0.1753298961855421
NSF,1746114,K04,K04.1,2445,-0.33570326105898074,-0.024380992183722514
NSF,1746140,K04,K04.1|K04.3,6832,-0.3805057456550848,-0.22232423261506776
NSF,1746160,K02,K02.1,3953,0.16264634638184805,-0.21790882569993067
NSF,1746187,K04,K04.1|K04.3,1658,-0.3792307235083816,0.06003632108448797
NSF,1746296,K01,K01.1|K01.2,2362,-0.25461394119674224,0.32638187701000476
NSF,1746545,K04,K04.3,3466,-0.3156340654269763,-0.40749968002731696
NSF,1746758,K01,K01.1|K01.2,7282,-0.1896661861091829,0.1638204272591056
NSF,1746759,K04,K04.1|K04.3,3100,-0.3441001864664772,-0.2094539549385023
NSF,1746785,K04,K04.1|K04.3,7385,-0.3759454927777534,-0.26782570167597974
NSF,1746858,K04,K04.1|K04.3,6319,-0.3999006732130671,-0.14797057824570337
NSF,1746974,K04,K04.1|K04.3,4233,-0.38093338955788886,-0.13801980242541162
NSF,1747116,K04,K04.1|K04.3,5926,-0.3575142669459802,-0.03365440104727566
NSF,1747222,K04,K04.1|K04.3,6373,-0.37583045295751616,-0.25218230458959534
NSF,1747293,K04,K04.1|K04.3,3470,-0.2763022920080961,-0.16128612901820455
NSF,1747353,K01,K01.1,3114,-0.1860793267990382,0.3097549456846004
NSF,1747562,K02,K02.1|K02.2,5149,0.2528571697183531,-0.08355724063416978
NSF,1747653,K02,K02.1,361,0.22523368270241773,-0.029781565886340733
NSF,1747673,K04,K04.1|K04.3,6563,-0.4360489856836528,-0.28106831175964164
NSF,1747752,K04,K04.1|K04.3,7386,-0.3890945351883124,-0.2927581266118179
NSF,1747765,K04,K04.1,7382,-0.31490985679583877,-0.2181626641695053
NSF,1747781,K02,K02.1|K02.2,1335,0.06906145999573267,0.064703163856532
NSF,1747887,K04,K04.1|K04.3,7260,-0.35825932509420194,-0.3506096469010028
NSF,1748019,K01,K01.1|K01.2,3790,-0.22623621964664903,0.042578481365524085
NSF,1748092,K01,K01.1|K01.2,5881,-0.11524580120724362,0.28928534584524457
NSF,1748101,K04,K04.1|K04.3,6666,-0.41294666348325676,-0.2728418608491867
NSF,1748123,K05,K05.1,8272,-0.1162353886488178,0.044681625292489965
NSF,1748266,K01,K01.1,3117,-0.16527916478553245,0.2691923884845263
NSF,1748308,K03,K03.2,915,0.015877240450017746,0.2509759369575799
NSF,1748325,K03,K03.2,915,0.015877240450017746,0.2509759369575799
NSF,1748439,K02,K02.1|K02.2,4780,0.2950795665758159,-0.19330782066376093
NSF,1748573,K02,K02.1,4556,0.5212365112697012,-0.018583941464912657
NSF,1748631,K01,K01.1,1784,-0.22087927486616815,0.38950444395607176
NSF,1748653,K02,K02.1,3883,0.3402958979240683,0.06913624853027062
NSF,1748682,K05,K05.1,567,-0.0011222253596815113,0.2759011304943928
NSF,1748687,K02,K02.1,1586,0.1470193326861336,-0.03475678913744018
NSF,1748712,K05,K05.1,1132,-0.19144654442723633,-0.020050568799997517
NSF,1748752,K04,K04.1,3229,-0.32100208863055013,-0.4271813780272925
NSF,1748758,K04,K04.1,3229,-0.32100208863055013,-0.4271813780272925
NSF,1748773,K02,K02.1,4374,0.5008413375367279,0.015061527888005327
NSF,1748816,K02,K02.1,4396,0.4933991062171633,0.03829712857104002
NSF,1748847,K02,K02.1,4374,0.5008413375367279,0.015061527888005327
NSF,1748849,K02,K02.1,4374,0.5008413375367279,0.015061527888005327
NSF,1748953,K03,K03.2,915,0.015877240450017746,0.2509759369575799
NSF,1748982,K02,K02.1,3219,0.13169859612413992,-0.48297106096561127
NSF,1749062,K02,K02.1,3830,0.1869570363716318,-0.3474631352033998
NSF,1749081,K03,K03.2,915,0.015877240450017746,0.2509759369575799
NSF,1749200,K02,K02.1,5672,0.1209123223645485,-0.23126332954317552
NSF,1749243,K05,K05.3,8299,-0.11105823871221432,0.03388829149631893
NSF,1749357,K04,K04.1|K04.3,5638,-0.3794357228995797,-0.16618167356606506
NSF,1749530,K03,K03.2|K03.3,3182,-0.1923982170447125,-0.1272562515863637
NSF,1749556,K02,K02.1,1508,0.1948345314778248,-0.04536696512023164
NSF,1749610,K02,K02.1,1227,0.09693938983328983,-0.12282340329549596
NSF,1749613,K01,K01.2,8314,-0.02893720189840808,0.1838951790008564
NSF,1749638,K02,K02.1,1271,0.16404223726265288,-0.04734051156207761
NSF,1749729,K03,K03.1,221,-0.0810480046303238,0.16844690890128153
NSF,1749986,K02,K02.1,315,0.16234578583359283,-0.001376620871471279
NSF,1750328,K02,K02.1|K02.2,2830,0.21921456393909078,-0.08289147508017856
NSF,1750339,K04,K04.3,1349,-0.3460534931515739,-0.04516896993592853
NSF,1750453,K01,K01.1,3605,-0.047793005813316705,0.05080633987202829
NSF,1750497,K02,K02.1,2828,0.2870197777910296,-0.1331408796394402
NSF,1750621,K02,K02.1,6264,0.2575938293463362,-0.11482226978470877
NSF,1750744,K04,K04.1|K04.3,1900,-0.3842269976242587,-0.10171576505711166
NSF,1751018,K02,K02.1,1585,0.07949172191775199,-0.13167635207699868
NSF,1751085,K01,K01.1|K01.2,6505,-0.29416084390427993,0.2102017230765402
NSF,1751193,K01,K01.1,3927,-0.23044863668579124,0.24661900070147943
NSF,1751216,K01,K01.1,1380,-0.19315979395779562,0.271240605331869
NSF,1751363,K03,K03.2,915,0.015877240450017746,0.2509759369575799
NSF,1751377,K02,K02.1,94,0.3051821895861334,0.00042237218564550316
NSF,1751448,K01,K01.1|K01.2,2620,-0.2908670637368862,0.31401164228214107
NSF,1751463,K02,K02.1,286,0.27640640539269246,-0.022802867355518827
NSF,1751483,K02,K02.1,6766,0.17710558908074936,-0.22487686613264582
NSF,1751601,K03,K03.1,2949,-0.10381083787679349,0.08197785822758873
NSF,1751696,K02,K02.1|K02.2,1979,0.10367237151796808,-0.036352096243237667
NSF,1751747,K04,K04.3,6579,-0.3308543892302273,-0.0865711103421212
NSF,1751844,K04,K04.1|K04.3,2466,-0.41042327277968427,-0.17033928987718955
NSF,1751854,K03,K03.2|K03.3,7640,0.08183441075205926,0.16655320777069507
NSF,1751925,K01,K01.1,6922,-0.17932619028934485,0.1547466547140815
NSF,1751926,K02,K02.1,557,0.4475268619141395,0.0206806752698889
NSF,1751929,K02,K02.1,6554,0.04722233556582932,-0.3181870935837374
NSF,1751946,K04,K04.3,6671,-0.3056177052649619,-0.1589468981346017
NSF,1752016,K01,K01.1,5247,-0.10262444000178042,0.09168972753948414
NSF,1752083,K04,K04.1|K04.3,4185,-0.31569038681791123,-0.1818573894471699
NSF,1752220,K02,K02.1,3772,0.2487916525679772,-0.31772787926507684
NSF,1752231,K01,K01.1,3129,-0.1185395401570475,0.22033404875964827
NSF,1752303,K04,K04.3,2304,-0.35740522467520347,-0.13252100934688454
NSF,1752362,K04,K04.1|K04.3,6573,-0.38221758822667395,-0.19743741083328684
NSF,1752477,K03,K03.2|K03.3,1514,-0.2113123453994703,0.250474722863955
NSF,1752522,K03,K03.1|K03.2,151,0.043253530129339704,0.1429776845649556
NSF,1752531,K02,K02.1,3942,0.10654327591718214,-0.3048612068285441
NSF,1752600,K02,K02.1|K02.2,4878,0.28784317656974695,-0.05579437881837157
NSF,1752601,K02,K02.1,4096,0.1268956392981378,-0.26831047688307663
NSF,1752729,K03,K03.1|K03.2,4175,-0.1626759935684854,-0.03822036533144063
NSF,1752995,K02,K02.1,3299,0.2374648877355251,-0.3699927968068203
NSF,1753034,K02,K02.1,840,0.4464608550945881,0.035691205358074324
NSF,1753082,K02,K02.1,742,0.3262743947172203,0.026798754470299807
NSF,1753200,K02,K02.1,4570,0.5013996782311957,-0.04268447045441846
NSF,1753364,K02,K02.1,2900,0.17101996691195515,-0.10597122609683687
NSF,1753557,K01,K01.2,7394,-0.15780759580491596,0.07412331600204831
NSF,1753656,K02,K02.1,248,0.2338543318537613,-0.007356419525657645
NSF,1754019,K01,K01.1,1036,-0.047498284198358345,0.2635351290660112
NSF,1754594,K02,K02.1,7897,0.14720909288211442,-0.07697193977253136
NSF,1754913,K04,K04.1|K04.3,2600,-0.4034208886299422,-0.30250073165753977
NSF,1754984,K02,K02.1,4274,0.19324000711114475,-0.18662763165137422
NSF,1755012,K02,K02.1,184,0.32958797722952116,-0.07665808627015905
NSF,1755078,K02,K02.1,6283,0.17102972499948188,-0.05649366769783827
NSF,1755719,K02,K02.1,3174,0.2393939357194439,-0.4066582454184111
NSF,1755722,K02,K02.1,4483,0.44100596460863717,-0.07344422138378728
NSF,1755946,K02,K02.1,5475,0.19875781949468813,-0.09515939758315174
NSF,1755996,K04,K04.1|K04.3,6436,-0.39165076801235366,-0.1959798480173401
NSF,1756054,K02,K02.1,832,0.5259832264715607,0.02781097642802774
NSF,1756056,K04,K04.1,4544,0.05534901115827741,0.05056569584913195
NSF,1756081,K02,K02.1,4345,0.5190113898268068,0.018511512841782818
NSF,1756100,K01,K01.1,821,0.11180697131125157,0.4250516416034288
NSF,1756173,K02,K02.1|K02.2,4724,0.5309559883261284,0.07794499587596244
NSF,1756208,K02,K02.1|K02.2,4724,0.5309559883261284,0.07794499587596244
NSF,1756216,K02,K02.1|K02.2,4724,0.5309559883261284,0.07794499587596244
NSF,1756312,K02,K02.1,830,0.3880197558102853,0.11085859551412992
NSF,1756340,K02,K02.1,4977,0.28388818754415107,-0.09206189953705532
NSF,1756367,K02,K02.1,7921,0.203628508568011,-0.1740219122331148
NSF,1756381,K02,K02.1,4762,0.42999478622436493,-0.015979992920339442
NSF,1756449,K02,K02.1,475,0.24049111184136596,0.007748955471685942
NSF,1756477,K02,K02.1,475,0.24049111184136596,0.007748955471685942
NSF,1756513,K02,K02.1,6236,0.21360936027516925,-0.14847358036145597
NSF,1756517,K01,K01.1,820,0.10925981994606619,0.4263000149154177
NSF,1756616,K02,K02.1,5058,0.5132019106442857,-0.037314888755986264
NSF,1756623,K02,K02.1,5058,0.5132019106442857,-0.037314888755986264
NSF,1756714,K02,K02.1,475,0.24049111184136596,0.007748955471685942
NSF,1756738,K02,K02.1|K02.2,7615,0.14181705979670906,-0.13816657134446717
NSF,1756768,K02,K02.1,7783,0.2036187510978847,-0.16996469390512262
NSF,1756870,K02,K02.1|K02.2,2209,0.13390990171405664,-0.022617580006434962
NSF,1756882,K02,K02.1,4670,0.31674483964654554,0.008693644282550747
NSF,1756914,K02,K02.1,8197,0.19488632533695044,-0.1614428255190677
NSF,1756933,K02,K02.1,7418,0.1733807795300641,-0.22692086496331884
NSF,1756958,K02,K02.1,2901,0.219718557504686,-0.17818117068155015
NSF,1757000,K02,K02.1|K02.2,6290,0.11167996235434151,-0.13209177596639984
NSF,1757111,K02,K02.1,7925,0.19050160728514293,-0.12744687959355325
NSF,1757136,K02,K02.2,4941,-0.011640496736924077,0.04476539165717702
NSF,1757137,K01,K01.1,1474,-0.08128576816282129,0.35839278251434425
NSF,1757329,K06,K06.2,6861,-0.17811718360696882,-0.04790676411721716
NSF,1757459,K01,K01.2,3472,-0.156831924227519,-0.06718706606823731
NSF,1757630,K02,K02.1,5385,0.21265000984388444,-0.19094027466064306
NSF,1757705,K02,K02.1,4174,0.09479744710610997,-0.3067812780564847
NSF,1757887,K02,K02.2,4779,0.1319279352031666,0.002976922730243761
NSF,1757986,K02,K02.1,2305,0.10938044108047777,-0.20110240886646838
NSF,1758001,K05,K05.1,8306,-0.10641949354945027,0.05538531679337421
NSF,1758196,K04,K04.1|K04.3,1414,-0.3749214244402378,-0.07311162393690854
NSF,1758207,K01,K01.1|K01.2,5283,-0.11296700294197344,0.3840256962465679
NSF,1758286,K03,K03.3,268,-0.1499191037237896,0.21610428363519033
NSF,1758420,K06,K06.2,3336,0.02735058665240918,-0.1366775784218723
NSF,1758432,K01,K01.1,3206,-0.23445718421351036,0.03545918950787505
NSF,1758531,K04,K04.1,2984,-0.35809590238282385,-0.2183839481385631
NSF,1758544,K04,K04.1|K04.3,1297,-0.3127281446912645,0.00608906386866781
NSF,1758547,K04,K04.1|K04.3,5962,-0.37443481884882945,-0.05052704379656678
NSF,1758556,K01,K01.1,5522,-0.16375441753381376,0.22075518253101203
NSF,1758621,K06,K06.1|K06.2,3197,-0.15420735974661737,-0.2323191120102887
NSF,1758674,K04,K04.1|K04.3,2372,-0.38229237166868985,-0.1877746573839101
NSF,1758697,K04,K04.3,6649,-0.34065865372967796,-0.19843571111881228
NSF,1758751,K01,K01.1,5522,-0.16375441753381376,0.22075518253101203
NSF,1758774,K01,K01.1|K01.2,5430,-0.12506910561885304,0.22752128104141195
NSF,1758795,K02,K02.1,3943,0.09658407083892455,-0.12935229247364752
NSF,1758854,K02,K02.1,3943,0.09658407083892455,-0.12935229247364752
NSF,1759064,K02,K02.1|K02.2,4305,0.5123800517187992,0.09260608042577208
NSF,1759071,K02,K02.1,3943,0.09658407083892455,-0.12935229247364752
NSF,1759440,K01,K01.1|K01.2,2228,-0.18235532834512247,0.22397607207154213
NSF,1759457,K02,K02.1,2171,0.14902763655689344,-0.18545585269765494
NSF,1759537,K01,K01.2,2035,-0.18660738667842025,0.29981103890837746
NSF,1759540,K01,K01.1|K01.2,3745,-0.0572258825388124,0.2624652185730773
NSF,1759542,K01,K01.1|K01.2,3745,-0.0572258825388124,0.2624652185730773
NSF,1759559,K02,K02.1,6262,0.17892525419194905,-0.21523229939042
NSF,1759594,K02,K02.1,580,0.23336947987091144,-0.017159819104401647
NSF,1759596,K02,K02.1,573,0.21305804027568154,-0.10262805450298569
NSF,1759709,K01,K01.1,3141,-0.18012994725104736,0.1749486366154623
NSF,1759714,K02,K02.1|K02.2,7797,0.10842274032561057,-0.1864897730142634
NSF,1759715,K02,K02.1,1091,0.5154125368601107,0.03401782929459449
NSF,1759724,K02,K02.1,4717,0.602804517671413,0.030042085824856554
NSF,1759782,K02,K02.1,1679,0.11661040278525943,-0.03372540194706908
NSF,1759879,K03,K03.2,4406,0.09102654948588255,0.21988125167449155
NSF,1759963,K01,K01.1|K01.2,3743,-0.2107555990310357,0.25113802379970707
NSF,1759972,K01,K01.1,4111,-0.16140933210147407,0.19157843404360655
NSF,1759996,K02,K02.1,1227,0.09693938983328983,-0.12282340329549596
NSF,1760006,K02,K02.1,4758,0.48958737126945406,0.0031738227870952707
NSF,1760009,K02,K02.1,1578,0.1782349217570825,-0.05369674609469885
NSF,1760010,K01,K01.1|K01.2,1225,-0.1823099174001261,0.329857364144891
NSF,1760025,K02,K02.1,7338,0.09458400151061629,-0.4140846224981224
NSF,1760183,K02,K02.1|K02.2,1781,0.15208099850613177,0.03942781961368719
NSF,1760185,K02,K02.1,2243,0.18425495421378957,-0.12768575498391296
NSF,1760235,K02,K02.1,2007,0.18666047322755047,-0.08001714516772468
NSF,1760254,K02,K02.1|K02.2,2004,0.11863734100923361,-0.03641665037917108
NSF,1760258,K01,K01.2,2156,-0.1409968102400369,0.20887801008093218
NSF,1760292,K01,K01.1|K01.2,1704,-0.15371465875509163,0.33745324927428044
NSF,1760296,K01,K01.1|K01.2,2227,-0.18040793674204642,0.19909273661970497
NSF,1760344,K02,K02.1,2011,0.18020621831658662,-0.06844085475503645
NSF,1760375,K02,K02.1,2204,0.18197993028351656,-0.12570942686087683
NSF,1760447,K02,K02.1,2001,0.17255484853981234,-0.11098446014954144
NSF,1760463,K01,K01.1|K01.2,4401,0.1329779711372156,0.41412877367811773
NSF,1760465,K02,K02.1,4412,0.37170449509174275,-0.00868802208827646
NSF,1760479,K02,K02.1,2214,0.16888465407226533,-0.1194405839066146
NSF,1760484,K02,K02.1|K02.2,1702,0.11262792528737857,-0.009462276237216766
NSF,1760497,K01,K01.1,2024,-0.20993581443484927,0.4195105380797298
NSF,1760504,K02,K02.1,2192,0.1699684285406452,-0.11913775127406948
NSF,1760512,K02,K02.1,2207,0.19916796420081012,-0.07161861125370772
NSF,1760534,K02,K02.1,7521,0.25870808558298897,-0.25189277070969507
NSF,1760554,K04,K04.1,2226,-0.3101897993617236,-0.05008902038442967
NSF,1760582,K01,K01.1,2025,-0.19496138139991687,0.3823493047235774
NSF,1760586,K02,K02.1,2100,0.17572091663737466,-0.1423717418997544
NSF,1760598,K02,K02.1,1722,0.19893786957891868,-0.05797018439944557
NSF,1760620,K02,K02.1,4402,0.47356227317865784,0.014196599581534214
NSF,1760645,K04,K04.1|K04.3,2039,-0.3502642618174001,0.08563875109041791
NSF,1760653,K02,K02.1,2161,0.16101048548124802,-0.12184003658407214
NSF,1760655,K02,K02.1,2204,0.18197993028351656,-0.12570942686087683
NSF,1760662,K02,K02.1,2204,0.18197993028351656,-0.12570942686087683
NSF,1760673,K05,K05.1,2610,-0.18225808939891613,0.03885394900209667
NSF,1760674,K02,K02.1,4412,0.37170449509174275,-0.00868802208827646
NSF,1760699,K02,K02.1,2204,0.18197993028351656,-0.12570942686087683
NSF,1760704,K02,K02.1,4412,0.37170449509174275,-0.00868802208827646
NSF,1760710,K01,K01.1|K01.2,2608,-0.24027351778022155,0.13499612879408943
NSF,1760715,K01,K01.1,2210,-0.1951496732046223,0.38473044189437344
NSF,1760717,K02,K02.1,4402,0.47356227317865784,0.014196599581534214
NSF,1760718,K01,K01.1,2210,-0.1951496732046223,0.38473044189437344
NSF,1760726,K02,K02.1,1809,0.16582788004729632,-0.097826356765014
NSF,1760739,K02,K02.1,2011,0.18020621831658662,-0.06844085475503645
NSF,1760764,K02,K02.1,1736,0.18380918258380113,-0.06530213151295453
NSF,1760766,K01,K01.1,1998,-0.1620990352435242,0.278375976095813
NSF,1760834,K04,K04.1|K04.3,6851,-0.37817802357255176,-0.2025094225632349
NSF,1760971,K04,K04.1|K04.3,5654,-0.4056065833462134,-0.09544911670598588
NSF,1760999,K02,K02.1,1228,0.1338213432684363,-0.05992087658444234
NSF,1761441,K02,K02.1,3948,0.13570714365185899,-0.2718112497720069
NSF,1761459,K04,K04.2|K04.3,2092,-0.30220316082776133,0.060851183108553156
NSF,1761461,K01,K01.1|K01.2,1223,-0.24364491220815238,0.27710877080108753
NSF,1761471,K04,K04.1|K04.3,6511,-0.43754712868264845,-0.2631714811384972
NSF,1761549,K02,K02.1,2003,0.18777633296522755,-0.08082340143272246
NSF,1761673,K01,K01.1,2281,-0.2231304003817581,0.24154874733307852
NSF,1761772,K01,K01.1,3274,-0.12869089260212518,0.14843745366666602
NSF,1761795,K05,K05.2|K05.3,8152,-0.09572011934078972,0.0608883266133399
NSF,1761843,K01,K01.1|K01.2,2109,-0.1589660455266614,0.3289295574213936
NSF,1761887,K01,K01.1,3274,-0.12869089260212518,0.14843745366666602
NSF,1761950,K04,K04.2|K04.3,2092,-0.30220316082776133,0.060851183108553156
NSF,1761987,K02,K02.1,2077,0.12615181399340447,-0.06085205728509269
NSF,1762025,K02,K02.1,7874,0.21588857217700885,-0.17713552360299775
NSF,1762034,K05,K05.1,2377,-0.23312770302742963,0.1521428402656438
NSF,1762039,K01,K01.1,3274,-0.12869089260212518,0.14843745366666602
NSF,1762119,K04,K04.1|K04.3,1345,-0.4025288062658212,-0.0874425974405037
NSF,1762133,K02,K02.1,2237,0.057230488649747654,-0.26800532685075606
NSF,1762157,K01,K01.1,538,-0.03293339741017838,0.3896027548855917
NSF,1762160,K01,K01.1,7768,-0.11004994164247109,0.2368659205233602
NSF,1762170,K04,K04.1|K04.3,1345,-0.4025288062658212,-0.0874425974405037
NSF,1762212,K01,K01.2,2708,-0.1478158472135069,0.11397052546251915
NSF,1762245,K02,K02.2,4462,0.12113476145573081,-0.020204088260127394
NSF,1762277,K04,K04.1|K04.3,1413,-0.3535597128803658,-0.06007048655889749
NSF,1762278,K02,K02.1|K02.2,3614,0.2803906589261073,-0.23555609847026113
NSF,1762378,K01,K01.1|K01.2,568,0.006093487922732274,0.4188712755353573
NSF,1762493,K01,K01.1|K01.2,568,0.006093487922732274,0.4188712755353573
NSF,1762592,K04,K04.1|K04.3,6851,-0.37817802357255176,-0.2025094225632349
NSF,1762595,K04,K04.1|K04.3,7024,-0.36541243879880403,-0.19753459374406815
NSF,1762600,K02,K02.1|K02.2,2190,0.06971198450709722,0.07607464956839446
NSF,1762691,K02,K02.1,3300,0.2696360148088746,-0.3502941605195542
NSF,1762749,K02,K02.1,1804,0.06850360910230689,-0.22984897826769238
NSF,1762825,K04,K04.1|K04.3,6666,-0.41294666348325676,-0.2728418608491867
NSF,1762899,K02,K02.1,2237,0.057230488649747654,-0.26800532685075606
NSF,1762918,K03,K03.3,2284,-0.25516916321553257,0.0061990199972735555
NSF,1762968,K03,K03.3,2284,-0.25516916321553257,0.0061990199972735555
NSF,1762999,K01,K01.1,1220,-0.26483522802950665,0.2328857995150642
NSF,1763028,K04,K04.2|K04.3,2475,-0.2802694208677114,-0.03327778994387819
NSF,1763108,K04,K04.1|K04.3,5021,-0.11238660758910392,-0.042479525771889265
NSF,1763109,K01,K01.1,1220,-0.26483522802950665,0.2328857995150642
NSF,1763129,K02,K02.1,1804,0.06850360910230689,-0.22984897826769238
NSF,1763167,K02,K02.1,4402,0.47356227317865784,0.014196599581534214
NSF,1763203,K03,K03.2,1305,-0.18567556916889416,0.27822841087450756
NSF,1763218,K02,K02.1,1978,0.18206739819010376,-0.055073153589865545
NSF,1763294,K03,K03.2,1305,-0.18567556916889416,0.27822841087450756
NSF,1764340,K01,K01.1,1250,-0.17678126714157413,0.3475540891266845
NSF,1800452,K05,K05.1,5817,-0.25178260668172475,0.12226095434478565
NSF,1800716,K04,K04.1|K04.3,2490,-0.38086058836756437,-0.13212021370394245
NSF,1800810,K01,K01.1|K01.2,556,0.021708714235873325,0.40838916192641184
NSF,1800812,K04,K04.1|K04.3,6367,-0.39853302445546773,-0.16089152544310503
NSF,1800817,K01,K01.1|K01.2,556,0.021708714235873325,0.40838916192641184
NSF,1800825,K01,K01.1|K01.2,556,0.021708714235873325,0.40838916192641184
NSF,1800904,K02,K02.1|K02.2,4759,0.29879311979117223,0.0993096130763067
NSF,1800905,K02,K02.1|K02.2,4759,0.29879311979117223,0.0993096130763067
NSF,1800913,K02,K02.1|K02.2,4759,0.29879311979117223,0.0993096130763067
NSF,1800914,K02,K02.1|K02.2,4759,0.29879311979117223,0.0993096130763067
NSF,1801118,K02,K02.1,3641,0.41374608250259415,-0.15761766145102404
NSF,1801142,K02,K02.1,3641,0.41374608250259415,-0.15761766145102404
NSF,1801167,K01,K01.1|K01.2,3935,-0.20805617346811256,0.23455185106069706
NSF,1801251,K02,K02.1,1115,0.3059190900804737,0.016926386026309276
NSF,1801280,K02,K02.1,2844,0.3017545521353888,-0.10209924485133573
NSF,1801284,K02,K02.1,6518,0.042528567382992585,-0.312884588927542
NSF,1801329,K02,K02.1,2844,0.3017545521353888,-0.10209924485133573
NSF,1801335,K02,K02.1,4402,0.47356227317865784,0.014196599581534214
NSF,1801367,K02,K02.1,3595,0.4326000453734311,-0.06906708706593842
NSF,1801475,K02,K02.1,4761,0.44728895302313965,-0.02681880925943822
NSF,1801574,K02,K02.1,2844,0.3017545521353888,-0.10209924485133573
NSF,1801677,K02,K02.1,1376,0.15736048853930307,-0.08922508009625918
NSF,1801764,K02,K02.1,315,0.16234578583359283,-0.001376620871471279
NSF,1801785,K01,K01.1|K01.2,6488,-0.2871085576843609,0.0779635659069635
NSF,1801845,K01,K01.1|K01.2,1318,-0.09737509433514083,0.36310711725529
NSF,1801865,K04,K04.1|K04.3,3121,-0.32949858033866597,-0.02639593652000534
NSF,1801866,K02,K02.1,5085,0.38406506819930053,-0.06106443873226805
NSF,1801881,K01,K01.1,6472,-0.23129605594911284,0.1267492811034052
NSF,1801945,K02,K02.1,5085,0.38406506819930053,-0.06106443873226805
NSF,1802017,K04,K04.1|K04.3,2628,-0.451487126797824,-0.28798315903862204
NSF,1802226,K02,K02.1,1309,0.2476345603833855,0.02148789353947711
NSF,1802319,K01,K01.1|K01.2,2702,-0.2923308153125015,0.25530140005405433
NSF,1802388,K02,K02.1,3295,0.22093742421614376,-0.2780842159348409
NSF,1802394,K04,K04.1|K04.3,1891,-0.3583804155832192,-0.2799882157921363
NSF,1802458,K03,K03.2,3317,-0.05211890461995662,-0.12223188761928602
NSF,1802474,K01,K01.1,7572,-0.18242978526751813,0.29323037494323345
NSF,1802524,K02,K02.1,7338,0.09458400151061629,-0.4140846224981224
NSF,1802531,K03,K03.3,8317,-0.10658661347671548,0.06732238113790864
NSF,1802543,K02,K02.1,5407,0.1956818263666431,-0.18941557755792462
NSF,1802583,K02,K02.1,3174,0.2393939357194439,-0.4066582454184111
NSF,1802612,K02,K02.1,7866,0.24102440816731313,-0.16811721648735467
NSF,1802800,K04,K04.1|K04.3,3237,-0.3680660329435637,-0.46812560703481076
NSF,1802821,K02,K02.1,7881,0.20943262493686804,-0.178836992692912
NSF,1802944,K04,K04.1|K04.3,3237,-0.3680660329435637,-0.46812560703481076
NSF,1803035,K01,K01.1,554,0.027639132493979077,0.39781742407518283
NSF,1803055,K02,K02.1,3219,0.13169859612413992,-0.48297106096561127
NSF,1803056,K01,K01.1,274,-0.08249302761049503,0.4286135801072988
NSF,1803159,K02,K02.1,4874,0.4534218902289834,0.007788695120571634
NSF,1803166,K02,K02.1,4874,0.4534218902289834,0.007788695120571634
NSF,1803197,K01,K01.1|K01.2,3785,-0.22672993061041685,-0.037650631800393214
NSF,1803200,K04,K04.1|K04.3,6666,-0.41294666348325676,-0.2728418608491867
NSF,1803240,K01,K01.1|K01.2,3662,-0.19426866382941732,-0.00491933827811547
NSF,1803245,K02,K02.1,6654,0.057654097849770033,-0.32073727183652445
NSF,1803496,K04,K04.1|K04.3,3986,-0.37802917708474565,-0.2656846043401626
NSF,1803505,K02,K02.1,3760,0.10614340752144556,-0.4936086701349214
NSF,1803526,K01,K01.1,554,0.027639132493979077,0.39781742407518283
NSF,1803527,K04,K04.1|K04.3,2523,-0.3562346937493191,-0.1934374334129959
NSF,1803563,K05,K05.1|K05.2,349,-0.07967083258006984,0.1742255472884741
NSF,1803589,K05,K05.1|K05.2,349,-0.07967083258006984,0.1742255472884741
NSF,1803593,K02,K02.1,3219,0.13169859612413992,-0.48297106096561127
NSF,1803697,K02,K02.1|K02.2,3222,0.03472951453752425,-0.46577161346288687
NSF,1803725,K01,K01.1,686,0.04852998712571961,0.4228845872289885
NSF,1803754,K02,K02.1,3760,0.10614340752144556,-0.4936086701349214
NSF,1803823,K04,K04.1|K04.3,7327,-0.3539864886419608,-0.32454050656386924
NSF,1803919,K02,K02.1,3460,0.08451969112290213,-0.506387527018186
NSF,1803920,K03,K03.1|K03.2,3969,-0.14256332451137405,0.005666090496490521
NSF,1803955,K02,K02.1|K02.2,3476,0.07922012888989045,-0.3091087391099745
NSF,1803995,K01,K01.1|K01.2,3938,-0.1779379556595942,0.18202334839665288
NSF,1804077,K04,K04.1|K04.3,6545,-0.4212427531468299,-0.27587492896954746
NSF,1804107,K01,K01.1,274,-0.08249302761049503,0.4286135801072988
NSF,1804118,K02,K02.1|K02.2,3572,0.0640435505837103,-0.2761550756137293
NSF,1804132,K01,K01.1,600,0.01731903906111039,0.3359228775622449
NSF,1804158,K02,K02.1,3219,0.13169859612413992,-0.48297106096561127
NSF,1804166,K03,K03.3,2138,-0.17222829911257595,0.0317892103218554
NSF,1804169,K03,K03.2,3803,-0.03989295211070669,-0.04764866541951662
NSF,1804209,K02,K02.1,3760,0.10614340752144556,-0.4936086701349214
NSF,1804218,K04,K04.1|K04.3,5416,-0.3615784759874923,-0.12486642843542953
NSF,1804229,K03,K03.3,3920,-0.18432274985727826,-0.18125505109324208
NSF,1804232,K02,K02.1,3824,0.13602504076592414,-0.3126454407737066
NSF,1804243,K02,K02.1,831,0.40299418884521765,0.07369736215797752
NSF,1804255,K02,K02.1,3461,0.12765525052648002,-0.46461876146269265
NSF,1804271,K03,K03.1,3315,-0.030319718115663655,-0.13619563099263599
NSF,1804287,K03,K03.1|K03.2,4240,-0.10902467573818914,0.03421341134960598
NSF,1804321,K04,K04.1|K04.3,6853,-0.3798312596055266,-0.08787343292343328
NSF,1804429,K02,K02.1,685,0.33137039333431384,-0.038411613998673044
NSF,1804453,K04,K04.1|K04.3,4176,-0.3770370797152591,-0.28917648747431757
NSF,1804512,K02,K02.1|K02.2,693,0.24252537423468878,-0.04180416178086835
NSF,1804513,K04,K04.1|K04.3,3733,-0.3760358568614012,-0.3617479977457012
NSF,1804528,K01,K01.1,600,0.01731903906111039,0.3359228775622449
NSF,1804560,K02,K02.1,4201,0.1614066603042007,-0.21183695680163026
NSF,1804611,K03,K03.1,3315,-0.030319718115663655,-0.13619563099263599
NSF,1804635,K01,K01.1,600,0.01731903906111039,0.3359228775622449
NSF,1804672,K03,K03.1,1068,-0.06199249137854594,0.09575633566292557
NSF,1804685,K02,K02.1,3294,0.20596299118121136,-0.24092298257868847
NSF,1804702,K04,K04.1|K04.2|K04.3,3356,-0.33280235045123063,-0.3973721615471547
NSF,1804708,K02,K02.1,3198,0.08138213731795117,-0.529136436766176
NSF,1804757,K04,K04.1|K04.3,3188,-0.3808039591241224,-0.4465537951285964
NSF,1804770,K03,K03.1|K03.2,1069,-0.06195242338097689,0.10621722174851723
NSF,1804799,K01,K01.1,274,-0.08249302761049503,0.4286135801072988
NSF,1804858,K01,K01.1,4031,-0.08669612830796503,0.23008939988148439
NSF,1804941,K02,K02.1,3218,0.15292632459427763,-0.44917255326364214
NSF,1804943,K04,K04.1|K04.3,4891,-0.240630224892581,-0.15612127886251068
NSF,1804975,K02,K02.1,3216,0.10253472838946308,-0.5160210180221485
NSF,1804999,K02,K02.1,245,0.18335172862768373,-0.05763672728741158
NSF,1805029,K02,K02.1,245,0.18335172862768373,-0.05763672728741158
NSF,1805047,K04,K04.3,3766,-0.24487882964614294,-0.258446762657604
NSF,1805058,K03,K03.3,3916,-0.17590808496632504,-0.14656782044300024
NSF,1805075,K02,K02.1,7215,0.091739335645096,-0.24175084407159766
NSF,1805084,K04,K04.1|K04.3,4216,-0.4097956546281464,-0.25318897220917747
NSF,1805085,K01,K01.1|K01.2,3582,-0.22180868866848402,0.24720249897217142
NSF,1805094,K02,K02.1,3948,0.13570714365185899,-0.2718112497720069
NSF,1805127,K02,K02.1,7451,0.1525912958924428,-0.3072959688448169
NSF,1805143,K02,K02.1|K02.2,842,0.3351889749932789,0.12394676671723916
NSF,1805152,K02,K02.1,3294,0.20596299118121136,-0.24092298257868847
NSF,1805160,K02,K02.1,3948,0.13570714365185899,-0.2718112497720069
NSF,1805163,K01,K01.1,600,0.01731903906111039,0.3359228775622449
NSF,1805215,K03,K03.2,6663,-0.22567608853728022,-0.09411012380455032
NSF,1805276,K01,K01.1|K01.2,1057,0.0536738987912183,0.4026858363453353
NSF,1805293,K03,K03.1|K03.2,1069,-0.06195242338097689,0.10621722174851723
NSF,1805315,K04,K04.1|K04.3,3188,-0.3808039591241224,-0.4465537951285964
NSF,1805319,K02,K02.1,4654,0.4216118315889418,-0.0678248093564963
NSF,1805340,K02,K02.1|K02.2,4675,0.2330653695164644,-0.06639814000084562
NSF,1805358,K04,K04.1|K04.3,3446,-0.3848473047217823,-0.4282014956256778
NSF,1805406,K02,K02.1,3216,0.10253472838946308,-0.5160210180221485
NSF,1805417,K04,K04.1,1293,-0.3149171731793294,0.03255921049154402
NSF,1805490,K02,K02.1,605,0.2937522339178996,-0.13357043609937982
NSF,1805549,K02,K02.1,3294,0.20596299118121136,-0.24092298257868847
NSF,1805550,K04,K04.1|K04.3,4074,-0.357173269129992,-0.2390650118163746
NSF,1805570,K02,K02.1,7332,0.0842682415525718,-0.4059363523803654
NSF,1805584,K02,K02.1,1270,0.15015453094129272,-0.07165891677318631
NSF,1805588,K02,K02.1,7451,0.1525912958924428,-0.3072959688448169
NSF,1805617,K01,K01.1|K01.2,1057,0.0536738987912183,0.4026858363453353
NSF,1805631,K02,K02.1,3406,0.09379449108039901,-0.41415673529841324
NSF,1805656,K02,K02.1,6554,0.04722233556582932,-0.3181870935837374
NSF,1805666,K02,K02.1,6757,0.0937902549599018,-0.415156406825716
NSF,1805702,K01,K01.1,752,-0.015583506513626305,0.4150992089387583
NSF,1805718,K04,K04.1|K04.3,3360,-0.36035506903398384,-0.4120997427968661
NSF,1805721,K01,K01.1|K01.2,6170,-0.15304921576157893,0.3149279597433353
NSF,1805741,K01,K01.1,7369,-0.22928935315845905,0.15153585217223023
NSF,1805808,K05,K05.1,4212,-0.1875599423318075,0.06094088753285138
NSF,1805819,K01,K01.1|K01.2,1055,0.12057704893817246,0.43989899612131944
NSF,1805901,K02,K02.1,3822,0.1360569677562814,-0.45650544644832924
NSF,1805914,K04,K04.1|K04.2,6869,-0.3050014026472582,0.026451646795930206
NSF,1805958,K04,K04.1|K04.3,3188,-0.3808039591241224,-0.4465537951285964
NSF,1805959,K01,K01.1|K01.2,1057,0.0536738987912183,0.4026858363453353
NSF,1806037,K02,K02.1,4948,0.5546228846104588,0.06607302489086704
NSF,1806066,K02,K02.1,3921,0.12584210108787441,-0.2979640988698926
NSF,1806148,K04,K04.1|K04.3,6362,-0.4087450931123269,-0.268935195993508
NSF,1806184,K04,K04.1|K04.3,6466,-0.38267085440439164,-0.18710420436149838
NSF,1806199,K05,K05.3,6640,-0.19247015803656986,-0.028045519434442542
NSF,1806202,K02,K02.1,317,0.3319762770579588,0.022909425219522023
NSF,1806213,K02,K02.1,317,0.3319762770579588,0.022909425219522023
NSF,1806287,K02,K02.1,317,0.3319762770579588,0.022909425219522023
NSF,1806303,K01,K01.1|K01.2,2205,-0.1597202314956028,0.27502900350070447
NSF,1806383,K02,K02.1,3952,0.14765841581954964,-0.23452298074481168
NSF,1806718,K02,K02.1,3293,0.24518297343599477,-0.34014022715230396
NSF,1806785,K01,K01.1|K01.2,2112,-0.21385934373606186,0.41704054482712205
NSF,1806983,K02,K02.1,3294,0.20596299118121136,-0.24092298257868847
NSF,1807077,K01,K01.1|K01.2,4401,0.1329779711372156,0.41412877367811773
NSF,1807097,K04,K04.1|K04.3,6527,-0.4070051204183617,-0.21559592483562734
NSF,1807142,K04,K04.3,2569,-0.3244833296144558,-0.053503026283911154
NSF,1807143,K02,K02.1|K02.2,4757,0.4018191458811433,0.05419544589968066
NSF,1807169,K02,K02.1|K02.2,4404,0.405757059326719,0.06444600414079583
NSF,1807260,K04,K04.1|K04.3,6318,-0.401714310316821,-0.20751254322552687
NSF,1807416,K01,K01.1|K01.2,2008,-0.1698903125144708,0.30492375997045307
NSF,1807536,K04,K04.1|K04.3,6585,-0.353485728491045,-0.17664600552769982
NSF,1807807,K02,K02.1|K02.2,4413,0.3834216526167765,0.03368115354093859
NSF,1807813,K01,K01.1|K01.2,2535,-0.25433484223230923,0.21373028960475912
NSF,1807823,K04,K04.1|K04.3,6666,-0.41294666348325676,-0.2728418608491867
NSF,1807974,K04,K04.1|K04.3,2518,-0.4266999213860361,-0.11785225823599291
NSF,1808169,K05,K05.1,6574,-0.25136759246302237,-0.09145087539179828
NSF,1808233,K02,K02.1|K02.2,4413,0.3834216526167765,0.03368115354093859
NSF,1808869,K01,K01.1,5382,-0.13837531076133708,0.22781401994358538
NSF,1808988,K04,K04.1|K04.2|K04.3,2519,-0.3650045568294448,-0.15654174658327857
NSF,1809164,K04,K04.1|K04.3,6552,-0.41284432159372464,-0.22737322339896793
NSF,1809182,K04,K04.1|K04.3,6552,-0.41284432159372464,-0.22737322339896793
NSF,1809314,K04,K04.1|K04.2|K04.3,2519,-0.3650045568294448,-0.15654174658327857
NSF,1809324,K01,K01.1|K01.2,2134,-0.2302456736653974,0.3224500998931935
NSF,1809404,K04,K04.1|K04.3,6552,-0.41284432159372464,-0.22737322339896793
NSF,1809412,K01,K01.1|K01.2,2134,-0.2302456736653974,0.3224500998931935
NSF,1809830,K02,K02.1,6715,0.12635886605095686,-0.23281314795358501
NSF,1809907,K01,K01.1|K01.2,2008,-0.1698903125144708,0.30492375997045307
NSF,1810025,K02,K02.1,4939,0.27518794983518335,-0.163665766859192
NSF,1810105,K04,K04.1,6562,-0.3655635482977751,-0.1849219257155539
NSF,1810144,K04,K04.1|K04.3,6474,-0.3869569998295169,-0.2012823526735355
NSF,1810151,K01,K01.1|K01.2,2134,-0.2302456736653974,0.3224500998931935
NSF,1810179,K02,K02.1,7665,0.1936065571183639,-0.17488166675305486
NSF,1810476,K01,K01.1|K01.2,2008,-0.1698903125144708,0.30492375997045307
NSF,1810537,K04,K04.3,2569,-0.3244833296144558,-0.053503026283911154
NSF,1810576,K01,K01.1|K01.2,2008,-0.1698903125144708,0.30492375997045307
NSF,1810616,K02,K02.1|K02.2,4413,0.3834216526167765,0.03368115354093859
NSF,1810641,K02,K02.1,2745,0.19242767770559982,-0.1904997953457998
NSF,1810647,K01,K01.1|K01.2,2134,-0.2302456736653974,0.3224500998931935
NSF,1810800,K04,K04.1|K04.2,2591,-0.3754568352867101,-0.12364178937733991
NSF,1810802,K01,K01.1|K01.2,2134,-0.2302456736653974,0.3224500998931935
NSF,1810855,K03,K03.1|K03.2,370,-0.030317501234569638,0.2861925585208164
NSF,1810870,K01,K01.1,1379,-0.25449478876582193,0.21849201198806562
NSF,1810876,K01,K01.1,1379,-0.25449478876582193,0.21849201198806562
NSF,1810886,K01,K01.1|K01.2,2134,-0.2302456736653974,0.3224500998931935
NSF,1810899,K01,K01.1,1379,-0.25449478876582193,0.21849201198806562
NSF,1810907,K01,K01.1,1379,-0.25449478876582193,0.21849201198806562
NSF,1810961,K01,K01.1|K01.2,6653,-0.26895851252277114,0.08791371075901529
NSF,1810976,K01,K01.1,815,0.1430884575078098,0.45128209494762295
NSF,1811084,K01,K01.1,1379,-0.25449478876582193,0.21849201198806562
NSF,1811199,K05,K05.1,3999,-0.22311905866533704,-0.03784941644493298
NSF,1811883,K02,K02.1|K02.2,1701,0.09740644086196336,-0.03962333495403575
NSF,1811909,K02,K02.1,286,0.27640640539269246,-0.022802867355518827
NSF,1812019,K02,K02.1,286,0.27640640539269246,-0.022802867355518827
NSF,1812385,K01,K01.1,273,-0.05824747839064405,0.3665575688898357
NSF,1812521,K01,K01.1|K01.2,3138,-0.19753821486718723,0.13766659064496367
NSF,1812524,K04,K04.1|K04.3,5811,-0.3958247888918786,-0.05576412074780082
NSF,1812550,K01,K01.1,3703,-0.17394190464762033,0.019348437999920698
NSF,1812569,K01,K01.1,3703,-0.17394190464762033,0.019348437999920698
NSF,1812620,K01,K01.1|K01.2,3138,-0.19753821486718723,0.13766659064496367
NSF,1812697,K01,K01.1|K01.2,3558,-0.1986930790886774,0.16557904119760855
NSF,1813611,K02,K02.1,742,0.3262743947172203,0.026798754470299807
NSF,1814923,K04,K04.1|K04.3,5925,-0.3751686608049885,-0.016512404468351463
NSF,1815138,K02,K02.1,31,0.2760877517234138,-0.04398056602281168
NSF,1815209,K02,K02.1,8278,0.19007254948135904,-0.09422906136714285
NSF,1815310,K01,K01.1|K01.2,7778,-0.1831728585859056,0.2872816907521204
NSF,1816080,K01,K01.1|K01.2,7778,-0.1831728585859056,0.2872816907521204
NSF,1816763,K01,K01.1|K01.2,7778,-0.1831728585859056,0.2872816907521204
NSF,1816938,K04,K04.1|K04.3,5925,-0.3751686608049885,-0.016512404468351463
NSF,1817295,K03,K03.3,1209,-0.0055118019781655175,0.34209691092862893
NSF,1817346,K04,K04.1,5803,-0.3052561948754774,-0.14178981367634813
NSF,1818038,K05,K05.1|K05.3,7240,-0.14802299120542742,-0.11595026343584006
NSF,1818485,K02,K02.1,288,0.25216085617284145,0.03925314386194423
NSF,1818501,K01,K01.1|K01.2,4568,0.08129300481278078,0.36512793257221166
NSF,1818526,K04,K04.1|K04.3,2975,-0.361395939779947,-0.1679543516135014
NSF,1818550,K01,K01.1|K01.2,3937,-0.20487715838958326,0.12812092432457664
NSF,1818552,K01,K01.2,2897,-0.1481173744816127,0.18153218098759755
NSF,1818597,K02,K02.1,4541,0.3843755262390196,-0.047007870260558485
NSF,1818795,K04,K04.1|K04.3,7031,-0.345327463703716,-0.2182067979362813
NSF,1818982,K04,K04.1,6210,-0.29236836971705205,-0.0008063158607936084
NSF,1819302,K04,K04.1|K04.3,5965,-0.36264698862522954,-0.1661634665436226
NSF,1819321,K04,K04.1|K04.3,6358,-0.3904080513666849,-0.25024702337451743
NSF,1819345,K04,K04.1|K04.3,6212,-0.33709428521042867,-0.20387031615298096
NSF,1819399,K03,K03.1|K03.3,2647,-0.2359986618474999,0.07325429694162289
NSF,1819727,K01,K01.1|K01.2,7513,-0.10439006651135836,0.15244992969558288
NSF,1819785,K04,K04.1|K04.3,6317,-0.4063412323776359,-0.2640740309826535
NSF,1819920,K04,K04.1,5741,-0.3043188948760945,0.002259353748666707
NSF,1819970,K01,K01.1,3162,-0.233223418725168,0.0657498099130456
NSF,1820122,K04,K04.1,7348,-0.3289528155093969,-0.3252449825032664
NSF,1820290,K04,K04.1|K04.3,3188,-0.3808039591241224,-0.4465537951285964
NSF,1820488,K03,K03.3,2568,-0.22190184296920323,0.07993487438798758
NSF,1820773,K03,K03.1|K03.2,8047,-0.1902538656737493,0.16988289081776975
NSF,1820842,K02,K02.1|K02.2,2407,0.053974220114363355,-0.135444841802771
NSF,1820848,K02,K02.1|K02.2,2407,0.053974220114363355,-0.13544484180277103
NSF,1820850,K04,K04.1|K04.3,4821,0.004525596742650698,-0.03580446830805317
NSF,1820883,K02,K02.1,2254,0.25349100590838397,-0.07927414169071295
NSF,1820927,K02,K02.1,840,0.4464608550945881,0.035691205358074324
NSF,1820953,K02,K02.1,316,0.2028961254593542,-0.04864116099402821
NSF,1821104,K01,K01.1,4397,0.13890838939532135,0.40355703582688873
NSF,1821526,K04,K04.3,6333,-0.36137576718690256,-0.23128580277827848
NSF,1821999,K04,K04.1|K04.3,3236,-0.38203772461246477,-0.476844415533767
NSF,1822015,K02,K02.1,912,0.3131791185059691,0.033067597424562015
NSF,1822091,K06,K06.1|K06.2,5384,-0.08274771891202731,-0.0007458311229375236
NSF,1822101,K04,K04.1|K04.3,3496,-0.3931907025680784,-0.3645252164411147
NSF,1822156,K04,K04.1|K04.3,6729,-0.4104762418810881,-0.1520682597056329
NSF,1822163,K04,K04.1,7147,-0.3064000159375583,-0.09744232233303729
NSF,1822184,K04,K04.1|K04.3,6587,-0.4188361314185804,-0.15640660624044286
NSF,1822206,K04,K04.1|K04.3,6334,-0.44602318423146764,-0.3051923066846818
NSF,1822214,K02,K02.1,1387,0.11704104845266101,-0.10796589754623523
NSF,1822230,K01,K01.1|K01.2,8097,-0.13925436842876365,0.23510435192688103
NSF,1822266,K01,K01.1|K01.2,7759,-0.15228994075276647,0.21110512460035002
NSF,1822307,K01,K01.1,1829,-0.19124046061919373,0.33621794945488115
NSF,1822406,K01,K01.1|K01.2,617,0.05957865931139887,0.4086107054435837
NSF,1822424,K01,K01.1|K01.2,8324,-0.08456619160245829,0.2745414655757178
NSF,1822436,K04,K04.1|K04.3,2222,-0.33974924973141296,-0.13669819995149315
NSF,1822482,K01,K01.1|K01.2,1382,-0.1730406503627036,0.3422465843121023
NSF,1822484,K01,K01.1|K01.2,1382,-0.1730406503627036,0.3422465843121023
NSF,1822488,K01,K01.1|K01.2,1382,-0.1730406503627036,0.3422465843121023
NSF,1822664,K02,K02.1,2822,0.23832118719829876,-0.06093093505472694
NSF,1823002,K03,K03.3,7469,0.10308865768055396,0.2111768032687679
NSF,1823069,K02,K02.1,3791,0.14178447367735986,-0.43482346924561
NSF,1823119,K02,K02.1,5610,0.11382620693096827,-0.24611810981088175
NSF,1823121,K03,K03.2,1832,-0.06083377812679984,0.1995997126744373
NSF,1823279,K01,K01.1,2381,-0.24729435441836994,0.24944957250998356
NSF,1823325,K01,K01.1,6929,-0.24832520263052277,0.24279279750553143
NSF,1823509,K04,K04.2,1373,-0.1380784062658798,0.08227563209111183
NSF,1823530,K03,K03.2,1324,-0.07062013386903122,0.27299186356370375
NSF,1823552,K02,K02.1,2953,0.21139209029539124,-0.15962678980709205
NSF,1823618,K02,K02.1,5424,0.21297867742682464,-0.1895656314779588
NSF,1823717,K01,K01.1,813,0.0533658720269488,0.5002190317594845
NSF,1823833,K02,K02.1,8284,0.19280428241010855,-0.17552244933860964
NSF,1823873,K02,K02.1,6149,0.32624169618417953,-0.04776407544941863
NSF,1823899,K04,K04.1|K04.3,2782,-0.289823316795847,-0.1342692228573134
NSF,1823912,K02,K02.1|K02.2,7619,0.14360159011993612,-0.13042613861006694
NSF,1823978,K02,K02.1,7899,0.19505570892990315,-0.15766837015644308
NSF,1824066,K01,K01.2,8244,-0.11518848373525872,0.10087382080680617
NSF,1824119,K04,K04.3,3246,-0.3021409184253534,-0.3793686309926223
NSF,1824152,K02,K02.1,3855,0.27488644461395983,-0.15601035252170922
NSF,1824223,K01,K01.1|K01.2,1431,-0.2599936452394924,0.3931176027665588
NSF,1824277,K01,K01.1,6838,-0.23400993734037429,0.29569278783756237
NSF,1824317,K05,K05.2,5687,-0.17272407684492264,-0.01002565829643956
NSF,1824394,K01,K01.2,377,-0.11613795440207304,0.24399438463987103
NSF,1824500,K02,K02.1,8259,0.20192731418263454,-0.16961245291264365
NSF,1824647,K02,K02.1,2395,0.08131082596966142,-0.2698301209952795
NSF,1824681,K03,K03.2,2223,-0.19975731576897654,0.10921161397857268
NSF,1824710,K01,K01.1,2641,-0.2716211853288553,0.27657274347258387
NSF,1824716,K01,K01.1,2641,-0.2716211853288553,0.27657274347258387
NSF,1824770,K02,K02.1|K02.2,767,0.25866176174765143,-0.002795674086633032
NSF,1824807,K05,K05.1,3656,-0.10455673990375011,-0.029935330164521254
NSF,1824820,K02,K02.1,3300,0.2696360148088746,-0.3502941605195542
NSF,1824829,K03,K03.3,2334,-0.15370631323776163,0.07158771954656526
NSF,1824871,K03,K03.1,4846,-0.008587657955595962,0.07874044604745534
NSF,1824949,K02,K02.1,6102,0.20702606775779592,-0.18688057218270446
NSF,1824951,K02,K02.1,4117,0.16440208047467247,-0.13492542036700725
NSF,1824976,K02,K02.1,2094,0.14694076739862505,-0.18907461230668385
NSF,1824995,K03,K03.3,231,-0.18912545975431572,0.08495315569957401
NSF,1825046,K02,K02.1,4178,0.21313106344166283,-0.14961992301823734
NSF,1825053,K01,K01.1,5793,-0.18828615033113522,0.17504260174962424
NSF,1825123,K02,K02.1,1982,0.22694604852361155,-0.08455762638819503
NSF,1825189,K03,K03.3,1854,-0.2071555341656312,0.05427120570809222
NSF,1825249,K01,K01.1,2288,-0.2085214977527869,0.3078391756745191
NSF,1825341,K02,K02.1,2231,0.2321360969602973,-0.052064746776603166
NSF,1825351,K01,K01.1,2288,-0.2085214977527869,0.3078391756745191
NSF,1825367,K02,K02.1,1982,0.22694604852361155,-0.08455762638819503
NSF,1825486,K05,K05.1,2096,-0.18965367120379895,-0.010619621724849232
NSF,1825490,K05,K05.1,2096,-0.18965367120379895,-0.010619621724849232
NSF,1825691,K02,K02.1,1386,0.08015909501751455,-0.17086842425728885
NSF,1825712,K05,K05.1,2096,-0.18965367120379895,-0.010619621724849232
NSF,1825858,K02,K02.1,7490,0.21813353272868002,-0.19532646393802885
NSF,1825908,K03,K03.3,231,-0.18912545975431572,0.08495315569957401
NSF,1826003,K02,K02.1,5698,0.1101781696417967,-0.20895429440625776
NSF,1826134,K04,K04.1,1589,-0.24699952540526737,0.0419619426635426
NSF,1826155,K03,K03.1|K03.3,2533,-0.16912860642844893,0.20027761687551268
NSF,1826161,K03,K03.1|K03.3,2533,-0.16912860642844893,0.20027761687551268
NSF,1826162,K02,K02.1,5698,0.1101781696417967,-0.20895429440625776
NSF,1826322,K02,K02.1,2231,0.2321360969602973,-0.052064746776603166
NSF,1826356,K04,K04.1|K04.3,1413,-0.3535597128803658,-0.06007048655889749
NSF,1826364,K04,K04.1|K04.3,1413,-0.3535597128803658,-0.06007048655889749
NSF,1826407,K02,K02.1,2020,0.14497150073393472,-0.11885301372563051
NSF,1826455,K02,K02.1,2043,0.21587979436917637,-0.034647379366660416
NSF,1826458,K01,K01.1,2288,-0.2085214977527869,0.3078391756745191
NSF,1826712,K02,K02.1|K02.2,844,0.3838875655860097,0.05173682213252587
NSF,1826737,K02,K02.1,6777,0.18410552822947762,-0.1945563318408977
NSF,1826839,K02,K02.1,5148,0.31715063385372333,-0.13324605440725037
NSF,1826924,K01,K01.1|K01.2,2211,-0.21747996303981598,0.2340387602523149
NSF,1827364,K04,K04.1|K04.3,6755,-0.3827236185304774,-0.34304990788937506
NSF,1827464,K02,K02.1,7909,0.15373560617562787,-0.20197866722266786
NSF,1827505,K04,K04.1|K04.3,5744,-0.35900401544772875,-0.025295732188623986
NSF,1827517,K04,K04.1|K04.3,6473,-0.41037849290238104,-0.25648450971010495
NSF,1827654,K01,K01.1|K01.2,534,-0.08059834356991098,0.361250332067261
NSF,1827665,K04,K04.1|K04.3,4014,-0.3775037244392859,-0.1672378404646867
NSF,1827729,K04,K04.1|K04.3,2374,-0.3922515767469475,-0.012265743029013457
NSF,1827757,K01,K01.2,6823,-0.2121197760752051,0.1564204497225827
NSF,1827774,K04,K04.2|K04.3,1241,-0.27579893723284166,0.11723653303198729
NSF,1827817,K02,K02.1,3813,0.1767558889137218,-0.3351014616642992
NSF,1827827,K02,K02.1|K02.2,6880,0.04050070926559364,-0.20269280749557836
NSF,1827851,K02,K02.1,1630,0.1614546269413072,-0.10174176705649175
NSF,1827863,K02,K02.1,1365,0.12054525102785192,-0.1648186425473014
NSF,1827866,K02,K02.1,1365,0.12054525102785192,-0.1648186425473014
NSF,1827870,K02,K02.1,1365,0.12054525102785192,-0.1648186425473014
NSF,1827910,K02,K02.1,7674,0.20147187673014133,-0.17825486854569658
NSF,1828096,K05,K05.3,1498,-0.13570758885401646,0.114038038284498
NSF,1828250,K01,K01.1,4588,0.006446917076641259,0.398958734277181
NSF,1828257,K01,K01.1,7610,-0.04404894104258738,0.21219491778585658
NSF,1828443,K04,K04.2|K04.3,6559,-0.34461941947254815,-0.19514942915740494
NSF,1828541,K04,K04.1,6532,-0.3614942318555857,-0.17225084607941257
NSF,1828679,K01,K01.1|K01.2,561,0.08460715316275479,0.38984799876661524
NSF,1828710,K01,K01.1,1590,-0.21947722564299432,0.44663719341775343
NSF,1828920,K01,K01.1,4399,0.03244681528835967,0.3575348406848591
NSF,1829066,K04,K04.1|K04.3,5963,-0.35946038581389705,-0.08768827715271918
NSF,1829160,K02,K02.1,3065,0.209583579834281,-0.1621874539452451
NSF,1829188,K02,K02.1,1366,0.1331816552431474,-0.039860104618784725
NSF,1829221,K01,K01.1,4399,0.03244681528835967,0.3575348406848591
NSF,1829224,K05,K05.3,8095,-0.09717054744352761,0.023925052877040606
NSF,1829321,K04,K04.2,2137,-0.22749681699417534,-0.07781860237565003
NSF,1829339,K04,K04.2|K04.3,6356,-0.331390730774446,-0.18016655071713114
NSF,1829393,K01,K01.2,4993,0.11035430945781517,0.2791847234419925
NSF,1829412,K01,K01.1,1786,-0.2513062257982479,0.2079457478911876
NSF,1829433,K01,K01.1,1786,-0.2513062257982479,0.2079457478911876
NSF,1829442,K01,K01.1|K01.2,1453,-0.15319670272320246,0.41138120347417095
NSF,1829519,K02,K02.1,4499,0.38399744328456953,-0.06997451876243513
NSF,1829627,K01,K01.1|K01.2,3678,-0.1848059291277721,0.07628682644008708
NSF,1829639,K01,K01.1|K01.2,3678,-0.1848059291277721,0.07628682644008708
NSF,1829753,K02,K02.1,4443,0.4107646033838206,-0.08710642328363585
NSF,1829778,K02,K02.1|K02.2,547,0.4875257015286979,0.09130283055082107
NSF,1829796,K02,K02.1,985,0.3031638179616028,-0.08191142365948853
NSF,1829803,K02,K02.1,2828,0.2870197777910296,-0.1331408796394402
NSF,1829817,K01,K01.1,813,0.0533658720269488,0.5002190317594845
NSF,1829867,K02,K02.1,4742,0.5764257954681248,-0.0030692592831564336
NSF,1829890,K02,K02.1,4339,0.602699115623643,0.037946149557816
NSF,1829893,K02,K02.1,2828,0.2870197777910296,-0.1331408796394402
NSF,1829898,K02,K02.1,4742,0.5764257954681248,-0.0030692592831564336
NSF,1829921,K02,K02.1,4339,0.602699115623643,0.037946149557816
NSF,1829922,K02,K02.1,4339,0.602699115623643,0.037946149557816
NSF,1829969,K02,K02.1,831,0.40299418884521765,0.07369736215797752
NSF,1829976,K02,K02.1,4776,0.47947364570768125,-0.1872410343217256
NSF,1829981,K02,K02.1,3296,0.34392646184248676,-0.32397060166479064
NSF,1829992,K02,K02.1,4337,0.5440808512209415,0.10193633720035662
NSF,1829999,K04,K04.1|K04.2,8090,-0.1987369358559914,-0.04764651346080659
NSF,1830002,K01,K01.1,3278,-0.07024979331782238,0.07327006351061041
NSF,1830011,K01,K01.1,3278,-0.07024979331782238,0.07327006351061041
NSF,1830024,K02,K02.1,1479,0.20990144937114485,0.00703850306889299
NSF,1830029,K02,K02.1,4443,0.4107646033838206,-0.08710642328363585
NSF,1830036,K03,K03.1,2673,-0.044107537286367446,0.10048979096300148
NSF,1830047,K02,K02.1,2828,0.2870197777910296,-0.1331408796394402
NSF,1830056,K02,K02.1,1479,0.20990144937114485,0.00703850306889299
NSF,1830104,K04,K04.1,7274,-0.22985997179348866,-0.07225008564651783
NSF,1830105,K05,K05.1,4204,-0.16843863920537105,0.07738862134485275
NSF,1830169,K02,K02.1,1631,0.16793871333785781,-0.10557185814131619
NSF,1830172,K02,K02.1,3946,0.1480960628968886,-0.24205338775261884
NSF,1830331,K01,K01.1|K01.2,1664,-0.17164711200477162,0.4484082965477768
NSF,1830399,K01,K01.1|K01.2,1664,-0.17164711200477162,0.4484082965477768
NSF,1830511,K05,K05.2,433,-0.1521611103973724,0.1296906070546316
NSF,1830640,K01,K01.1|K01.2,1252,-0.18271168539967989,0.3581258269779136
NSF,1830642,K05,K05.1,5950,-0.18203613054622786,0.021036986670623408
NSF,1830717,K02,K02.1,1480,0.2586000399638757,-0.0651714415158203
NSF,1830718,K05,K05.1,4204,-0.16843863920537105,0.07738862134485275
NSF,1830746,K04,K04.1|K04.3,2615,-0.39160449247683526,-0.11780535548967294
NSF,1830750,K01,K01.2,5989,-0.18951971090350134,0.051479230983323146
NSF,1830752,K02,K02.1,6146,0.317071129244791,-0.07275381411666479
NSF,1830856,K02,K02.1,4339,0.602699115623643,0.037946149557816
NSF,1830933,K05,K05.1|K05.3,4215,-0.12474951889873896,0.030288137519388077
NSF,1830955,K03,K03.3,696,-0.06727564902982283,0.2201099060499648
NSF,1830987,K04,K04.1|K04.3,7352,-0.3760167598224105,-0.36618921151078465
NSF,1831013,K02,K02.1,3042,0.23121397096434493,-0.1986133320814745
NSF,1831027,K05,K05.1|K05.3,4215,-0.12474951889873896,0.030288137519388077
NSF,1831086,K04,K04.1|K04.3,5776,-0.3565310472771525,-0.15420674667469494
NSF,1831090,K04,K04.1|K04.3,6701,-0.38822368485006614,-0.2441075820671386
NSF,1831140,K04,K04.1|K04.3,5729,-0.3567031904384782,-0.13354572158981456
NSF,1831148,K04,K04.1|K04.3,7352,-0.3760167598224105,-0.36618921151078465
NSF,1831168,K04,K04.3,2908,-0.2580799143417567,0.021359045751228434
NSF,1831178,K04,K04.1|K04.3,6854,-0.35816898466646463,-0.16140866016751024
NSF,1831191,K04,K04.1|K04.3,6738,-0.41024451687366836,-0.13513065007043282
NSF,1831205,K02,K02.1,1896,0.22612384153834192,-0.043404786510957624
NSF,1831206,K04,K04.1|K04.3,3189,-0.36683226745522135,-0.43783498662964027
NSF,1831220,K04,K04.1|K04.3,6362,-0.4087450931123269,-0.268935195993508
NSF,1831244,K01,K01.1|K01.2,3934,-0.24400023120251768,0.270579881622936
NSF,1831347,K05,K05.1,5756,-0.18813844464129537,0.045982569953287394
NSF,1831382,K03,K03.2,371,0.047737773233580874,0.26553304742857453
NSF,1831405,K03,K03.2,371,0.047737773233580874,0.26553304742857453
NSF,1831450,K03,K03.2,371,0.047737773233580874,0.26553304742857453
NSF,1831475,K04,K04.1,2031,-0.3064399239301467,0.1323788848994589
NSF,1831669,K01,K01.1|K01.2,3805,-0.20981220327610722,0.19074260584675726
NSF,1831770,K04,K04.1,1639,-0.2954491835386472,0.08052024460634322
NSF,1831805,K04,K04.1|K04.3,6832,-0.3805057456550848,-0.22232423261506776
NSF,1831811,K04,K04.1|K04.3,2639,-0.4332113791194955,-0.15465543644562688
NSF,1832011,K02,K02.1,2803,0.15340077820996156,-0.07349405712284512
NSF,1832065,K02,K02.1,445,0.2186267862929312,0.016422344638304887
NSF,1832068,K03,K03.1,2019,-0.16952603529856292,0.09619569892598656
NSF,1832121,K02,K02.1,935,0.27385734640023257,0.04994781218169572
NSF,1832177,K01,K01.1|K01.2,565,0.07548942710535354,0.3843598350437504
NSF,1832178,K02,K02.1|K02.2,4693,0.4849847762558076,0.09677737719310678
NSF,1832187,K03,K03.3,1233,-0.20196816752494157,0.22574207379683237
NSF,1832191,K02,K02.1,8258,0.2113245929458586,-0.17650137505137398
NSF,1832195,K04,K04.1|K04.3,4203,-0.2972410653772582,-0.13552572713363892
NSF,1832196,K04,K04.1|K04.3,4203,-0.2972410653772582,-0.13552572713363892
NSF,1832203,K04,K04.1|K04.3,4203,-0.2972410653772582,-0.13552572713363892
NSF,1832208,K05,K05.2,2682,-0.16894627900809517,-0.012135282162965343
NSF,1832213,K04,K04.1|K04.3,6241,-0.2820563395579595,-0.14061877639045225
NSF,1832214,K04,K04.1,6265,-0.2239709455629172,-0.014614728929070307
NSF,1832230,K05,K05.2,2686,-0.15502151699363004,-0.009035998927436936
NSF,1832233,K04,K04.1|K04.3,4203,-0.2972410653772582,-0.13552572713363892
NSF,1832287,K04,K04.2|K04.3,2471,-0.34944392273332353,-0.16434012750741425
NSF,1832290,K04,K04.2|K04.3,2471,-0.34944392273332353,-0.16434012750741425
NSF,1832294,K03,K03.3,1289,-0.17791689415161555,0.24385660326260475
NSF,1832315,K01,K01.1,8127,-0.029812152088775468,0.33245458387391913
NSF,1832393,K02,K02.1,726,0.2892897165417751,-0.008036646551816545
NSF,1832407,K02,K02.1,2916,0.20958444351931577,-0.16505865310364803
NSF,1832442,K02,K02.1,2709,0.15057125992684994,-0.22987958933441918
NSF,1832483,K02,K02.1,4294,0.5801852655707379,0.042356675866510415
NSF,1832510,K06,K06.2|K06.3,8321,-0.08989806897776864,0.034272484482326074
NSF,1832576,K03,K03.1|K03.3,1728,-0.21643705591995382,0.0893841906663657
NSF,1832578,K03,K03.1|K03.3,2668,-0.1592612338056275,0.19906273414271888
NSF,1832587,K03,K03.1|K03.3,2668,-0.1592612338056275,0.19906273414271888
NSF,1832591,K02,K02.1,2710,0.17001558236658576,-0.22014427349329158
NSF,1832635,K03,K03.1|K03.3,2668,-0.1592612338056275,0.19906273414271888
NSF,1832642,K02,K02.1|K02.2,2699,0.07596601927282041,-0.16754606485251972
NSF,1832662,K02,K02.1,1760,0.1651774546880191,-0.03502909613967364
NSF,1832678,K03,K03.1|K03.3,1728,-0.21643705591995382,0.0893841906663657
NSF,1832680,K03,K03.1|K03.3,2668,-0.1592612338056275,0.19906273414271888
NSF,1832683,K04,K04.1|K04.3,2687,-0.3127862957426017,-0.06691606833702095
NSF,1832688,K04,K04.1|K04.3,2687,-0.3127862957426017,-0.06691606833702095
NSF,1832692,K02,K02.1,2522,0.1324962131180598,-0.244086070379373
NSF,1832693,K03,K03.3,1748,-0.22049544649395475,0.2022407294799669
NSF,1832710,K02,K02.1,1110,0.2123489396811385,-0.13807694856942557
NSF,1832711,K04,K04.1|K04.3,2687,-0.3127862957426017,-0.06691606833702095
NSF,1832713,K02,K02.1,2706,0.11655459950859216,-0.4278752953140651
NSF,1832756,K01,K01.1|K01.2,3559,-0.20710774397963058,0.13089181054736668
NSF,1832828,K01,K01.1|K01.2,4366,0.2397794068722583,0.40711347305454226
NSF,1832837,K02,K02.1,4721,0.46079773151679193,0.11074321040280301
NSF,1833076,K02,K02.1,2048,0.15577455372403703,-0.15902948111133433
NSF,1833084,K02,K02.1,2048,0.15577455372403703,-0.15902948111133433
NSF,1833117,K03,K03.3,454,-0.14341977850667337,0.1897489760403626
NSF,1833173,K02,K02.1,2945,0.2584361267682822,-0.07002906003675752
NSF,1833198,K01,K01.2,7256,-0.20679590515474305,-0.11100165080390617
NSF,1833200,K03,K03.3,454,-0.14341977850667337,0.1897489760403626
NSF,1833201,K01,K01.1|K01.2,1093,0.19645940512154608,0.4509352066998057
NSF,1833215,K01,K01.1|K01.2,1093,0.19645940512154608,0.4509352066998057
NSF,1833225,K05,K05.1,8092,-0.14666298517554544,0.10511642095917419
NSF,1833298,K05,K05.3,1785,-0.12399602861609146,0.1092694964422673
NSF,1833988,K02,K02.1|K02.2,4782,0.32389217170699586,-0.1368077262311295
NSF,1834290,K02,K02.1,544,0.25846208424034645,-0.0714778778592535
NSF,1834492,K02,K02.1,964,0.30169475145277036,-0.006933257854256955
NSF,1834687,K02,K02.1|K02.2,6381,0.12758228796163118,-0.13281305412273697
NSF,1834724,K04,K04.1|K04.3,3689,-0.4107766384249181,-0.33177220569698695
NSF,1834739,K02,K02.1,291,0.32690900861877004,0.027477440406235107
NSF,1834986,K02,K02.1,5063,0.4295141848474495,-0.056749525472019446
NSF,1835507,K01,K01.1,773,-0.037170126296155376,0.45346323236891883
NSF,1835569,K03,K03.1,3961,-0.18077605279206058,0.03419586062689071
NSF,1835576,K03,K03.2,940,-0.11325960199496742,0.22722638698129816
NSF,1835602,K04,K04.1,4116,-0.20070587253071914,0.044261547984901714
NSF,1835704,K03,K03.1,3961,-0.18077605279206058,0.03419586062689071
NSF,1835739,K01,K01.1,1157,-0.10210475332281926,0.3914956482935663
NSF,1835794,K03,K03.1,3961,-0.18077605279206058,0.03419586062689071
NSF,1835818,K03,K03.1,3961,-0.18077605279206058,0.03419586062689071
NSF,1835855,K03,K03.1,3961,-0.18077605279206058,0.03419586062689071
NSF,1835860,K03,K03.2,940,-0.11325960199496742,0.22722638698129816
NSF,1835864,K03,K03.1|K03.2,4046,-0.0994924031162059,0.1801274984495236
NSF,1835897,K03,K03.1,3960,-0.195750485826993,0.0713570939830431
NSF,1835903,K03,K03.1,3961,-0.18077605279206058,0.03419586062689071
NSF,1836377,K01,K01.1|K01.2,1018,-0.0033550037434016966,0.5053693714219536
NSF,1836381,K01,K01.1|K01.2,1018,-0.0033550037434016966,0.5053693714219536
NSF,1836410,K05,K05.1,1483,-0.06065592335817911,0.1825847138629736
NSF,1836426,K01,K01.1,813,0.0533658720269488,0.5002190317594845
NSF,1836428,K02,K02.1,1391,0.14149408982554085,-0.11811983091348546
NSF,1836473,K02,K02.1,839,0.44391370372940275,0.03693957867006316
NSF,1836505,K03,K03.1,1633,-0.17025005392802756,0.17410428462558694
NSF,1836523,K01,K01.1|K01.2,1177,0.0673028106137162,0.47681934278870985
NSF,1836719,K04,K04.1|K04.3,3988,-0.3640574854158446,-0.2569657958412065
NSF,1836746,K04,K04.1|K04.3,1347,-0.3797188913752541,-0.061731090571709085
NSF,1836827,K02,K02.1,2517,0.10656893856071066,-0.23288014690016076
NSF,1836839,K02,K02.1,4302,0.4960622233787165,0.04701967382342749
NSF,1836861,K02,K02.1,4302,0.4960622233787165,0.04701967382342749
NSF,1836868,K02,K02.1,3946,0.1480960628968886,-0.24205338775261884
NSF,1836873,K02,K02.1,4302,0.4960622233787165,0.04701967382342749
NSF,1836981,K02,K02.1|K02.2,797,0.3613737155331047,0.056147348441220324
NSF,1837125,K04,K04.3,6735,-0.3153274430251013,-0.15038055432234082
NSF,1837135,K04,K04.3,6735,-0.3153274430251013,-0.15038055432234082
NSF,1837210,K04,K04.1|K04.3,6964,-0.3587850402768901,-0.17088374206129986
NSF,1837244,K04,K04.1|K04.3,6964,-0.3587850402768901,-0.17088374206129986
NSF,1837473,K04,K04.1|K04.3,5153,-0.19432372992282693,-0.14912224997944992
NSF,1837481,K04,K04.1|K04.3,6964,-0.3587850402768901,-0.17088374206129986
NSF,1837544,K03,K03.2,258,-0.15317013168305102,0.25948885681922185
NSF,1837646,K01,K01.1,813,0.0533658720269488,0.5002190317594845
NSF,1837652,K04,K04.1|K04.3,6964,-0.3587850402768901,-0.17088374206129986
NSF,1838022,K03,K03.2|K03.3,3122,-0.14867176892809025,0.10776669526581677
NSF,1838024,K03,K03.2|K03.3,7486,-0.14327007429723193,0.11235844231771432
NSF,1838159,K04,K04.1|K04.3,5032,-0.31756517507079035,-0.02481386623738075
NSF,1838241,K04,K04.1|K04.2|K04.3,7065,-0.31343598221032265,-0.19193895867382288
NSF,1838281,K01,K01.1|K01.2,4246,-0.18579622843343463,0.11002785187915333
NSF,1838393,K02,K02.1,5064,0.4311323879021277,-0.028186286513950803
NSF,1838394,K04,K04.1|K04.3,3484,-0.37080434600822415,-0.32111917729191675
NSF,1838401,K01,K01.1,813,0.0533658720269488,0.5002190317594845
NSF,1838402,K02,K02.1,4265,0.18068296600288136,-0.2950357200183038
NSF,1838421,K02,K02.1,1331,0.16991768847564376,-0.052213117756423344
NSF,1838771,K04,K04.1,7349,-0.2858172561058191,-0.28347621694777303
NSF,1839021,K03,K03.2,5075,0.21590003258833435,0.18059345077703168
NSF,1839063,K01,K01.1,813,0.0533658720269488,0.5002190317594845
NSF,1839171,K03,K03.3,7643,0.02171251250320802,0.2717742010574087
NSF,1839516,K02,K02.1|K02.2,1700,0.08073326443633326,0.05917353070694313
NSF,1839684,K04,K04.1,6460,-0.33560691009137805,-0.14615997535398012
NSF,1839812,K03,K03.3,6446,-0.21829177921319176,0.06149926683273122
NSF,1839816,K04,K04.1|K04.3,5682,-0.38047625709482946,-0.12267625993407583
NSF,1839843,K04,K04.1,5937,-0.3450252683948242,0.0075591817898756665
NSF,1840052,K04,K04.1,2636,-0.3169271479573511,0.01596464971811508
NSF,1840083,K04,K04.1,2636,-0.3169271479573511,0.01596464971811508
NSF,1840192,K04,K04.1,2636,-0.3169271479573511,0.01596464971811508
NSF,1840249,K05,K05.3,3499,-0.22387570294604953,-0.21598697878260809
NSF,1840381,K03,K03.3,7569,-0.05771133299503965,0.1390307974650361
NSF,1840392,K04,K04.1|K04.3,137,-0.33060751767054025,-0.11550422901020937
NSF,1840402,K05,K05.1,3679,-0.1757384814708786,-0.1739255384142165
NSF,1840424,K01,K01.2,6485,-0.2706422000391296,0.05088569470284033
NSF,1840432,K01,K01.2,2632,-0.27971422402423896,0.140578114967851
NSF,1840433,K05,K05.1,2430,-0.18158815390735228,0.029031403030349345
NSF,1840435,K05,K05.1,1712,-0.1397693360882554,0.13034328745596757
NSF,1840464,K05,K05.3,4272,-0.10645922644931313,0.03699034582189636
NSF,1840467,K04,K04.1|K04.3,6588,-0.4297739598399128,-0.259163446442927
NSF,1840478,K04,K04.1|K04.3,1025,-0.35049611201166364,-0.1394555202046799
NSF,1840492,K05,K05.1|K05.3,6739,-0.22645387234783604,-0.06487293235931349
NSF,1840504,K05,K05.3,3248,-0.18036005008602868,-0.2998044714549699
NSF,1840513,K05,K05.3,6774,-0.15177586994790138,0.002693233006491904
NSF,1840540,K05,K05.1,6011,-0.18227169759580025,0.1397417583145188
NSF,1840559,K05,K05.1|K05.3,2528,-0.1686885898447465,0.09407912387197356
NSF,1840560,K01,K01.2,6895,-0.17600576874239787,0.08375219706778672
NSF,1840607,K01,K01.2,576,-0.15689961983415096,0.2603662424464963
NSF,1840634,K05,K05.3,6215,-0.17773849066665742,0.12017683586042231
NSF,1840652,K01,K01.2,400,-0.15205893245545382,0.24230252543418324
NSF,1840654,K02,K02.1,1735,0.3192862783447805,-0.02550467457949357
NSF,1840660,K05,K05.3,759,0.05622076265835575,0.18370466737498856
NSF,1840712,K04,K04.1|K04.3,7566,-0.32420239179578175,-0.044833326470861565
NSF,1840715,K02,K02.1,3773,0.2362178601792962,-0.24479567281404815
NSF,1840742,K02,K02.1|K02.2,1246,0.08045910606464722,0.06525336966565527
NSF,1840811,K04,K04.1,6716,-0.2985407573593164,-0.14322252292904364
NSF,1840870,K01,K01.1,1841,-0.2689539822434415,0.20715587231626215
NSF,1840871,K04,K04.3,3995,-0.3075821723015973,-0.2146921683366313
NSF,1841019,K02,K02.1,2822,0.23832118719829876,-0.06093093505472694
NSF,1841092,K01,K01.1,4563,0.028782323786583727,0.4297235848770382
NSF,1841273,K02,K02.1,1368,0.18188024583587825,-0.112070049203498
NSF,1841308,K03,K03.2,902,0.09570821599284283,0.23624685681161312
NSF,1841315,K02,K02.1,1368,0.18188024583587825,-0.112070049203498
NSF,1841319,K04,K04.1,7242,-0.2563113259818837,-0.20796325028755105
NSF,1841435,K01,K01.1|K01.2,4590,0.01554947349089067,0.2668893564760123
NSF,1841503,K04,K04.1,1823,-0.34105662066434295,-0.04531990297244347
NSF,1841523,K01,K01.1|K01.2,1819,-0.19676911087774568,0.3185212244730875
NSF,1841535,K04,K04.1|K04.3,6851,-0.37817802357255176,-0.2025094225632349
NSF,1841547,K01,K01.1|K01.2,3602,-0.036224619852553874,0.24759837799743228
NSF,1841558,K01,K01.1,3338,-0.21624605071974032,0.10100952197952925
NSF,1841576,K03,K03.1,2339,-0.1774406800685043,-0.022858590723043117
NSF,1841582,K03,K03.1,2339,-0.1774406800685043,-0.022858590723043117
NSF,1841584,K03,K03.1,2339,-0.1774406800685043,-0.022858590723043117
NSF,1841606,K04,K04.1|K04.3,3326,-0.26463777015181544,-0.19302757159135076
NSF,1841608,K03,K03.1|K03.2,4380,0.2315138236551128,0.2680841284017501
NSF,1841610,K03,K03.1,877,0.080703049210737,0.2570310410850385
NSF,1841613,K01,K01.1,6194,-0.20348543648037531,0.29971448038970483
NSF,1841614,K03,K03.2|K03.3,3429,-0.05661719046886324,0.12582966249203814
NSF,1841615,K01,K01.1,3267,-0.1512047426550302,0.15284797997536045
NSF,1841629,K04,K04.3,4070,-0.29294283311580654,-0.01731268498547847
NSF,1841650,K01,K01.1,4047,-0.21347126868036356,0.28187871276796306
NSF,1841654,K02,K02.1,2204,0.18197993028351656,-0.12570942686087683
NSF,1841667,K01,K01.1|K01.2,1835,-0.2194439296834747,0.3501775889364971
NSF,1841793,K02,K02.1|K02.2,6615,0.16286257884994743,-0.17399806685382302
NSF,1841852,K02,K02.1,1507,0.12008637903189619,-0.03359126166452252
NSF,1841927,K01,K01.1,3274,-0.12869089260212518,0.14843745366666602
NSF,1841948,K01,K01.1,959,-0.08588469597980918,0.2860546246743818
NSF,1841979,K02,K02.1,1822,0.14381519116369657,-0.08141094962349603
NSF,1842121,K02,K02.1,4298,0.4889451758891915,0.02649553944129973
NSF,1842139,K01,K01.1,7471,-0.11284430320772476,0.2543954583368654
NSF,1842547,K02,K02.1,8298,0.2373670836353572,-0.1314463777762106
NSF,1842686,K01,K01.1,2801,-0.18125310557337493,0.31586637912250937
NSF,1842957,K04,K04.1|K04.3,6601,-0.4244991279202485,-0.11206831288036939
NSF,1842959,K03,K03.1|K03.3,230,-0.17562476787716946,0.2171264200760312
NSF,1842973,K04,K04.1|K04.3,3796,-0.3519814954316727,-0.2344091070614651
NSF,1843020,K03,K03.2,3225,-0.1821307454511928,-0.17315414056061387
NSF,1843038,K04,K04.1,1293,-0.3149171731793294,0.03255921049154402
NSF,1843098,K05,K05.1,1738,-0.19706170926798044,0.20663986730821227
NSF,1843103,K03,K03.3,263,-0.1524377821656942,0.22802622309386308
NSF,1843112,K04,K04.1|K04.3,6542,-0.40504138402155543,-0.2516035099774091
NSF,1843172,K04,K04.1|K04.3,6713,-0.391670016896197,-0.25077020765485225
NSF,1843319,K04,K04.1|K04.3,6365,-0.41088076573269444,-0.26335194962036035
NSF,1843534,K04,K04.1|K04.3,2875,-0.32005043813430867,-0.20719144803338888
NSF,1843662,K04,K04.1|K04.3,3721,-0.37610712390605827,-0.46011150758050623
NSF,1843735,K04,K04.1|K04.3,1467,-0.3149188883495011,0.07839088048504061
NSF,1843743,K04,K04.1|K04.3,6850,-0.36761878607042764,-0.20789200870512353
NSF,1843847,K04,K04.1|K04.3,3237,-0.3680660329435637,-0.46812560703481076
NSF,1843943,K04,K04.1|K04.3,4242,-0.3741241830755954,-0.30340767125697643
NSF,1844205,K02,K02.1,788,0.5034693764186556,0.032221502736722155
NSF,1844210,K01,K01.2,6302,-0.23498730385294775,-0.010843763724928138
NSF,1844215,K05,K05.1,372,-0.010863941222274617,0.22319864044942625
NSF,1844351,K02,K02.1,1816,0.20119832346734162,-0.07849605948169394
NSF,1844380,K02,K02.1,898,0.39301009404879417,0.018338517278595173
NSF,1844435,K03,K03.1|K03.2,4379,0.2797547088355272,0.23397344612750945
NSF,1844436,K03,K03.1|K03.2,4379,0.2797547088355272,0.23397344612750945
NSF,1844513,K05,K05.1|K05.2|K05.3,4792,0.08320536750622996,0.11588691539010529
NSF,1844720,K02,K02.1,3253,0.11524634323583953,-0.43787661379525034
NSF,1844773,K01,K01.2,6166,-0.004807509936118351,0.2145721332394743
NSF,1844834,K04,K04.1,2409,-0.3661206709274266,-0.17242187962463912
NSF,1845093,K04,K04.1|K04.3,6436,-0.39165076801235366,-0.1959798480173401
NSF,1845605,K02,K02.1,3295,0.22093742421614376,-0.2780842159348409
NSF,1845650,K04,K04.3,6822,-0.3472122176055378,-0.11112064996883106
NSF,1845783,K03,K03.2|K03.3,3781,-0.06552852347931354,-0.024757254822578095
NSF,1845877,K01,K01.1,814,0.0683403050618812,0.46305779840333205
NSF,1845931,K03,K03.1|K03.3,6389,-0.1014964409495251,0.06010280966062494
NSF,1846685,K04,K04.1|K04.3,6666,-0.41294666348325676,-0.2728418608491867
NSF,1846795,K04,K04.1|K04.3,5683,-0.3694025052991921,-0.1699345270747617
NSF,1846815,K02,K02.1,7508,0.1033219143558985,-0.40620174967332534
NSF,1846821,K02,K02.1,840,0.4464608550945881,0.035691205358074324
NSF,1846940,K02,K02.1,1751,0.08149689536593498,-0.10738587757035012
NSF,1847024,K02,K02.1,6840,0.10298197526259913,-0.2557874196924612
NSF,1847077,K05,K05.1|K05.2,2566,-0.20953175330052148,0.05424036950045442
NSF,1847096,K04,K04.1|K04.3,6490,-0.3636316422271877,-0.20118813380991177
NSF,1847131,K02,K02.1,883,0.3901871831735311,0.014493727015131658
NSF,1847182,K03,K03.1,4194,-0.199819973420376,-0.07641415115697325
NSF,1847237,K01,K01.1,7487,-0.1165203510546565,0.19403397230732564
NSF,1847285,K04,K04.1|K04.3,6584,-0.3989526731231129,-0.16501582596412687
NSF,1847365,K04,K04.1|K04.3,6643,-0.40738373651172205,-0.2389790715231571
NSF,1847404,K01,K01.1,4234,-0.21202483562937607,0.08178937345721024
NSF,1847498,K02,K02.1,2822,0.23832118719829876,-0.06093093505472694
NSF,1847537,K02,K02.1,5714,0.15525810262849904,-0.18612779022652381
NSF,1847578,K04,K04.1,6459,-0.3324203072800456,-0.06768478596307673
NSF,1847654,K02,K02.1|K02.2,7426,0.06578557641533332,-0.20510849825422922
NSF,1848166,K01,K01.1,1445,-0.2321866934534339,0.3882463435548237
NSF,1848302,K02,K02.1,1458,0.17241316628330738,0.04861026273373982
NSF,1848324,K01,K01.1|K01.2,2814,-0.10226311484314349,0.33900123904185664
NSF,1848542,K02,K02.1,369,0.30915749427792527,0.01817702357823299
NSF,1848577,K03,K03.2,3648,0.046742255717069345,0.12365393057457714
NSF,1848620,K01,K01.1|K01.2,807,0.1139956677870775,0.4359825430889064
NSF,1848644,K04,K04.1|K04.3,6831,-0.3944774373239859,-0.23104304111402393
NSF,1848650,K02,K02.1,368,0.30959281067311045,-0.005920611094717254
NSF,1848667,K03,K03.1|K03.3,3909,-0.19823783007785806,0.09492532302394764
NSF,1848672,K03,K03.1|K03.3,3909,-0.19823783007785806,0.09492532302394764
NSF,1848683,K03,K03.1|K03.3,101,-0.022624563536141756,0.21521791875214566
NSF,1848694,K01,K01.1|K01.2,807,0.1139956677870775,0.4359825430889064
NSF,1848699,K02,K02.1,883,0.3901871831735311,0.014493727015131658
NSF,1848717,K01,K01.2,2744,-0.12670966368796804,0.09700361173863457
NSF,1848722,K02,K02.1,883,0.3901871831735311,0.014493727015131658
NSF,1848785,K02,K02.1|K02.2,748,0.33321733331121006,0.06527245557385233
NSF,1848863,K02,K02.1|K02.2,748,0.33321733331121006,0.06527245557385233
NSF,1848887,K02,K02.1|K02.2,5046,0.46773210350228933,0.043699366403132614
NSF,1848993,K02,K02.1|K02.2,4404,0.405757059326719,0.06444600414079583
NSF,1848994,K02,K02.1|K02.2,295,0.3073446799472456,0.043616162691256066
NSF,1849023,K04,K04.1|K04.3,2385,-0.3836815088240701,-0.07422969943273432
NSF,1849238,K04,K04.1|K04.3,5767,-0.3717944369795869,-0.08133458201141294
NSF,1849246,K04,K04.1|K04.3,5767,-0.3717944369795869,-0.08133458201141294
NSF,1849401,K01,K01.1|K01.2,4990,0.02323642480082154,0.30970585604364453
NSF,1849414,K01,K01.1|K01.2,4990,0.02323642480082154,0.30970585604364453
NSF,1849592,K02,K02.1,6305,0.14334590748938592,-0.21627825067530052
NSF,1849598,K01,K01.1,1998,-0.1620990352435242,0.278375976095813
NSF,1849603,K04,K04.3,3088,-0.24098293566288403,-0.22328026241659216
NSF,1849654,K03,K03.3,1207,-0.10053768519166971,0.26354265826055956
NSF,1850015,K02,K02.1,1424,0.18018261569354166,-0.10525100044011254
NSF,1850186,K05,K05.1,4207,-0.14213685165196424,0.10436235473167577
NSF,1850269,K02,K02.1,16,0.3104932945863066,-0.004883726210768158
NSF,1850578,K02,K02.1|K02.2,4619,0.3443137141112292,0.010947001313343342
NSF,1850661,K02,K02.1,1932,0.22391816785710866,0.031624472178804194
NSF,1850667,K01,K01.1,1905,-0.17510701413312152,0.20233912766896944
NSF,1850719,K03,K03.2,4506,0.0208934922693053,0.15517512697062877
NSF,1850777,K04,K04.1|K04.3,1952,-0.3987185435510586,-0.14592048425746562
NSF,1850900,K02,K02.1,833,0.47774234129114623,0.0619216587022684
NSF,1850943,K03,K03.1,5190,-0.011654881311051968,0.14061193697794921
NSF,1850949,K03,K03.1|K03.2,5183,0.16582597511913588,0.2311667549011348
NSF,1851032,K02,K02.1,4833,0.5213246554765743,-0.059412949434902065
NSF,1851037,K01,K01.1|K01.2,991,-0.11508143721032922,0.5227335332540333
NSF,1851043,K02,K02.1|K02.2,4375,0.5125584950617617,0.05743070351722038
NSF,1851048,K02,K02.1,1659,0.09018880460033597,0.013333496482733645
NSF,1851262,K02,K02.1|K02.2,4375,0.5125584950617617,0.05743070351722038
NSF,1851268,K02,K02.1,4833,0.5213246554765743,-0.059412949434902065
NSF,1851305,K02,K02.1,4371,0.5803637089137005,0.007181298957958743
NSF,1851362,K01,K01.2,1256,-0.20810588326520962,0.3583034476096074
NSF,1851378,K02,K02.1|K02.2,4602,0.3179697987139676,-0.03585386750651476
NSF,1851392,K02,K02.1,4371,0.5803637089137005,0.007181298957958743
NSF,1851403,K02,K02.1,550,0.37080706778614214,-0.026217932417788803
NSF,1851418,K02,K02.1,3914,0.1480247958522315,-0.3404168975874238
NSF,1851432,K02,K02.1|K02.2,4375,0.5125584950617617,0.05743070351722038
NSF,1851510,K02,K02.1,4594,0.4790642715212532,-0.07344932105427572
NSF,1851571,K02,K02.1,224,0.24907335475309555,-0.018614911016444816
NSF,1851589,K01,K01.1,4329,0.14505619421396349,0.47319297153312023
NSF,1851618,K02,K02.1,3599,0.4640784559193947,-0.12802102210365576
NSF,1851683,K02,K02.1,3599,0.4640784559193947,-0.12802102210365576
NSF,1851866,K02,K02.1,4345,0.5190113898268068,0.018511512841782818
NSF,1851878,K02,K02.1|K02.2,8189,0.1455945766695711,-0.1210166338650957
NSF,1851886,K02,K02.1,2722,0.1379023554586839,-0.14066369483334457
NSF,1851898,K02,K02.1,4345,0.5190113898268068,0.018511512841782818
NSF,1851928,K02,K02.1|K02.2,3570,0.0962684854714196,-0.23972469767542273
NSF,1851976,K04,K04.1,7873,-0.20603362588836643,-0.0659515861181371
NSF,1851993,K03,K03.1|K03.2,570,0.08872085803510942,0.17614651137688944
NSF,1852020,K02,K02.1,3599,0.4640784559193947,-0.12802102210365576
NSF,1852060,K03,K03.1|K03.3,4753,0.1454813818162805,0.285445478965628
NSF,1852113,K03,K03.1|K03.2,5017,0.08614076591563673,0.1555098895728106
NSF,1852277,K04,K04.1,1733,-0.14183323610594223,0.06932588075830282
NSF,1852326,K03,K03.1|K03.3,4753,0.1454813818162805,0.285445478965628
NSF,1852506,K02,K02.1,3579,0.2645498708129822,-0.18628617390012533
NSF,1852564,K01,K01.2,3939,-0.1512590706683594,0.035390793599693625
NSF,1852587,K03,K03.1,5195,0.010041164598192112,0.08263399768980463
NSF,1852651,K02,K02.1,3367,0.15230245382783153,-0.34741982276698424
NSF,1852652,K02,K02.1,3367,0.15230245382783153,-0.34741982276698424
NSF,1852653,K02,K02.1,3367,0.15230245382783153,-0.34741982276698424
NSF,1852678,K02,K02.1,1226,0.08296769816438875,-0.13154221179445214
NSF,1852765,K05,K05.1,6581,-0.21653979966924103,0.01087245923155386
NSF,1852794,K01,K01.1,3908,-0.1158736520456327,0.4213579917291158
NSF,1852816,K03,K03.1|K03.3,1426,-0.20580374469506188,0.06410326332888
NSF,1852912,K02,K02.1,4441,0.3998212047806088,-0.07300655186893296
NSF,1852987,K02,K02.1,591,0.235530691670382,-0.01272160376566997
NSF,1852995,K01,K01.1|K01.2,3086,-0.24280675130382107,0.17806297664080847
NSF,1853039,K03,K03.1|K03.3,5073,0.11128214705106308,0.17764564043055517
NSF,1853041,K02,K02.1|K02.2,3310,0.18354738020494643,-0.29542498703645004
NSF,1853109,K02,K02.1,6383,0.09775979852762733,-0.27918458269967794
NSF,1853170,K01,K01.1|K01.2,7281,-0.19681945097490178,0.17081825181289392
NSF,1853185,K02,K02.1,6385,0.17308247470353771,-0.21766406514586759
NSF,1853220,K04,K04.1|K04.3,6749,-0.41178301120548544,-0.2636511643062337
NSF,1853289,K02,K02.1|K02.2,3570,0.0962684854714196,-0.23972469767542273
NSF,1853390,K02,K02.1,6228,0.20055020742692847,-0.18354549284571822
NSF,1853637,K02,K02.1|K02.2,7594,0.1310447837181583,-0.1900793850433258
NSF,1853697,K02,K02.1,5170,0.3675614672260063,-0.08954052868002474
NSF,1853699,K02,K02.1|K02.2,1579,0.07868075996034711,0.058300180619723266
NSF,1853713,K05,K05.3,1155,-0.05755034227854369,0.17279340356377387
NSF,1853759,K02,K02.1,8145,0.1853153174494287,-0.15245010902024977
NSF,1853775,K03,K03.3,52,-0.017557780754806712,0.21359886393512253
NSF,1853778,K02,K02.1,4616,0.41313354657402035,-0.022463115681860386
NSF,1853794,K01,K01.1|K01.2,283,-0.013675293422672194,0.42740961450281867
NSF,1853805,K03,K03.1,5193,0.14966241938254843,0.18568056749365233
NSF,1853809,K02,K02.1,4095,0.1581753746201594,-0.25953750635803097
NSF,1853832,K01,K01.2,8331,-0.10415188596383759,0.1360706367544673
NSF,1853903,K02,K02.1,640,0.40288855606098906,-0.027745218873540423
NSF,1853913,K02,K02.1,5670,0.08178924955161408,-0.0888043722448161
NSF,1854391,K02,K02.1,1265,0.13362706742191138,0.020249664098793127
NSF,1854433,K05,K05.1,3622,0.007983406108178284,-0.0020637827161383016
NSF,1854486,K02,K02.1|K02.2,641,0.33508334220905023,0.022504185685721226
NSF,1854502,K02,K02.1,6,0.30126951969764093,-0.07235138483686683
NSF,1854511,K02,K02.1|K02.2,641,0.33508334220905023,0.022504185685721226
NSF,1854559,K02,K02.1,1265,0.13362706742191138,0.020249664098793127
NSF,1854564,K02,K02.1,4402,0.47356227317865784,0.014196599581534214
NSF,1854607,K02,K02.1,1265,0.13362706742191138,0.020249664098793127
NSF,1854644,K02,K02.1|K02.2,4404,0.405757059326719,0.06444600414079583
NSF,1854684,K04,K04.1|K04.3,5746,-0.3162818404338356,-0.1605090678321099
NSF,1854706,K02,K02.1,7,0.2918479268566609,-0.07367748464686773
NSF,1854725,K02,K02.1,5058,0.5132019106442857,-0.037314888755986264
NSF,1854761,K03,K03.3,328,-0.06104063591708935,0.2720418306454352
NSF,1854767,K05,K05.1|K05.3,4863,0.029457989912593976,0.0961578648691045
NSF,1854773,K02,K02.1,445,0.2186267862929312,0.016422344638304887
NSF,1854827,K04,K04.1|K04.3,480,-0.3395231041310233,-0.10890951161855747
NSF,1854882,K04,K04.1|K04.3,3924,-0.3155947925104756,-0.2170187308260176
NSF,1854896,K02,K02.1,445,0.2186267862929312,0.016422344638304887
NSF,1854902,K03,K03.2|K03.3,625,0.050440331330842705,0.2789519229370121
NSF,1854917,K03,K03.1|K03.3,474,-0.12909678093065272,0.22201691485897615
NSF,1854929,K03,K03.1|K03.3,474,-0.12909678093065272,0.22201691485897615
NSF,1854931,K03,K03.3,626,0.04769948489512919,0.2690432539987261
NSF,1854940,K03,K03.3,328,-0.06104063591708935,0.2720418306454352
NSF,1854945,K03,K03.3,626,0.04769948489512919,0.2690432539987261
NSF,1854946,K02,K02.1,445,0.2186267862929312,0.016422344638304887
NSF,1854951,K03,K03.3,1515,-0.1914575825416307,0.19001567749928913
NSF,1854952,K03,K03.3,1429,-0.18005993647271612,0.1905658833084124
NSF,1854956,K03,K03.1|K03.3,474,-0.12909678093065272,0.22201691485897615
NSF,1854966,K02,K02.1,1617,0.13339069760103472,0.014319619014723825
NSF,1854975,K03,K03.3,1515,-0.1914575825416307,0.19001567749928913
NSF,1854976,K03,K03.1|K03.2,4752,0.22757591020953716,0.25783357016063496
NSF,1854977,K03,K03.3,1515,-0.1914575825416307,0.19001567749928913
NSF,1854980,K03,K03.2|K03.3,260,-0.13316947221059935,0.14602631116016962
NSF,1854986,K03,K03.1|K03.3,498,-0.1625121298725451,0.23974342026192041
NSF,1854991,K03,K03.1|K03.3,498,-0.1625121298725451,0.23974342026192041
NSF,1854993,K03,K03.1|K03.3,474,-0.12909678093065272,0.22201691485897615
NSF,1855007,K03,K03.3,1685,-0.19493355878826746,0.18988153721674259
NSF,1855037,K02,K02.1,445,0.2186267862929312,0.016422344638304887
NSF,1855047,K03,K03.1|K03.3,498,-0.1625121298725451,0.23974342026192041
NSF,1855050,K03,K03.3,1339,-0.17467728772585542,0.23806069846108202
NSF,1855054,K03,K03.3,1339,-0.17467728772585542,0.23806069846108202
NSF,1855063,K03,K03.3,1339,-0.17467728772585542,0.23806069846108202
NSF,1855096,K03,K03.1|K03.3,498,-0.1625121298725451,0.23974342026192041
NSF,1855100,K03,K03.3,1339,-0.17467728772585542,0.23806069846108202
NSF,1855128,K01,K01.1|K01.2,3744,-0.19422813551165438,0.15922944292772762
NSF,1855154,K02,K02.1,4532,0.4788858281782906,-0.03827394414572405
NSF,1855193,K02,K02.1,7060,0.29839945956024466,-0.20638526019436665
NSF,1855211,K02,K02.1,3177,0.13293236161248223,-0.45268044056044077
NSF,1855216,K05,K05.1,6635,-0.24616881666934892,-0.0006703487210787257
NSF,1855241,K02,K02.1,3299,0.2374648877355251,-0.3699927968068203
NSF,1855281,K02,K02.1,796,0.42394700504168303,0.04010173166676875
NSF,1855374,K03,K03.2|K03.3,485,-0.1264910557701233,0.19990948358632463
NSF,1855406,K01,K01.1,1379,-0.25449478876582193,0.21849201198806562
NSF,1855453,K01,K01.1,242,-0.10079955192957518,0.38200401671969686
NSF,1855567,K01,K01.1,3164,-0.18650003774543905,-0.03315894559826729
NSF,1855588,K01,K01.1|K01.2,2463,-0.1960942607098389,0.28434366054285565
NSF,1855609,K02,K02.1,3177,0.13293236161248223,-0.45268044056044077
NSF,1855854,K04,K04.1,2726,-0.32004393775829726,-0.13338870929255506
NSF,1855882,K04,K04.1|K04.3,3682,-0.39495285896517773,-0.31721403017974137
NSF,1855902,K03,K03.1|K03.2,3670,-0.09526773098244659,-0.06090699667427543
NSF,1855912,K02,K02.1,3948,0.13570714365185899,-0.2718112497720069
NSF,1855918,K02,K02.1|K02.2,845,0.3786556412426493,0.08594060991733596
NSF,1855928,K01,K01.1|K01.2,807,0.1139956677870775,0.4359825430889064
NSF,1855937,K05,K05.1,3586,-0.13995329057752598,0.028767531194847887
NSF,1856009,K04,K04.1|K04.2,3725,-0.3025365127137614,-0.3597944095713721
NSF,1856012,K04,K04.2,1032,0.042334266336167756,0.13003631220815193
NSF,1856032,K05,K05.1,2707,-0.13630094014225644,0.04582529465521838
NSF,1856048,K03,K03.1|K03.3,848,0.06971890563998846,0.35506940419610955
NSF,1856058,K04,K04.1,7383,-0.3172478856154757,-0.0560428928848362
NSF,1856084,K05,K05.1,3552,-0.2439191250285886,-0.13279234911157056
NSF,1856205,K02,K02.1,1229,0.15827438464131616,-0.07007480995169257
NSF,1856215,K02,K02.1,8086,0.2041152142674703,-0.17250859576880373
NSF,1856256,K02,K02.2,1215,-0.0898241908403914,0.12933571309595154
NSF,1856359,K03,K03.1,296,0.04430861188231812,0.2012982888528056
NSF,1856426,K01,K01.1|K01.2,7091,-0.1990069042779337,0.1887645088130432
NSF,1900324,K02,K02.1,198,0.45604585106375517,0.05122699038251688
NSF,1900787,K04,K04.1|K04.3,3236,-0.38203772461246477,-0.476844415533767
NSF,1901186,K01,K01.1|K01.2,279,-0.0641778966487498,0.3771293067410647
NSF,1901202,K01,K01.1|K01.2,3143,-0.09300568874414439,0.22035423439858412
NSF,1901352,K02,K02.1,198,0.45604585106375517,0.05122699038251688
NSF,1901426,K01,K01.1,241,-0.1513021551556528,0.3317237089579429
NSF,1901588,K01,K01.1|K01.2,3814,-0.08862690154894302,0.248213477896885
NSF,1901603,K02,K02.1,198,0.45604585106375517,0.05122699038251688
NSF,1901630,K02,K02.1|K02.2,4763,0.38908216655871375,0.008496919446043513
NSF,1901646,K01,K01.1|K01.2,2274,-0.23770609719382219,0.360898575289647
NSF,1901694,K01,K01.1|K01.2,2136,-0.17639223912310384,0.2831004788698964
NSF,1901699,K01,K01.1,2114,-0.16665211653580336,0.29475329332042044
NSF,1901700,K01,K01.1,2114,-0.16665211653580336,0.29475329332042044
NSF,1901710,K01,K01.1,2114,-0.16665211653580336,0.29475329332042044
NSF,1901713,K02,K02.1,7053,0.1718550492975246,-0.2060170345864948
NSF,1901740,K02,K02.1,6518,0.042528567382992585,-0.312884588927542
NSF,1901746,K01,K01.1|K01.2,581,-0.00332484664343298,0.3764105438159544
NSF,1901754,K03,K03.3,2154,-0.19647959894836975,0.019416662762913595
NSF,1901764,K01,K01.1|K01.2,2136,-0.17639223912310384,0.2831004788698964
NSF,1901786,K02,K02.1,2869,0.21188531800674443,-0.20233826567692317
NSF,1901787,K01,K01.1|K01.2,3283,-0.08189168583577947,0.0637378849917323
NSF,1901807,K02,K02.1,7338,0.09458400151061629,-0.4140846224981224
NSF,1901808,K04,K04.1,1783,-0.28220153685166666,0.03862655709770621
NSF,1901818,K01,K01.1|K01.2,3746,-0.06245780688217286,0.2966690063578874
NSF,1901894,K01,K01.1|K01.2,1778,-0.03596584244101952,0.4326937305746823
NSF,1902126,K01,K01.1|K01.2,3746,-0.06245780688217286,0.2966690063578874
NSF,1902234,K02,K02.1,4243,0.09147600209772831,-0.3172519449546408
NSF,1902250,K01,K01.1,3160,-0.23088538990553104,-0.09636996137162351
NSF,1902409,K02,K02.1,603,0.35197292284444687,-0.05343755868310951
NSF,1902419,K04,K04.2,7387,-0.20835374089855035,-0.13183785379826043
NSF,1902423,K04,K04.2,7387,-0.20835374089855035,-0.13183785379826043
NSF,1902460,K01,K01.1|K01.2,1776,-0.1889539495909613,0.3502976568596936
NSF,1902463,K01,K01.1,1314,-0.0332239871504878,0.4326682568203313
NSF,1902496,K02,K02.1,3145,0.3540401874042596,-0.13355574455596977
NSF,1902537,K01,K01.1|K01.2,1762,-0.21290098739631763,0.3665119275706826
NSF,1902600,K01,K01.1|K01.2,1762,-0.21290098739631763,0.3665119275706826
NSF,1902628,K01,K01.1,189,0.03166938179955768,0.48952436343973293
NSF,1902642,K02,K02.1,1265,0.13362706742191138,0.020249664098793127
NSF,1902888,K01,K01.1,1627,-0.1884207412674445,0.25745761047204374
NSF,1902925,K02,K02.1,1765,0.18311336599493394,-0.06240976716141908
NSF,1903148,K02,K02.1,606,0.3206914366478887,-0.07966801202730359
NSF,1903157,K02,K02.1,1322,0.3014298966328487,0.04330782057497676
NSF,1903171,K02,K02.1,606,0.3206914366478887,-0.07966801202730359
NSF,1903231,K03,K03.1|K03.2,4379,0.2797547088355272,0.23397344612750945
NSF,1903249,K03,K03.3,4198,-0.18536115563940825,-0.048704028236905866
NSF,1903296,K03,K03.1|K03.2,7999,-0.12387876835021872,0.19674059656286086
NSF,1903329,K01,K01.1|K01.2,2587,-0.20490414203259483,-0.00828370992044361
NSF,1903340,K03,K03.2|K03.3,6277,-0.10766365744312555,-0.0451067736628662
NSF,1903405,K04,K04.1|K04.3,3906,-0.32485115916405216,-0.13186449151065324
NSF,1903457,K02,K02.1,2357,0.08553879906026472,-0.2376041500138429
NSF,1903486,K02,K02.1,1229,0.15827438464131616,-0.07007480995169257
NSF,1903528,K02,K02.1,245,0.18335172862768373,-0.05763672728741158
NSF,1903543,K02,K02.1,3509,0.17810877813825665,-0.28100628286896734
NSF,1903572,K03,K03.1,6219,-0.15318692384223184,0.08423149422935879
NSF,1903597,K04,K04.1|K04.3,3465,-0.34477466431668563,-0.40389231733139874
NSF,1903600,K02,K02.1,245,0.18335172862768373,-0.05763672728741158
NSF,1903607,K02,K02.1,352,0.2584843376358286,-0.05660930049199267
NSF,1903616,K02,K02.1,214,0.25018921449077264,-0.019421167281442595
NSF,1903627,K04,K04.1|K04.3,4211,-0.3732919119355219,-0.2371450421892787
NSF,1903628,K02,K02.1,352,0.2584843376358286,-0.05660930049199267
NSF,1903650,K02,K02.1,604,0.3061411531629292,-0.10381257407999175
NSF,1903659,K01,K01.1,4034,-0.09441421400843468,0.200236830226968
NSF,1903685,K02,K02.1,3759,0.09217171585254448,-0.5023274786338776
NSF,1903705,K02,K02.1,3759,0.09217171585254448,-0.5023274786338776
NSF,1903710,K02,K02.1,352,0.2584843376358286,-0.05660930049199267
NSF,1903716,K04,K04.1,4062,-0.31222864663250227,-0.06074327898551424
NSF,1903719,K03,K03.2|K03.3,6277,-0.10766365744312555,-0.0451067736628662
NSF,1903722,K03,K03.1|K03.2,3548,-0.15917950736852263,-0.07492410715233724
NSF,1903726,K04,K04.1|K04.3,2590,-0.42028397284920327,-0.18070592157107954
NSF,1903729,K01,K01.1,3850,-0.032828236439387606,0.28725250779572153
NSF,1903735,K02,K02.1,291,0.32690900861877004,0.027477440406235107
NSF,1903911,K06,K06.2,7194,-0.13000195666873504,-0.012196485261149546
NSF,1903922,K02,K02.1,3219,0.13169859612413992,-0.48297106096561127
NSF,1904031,K02,K02.1,6371,0.15537326213721775,-0.23808577359052072
NSF,1904055,K01,K01.1,278,-0.039026361361124653,0.3906074233073955
NSF,1904101,K02,K02.1,5211,0.2272307204852349,-0.1645082559880383
NSF,1904128,K01,K01.1|K01.2,866,0.08354114634320335,0.40485852885480067
NSF,1904142,K01,K01.1|K01.2,866,0.08354114634320335,0.40485852885480067
NSF,1904185,K02,K02.1|K02.2,4724,0.5309559883261284,0.07794499587596244
NSF,1904324,K02,K02.1,215,0.2071900099896406,-0.06939298598089395
NSF,1904327,K02,K02.1,1226,0.08296769816438875,-0.13154221179445214
NSF,1904470,K01,K01.1,553,0.11287297813080303,0.41004111151524336
NSF,1904496,K01,K01.1,553,0.11287297813080303,0.41004111151524336
NSF,1904544,K04,K04.1|K04.3,7352,-0.3760167598224105,-0.36618921151078465
NSF,1904653,K02,K02.1,1226,0.08296769816438875,-0.13154221179445214
NSF,1904908,K04,K04.1|K04.3,1623,-0.3551511374084105,-0.015955402513040465
NSF,1906071,K01,K01.1|K01.2,283,-0.013675293422672194,0.42740961450281867
NSF,1906073,K02,K02.1,286,0.27640640539269246,-0.022802867355518827
NSF,1906114,K01,K01.1|K01.2,283,-0.013675293422672194,0.42740961450281867
NSF,1906162,K01,K01.1|K01.2,1381,-0.2604252070239277,0.22906374983929467
NSF,1906254,K02,K02.1,6292,0.20482546449114125,-0.17788773394243576
NSF,1906299,K02,K02.1|K02.2,4852,0.4895054222219667,0.10886615841699512
NSF,1906492,K04,K04.3,6669,-0.3564713503690094,-0.2305682333446115
NSF,1906505,K04,K04.3,6669,-0.3564713503690094,-0.2305682333446115
NSF,1906532,K05,K05.1,6516,-0.26703870143079417,-0.09242432346204513
NSF,1906622,K02,K02.1,5005,0.37471775471721713,-0.06189884681147033
NSF,1906635,K02,K02.1,5005,0.37471775471721713,-0.06189884681147033
NSF,1906651,K02,K02.1,5005,0.37471775471721713,-0.06189884681147033
NSF,1906726,K02,K02.1|K02.2,4852,0.4895054222219667,0.10886615841699512
NSF,1906780,K05,K05.1,6483,-0.23195940897376288,-0.07836338420806369
NSF,1907434,K04,K04.1,6664,-0.3658827191702432,-0.23189763184166842
NSF,1907446,K01,K01.1,2862,-0.1714671563693229,0.2592321151531446
NSF,1907563,K04,K04.3,5659,-0.3242823924815717,-0.04823552705458428
NSF,1908298,K04,K04.3,6495,-0.3522512723085928,-0.18329786412712765
NSF,1908862,K02,K02.1,246,0.15910617940783273,0.004419283930051476
NSF,1909367,K02,K02.1,246,0.15910617940783273,0.004419283930051476
NSF,1910621,K02,K02.1|K02.2,3311,0.20183080095693579,-0.30004475596029256
NSF,1911257,K02,K02.1|K02.2,3311,0.20183080095693579,-0.30004475596029256
NSF,1911262,K01,K01.2,2230,-0.1359996639755699,0.15986266280872768
NSF,1911819,K01,K01.1,2534,-0.26237611564310453,0.1944397432545739
NSF,1911960,K02,K02.1,4638,0.48278570733287296,-0.04397964633176871
NSF,1911967,K02,K02.1,4638,0.48278570733287296,-0.04397964633176871
NSF,1911969,K02,K02.1,4638,0.48278570733287296,-0.04397964633176871
NSF,1912001,K02,K02.1|K02.2,4681,0.3037846395715306,-0.06232913066881013
NSF,1912057,K02,K02.1,3361,0.07305705729565486,-0.41369762822943845
NSF,1912130,K02,K02.1,948,0.3115348641788333,-0.0928310701047297
NSF,1912134,K02,K02.1,948,0.3115348641788333,-0.0928310701047297
NSF,1912244,K04,K04.1|K04.3,6557,-0.3967703298830009,-0.1366143361689269
NSF,1912302,K04,K04.1|K04.3,857,-0.0676065724878091,0.12159277314531525
NSF,1912325,K04,K04.1|K04.3,857,-0.0676065724878091,0.12159277314531525
NSF,1912332,K04,K04.1|K04.3,857,-0.0676065724878091,0.12159277314531525
NSF,1912361,K02,K02.1,4276,0.15858280760897542,-0.23669813827619487
NSF,1912367,K04,K04.1|K04.3,3203,-0.37524693234617457,-0.4725222172798822
NSF,1912382,K05,K05.1,1340,-0.1746102137658374,0.22675775357926534
NSF,1912664,K05,K05.1,2911,-0.109074069957888,0.05802777448457966
NSF,1912823,K04,K04.1|K04.3,1239,-0.38763306316863805,-0.0836468008071144
NSF,1912913,K01,K01.2,3663,-0.05188928026462472,-0.011255254291171135
NSF,1913017,K05,K05.1,8319,-0.10651953951669749,0.05601943625609197
NSF,1913428,K04,K04.1|K04.3,7034,-0.3856895877999862,-0.027060335898785502
NSF,1913435,K04,K04.2|K04.3,3352,-0.25199246518289836,-0.21041074922301103
NSF,1913598,K04,K04.1|K04.3,3237,-0.3680660329435637,-0.46812560703481076
NSF,1913628,K04,K04.1|K04.2|K04.3,7384,-0.33482810039071426,-0.23654485211936985
NSF,1913665,K02,K02.1,990,0.2640693976590949,-0.031458326803007225
NSF,1913688,K04,K04.1|K04.3,1239,-0.38763306316863805,-0.0836468008071144
NSF,1913722,K04,K04.1|K04.3,7207,-0.38408829792634785,-0.26505163600706294
NSF,1913752,K04,K04.1|K04.3,6528,-0.4220281819381205,-0.22229637630161728
NSF,1913920,K02,K02.1,990,0.2640693976590949,-0.031458326803007225
NSF,1913947,K04,K04.1|K04.3,2574,-0.3898171114115354,-0.036097083952771086
NSF,1913949,K04,K04.3,3140,-0.3154486859364447,-0.24415593092037088
NSF,1913968,K04,K04.1|K04.3,4013,-0.36529125090418696,-0.287256416246377
NSF,1914028,K02,K02.1,990,0.2640693976590949,-0.031458326803007225
NSF,1914219,K04,K04.1|K04.3,5800,-0.38206742311959235,-0.16554779769409367
NSF,1914247,K04,K04.1|K04.3,6979,-0.3775127651669175,-0.23138840375406472
NSF,1914251,K04,K04.1|K04.3,3350,-0.3521929282694306,-0.24045550327848744
NSF,1914491,K01,K01.1,1438,-0.23278154421213282,0.3987263127385071
NSF,1914495,K04,K04.3,6308,-0.3157561051034018,-0.1912916914657241
NSF,1914522,K05,K05.1|K05.2,2704,-0.1925339877662245,-0.08523630454441314
NSF,1914526,K01,K01.1,1438,-0.23278154421213282,0.3987263127385071
NSF,1914569,K02,K02.1|K02.2,56,0.22153418267109598,-0.11274732688118852
NSF,1914668,K03,K03.2,186,0.04163802286946906,0.21618694051786966
NSF,1914683,K04,K04.1|K04.3,6756,-0.4129339770486041,-0.38213358909168116
NSF,1914698,K03,K03.2,186,0.04163802286946906,0.21618694051786966
NSF,1914707,K02,K02.1,7601,0.34183229592146874,-0.20356521315198797
NSF,1914743,K03,K03.2,186,0.04163802286946906,0.21618694051786966
NSF,1914767,K02,K02.1,185,0.33893990092542037,-0.0017213990151482839
NSF,1915078,K05,K05.1,4327,0.14968089658358363,0.34903340050429643
NSF,1915721,K01,K01.1|K01.2,2362,-0.25461394119674224,0.32638187701000476
NSF,1915756,K04,K04.1|K04.3,2703,-0.3809407621813132,-0.18197329472707272
NSF,1915933,K04,K04.1|K04.3,7061,-0.3784615464981143,-0.2496712769695398
NSF,1915946,K04,K04.1|K04.3,7061,-0.3784615464981143,-0.2496712769695398
NSF,1916025,K03,K03.3,3782,-0.08699785822540071,-0.03206492888380216
NSF,1916110,K04,K04.1|K04.3,7061,-0.3784615464981143,-0.2496712769695398
NSF,1916142,K03,K03.1|K03.3,6456,-0.2421587734652616,0.12484761608019937
NSF,1916155,K05,K05.1,4679,-0.001962398656061945,0.2507722348348378
NSF,1916179,K02,K02.1,291,0.32690900861877004,0.027477440406235107
NSF,1916205,K02,K02.1,291,0.32690900861877004,0.027477440406235107
NSF,1916302,K04,K04.2,6493,-0.23433497827426303,-0.13241933767493616
NSF,1916526,K01,K01.1|K01.2,2352,-0.28216623706063754,0.1286767906479463
NSF,1916527,K05,K05.3,3489,-0.15747009142723406,-0.09592739540547182
NSF,1916530,K04,K04.1,7052,-0.2280789732332455,-0.09587252850253436
NSF,1916565,K02,K02.1,838,0.4343770395888834,0.02539236845739909
NSF,1916566,K03,K03.2,300,0.029607130562818704,0.24538577993925306
NSF,1916567,K02,K02.1,838,0.4343770395888834,0.02539236845739909
NSF,1916576,K02,K02.1,838,0.4343770395888834,0.02539236845739909
NSF,1916587,K05,K05.1,5253,-0.11184923191845844,0.19291623607452066
NSF,1916661,K02,K02.1,5060,0.4211369572250776,-0.049309974192087686
NSF,1916670,K03,K03.1|K03.3,2668,-0.1592612338056275,0.19906273414271888
NSF,1916686,K03,K03.3,3782,-0.08699785822540071,-0.03206492888380216
NSF,1916699,K05,K05.1,4822,0.018064823542272443,0.22504087714293383
NSF,1916727,K04,K04.1,6492,-0.33899370267593143,-0.19365008309752682
NSF,1916769,K03,K03.2,6491,-0.25884919521862876,-0.11076072012259205
NSF,1916771,K02,K02.1,2828,0.2870197777910296,-0.1331408796394402
NSF,1916780,K02,K02.1,4686,0.5000005544339793,-0.03330795076660038
NSF,1916793,K05,K05.1,4674,-0.010732678557126132,0.24126440160950283
NSF,1916933,K02,K02.1,1100,0.43247247302867786,-0.05079804000469479
NSF,1916972,K01,K01.1,1379,-0.25449478876582193,0.21849201198806562
NSF,1916979,K02,K02.1,2079,0.1426792775127858,-0.1527606381570721
NSF,1916989,K02,K02.1|K02.2,4389,0.42876947937749577,0.0984207294767134
NSF,1917019,K03,K03.2,2023,-0.16917824546115867,0.1502481422185469
NSF,1917024,K04,K04.1|K04.3,2981,-0.3406061833621973,-0.10779187099330172
NSF,1917036,K03,K03.2,2349,-0.18929448488540768,-0.01738937792338887
NSF,1917053,K02,K02.1,3367,0.15230245382783153,-0.34741982276698424
NSF,1917056,K01,K01.1|K01.2,5987,-0.2324947161387116,0.3206402501186393
NSF,1917057,K02,K02.1,3367,0.15230245382783153,-0.34741982276698424
NSF,1917074,K04,K04.1|K04.2|K04.3,3233,-0.35489202389432667,-0.4542823744761133
NSF,1917112,K03,K03.2,2023,-0.16917824546115867,0.1502481422185469
NSF,1917125,K03,K03.2,2349,-0.18929448488540768,-0.01738937792338887
NSF,1917130,K04,K04.1|K04.2|K04.3,3233,-0.35489202389432667,-0.4542823744761133
NSF,1917140,K01,K01.1,3163,-0.20172152217085426,-0.06332000431508625
NSF,1917148,K02,K02.1|K02.2,1370,0.0971253893360051,-0.05135822221468356
NSF,1917156,K01,K01.1,3163,-0.20172152217085426,-0.06332000431508625
NSF,1917164,K01,K01.1|K01.2,5987,-0.2324947161387116,0.3206402501186393
NSF,1917165,K01,K01.1|K01.2,3168,-0.20765194042896,-0.05274826646385719
NSF,1917168,K03,K03.2,2349,-0.18929448488540768,-0.01738937792338887
NSF,1917298,K01,K01.1|K01.2,1800,-0.19642171434685096,0.30856320588598474
NSF,1917316,K01,K01.1|K01.2,1800,-0.19642171434685096,0.30856320588598474
NSF,1917503,K01,K01.1|K01.2,822,0.04743545376884305,0.5107907696107135
NSF,1917515,K01,K01.1|K01.2,822,0.04743545376884305,0.5107907696107135
NSF,1917556,K02,K02.1,5391,0.2107773703225717,-0.1726754238413605
NSF,1917614,K01,K01.1|K01.2,3702,-0.0635616219533848,0.09493070970479286
NSF,1917676,K01,K01.1|K01.2,3702,-0.0635616219533848,0.09493070970479286
NSF,1917829,K02,K02.1,8183,0.24274517718549565,-0.10941938237580259
NSF,1917891,K04,K04.1|K04.3,5841,-0.34219500612551224,-0.15689725670034366
NSF,1917904,K05,K05.1,7411,-0.12095080886071972,0.017125511583635195
NSF,1917961,K02,K02.1,2252,0.17311231459323567,-0.13292827273348218
NSF,1917969,K02,K02.1,5732,0.18837013694937527,-0.13231288079893672
NSF,1917980,K02,K02.1,2252,0.17311231459323567,-0.13292827273348218
NSF,1918128,K02,K02.1|K02.2,5410,0.15586639144438996,-0.13276246562209568
NSF,1918217,K04,K04.1|K04.3,2781,-0.32670527023099344,-0.19717174956836706
NSF,1918294,K02,K02.1,580,0.23336947987091144,-0.017159819104401647
NSF,1918352,K02,K02.1,7821,0.2340646315486704,-0.16821571023321544
NSF,1918463,K01,K01.2,7629,-0.09936508943999452,0.12120071023040307
NSF,1918838,K04,K04.1|K04.3,7355,-0.36204506815350945,-0.35747040301182853
NSF,1918850,K01,K01.1|K01.2,2840,-0.07974926479023844,0.3345907127331622
NSF,1918979,K04,K04.1|K04.3,6644,-0.4116922559573754,-0.26040273655126944
NSF,1918983,K01,K01.1|K01.2,2840,-0.07974926479023844,0.3345907127331622
NSF,1919028,K02,K02.1,7557,0.19966075352800422,-0.18671171184053084
NSF,1919076,K04,K04.1|K04.3,4069,-0.3105579483177216,-0.159778199938305
NSF,1919084,K04,K04.1|K04.3,3519,-0.40561179741770015,-0.34584056310850475
NSF,1919091,K04,K04.1,3228,-0.34812282271001016,-0.46083261146208687
NSF,1919114,K04,K04.1,7348,-0.3289528155093969,-0.3252449825032664
NSF,1919127,K04,K04.1,2370,-0.34744090089077523,-0.02681185259470162
NSF,1919239,K02,K02.1,6705,0.08106641705719735,-0.30424886501533766
NSF,1919259,K04,K04.3,6669,-0.3564713503690094,-0.2305682333446115
NSF,1919280,K04,K04.1|K04.2|K04.3,6706,-0.3763603352265924,-0.24251022146930243
NSF,1919353,K06,K06.2,4155,-0.11242076742261181,-0.009141810753622664
NSF,1919813,K01,K01.1,532,-0.019882784402248596,0.33967510931364653
NSF,1919870,K01,K01.1|K01.2,7577,-0.13246625560650643,0.22988309595039585
NSF,1920042,K05,K05.3,6215,-0.17773849066665742,0.12017683586042231
NSF,1920266,K03,K03.1,2582,-0.23755201404718113,-0.06049709419310634
NSF,1920361,K01,K01.1,2888,-0.17860834990631375,0.32055044350467
NSF,1920425,K04,K04.3,4030,-0.1328212169352344,-0.0410555308349987
NSF,1920478,K03,K03.1|K03.2,225,-0.08698248594149947,0.15463191716283206
NSF,1920602,K01,K01.1|K01.2,2891,-0.1845387681644195,0.3311221813558991
NSF,1920625,K02,K02.1,619,0.4822324840949991,-0.0004500708950353344
NSF,1920807,K02,K02.1,7884,0.20880235500860345,-0.15228678894094902
NSF,1920958,K02,K02.1,2215,0.17647269497509377,-0.14319032953828384
NSF,1921045,K05,K05.2,468,-0.11142534378885152,0.14432408867387006
NSF,1921191,K02,K02.1,3855,0.27488644461395983,-0.15601035252170922
NSF,1921320,K02,K02.1,4224,0.06292624349878427,-0.308125601281246
NSF,1921359,K01,K01.1,6360,-0.27926523931958713,0.08046609529187468
NSF,1921504,K03,K03.3,993,-0.13598870972177712,0.2473025119934779
NSF,1921546,K03,K03.3,993,-0.13598870972177712,0.2473025119934779
NSF,1921554,K03,K03.3,993,-0.13598870972177712,0.2473025119934779
NSF,1921583,K03,K03.3,993,-0.13598870972177712,0.2473025119934779
NSF,1921594,K01,K01.1,6360,-0.27926523931958713,0.08046609529187468
NSF,1921596,K03,K03.3,993,-0.13598870972177712,0.2473025119934779
NSF,1921598,K01,K01.1,1355,-0.137842315728532,0.4778093969988034
NSF,1921601,K02,K02.1,7092,0.074049786995127,-0.30808722822309886
NSF,1921911,K02,K02.1,5172,0.3321146266095845,-0.14308584767029858
NSF,1922030,K02,K02.1,6773,0.07534767371401833,-0.3057510581773937
NSF,1922167,K04,K04.1|K04.3,7149,-0.3658117015277985,-0.24084697551781084
NSF,1922257,K04,K04.1|K04.3,7673,-0.29127039088244955,-0.242459531796516
NSF,1922504,K04,K04.1|K04.3,3189,-0.36683226745522135,-0.43783498662964027
NSF,1922539,K01,K01.2,2236,-0.1989571881799356,0.07499471722162245
NSF,1922562,K05,K05.1,4823,0.08157994772001058,0.1377327172286395
NSF,1922782,K04,K04.3,5949,-0.32836560553923155,-0.056930846488942616
NSF,1923042,K02,K02.1|K02.2,219,0.1823840006388338,0.03082823727781904
NSF,1923150,K02,K02.1,4024,0.2294864970044626,-0.15357197724831
NSF,1923478,K02,K02.1,1946,0.31165055974686373,-0.11850328848355324
NSF,1923491,K02,K02.1,1946,0.31165055974686373,-0.11850328848355324
NSF,1923568,K02,K02.1,2968,0.17596457588779035,-0.2454843950390939
NSF,1923649,K03,K03.1|K03.2,5194,0.012436657501906867,0.09244139413045602
NSF,1923743,K02,K02.1,4870,0.5984784287169947,0.028419532035373923
NSF,1923836,K02,K02.1,5105,0.3739513426375277,-0.25147929584108897
NSF,1923877,K02,K02.1|K02.2,4473,0.41501342598029556,-0.02070823517456853
NSF,1923926,K02,K02.1,5105,0.3739513426375277,-0.25147929584108897
NSF,1923936,K02,K02.1,4024,0.2294864970044626,-0.15357197724831
NSF,1923941,K02,K02.1,3774,0.2245461033481262,-0.25567186804761377
NSF,1923965,K02,K02.1,4463,0.401342036411099,-0.167861873838575
NSF,1924005,K02,K02.1,3774,0.2245461033481262,-0.25567186804761377
NSF,1924011,K02,K02.1,4463,0.401342036411099,-0.167861873838575
NSF,1924041,K02,K02.1,195,0.4055432478376776,0.0009466826207629453
NSF,1924145,K02,K02.1,5091,0.3672847733835253,-0.10910945969406097
NSF,1924146,K04,K04.1|K04.3,3411,-0.3706476878986452,-0.22907832764833572
NSF,1924220,K02,K02.1,3300,0.2696360148088746,-0.3502941605195542
NSF,1924281,K02,K02.1|K02.2,4473,0.41501342598029556,-0.02070823517456853
NSF,1924492,K01,K01.1,4331,0.19375478480669434,0.40098302694840693
NSF,1924498,K02,K02.1,868,0.5036478197616182,-0.002953874171829518
NSF,1924551,K02,K02.1,3300,0.2696360148088746,-0.3502941605195542
NSF,1924599,K01,K01.1|K01.2,4805,0.08355121532520286,0.3335709758362254
NSF,1924655,K02,K02.1,288,0.25216085617284145,0.03925314386194423
NSF,1924658,K02,K02.1,831,0.40299418884521765,0.07369736215797752
NSF,1924664,K02,K02.1,3300,0.2696360148088746,-0.3502941605195542
NSF,1924670,K01,K01.1,435,-0.10138984499573063,0.4005370818912599
NSF,1924714,K04,K04.1|K04.3,3504,-0.38600980316546757,-0.36012860619604337
NSF,1924715,K04,K04.1|K04.3,3504,-0.38600980316546757,-0.36012860619604337
NSF,1925148,K01,K01.1,4673,-0.021152550931028843,0.41752932465587145
NSF,1925368,K01,K01.1,4673,-0.021152550931028843,0.41752932465587145
NSF,1925506,K03,K03.1,3959,-0.20738414867625712,-0.09948148580058214
NSF,1925524,K04,K04.1|K04.3,2491,-0.3837267865591361,-0.16987963863402586
NSF,1925692,K04,K04.1|K04.3,3158,-0.3766361008664411,-0.40616165063109
NSF,1925735,K04,K04.1|K04.3,2944,-0.3195988936059868,-0.03028624480884353
NSF,1925812,K04,K04.1,6761,-0.36063857837575347,-0.2306062688614716
NSF,1925850,K03,K03.1,3959,-0.20738414867625712,-0.09948148580058214
NSF,1925949,K02,K02.1,1350,0.13336857681940284,0.011208168473004335
NSF,1925974,K03,K03.1,3959,-0.20738414867625712,-0.09948148580058214
NSF,1926025,K02,K02.1,1350,0.13336857681940284,0.011208168473004335
NSF,1926158,K02,K02.1|K02.2,3154,0.2156582280489377,-0.14915720176507927
NSF,1926245,K04,K04.2,1953,-0.18027314656780802,0.06168869883026344
NSF,1926326,K04,K04.1,1407,-0.3064957685673522,-0.01912625755137924
NSF,1926365,K04,K04.1,1407,-0.3064957685673522,-0.01912625755137924
NSF,1926470,K01,K01.1|K01.2,7828,-0.17684807707632394,0.29534800392486626
NSF,1926484,K03,K03.1|K03.2,5191,-0.012308148464687016,0.15330555462058176
NSF,1926792,K05,K05.1,2380,-0.21336466453795228,-0.055039410087803234
NSF,1926817,K02,K02.1,2822,0.23832118719829876,-0.06093093505472694
NSF,1927003,K04,K04.1|K04.3,3098,-0.3098483825502345,-0.1497761984601521
NSF,1927010,K04,K04.3,2121,-0.31826732236189487,0.045801659406782144
NSF,1927042,K04,K04.2|K04.3,702,-0.14520943456733382,0.07823629137464813
NSF,1927045,K04,K04.1|K04.3,4232,-0.38363236885771884,-0.06617935256647753
NSF,1927058,K01,K01.1,8042,-0.09944548867590551,0.37342116729243624
NSF,1927071,K04,K04.1|K04.2,2555,-0.25705565382969975,-0.031717979399980875
NSF,1927079,K04,K04.3,3457,-0.32515299364922406,-0.24977651898771921
NSF,1927090,K04,K04.1|K04.3,3661,-0.36453694259147085,-0.32382512900408167
NSF,1927170,K05,K05.3,2462,-0.062459790746442666,0.16437130162244526
NSF,1927175,K05,K05.3,2462,-0.062459790746442666,0.16437130162244526
NSF,1927180,K05,K05.3,2462,-0.062459790746442666,0.16437130162244526
NSF,1927277,K03,K03.2|K03.3,4765,0.16400396131586537,0.18864440992739995
NSF,1927312,K05,K05.1,927,0.03512898085900272,0.2233942152886577
NSF,1927325,K01,K01.2,6603,-0.12736197444996786,0.1181448140895146
NSF,1927336,K01,K01.2,6603,-0.12736197444996786,0.1181448140895146
NSF,1927357,K05,K05.3,2462,-0.062459790746442666,0.16437130162244526
NSF,1927513,K04,K04.1|K04.2,2194,-0.2655674590748883,0.14237789877765164
NSF,1927516,K05,K05.3,2462,-0.062459790746442666,0.16437130162244526
NSF,1927537,K05,K05.1,927,0.03512898085900272,0.2233942152886577
NSF,1927543,K05,K05.3,2462,-0.062459790746442666,0.16437130162244526
NSF,1927563,K05,K05.1,927,0.03512898085900272,0.2233942152886577
NSF,1927574,K01,K01.1,3114,-0.1860793267990382,0.3097549456846004
NSF,1927644,K05,K05.1,403,-0.046224134959557184,0.17725794319745355
NSF,1927646,K03,K03.1|K03.2,4840,0.13017635197167216,0.17149724796235585
NSF,1927708,K03,K03.2|K03.3,399,-0.1278689386271221,0.15091482003249262
NSF,1927710,K01,K01.1|K01.2,4845,0.015090311318326735,0.40957796847606553
NSF,1927713,K03,K03.2|K03.3,399,-0.1278689386271221,0.15091482003249262
NSF,1927715,K03,K03.2|K03.3,399,-0.1278689386271221,0.15091482003249262
NSF,1927718,K03,K03.2|K03.3,399,-0.1278689386271221,0.15091482003249262
NSF,1927720,K01,K01.2,785,0.046368564363812356,0.4027725289072588
NSF,1927722,K05,K05.1,859,0.12183874877933946,0.23749559125613803
NSF,1927723,K01,K01.2,785,0.046368564363812356,0.4027725289072588
NSF,1927729,K01,K01.2,785,0.046368564363812356,0.4027725289072588
NSF,1927743,K03,K03.1|K03.2,5019,0.03155559181255187,0.07598296928131956
NSF,1927750,K02,K02.1,2931,0.16927404843533933,-0.17744014517156262
NSF,1927755,K02,K02.1,840,0.4464608550945881,0.035691205358074324
NSF,1927772,K03,K03.2,880,0.12682357032869424,0.222834694291235
NSF,1927778,K02,K02.1,2931,0.16927404843533933,-0.17744014517156262
NSF,1927785,K03,K03.2|K03.3,397,-0.1736994838550595,0.23442506750666994
NSF,1927793,K02,K02.1,1104,0.4376265794972324,-0.0028172771660391893
NSF,1927820,K02,K02.1,1104,0.4376265794972324,-0.0028172771660391893
NSF,1927827,K03,K03.1,404,-0.09074653147554639,0.17591048175056936
NSF,1927831,K02,K02.1,2931,0.16927404843533933,-0.17744014517156262
NSF,1927838,K02,K02.1,2931,0.16927404843533933,-0.17744014517156262
NSF,1927840,K02,K02.1,1104,0.4376265794972324,-0.0028172771660391893
NSF,1927845,K04,K04.1,1126,-0.3236997650826845,-0.16217639668413797
NSF,1927861,K02,K02.1,1104,0.4376265794972324,-0.0028172771660391893
NSF,1927867,K02,K02.1,2931,0.16927404843533933,-0.17744014517156262
NSF,1927872,K01,K01.2,785,0.046368564363812356,0.4027725289072588
NSF,1927920,K01,K01.2,785,0.046368564363812356,0.4027725289072588
NSF,1927930,K02,K02.1,3800,0.1546773674714717,-0.35529809528492773
NSF,1927936,K02,K02.1,2931,0.16927404843533933,-0.17744014517156262
NSF,1927990,K05,K05.1,859,0.12183874877933946,0.23749559125613803
NSF,1927994,K01,K01.2,2526,-0.2205373665601472,0.06687209649157931
NSF,1928007,K05,K05.1,859,0.12183874877933946,0.23749559125613803
NSF,1928014,K02,K02.1,1104,0.4376265794972324,-0.0028172771660391893
NSF,1928048,K03,K03.2,880,0.12682357032869424,0.222834694291235
NSF,1928078,K03,K03.1|K03.3,850,0.13075066203318508,0.26605127380547006
NSF,1928105,K01,K01.1|K01.2,5377,-0.04440062692939127,0.34015564466214565
NSF,1928112,K03,K03.1|K03.3,2258,-0.07866462661907095,0.21553761678109729
NSF,1928119,K03,K03.1|K03.3,2258,-0.07866462661907095,0.21553761678109729
NSF,1928126,K03,K03.1|K03.2,1031,0.039586533268320664,0.19815722662088123
NSF,1928144,K01,K01.1|K01.2,1176,0.00039201001841837613,0.46394474726313795
NSF,1928146,K03,K03.2|K03.3,355,0.1515077525713323,0.27913556738840695
NSF,1928202,K03,K03.1|K03.2,1031,0.039586533268320664,0.19815722662088123
NSF,1928230,K02,K02.1,1117,0.3343978257675456,-0.037693925818474944
NSF,1928235,K03,K03.1|K03.2,1031,0.039586533268320664,0.19815722662088123
NSF,1928237,K02,K02.1,1028,0.3335596321507931,-0.06639093774070978
NSF,1928248,K02,K02.1,931,0.22131638556839078,-0.04631577098345645
NSF,1928252,K02,K02.1,7489,0.16943494213594917,-0.12311651935331558
NSF,1928254,K04,K04.1,1108,-0.30151611619067736,-0.06056273096279552
NSF,1928259,K03,K03.1|K03.2,1031,0.039586533268320664,0.19815722662088123
NSF,1928595,K04,K04.1|K04.3,7425,-0.3698599379155598,-0.15248467944100694
NSF,1928609,K03,K03.2|K03.3,4765,0.16400396131586537,0.18864440992739995
NSF,1928623,K01,K01.1|K01.2,654,-0.003150282034044452,0.3515238491925643
NSF,1928684,K01,K01.1,4328,0.13008176117903109,0.5103542048892726
NSF,1928753,K03,K03.2|K03.3,4765,0.16400396131586537,0.18864440992739995
NSF,1928761,K03,K03.2|K03.3,4765,0.16400396131586537,0.18864440992739995
NSF,1928771,K03,K03.2|K03.3,4765,0.16400396131586537,0.18864440992739995
NSF,1928795,K02,K02.1,2658,0.058121465346960374,-0.2877367539267365
NSF,1928807,K04,K04.1,6921,-0.35631756892968847,-0.20821363515846367
NSF,1928813,K02,K02.1,2311,0.05948981414764819,-0.22075596619620239
NSF,1928817,K03,K03.2|K03.3,4765,0.16400396131586537,0.18864440992739995
NSF,1928825,K02,K02.1,2311,0.05948981414764819,-0.22075596619620239
NSF,1928850,K02,K02.1,2606,0.09076714318130745,-0.30553711938851824
NSF,1928898,K05,K05.1,7073,-0.10592670184559287,0.04527917979020394
NSF,1928909,K04,K04.1|K04.3,3698,-0.3585899071398916,-0.29656535562598696
NSF,1929074,K02,K02.1,1265,0.13362706742191138,0.020249664098793127
NSF,1929275,K02,K02.1,931,0.22131638556839078,-0.04631577098345645
NSF,1929304,K01,K01.1|K01.2,1451,-0.179804798607399,0.2777038570466981
NSF,1929382,K03,K03.2|K03.3,453,-0.16492448129081083,0.26171365619611164
NSF,1929460,K01,K01.1|K01.2,637,0.003863154735243998,0.4473543453790988
NSF,1929465,K05,K05.3,586,-0.0530337970196396,0.1677984059784244
NSF,1929476,K01,K01.1|K01.2,637,0.003863154735243998,0.4473543453790988
NSF,1929545,K01,K01.1,1501,-0.1398193523055117,0.3439934711251229
NSF,1929554,K01,K01.1|K01.2,637,0.003863154735243998,0.4473543453790988
NSF,1929566,K03,K03.1|K03.2,4354,0.2108500258639232,0.24887716030215604
NSF,1929601,K05,K05.1,105,0.017662246237759957,0.2318587361770467
NSF,1929718,K03,K03.1|K03.2,4354,0.2108500258639232,0.24887716030215604
NSF,1929747,K02,K02.1,3272,0.2281378530393538,-0.37894222487385176
NSF,1929750,K02,K02.1,3272,0.2281378530393538,-0.37894222487385176
NSF,1929753,K02,K02.1,3272,0.2281378530393538,-0.37894222487385176
NSF,1929764,K05,K05.3,8219,-0.10367731892250896,0.03678970179066552
NSF,1929769,K02,K02.1,8358,0.20739117972979793,-0.15754523445510418
NSF,1929775,K02,K02.1|K02.2,841,0.3125933656997258,0.1744971431436191
NSF,1929791,K05,K05.1,7246,-0.09924968845895837,0.05261744325112511
NSF,1929824,K05,K05.1,7749,-0.08397689319381514,0.07096197457650852
NSF,1929834,K02,K02.1,7844,0.22190593496506333,-0.15035215461573828
NSF,1929840,K02,K02.1,8358,0.20739117972979793,-0.15754523445510418
NSF,1929856,K05,K05.3,1070,-0.10183050754612882,0.040068846716923234
NSF,1929869,K05,K05.3,2684,-0.1453280841197379,-0.006790212745911902
NSF,1929881,K05,K05.3,7248,-0.10917675189551747,0.027769049934437032
NSF,1929914,K02,K02.1,8355,0.19616807761442462,-0.16690389249833745
NSF,1929916,K01,K01.1,4714,0.03807211758048855,0.3471080543136468
NSF,1929917,K05,K05.1,1153,0.03024990326422776,0.19141154604891697
NSF,1929920,K05,K05.3,2459,-0.1338804252322076,0.03085738645735887
NSF,1929923,K05,K05.3,2662,-0.13156275007388984,0.04499577733415915
NSF,1929927,K05,K05.3,5890,-0.16611285064898013,0.09723980826577015
NSF,1929928,K05,K05.3,2718,-0.11549035660110535,0.03390786151593904
NSF,1929937,K05,K05.1,3069,-0.10314489027083408,0.06503703060260002
NSF,1929940,K05,K05.1,8305,-0.11595615768996953,0.04383810658071012
NSF,1929941,K01,K01.2,8300,-0.12361661147002848,0.11903751938314955
NSF,1929942,K05,K05.1,2665,-0.03292048847998859,0.12595910874922042
NSF,1929944,K05,K05.3,8307,-0.10682643498349356,0.027766989461303508
NSF,1929945,K01,K01.2,3391,-0.04743873543933874,0.07614735922825028
NSF,1929950,K05,K05.3,4273,-0.11718552927631237,0.0215961072820961
NSF,1929972,K04,K04.1|K04.3,3986,-0.37802917708474565,-0.2656846043401626
NSF,1929979,K02,K02.1|K02.2,5066,0.44539669679234684,0.01293451580327537
NSF,1930594,K04,K04.1|K04.3,7352,-0.3760167598224105,-0.36618921151078465
NSF,1930605,K04,K04.1|K04.3,6524,-0.4046507008771701,-0.2097870209036349
NSF,1930625,K02,K02.1,1226,0.08296769816438875,-0.13154221179445214
NSF,1930629,K03,K03.1,970,-0.003054701588119005,0.14495177070119553
NSF,1930697,K01,K01.1|K01.2,1853,-0.26331660871300655,0.19694520720606984
NSF,1930806,K04,K04.1,6279,-0.22645410817914785,-0.09979494537987271
NSF,1930825,K04,K04.1|K04.3,7352,-0.3760167598224105,-0.36618921151078465
NSF,1931049,K02,K02.1|K02.2,2241,0.11088441446194873,-0.09679557300780993
NSF,1931069,K02,K02.1,1392,0.1362621654821804,-0.08391604312867537
NSF,1931162,K01,K01.1|K01.2,1853,-0.26331660871300655,0.19694520720606984
NSF,1931168,K02,K02.1,3439,0.08575345661124444,-0.4760969066130155
NSF,1931226,K05,K05.3,7746,-0.12660693423168645,0.03857636729804359
NSF,1931238,K05,K05.3,7746,-0.12660693423168645,0.03857636729804359
NSF,1931278,K04,K04.1|K04.3,4087,-0.32964009895777374,-0.07003398590993845
NSF,1931283,K02,K02.1,2661,0.10474984544805264,-0.07844182229579265
NSF,1931297,K04,K04.1|K04.3,4087,-0.32964009895777374,-0.07003398590993845
NSF,1931301,K02,K02.1,1583,0.22011826652053745,-0.0029186711302497115
NSF,1931324,K02,K02.1,2661,0.10474984544805264,-0.07844182229579265
NSF,1931332,K01,K01.1|K01.2,782,0.11464418919679902,0.4662643591075464
NSF,1931333,K01,K01.1|K01.2,782,0.11464418919679902,0.4662643591075464
NSF,1931335,K02,K02.1,2661,0.10474984544805264,-0.07844182229579265
NSF,1931363,K02,K02.1,2661,0.10474984544805264,-0.07844182229579265
NSF,1931421,K04,K04.1|K04.3,6698,-0.4021953765189672,-0.2528263905660948
NSF,1931611,K02,K02.1,3169,0.08979680220890433,-0.49444920611593424
NSF,1931641,K02,K02.1,47,0.4048658270663077,-0.02334893348665433
NSF,1931659,K04,K04.1|K04.3,3988,-0.3640574854158446,-0.2569657958412065
NSF,1931662,K01,K01.1,6428,-0.23598982413194958,0.13205178575960058
NSF,1931667,K04,K04.1|K04.3,5845,-0.3430859829136906,-0.0807775326767101
NSF,1931673,K03,K03.3,5899,-0.19158284078394794,0.18032667891753704
NSF,1931756,K01,K01.1,3438,-0.20576486776851416,-0.04496770481216761
NSF,1931794,K04,K04.1|K04.3,5849,-0.33386815545030163,-0.14426874471553536
NSF,1931827,K04,K04.1|K04.3,5849,-0.33386815545030163,-0.14426874471553536
NSF,1931871,K01,K01.1|K01.2,2807,-0.19598593331441058,0.3410198464295494
NSF,1931937,K01,K01.1|K01.2,2728,-0.22923456275255932,0.10106764352852576
NSF,1931941,K04,K04.1|K04.3,3188,-0.3808039591241224,-0.4465537951285964
NSF,1931980,K04,K04.1,6963,-0.2816492142879829,-0.11225660669798054
NSF,1932000,K01,K01.1|K01.2,2728,-0.22923456275255932,0.10106764352852576
NSF,1932004,K02,K02.1|K02.2,5174,0.23453650196639486,-0.05595420520804259
NSF,1932048,K02,K02.1,6282,0.19994758152354047,-0.20097650160770744
NSF,1932087,K01,K01.1|K01.2,3608,0.007611570736603859,0.11412667106706076
NSF,1932129,K02,K02.1,1462,0.26213575176416837,-0.00032667407812170257
NSF,1932220,K05,K05.3,8172,-0.15087322996676378,0.123860660608233
NSF,1932223,K04,K04.1|K04.3,5725,-0.36216407134900236,-0.1076519212868992
NSF,1932250,K04,K04.1|K04.3,5725,-0.36216407134900236,-0.1076519212868992
NSF,1932451,K03,K03.1,5673,-0.19875747689070355,-0.003731408535181273
NSF,1932452,K04,K04.1|K04.3,5945,-0.3529661398949034,-0.175844004516002
NSF,1932482,K03,K03.2|K03.3,5807,-0.23520745530620935,0.15517093850979347
NSF,1932611,K04,K04.2|K04.3,6678,-0.34098447681761357,-0.08359894062290137
NSF,1932615,K04,K04.1|K04.3,2995,-0.33307978903804153,-0.14862613600446653
NSF,1932649,K01,K01.1|K01.2,3608,0.007611570736603859,0.11412667106706076
NSF,1932659,K04,K04.1|K04.3,3237,-0.3680660329435637,-0.46812560703481076
NSF,1932690,K04,K04.1|K04.3,7149,-0.3658117015277985,-0.24084697551781084
NSF,1932711,K01,K01.2,5786,-0.16046495618230777,0.11181859160403003
NSF,1932775,K01,K01.1|K01.2,357,-0.11562974658217028,0.36412898405959315
NSF,1932820,K04,K04.1|K04.3,3203,-0.37524693234617457,-0.4725222172798822
NSF,1932844,K02,K02.2,4378,0.3123403697861584,0.1895190270798815
NSF,1932876,K02,K02.2,4378,0.3123403697861584,0.1895190270798815
NSF,1932889,K02,K02.1|K02.2,4445,0.41724983656549386,-0.010533459869610726
NSF,1932905,K02,K02.1,7878,0.21057089137925822,-0.15383243925318546
NSF,1932908,K04,K04.1|K04.3,3203,-0.37524693234617457,-0.4725222172798822
NSF,1932922,K04,K04.1|K04.3,6666,-0.41294666348325676,-0.2728418608491867
NSF,1932942,K04,K04.1|K04.3,3203,-0.37524693234617457,-0.4725222172798822
NSF,1933071,K04,K04.1|K04.3,6666,-0.41294666348325676,-0.2728418608491867
NSF,1933104,K01,K01.2,578,-0.10437747618506575,0.23410301645704035
NSF,1933165,K02,K02.1,4339,0.602699115623643,0.037946149557816
NSF,1933184,K03,K03.3,1726,-0.2544270140396094,0.0571708616910387
NSF,1933207,K05,K05.1,6442,-0.18842077659731832,0.010146141180306198
NSF,1933212,K01,K01.1,2425,-0.2723503430363559,0.2791729474131941
NSF,1933217,K03,K03.1|K03.3,2549,-0.2317607075143554,0.043058108695748054
NSF,1933243,K04,K04.1|K04.3,6501,-0.3770468616532376,-0.2195667451865684
NSF,1933259,K02,K02.1,3299,0.2374648877355251,-0.3699927968068203
NSF,1933261,K02,K02.1,3299,0.2374648877355251,-0.3699927968068203
NSF,1933279,K01,K01.1,2425,-0.2723503430363559,0.2791729474131941
NSF,1933345,K05,K05.1|K05.3,1992,-0.1292788096670672,0.07448545900565523
NSF,1933350,K04,K04.1|K04.2|K04.3,464,-0.2103199309965068,0.025523520512219927
NSF,1933355,K04,K04.1|K04.2|K04.3,464,-0.2103199309965068,0.025523520512219927
NSF,1933365,K01,K01.1,3438,-0.20576486776851416,-0.04496770481216761
NSF,1933630,K02,K02.1,790,0.4552284912382413,0.06633218501096283
NSF,1933646,K02,K02.1,2850,0.2627451797611123,-0.15816232318074167
NSF,1933764,K02,K02.1,198,0.45604585106375517,0.05122699038251688
NSF,1933779,K01,K01.1,3438,-0.20576486776851416,-0.04496770481216761
NSF,1933799,K04,K04.1,6977,-0.3164771291850028,-0.18172536624759034
NSF,1933800,K04,K04.1|K04.3,6523,-0.41410050228113315,-0.25627036944124815
NSF,1933927,K02,K02.1,236,0.248491584348436,-0.012602118518057134
NSF,1934276,K04,K04.3,7485,-0.26261157326484524,-0.14691976552524483
NSF,1934346,K02,K02.1,6656,0.08426219373396658,-0.18705992540905156
NSF,1934348,K02,K02.1,6656,0.08426219373396658,-0.18705992540905156
NSF,1934358,K02,K02.1|K02.2,4,0.2770147847507055,0.0053000911144783225
NSF,1934383,K02,K02.1|K02.2,4,0.2770147847507055,0.0053000911144783225
NSF,1934389,K03,K03.1|K03.2,4719,0.15661087067334362,0.353270995150737
NSF,1934420,K03,K03.2,855,0.1370751615329321,0.243300707990417
NSF,1934426,K04,K04.1,7258,-0.28730513637631827,-0.19800038276768497
NSF,1934497,K02,K02.1,5213,0.22147915664586126,-0.1645061734522256
NSF,1934542,K04,K04.1,7268,-0.26320071905698944,-0.043591812525460294
NSF,1934584,K03,K03.2|K03.3,2029,-0.16911061275439376,0.22650447658032055
NSF,1934675,K01,K01.1|K01.2,2426,-0.2633063282595292,0.25258345190827086
NSF,1934712,K03,K03.1|K03.2,4719,0.15661087067334362,0.353270995150737
NSF,1934759,K03,K03.1|K03.2,4719,0.15661087067334362,0.353270995150737
NSF,1934766,K01,K01.1|K01.2,2426,-0.2633063282595292,0.25258345190827086
NSF,1934790,K03,K03.1|K03.2,4719,0.15661087067334362,0.353270995150737
NSF,1934824,K04,K04.1,7268,-0.26320071905698944,-0.043591812525460294
NSF,1934841,K04,K04.1,7268,-0.26320071905698944,-0.043591812525460294
NSF,1934869,K04,K04.1,7268,-0.26320071905698944,-0.043591812525460294
NSF,1934978,K03,K03.2,8322,0.05147750434613811,0.13101386370575943
NSF,1935018,K02,K02.1,3305,0.2523202749598095,-0.3263892096354193
NSF,1935028,K02,K02.1,3305,0.2523202749598095,-0.3263892096354193
NSF,1935088,K04,K04.1|K04.3,740,-0.2640475220389535,-0.10030381564826321
NSF,1935173,K01,K01.1|K01.2,3768,-0.08428925074851952,0.08251278389380926
NSF,1935290,K02,K02.1,1971,0.30631834503267963,0.023908817107403516
NSF,1935305,K02,K02.1|K02.2,4732,0.5509189998625004,0.07717277732263869
NSF,1935308,K02,K02.1|K02.2,4732,0.5509189998625004,0.07717277732263869
NSF,1935393,K04,K04.1|K04.3,3087,-0.38345306482642066,-0.26572192771662373
NSF,1935428,K04,K04.1|K04.3,6497,-0.419260689596313,-0.2684899508291346
NSF,1935514,K04,K04.1|K04.3,5638,-0.3794357228995797,-0.16618167356606506
NSF,1935541,K05,K05.3,4004,-0.1334074909857894,-0.05567896483889642
NSF,1935551,K02,K02.1,4537,0.3876457384967442,-0.05413508057093473
NSF,1935555,K01,K01.1|K01.2,3673,-0.19604436670922176,0.12906008343685488
NSF,1935578,K03,K03.1|K03.2,3347,-0.1898223432731978,-0.04816962402604694
NSF,1935599,K03,K03.1|K03.2,3347,-0.1898223432731978,-0.04816962402604694
NSF,1935619,K04,K04.1,3230,-0.2841201351954037,-0.36427885131623894
NSF,1935653,K05,K05.3,8320,-0.09632841361418647,0.040149090619941354
NSF,1935670,K06,K06.2,1863,-0.23138418964212493,-0.014948455158405802
NSF,1935676,K04,K04.1|K04.3,6189,-0.3395035810747227,-0.1401140547031168
NSF,1935723,K04,K04.1|K04.3,6919,-0.37980613677067304,-0.2591946027298402
NSF,1935773,K04,K04.1|K04.3,2631,-0.2508289932621546,-0.09406163629534679
NSF,1935774,K06,K06.2,1863,-0.23138418964212493,-0.014948455158405802
NSF,1935799,K04,K04.1|K04.3,2360,-0.4121826963522221,-0.2233599724612995
NSF,1935823,K02,K02.1,6281,0.2991185656930633,-0.11482921125281656
NSF,1935984,K01,K01.1|K01.2,513,-0.21896079073383673,0.4255257799155474
NSF,1936174,K01,K01.1|K01.2,7657,-0.05377275135439662,0.25572204849296154
NSF,1936183,K01,K01.1|K01.2,2240,-0.2278030144019822,0.2280213500753372
NSF,1936319,K01,K01.1|K01.2,7488,-0.12245076931276225,0.20460571015855472
NSF,1936378,K01,K01.1|K01.2,8085,-0.13646908777397193,0.22742357832777985
NSF,1936506,K05,K05.3,6121,-0.09740786906701507,0.042015958978965914
NSF,1936560,K04,K04.1|K04.3,6642,-0.3946888263892304,-0.2499449040381934
NSF,1936608,K05,K05.1|K05.3,6132,0.008583077237390269,0.1658809330863072
NSF,1936642,K02,K02.1,2900,0.17101996691195515,-0.10597122609683687
NSF,1936671,K01,K01.1,4359,0.2707140765779037,0.4373731835889455
NSF,1936709,K04,K04.1|K04.3,7115,-0.3906214672539875,-0.27675311783356316
NSF,1936715,K02,K02.1,1071,0.31007971500718656,-0.083260438984356
NSF,1936810,K02,K02.1,187,0.3629911742987465,0.016393130450624127
NSF,1936861,K03,K03.3,1995,-0.05756135381770226,0.19984105256999887
NSF,1936864,K03,K03.2|K03.3,3795,-0.10037542266200283,0.05412936031363791
NSF,1936884,K05,K05.1,5773,-0.18782168550967462,0.08801396343007072
NSF,1936888,K05,K05.3,2785,-0.11337101565000335,0.028020032318077787
NSF,1936893,K05,K05.1,3518,-0.2226407468589968,0.007667799689594079
NSF,1936896,K05,K05.1,6316,-0.2421773637966872,-0.09510643839037942
NSF,1936928,K05,K05.1,6263,-0.17109284228149138,-0.03232388081359196
NSF,1936930,K04,K04.1,6846,-0.3476755758368741,-0.20059901313239958
NSF,1936936,K04,K04.1|K04.3,4012,-0.379262942573088,-0.2959752247453331
NSF,1936950,K03,K03.1|K03.2,1152,0.07187157800469667,0.34833821048710434
NSF,1936967,K01,K01.2,1678,-0.1711440878646427,0.2054730114367869
NSF,1936969,K05,K05.3,1715,-0.13566636789557743,0.11260670377792312
NSF,1936981,K05,K05.1|K05.3,6216,-0.2125308584707818,0.023455539827555237
NSF,1936983,K05,K05.3,5994,-0.13585785982577525,0.024519893696579087
NSF,1937012,K05,K05.3,525,-0.11722957325239934,0.1437332459305418
NSF,1937013,K01,K01.1|K01.2,1029,-0.13227179690824986,0.2731503311397515
NSF,1937023,K05,K05.1|K05.3,5331,-0.12650918854303794,-0.06514913990745196
NSF,1937039,K04,K04.1|K04.3,6522,-0.4268828866327388,-0.24685627511689076
NSF,1937085,K04,K04.1,3544,-0.31631598859296184,-0.2742056295649694
NSF,1937099,K05,K05.1,1881,-0.17682000276243254,0.2191023544333491
NSF,1937103,K05,K05.3,6732,-0.13988956031905234,0.05476522216401117
NSF,1937115,K05,K05.1,2393,-0.20170616555765053,0.14301220555992075
NSF,1937121,K05,K05.3,5389,-0.09641482757565933,0.04094553508200022
NSF,1937135,K05,K05.1,2559,-0.19741905575543794,0.15308771432010532
NSF,1937137,K05,K05.1|K05.3,6349,-0.2124450961125722,0.09946369633978493
NSF,1937290,K02,K02.1,3216,0.10253472838946308,-0.5160210180221485
NSF,1937514,K01,K01.1|K01.2,4828,0.08026776686540625,0.3510565694888512
NSF,1937826,K01,K01.1,275,0.040496010015847975,0.3827271943773489
NSF,1937878,K04,K04.2|K04.3,2092,-0.30220316082776133,0.060851183108553156
NSF,1937984,K01,K01.1,1420,-0.21814429171745814,0.39348061374610765
NSF,1938101,K03,K03.3,1289,-0.17791689415161555,0.24385660326260475
NSF,1938111,K04,K04.1|K04.2|K04.3,6873,-0.331283013183125,-0.06703405530666687
NSF,1938112,K01,K01.1,4738,0.24177191168478834,0.38629117696219806
NSF,1938132,K04,K04.1,6548,-0.38129586465859566,-0.12486454857865611
NSF,1938181,K04,K04.1|K04.3,2771,-0.33673848783138105,-0.19341889605967041
NSF,1938248,K04,K04.1|K04.3,6337,-0.4199867529215175,-0.267976183909706
NSF,1938363,K02,K02.1,4268,0.1815985287228421,-0.20177227108597176
NSF,1938428,K01,K01.2,1723,-0.1643735915415075,0.18741151152609783
NSF,1938476,K04,K04.1|K04.3,4241,-0.38816714178915357,-0.41048998959073757
NSF,1938479,K04,K04.1|K04.3,7264,-0.35911245882920495,-0.34518818825963005
NSF,1938483,K04,K04.1,1326,-0.19685507283309311,0.14392316402554187
NSF,1938565,K01,K01.1,4287,0.10756791112612603,0.5147647311979671
NSF,1938619,K04,K04.1|K04.3,2617,-0.08977322397198886,-0.0698179141150877
NSF,1938665,K04,K04.3,2835,-0.13804906903096167,-0.028871969732824396
NSF,1938895,K04,K04.3,6502,-0.3092920017333079,-0.1533312599321889
NSF,1939051,K02,K02.1,6782,0.17293763244938676,-0.1935532825660344
NSF,1939078,K04,K04.1|K04.3,3555,-0.3706149128415934,-0.4037778726689927
NSF,1939124,K04,K04.1|K04.3,6569,-0.43652789749249044,-0.2930755814614313
NSF,1939144,K04,K04.1|K04.3,6510,-0.41814966795885833,-0.25156136891054737
NSF,1939447,K05,K05.1|K05.3,373,-0.0028450718905382033,0.231270976965588
NSF,1939511,K05,K05.1|K05.3,8240,0.07164531889689808,0.14046897123770552
NSF,1939516,K02,K02.1,6143,0.37832387666546885,-0.0444315113322819
NSF,1939790,K02,K02.1,6143,0.37832387666546885,-0.0444315113322819
NSF,1939841,K03,K03.2|K03.3,574,-0.18744503035217747,0.20253874592714946
NSF,1939843,K03,K03.2|K03.3,574,-0.18744503035217747,0.20253874592714946
NSF,1939880,K01,K01.1,4121,0.2064808277679805,0.40679375195311707
NSF,1939894,K04,K04.1|K04.3,6721,-0.41096993963993794,-0.24707942465259422
NSF,1939913,K02,K02.1,2213,0.1794524279809241,-0.10185823730595822
NSF,1939915,K05,K05.1,477,-0.1158239849948341,0.18740590385151154
NSF,1939920,K01,K01.2,3290,0.0034563314704308123,-0.039843993834967534
NSF,1939943,K05,K05.1,422,-0.06926369243620319,0.20038545973022534
NSF,1939954,K06,K06.2,223,-0.07888250928256044,0.14626657518388184
NSF,1939968,K05,K05.1,420,0.01257786697974446,0.2421160957705846
NSF,1939979,K01,K01.1|K01.2,596,-0.05165822020553529,0.3897617866838171
NSF,1939988,K02,K02.1,36,0.3581064277935517,0.043117604039503155
NSF,1939994,K03,K03.1|K03.3,1895,-0.09878690540214602,0.013690954193010696
NSF,1940006,K06,K06.2,223,-0.07888250928256044,0.14626657518388184
NSF,1940024,K06,K06.2,1675,-0.17648467590542138,0.1590084842047986
NSF,1940034,K02,K02.1,1341,0.17598572184592454,-0.03236866377829545
NSF,1940072,K05,K05.1|K05.3,424,-0.09939431116438432,0.16370144889185687
NSF,1940078,K01,K01.2,358,-0.09524418913033096,0.251499445564188
NSF,1940085,K01,K01.1,5369,-0.04676471434076599,0.3719698571385244
NSF,1940091,K01,K01.1|K01.2,2144,-0.25338363370920824,0.4105501906127026
NSF,1940100,K01,K01.1,5369,-0.04676471434076599,0.3719698571385244
NSF,1940105,K01,K01.1|K01.2,473,-0.19079631847861925,0.4400097753772765
NSF,1940119,K04,K04.1,2245,-0.23446590645000404,-0.007028989076314773
NSF,1940127,K04,K04.1,2245,-0.23446590645000404,-0.007028989076314773
NSF,1940128,K02,K02.1,418,0.30723741998302495,0.02296288277579492
NSF,1940141,K01,K01.1,2105,-0.1921888935996437,0.40488402840379134
NSF,1940163,K01,K01.1|K01.2,2144,-0.25338363370920824,0.4105501906127026
NSF,1940171,K05,K05.1|K05.2,577,-0.11512979704862908,0.17889889144814955
NSF,1940174,K03,K03.1,901,0.08134507457769206,0.2260026982065851
NSF,1940192,K04,K04.1,2245,-0.23446590645000404,-0.007028989076314773
NSF,1940193,K01,K01.1|K01.2,212,-0.12670709289695473,0.35381895630659055
NSF,1940197,K04,K04.1|K04.3,1410,-0.40441335798441336,-0.13169182176890729
NSF,1940217,K05,K05.1|K05.3,391,-0.09557171527844477,0.18206727230488426
NSF,1940218,K05,K05.1,423,-0.06667329614417558,0.20908888572787457
NSF,1940230,K01,K01.1|K01.2,2144,-0.25338363370920824,0.4105501906127026
NSF,1940264,K03,K03.1,251,-0.16344516281025862,0.2690681898833496
NSF,1940268,K01,K01.2,414,-0.1214841682146397,0.2401497802260403
NSF,1940269,K01,K01.1|K01.2,4850,0.12700374855160224,0.5074858647661785
NSF,1940273,K05,K05.1,517,0.024308578704037645,0.19111401635764605
NSF,1940302,K05,K05.1,364,-0.10391861798728333,0.1883647805175335
NSF,1940308,K04,K04.1|K04.3,2033,-0.3243222692072758,0.02504917410805109
NSF,1940319,K02,K02.1,396,0.20643569412569396,-0.03279260579284564
NSF,1940345,K01,K01.2,1999,-0.1631099563731369,0.2684275278068724
NSF,1940373,K04,K04.1|K04.3,3188,-0.3808039591241224,-0.4465537951285964
NSF,1940417,K04,K04.1|K04.3,6337,-0.4199867529215175,-0.267976183909706
NSF,1940473,K01,K01.1,813,0.0533658720269488,0.5002190317594845
NSF,1940552,K04,K04.1|K04.3,3728,-0.3379721406621835,-0.3842916047353394
NSF,1940781,K03,K03.1|K03.2,6662,-0.2429549022284032,-0.09394512466697369
NSF,1940866,K04,K04.1|K04.3,6539,-0.39567078726920807,-0.2009113772477932
NSF,1940870,K04,K04.1|K04.3,2634,-0.35295793153486815,-0.13458359028981887
NSF,1940952,K04,K04.1|K04.3,6742,-0.3885914158000432,-0.24737962752989254
NSF,1941101,K04,K04.1|K04.3,6330,-0.39227911442352814,-0.19859587856109942
NSF,1941110,K02,K02.1,867,0.3806587821352752,0.042932511558120265
NSF,1941227,K04,K04.1|K04.3,3986,-0.37802917708474565,-0.2656846043401626
NSF,1941244,K04,K04.1|K04.3,2630,-0.2779497273416146,-0.1277128697301411
NSF,1941254,K04,K04.1|K04.3,2983,-0.3737385364368897,-0.23939599478336435
NSF,1941327,K02,K02.1,4349,0.5231767442466704,0.045826378487862585
NSF,1941561,K02,K02.1,8191,0.20638086789204096,-0.13269645902973898
NSF,1941657,K02,K02.1,2672,0.17106402854809505,-0.1957004289566188
NSF,1941695,K02,K02.1,6883,0.11910132236239752,-0.15139738785316637
NSF,1941700,K04,K04.1|K04.2|K04.3,3235,-0.3040383787902792,-0.3826610392661035
NSF,1942053,K01,K01.1|K01.2,2046,-0.23514354562299877,0.4338797175662744
NSF,1942099,K04,K04.1|K04.3,6903,-0.42662430435596677,-0.2639066963680282
NSF,1942206,K04,K04.1|K04.3,2696,-0.36928653847602105,-0.17361321997175289
NSF,1942326,K04,K04.3,6515,-0.36106277666231396,-0.17979709123819734
NSF,1942805,K02,K02.1,170,0.3049547067173101,-0.11395474113337836
NSF,1943985,K04,K04.1|K04.3,7397,-0.35019053062855987,-0.12872689660713402
NSF,1944004,K03,K03.1|K03.2,2770,-0.16674672657652756,-0.014522159877457447
NSF,1944051,K04,K04.3,3996,-0.2981323708976343,-0.168208819799018
NSF,1944142,K04,K04.1|K04.3,2531,-0.26972579836997423,-0.03309900568904339
NSF,1944259,K03,K03.3,7492,-0.14210901943757775,0.10049041981049607
NSF,1944369,K04,K04.1|K04.3,5944,-0.37268020622561715,-0.16241061303492596
NSF,1944374,K04,K04.3,6370,-0.34282915245955325,-0.21889197016670234
NSF,1944513,K04,K04.1|K04.3,1348,-0.3516751611617737,-0.015821262230493904
NSF,1944545,K02,K02.1,5257,0.2633212232157512,-0.14187129503032028
NSF,1944559,K03,K03.1|K03.2,1734,-0.1776996656792293,0.16969723255101068
NSF,1944776,K04,K04.1,1237,-0.2897154737515769,0.028918763410413648
NSF,1945195,K02,K02.1,3948,0.13570714365185899,-0.2718112497720069
NSF,1945286,K01,K01.1,1211,-0.18469193372441378,0.39754535258836265
NSF,1945431,K03,K03.3,1372,-0.10361415388445094,0.17197113108931783
NSF,1945504,K02,K02.1,4653,0.45705867220536356,-0.014279490366222461
NSF,1945703,K05,K05.1,2115,-0.17190318949007616,0.2393464430189148
NSF,1945716,K02,K02.1,1391,0.14149408982554085,-0.11811983091348546
NSF,1945754,K02,K02.1,1391,0.14149408982554085,-0.11811983091348546
NSF,1945769,K02,K02.1,5064,0.4311323879021277,-0.028186286513950803
NSF,1945781,K02,K02.1,1391,0.14149408982554085,-0.11811983091348546
NSF,1945787,K05,K05.1,2115,-0.17190318949007616,0.2393464430189148
NSF,1945800,K02,K02.1,1391,0.14149408982554085,-0.11811983091348546
NSF,1946321,K01,K01.1,1591,-0.227098401901615,0.46002633648798097
NSF,1946340,K01,K01.1|K01.2,2894,-0.12086574453675623,0.2217510034150334
NSF,1946347,K02,K02.1,1645,0.1380181135789041,-0.11825397119603201
NSF,1946392,K04,K04.1|K04.3,3496,-0.3931907025680784,-0.3645252164411147
NSF,1946396,K02,K02.1,1645,0.1380181135789041,-0.11825397119603201
NSF,1946423,K04,K04.1|K04.3,6274,-0.35784440399613826,-0.2398583008825765
NSF,1946732,K02,K02.1,8302,0.19552072992353942,-0.16846588770128484
NSF,1946746,K01,K01.1|K01.2,6112,-0.20782538393052388,0.15751854908399213
NSF,1946797,K01,K01.2,3363,-0.050803203872001636,-0.0016033485055466645
NSF,1946866,K01,K01.1,4330,0.2680452318403065,0.4273065858031705
NSF,1946928,K02,K02.1,6400,0.18400952467959297,-0.21723053802373513
NSF,1947009,K02,K02.1,2311,0.05948981414764819,-0.22075596619620239
NSF,1947017,K02,K02.1,6609,0.13515271123592076,-0.12884698776765552
NSF,1947139,K02,K02.1,6994,0.16140590470944322,-0.1907753430646301
NSF,1947411,K02,K02.1,2287,0.2072304695854591,-0.04337813593124887
NSF,1947512,K02,K02.1,671,0.294859413903927,-0.05284804783911426
NSF,1947522,K02,K02.1|K02.2,4732,0.5509189998625004,0.07717277732263869
NSF,1947534,K02,K02.1,5475,0.19875781949468813,-0.09515939758315174
NSF,1947613,K04,K04.1|K04.3,5911,-0.34315643535066787,-0.14862374206356854
NSF,1947626,K02,K02.1,4569,0.36343620756992023,0.04036314863168372
NSF,1947639,K02,K02.1|K02.2,5047,0.3840443777054532,0.024264729687099446
NSF,1947675,K02,K02.1,4569,0.36343620756992023,0.04036314863168372
NSF,1947718,K02,K02.1,8287,0.19535501787533416,-0.1705518811825345
NSF,1947868,K03,K03.3,262,-0.1281922329458432,0.16597021187640004
NSF,1947875,K01,K01.1,3875,0.013263190399352448,0.44510754170539757
NSF,1947882,K02,K02.1|K02.2,237,0.14940488429993898,0.011416832697010423
NSF,1947893,K01,K01.1,3875,0.013263190399352448,0.44510754170539757
NSF,1947965,K02,K02.1|K02.2,844,0.3838875655860097,0.05173682213252587
NSF,1947975,K01,K01.1,5590,-0.20108905343865055,0.26337533811291436
NSF,1948058,K01,K01.1|K01.2,3282,0.003342159801044492,0.07596157243179288
NSF,1948104,K02,K02.1|K02.2,4376,0.43826804802814945,0.031107144662456898
NSF,1948154,K02,K02.1,8086,0.2041152142674703,-0.17250859576880373
NSF,1948422,K04,K04.3,7360,-0.31954144670816315,-0.32391558400620946
NSF,1948622,K02,K02.1|K02.2,4500,0.31559418583724347,-0.041817108664398535
NSF,1948627,K02,K02.1,49,0.42408694409582715,0.000700920930905527
NSF,1948646,K01,K01.1|K01.2,3282,0.003342159801044492,0.07596157243179288
NSF,1948739,K01,K01.1|K01.2,3282,0.003342159801044492,0.07596157243179288
NSF,1948777,K02,K02.1,3299,0.2374648877355251,-0.3699927968068203
NSF,1948787,K01,K01.1|K01.2,3282,0.003342159801044492,0.07596157243179288
NSF,1948790,K02,K02.1,6051,0.1845113155779275,-0.19352318543245098
NSF,1948842,K01,K01.1|K01.2,825,0.06240988680377545,0.47362953625456106
NSF,1948850,K02,K02.1,8086,0.2041152142674703,-0.17250859576880373
NSF,1948867,K02,K02.1,8287,0.19535501787533416,-0.1705518811825345
NSF,1948885,K02,K02.1,8023,0.3301560110278278,-0.08306292216434397
NSF,1948914,K02,K02.1,3388,0.2754160183498357,-0.23645900973395215
NSF,1948921,K02,K02.1,3299,0.2374648877355251,-0.3699927968068203
NSF,1948940,K01,K01.1,1930,-0.13333132521978094,0.47153528485053864
NSF,1948944,K01,K01.1,1930,-0.13333132521978094,0.47153528485053864
NSF,1948952,K01,K01.1,814,0.0683403050618812,0.46305779840333205
NSF,1948963,K05,K05.2,6613,-0.14315381054412468,-0.043204249152572594
NSF,1948972,K01,K01.1,1930,-0.13333132521978094,0.47153528485053864
NSF,1948975,K02,K02.1,5105,0.3739513426375277,-0.25147929584108897
NSF,1949029,K02,K02.1|K02.2,7662,0.15937513648310975,-0.14435847849926853
NSF,1949033,K02,K02.1,4460,0.46344854761688503,-0.17621825752728665
NSF,1949046,K02,K02.1|K02.2,7662,0.15937513648310975,-0.14435847849926853
NSF,1949121,K04,K04.3,6857,-0.31114347295618033,-0.16561838120054836
NSF,1949276,K01,K01.2,6679,-0.24964722449526433,-0.018931809879986175
NSF,1949379,K02,K02.1,3341,0.16513121404332515,-0.3872596697771381
NSF,1949398,K04,K04.1|K04.2|K04.3,2613,-0.37580680849139714,-0.01046931230983613
NSF,1949505,K02,K02.1|K02.2,5572,0.039362665054885546,-0.13368360490473905
NSF,1949593,K02,K02.1,4339,0.602699115623643,0.037946149557816
NSF,1949710,K04,K04.1|K04.3,2575,-0.3996915561269974,-0.07819827945574993
NSF,1949818,K04,K04.2,7359,-0.20842500794320745,-0.23020136363306534
NSF,1949873,K02,K02.1,8204,0.22761422227410777,-0.12910596252943768
NSF,1949910,K02,K02.1,3296,0.34392646184248676,-0.32397060166479064
NSF,1949962,K02,K02.1,3296,0.34392646184248676,-0.32397060166479064
NSF,1950101,K02,K02.1,291,0.32690900861877004,0.027477440406235107
NSF,1950123,K04,K04.1|K04.3,6545,-0.4212427531468299,-0.27587492896954746
NSF,1950212,K02,K02.1,4169,0.14648801054957789,-0.27024939517592084
NSF,1950289,K02,K02.1,3844,0.2904335870905689,-0.2543892368006372
NSF,1950327,K02,K02.1,2822,0.23832118719829876,-0.06093093505472694
NSF,1950333,K02,K02.1,2822,0.23832118719829876,-0.06093093505472694
NSF,1950354,K04,K04.1|K04.3,7023,-0.3888339318716681,-0.2527367507806376
NSF,1950458,K05,K05.3,3501,-0.19344413191948379,-0.17679122346503254
NSF,1950690,K02,K02.1,4652,0.505299557385778,-0.04839017264046312
NSF,1950805,K02,K02.1,4748,0.4969034240911522,0.004810969646890151
NSF,1950872,K04,K04.1|K04.3,5801,-0.40823828356622605,-0.09481524083401449
NSF,1951006,K02,K02.1,4169,0.14648801054957789,-0.27024939517592084
NSF,1951071,K01,K01.1|K01.2,1505,-0.22049792300954602,0.366340912432061
NSF,1951083,K05,K05.1,6530,-0.2597177054072701,0.02058739638394335
NSF,1951090,K01,K01.1,816,0.08486776858126253,0.37114921753135255
NSF,1951148,K02,K02.1,2188,0.1989074694060372,-0.08945687481673334
NSF,1951152,K04,K04.1|K04.3,3238,-0.3704040617632007,-0.30600583575014173
NSF,1951190,K04,K04.1|K04.3,3504,-0.38600980316546757,-0.36012860619604337
NSF,1951194,K02,K02.1,7872,0.18525724415620454,-0.18093893806745004
NSF,1951197,K04,K04.3,6425,-0.3441135340733762,-0.11203119974522677
NSF,1951216,K04,K04.1|K04.3,6322,-0.3910411595675029,-0.24239847345751922
NSF,1951225,K04,K04.3,6320,-0.33060661882720016,-0.20035495332873599
NSF,1951231,K04,K04.1|K04.2|K04.3,3726,-0.35396199934762324,-0.4034983292331791
NSF,1951241,K01,K01.1|K01.2,2389,-0.25922453677124485,0.30103408164056666
NSF,1951242,K04,K04.3,7238,-0.3049037286275907,-0.24279604450339112
NSF,1951294,K01,K01.1,819,0.09972315580554696,0.41475280470275355
NSF,1951308,K02,K02.1,4694,0.41316847692454206,-0.0950985866707602
NSF,1951309,K02,K02.1,4694,0.41316847692454206,-0.0950985866707602
NSF,1951418,K04,K04.1,2064,-0.3161854249529116,0.06165733806933847
NSF,1951636,K04,K04.1,675,-0.19354632142738365,0.1666882631467752
NSF,1951647,K01,K01.1,33,0.06120773599973421,0.3743679671148473
NSF,1951657,K02,K02.1,4594,0.4790642715212532,-0.07344932105427572
NSF,1951677,K02,K02.1,3173,0.11640489809310088,-0.36077185968846126
NSF,1951741,K04,K04.1|K04.3,4695,-0.13618310252161864,0.07439151989535422
NSF,1951762,K01,K01.1,813,0.0533658720269488,0.5002190317594845
NSF,1951767,K01,K01.1,813,0.0533658720269488,0.5002190317594845
NSF,1951789,K04,K04.1,5938,-0.34727853685166554,-0.047931156783330736
NSF,1951813,K03,K03.3,6457,-0.2204274518335593,0.06708251320587894
NSF,1951821,K01,K01.1|K01.2,2173,-0.24366901831302012,0.4145170945992407
NSF,1951847,K05,K05.2|K05.3,6351,-0.21273518465125574,0.00034503275042030435
NSF,1951875,K03,K03.3,3102,-0.19517130197042706,0.1496305296569074
NSF,1951890,K04,K04.1|K04.2,6010,-0.2531949929682168,0.00789373349804045
NSF,1951927,K01,K01.1|K01.2,6226,-0.17915716742744822,0.3588456385492248
NSF,1951928,K01,K01.1,2,0.010166114819307778,0.3444111228005712
NSF,1951971,K03,K03.3,5485,-0.19856909775062695,0.13930661178634268
NSF,1951997,K01,K01.1|K01.2,483,-0.20577132748142912,0.40081142810624315
NSF,1952007,K04,K04.1,7965,-0.24887993247890927,0.01876932075465973
NSF,1952013,K01,K01.2,6101,-0.16187347901146912,0.19034283467284438
NSF,1952038,K06,K06.2,6386,-0.16008905282810923,0.01513200636158425
NSF,1952050,K02,K02.2,7747,-0.060775960514843644,0.013088525181192509
NSF,1952089,K05,K05.1,2040,-0.19114038809788225,0.25004733438507515
NSF,1952090,K04,K04.1|K04.3,6006,-0.30225602678144775,-0.13249030426043445
NSF,1952147,K04,K04.1,3185,-0.32055565355559196,-0.23911315960075244
NSF,1952169,K01,K01.2,6100,-0.174892630920407,0.20676830695016982
NSF,1952181,K04,K04.1|K04.3,7777,-0.32632711192581665,-0.027830918582460146
NSF,1952183,K01,K01.1|K01.2,3804,-0.2380446158183332,0.18201266051578346
NSF,1952193,K04,K04.1,5740,-0.3019808660564575,-0.1598604175360024
NSF,1952196,K05,K05.1|K05.3,100,-0.025633469629398456,0.2658526435720948
NSF,1952199,K02,K02.1|K02.2,202,0.38824063721181634,0.10147639494177851
NSF,1952206,K02,K02.1,2009,0.1338489345379884,0.01702537230169439
NSF,1952241,K05,K05.1|K05.2,5838,-0.205626794022867,0.01418632412246013
NSF,1952263,K01,K01.1|K01.2,3167,-0.24677501324189444,0.0897106908345022
NSF,1952395,K03,K03.2,6843,-0.1943199027933522,-0.037879080159443336
NSF,1952439,K02,K02.1,3174,0.2393939357194439,-0.4066582454184111
NSF,1952627,K02,K02.1,3854,0.28727536385898944,-0.12625249050232115
NSF,1952645,K01,K01.1,1086,0.05516827493785885,0.350075712236553
NSF,1952646,K03,K03.3,1404,-0.21874846234071688,0.17769705283503948
NSF,1952651,K03,K03.2,4486,0.14370408655268574,0.14446411814923066
NSF,1952683,K04,K04.1|K04.3,2597,-0.40402655220129835,-0.17895360619969453
NSF,1952715,K02,K02.1|K02.2,7468,0.2909334574830247,0.11173828550828464
NSF,1952719,K05,K05.1,1468,-0.12408928829526913,0.2237530236595824
NSF,1952792,K06,K06.2,2142,-0.16014576418757237,0.14635542500128093
NSF,1952802,K03,K03.2,4434,0.042250284682233366,0.20742238714278982
NSF,1952815,K02,K02.1,840,0.4464608550945881,0.035691205358074324
NSF,1952817,K02,K02.1,7539,0.3414149223578134,-0.20557737508071322
NSF,1952884,K04,K04.1,2716,-0.26664593379206547,-0.14970768710924884
NSF,1952914,K02,K02.1,3297,0.2586926162056628,-0.3361942891048513
NSF,1952920,K04,K04.1|K04.3,2627,-0.3906139520871942,-0.15446307684334445
NSF,1953032,K04,K04.1|K04.3,2627,-0.3906139520871942,-0.15446307684334445
NSF,1953270,K02,K02.1,1578,0.1782349217570825,-0.05369674609469885
NSF,1953416,K01,K01.1|K01.2,2108,-0.1677332750411128,0.2871922082918864
NSF,1953473,K04,K04.1|K04.2|K04.3,6321,-0.373200074609266,-0.09802960696100102
NSF,1953710,K01,K01.1|K01.2,1358,-0.13878239574812887,0.3958610566144978
NSF,1953774,K03,K03.1,6487,-0.17270098154987512,-0.020927358424820172
NSF,1953791,K02,K02.1|K02.2,2015,0.08652454102615549,0.03799257404508512
NSF,1954002,K03,K03.2|K03.3,6160,-0.0009579753506791383,0.16022964707817974
NSF,1954065,K05,K05.1,1303,-0.13438315394222716,0.19454750158088488
NSF,1954517,K04,K04.1|K04.3,6851,-0.37817802357255176,-0.2025094225632349
NSF,1954538,K01,K01.1,4288,0.24553138178740147,0.4317171121118649
NSF,1954703,K01,K01.1,3118,-0.12627298530149153,0.2020987412251471
NSF,1954907,K01,K01.1,4288,0.24553138178740147,0.4317171121118649
NSF,1954925,K04,K04.1,2804,-0.27013603881005166,0.01534558287201085
NSF,1955034,K04,K04.1,3409,-0.3263616134545292,-0.32943335137227114
NSF,1955793,K02,K02.1,3216,0.10253472838946308,-0.5160210180221485
NSF,1956248,K03,K03.3,2723,-0.15632586626577796,0.05903829344633221
NSF,1956285,K01,K01.2,1724,-0.16715887219629919,0.19509228512519902
NSF,1956308,K04,K04.1|K04.3,3463,-0.38608107021012467,-0.4584921160308484
NSF,2000102,K02,K02.1,6411,0.06434000460153018,-0.3025781889301775
NSF,2000140,K05,K05.1,2267,-0.11281620439997045,0.04357805002757684
NSF,2000156,K05,K05.1,2267,-0.11281620439997045,0.04357805002757684
NSF,2000188,K01,K01.1|K01.2,1358,-0.13878239574812887,0.3958610566144978
NSF,2000201,K02,K02.1,73,0.1898288623033253,-0.05054757003561024
NSF,2000219,K02,K02.1,73,0.1898288623033253,-0.05054757003561024
NSF,2000275,K01,K01.1|K01.2,3817,-0.09884938968298095,0.05815841192666624
NSF,2000408,K02,K02.1,2793,0.19058667273516944,-0.2139135090726429
NSF,2000478,K02,K02.1,1644,0.07668311877087779,-0.1710025645398354
NSF,2000560,K02,K02.1,1644,0.07668311877087779,-0.1710025645398354
NSF,2000761,K04,K04.1|K04.3,3237,-0.3680660329435637,-0.46812560703481076
NSF,2000980,K04,K04.1|K04.3,3237,-0.3680660329435637,-0.46812560703481076
NSF,2000992,K02,K02.1,196,0.3812976986178266,0.063002693838226
NSF,2000997,K02,K02.1,196,0.3812976986178266,0.063002693838226
NSF,2001219,K04,K04.1|K04.3,3484,-0.37080434600822415,-0.32111917729191675
NSF,2001261,K02,K02.1,2233,0.13525707845296803,-0.18163003103243638
NSF,2001449,K02,K02.1,2843,0.3095336278439346,-0.13755140594813464
NSF,2001568,K02,K02.1,3214,0.08856303672056202,-0.5247398265211047
NSF,2001593,K02,K02.1,3214,0.08856303672056202,-0.5247398265211047
NSF,2001625,K02,K02.1,3214,0.08856303672056202,-0.5247398265211047
NSF,2001671,K01,K01.1|K01.2,4206,-0.17113683336314256,0.21695225150468442
NSF,2001714,K03,K03.2,239,-0.048810293707515336,0.2053062210149608
NSF,2001738,K02,K02.1,1990,0.16938136168519358,-0.12433826278640853
NSF,2001957,K02,K02.1,2048,0.15577455372403703,-0.15902948111133433
NSF,2002374,K01,K01.1|K01.2,325,-0.0466143101356343,0.4103609087783039
NSF,2002382,K01,K01.1|K01.2,2295,-0.23301043339381872,0.2488634614677959
NSF,2002409,K05,K05.3,2113,-0.11144982087853866,0.13226050170556722
NSF,2002410,K02,K02.1,768,0.3275138999858229,-0.04067089776643393
NSF,2002431,K02,K02.1,288,0.25216085617284145,0.03925314386194423
NSF,2002437,K02,K02.1,288,0.25216085617284145,0.03925314386194423
NSF,2002448,K02,K02.1,49,0.42408694409582715,0.000700920930905527
NSF,2002465,K01,K01.1|K01.2,3852,-0.06569785742748241,0.24392182157487433
NSF,2002467,K01,K01.1|K01.2,3852,-0.06569785742748241,0.24392182157487433
NSF,2002470,K02,K02.1,874,0.42157829701946026,0.006174728070205943
NSF,2002477,K04,K04.1|K04.3,3483,-0.3847760376771252,-0.32983798579087287
NSF,2002485,K02,K02.1,288,0.25216085617284145,0.03925314386194423
NSF,2002516,K03,K03.1|K03.3,472,-0.14116030593277518,0.2660047909766857
NSF,2002522,K03,K03.1|K03.3,472,-0.14116030593277518,0.2660047909766857
NSF,2002584,K03,K03.2,2006,-0.14127449303552037,0.19883246025545598
NSF,2002589,K03,K03.2,2006,-0.14127449303552037,0.19883246025545598
NSF,2002617,K01,K01.1|K01.2,1754,-0.24806025193284031,0.2617847322399637
NSF,2002620,K01,K01.1|K01.2,2206,-0.15058690478002063,0.30332382417562964
NSF,2002660,K03,K03.1,221,-0.0810480046303238,0.16844690890128153
NSF,2002681,K04,K04.3,1554,-0.14046507788812518,0.02896624343928552
NSF,2002688,K04,K04.3,1554,-0.14046507788812518,0.02896624343928552
NSF,2002751,K02,K02.1,3293,0.24518297343599477,-0.34014022715230396
NSF,2002829,K06,K06.2,909,0.06180962306478664,0.1463698322671992
NSF,2002897,K04,K04.1,2450,-0.34046553244147065,-0.12810862792851843
NSF,2002985,K04,K04.1|K04.3,5794,-0.3557349244351392,-0.03735260928026068
NSF,2003360,K03,K03.3,476,-0.17018812841611375,0.24701244040941614
NSF,2003464,K02,K02.1,198,0.45604585106375517,0.05122699038251688
NSF,2003874,K04,K04.1|K04.3,5598,-0.35201036402327324,-0.04092845378894994
NSF,2004275,K04,K04.1|K04.3,2386,-0.361085899530517,-0.12478007585911427
NSF,2004658,K03,K03.1,2536,-0.21604430193504215,0.19001641631976285
NSF,2004800,K02,K02.1,7905,0.18157466152886576,-0.18460806803895788
NSF,2004941,K02,K02.2,4641,0.2147623682053309,0.13835808179015407
NSF,2005057,K02,K02.1,6654,0.057654097849770033,-0.32073727183652445
NSF,2005098,K02,K02.1,6654,0.057654097849770033,-0.32073727183652445
NSF,2005226,K02,K02.1|K02.2,4984,0.21040553430777026,-0.09291405698852756
NSF,2005259,K03,K03.2,3975,-0.1615947344040924,-0.053902910238988994
NSF,2005439,K01,K01.1,272,-0.10910112349469156,0.2949362336798259
NSF,2005593,K02,K02.1,2822,0.23832118719829876,-0.06093093505472694
NSF,2005747,K04,K04.3,6878,-0.3145898050023112,-0.17228100678826208
NSF,2006150,K02,K02.1,1433,0.07296948054332915,0.006574571740202845
NSF,2006323,K01,K01.1|K01.2,2294,-0.2838640784978662,0.1772421262577861
NSF,2006326,K01,K01.1,7507,-0.18819641002386006,0.024927452127522592
NSF,2006445,K04,K04.1,7305,-0.30879599339085245,-0.308659107824224
NSF,2006613,K02,K02.1,1585,0.07949172191775199,-0.13167635207699868
NSF,2006628,K04,K04.1|K04.3,5940,-0.3844680364492171,-0.04677419028787014
NSF,2006828,K04,K04.1|K04.3,2598,-0.4510449222271924,-0.13987063854375184
NSF,2007049,K04,K04.1|K04.3,3189,-0.36683226745522135,-0.43783498662964027
NSF,2008202,K03,K03.3,1603,-0.1813928703982523,0.2437224629800582
NSF,2008276,K03,K03.3,1603,-0.1813928703982523,0.2437224629800582
NSF,2009103,K05,K05.1|K05.3,5208,-0.088686838354233,0.05573057893594769
NSF,2009353,K02,K02.1,367,0.3583189813980013,0.010722039821865648
NSF,2009669,K02,K02.1,4600,0.3874580846385759,-0.07586792902490437
NSF,2009726,K02,K02.1,7484,0.13862648605454297,-0.24937250185629536
NSF,2009821,K02,K02.1,906,0.35618754454651286,-0.017446721748607036
NSF,2009833,K02,K02.1|K02.2,810,0.37155327155116574,0.05613871483476554
NSF,2009922,K03,K03.1,3963,-0.14147474096255377,-0.031125161819092265
NSF,2010014,K02,K02.1,5340,0.29919624418857205,-0.07243073643478222
NSF,2010890,K04,K04.3,3243,-0.32556241149821746,-0.4345707880291918
NSF,2011285,K02,K02.1,4748,0.4969034240911522,0.004810969646890151
NSF,2011296,K04,K04.1|K04.3,6851,-0.37817802357255176,-0.2025094225632349
NSF,2011346,K02,K02.1,4387,0.5618455273298866,0.06116723091083612
NSF,2011362,K01,K01.1,2928,-0.1292354081806391,0.20626550124683532
NSF,2011396,K04,K04.1|K04.3,1240,-0.33677941806459055,-0.012025465597104601
NSF,2011423,K04,K04.1|K04.3,1240,-0.33677941806459055,-0.012025465597104601
NSF,2011439,K02,K02.1,4387,0.5618455273298866,0.06116723091083612
NSF,2011454,K02,K02.1,4748,0.4969034240911522,0.004810969646890151
NSF,2011872,K02,K02.1|K02.2,1214,0.13085532679971473,-0.013775623682443477
NSF,2012149,K02,K02.1,3036,0.22115086779592263,-0.19235487733647805
NSF,2012157,K04,K04.1|K04.3,3089,-0.36474020627231435,-0.2062649167753966
NSF,2012322,K02,K02.1,562,0.3769505700237826,0.024026506944272302
NSF,2012766,K05,K05.1,3679,-0.1757384814708786,-0.1739255384142165
NSF,2012905,K02,K02.1,2931,0.16927404843533933,-0.17744014517156262
NSF,2013093,K04,K04.1|K04.3,6851,-0.37817802357255176,-0.2025094225632349
NSF,2013161,K03,K03.1|K03.3,6390,-0.0640248089444672,0.08581313948736567
NSF,2013280,K02,K02.1,445,0.2186267862929312,0.016422344638304887
NSF,2013400,K04,K04.3,4009,-0.3159968371925505,-0.24937939898687309
NSF,2013636,K02,K02.1,4842,0.30117326335170574,-0.17239549374218968
NSF,2013697,K04,K04.1,1238,-0.26526243237869707,0.018764830043163427
NSF,2013739,K04,K04.1|K04.3,6524,-0.4046507008771701,-0.2097870209036349
NSF,2013779,K02,K02.1,5671,0.10119825603383469,-0.21782993806209947
NSF,2013786,K04,K04.1|K04.3,6524,-0.4046507008771701,-0.2097870209036349
NSF,2013838,K04,K04.3,7165,-0.29536469674465016,-0.18985453951427955
NSF,2013880,K04,K04.1|K04.3,6498,-0.40528899792741196,-0.2597711423301785
NSF,2013929,K01,K01.1,3846,-0.052717809112717035,0.22985814111027386
NSF,2013947,K02,K02.1,2453,0.1438924470603728,-0.18463922240448724
NSF,2013993,K04,K04.1|K04.3,6786,-0.23720870852209952,-0.10472160359750493
NSF,2014171,K02,K02.1|K02.2,294,0.20860119154075363,0.027446537203742807
NSF,2014176,K04,K04.3,2083,-0.30061003844067047,-0.09564155672169648
NSF,2014330,K01,K01.1,2238,-0.17643596791850075,0.22594716829749892
NSF,2014581,K04,K04.1,4727,0.1752243851580541,0.11653523131155678
NSF,2014603,K04,K04.1|K04.3,6521,-0.4280721939500342,-0.2649891779402044
NSF,2014633,K01,K01.1|K01.2,929,-0.15065076721671722,0.40192139681370553
NSF,2014659,K04,K04.1|K04.3,3719,-0.3900788155749593,-0.46883031607946235
NSF,2014663,K04,K04.1|K04.3,7352,-0.3760167598224105,-0.36618921151078465
NSF,2014792,K04,K04.1|K04.3,7357,-0.3116534719486949,-0.29062193825332217
NSF,2015153,K04,K04.1|K04.3,3505,-0.4008120816090014,-0.2704250414920799
NSF,2015187,K03,K03.3,3820,-0.17425322832890322,-0.20260788687934717
NSF,2015311,K03,K03.2,543,-0.15989978345802908,0.15565139879212345
NSF,2015466,K02,K02.1|K02.2,4756,0.405862461374489,0.056541940407836416
NSF,2015603,K04,K04.1|K04.3,3192,-0.35738246605125834,-0.391351638092027
NSF,2015618,K03,K03.1|K03.2,252,-0.14150282067034053,0.2312114310996022
NSF,2015658,K04,K04.1|K04.3,3192,-0.35738246605125834,-0.391351638092027
NSF,2015671,K04,K04.1|K04.3,3192,-0.35738246605125834,-0.391351638092027
NSF,2015715,K03,K03.1|K03.3,230,-0.17562476787716946,0.2171264200760312
NSF,2015749,K04,K04.1,6681,-0.3680183917906107,-0.2263143854685207
NSF,2015859,K04,K04.1,6681,-0.3680183917906107,-0.2263143854685207
NSF,2015919,K04,K04.1|K04.3,7352,-0.3760167598224105,-0.36618921151078465
NSF,2016068,K02,K02.1,4402,0.47356227317865784,0.014196599581534214
NSF,2016164,K04,K04.1|K04.3,3463,-0.38608107021012467,-0.4584921160308484
NSF,2016168,K04,K04.1|K04.3,3710,-0.36328825866572995,-0.4347712730617501
NSF,2016199,K04,K04.1|K04.3,305,-0.18660584676257613,0.02645171803325347
NSF,2016205,K03,K03.1,8304,-0.09489833886047956,0.05717985203829744
NSF,2016225,K04,K04.1|K04.3,7056,-0.34959935713954976,-0.2297429588091669
NSF,2016239,K01,K01.1,7412,-0.13544427462503103,0.2111506224010317
NSF,2016321,K04,K04.1|K04.3,3986,-0.37802917708474565,-0.2656846043401626
NSF,2016333,K04,K04.1,3716,-0.3561639136725047,-0.4528185120077822
NSF,2016396,K01,K01.1,3207,-0.20295528765919663,-0.09361062472025679
NSF,2016404,K02,K02.1,7919,0.206808001220876,-0.19674377122999556
NSF,2016409,K04,K04.1,7331,-0.3511045945159749,-0.3313987672576133
NSF,2016444,K01,K01.1|K01.2,2362,-0.25461394119674224,0.32638187701000476
NSF,2016469,K05,K05.1,1052,-0.029596215202865636,0.18135887600881948
NSF,2016472,K04,K04.1|K04.3,3203,-0.37524693234617457,-0.4725222172798822
NSF,2016484,K04,K04.1|K04.3,3811,-0.36353732213524537,-0.2397466092905086
NSF,2016552,K04,K04.1|K04.2|K04.3,6646,-0.3712243876892883,-0.22991259731606578
NSF,2016826,K02,K02.1,3297,0.2586926162056628,-0.3361942891048513
NSF,2017022,K01,K01.1,3793,-0.08710311849459147,0.06751523115853542
NSF,2017113,K04,K04.1|K04.3,6255,-0.2948894404076404,-0.13499992288696192
NSF,2017165,K02,K02.1,8302,0.19552072992353942,-0.16846588770128484
NSF,2017207,K02,K02.1,2709,0.15057125992684994,-0.22987958933441918
NSF,2017544,K05,K05.2,430,-0.1111811794649877,0.1465551284064197
NSF,2017626,K02,K02.1|K02.2,4732,0.5509189998625004,0.07717277732263869
NSF,2017729,K02,K02.1,3359,0.179820944469626,-0.3909239252529697
NSF,2017789,K03,K03.1,6767,-0.16940623876063812,-0.026709681753784124
NSF,2017971,K04,K04.2|K04.3,7445,-0.2474674601080254,-0.04649609990050252
NSF,2018051,K02,K02.1|K02.2,7664,0.14134079496660368,-0.14085928358576819
NSF,2018063,K02,K02.1|K02.2,6647,0.09043308880759203,-0.16909454756811984
NSF,2018092,K04,K04.1|K04.3,6586,-0.40936897080048695,-0.1463475212768686
NSF,2018104,K01,K01.1,3208,-0.17856323629439297,-0.03845982733619166
NSF,2018172,K04,K04.1,3261,-0.3082904737841737,-0.34903697380039433
NSF,2018355,K03,K03.2|K03.3,533,-0.09137577749620722,0.24615636105247873
NSF,2018492,K04,K04.1|K04.3,2639,-0.4332113791194955,-0.15465543644562688
NSF,2018803,K01,K01.1,1612,-0.12642254887798557,0.48147105334964624
NSF,2018848,K01,K01.1|K01.2,1894,-0.09899175486091596,0.12426112593639166
NSF,2018879,K04,K04.1,5743,-0.27281699832178075,-0.12681046047946515
NSF,2019198,K02,K02.1,1385,0.07703337352391394,-0.19402475096988456
NSF,2019232,K03,K03.3,1685,-0.19493355878826746,0.18988153721674259
NSF,2019369,K01,K01.1|K01.2,5053,0.08892988280600726,0.34318264862456416
NSF,2019485,K02,K02.1,1573,0.3463562238517448,-0.008799120838863889
NSF,2019494,K03,K03.3,1141,-0.007570788064919259,0.22496223260285714
NSF,2019515,K02,K02.1,791,0.40060690451265274,-0.006555070750433989
NSF,2019546,K02,K02.1|K02.2,3309,0.16965967388358627,-0.31974339224755866
NSF,2019649,K02,K02.1,1265,0.13362706742191138,0.020249664098793127
NSF,2019716,K05,K05.1,4956,0.044676608788479025,0.19548673423652516
NSF,2019726,K03,K03.2|K03.3,4100,-0.22944521354356323,0.0729768578671385
NSF,2019754,K04,K04.1,572,-0.23391388283795378,0.005410713781850485
NSF,2019796,K02,K02.1|K02.2,1987,0.12487362122926084,-0.08927384831291232
NSF,2019835,K01,K01.1|K01.2,3287,-0.07094828723256767,0.04963801357702938
NSF,2019858,K02,K02.1,1265,0.13362706742191138,0.020249664098793127
NSF,2019874,K02,K02.1|K02.2,1987,0.12487362122926084,-0.08927384831291232
NSF,2019902,K02,K02.1,5186,0.3460376909983532,-0.10233706220905
NSF,2019932,K02,K02.1,1265,0.13362706742191138,0.020249664098793127
NSF,2019939,K02,K02.1,1265,0.13362706742191138,0.020249664098793127
NSF,2019965,K02,K02.1,1265,0.13362706742191138,0.020249664098793127
NSF,2019968,K02,K02.1,1265,0.13362706742191138,0.020249664098793127
NSF,2019983,K02,K02.1,6134,0.42157593001034044,-0.035788304859080855
NSF,2019991,K02,K02.1,1265,0.13362706742191138,0.020249664098793127
NSF,2020000,K02,K02.1,1265,0.13362706742191138,0.020249664098793127
NSF,2020024,K02,K02.1,7853,0.2017803293244403,-0.18125806997575278
NSF,2020126,K01,K01.1|K01.2,865,0.06855321578090494,0.3882443738099196
NSF,2020252,K02,K02.1,2077,0.12615181399340447,-0.06085205728509269
NSF,2020404,K02,K02.1,291,0.32690900861877004,0.027477440406235107
NSF,2020501,K02,K02.1,4987,0.2833012171710488,-0.1173011302205682
NSF,2020545,K03,K03.3,8148,-0.10528493636186768,0.09543034240607227
NSF,2020632,K02,K02.1,286,0.27640640539269246,-0.022802867355518827
NSF,2020681,K02,K02.1,6259,0.3175519229773139,-0.07376757700066308
NSF,2020745,K01,K01.1,2293,-0.20262697376283312,0.2281377902493166
NSF,2020790,K04,K04.1|K04.3,6322,-0.3910411595675029,-0.24239847345751922
NSF,2020814,K02,K02.1,3441,0.14268300004307172,-0.3909253253693771
NSF,2020853,K02,K02.1,7707,0.22343017288557365,-0.16917209664596156
NSF,2020888,K04,K04.1|K04.2,6376,-0.29630957803480096,-0.13870413795839562
NSF,2020904,K02,K02.2,8163,-0.0637862821796901,0.005309270081119444
NSF,2021035,K02,K02.2,8163,-0.0637862821796901,0.005309270081119444
NSF,2021044,K02,K02.2,8163,-0.0637862821796901,0.005309270081119444
NSF,2021086,K03,K03.2,222,-0.04711266356517871,0.19848717225157536
NSF,2021147,K02,K02.1|K02.2,3524,0.03926755216561366,-0.22853635496936409
NSF,2021274,K02,K02.1,840,0.4464608550945881,0.035691205358074324
NSF,2021419,K04,K04.1|K04.3,6734,-0.3952242492122127,-0.24785633886348543
NSF,2021590,K02,K02.2,4279,-0.09902747386034566,-0.012988000490157622
NSF,2021618,K03,K03.2|K03.3,354,-0.1766498030477447,0.08193912605703886
NSF,2021956,K05,K05.1,8093,-0.10822683807590196,0.06664866699491462
NSF,2022177,K01,K01.1|K01.2,2609,-0.06889673961445889,0.27849796290964524
NSF,2022260,K02,K02.1,3574,0.0972541048323362,-0.36006992040931185
NSF,2022278,K04,K04.1|K04.3,3906,-0.32485115916405216,-0.13186449151065324
NSF,2022355,K05,K05.1,7912,-0.000899741223434683,0.12636173759186295
NSF,2022390,K02,K02.1|K02.2,1798,-0.0223979321524176,-0.12939912628051717
NSF,2022427,K02,K02.1|K02.2,1798,-0.022397932152417588,-0.1293991262805171
NSF,2022438,K05,K05.1,1019,0.05325659897594555,0.2208105870631358
NSF,2022444,K05,K05.1,1019,0.05325659897594555,0.2208105870631358
NSF,2022505,K05,K05.1,2150,-0.2564930465195669,-0.025424836179316207
NSF,2022523,K03,K03.1,1017,0.07109257663693432,0.22610870480744003
NSF,2022529,K05,K05.2,7939,-0.07213691212984846,0.07815617198111842
NSF,2022554,K03,K03.1,1017,0.07109257663693432,0.22610870480744003
NSF,2022562,K01,K01.2,229,-0.1598368861392102,0.21175215033125042
NSF,2022568,K01,K01.2,229,-0.1598368861392102,0.21175215033125042
NSF,2022570,K01,K01.1|K01.2,6352,-0.11298070910549841,0.24626124788449252
NSF,2022571,K03,K03.1,1017,0.07109257663693432,0.22610870480744003
NSF,2022583,K01,K01.2,229,-0.1598368861392102,0.21175215033125042
NSF,2022587,K01,K01.1|K01.2,6352,-0.11298070910549841,0.24626124788449252
NSF,2022588,K03,K03.1,1017,0.07109257663693432,0.22610870480744003
NSF,2022589,K05,K05.1,1003,-0.13948051564860192,0.13405269787466217
NSF,2022599,K03,K03.1,1017,0.07109257663693432,0.22610870480744003
NSF,2022628,K05,K05.1,1003,-0.13948051564860192,0.13405269787466217
NSF,2022641,K02,K02.1,751,0.35547998252717394,-0.020900754448536812
NSF,2022666,K01,K01.1|K01.2,2609,-0.06889673961445889,0.27849796290964524
NSF,2022687,K01,K01.1|K01.2,6352,-0.11298070910549841,0.24626124788449252
NSF,2022699,K05,K05.2,7939,-0.07213691212984846,0.07815617198111842
NSF,2022705,K05,K05.1,2150,-0.2564930465195669,-0.025424836179316207
NSF,2022707,K01,K01.2,1164,-0.10002273608313038,0.2431185517029603
NSF,2022716,K01,K01.1,1380,-0.19315979395779562,0.271240605331869
NSF,2022717,K04,K04.1|K04.3,4858,-0.09171197171914167,-0.10099634511013801
NSF,2022720,K04,K04.1,1626,-0.30576279050001726,0.09323742771904045
NSF,2022740,K03,K03.1|K03.3,849,0.09231451493354158,0.3045190277697296
NSF,2022778,K05,K05.1,7904,-0.0012941329840320398,0.11690154643023136
NSF,2022842,K03,K03.2|K03.3,856,0.0941910737074043,0.3072129702600751
NSF,2022871,K05,K05.1,7904,-0.0012941329840320398,0.11690154643023136
NSF,2022874,K03,K03.2|K03.3,856,0.0941910737074043,0.3072129702600751
NSF,2022876,K02,K02.1,965,0.3330776021964361,-0.05523825155483539
NSF,2022885,K04,K04.1,4935,-0.04939218282552498,0.002777862837320271
NSF,2022889,K02,K02.1,4303,0.49811574282857995,0.05148527810854585
NSF,2022921,K04,K04.1,4935,-0.04939218282552498,0.002777862837320271
NSF,2022934,K02,K02.1,4385,0.5475025258182756,0.09460155182215906
NSF,2022967,K04,K04.1|K04.3,5657,-0.38333137867242106,-0.18671525759318583
NSF,2022970,K04,K04.1|K04.3,3821,-0.3895946299025399,-0.4450206055471526
NSF,2022971,K04,K04.1|K04.3,3821,-0.3895946299025399,-0.4450206055471526
NSF,2022977,K01,K01.1,234,-0.08616229943490047,0.3767583177272974
NSF,2022982,K02,K02.1,4385,0.5475025258182756,0.09460155182215906
NSF,2022987,K02,K02.1,4385,0.5475025258182756,0.09460155182215906
NSF,2022991,K02,K02.1,840,0.4464608550945881,0.035691205358074324
NSF,2023018,K02,K02.1,4303,0.49811574282857995,0.05148527810854585
NSF,2023112,K03,K03.3,1515,-0.1914575825416307,0.19001567749928913
NSF,2023155,K02,K02.1|K02.2,4732,0.5509189998625004,0.07717277732263869
NSF,2023205,K02,K02.1,4303,0.49811574282857995,0.05148527810854585
NSF,2023211,K01,K01.1,4361,0.10774635446908858,0.4795893542894154
NSF,2023248,K04,K04.1|K04.3,3821,-0.3895946299025399,-0.4450206055471526
NSF,2023269,K02,K02.1,291,0.32690900861877004,0.027477440406235107
NSF,2023297,K02,K02.1|K02.2,5049,0.4394542298582469,0.07703783012404955
NSF,2023319,K02,K02.1,291,0.32690900861877004,0.027477440406235107
NSF,2023351,K02,K02.1,3753,0.15412827624766995,-0.4301354177470098
NSF,2023367,K02,K02.1,883,0.3901871831735311,0.014493727015131658
NSF,2023376,K02,K02.1,2216,0.17603504789775481,-0.13565992253047673
NSF,2023408,K04,K04.1|K04.3,5657,-0.38333137867242106,-0.18671525759318583
NSF,2023424,K02,K02.1|K02.2,3594,0.4193760305028532,-0.0014510305926248301
NSF,2023425,K02,K02.1,4347,0.5110929287409657,0.03552754158718735
NSF,2023474,K02,K02.1,4731,0.5908319795791102,0.026014207406555745
NSF,2023523,K02,K02.1,4731,0.5908319795791102,0.026014207406555745
NSF,2023531,K04,K04.3,6438,-0.33198885208677387,-0.07523103112186152
NSF,2023536,K03,K03.1|K03.2,4381,0.20546426180191507,0.20764988727274597
NSF,2023554,K02,K02.1,2003,0.18777633296522755,-0.08082340143272246
NSF,2023555,K02,K02.1,4730,0.6187242137144392,0.026923372763377057
NSF,2023638,K01,K01.1|K01.2,7335,-0.2320286088619249,-0.005433639902582665
NSF,2023649,K02,K02.1,5065,0.43367953926731306,-0.02943465982593968
NSF,2023664,K02,K02.1,5065,0.43367953926731306,-0.02943465982593968
NSF,2023674,K02,K02.1,291,0.32690900861877004,0.027477440406235107
NSF,2023693,K02,K02.1,5065,0.43367953926731306,-0.02943465982593968
NSF,2023701,K02,K02.1|K02.2,1046,0.5147077863078396,0.02409727618315874
NSF,2023712,K02,K02.1,3300,0.2696360148088746,-0.3502941605195542
NSF,2023718,K02,K02.1,4731,0.5908319795791102,0.026014207406555745
NSF,2023841,K05,K05.1,2956,-0.21539146355637134,-0.14447937337169012
NSF,2023857,K02,K02.1,5632,0.1108791047641609,-0.22751047603447883
NSF,2023900,K05,K05.1|K05.3,1767,-0.16725722003633456,0.14297163416487907
NSF,2023961,K04,K04.1|K04.3,2805,-0.31719998312306524,-0.025598646135507386
NSF,2023974,K04,K04.3,6634,-0.36116511855184613,-0.2252657286884161
NSF,2024004,K05,K05.1|K05.2,3651,-0.1367329419281036,-0.06381150369466826
NSF,2024103,K04,K04.1|K04.3,5734,-0.3795743861231332,-0.022091389929509896
NSF,2024139,K01,K01.2,2230,-0.1359996639755699,0.15986266280872768
NSF,2024166,K01,K01.1,1107,0.1563606320309739,0.4628201332607357
NSF,2024170,K02,K02.1,2900,0.17101996691195515,-0.10597122609683687
NSF,2024178,K02,K02.1,2900,0.17101996691195515,-0.10597122609683687
NSF,2024183,K04,K04.1|K04.3,7244,-0.3473945252538585,-0.32556102352300764
NSF,2024208,K01,K01.1,861,0.031030465317006303,0.4694541811596271
NSF,2024338,K01,K01.1,3249,-0.16901594434268244,0.018332287208610465
NSF,2024378,K04,K04.3,6560,-0.3669031126529501,-0.22801805509182457
NSF,2024388,K02,K02.1,4638,0.48278570733287296,-0.04397964633176871
NSF,2024411,K01,K01.1,3249,-0.16901594434268244,0.018332287208610465
NSF,2024421,K01,K01.1,3249,-0.16901594434268244,0.018332287208610465
NSF,2025022,K02,K02.1,7659,0.20298568480156032,-0.17209248987452408
NSF,2025106,K02,K02.1,1665,0.18391162307160303,0.011314889095040859
NSF,2025152,K04,K04.3,6438,-0.33198885208677387,-0.07523103112186152
NSF,2025156,K01,K01.2,6127,0.007871223306852887,0.22958396653956556
NSF,2025178,K02,K02.1,3214,0.08856303672056202,-0.5247398265211047
NSF,2025215,K01,K01.1|K01.2,2802,-0.18718352383148068,0.3264381169737385
NSF,2025234,K05,K05.1,5797,-0.19176130880433812,0.15385015358093523
NSF,2025285,K02,K02.1,3170,0.10376849387780539,-0.485730397616978
NSF,2025310,K03,K03.1|K03.3,1716,-0.241757542836821,0.22931308072503376
NSF,2025372,K04,K04.1,6169,-0.2939595740492004,-0.07959354837040294
NSF,2025374,K04,K04.1|K04.3,3237,-0.3680660329435637,-0.46812560703481076
NSF,2025377,K01,K01.1,149,-0.11695962830485139,0.38285789191237307
NSF,2025449,K05,K05.2,1418,-0.18259084572456857,0.08364286189093482
NSF,2025459,K01,K01.1,149,-0.11695962830485139,0.38285789191237307
NSF,2025470,K03,K03.3,1142,-0.003363142837775862,0.23474762669912208
NSF,2025643,K02,K02.1,1460,0.18738759931823978,0.011449029377587419
NSF,2025679,K04,K04.1|K04.3,3783,-0.25973231690225757,-0.3219074252324331
NSF,2025726,K02,K02.1,8067,0.3022909962293354,-0.06187642052751048
NSF,2025727,K01,K01.1|K01.2,4210,-0.14191920431381222,0.2367933638917309
NSF,2025764,K03,K03.1,297,0.026953275694231824,0.2415759699331533
NSF,2025795,K03,K03.1,297,0.026953275694231824,0.2415759699331533
NSF,2025826,K05,K05.1,3680,-0.1576962786913344,-0.09755428070914222
NSF,2025871,K04,K04.1|K04.3,2065,-0.3799806625657068,0.002598315825783251
NSF,2025902,K04,K04.1|K04.3,3420,-0.33646146411899663,-0.23502813760377902
NSF,2025906,K03,K03.3,2390,-0.23780537256195022,0.1380979897780223
NSF,2025959,K03,K03.1,3675,-0.13180681481447032,-0.14219704851430018
NSF,2025989,K03,K03.1|K03.2,4227,-0.21274639302000603,-0.0814724553786757
NSF,2025990,K02,K02.1,582,0.18895617127878306,-0.08550625472153833
NSF,2026016,K04,K04.1|K04.3,4019,-0.37847191440156697,-0.2506402552120943
NSF,2026025,K03,K03.2,774,0.015156312466162197,0.2448499023004299
NSF,2026035,K04,K04.1|K04.3,3463,-0.38608107021012467,-0.4584921160308484
NSF,2026045,K02,K02.1,4388,0.482323155952914,0.0690474598408827
NSF,2026074,K04,K04.1|K04.3,6347,-0.39887957701353643,-0.22362794424491747
NSF,2026075,K03,K03.1,3675,-0.13180681481447032,-0.14219704851430018
NSF,2026128,K04,K04.1|K04.3,3097,-0.360702027654282,-0.2213975336701619
NSF,2026167,K04,K04.1|K04.3,6987,-0.3177676811079506,-0.1897414663407183
NSF,2026276,K04,K04.1|K04.3,7455,-0.34892555555763605,-0.12513573872590641
NSF,2026311,K02,K02.1,632,0.38175729652156115,0.04102578852622003
NSF,2026345,K02,K02.1,8141,0.20666594973269592,-0.16753802761272862
NSF,2026357,K04,K04.1|K04.3,2374,-0.3922515767469475,-0.012265743029013457
NSF,2026431,K04,K04.1,6188,-0.2605865235215407,-0.15133204385119617
NSF,2026445,K04,K04.1|K04.3,2374,-0.3922515767469475,-0.012265743029013457
NSF,2026533,K04,K04.1|K04.3,7455,-0.34892555555763605,-0.12513573872590641
NSF,2026599,K01,K01.1|K01.2,7693,-0.1943003684689739,0.010940754213719067
NSF,2026780,K02,K02.1,1260,0.1209906632066159,-0.10470887382972358
NSF,2026789,K02,K02.1,1260,0.1209906632066159,-0.10470887382972358
NSF,2026795,K03,K03.2|K03.3,2126,-0.2430581353753286,0.20593729087652327
NSF,2026814,K02,K02.1,7689,0.12842492925124216,-0.03727671370136612
NSF,2026821,K01,K01.1,1450,-0.13073882094571537,0.30890088475096245
NSF,2026824,K01,K01.1,1450,-0.13073882094571537,0.30890088475096245
NSF,2026874,K03,K03.2|K03.3,3429,-0.05661719046886324,0.12582966249203814
NSF,2026924,K01,K01.2,2817,-0.09579058723020153,0.2637337053858599
NSF,2027024,K03,K03.2|K03.3,2126,-0.2430581353753286,0.20593729087652327
NSF,2027185,K01,K01.2,7257,-0.15323998605526257,-0.02280089636330382
NSF,2027199,K02,K02.1|K02.2,3059,0.1430811336346891,-0.15412391291645222
NSF,2027233,K02,K02.1|K02.2,3754,0.06873582689252584,-0.380018688113952
NSF,2027288,K02,K02.1|K02.2,3754,0.06873582689252584,-0.380018688113952
NSF,2027444,K03,K03.2,3442,-0.18494032556051032,-0.12451122065252473
NSF,2027552,K04,K04.1|K04.3,6666,-0.41294666348325676,-0.2728418608491867
NSF,2027600,K01,K01.1|K01.2,7706,-0.09060819272003902,0.2435634779436956
NSF,2028065,K04,K04.1,7617,-0.09243328524990317,0.029511637074070132
NSF,2028098,K03,K03.2,2731,-0.16422460110669884,-0.006451572811001699
NSF,2028110,K03,K03.2,2731,-0.16422460110669884,-0.006451572811001699
NSF,2028151,K02,K02.1,1334,0.13686667384767148,0.014453759297270372
NSF,2028371,K03,K03.1,6154,0.016749299119121985,0.15478724386483547
NSF,2028464,K02,K02.1,7694,0.1540020192729381,-0.3591388502283481
NSF,2028504,K02,K02.1,7694,0.1540020192729381,-0.3591388502283481
NSF,2028541,K03,K03.1,6154,0.016749299119121985,0.15478724386483547
NSF,2028564,K01,K01.1|K01.2,7732,-0.2121585769380155,0.3487577725629395
NSF,2028598,K02,K02.1|K02.2,7642,0.2811309711615293,-0.0034738383896346786
NSF,2028633,K02,K02.1,7237,0.22537861925459846,-0.1805651472636313
NSF,2028644,K02,K02.1,7237,0.22537861925459846,-0.1805651472636313
NSF,2028762,K04,K04.1|K04.3,2272,-0.3971002429736755,-0.1267496158896668
NSF,2028764,K01,K01.1|K01.2,2748,-0.10946809846784165,0.2223012092241567
NSF,2028842,K04,K04.1|K04.2,156,0.0006393287046884549,0.09596499475448975
NSF,2028868,K04,K04.1|K04.2,156,0.0006393287046884549,0.09596499475448975
NSF,2028968,K02,K02.1,504,0.18134216788851354,-0.1075661284655939
NSF,2028998,K04,K04.1|K04.3,7354,-0.35778061873521544,-0.34642469854759284
NSF,2029017,K01,K01.1|K01.2,2748,-0.10946809846784165,0.2223012092241567
NSF,2029158,K03,K03.1|K03.3,2659,-0.23998151022007708,-0.050015713025138325
NSF,2029205,K06,K06.2,4582,0.1209227463827822,0.13576166460305056
NSF,2029251,K04,K04.1|K04.2|K04.3,3718,-0.34896142318792017,-0.43754946652285254
NSF,2029301,K02,K02.1,7744,0.2994652327627248,-0.07242649468133426
NSF,2029326,K04,K04.1|K04.3,7149,-0.3658117015277985,-0.24084697551781084
NSF,2029354,K04,K04.1|K04.3,7432,-0.3706226014101116,-0.26185783512101435
NSF,2029374,K04,K04.1|K04.2,7351,-0.2974455724704106,-0.299923250791324
NSF,2029397,K04,K04.1|K04.2|K04.3,7259,-0.3204268412415993,-0.3083448959360632
NSF,2029442,K04,K04.1,6750,-0.34683287578767386,-0.2252330865438405
NSF,2029511,K01,K01.1|K01.2,6384,-0.18507809565352507,0.19252748293308078
NSF,2029515,K01,K01.1|K01.2,7650,-0.19212100707374472,0.2029963011867234
NSF,2029518,K01,K01.2,5835,-0.17413145821337486,0.07304809294479893
NSF,2029682,K04,K04.1,3715,-0.3430148712619458,-0.4278860870719441
NSF,2029684,K02,K02.1,6304,0.19544179820857,-0.17950681946231303
NSF,2029686,K02,K02.1,4339,0.602699115623643,0.037946149557816
NSF,2029710,K03,K03.1|K03.2,5006,0.02267698857140639,0.08339994841456479
NSF,2029730,K02,K02.1,2901,0.219718557504686,-0.17818117068155015
NSF,2029747,K02,K02.1,2901,0.219718557504686,-0.17818117068155015
NSF,2029764,K02,K02.1,3396,0.1119488084715906,-0.3669934721439516
NSF,2029770,K02,K02.1,2901,0.219718557504686,-0.17818117068155015
NSF,2029775,K02,K02.1,4767,0.4305086582073644,-0.07486383022123112
NSF,2029799,K04,K04.1|K04.3,7385,-0.3759454927777534,-0.26782570167597974
NSF,2029850,K02,K02.1,4255,0.12971247722120638,-0.2700634834607537
NSF,2029918,K02,K02.1,2186,0.27958739940456195,-0.04903458094777108
NSF,2029950,K04,K04.1|K04.3,5850,-0.33924462770450925,-0.09034483168702521
NSF,2029952,K04,K04.1|K04.3,5850,-0.33924462770450925,-0.09034483168702521
NSF,2030049,K02,K02.1,2777,0.20523048591005966,-0.1923185672119014
NSF,2030112,K02,K02.1,2777,0.20523048591005966,-0.1923185672119014
NSF,2030130,K02,K02.1,3417,0.19956078269178418,-0.3011784711396224
NSF,2030139,K02,K02.1,2185,0.19163794909583765,-0.08818463609351634
NSF,2030241,K02,K02.1|K02.2,8099,0.1426568020939517,-0.10152667895663754
NSF,2030254,K01,K01.1|K01.2,2725,-0.1929682596063278,0.17128465701770162
NSF,2030362,K02,K02.1,737,0.32258388104509284,-0.06875054192461905
NSF,2030375,K01,K01.1,5924,-0.2292625781770406,0.14944370643476862
NSF,2030411,K01,K01.1,5924,-0.2292625781770406,0.14944370643476862
NSF,2030416,K02,K02.1,737,0.32258388104509284,-0.06875054192461905
NSF,2030474,K02,K02.1,378,0.22917501909708587,-0.053439297966863086
NSF,2031072,K03,K03.2,804,0.12247977256586813,0.23069520555370696
NSF,2031217,K02,K02.1,174,0.3340233253913985,-0.07353215674212701
NSF,2031238,K03,K03.2,804,0.12247977256586813,0.23069520555370696
NSF,2031253,K03,K03.2,880,0.12682357032869424,0.222834694291235
NSF,2031261,K02,K02.1,833,0.47774234129114623,0.0619216587022684
NSF,2031472,K02,K02.1,246,0.15910617940783273,0.004419283930051476
NSF,2031532,K02,K02.1,833,0.47774234129114623,0.0619216587022684
NSF,2031535,K03,K03.2|K03.3,1601,-0.17865202396253876,0.2536311319183442
NSF,2031566,K04,K04.1|K04.3,5769,-0.35013216204052494,-0.1548698092554899
NSF,2031614,K02,K02.2,3312,-0.015336966966601792,-0.1574940099680786
NSF,2031710,K02,K02.1,6660,0.11564504447763234,-0.23536491910963
NSF,2031916,K02,K02.1,6660,0.11564504447763234,-0.23536491910963
NSF,2032130,K02,K02.1,290,0.2899160481623605,-0.018856929308066164
NSF,2032200,K02,K02.1|K02.2,4575,0.35930401734564466,-0.018758624749920336
NSF,2032211,K02,K02.1,2858,0.22289953081619812,-0.18626655890763247
NSF,2032308,K02,K02.1,6247,0.14999467608640743,-0.21850050083945333
NSF,2032313,K02,K02.1,6247,0.14999467608640743,-0.21850050083945333
NSF,2032417,K05,K05.1,1161,-0.11867437981273288,0.15074103017674678
NSF,2032419,K05,K05.1,1161,-0.11867437981273288,0.15074103017674678
NSF,2032429,K01,K01.1|K01.2,2605,-0.2321311404834921,0.07959122794287488
NSF,2032434,K01,K01.1|K01.2,2605,-0.2321311404834921,0.07959122794287488
NSF,2032532,K01,K01.1,95,-0.08246129917192999,0.43627670011046227
NSF,2032542,K01,K01.1,95,-0.08246129917192999,0.43627670011046227
NSF,2032590,K02,K02.1,7340,0.14543764661466385,-0.3424632872881126
NSF,2032621,K03,K03.1|K03.3,7347,-0.2160956724010598,-0.18326295688637026
NSF,2032838,K02,K02.1,394,0.21463426927372348,-0.04922157151620421
NSF,2032974,K02,K02.1,1775,0.22678280573474824,-0.013330794944581142
NSF,2033577,K01,K01.1,7067,-0.1973078517760965,0.12982046042330375
NSF,2033607,K05,K05.1,1756,-0.20348579670075645,0.27458300471740005
NSF,2033822,K04,K04.1|K04.3,3711,-0.3680485443945096,-0.42718161113254693
NSF,2033855,K02,K02.1,8086,0.2041152142674703,-0.17250859576880373
NSF,2033891,K02,K02.1,3479,0.12896028305947943,-0.33596463122271714
NSF,2033910,K04,K04.1|K04.3,6466,-0.38267085440439164,-0.18710420436149838
NSF,2033927,K04,K04.1,6459,-0.3324203072800456,-0.06768478596307673
NSF,2033929,K02,K02.1,436,0.20194481873189712,-0.04522864514317579
NSF,2033956,K04,K04.1,6459,-0.3324203072800456,-0.06768478596307673
NSF,2033966,K04,K04.1|K04.3,6849,-0.38159047773932875,-0.21661081720407968
NSF,2033995,K01,K01.2,3144,-0.10306062465058376,0.23699528161456682
NSF,2034111,K02,K02.1,6654,0.057654097849770033,-0.32073727183652445
NSF,2034160,K02,K02.1,6654,0.057654097849770033,-0.32073727183652445
NSF,2034204,K02,K02.1,2256,0.20540695140840864,-0.14896139525812768
NSF,2034214,K02,K02.1,867,0.3806587821352752,0.042932511558120265
NSF,2034232,K02,K02.1,867,0.3806587821352752,0.042932511558120265
NSF,2034308,K02,K02.1,436,0.20194481873189712,-0.04522864514317579
NSF,2034312,K02,K02.1,966,0.1991651603002228,-0.017199956185241297
NSF,2034363,K03,K03.2,1016,-0.07944738510316363,0.07021561643256494
NSF,2034366,K03,K03.2,1016,-0.07944738510316363,0.07021561643256494
NSF,2034373,K03,K03.3,2368,-0.21059916769389453,0.11289540872108049
NSF,2034380,K03,K03.2,1016,-0.07944738510316363,0.07021561643256494
NSF,2034385,K01,K01.1|K01.2,3672,-0.226779941169724,0.15593449463690562
NSF,2034630,K03,K03.1|K03.3,7593,-0.04698595878975104,0.13554372454994534
NSF,2034656,K04,K04.1,1236,-0.3405691188556244,-0.042702571799596134
NSF,2034698,K01,K01.1|K01.2,7481,-0.2184366510214542,0.28632993793441
NSF,2034732,K04,K04.1|K04.3,3987,-0.3911782194953046,-0.29061702927600075
NSF,2034778,K04,K04.1,1090,0.14164747201937317,0.13202151353942293
NSF,2034812,K02,K02.1,6455,0.07848010552467212,-0.28148296388644944
NSF,2034855,K02,K02.1,7522,0.2831611269558688,-0.2620467040769453
NSF,2034938,K02,K02.1,6455,0.07848010552467212,-0.28148296388644944
NSF,2034999,K03,K03.1|K03.2,254,-0.10058330578615554,0.19445364761168785
NSF,2035032,K05,K05.3,4114,-0.19060851960336736,0.08255705595249721
NSF,2035080,K01,K01.1,276,-0.007744875164566442,0.41683787665158967
NSF,2035143,K05,K05.3,8308,-0.10576503178745851,0.0279677609445595
NSF,2035150,K03,K03.1,1129,-0.016983997947789334,0.10248738350741078
NSF,2035153,K02,K02.1|K02.2,2871,0.1440801041548056,-0.15208886111766154
NSF,2035161,K01,K01.1|K01.2,6113,-0.1377837251157687,0.2512463599966781
NSF,2035176,K03,K03.1,1129,-0.016983997947789334,0.10248738350741078
NSF,2035233,K01,K01.1|K01.2,6113,-0.1377837251157687,0.2512463599966781
NSF,2035534,K01,K01.1|K01.2,3402,-0.18956195347267218,0.07815689465605977
NSF,2035623,K02,K02.1,7522,0.2831611269558688,-0.2620467040769453
NSF,2035685,K01,K01.1|K01.2,2274,-0.23770609719382219,0.360898575289647
NSF,2035688,K02,K02.2,2458,-0.18830062639638745,0.09193106287821243
NSF,2035690,K04,K04.1|K04.3,1345,-0.4025288062658212,-0.0874425974405037
NSF,2035792,K04,K04.1|K04.3,6211,-0.37583011708858644,-0.10780621856348792
NSF,2035845,K04,K04.1|K04.3,6341,-0.3871246323101271,-0.20500442855090598
NSF,2035899,K04,K04.1|K04.3,6232,-0.2623324682056287,-0.10579751220386406
NSF,2035927,K04,K04.1|K04.3,1869,-0.42278722448752487,-0.20694722859084658
NSF,2035954,K04,K04.3,2878,-0.26357512502006136,-0.1649178205288137
NSF,2036078,K04,K04.1|K04.3,7352,-0.3760167598224105,-0.36618921151078465
NSF,2036131,K04,K04.1|K04.3,1348,-0.3516751611617737,-0.015821262230493904
NSF,2036193,K02,K02.1,1391,0.14149408982554085,-0.11811983091348546
NSF,2036232,K04,K04.1|K04.3,2805,-0.31719998312306524,-0.025598646135507386
NSF,2036258,K04,K04.1|K04.3,3236,-0.38203772461246477,-0.476844415533767
NSF,2036354,K04,K04.2|K04.3,7163,-0.2666139798072976,-0.16492217960722588
NSF,2036470,K04,K04.1|K04.2|K04.3,3495,-0.3660450018499403,-0.341963175383461
NSF,2036665,K04,K04.3,6375,-0.3442798817176204,-0.06097971589747579
NSF,2036867,K04,K04.1,7202,-0.3329066174424498,-0.22230567523227948
NSF,2036982,K04,K04.1|K04.2|K04.3,5332,-0.15023765532600608,-0.07264470070199898
NSF,2037091,K02,K02.1,2745,0.19242767770559982,-0.1904997953457998
NSF,2037539,K04,K04.3,6419,-0.32317734773305273,-0.0787318040107918
NSF,2037540,K04,K04.1|K04.3,6397,-0.37886589406039484,-0.15802887823858155
NSF,2037545,K03,K03.3,2583,-0.22253214681197328,0.08268866187125996
NSF,2037631,K04,K04.1|K04.3,6849,-0.38159047773932875,-0.21661081720407968
NSF,2037677,K02,K02.1,982,0.2338165814619257,-0.10950279064859506
NSF,2037694,K04,K04.1|K04.2,7039,-0.2883143284684814,0.009175481368426913
NSF,2037776,K04,K04.1,6458,-0.3654954269211927,-0.1934258663631836
NSF,2037900,K01,K01.1|K01.2,1834,-0.3001205828624152,0.22832560106110047
NSF,2038072,K01,K01.1,1559,-0.035157398118475416,0.3609903251845368
NSF,2038215,K04,K04.1|K04.3,5942,-0.39434248116467907,-0.08887538579084898
NSF,2038246,K03,K03.1,907,0.05709697635183793,0.16979853929658775
NSF,2038325,K05,K05.1,7226,-0.17238823726472585,-0.051104688834681694
NSF,2038410,K04,K04.1|K04.3,6854,-0.35816898466646463,-0.16140866016751024
NSF,2038416,K04,K04.1|K04.3,6570,-0.3951049771260652,-0.20972110867242447
NSF,2038439,K03,K03.1,4194,-0.199819973420376,-0.07641415115697325
NSF,2038474,K01,K01.1|K01.2,3435,-0.2183618552806224,0.10797386918608941
NSF,2038481,K02,K02.1,831,0.40299418884521765,0.07369736215797752
NSF,2038495,K02,K02.1,831,0.40299418884521765,0.07369736215797752
NSF,2038502,K04,K04.1,5937,-0.3450252683948242,0.0075591817898756665
NSF,2038543,K04,K04.1|K04.3,3497,-0.37921901089917737,-0.35580640794215856
NSF,2038559,K04,K04.1|K04.3,5942,-0.39434248116467907,-0.08887538579084898
NSF,2038589,K04,K04.1,1574,-0.1836048862675464,0.17745918541224157
NSF,2038612,K01,K01.2,5972,-0.23840773312483,0.1568055835780916
NSF,2038637,K02,K02.1,1630,0.1614546269413072,-0.10174176705649175
NSF,2038759,K04,K04.1,1574,-0.1836048862675464,0.17745918541224157
NSF,2038761,K01,K01.1|K01.2,2560,-0.25462960442913585,0.3220025966073291
NSF,2038775,K04,K04.1,6697,-0.30600037783461725,-0.1404844841935172
NSF,2038853,K04,K04.1|K04.3,103,-0.07729081483741043,0.10838622221019366
NSF,2038963,K04,K04.1,6697,-0.30600037783461725,-0.1404844841935172
NSF,2039026,K04,K04.1,1574,-0.1836048862675464,0.17745918541224157
NSF,2039232,K04,K04.1|K04.3,7149,-0.3658117015277985,-0.24084697551781084
NSF,2039234,K01,K01.1|K01.2,946,-0.029049437862608996,0.30710110399185386
NSF,2039276,K01,K01.1|K01.2,946,-0.029049437862608996,0.30710110399185386
NSF,2039482,K04,K04.1|K04.3,6404,-0.3758512061552627,-0.20184397646281885
NSF,2039498,K01,K01.1|K01.2,3786,-0.17317401151093637,0.05055012264020914
NSF,2039564,K04,K04.1,6555,-0.3623427897852828,-0.22062864508992533
NSF,2039823,K04,K04.1|K04.3,4260,-0.35238190744348885,-0.2342921201506072
NSF,2039883,K04,K04.1|K04.3,6369,-0.3993044655738006,-0.26116559767127756
NSF,2039985,K02,K02.1,3109,0.16984861567041537,-0.11408930388223099
NSF,2040013,K01,K01.1|K01.2,7379,-0.19093921618893,0.1590232720630406
NSF,2040464,K04,K04.1|K04.3,3188,-0.3808039591241224,-0.4465537951285964
NSF,2040488,K05,K05.1,2041,-0.16854477880432917,0.19949695795869518
NSF,2040537,K02,K02.1,1163,0.2219546881457503,-0.12610620048322815
NSF,2040542,K03,K03.2|K03.3,353,-0.20409869692136529,0.2207450531240454
NSF,2040599,K04,K04.1|K04.3,2594,-0.39358748662865506,-0.18024627032791585
NSF,2040613,K03,K03.2|K03.3,342,-0.08309453926334147,0.2633723516407298
NSF,2040665,K01,K01.1|K01.2,2354,-0.25738353180081447,0.32444779536740975
NSF,2040676,K03,K03.2,1720,-0.17553188742406856,0.198069591241366
NSF,2041002,K04,K04.1|K04.3,3513,-0.34812993959581406,-0.32495832895798016
NSF,2041039,K05,K05.1,2097,-0.13921201565208796,0.06386038254028997
NSF,2041140,K04,K04.1,5869,-0.26667482855144997,-0.12691541335888745
NSF,2041240,K03,K03.2,2736,0.09958288923274265,0.21894863497706502
NSF,2041250,K03,K03.2,4314,0.203361016137814,0.268145244329575
NSF,2041251,K03,K03.2,2736,0.09958288923274265,0.21894863497706502
NSF,2041325,K01,K01.1,276,-0.007744875164566442,0.41683787665158967
NSF,2041446,K04,K04.1|K04.3,2419,-0.39913891104940913,-0.03289123928700122
NSF,2041553,K04,K04.1,3697,-0.3254976544957791,-0.2643399351174248
NSF,2041666,K02,K02.1,1836,0.10446640669363351,-0.07505281288963511
NSF,2041669,K02,K02.1,3704,0.16071197913571622,-0.37001199824543385
NSF,2041859,K02,K02.1,6802,0.21835272378775833,-0.1304230387157339
NSF,2041968,K04,K04.1,3083,-0.27471410824819453,0.01384276354767383
NSF,2041980,K02,K02.1,2901,0.219718557504686,-0.17818117068155015
NSF,2041981,K02,K02.1,2901,0.219718557504686,-0.17818117068155015
NSF,2042016,K04,K04.3,3195,-0.31035695434097404,-0.3955613591250652
NSF,2042029,K04,K04.1,7348,-0.3289528155093969,-0.3252449825032664
NSF,2042035,K04,K04.3,3195,-0.31035695434097404,-0.3955613591250652
NSF,2042060,K04,K04.3,3195,-0.31035695434097404,-0.3955613591250652
NSF,2042216,K05,K05.2,506,-0.09452041822315313,0.122496956261627
NSF,2042600,K01,K01.1|K01.2,484,-0.08700914364215953,0.4539321424540287
NSF,2042619,K02,K02.1,2751,0.18241761298086973,-0.10542102028771361
NSF,2042661,K04,K04.1|K04.3,5821,-0.390127756678968,-0.20103126043042527
NSF,2042672,K03,K03.2|K03.3,4854,0.07961895799695166,0.1679451131822724
NSF,2042688,K02,K02.1,1462,0.26213575176416837,-0.00032667407812170257
NSF,2042715,K04,K04.1,5724,-0.2807132067086789,-0.12015372924626935
NSF,2042870,K01,K01.1|K01.2,6018,-0.13666256590682774,0.28095776532675376
NSF,2042881,K01,K01.1|K01.2,439,-0.21930127748799277,0.47868059861697754
NSF,2042928,K01,K01.1,4329,0.14505619421396349,0.47319297153312023
NSF,2043000,K04,K04.1|K04.3,6745,-0.3873223976683836,-0.25567482485852044
NSF,2043026,K05,K05.3,2195,-0.11243404684603021,0.035782046598299075
NSF,2043060,K06,K06.2,5726,-0.14362965885618426,0.00418869362091886
NSF,2043064,K02,K02.1,1510,0.16878496962462708,-0.10580120624923581
NSF,2043075,K04,K04.1,7349,-0.2858172561058191,-0.28347621694777303
NSF,2043142,K02,K02.1,214,0.25018921449077264,-0.019421167281442595
NSF,2043150,K02,K02.1,3948,0.13570714365185899,-0.2718112497720069
NSF,2043218,K06,K06.2,5858,-0.13779741282153396,-0.024447429913264693
NSF,2043272,K02,K02.1,214,0.25018921449077264,-0.019421167281442595
NSF,2043282,K02,K02.1,214,0.25018921449077264,-0.019421167281442595
NSF,2043301,K02,K02.1,7496,0.25264110263276873,-0.20604180066082248
NSF,2043330,K04,K04.1,5865,-0.2865763849548806,-0.03678254504829101
NSF,2043344,K02,K02.1,536,0.174277768112806,-0.15606497641911712
NSF,2043347,K02,K02.1,536,0.174277768112806,-0.15606497641911712
NSF,2043357,K04,K04.1,2045,-0.2520621769327948,0.018966854056224683
NSF,2043358,K05,K05.3,465,-0.003360118063282652,0.2673909570545969
NSF,2043363,K02,K02.1,3948,0.13570714365185899,-0.2718112497720069
NSF,2043385,K06,K06.2,5855,-0.136819946655808,0.0029611368435048004
NSF,2043412,K04,K04.1|K04.3,2182,-0.297989004354162,-0.10270480453746766
NSF,2043431,K04,K04.1|K04.3,5851,-0.34903326505406207,-0.13488381365476707
NSF,2043455,K05,K05.1,375,-0.08895207101587346,0.18232626268505595
NSF,2043494,K04,K04.1,1773,-0.27437403079403466,0.08239677868267271
NSF,2043506,K02,K02.1,3577,0.128371713296154,-0.3438307490180621
NSF,2043522,K02,K02.1,2202,0.1657477974846462,-0.09061244223205697
NSF,2043539,K01,K01.1|K01.2,5761,-0.23190353297254035,0.3128033766008117
NSF,2043588,K02,K02.1,291,0.32690900861877004,0.027477440406235107
NSF,2043610,K02,K02.1,6287,0.2235853660706763,-0.11338039744792935
NSF,2043611,K03,K03.2,5752,-0.1879033850709469,0.06108575741491283
NSF,2043618,K05,K05.1|K05.3,1625,-0.19477264724616566,0.25020432989767927
NSF,2043634,K02,K02.2,5854,-0.10892101503557758,-0.00633474501571402
NSF,2043697,K04,K04.1,2247,-0.31368741782813686,0.0191792502246943
NSF,2043710,K01,K01.1|K01.2,1359,-0.21047340612400484,0.43426610198679383
NSF,2043727,K02,K02.1,291,0.32690900861877004,0.027477440406235107
NSF,2043736,K05,K05.1|K05.3,1874,-0.22385984336516795,0.12456344189176505
NSF,2043847,K04,K04.1|K04.2,3436,-0.2884832296930407,-0.07928517066162227
NSF,2043858,K05,K05.1,5409,-0.10501354483279948,0.08536403043506535
NSF,2043863,K04,K04.1,1013,-0.2734922817171982,0.14274931403016047
NSF,2043869,K04,K04.1|K04.3,5754,-0.3437651302471269,-0.1690650350091737
NSF,2043900,K01,K01.1|K01.2,8196,-0.19628706421181075,0.3300768776692622
NSF,2043955,K05,K05.1|K05.2,5393,-0.0898497616520472,0.027258411540553477
NSF,2043981,K04,K04.1,1770,-0.26136654012511407,0.015166717377761
NSF,2043988,K05,K05.1,6106,-0.15524587508528984,0.17479723406981468
NSF,2044013,K04,K04.1,1812,-0.24357568193488882,0.015244167086601368
NSF,2044022,K04,K04.1|K04.3,5871,-0.3359212490978258,-0.1083286883503767
NSF,2044026,K06,K06.2,5852,-0.14600308442458498,-0.012465896819753814
NSF,2044034,K04,K04.1,5823,-0.29429825690977474,0.00017906065310928365
NSF,2044051,K02,K02.1,3948,0.13570714365185899,-0.2718112497720069
NSF,2044053,K05,K05.1,1064,-0.023882974183906044,0.25123903758360283
NSF,2044055,K04,K04.1,5741,-0.3043188948760945,0.002259353748666707
NSF,2044056,K03,K03.3,1602,-0.20398847969180545,0.2942728394064381
NSF,2044098,K04,K04.1|K04.3,2052,-0.2940333837664047,-0.05688698695127893
NSF,2044107,K04,K04.1,1996,-0.16309591548420949,0.12690418644800353
NSF,2044111,K04,K04.1,382,-0.22416176907478247,0.19717628896662417
NSF,2044340,K04,K04.1|K04.3,2219,-0.39071786733493263,-0.19661999827313467
NSF,2044465,K04,K04.1|K04.3,2635,-0.4159583785338861,-0.2495320695602258
NSF,2044692,K04,K04.1|K04.3,3188,-0.3808039591241224,-0.4465537951285964
NSF,2044704,K01,K01.1,3927,-0.23044863668579124,0.24661900070147943
NSF,2044719,K04,K04.1|K04.3,7326,-0.36795818031086186,-0.33325931506282536
NSF,2044729,K04,K04.1|K04.3,2654,-0.3573344023155713,-0.1983791003190564
NSF,2044760,K04,K04.1|K04.3,4547,-0.1296784038160116,0.0926690859277159
NSF,2044836,K02,K02.1,3254,0.15212829667098604,-0.37497408708419666
NSF,2044837,K02,K02.1,4870,0.5984784287169947,0.028419532035373923
NSF,2044850,K02,K02.1,1322,0.3014298966328487,0.04330782057497676
NSF,2044921,K03,K03.3,7569,-0.05771133299503965,0.1390307974650361
NSF,2044995,K04,K04.1,5866,-0.25768182602267503,-0.08337293903244886
NSF,2045032,K04,K04.1|K04.3,7107,-0.3752523290663248,-0.2486165738400414
NSF,2045075,K02,K02.1,291,0.32690900861877004,0.027477440406235107
NSF,2045129,K02,K02.1|K02.2,1139,0.25645293776263245,0.03546422948833605
NSF,2045200,K03,K03.2,4405,0.17626039512270653,0.23210493911455213
NSF,2045235,K02,K02.1|K02.2,1047,0.1400294463289083,-0.2460681096298634
NSF,2045340,K03,K03.1,3962,-0.1524879119902135,-0.026571617783706696
NSF,2045346,K02,K02.1,4339,0.602699115623643,0.037946149557816
NSF,2045860,K04,K04.3,1966,-0.20467347258962137,0.04290596365140073
NSF,2045978,K01,K01.1,6410,-0.2271783197782284,0.12855101287067033
NSF,2045983,K01,K01.1|K01.2,1441,-0.26460424081399503,0.36776980739712073
NSF,2046240,K02,K02.1,870,0.45540693458120385,0.031156808102411143
NSF,2046243,K01,K01.1,6410,-0.2271783197782284,0.12855101287067033
NSF,2046316,K02,K02.1,6107,0.1559781812318251,-0.17746036204595264
NSF,2046367,K01,K01.1,2813,-0.0476341059923069,0.2562195566059143
NSF,2046460,K02,K02.1,4808,0.5001306095232172,-0.04286843090975864
NSF,2046512,K01,K01.1,6650,-0.27699978593356644,0.06862316440883008
NSF,2047062,K02,K02.1,7567,0.25556432774543325,-0.14222162660754417
NSF,2047150,K01,K01.1|K01.2,3131,-0.11573925515514462,0.24853350769383825
NSF,2047236,K05,K05.1,2135,-0.1546294654513997,0.036079233307916916
NSF,2047268,K03,K03.2,5815,-0.21052189566905494,0.07754058072827343
NSF,2047832,K03,K03.2,2503,-0.23679806686092097,-0.00728019580148976
NSF,2047940,K02,K02.1,4862,0.3878153164053728,-0.07308915495984998
NSF,2047961,K04,K04.1|K04.3,5027,-0.11730767301048234,-0.03594128118436787
NSF,2048336,K02,K02.2,956,0.0566280963409722,0.09198505384722895
NSF,2048361,K04,K04.3,4250,-0.2878045380274734,-0.047428295670987705
NSF,2048449,K02,K02.1|K02.2,4475,0.4349764375166675,-0.021480453727892285
NSF,2048457,K01,K01.1|K01.2,5140,-0.008204200166576497,0.2898668942584094
NSF,2048505,K02,K02.1|K02.2,2454,0.06558113498392408,-0.18753101754049517
NSF,2048562,K01,K01.1|K01.2,5435,-0.0937743160071742,0.2287007695770212
NSF,2048576,K02,K02.1,217,0.21890772829421445,-0.04565162062563667
NSF,2048589,K02,K02.1|K02.2,4994,0.4099273221798586,0.007820038642579102
NSF,2048590,K02,K02.1,217,0.21890772829421445,-0.04565162062563667
NSF,2048607,K03,K03.3,2283,-0.2139921698408496,0.06707644175257951
NSF,2048634,K02,K02.1,1955,0.26649230117373646,-0.026614464646743496
NSF,2048678,K02,K02.1|K02.2,4994,0.4099273221798586,0.007820038642579102
NSF,2048914,K02,K02.1,5133,0.4542008914981528,-0.08795287672168725
NSF,2048955,K02,K02.1,5133,0.4542008914981528,-0.08795287672168725
NSF,2049025,K03,K03.3,2283,-0.2139921698408496,0.06707644175257951
NSF,2049073,K01,K01.1,555,0.033350606753830406,0.41792134044528995
NSF,2049094,K03,K03.3,2283,-0.2139921698408496,0.06707644175257951
NSF,2049201,K02,K02.1,2232,0.17874630184725232,-0.14592790321811155
NSF,2049262,K02,K02.1,1116,0.38066724252640227,0.005150682570600168
NSF,2049263,K02,K02.2,2874,-0.06140767932330864,-0.01597158721507745
NSF,2049304,K03,K03.1,4734,0.31876848078990105,0.24102190229029521
NSF,2049308,K02,K02.1,4374,0.5008413375367279,0.015061527888005327
NSF,2049360,K03,K03.1|K03.3,1095,0.23886970472010038,0.293950397410529
NSF,2049407,K02,K02.1,4595,0.3938304258844292,-0.08567300849433633
NSF,2049446,K02,K02.2,2874,-0.06140767932330864,-0.01597158721507745
NSF,2049460,K02,K02.1,4263,0.14002965539281947,-0.26924306440646717
NSF,2049491,K02,K02.1,3341,0.16513121404332515,-0.3872596697771381
NSF,2049507,K02,K02.1,4262,0.2679990557607336,-0.11467006748168321
NSF,2049626,K02,K02.1,5063,0.4295141848474495,-0.056749525472019446
NSF,2049657,K02,K02.1,665,0.36078366765158576,-0.019705796643779222
NSF,2049784,K04,K04.3,5587,-0.24110708203466574,-0.09741826724353599
NSF,2049796,K02,K02.1|K02.2,227,0.13218077869019162,-0.020203563198528354
NSF,2049834,K02,K02.1,2732,0.15361530814190077,-0.22890495892540022
NSF,2049856,K02,K02.1|K02.2,227,0.13218077869019162,-0.020203563198528354
NSF,2049858,K03,K03.1|K03.2,8328,-0.04459088963918931,0.1014014386486849
NSF,2049872,K03,K03.3,7663,-0.14641881171348636,0.06929088066044803
NSF,2049887,K05,K05.1,1146,-0.06207347843120422,0.17878593527816383
NSF,2049895,K06,K06.2,2937,-0.05876435801050439,0.049060684795601085
NSF,2049902,K02,K02.2,7656,-0.05569639090741131,-0.009640062816335036
NSF,2049916,K02,K02.1,7923,0.32920134396086514,-0.07218339829880642
NSF,2049917,K02,K02.1,7923,0.32920134396086514,-0.07218339829880642
NSF,2049929,K02,K02.2,6975,-0.12009004884900824,-0.024455671560986263
NSF,2050030,K04,K04.1|K04.2|K04.3,1848,-0.37775515907499374,-0.11174711188410094
NSF,2050101,K04,K04.1|K04.3,6875,-0.37106511811655857,-0.21455463429283725
NSF,2050129,K02,K02.1,4745,0.4699642213611631,-0.049091454425186115
NSF,2050152,K03,K03.3,2271,-0.23804344321417564,0.04896191228680711
NSF,2050264,K02,K02.1,5392,0.21252387553783292,-0.1923510157320682
NSF,2050273,K02,K02.1,4342,0.4962375415166813,-0.008076045584213654
NSF,2050345,K02,K02.1,4342,0.4962375415166813,-0.008076045584213654
NSF,2050357,K04,K04.1|K04.3,6314,-0.39056845996329115,-0.2522534915892899
NSF,2050509,K01,K01.2,6823,-0.2121197760752051,0.1564204497225827
NSF,2050518,K01,K01.1,4827,0.17557625986661646,0.3624527476443077
NSF,2050798,K02,K02.1,1226,0.08296769816438875,-0.13154221179445214
NSF,2050808,K02,K02.1,1226,0.08296769816438875,-0.13154221179445214
NSF,2050854,K02,K02.1,1226,0.08296769816438875,-0.13154221179445214
NSF,2050879,K04,K04.1,2652,-0.3454160083006672,-0.16834435972202172
NSF,2050882,K04,K04.2|K04.3,3193,-0.29557792907252256,-0.37934780771696763
NSF,2050934,K04,K04.1|K04.2|K04.3,3233,-0.35489202389432667,-0.4542823744761133
NSF,2050979,K02,K02.1,535,0.32935225617030406,-0.1345059398785007
NSF,2050986,K02,K02.1,1545,0.18960990084888257,-0.10439311934066725
NSF,2051110,K03,K03.1|K03.2,341,0.030733278978877274,0.2450700251014289
NSF,2051192,K01,K01.1,2361,-0.2486835229386365,0.31581013915877576
NSF,2051231,K04,K04.1|K04.3,7352,-0.3760167598224105,-0.36618921151078465
NSF,2051253,K04,K04.1|K04.3,7009,-0.38485162342364904,-0.23963050091942803
NSF,2051260,K04,K04.1|K04.3,3188,-0.3808039591241224,-0.4465537951285964
NSF,2051264,K02,K02.1,755,0.36253704351908056,-0.012267384106499413
NSF,2051270,K04,K04.1|K04.3,7149,-0.3658117015277985,-0.24084697551781084
NSF,2051313,K01,K01.1|K01.2,3758,-0.20527702678531995,-0.060626538981800634
NSF,2051336,K02,K02.1|K02.2,3761,0.06750206140418348,-0.4103093085191226
NSF,2051350,K02,K02.1,4652,0.505299557385778,-0.04839017264046312
NSF,2051419,K04,K04.1|K04.3,6116,-0.3389679038048039,-0.06754273170328375
NSF,2051578,K02,K02.1,2002,0.1781568767879746,-0.10345373537576252
NSF,2051762,K03,K03.2|K03.3,1797,-0.11380848319703726,0.1870008289514196
NSF,2051780,K04,K04.1|K04.3,2072,-0.2529021778334278,-0.029972366473108053
NSF,2051801,K03,K03.1,877,0.080703049210737,0.2570310410850385
NSF,2051888,K02,K02.1,4691,0.5935173999036364,0.04817963882365457
NSF,2051902,K02,K02.1,1657,0.11396564711819825,-0.038409466329229744
NSF,2051951,K04,K04.1,514,-0.2011217973691009,0.10898717102558267
NSF,2051953,K04,K04.3,6686,-0.3319989271051804,-0.09130764054399096
NSF,2051966,K03,K03.1,4059,-0.19040678067082942,-0.06422177373409844
NSF,2051981,K04,K04.1,6847,-0.31110504035345105,-0.120464431159992
NSF,2051992,K01,K01.1|K01.2,2633,-0.2408410775637994,0.2966622904738957
NSF,2051995,K04,K04.3,7124,-0.3306350336851262,-0.2101485914089554
NSF,2052004,K02,K02.1,4652,0.505299557385778,-0.04839017264046312
NSF,2052019,K04,K04.2,6599,-0.2296509318067088,-0.10238532159258154
NSF,2052046,K02,K02.1,4449,0.41447875852707583,-0.05743703275448894
NSF,2052063,K01,K01.1|K01.2,2144,-0.25338363370920824,0.4105501906127026
NSF,2052102,K04,K04.2|K04.3,6961,-0.2634850731114962,-0.004577069000779872
NSF,2052107,K01,K01.2,785,0.046368564363812356,0.4027725289072588
NSF,2052127,K04,K04.1|K04.3,3463,-0.38608107021012467,-0.4584921160308484
NSF,2052170,K04,K04.1,2392,-0.31568992264736045,0.020989821547771157
NSF,2052174,K04,K04.3,6669,-0.3564713503690094,-0.2305682333446115
NSF,2052257,K04,K04.1|K04.3,5637,-0.3905094746952171,-0.11892340642537919
NSF,2052268,K01,K01.1,2184,-0.14301593468749885,0.3011758001518381
NSF,2052271,K01,K01.1,6973,-0.21495779173303065,0.24375396793142484
NSF,2052302,K04,K04.1,7325,-0.3073463127088492,-0.2098095894048521
NSF,2052337,K02,K02.1,5764,0.14754096698123415,-0.18732068494402324
NSF,2052390,K04,K04.1|K04.3,7410,-0.3380656292080999,-0.23265542443791645
NSF,2052407,K03,K03.2,5674,-0.2155126285043373,0.12910396728820184
NSF,2052443,K01,K01.1,1314,-0.0332239871504878,0.4326682568203313
NSF,2052512,K02,K02.1,5764,0.14754096698123415,-0.18732068494402324
NSF,2052585,K04,K04.1|K04.2,3187,-0.25909721236854466,-0.33851906885364236
NSF,2052589,K02,K02.1,7685,0.16941091014767018,-0.19106015809775734
NSF,2052598,K02,K02.1,247,0.19686137139735177,-0.053690789239958917
NSF,2052656,K01,K01.1,1314,-0.0332239871504878,0.4326682568203313
NSF,2052794,K01,K01.1,3926,-0.2420822995350554,0.07578042091785417
NSF,2052834,K02,K02.1,4950,0.38037703820713653,-0.092776622031655
NSF,2052844,K02,K02.1,1322,0.3014298966328487,0.04330782057497676
NSF,2052956,K02,K02.1,7571,0.27496388811791517,-0.153347149098536
NSF,2052958,K01,K01.1,241,-0.1513021551556528,0.3317237089579429
NSF,2053009,K02,K02.1,834,0.41952165236459904,-0.018211218714001914
NSF,2053014,K03,K03.1,1813,-0.08320444417479275,0.140607449775756
NSF,2053016,K04,K04.2|K04.3,3194,-0.2816062374036215,-0.3706289992180114
NSF,2053091,K04,K04.1|K04.3,3729,-0.3679891421318633,-0.41192010315050376
NSF,2053163,K02,K02.1,5231,0.32952772600455293,0.005926982875758088
NSF,2053267,K04,K04.3,3527,-0.31408141898812036,-0.27067791743457215
NSF,2053358,K03,K03.3,1289,-0.17791689415161555,0.24385660326260475
NSF,2053429,K03,K03.3,1289,-0.17791689415161555,0.24385660326260475
NSF,2053494,K03,K03.3,1234,-0.15326957693221077,0.1535321292121191
NSF,2053545,K01,K01.2,2212,-0.13964876065478665,0.18805737979285755
NSF,2053560,K04,K04.3,2909,-0.2431054813068243,-0.015802187604923967
NSF,2053588,K01,K01.1|K01.2,491,-0.13920829558888673,0.3636439881394473
NSF,2053637,K03,K03.1,467,-0.11530064206273542,0.16695366551599558
NSF,2053694,K04,K04.1,1847,-0.38495764955957823,-0.12701615736903066
NSF,2053726,K02,K02.1,4371,0.5803637089137005,0.007181298957958743
NSF,2053741,K03,K03.3,1718,-0.14527806875919014,0.15977227439500422
NSF,2053836,K04,K04.1,1847,-0.38495764955957823,-0.12701615736903066
NSF,2053856,K04,K04.1|K04.3,2125,-0.3105509873890516,-0.08865952579728503
NSF,2053857,K02,K02.1|K02.2,7532,0.1538503168395126,-0.19879099007581627
NSF,2053935,K01,K01.1,1222,-0.17637949914202034,0.31928562629366186
NSF,2054170,K02,K02.1|K02.2,7532,0.1538503168395126,-0.19879099007581627
NSF,2054360,K04,K04.1|K04.3,7243,-0.3613662169227596,-0.33427983202196376
NSF,2054506,K03,K03.1,3961,-0.18077605279206058,0.03419586062689071
NSF,2054677,K02,K02.1,1611,0.20069191788737833,0.05935991005683376
NSF,2054688,K02,K02.1,1611,0.20069191788737833,0.05935991005683376
NSF,2054706,K02,K02.1,1611,0.20069191788737833,0.05935991005683376
NSF,2054713,K03,K03.1|K03.2,4379,0.2797547088355272,0.23397344612750945
NSF,2054807,K04,K04.1|K04.3,6852,-0.3699568148900646,-0.045772237420454435
NSF,2054885,K01,K01.1,50,0.008656554318245288,0.43446389673245833
NSF,2054927,K02,K02.1,4349,0.5231767442466704,0.045826378487862585
NSF,2054933,K02,K02.1,3214,0.08856303672056202,-0.5247398265211047
NSF,2054942,K04,K04.1|K04.3,6666,-0.41294666348325676,-0.2728418608491867
NSF,2055100,K02,K02.1,1940,0.42951040905028315,0.03187444443596718
NSF,2055121,K02,K02.1|K02.2,91,0.31829563581823284,0.10877844700324199
NSF,2055236,K02,K02.1|K02.2,91,0.31829563581823284,0.10877844700324199
NSF,2055257,K02,K02.1,3214,0.08856303672056202,-0.5247398265211047
NSF,2055474,K02,K02.1,3873,0.42619500650549724,0.004680244293493271
NSF,2055602,K05,K05.1|K05.3,8293,-0.11702123354906763,0.04123898259361171
NSF,2100092,K04,K04.2,7555,-0.17891873522896673,-0.0785998101599004
NSF,2100393,K03,K03.1|K03.2,4379,0.2797547088355272,0.23397344612750945
NSF,2100520,K03,K03.3,2300,-0.24085204636104984,0.009635699823970348
NSF,2100760,K02,K02.1,3873,0.42619500650549724,0.004680244293493271
NSF,2100773,K02,K02.1|K02.2,4418,0.3664629144580387,0.02081150948769739
NSF,2100801,K02,K02.1,2016,0.1349382831335471,-0.11510016021693381
NSF,2100837,K02,K02.1,2016,0.1349382831335471,-0.11510016021693381
NSF,2101053,K02,K02.1,3219,0.13169859612413992,-0.48297106096561127
NSF,2101068,K01,K01.1|K01.2,1926,-0.19695311108752545,0.28681299130430427
NSF,2101129,K04,K04.1|K04.3,7414,-0.3249470712742018,-0.21851515729758747
NSF,2101320,K04,K04.1,7428,-0.309926034143022,-0.20464506697252277
NSF,2101885,K02,K02.1,3437,0.2267549728838627,-0.20927066115687373
NSF,2101904,K01,K01.1,3273,-0.12635286378248822,-0.013682317618003093
NSF,2101934,K01,K01.1,3742,-0.22073477951975512,0.24828639450392298
NSF,2101961,K02,K02.1,7134,0.10478905980522825,-0.2887423865051486
NSF,2101983,K01,K01.1,3273,-0.12635286378248822,-0.013682317618003093
NSF,2102121,K02,K02.1,840,0.4464608550945881,0.035691205358074324
NSF,2102126,K06,K06.2,223,-0.07888250928256044,0.14626657518388184
NSF,2102193,K05,K05.3,161,0.008578175203954957,0.07772988712630147
NSF,2102285,K02,K02.1,639,0.48241092743796166,-0.03562544780358701
NSF,2102338,K02,K02.1,840,0.4464608550945881,0.035691205358074324
NSF,2102422,K02,K02.1,4342,0.4962375415166813,-0.008076045584213654
NSF,2102434,K02,K02.1,4342,0.4962375415166813,-0.008076045584213654
NSF,2102457,K02,K02.1,3948,0.13570714365185899,-0.2718112497720069
NSF,2102530,K01,K01.1,1379,-0.25449478876582193,0.21849201198806562
NSF,2102762,K01,K01.1|K01.2,3435,-0.2183618552806224,0.10797386918608941
NSF,2102812,K02,K02.1,346,0.23105282892516438,0.00801470404863966
NSF,2102814,K02,K02.1,346,0.23105282892516438,0.00801470404863966
NSF,2102853,K02,K02.1,3948,0.13570714365185899,-0.2718112497720069
NSF,2102884,K01,K01.1,3932,-0.17455468876667385,0.17269998385741267
NSF,2102885,K01,K01.1,3932,-0.17455468876667385,0.17269998385741267
NSF,2102886,K01,K01.1|K01.2,269,-0.03618914347557723,0.4318201408115131
NSF,2102888,K01,K01.1|K01.2,269,-0.03618914347557723,0.4318201408115131
NSF,2102901,K01,K01.1,3932,-0.17455468876667385,0.17269998385741267
NSF,2102917,K02,K02.1,789,0.41823553078183173,0.01999781529666156
NSF,2102919,K02,K02.1,3888,0.3918078899820323,-0.04356484674870072
NSF,2102956,K02,K02.1,3948,0.13570714365185899,-0.2718112497720069
NSF,2102986,K01,K01.1,5095,-0.018618409722233664,0.2611967624327265
NSF,2102989,K02,K02.1|K02.2,5066,0.44539669679234684,0.01293451580327537
NSF,2103020,K01,K01.1,4035,-0.07955882678415024,0.243840417398369
NSF,2103049,K01,K01.1,821,0.11180697131125157,0.4250516416034288
NSF,2103067,K02,K02.1|K02.2,5066,0.44539669679234684,0.01293451580327537
NSF,2103081,K01,K01.1,3878,0.07170428968365523,0.3699401515493419
NSF,2103084,K01,K01.1,820,0.10925981994606619,0.4263000149154177
NSF,2103119,K05,K05.1,4001,-0.17576974396164996,-0.05950725549001197
NSF,2103125,K04,K04.1|K04.3,6874,-0.3850368097854596,-0.2232734427917934
NSF,2103426,K04,K04.1|K04.3,6549,-0.4362658146665887,-0.2825753804355374
NSF,2103442,K04,K04.1|K04.3,6549,-0.4362658146665887,-0.2825753804355374
NSF,2103490,K05,K05.1,8194,-0.14578401319220796,-0.01305018495111799
NSF,2103514,K02,K02.1,1366,0.1331816552431474,-0.039860104618784725
NSF,2103714,K02,K02.1,944,0.2670435993199273,-0.07164121521631271
NSF,2103794,K01,K01.1|K01.2,1677,-0.24656950854973592,0.4167571485758944
NSF,2103836,K03,K03.2,710,-0.17860914411041567,0.13746749953014414
NSF,2103845,K03,K03.2,710,-0.17860914411041567,0.13746749953014414
NSF,2103937,K03,K03.3,1353,-0.2128895681004473,0.2786892435969226
NSF,2104191,K04,K04.1|K04.2|K04.3,677,-0.1419678948339137,-0.04059141826066659
NSF,2104205,K04,K04.1|K04.3,1352,-0.36624901928453213,0.09103054262521056
NSF,2104240,K01,K01.1,1502,-0.16586891415870947,0.2835592299961187
NSF,2104243,K04,K04.1|K04.3,7066,-0.32630702736110434,-0.06343414994085421
NSF,2104292,K04,K04.1|K04.3,7066,-0.32630702736110434,-0.06343414994085421
NSF,2104299,K01,K01.1,1361,-0.2014722285401891,0.3495003316265698
NSF,2104398,K04,K04.1|K04.3,7066,-0.32630702736110434,-0.06343414994085421
NSF,2104537,K01,K01.1,1502,-0.16586891415870947,0.2835592299961187
NSF,2104548,K04,K04.1|K04.3,7066,-0.32630702736110434,-0.06343414994085421
NSF,2104600,K01,K01.1|K01.2,587,-0.11078608834584695,0.3619581938592167
NSF,2104611,K02,K02.1,8291,0.2574588689731236,-0.14718785764250242
NSF,2104829,K02,K02.1,3525,0.1659534369443625,-0.29249063194499514
NSF,2104950,K02,K02.1,7882,0.20447539534880754,-0.18756012692563398
NSF,2105317,K02,K02.1,3126,0.21054648942654935,-0.1777130414666487
NSF,2105320,K03,K03.1|K03.3,1396,-0.23052057889416155,0.059953241354463234
NSF,2105358,K03,K03.1|K03.3,1396,-0.23052057889416155,0.059953241354463234
NSF,2105394,K02,K02.1,4856,0.4105480417752707,-0.05115846938916105
NSF,2105418,K02,K02.1,7898,0.2007655399863375,-0.16340060397051087
NSF,2105494,K04,K04.1,7127,-0.28821395262783484,-0.12666952913550017
NSF,2105514,K04,K04.1|K04.2|K04.3,677,-0.1419678948339137,-0.04059141826066659
NSF,2105564,K04,K04.1,7127,-0.28821395262783484,-0.12666952913550017
NSF,2105625,K04,K04.1|K04.3,3237,-0.3680660329435637,-0.46812560703481076
NSF,2105648,K04,K04.1,7127,-0.28821395262783484,-0.12666952913550017
NSF,2105798,K04,K04.1|K04.3,5939,-0.3452480541944337,-0.1459914348614856
NSF,2105887,K01,K01.2,7199,-0.22772527512565854,-0.12742687661887886
NSF,2105995,K04,K04.3,7362,-0.31778222857436106,-0.19517819972556305
NSF,2106046,K02,K02.1,1817,0.1890506018635626,-0.14009874522506716
NSF,2106190,K02,K02.1,831,0.40299418884521765,0.07369736215797752
NSF,2106461,K01,K01.1,495,-0.20908194903775856,0.4488325673219028
NSF,2106594,K04,K04.1,5938,-0.34727853685166554,-0.047931156783330736
NSF,2106726,K05,K05.1,2096,-0.18965367120379895,-0.010619621724849232
NSF,2107530,K01,K01.1,495,-0.20908194903775856,0.4488325673219028
NSF,2107792,K02,K02.1,246,0.15910617940783273,0.004419283930051476
NSF,2107946,K01,K01.1,2789,-0.1795099275124369,0.16422657702152368
NSF,2108286,K05,K05.1,415,-0.025949550913258942,0.19417082736853314
NSF,2108452,K03,K03.1|K03.3,7600,-0.09582411809525263,-0.05114195889421812
NSF,2108984,K03,K03.1,3051,-0.06868653692267286,0.024708502084486637
NSF,2109005,K02,K02.1,4370,0.45737467128735754,0.053067684687908526
NSF,2109011,K02,K02.1,2843,0.3095336278439346,-0.13755140594813464
NSF,2109023,K02,K02.1,2843,0.3095336278439346,-0.13755140594813464
NSF,2109098,K02,K02.1,2843,0.3095336278439346,-0.13755140594813464
NSF,2109134,K02,K02.1,2843,0.3095336278439346,-0.13755140594813464
NSF,2109240,K02,K02.1,2843,0.3095336278439346,-0.13755140594813464
NSF,2109500,K04,K04.1|K04.3,3237,-0.3680660329435637,-0.46812560703481076
NSF,2109685,K04,K04.1,6017,-0.28861269400617334,-0.27588698016017754
NSF,2109842,K04,K04.1|K04.3,6362,-0.4087450931123269,-0.268935195993508
NSF,2109946,K02,K02.1,4371,0.5803637089137005,0.007181298957958743
NSF,2110138,K04,K04.1,3978,-0.33096523277173207,-0.22474037533264435
NSF,2110171,K05,K05.1,6859,-0.20849491235090978,-0.04348342541046631
NSF,2110211,K04,K04.1|K04.3,2696,-0.36928653847602105,-0.17361321997175289
NSF,2110243,K03,K03.1|K03.2,943,-0.17725098043814425,0.03295754370957629
NSF,2110262,K02,K02.1,1264,0.1654611258195206,-0.04044717271723536
NSF,2110275,K04,K04.1|K04.3,3159,-0.38884857440154,-0.2861430748493997
NSF,2110439,K02,K02.1,460,0.25264524474700006,-0.024208331605248684
NSF,2110709,K02,K02.1,1679,0.11661040278525943,-0.03372540194706908
NSF,2110817,K05,K05.1,524,-0.12563636610355874,0.15836573310040683
NSF,2110880,K02,K02.1|K02.2,6128,0.08770202213545851,-0.12904999379850304
NSF,2110986,K02,K02.1|K02.2,6125,0.08219486464593644,-0.1472355374625796
NSF,2111353,K04,K04.1|K04.3,3528,-0.37179049759071003,-0.34324216534431784
NSF,2111430,K04,K04.1|K04.3,2875,-0.32005043813430867,-0.20719144803338888
NSF,2111718,K04,K04.1|K04.3,548,0.10606294302609785,0.0923256362335084
NSF,2111838,K04,K04.3,6560,-0.3669031126529501,-0.22801805509182457
NSF,2111941,K04,K04.1|K04.3,3918,-0.37810044412940275,-0.3640481141749675
NSF,2112072,K04,K04.1|K04.2|K04.3,6361,-0.3815993923941888,-0.24637315493585435
NSF,2112137,K04,K04.1|K04.3,3463,-0.38608107021012467,-0.4584921160308484
NSF,2112199,K01,K01.2,2364,-0.23316698054886786,0.21395310999785566
NSF,2112201,K02,K02.1,3370,0.12190482060481243,-0.410760400228692
NSF,2112228,K01,K01.1,2307,-0.2635304067864242,0.3394430498327774
NSF,2112245,K03,K03.2,769,-0.013254644319498826,0.2152435985664872
NSF,2112314,K02,K02.1,747,0.3697410609665907,-0.011207402329603378
NSF,2112321,K04,K04.2,4150,0.18510828552317238,0.13381828152913644
NSF,2112419,K01,K01.1,4631,0.010168352888261054,0.42842840899968804
NSF,2112424,K04,K04.1|K04.3,312,-0.3426963108815721,-0.11131565130697943
NSF,2112642,K02,K02.1,4496,0.46351981466154213,-0.07785474769248171
NSF,2112651,K02,K02.1,3370,0.12190482060481243,-0.410760400228692
NSF,2112863,K02,K02.1,6278,0.3163185967994263,-0.11823750688565846
NSF,2112895,K04,K04.1|K04.3,7026,-0.3675352866000931,-0.2411615073849179
NSF,2113333,K02,K02.1,3468,0.2458104613828948,-0.32188263528451366
NSF,2113338,K02,K02.1,3468,0.2458104613828948,-0.32188263528451366
NSF,2113399,K02,K02.1,6543,0.15897587574524724,-0.19931445510883533
NSF,2113705,K04,K04.1|K04.3,3237,-0.3680660329435637,-0.46812560703481076
NSF,2113789,K04,K04.1|K04.3,6110,-0.3131073363176547,-0.17822638697338433
NSF,2113843,K05,K05.1,564,0.08787585290522247,0.2057762578803237
NSF,2113889,K05,K05.1,2645,-0.06640213309780696,0.10985611261681305
NSF,2113891,K05,K05.1|K05.2,1909,-0.12340417320217623,-0.024836860514328124
NSF,2113896,K05,K05.3,2646,-0.05621100719529595,0.09398576698066242
NSF,2113902,K01,K01.2,2355,-0.23359854233330313,0.049899257070591466
NSF,2113938,K02,K02.1,1539,0.2287001947164371,-0.11979275170031697
NSF,2113984,K02,K02.1,520,0.09571987894360966,-0.17569064914923874
NSF,2113987,K02,K02.1,520,0.09571987894360966,-0.17569064914923874
NSF,2114015,K02,K02.1|K02.2,1006,0.30680130822041884,0.08385206427326655
NSF,2114036,K02,K02.1,3948,0.13570714365185899,-0.2718112497720069
NSF,2114041,K04,K04.1|K04.3,3326,-0.26463777015181544,-0.19302757159135076
NSF,2114098,K01,K01.1,1752,-0.2587607283562266,0.14365586629015978
NSF,2114100,K04,K04.1|K04.3,2128,-0.38018170601037904,-0.1498614393710054
NSF,2114164,K02,K02.1|K02.2,4751,0.426551058874028,0.05630874751814065
NSF,2114198,K02,K02.1,236,0.248491584348436,-0.012602118518057134
NSF,2114251,K02,K02.1,1509,0.1366138425512775,-0.12549984253650195
NSF,2114442,K04,K04.1,6459,-0.3324203072800456,-0.06768478596307673
NSF,2114454,K02,K02.1,291,0.32690900861877004,0.027477440406235107
NSF,2114573,K01,K01.1|K01.2,1176,0.00039201001841837613,0.46394474726313795
NSF,2114630,K01,K01.1,205,0.06777507437391801,0.38359212268382004
NSF,2114634,K01,K01.1,205,0.06777507437391801,0.38359212268382004
NSF,2114657,K02,K02.1,635,0.42522396277093155,0.003019631726316835
NSF,2114722,K03,K03.3,5934,-0.20529969753796454,0.07216929451018365
NSF,2114748,K02,K02.1,833,0.47774234129114623,0.0619216587022684
NSF,2114781,K02,K02.1,199,0.42016369405214826,0.02177930606519328
NSF,2114786,K02,K02.1,291,0.32690900861877004,0.027477440406235107
NSF,2114810,K02,K02.1,291,0.32690900861877004,0.027477440406235107
NSF,2114864,K04,K04.1|K04.3,1097,0.08183304275182525,0.09810561133359502
NSF,2115080,K02,K02.1|K02.2,3614,0.2803906589261073,-0.23555609847026113
NSF,2115124,K01,K01.1|K01.2,4278,-0.16997406476431692,0.19335921864287628
NSF,2115259,K03,K03.1|K03.2,1147,0.03636219589807298,0.2354505509931968
NSF,2115275,K05,K05.3,416,-0.09499307926043132,0.1321170182938593
NSF,2115293,K05,K05.3,3667,-0.03678759230581577,-0.07089531317089523
NSF,2115295,K05,K05.3,4171,-0.10112637198230252,0.03209657209860343
NSF,2115302,K05,K05.1|K05.2,2655,-0.1725962354144731,-0.0066386875034635875
NSF,2115322,K01,K01.2,7885,-0.11242139366670856,0.137725517518596
NSF,2115333,K05,K05.1|K05.3,8203,-0.10668901580721915,0.0633256578164588
NSF,2115335,K05,K05.3,8208,-0.10231685127121683,0.03933658365683339
NSF,2115367,K05,K05.3,3832,-0.1327586093751032,-0.1291735568889915
NSF,2115392,K05,K05.3,2711,-0.13036769000458864,0.02801694636151909
NSF,2115414,K01,K01.1,8323,-0.12306247824265042,0.22723966599636333
NSF,2115427,K05,K05.1,2660,-0.1726745085727043,0.027198269662026993
NSF,2115431,K05,K05.3,1172,0.14453208881756124,0.2340513478001048
NSF,2115432,K05,K05.3,4282,-0.12643347903395188,0.0020608405996364078
NSF,2115442,K04,K04.1,482,-0.2904262574555302,-0.027425086661565345
NSF,2115447,K01,K01.1|K01.2,3288,-0.0781900777976361,0.06363263811261813
NSF,2115453,K02,K02.1,7265,0.17496565808693387,-0.2067713867622767
NSF,2115457,K01,K01.2,8316,-0.11417999329675643,0.13121884905853137
NSF,2116186,K02,K02.1,3,0.3473671499678297,-0.046197686756772174
NSF,2116197,K02,K02.1,744,0.3655757065467271,-0.038522267975683144
NSF,2116479,K02,K02.1,214,0.25018921449077264,-0.019421167281442595
NSF,2116488,K02,K02.1,214,0.25018921449077264,-0.019421167281442595
NSF,2116570,K02,K02.1,5147,0.3282147474550022,-0.13738014548425392
NSF,2116571,K02,K02.1,840,0.4464608550945881,0.035691205358074324
NSF,2116759,K02,K02.1,7564,0.18358426406245293,-0.2331481894079971
NSF,2116799,K02,K02.1,7826,0.2050590802702998,-0.18692232598268488
NSF,2116945,K02,K02.1,5128,0.3503140683862733,-0.13513924763293722
NSF,2117049,K02,K02.1,7636,0.13910224786092262,-0.07781679764244245
NSF,2117118,K02,K02.1,6781,0.12102256129937942,-0.2345164872957832
NSF,2117158,K06,K06.2,2786,-0.09001260030152984,-0.0016487447143717672
NSF,2117219,K01,K01.1|K01.2,3165,-0.19993385472849035,-0.02289569680934081
NSF,2117222,K01,K01.1|K01.2,365,-0.055051461261224593,0.4056330385865333
NSF,2117239,K01,K01.1|K01.2,3250,-0.2253379588056027,-0.03794443969866679
NSF,2117393,K02,K02.1,3948,0.13570714365185899,-0.2718112497720069
NSF,2117404,K06,K06.2,5205,-0.01829217548447261,0.07369486656299942
NSF,2117405,K02,K02.1,1014,0.26125685370401763,-0.01776854788421997
NSF,2117505,K02,K02.1,142,0.2603012116106308,-0.11311724961213404
NSF,2117693,K01,K01.1|K01.2,560,0.07866468622865479,0.45395131308738934
NSF,2117722,K01,K01.1|K01.2,3340,-0.1789648377146857,0.013233095105626536
NSF,2117865,K05,K05.1,1671,-0.150160873835459,0.2741692598034158
NSF,2117908,K02,K02.1,2297,0.07069191521247702,-0.21397123933984127
NSF,2117917,K01,K01.1,1,-0.006507850845026239,0.3191128950710225
NSF,2117987,K02,K02.1,5200,0.3243130802807298,-0.21710557497664273
NSF,2118202,K04,K04.1|K04.3,5968,-0.3705421199535207,-0.08461687742634445
NSF,2118234,K04,K04.1|K04.3,5968,-0.3705421199535207,-0.08461687742634445
NSF,2118491,K04,K04.1|K04.3,5968,-0.3705421199535207,-0.08461687742634445
NSF,2118515,K04,K04.1|K04.3,6666,-0.41294666348325676,-0.2728418608491867
NSF,2119433,K04,K04.1|K04.3,7108,-0.3612806373974237,-0.23989776534108523
NSF,2119465,K01,K01.1,2743,-0.12926392242056828,0.22144007357257517
NSF,2119541,K01,K01.1,2743,-0.12926392242056828,0.22144007357257517
NSF,2120155,K01,K01.1|K01.2,1853,-0.26331660871300655,0.19694520720606984
NSF,2120238,K04,K04.1,1622,-0.2930624460425876,0.09390087568692608
NSF,2120366,K02,K02.1|K02.2,3311,0.20183080095693579,-0.30004475596029256
NSF,2120619,K02,K02.1|K02.2,5045,0.3447430658759464,0.08958575213308241
NSF,2120656,K04,K04.1|K04.3,2401,-0.4159542058445124,-0.21530019027475245
NSF,2120683,K04,K04.3,1969,-0.3365581733314479,-0.09941796502116762
NSF,2120684,K04,K04.3,1969,-0.3365581733314479,-0.09941796502116762
NSF,2120692,K04,K04.3,1969,-0.3365581733314479,-0.09941796502116762
NSF,2120829,K04,K04.1|K04.2,3516,-0.2516706043876135,-0.18885942036250875
NSF,2120880,K01,K01.1,6780,-0.20324406273670748,0.16824087302132282
NSF,2120881,K01,K01.1,6780,-0.20324406273670748,0.16824087302132282
NSF,2120906,K04,K04.1|K04.2,4064,-0.2558725258431215,-0.030481585126745342
NSF,2121160,K04,K04.1|K04.3,2603,-0.3646855137334703,-0.20849117991036722
NSF,2121169,K03,K03.3,1400,-0.2585056006354724,0.019087281471728446
NSF,2121238,K01,K01.1,6261,-0.20237871400343965,0.2956408714199492
NSF,2121491,K02,K02.1,1831,0.1434134231641428,-0.053142486790473384
NSF,2121528,K02,K02.1,2132,0.1283865418380119,-0.08128636284183459
NSF,2121585,K02,K02.1|K02.2,393,0.05067078520893646,-0.060939960937868895
NSF,2121616,K02,K02.1,2132,0.1283865418380119,-0.08128636284183459
NSF,2121641,K01,K01.1|K01.2,3063,-0.14737467223936407,0.2177714548455118
NSF,2121674,K04,K04.1|K04.3,3456,-0.3792902779438344,-0.4541699177769636
NSF,2121730,K05,K05.1,6377,-0.17080812647126492,0.0024652356962986868
NSF,2121739,K01,K01.1,7477,-0.1469922041652548,0.1898007358691583
NSF,2121788,K01,K01.1,2105,-0.1921888935996437,0.40488402840379134
NSF,2121875,K05,K05.1,2155,-0.2107133817699549,0.16287611518308623
NSF,2121904,K05,K05.3,2625,-0.1420617341709699,0.1588533881843963
NSF,2121909,K05,K05.3,2625,-0.1420617341709699,0.1588533881843963
NSF,2121931,K01,K01.1|K01.2,1766,-0.161513348100776,0.34464965410731574
NSF,2121967,K04,K04.1|K04.3,5953,-0.42652595196230136,-0.17170747964338745
NSF,2121977,K01,K01.1,7966,-0.08968616833540842,0.2876109511051467
NSF,2121986,K04,K04.1|K04.2,3516,-0.2516706043876135,-0.18885942036250875
NSF,2121991,K04,K04.1|K04.2,3516,-0.2516706043876135,-0.18885942036250875
NSF,2122014,K04,K04.1|K04.3,6722,-0.39699824797103683,-0.2383606161536381
NSF,2122042,K02,K02.1,952,0.28535012363900747,-0.025031651828710838
NSF,2122054,K05,K05.1,488,-0.157315474688059,0.2815968713592685
NSF,2122080,K04,K04.1,4518,-0.17894555449192734,0.07538581048747181
NSF,2122117,K02,K02.1,431,0.11789575021232086,-0.09698873016311282
NSF,2122130,K05,K05.1,5381,-0.22832826080112,-0.0549822519770236
NSF,2122174,K02,K02.1|K02.2,1463,0.2169915782206714,0.009863184108668294
NSF,2122186,K01,K01.1|K01.2,1878,-0.2553569209354717,0.25559182798052316
NSF,2122247,K02,K02.1,8310,0.19807146538876508,-0.1634953195452097
NSF,2122808,K04,K04.1|K04.3,3720,-0.4032278579855183,-0.4937627410153005
NSF,2123372,K02,K02.1,246,0.15910617940783273,0.004419283930051476
NSF,2123495,K04,K04.1,7383,-0.3172478856154757,-0.0560428928848362
NSF,2123540,K01,K01.1,818,0.107641616891388,0.397736775957349
NSF,2123682,K02,K02.1,5118,0.3190309878192649,-0.17254223690239592
NSF,2123699,K03,K03.2,6695,-0.20228839735769516,0.05086388440705832
NSF,2123768,K01,K01.1|K01.2,983,-0.03742048407983947,0.318020750437095
NSF,2123794,K01,K01.1,500,-0.11602727227274982,0.4836664272537955
NSF,2123852,K01,K01.2,6924,-0.15549221469519076,0.08330082286178038
NSF,2124088,K05,K05.3,3553,-0.19799177177997515,-0.2568773448250854
NSF,2124210,K03,K03.3,3318,-0.09060653735738318,-0.05447727677102923
NSF,2124211,K03,K03.3,3318,-0.09060653735738318,-0.05447727677102923
NSF,2124215,K03,K03.1|K03.2,6340,-0.2247602908047801,0.027813200359706587
NSF,2124284,K04,K04.1|K04.3,2930,-0.31753025704800647,-0.17903041900196298
NSF,2124332,K04,K04.1|K04.3,166,-0.22957890514223067,-0.09827038565640624
NSF,2124455,K05,K05.3,1719,-0.17107949547458895,0.15724351780611898
NSF,2124735,K04,K04.1|K04.3,4235,-0.34046588896583707,-0.22712101242861824
NSF,2124739,K02,K02.1,7842,0.20908718431620577,-0.16833953022446296
NSF,2124824,K02,K02.1,4294,0.5801852655707379,0.042356675866510415
NSF,2124837,K04,K04.1|K04.3,110,-0.23879388990207856,-0.10295230846720864
NSF,2124849,K04,K04.1|K04.3,2527,-0.40124629219967106,-0.20006088765822103
NSF,2124858,K05,K05.1|K05.3,5808,-0.1740709021491303,0.02850913422130838
NSF,2124885,K02,K02.1,4294,0.5801852655707379,0.042356675866510415
NSF,2125196,K02,K02.1|K02.2,2141,0.19201056624364388,-0.019031671757811272
NSF,2125200,K04,K04.1,6129,-0.2831703672291331,0.021714857752813354
NSF,2125234,K04,K04.1|K04.3,419,-0.28376668721166953,0.06261257177701585
NSF,2125259,K01,K01.2,8131,-0.15126215933438247,0.19437959043634048
NSF,2125264,K02,K02.1,1167,0.21014894940534629,-0.06503042572080152
NSF,2125279,K04,K04.1,5905,-0.32463449812119943,-0.010629945619152086
NSF,2125283,K04,K04.1,2018,-0.28313205602131514,0.058715358432449544
NSF,2125285,K01,K01.1|K01.2,5138,-0.05072099466511753,0.3618993033782363
NSF,2125288,K04,K04.1,5862,-0.2947440883085797,-0.015865249961865106
NSF,2125293,K02,K02.1,7483,0.13712208405492043,-0.15076346951832598
NSF,2125337,K02,K02.1,1424,0.18018261569354166,-0.10525100044011254
NSF,2125350,K05,K05.1|K05.3,7831,-0.1066841649544076,0.05375368064517268
NSF,2125361,K05,K05.1,1885,-0.006198980490218775,0.20469648593582704
NSF,2125375,K05,K05.1,1162,0.03353258374853203,0.23693926972653917
NSF,2125407,K02,K02.1,4916,0.5906726228049967,0.024862363078745425
NSF,2125409,K05,K05.1|K05.3,3619,-0.01861952917878991,0.022461935931255422
NSF,2125426,K04,K04.1|K04.3,2721,-0.3279848517877593,-0.08762075956105618
NSF,2125427,K01,K01.1|K01.2,7627,-0.15190838784272553,0.28722877155070037
NSF,2125447,K01,K01.1,5706,-0.18733220060705574,0.24654320080661293
NSF,2125472,K05,K05.1,592,-0.13701798828915113,0.17998263134155848
NSF,2125516,K01,K01.1,6103,-0.18838325002185946,0.309619806364947
NSF,2125526,K04,K04.1,2189,-0.27000773033460096,-0.007806024967697035
NSF,2125548,K05,K05.1|K05.3,6776,-0.19617927795329218,-0.034786785560240056
NSF,2125616,K01,K01.1|K01.2,6111,-0.20920177181103045,0.3199117165113118
NSF,2125633,K05,K05.2|K05.3,3424,-0.1545086342113851,-0.0970422579406855
NSF,2125671,K04,K04.1|K04.3,7297,-0.3482251265722194,-0.2428867522322841
NSF,2125672,K05,K05.3,8295,-0.10673427742628022,0.027334311660874203
NSF,2125908,K04,K04.1|K04.3,7286,-0.30785034457749977,-0.28505507569874045
NSF,2126069,K02,K02.1,4742,0.5764257954681248,-0.0030692592831564336
NSF,2126096,K02,K02.1|K02.2,2250,0.09813561679697487,-0.12547925344903835
NSF,2126097,K02,K02.1,2901,0.219718557504686,-0.17818117068155015
NSF,2126112,K01,K01.1|K01.2,4740,0.18760060824626817,0.4309735970876678
NSF,2126127,K04,K04.1|K04.3,7430,-0.36694467101473977,-0.2554871663029158
NSF,2126156,K03,K03.2|K03.3,3226,-0.216227591826608,-0.10699649556515425
NSF,2126167,K02,K02.1|K02.2,309,0.2636764842588151,0.009474512836787588
NSF,2126187,K04,K04.1|K04.3,6366,-0.3969090740637934,-0.2546331411214042
NSF,2126193,K02,K02.1,3300,0.2696360148088746,-0.3502941605195542
NSF,2126206,K02,K02.1,976,0.32083597254396673,-0.06633850690161758
NSF,2126467,K02,K02.1,1460,0.18738759931823978,0.011449029377587419
NSF,2126468,K01,K01.1,242,-0.10079955192957518,0.38200401671969686
NSF,2126514,K02,K02.1,831,0.40299418884521765,0.07369736215797752
NSF,2126524,K02,K02.1,4742,0.5764257954681248,-0.0030692592831564336
NSF,2126533,K02,K02.1|K02.2,4473,0.41501342598029556,-0.02070823517456853
NSF,2126537,K02,K02.1,5107,0.29966089560391557,-0.2778028546958524
NSF,2126564,K04,K04.1|K04.3,7352,-0.3760167598224105,-0.36618921151078465
NSF,2126583,K03,K03.2,5077,0.1416095855547222,0.15426989192226817
NSF,2126607,K02,K02.1|K02.2,4698,0.5337986686504845,0.0705810224471535
NSF,2126633,K05,K05.1|K05.2,5853,-0.1956809170499325,-0.00033512917671829623
NSF,2126701,K05,K05.1,590,-0.11308611548926231,0.23310073532977196
NSF,2126729,K01,K01.1,5084,0.07174659112590652,0.3590608481129437
NSF,2126742,K03,K03.3,904,0.006717980029338669,0.25372115989811594
NSF,2126765,K04,K04.1|K04.3,6271,-0.3750480499154626,-0.35100829548455825
NSF,2126770,K04,K04.1|K04.3,3237,-0.3680660329435637,-0.46812560703481076
NSF,2126828,K04,K04.1|K04.3,6682,-0.4150823361036243,-0.26725861447603894
NSF,2126844,K01,K01.1,7045,-0.20252768148513,0.31398084964092565
NSF,2127092,K04,K04.3,7586,-0.27057753369277787,-0.1841525008641679
NSF,2127095,K03,K03.3,763,-0.0228861322625718,0.24628999356671907
NSF,2127096,K04,K04.3,3677,-0.3003210873470612,-0.15382864096776502
NSF,2127105,K04,K04.1|K04.3,6354,-0.40676302956181004,-0.2615502178530952
NSF,2127147,K04,K04.3,6725,-0.3510821723589136,-0.19070440250717427
NSF,2127171,K01,K01.2,6606,-0.20077807212970197,0.07031685360233245
NSF,2127172,K01,K01.2,6606,-0.20077807212970197,0.07031685360233245
NSF,2127177,K04,K04.3,3414,-0.33430264880728155,-0.33270650530545653
NSF,2127220,K01,K01.1,1101,0.1146240409156518,0.4868915682817976
NSF,2127221,K01,K01.1,1101,0.1146240409156518,0.4868915682817976
NSF,2127272,K02,K02.1,5198,0.41719591576885984,-0.056028461753301284
NSF,2127273,K02,K02.1,5198,0.41719591576885984,-0.056028461753301284
NSF,2127282,K01,K01.1|K01.2,5428,-0.07789474046330225,0.2783694550024042
NSF,2127285,K04,K04.2|K04.3,988,0.09651234471674337,0.167969269471337
NSF,2127329,K01,K01.1|K01.2,3124,-0.09113753375638747,0.3258200012471796
NSF,2127333,K03,K03.3,455,-0.10419221201559008,0.23442742884974735
NSF,2127354,K04,K04.1,4110,-0.26072206138392434,-0.11669276916030272
NSF,2127357,K02,K02.1,179,0.332530426450238,-0.07302962718344692
NSF,2127424,K02,K02.1,3925,0.16951537061466293,-0.20639330189649832
NSF,2127439,K01,K01.1|K01.2,1613,-0.1173785341011589,0.45488155784472284
NSF,2127461,K04,K04.1|K04.3,1997,-0.17428626085901094,-0.0032180865771433143
NSF,2127466,K02,K02.1,5062,0.43891146361067357,-0.06363844761074977
NSF,2127476,K02,K02.1,1212,0.1499619500589227,0.008184916343008164
NSF,2127606,K01,K01.1,242,-0.10079955192957518,0.38200401671969686
NSF,2127607,K01,K01.1|K01.2,244,-0.10672997018768093,0.39257575457092597
NSF,2127643,K03,K03.1|K03.2,3968,-0.1649018564263143,-0.04501910260245621
NSF,2127677,K02,K02.1,5661,0.13144947543956537,-0.23071481829359292
NSF,2127678,K02,K02.1,5661,0.13144947543956537,-0.23071481829359292
NSF,2127684,K02,K02.1,106,0.458680734339979,0.031092371702127197
NSF,2127727,K04,K04.1|K04.3,1742,-0.41420341133812544,0.08999111972273802
NSF,2127775,K02,K02.1|K02.2,1357,0.14398078723779806,0.10153713195655821
NSF,2127861,K02,K02.1,833,0.47774234129114623,0.0619216587022684
NSF,2127932,K02,K02.1,1880,0.19029307931759454,-0.07058741005041377
NSF,2127941,K02,K02.1,1880,0.19029307931759454,-0.07058741005041377
NSF,2128030,K01,K01.1|K01.2,2666,-0.204792858379634,0.22834563492431567
NSF,2128035,K04,K04.1|K04.3,3190,-0.3299503140200749,-0.3749324599185866
NSF,2128365,K02,K02.1,7422,0.0858437642015522,-0.3122203397743871
NSF,2128431,K04,K04.1|K04.3,4065,-0.361051809079318,-0.23042489227367888
NSF,2128561,K04,K04.1|K04.3,2374,-0.3922515767469475,-0.012265743029013457
NSF,2128592,K02,K02.1|K02.2,4350,0.5348939017717041,0.08819555411707762
NSF,2128617,K01,K01.1,7046,-0.04069748327574187,0.23797632802039798
NSF,2128782,K04,K04.1|K04.3,7864,-0.2772490173041332,-0.13378638503704737
NSF,2128856,K04,K04.1|K04.3,7864,-0.2772490173041332,-0.13378638503704737
NSF,2129083,K02,K02.1,3426,0.25161212050219894,-0.12825515310044
NSF,2129120,K02,K02.1,4374,0.5008413375367279,0.015061527888005327
NSF,2129137,K01,K01.1|K01.2,7457,-0.173233621571239,0.18645234537182628
NSF,2129228,K02,K02.1,3440,0.235350590121784,-0.3883059459154925
NSF,2129363,K02,K02.1,3536,0.5616141866029056,-0.014430267547546616
NSF,2129383,K03,K03.1,3633,0.13207766535952176,0.14636158368877358
NSF,2129531,K02,K02.1|K02.2,7561,0.1289597137078941,-0.21951494588301815
NSF,2129570,K04,K04.1,3693,-0.30141285679859886,-0.25984710960933155
NSF,2129602,K04,K04.1,2588,-0.3220720935216413,-0.030952909102001602
NSF,2129627,K03,K03.1,6154,0.016749299119121985,0.15478724386483547
NSF,2129631,K04,K04.1|K04.3,6339,-0.3766902427606264,-0.20070515851974075
NSF,2129801,K01,K01.2,1994,-0.03486928127991669,0.23029067191956815
NSF,2129833,K02,K02.1,2822,0.23832118719829876,-0.06093093505472694
NSF,2129835,K02,K02.1,2822,0.23832118719829876,-0.06093093505472694
NSF,2130675,K02,K02.1,3640,0.334722064762369,-0.19270697260066047
NSF,2130718,K04,K04.1|K04.3,5769,-0.35013216204052494,-0.1548698092554899
NSF,2130734,K04,K04.1|K04.3,5769,-0.35013216204052494,-0.1548698092554899
NSF,2130945,K04,K04.2,2465,-0.2285981757204124,-0.012983906403813597
NSF,2131070,K04,K04.1|K04.2|K04.3,2638,-0.37987669298668586,-0.12308481287892109
NSF,2131161,K04,K04.1|K04.3,6923,-0.3186884166352927,-0.18440702136878606
NSF,2131163,K04,K04.1|K04.2|K04.3,2638,-0.37987669298668586,-0.12308481287892109
NSF,2131175,K04,K04.1|K04.3,6684,-0.39166084303076026,-0.21205645743946952
NSF,2131193,K04,K04.1,5868,-0.2981767251057637,0.0021544008692444116
NSF,2131199,K02,K02.1,3036,0.22115086779592263,-0.19235487733647805
NSF,2131201,K04,K04.1,2551,-0.36628012556175443,-0.0253886896770711
NSF,2131222,K02,K02.1,3293,0.24518297343599477,-0.34014022715230396
NSF,2131369,K02,K02.1,947,0.26283627358610245,-0.02062112552001641
NSF,2131370,K02,K02.1,947,0.26283627358610245,-0.02062112552001641
NSF,2131373,K04,K04.1|K04.3,6503,-0.4050034828361739,-0.0694720587102081
NSF,2131621,K03,K03.1|K03.2,3482,-0.17164871701869383,-0.10917248405316646
NSF,2131645,K02,K02.1,2143,0.24506981672746064,-0.09663632937832609
NSF,2131678,K05,K05.1,939,-0.09254088506399405,0.16106971133753129
NSF,2131745,K02,K02.1,3750,0.09340548134088679,-0.4720368582287071
NSF,2131749,K02,K02.1,3854,0.28727536385898944,-0.12625249050232115
NSF,2131848,K05,K05.3,922,0.01579702269927742,0.2041701149192355
NSF,2131855,K01,K01.1,3099,-0.22737143130488874,0.28409104838496324
NSF,2132026,K01,K01.1,3912,-0.23051990373044834,0.1482554908666745
NSF,2132089,K02,K02.1,2851,0.2871982211339921,-0.1683162565479919
NSF,2132324,K01,K01.1|K01.2,8311,-0.14979139225799393,0.12980840645557523
NSF,2132385,K02,K02.1,6015,0.11505415093806477,-0.20899161488807141
NSF,2132419,K04,K04.1|K04.3,7353,-0.3964765815942923,-0.2906440769076527
NSF,2132487,K03,K03.1,6694,-0.24469939052103756,-0.11155569696235246
NSF,2132729,K03,K03.1|K03.3,2694,-0.19943258004846773,0.10755277303985536
NSF,2133029,K04,K04.1|K04.3,5080,-0.10523676606547853,0.05152694581447481
NSF,2133233,K05,K05.3,1989,-0.11542672061283518,0.14371390319368413
NSF,2133256,K04,K04.1,503,-0.22514467613167882,0.0388459211860636
NSF,2133279,K01,K01.1|K01.2,439,-0.21930127748799277,0.47868059861697754
NSF,2133297,K01,K01.1|K01.2,1329,-0.13729678722130462,0.38603035187334156
NSF,2133302,K06,K06.2,5758,-0.14300684730569505,0.006767991300374154
NSF,2133308,K04,K04.1,1705,-0.24739109424924927,0.033385566289267934
NSF,2133309,K04,K04.1,5824,-0.2905529659644905,-0.028917032690193578
NSF,2133334,K01,K01.1,1609,-0.20441012762683053,0.42986458412573836
NSF,2133337,K06,K06.2,5857,-0.13419831062057525,-0.017201808258391182
NSF,2133342,K06,K06.2,5750,-0.16319936998619067,0.07353148456528197
NSF,2133352,K05,K05.1,6117,-0.16985739614558287,0.17053343356685505
NSF,2133356,K04,K04.1,2497,-0.2894094307340381,-0.006944291823753307
NSF,2133379,K06,K06.2,5727,-0.1560185781012139,-0.025569168398469233
NSF,2133384,K04,K04.1|K04.3,5860,-0.3438045508317,-0.0682980309526125
NSF,2133398,K05,K05.3,505,0.003486385724494459,0.25248837630705945
NSF,2133474,K04,K04.1,549,0.03872652720996088,0.09050992920506801
NSF,2133512,K04,K04.1|K04.3,3730,-0.37463050164452383,-0.4003251264580586
NSF,2133549,K04,K04.1|K04.3,3730,-0.37463050164452383,-0.4003251264580586
NSF,2133553,K04,K04.1,549,0.03872652720996088,0.09050992920506801
NSF,2133700,K04,K04.3,6323,-0.3109455924241477,-0.14347374643568997
NSF,2133960,K03,K03.2,2023,-0.16917824546115867,0.1502481422185469
NSF,2134375,K02,K02.1,6986,0.09028020203975261,-0.28657670173004013
NSF,2134564,K04,K04.1|K04.3,7358,-0.3328812004188327,-0.3244204459552912
NSF,2134600,K01,K01.1|K01.2,204,0.10414307436212668,0.4241564925815826
NSF,2134658,K04,K04.1|K04.3,7221,-0.33156435465009265,-0.18169602470762777
NSF,2134840,K04,K04.1|K04.3,2452,-0.38752947675448424,-0.1690528569360367
NSF,2134864,K01,K01.1,329,0.027309783469389767,0.4402819304796509
NSF,2134865,K02,K02.1,3802,0.27239493125054753,-0.20503156209894155
NSF,2134904,K05,K05.1,1661,-0.21818302210565815,0.2230029341041558
NSF,2135018,K01,K01.1,821,0.11180697131125157,0.4250516416034288
NSF,2135218,K02,K02.1,7568,0.3025312191712181,-0.15678608628348883
NSF,2135440,K02,K02.1,1007,0.23038701495393388,-0.04501095998745522
NSF,2135468,K02,K02.2,3224,-0.17946030240698008,-0.3424020983991819
NSF,2135530,K04,K04.1|K04.3,7149,-0.3658117015277985,-0.24084697551781084
NSF,2135579,K04,K04.1|K04.3,5656,-0.3839443084071515,-0.16898434395006284
NSF,2135669,K04,K04.2,1956,-0.19589835081563767,0.0087558517364646
NSF,2135713,K01,K01.1,1951,-0.1747815326239513,0.315527840569237
NSF,2135732,K04,K04.1|K04.3,1743,-0.40846678679809684,0.03235275232410688
NSF,2135761,K05,K05.1,8195,-0.11512840287591525,0.05709592080061665
NSF,2135771,K05,K05.1|K05.3,1173,0.12394496379678759,0.23540269995600058
NSF,2135783,K01,K01.1|K01.2,7591,-0.24723639048295015,0.06530408674182295
NSF,2135879,K05,K05.1,381,-0.07594209159170084,0.22403758670936136
NSF,2136006,K04,K04.1|K04.3,7376,-0.396256266813901,-0.25056577270348346
NSF,2136085,K01,K01.2,4864,0.053839777702222744,0.21661319074305246
NSF,2136118,K04,K04.3,3994,-0.32155386397049834,-0.22341097683558744
NSF,2136214,K04,K04.1|K04.3,3788,-0.37071808157090247,-0.3984062034085952
NSF,2136220,K04,K04.1|K04.3,6414,-0.40626075673149664,-0.2546827779428398
NSF,2136225,K01,K01.1,4438,0.11829756205345891,0.322252423031545
NSF,2136230,K01,K01.2,583,-0.10622769948898217,0.22610443521580628
NSF,2136302,K04,K04.1|K04.3,6354,-0.40676302956181004,-0.2615502178530952
NSF,2136377,K02,K02.1,4140,0.4021338539321787,-0.13354295845108685
NSF,2136505,K03,K03.3,392,-0.22755580697937755,0.2552145806507319
NSF,2136511,K04,K04.1|K04.3,7149,-0.3658117015277985,-0.24084697551781084
NSF,2136584,K04,K04.1,3981,-0.311026609502449,-0.0845510288028782
NSF,2136680,K04,K04.1,6423,-0.33731842939972323,-0.028109799886622634
NSF,2136735,K04,K04.1|K04.3,4579,-0.10716455376310656,0.08825855961902145
NSF,2136751,K04,K04.1|K04.3,3005,-0.3294437946693885,-0.2166546437604104
NSF,2136763,K04,K04.1|K04.3,6309,-0.37619064584370454,-0.23333521159450735
NSF,2136818,K02,K02.1,868,0.5036478197616182,-0.002953874171829518
NSF,2136934,K02,K02.1,5234,0.2902335811358726,-0.03770751177734038
NSF,2137033,K01,K01.1,6288,-0.14319336512852862,0.23773931269002097
NSF,2137274,K04,K04.1|K04.3,6998,-0.364709695748887,-0.20466661657146012
NSF,2137275,K04,K04.1|K04.3,6999,-0.3702661994591239,-0.12020819812988001
NSF,2137561,K04,K04.1|K04.3,3329,-0.20096474652415225,-0.30239874953221646
NSF,2137582,K04,K04.1|K04.3,6258,-0.29383959707593676,-0.04700301050970515
NSF,2137684,K05,K05.1,917,0.0017022308924601603,0.24537159170655698
NSF,2137701,K03,K03.2,1128,0.0006699038195710494,0.1975209612352725
NSF,2137730,K04,K04.1|K04.3,4929,-0.09102985935620686,-0.04699246371527965
NSF,2137745,K04,K04.1,521,-0.2007795008572127,-0.03822063747504709
NSF,2137766,K04,K04.1|K04.3,5210,-0.28060479345197825,-0.05096068906064266
NSF,2137798,K04,K04.1|K04.3,4923,-0.2901318774588964,-0.021265237579031995
NSF,2137826,K01,K01.1|K01.2,7869,-0.16655964404323303,0.3091658386388203
NSF,2137882,K03,K03.1,4810,0.07188439647755758,0.25682804443439056
NSF,2137891,K05,K05.1|K05.3,3590,-0.0821584507745742,-0.016313931331688597
NSF,2137970,K01,K01.1,1150,-0.19499146539816709,0.25838003997402426
NSF,2137977,K01,K01.1,5175,-0.10740624911614824,0.322793042214103
NSF,2138057,K01,K01.1|K01.2,7519,-0.04281826639042841,0.19618978679395413
NSF,2138186,K04,K04.1|K04.3,5810,-0.3425542615828647,-0.13713060910242497
NSF,2138293,K05,K05.1,7309,-0.1674695997900002,-0.06557019014717458
NSF,2138318,K02,K02.1,3300,0.2696360148088746,-0.3502941605195542
NSF,2138346,K02,K02.1,2858,0.22289953081619812,-0.18626655890763247
NSF,2138380,K04,K04.3,6753,-0.3379372951945852,-0.22729806144923223
NSF,2138408,K04,K04.1|K04.3,6556,-0.4233784257671975,-0.2702916825963998
NSF,2138414,K02,K02.1,1227,0.09693938983328983,-0.12282340329549596
NSF,2138438,K04,K04.1,3787,-0.30968244558898783,-0.34874316590212084
NSF,2138449,K01,K01.1,1187,0.022896402015514725,0.4105480253435535
NSF,2138539,K02,K02.2,3958,-0.12055551819321732,-0.05833241918870212
NSF,2138549,K03,K03.1|K03.3,5795,-0.2046143555236441,0.18160155032231198
NSF,2138553,K02,K02.1,7339,0.10855569317951737,-0.40536581399916627
NSF,2138584,K02,K02.1,837,0.4326939675162139,0.015157025416527053
NSF,2138619,K02,K02.1,1665,0.18391162307160303,0.011314889095040859
NSF,2138631,K03,K03.3,1846,-0.2089621065984855,0.10430490194577295
NSF,2138647,K05,K05.1,2050,-0.15570233388947194,0.05327451317066065
NSF,2138701,K01,K01.1,6136,-0.06430613551827445,0.41551537764000257
NSF,2138785,K03,K03.2,854,0.18044046323519491,0.2798299982352863
NSF,2138786,K03,K03.2,854,0.18044046323519491,0.2798299982352863
NSF,2138787,K03,K03.2,854,0.18044046323519491,0.2798299982352863
NSF,2138801,K02,K02.1,5057,0.3902128730179427,0.008571496973963519
NSF,2138809,K01,K01.1,3560,-0.24601194579592228,-0.07717631931793481
NSF,2138893,K02,K02.1,796,0.42394700504168303,0.04010173166676875
NSF,2138912,K04,K04.1|K04.3,1803,-0.4038246060707114,-0.16665183113803891
NSF,2138937,K02,K02.1,4374,0.5008413375367279,0.015061527888005327
NSF,2139002,K03,K03.2,300,0.029607130562818704,0.24538577993925306
NSF,2139025,K04,K04.1|K04.3,2373,-0.3846304004883268,-0.02565488609924102
NSF,2139300,K02,K02.1,4730,0.6187242137144392,0.026923372763377057
NSF,2139301,K02,K02.1,4730,0.6187242137144392,0.026923372763377057
NSF,2139649,K03,K03.2|K03.3,1600,-0.2012476332560919,0.3041815083447241
NSF,2139663,K03,K03.3,1289,-0.17791689415161555,0.24385660326260475
NSF,2139809,K01,K01.1,3928,-0.21547420365085884,0.20945776734532703
NSF,2139836,K01,K01.1,3928,-0.21547420365085884,0.20945776734532703
NSF,2139882,K02,K02.1,515,0.2620730619707662,-0.02814322162322433
NSF,2139883,K02,K02.1,515,0.2620730619707662,-0.02814322162322433
NSF,2140146,K04,K04.3,6764,-0.324381662385105,-0.22842559026626322
NSF,2140296,K04,K04.1|K04.3,6915,-0.3774853467266369,-0.25610060815406066
NSF,2140306,K04,K04.1|K04.3,8122,-0.3473041246006843,-0.015498338636000641
NSF,2140335,K02,K02.1,4731,0.5908319795791102,0.026014207406555745
NSF,2140489,K04,K04.1,6394,-0.2961650361769522,-0.055649112824443556
NSF,2140523,K04,K04.1|K04.3,6666,-0.41294666348325676,-0.2728418608491867
NSF,2140723,K04,K04.3,1242,-0.30454965417019414,0.09230417312493362
NSF,2140820,K04,K04.1|K04.3,7368,-0.3667767418378385,-0.3434088248277599
NSF,2140988,K04,K04.1|K04.3,3923,-0.37187939432461237,-0.28371992131734924
NSF,2140999,K01,K01.1|K01.2,3805,-0.20981220327610722,0.19074260584675726
NSF,2141017,K04,K04.1|K04.3,7566,-0.32420239179578175,-0.044833326470861565
NSF,2141035,K04,K04.1|K04.3,3986,-0.37802917708474565,-0.2656846043401626
NSF,2141056,K04,K04.3,3196,-0.2734750009058276,-0.3326588324140115
NSF,2141073,K04,K04.1|K04.3,1413,-0.3535597128803658,-0.06007048655889749
NSF,2141092,K01,K01.1|K01.2,1753,-0.2695647611132059,0.186654900755803
NSF,2141122,K04,K04.3,6621,-0.352353614198125,-0.22876650157734638
NSF,2141162,K04,K04.1|K04.3,3446,-0.3848473047217823,-0.4282014956256778
NSF,2141184,K04,K04.1,2457,-0.323012264532858,-0.0515723293533646
NSF,2141193,K02,K02.1,3171,0.1406504473129519,-0.42282787090592433
NSF,2141203,K01,K01.1|K01.2,1753,-0.2695647611132059,0.186654900755803
NSF,2141243,K01,K01.1,207,0.049256892790104104,0.4375780546366974
NSF,2141278,K01,K01.1|K01.2,5222,0.08679878021153763,0.40337825360442936
NSF,2141382,K02,K02.1|K02.2,1443,0.0231492804104408,-0.019074195496353627
NSF,2141503,K02,K02.1,3299,0.2374648877355251,-0.3699927968068203
NSF,2141763,K02,K02.1,628,0.4393493215495857,0.007016244345715475
NSF,2141804,K01,K01.1,4424,0.09979268786960359,0.32474716426523853
NSF,2142003,K04,K04.1|K04.3,6623,-0.4109645999327399,-0.2654568827087739
NSF,2142165,K02,K02.1,3299,0.2374648877355251,-0.3699927968068203
NSF,2142686,K02,K02.1,3299,0.2374648877355251,-0.3699927968068203
NSF,2142967,K02,K02.1|K02.2,1049,0.2575421248080748,-0.01870187051381704
NSF,2143021,K01,K01.1,6576,-0.26635725782971675,0.24978152076747276
NSF,2143379,K02,K02.1,3299,0.2374648877355251,-0.3699927968068203
NSF,2143410,K02,K02.1|K02.2,3223,0.06389338227220102,-0.43272165640634963
NSF,2143902,K01,K01.1|K01.2,1753,-0.2695647611132059,0.186654900755803
NSF,2143970,K02,K02.1,3942,0.10654327591718214,-0.3048612068285441
NSF,2144299,K02,K02.1|K02.2,6627,0.031846483738369166,-0.2335158582719344
NSF,2144406,K01,K01.2,994,-0.18119865494808324,0.30708327984670825
NSF,2145134,K04,K04.1|K04.3,5684,-0.3331166337973125,-0.1366238349036121
NSF,2145137,K02,K02.1,7252,0.15060686279720287,-0.3501357718675556
NSF,2145472,K02,K02.1|K02.2,4375,0.5125584950617617,0.05743070351722038
NSF,2145627,K02,K02.1,3948,0.13570714365185899,-0.2718112497720069
NSF,2145665,K02,K02.1,1802,0.10678383019106251,-0.12848838870172732
NSF,2146490,K04,K04.1|K04.3,6344,-0.4242339797859416,-0.27876207763624283
NSF,2146640,K02,K02.1,1391,0.14149408982554085,-0.11811983091348546
NSF,2146704,K03,K03.2,852,0.12993786000911733,0.22954969047353238
NSF,2146711,K04,K04.3,7360,-0.31954144670816315,-0.32391558400620946
NSF,2146929,K01,K01.1,3108,-0.16480526811292112,0.2752711323631235
NSF,2147025,K03,K03.3,7590,-0.1903541886424959,0.052946818641694385
NSF,2147052,K02,K02.1,2601,0.096898892909477,-0.19631303122831667
NSF,2147070,K03,K03.3,7590,-0.1903541886424959,0.052946818641694385
NSF,2147106,K03,K03.3,7590,-0.1903541886424959,0.052946818641694385
NSF,2147117,K04,K04.1|K04.3,6968,-0.38413352860052813,-0.2135341556045233
NSF,2147431,K04,K04.1|K04.3,3237,-0.3680660329435637,-0.46812560703481076
NSF,2147716,K02,K02.1,4865,0.27819766355692305,-0.135113756496371
NSF,2147781,K03,K03.1|K03.3,426,-0.05427223669359381,0.24393433381760496
NSF,2147782,K03,K03.1|K03.3,426,-0.05427223669359381,0.24393433381760496
NSF,2147832,K02,K02.1|K02.2,6123,0.07911948554771613,-0.1875745429101987
NSF,2147919,K02,K02.2,7807,-0.05102181322659353,0.004936567414244567
NSF,2148184,K02,K02.1,669,0.32036539575301454,-0.020582349963709362
NSF,2148407,K02,K02.1|K02.2,3778,0.2054394800889182,-0.27763240807306544
NSF,2148468,K02,K02.1|K02.2,986,0.23535860410966397,-0.031662019100226896
NSF,2148507,K01,K01.2,284,0.0077716672252021585,0.31498084749066946
NSF,2148673,K02,K02.1,8161,0.17053289323743515,-0.2007142312229866
NSF,2148783,K02,K02.1,180,0.33388103469181574,-0.05837764576643621
NSF,2148865,K01,K01.1,4515,0.08282198287235164,0.2987173763263623
NSF,2148871,K01,K01.1,497,-0.11173818729827686,0.38650648743981375
NSF,2148879,K02,K02.1,3576,0.17253069043753932,-0.25618934524967785
NSF,2149103,K02,K02.1,6654,0.057654097849770033,-0.32073727183652445
NSF,2149106,K01,K01.1|K01.2,7494,-0.14039664467573756,0.22611465353498622
NSF,2149113,K02,K02.2,6770,-0.10642629275085855,-0.04681296116414438
NSF,2149158,K02,K02.1,8282,0.20459749193818405,-0.1768719373943386
NSF,2149191,K02,K02.1,8335,0.21390126025280803,-0.15215048586451896
NSF,2149223,K02,K02.1|K02.2,7183,0.12469605086905865,-0.16491505031666384
NSF,2149224,K02,K02.1|K02.2,7183,0.12469605086905865,-0.16491505031666384
NSF,2149244,K02,K02.1,719,0.506233953920155,0.06741141505349169
NSF,2149329,K02,K02.1,8282,0.20459749193818405,-0.1768719373943386
NSF,2149335,K02,K02.2,6770,-0.10642629275085855,-0.04681296116414438
NSF,2149435,K02,K02.1|K02.2,6879,0.12297684272762484,-0.13405979874939863
NSF,2149909,K02,K02.1,5338,0.3061783997923436,-0.0666397640871013
NSF,2150093,K02,K02.1,5338,0.3061783997923436,-0.0666397640871013
NSF,2150163,K02,K02.1,226,0.2117037108467043,-0.046711602402532706
NSF,2150387,K01,K01.1|K01.2,3125,-0.11761296709839719,0.2445087508417421
NSF,2150596,K04,K04.3,6525,-0.3675843942451434,-0.03848782758177636
NSF,2150704,K02,K02.1,1492,0.09856110624459614,-0.17022198478225312
NSF,2150725,K02,K02.1|K02.2,2250,0.09813561679697487,-0.12547925344903835
NSF,2150932,K03,K03.1,1983,-0.07300968440092671,0.12954090313872318
NSF,2150965,K02,K02.1,1629,0.10711006970295757,0.010556131525048681
NSF,2151256,K04,K04.1,7106,-0.32818838475331125,-0.20767234483252314
NSF,2151392,K04,K04.1|K04.3,3192,-0.35738246605125834,-0.391351638092027
NSF,2151428,K04,K04.3,7436,-0.31500042203086726,-0.21416274897506626
NSF,2151435,K04,K04.1|K04.3,6181,-0.3196571713395741,-0.22282058100221333
NSF,2151454,K04,K04.1|K04.3,6875,-0.37106511811655857,-0.21455463429283725
NSF,2151516,K01,K01.1|K01.2,2363,-0.26223511745536293,0.3397710200802323
NSF,2151551,K04,K04.1|K04.3,306,-0.1806847131706663,0.029038481679271574
NSF,2151571,K04,K04.1|K04.3,6524,-0.4046507008771701,-0.2097870209036349
NSF,2151576,K04,K04.1,6611,-0.3283937281949346,-0.19872196193869007
NSF,2151594,K02,K02.1,1629,0.10711006970295757,0.010556131525048681
NSF,2151599,K04,K04.3,7360,-0.31954144670816315,-0.32391558400620946
NSF,2151637,K01,K01.1|K01.2,2607,-0.2558868889181862,0.18724606542167796
NSF,2151666,K04,K04.1|K04.3,6850,-0.36761878607042764,-0.20789200870512353
NSF,2151668,K04,K04.1|K04.3,6364,-0.3947734014434258,-0.2602163874945519
NSF,2151688,K04,K04.1|K04.3,6161,-0.16103303081318138,-0.025166892191629597
NSF,2151904,K04,K04.1|K04.3,7352,-0.3760167598224105,-0.36618921151078465
NSF,2152000,K04,K04.1,3323,-0.1945375712810884,-0.20659509631501555
NSF,2152491,K01,K01.1|K01.2,3741,-0.16175840866185526,0.1797775748194569
NSF,2152622,K03,K03.2,300,0.029607130562818704,0.24538577993925306
NSF,2152649,K02,K02.1,7568,0.3025312191712181,-0.15678608628348883
NSF,2152834,K03,K03.2,588,-0.09370579810975238,0.13371016538432282
NSF,2152928,K01,K01.1|K01.2,5987,-0.2324947161387116,0.3206402501186393
NSF,2153163,K01,K01.1|K01.2,2501,-0.22414131421785666,0.2467269579256668
NSF,2153229,K04,K04.1|K04.3,6947,-0.3284383001672784,-0.1573126316866208
NSF,2153370,K02,K02.1,1456,0.2116331485380908,-0.05060698183987564
NSF,2153426,K01,K01.1,5798,-0.16578201456084363,0.18469478473723866
NSF,2153438,K04,K04.1|K04.3,2427,-0.40758314215808367,-0.13067023345119252
NSF,2153689,K06,K06.2,2979,-0.14297875355532563,-0.029253766218286764
NSF,2153778,K01,K01.1,4669,-0.017909044136790953,0.39805408052790525
NSF,2153779,K01,K01.1,4669,-0.017909044136790953,0.39805408052790525
NSF,2153880,K04,K04.1|K04.3,6737,-0.4120037350074705,-0.2638680343510792
NSF,2153913,K02,K02.1,2107,0.17396688673800653,-0.11354622206969497
NSF,2153919,K02,K02.1,2107,0.17396688673800653,-0.11354622206969497
NSF,2154013,K02,K02.1|K02.2,1106,0.35442765645461355,0.0845652607381274
NSF,2154295,K02,K02.1,7092,0.074049786995127,-0.30808722822309886
NSF,2154345,K04,K04.1|K04.3,3237,-0.3680660329435637,-0.46812560703481076
NSF,2155110,K04,K04.1,3349,-0.3127501602150377,-0.18612213120074167
NSF,2155193,K02,K02.1,2841,0.24586060421627137,-0.028180228007268965
NSF,2200023,K05,K05.3,5082,0.13239377755631515,0.16699898881990466
NSF,2200648,K02,K02.1|K02.2,3127,0.16156401336932957,-0.1400699456216193
NSF,2201638,K04,K04.1|K04.3,7352,-0.3760167598224105,-0.36618921151078465
NSF,2201653,K01,K01.1|K01.2,615,0.09340729687314246,0.43359278547578894
NSF,2202061,K05,K05.3,1175,-0.08563366531268747,0.05694929139827669
NSF,2202071,K04,K04.1|K04.3,7149,-0.3658117015277985,-0.24084697551781084
NSF,2202113,K01,K01.1|K01.2,7196,-0.21178716051724195,0.13948408172704455
NSF,2202126,K04,K04.1|K04.3,6746,-0.3607476327185459,-0.19672679625496867
NSF,2202313,K01,K01.1|K01.2,282,-0.050668253879081734,0.3810752447885174
NSF,2202706,K04,K04.1,6188,-0.2605865235215407,-0.15133204385119617
NSF,2202783,K02,K02.1|K02.2,218,0.10763584819290524,0.04260394073352816
NSF,2202784,K02,K02.1|K02.2,218,0.10763584819290524,0.04260394073352816
NSF,2202785,K02,K02.1|K02.2,218,0.10763584819290524,0.04260394073352816
NSF,2202875,K02,K02.1,2038,0.14293210880917973,-0.012807036323299784
NSF,2203053,K02,K02.1|K02.2,3858,0.2653019196885683,-0.02562807054617726
NSF,2203111,K01,K01.1|K01.2,279,-0.0641778966487498,0.3771293067410647
NSF,2203165,K01,K01.1,2790,-0.2077402346758303,0.2848181051135773
NSF,2203180,K02,K02.1,7644,0.11523086557187591,-0.1767102967618867
NSF,2203204,K02,K02.1,4345,0.5190113898268068,0.018511512841782818
NSF,2203235,K03,K03.3,52,-0.017557780754806712,0.21359886393512253
NSF,2203357,K01,K01.2,6743,-0.24358313367854822,0.15157227523807057
NSF,2203485,K01,K01.2,5650,-0.24426871869129252,0.1862600748940896
NSF,2203497,K01,K01.2,5650,-0.24426871869129252,0.1862600748940896
NSF,2203516,K03,K03.1|K03.2,96,-0.004949749217396396,0.23570225423475524
NSF,2203731,K04,K04.1|K04.3,3924,-0.3155947925104756,-0.2170187308260176
NSF,2203821,K03,K03.3,7100,-0.18439894959174802,0.08024533137711776
NSF,2203898,K02,K02.1,4685,0.45764987134256874,-0.052997953447411775
NSF,2204138,K02,K02.1,1593,0.13015109117527462,0.02011552381624658
NSF,2204308,K02,K02.1,215,0.2071900099896406,-0.06939298598089395
NSF,2204433,K01,K01.1,4033,-0.08202529476340506,0.22999469224635608
NSF,2204484,K01,K01.1,629,0.047103412738224645,0.4303862247715745
NSF,2204489,K02,K02.1,4440,0.4850550504174328,-0.060782864428872346
NSF,2204523,K02,K02.1,208,0.31784850103051715,0.1367741516176261
NSF,2204584,K02,K02.1,4444,0.4055326790404602,-0.05290263549882576
NSF,2204589,K03,K03.1|K03.3,451,-0.06514479141681859,0.20975652872120507
NSF,2204594,K03,K03.2|K03.3,1010,0.05506334596040387,0.31832859948981895
NSF,2204689,K01,K01.1|K01.2,6816,-0.2382625026434877,0.15188767789966456
NSF,2204852,K02,K02.1,3641,0.41374608250259415,-0.15761766145102404
NSF,2204893,K04,K04.1|K04.3,3637,-0.22549374895515978,-0.15118111189344438
NSF,2205596,K02,K02.1,4338,0.4797100779972999,0.08383253528776578
NSF,2205604,K02,K02.1,5233,0.29824623980799475,-0.02030347046843599
NSF,2205637,K02,K02.1,4339,0.602699115623643,0.037946149557816
NSF,2205794,K02,K02.1,5058,0.5132019106442857,-0.037314888755986264
NSF,2205819,K01,K01.1|K01.2,3767,-0.13101263172824845,0.18142153940512215
NSF,2205848,K02,K02.1,833,0.47774234129114623,0.0619216587022684
NSF,2205892,K02,K02.1,4344,0.5094098566682962,0.025292198546315314
NSF,2205966,K02,K02.1,4374,0.5008413375367279,0.015061527888005327
NSF,2205984,K01,K01.1|K01.2,5094,0.003018503072963516,0.2683295630990027
NSF,2205990,K01,K01.1,3274,-0.12869089260212518,0.14843745366666602
NSF,2207119,K02,K02.1,1857,0.15585404880519127,-0.0670876478136897
NSF,2207191,K04,K04.1|K04.3,7301,-0.33004752810923876,-0.3322037355708626
NSF,2207235,K04,K04.1|K04.3,7301,-0.33004752810923876,-0.3322037355708626
NSF,2208348,K04,K04.1|K04.3,2988,-0.34302453715840514,-0.197784932621524
NSF,2208396,K02,K02.1,4694,0.41316847692454206,-0.0950985866707602
NSF,2208697,K04,K04.1|K04.2,7374,-0.27699668238027203,-0.2654691984595936
NSF,2208725,K04,K04.1,7895,-0.2707577475178005,0.00867947164858485
NSF,2208779,K04,K04.1|K04.3,6324,-0.4204420352068483,-0.26801720491829173
NSF,2208794,K04,K04.1|K04.3,6708,-0.35001266119597274,-0.19218719913458562
NSF,2208859,K03,K03.1,3315,-0.030319718115663655,-0.13619563099263599
NSF,2209620,K05,K05.3,2073,-0.04439936249415983,0.1394535726062528
NSF,2209775,K01,K01.1,4288,0.24553138178740147,0.4317171121118649
NSF,2209829,K04,K04.1|K04.3,6012,-0.4184410564480575,-0.14587601648131618
NSF,2209899,K04,K04.1|K04.3,6016,-0.39975449025028953,-0.21878738971327757
NSF,2210046,K04,K04.1|K04.3,6108,-0.3469747132966648,-0.029168941357594756
NSF,2210200,K02,K02.1,4498,0.37983208886470593,-0.0972893844085149
NSF,2210201,K02,K02.1,4498,0.37983208886470593,-0.0972893844085149
NSF,2210202,K02,K02.1,4498,0.37983208886470593,-0.0972893844085149
NSF,2210497,K01,K01.2,6730,-0.2344888734173512,-0.007734109873440285
NSF,2210615,K02,K02.1,4722,0.47577216455172433,0.0735819770466506
NSF,2211691,K02,K02.1,201,0.42476436486719704,0.024996537038322802
NSF,2212482,K01,K01.1,5322,-0.1871234685267336,0.3107129435267868
NSF,2212545,K04,K04.1|K04.3,6326,-0.3175433040822886,-0.12715247353912298
NSF,2212614,K04,K04.1,4812,-0.05394995607475872,0.07607881632912192
NSF,2212643,K04,K04.1|K04.3,4012,-0.379262942573088,-0.2959752247453331
NSF,2212767,K01,K01.1,4408,-0.021390487975896558,0.45583980431313365
NSF,2212882,K04,K04.1|K04.3,3517,-0.38981603253855607,-0.33439699508848963
NSF,2212894,K04,K04.3,3995,-0.3075821723015973,-0.2146921683366313
NSF,2212919,K01,K01.1|K01.2,7044,-0.21471727752231878,0.3011000685125589
NSF,2212998,K02,K02.1,3172,0.10143046505816848,-0.32361062633230886
NSF,2213114,K04,K04.1|K04.3,6666,-0.41294666348325676,-0.2728418608491867
NSF,2213136,K03,K03.2,1113,0.0935397723849563,0.3320408151195201
NSF,2213149,K03,K03.3,6014,-0.21680643119403845,0.08774206596065386
NSF,2213218,K04,K04.1|K04.3,3446,-0.3848473047217823,-0.4282014956256778
NSF,2213220,K04,K04.1|K04.3,6667,-0.3989749718143557,-0.2641230523502305
NSF,2213359,K04,K04.1,2636,-0.3169271479573511,0.01596464971811508
NSF,2213714,K02,K02.1,2285,0.20457816016658714,-0.11297782898038322
NSF,2213715,K02,K02.1,2285,0.20457816016658714,-0.11297782898038322
NSF,2213731,K04,K04.3,5966,-0.3172454273066196,-0.07663157189836156
NSF,2213768,K02,K02.1,2285,0.20457816016658714,-0.11297782898038322
NSF,2213894,K04,K04.1|K04.3,6666,-0.41294666348325676,-0.2728418608491867
NSF,2213895,K04,K04.1|K04.3,7386,-0.3890945351883124,-0.2927581266118179
NSF,2214063,K04,K04.1|K04.3,6329,-0.4246805211043542,-0.2626736792535106
NSF,2214135,K02,K02.1,8087,0.1932926381250355,-0.161807885167605
NSF,2214240,K02,K02.2,7084,-0.09338934732265422,-0.024356180392033126
NSF,2214346,K02,K02.1|K02.2,8088,0.14047535483539503,-0.09494432556346234
NSF,2214580,K02,K02.1,3150,0.12626579235847973,-0.31031060441341274
NSF,2214958,K02,K02.2,3922,-0.10265955495981097,-0.05146011585455548
NSF,2214972,K02,K02.1,1178,0.36187941480016395,-0.02271938703705015
NSF,2215063,K05,K05.2,6704,-0.16886856117604188,-0.04061691138239515
NSF,2215409,K02,K02.1,7887,0.19859242570354962,-0.16642891082753236
NSF,2215426,K02,K02.2,732,0.05462794832434205,0.11441430072602027
NSF,2215639,K04,K04.1|K04.2,3984,-0.24437115816147725,-0.1203616090380133
NSF,2215652,K02,K02.1|K02.2,7083,0.10682877795294903,-0.15644450395469428
NSF,2216294,K03,K03.1,2596,-0.30860597117643046,0.054546311088836695
NSF,2216455,K01,K01.1,322,-0.20878124952257415,0.3319104099627893
NSF,2216541,K05,K05.1,7169,-0.1800797319240841,0.05723895420431924
NSF,2216888,K01,K01.1,362,-0.17239149473967402,0.45108822102087986
NSF,2216962,K01,K01.1|K01.2,1788,-0.19590164924832731,0.27126607908622014
NSF,2216980,K01,K01.1|K01.2,1788,-0.19590164924832731,0.27126607908622014
NSF,2217410,K05,K05.1,6859,-0.20849491235090978,-0.04348342541046631
NSF,2217526,K01,K01.1|K01.2,7576,-0.13451977505636986,0.2254174916652775
NSF,2217990,K05,K05.1|K05.3,4978,-0.0559241577715132,0.07833568233420031
NSF,2218009,K01,K01.1|K01.2,3111,-0.21841838310175596,0.3085960918273799
NSF,2218499,K04,K04.1|K04.3,154,-0.19317426868857945,-0.07274309333206717
NSF,2218551,K02,K02.1,2403,0.044267103682027645,-0.2861939445553333
NSF,2218553,K02,K02.1,7682,0.20916742422448403,-0.16669090194636907
NSF,2218617,K02,K02.1|K02.2,295,0.3073446799472456,0.043616162691256066
NSF,2218737,K03,K03.2|K03.3,1050,-0.010394979207788799,0.11066190895694267
NSF,2218748,K01,K01.1|K01.2,1145,-0.1941890050291093,0.34002660782716676
NSF,2218834,K01,K01.1|K01.2,950,-0.08008305615282922,0.3699605601210463
NSF,2218835,K01,K01.1|K01.2,950,-0.08008305615282922,0.3699605601210463
NSF,2218932,K03,K03.2,4769,-0.004756690509862396,0.22609212839788903
NSF,2219078,K01,K01.1|K01.2,3741,-0.16175840866185526,0.1797775748194569
NSF,2219086,K04,K04.1|K04.3,7151,-0.35184000985889746,-0.23212816701885472
NSF,2219107,K02,K02.1,840,0.4464608550945881,0.035691205358074324
NSF,2219242,K02,K02.1,527,0.3087903615046083,-0.027302281052531407
NSF,2219243,K01,K01.1,5050,0.105669075007007,0.3493088000577137
NSF,2219248,K03,K03.1,5237,0.03869717673471136,0.10710495856678545
NSF,2219505,K05,K05.1|K05.2,379,-0.00146529265323736,0.21228154479740968
NSF,2219506,K05,K05.1|K05.2,379,-0.00146529265323736,0.21228154479740968
NSF,2219616,K04,K04.1|K04.3,2147,-0.38993751713787944,-0.15466969460246746
NSF,2219702,K04,K04.1|K04.3,6624,-0.4227789287609415,-0.21136679618723497
NSF,2219826,K04,K04.1|K04.3,7375,-0.369539561401173,-0.3404539676780104
NSF,2219832,K02,K02.1|K02.2,3473,0.038397132849444224,-0.3913934497220236
NSF,2219953,K04,K04.3,4843,-0.21482490355474895,-0.031897248607255416
NSF,2220221,K05,K05.1,1002,-0.15187588553757436,0.15359833555538868
NSF,2220553,K02,K02.1,873,0.4091375178223472,-0.011687800286663969
NSF,2220555,K05,K05.1,2663,-0.12453173194585032,0.06386522600775105
NSF,2220556,K05,K05.1,2663,-0.12453173194585032,0.06386522600775105
NSF,2220557,K05,K05.1,2663,-0.12453173194585032,0.06386522600775105
NSF,2220589,K02,K02.1,7924,0.19319202961932497,-0.14177370285695967
NSF,2220685,K05,K05.1,2324,-0.23651751743102273,0.02946642530129344
NSF,2220792,K03,K03.2|K03.3,3182,-0.1923982170447125,-0.1272562515863637
NSF,2220811,K04,K04.3,6971,-0.30648781238700984,-0.00433854214605419
NSF,2221731,K01,K01.1|K01.2,754,0.017352070662589522,0.3844475590169546
NSF,2221894,K02,K02.1,6130,0.20760920609856576,-0.18798512282635033
NSF,2221915,K04,K04.1,3080,-0.29702220356058257,-0.1559115680190843
NSF,2221922,K02,K02.1,6130,0.20760920609856576,-0.18798512282635033
NSF,2221974,K02,K02.1,1457,0.2149746018223644,-0.051819872282060836
NSF,2221975,K02,K02.1,1457,0.2149746018223644,-0.051819872282060836
NSF,2221976,K02,K02.1,1457,0.2149746018223644,-0.051819872282060836
NSF,2221977,K02,K02.1,1457,0.2149746018223644,-0.051819872282060836
NSF,2222091,K05,K05.1,1974,0.007747554401210888,0.18242031485416554
NSF,2222092,K05,K05.1,1974,0.007747554401210888,0.18242031485416554
NSF,2222096,K04,K04.1|K04.3,2521,-0.3782164397502821,-0.2052160221231051
NSF,2222097,K04,K04.1|K04.3,2521,-0.3782164397502821,-0.2052160221231051
NSF,2222232,K04,K04.1|K04.3,6362,-0.4087450931123269,-0.268935195993508
NSF,2222498,K05,K05.1,8267,-0.13012239695000755,0.1054115689382724
NSF,2222557,K04,K04.1|K04.3,3496,-0.3931907025680784,-0.3645252164411147
NSF,2222588,K04,K04.1|K04.3,6556,-0.4233784257671975,-0.2702916825963998
NSF,2222849,K01,K01.1|K01.2,1224,-0.21751577761108778,0.286921554031227
NSF,2222965,K04,K04.1|K04.3,6561,-0.421025924163894,-0.2743678602936517
NSF,2223070,K03,K03.1|K03.2,2926,0.032704846534399326,0.16647820044752393
NSF,2223083,K04,K04.1|K04.3,6362,-0.4087450931123269,-0.268935195993508
NSF,2223098,K03,K03.2|K03.3,1683,-0.19219271235255395,0.19979020615502854
NSF,2223128,K01,K01.1,496,-0.18648633974420545,0.39828219089552286
NSF,2223141,K01,K01.1|K01.2,4784,0.07457171008475218,0.2985171208522812
NSF,2223166,K04,K04.1|K04.3,1672,-0.28272758200872616,0.10769664470821988
NSF,2223186,K04,K04.1|K04.3,7424,-0.3613355040586105,-0.20912277175047997
NSF,2223197,K04,K04.1|K04.3,6874,-0.3850368097854596,-0.2232734427917934
NSF,2223204,K01,K01.1,5221,0.08701772420979205,0.37270259938309314
NSF,2223439,K04,K04.3,233,-0.2790705421842728,0.07647379295619197
NSF,2223467,K04,K04.1|K04.3,6372,-0.419469009535597,-0.27321326315219185
NSF,2223581,K04,K04.1|K04.3,3988,-0.3640574854158446,-0.2569657958412065
NSF,2223710,K02,K02.1,2249,0.19922781745994034,-0.1568362779860316
NSF,2223751,K04,K04.1,7287,-0.2904551591539042,-0.240575325533021
NSF,2223894,K02,K02.1,248,0.2338543318537613,-0.007356419525657645
NSF,2223911,K02,K02.1,1676,0.16210219661034475,-0.08252975064389288
NSF,2223944,K04,K04.1|K04.3,2616,-0.15111136485546986,0.031172549407903302
NSF,2223980,K04,K04.1|K04.3,2371,-0.4094131057481499,-0.22142589081870442
NSF,2224086,K02,K02.1,8257,0.19543547952225593,-0.17752492704454956
NSF,2224177,K02,K02.1,292,0.2930803710570265,0.0024953603740298647
NSF,2224282,K04,K04.1,2411,-0.3152670258233791,-0.10080054441462934
NSF,2224742,K02,K02.1,6771,0.1657374465825482,-0.21997149066005522
NSF,2224841,K01,K01.1|K01.2,1112,0.007402281680782524,0.3778601483811963
NSF,2224871,K05,K05.3,481,-0.03936550069786229,0.20593351492683606
NSF,2224894,K02,K02.1,5085,0.38406506819930053,-0.06106443873226805
NSF,2224973,K03,K03.3,1669,-0.10890385019155022,0.23232083338179063
NSF,2225087,K04,K04.1|K04.3,5770,-0.3304180957098112,-0.16830320073656593
NSF,2225395,K01,K01.1|K01.2,1973,-0.2004751657067244,0.30218669275554055
NSF,2225626,K02,K02.1|K02.2,6412,0.05002816549834914,-0.1794437209785454
NSF,2225982,K01,K01.1|K01.2,4208,-0.16913626968858514,0.21076125317680247
NSF,2226053,K02,K02.1,6630,0.07638182273979736,-0.26023261014375954
NSF,2226154,K04,K04.1|K04.2,2470,-0.3049615445579097,-0.1303759036869873
NSF,2226162,K04,K04.1|K04.3,3000,-0.3530804687606004,-0.066110115871461
NSF,2226223,K02,K02.1,840,0.4464608550945881,0.035691205358074324
NSF,2226224,K02,K02.1,840,0.4464608550945881,0.035691205358074324
NSF,2226389,K04,K04.1|K04.3,6571,-0.4104914661825403,-0.25585945868645554
NSF,2226505,K04,K04.1|K04.3,3237,-0.3680660329435637,-0.46812560703481076
NSF,2227014,K05,K05.1,1021,-0.161866563304069,0.14143769693727967
NSF,2227054,K04,K04.1,3227,-0.3349737802994512,-0.43590018652624873
NSF,2227160,K04,K04.1|K04.3,6396,-0.3962182982143809,-0.16263143066882388
NSF,2227161,K04,K04.1|K04.3,6396,-0.3962182982143809,-0.16263143066882388
NSF,2227263,K02,K02.1,6654,0.057654097849770033,-0.32073727183652445
NSF,2227273,K04,K04.1,3502,-0.338945858852454,-0.3191843771885251
NSF,2227275,K03,K03.2,6443,-0.2092125638483291,0.032893937046007085
NSF,2227357,K02,K02.1,3469,0.26036074486785427,-0.29773807323182544
NSF,2227821,K02,K02.1,3137,0.3628010701785157,-0.07870488429662129
NSF,2227928,K05,K05.3,6120,-0.11891721415620726,0.07756356473043766
NSF,2227942,K04,K04.1|K04.3,3202,-0.3892186240150756,-0.4812410257788383
NSF,2228004,K02,K02.1,1265,0.13362706742191138,0.020249664098793127
NSF,2228035,K05,K05.1,3828,-0.1596686847147677,-0.13439681397239575
NSF,2228047,K03,K03.2|K03.3,625,0.050440331330842705,0.2789519229370121
NSF,2228064,K05,K05.3,417,-0.08449336101818221,0.148909899157244
NSF,2228128,K03,K03.1,1654,-0.1897029807600858,0.1518867544765159
NSF,2228149,K01,K01.1|K01.2,3090,-0.22512368639964542,0.32937326761573515
NSF,2228205,K06,K06.2,7900,-0.09013788799658963,0.03279330766207852
NSF,2228251,K02,K02.1,3150,0.12626579235847973,-0.31031060441341274
NSF,2228263,K02,K02.1,1460,0.18738759931823978,0.011449029377587419
NSF,2228274,K04,K04.1,5414,-0.25383825517951014,-0.10408383370643207
NSF,2228307,K05,K05.3,6676,-0.17858742087738788,-0.029094030727466788
NSF,2228311,K04,K04.1|K04.3,6343,-0.41798057099468955,-0.28254359224212533
NSF,2228314,K04,K04.1|K04.2,1879,-0.312491474149637,0.0414191422780376
NSF,2228343,K04,K04.1|K04.3,537,-0.27619530633184725,-0.017913052554535375
NSF,2228345,K04,K04.1|K04.3,3812,-0.349329719785194,-0.23771598714025702
NSF,2228351,K04,K04.1|K04.3,7214,-0.3737945366528186,-0.26270349632620515
NSF,2228360,K04,K04.1|K04.2,5894,-0.26613813225514554,-0.034926331162529585
NSF,2228377,K04,K04.1|K04.3,1151,-0.126286380083163,0.011015384016495752
NSF,2228427,K02,K02.1,3150,0.12626579235847973,-0.31031060441341274
NSF,2228444,K04,K04.1,2139,-0.31074778776097084,0.01605412997869879
NSF,2228457,K04,K04.1,6050,-0.24538169133335214,-0.12297783017248193
NSF,2228468,K04,K04.2,1011,-0.005042395744588327,0.14322007690530492
NSF,2228479,K06,K06.1|K06.2,529,-0.11013434489989962,0.05965520231773369
NSF,2228490,K04,K04.1|K04.3,492,-0.25080801983092493,0.02589906649187515
NSF,2228492,K01,K01.1|K01.2,478,-0.1797064833136105,0.4252542312412595
NSF,2228530,K01,K01.1|K01.2,159,-0.19321248800717342,0.2689392088315139
NSF,2228535,K03,K03.1|K03.3,407,-0.05325112679159422,0.22521243931722257
NSF,2228544,K04,K04.1|K04.2|K04.3,6115,-0.28948600882953807,-0.0314816538339135
NSF,2228553,K05,K05.1|K05.3,183,-0.012033053528306567,0.23722526074699793
NSF,2228555,K05,K05.1,7917,-0.10114292948899123,0.09082312961709327
NSF,2228562,K04,K04.1|K04.3,2180,-0.25230753373908044,0.11347956413878688
NSF,2228568,K01,K01.1|K01.2,5515,-0.23490749622810636,0.15307053016416292
NSF,2228584,K01,K01.1|K01.2,479,-0.2073106124305,0.33165321124430336
NSF,2228587,K03,K03.3,302,-0.08197871469423858,0.31341045945213586
NSF,2228591,K05,K05.1,5830,-0.1647752646129484,0.014140189604631585
NSF,2228600,K03,K03.3,3123,-0.17136138255791844,0.15963092301654963
NSF,2228601,K04,K04.1,2589,-0.3367649376707468,-0.04596626133610948
NSF,2228607,K04,K04.1,2177,-0.3027588376853148,0.013007814937659144
NSF,2228614,K01,K01.1,425,-0.07819292276658027,0.4595302724977778
NSF,2228652,K04,K04.1|K04.3,1865,-0.4022664494804431,-0.03792348783406598
NSF,2228662,K05,K05.1|K05.3,3831,-0.14321770324655103,-0.10699521198619039
NSF,2228671,K04,K04.1|K04.3,389,-0.06401205906349328,0.11281891824636309
NSF,2228679,K04,K04.1,1710,-0.28925031383622113,0.07247595605637372
NSF,2228687,K02,K02.1,7635,0.1634186798866213,-0.1244540016500579
NSF,2228697,K05,K05.1|K05.3,6582,-0.1931174560140534,-0.03449871631523787
NSF,2228698,K05,K05.1|K05.3,6582,-0.1931174560140534,-0.03449871631523787
NSF,2228699,K05,K05.1|K05.3,6582,-0.1931174560140534,-0.03449871631523787
NSF,2228703,K05,K05.1|K05.2|K05.3,157,-0.04532108760965262,0.10690680126767378
NSF,2228709,K06,K06.2,5438,-0.10048571364054064,0.017617728232057667
NSF,2228718,K05,K05.1|K05.2|K05.3,713,-0.09978684192942584,0.04575224007943454
NSF,2228728,K06,K06.2|K06.3,1154,0.05347322236768802,0.1862292448324109
NSF,2228731,K05,K05.3,585,-0.10692659535952011,0.14398304996575526
NSF,2228743,K02,K02.1,8288,0.2048695278635287,-0.16929412218677836
NSF,2228757,K03,K03.1|K03.3,2537,-0.21179380988724764,0.16957831904844436
NSF,2228765,K05,K05.3,340,-0.025982606709279363,0.13286607018489505
NSF,2228783,K05,K05.1,5888,-0.17814506021257576,0.08371927169076405
NSF,2228923,K02,K02.1,2900,0.17101996691195515,-0.10597122609683687
NSF,2228928,K04,K04.1|K04.3,2994,-0.38725979632858387,-0.2507251515207928
NSF,2228957,K04,K04.1,6379,-0.24426183310793137,-0.0949179621841233
NSF,2228959,K05,K05.3,6359,-0.2161182522550827,0.02237168450630032
NSF,2229006,K04,K04.3,7032,-0.3077481904933022,-0.19117274405111126
NSF,2229056,K01,K01.1|K01.2,4409,0.11064256442727312,0.3833639230782605
NSF,2229091,K04,K04.1|K04.3,7371,-0.3628982018885124,-0.35204894437045564
NSF,2229228,K04,K04.1|K04.3,7434,-0.3714757351451146,-0.25643637647964146
NSF,2229267,K04,K04.1,7145,-0.318747757214785,-0.1999027465102926
NSF,2229439,K05,K05.3,2203,-0.11338396352931049,0.04602223510682327
NSF,2229608,K03,K03.1,1882,-0.1309526467638034,0.17159402806518823
NSF,2229743,K01,K01.1|K01.2,2362,-0.25461394119674224,0.32638187701000476
NSF,2229857,K05,K05.3,7366,-0.13917414943200007,-0.12073141091271952
NSF,2229904,K04,K04.1,3229,-0.32100208863055013,-0.4271813780272925
NSF,2230357,K04,K04.1|K04.3,5447,-0.2928137246559469,-0.1475406633083961
NSF,2230479,K04,K04.1,575,-0.2967505123837219,-0.04153349838751167
NSF,2230595,K02,K02.1,1001,0.1721755867578192,-0.10127691720623885
NSF,2230710,K05,K05.1,3653,0.014187052766782962,-0.03866534651152548
NSF,2230734,K05,K05.1,1099,0.12301091824157272,0.3538573875949328
NSF,2230769,K04,K04.1|K04.3,4928,-0.012249382486086785,-0.03005061967444264
NSF,2230776,K01,K01.1,5175,-0.10740624911614824,0.322793042214103
NSF,2230960,K05,K05.1,1374,-0.1469123816266958,0.12413889596263183
NSF,2231429,K05,K05.1|K05.3,7175,-0.13925604726017551,0.018515496012991763
NSF,2231454,K04,K04.1|K04.3,6666,-0.41294666348325676,-0.2728418608491867
NSF,2231566,K04,K04.1,3322,-0.229207488688066,-0.32292192236745776
NSF,2231617,K04,K04.1|K04.3,7149,-0.3658117015277985,-0.24084697551781084
NSF,2231632,K01,K01.1,5281,-0.13145209812284037,0.3264300860800615
NSF,2231646,K01,K01.1|K01.2,6185,-0.1533708751110544,0.2126230697363115
NSF,2231649,K04,K04.1,7145,-0.318747757214785,-0.1999027465102926
NSF,2231659,K02,K02.1,4531,0.3333011812583946,0.05816281801060571
NSF,2231665,K04,K04.1|K04.3,7042,-0.3759956328616423,-0.08859441565729831
NSF,2231677,K04,K04.2,2266,-0.08092683316742119,0.07035947164720832
NSF,2231695,K03,K03.3,1620,-0.1781532639724922,0.23792655817853547
NSF,2231699,K03,K03.3,760,-0.025655722866644,0.244355911924124
NSF,2231723,K05,K05.1,3487,-0.15812455318922583,-0.06850983955665713
NSF,2231916,K05,K05.1,1059,-0.13739266542130074,0.017252985057943336
NSF,2232206,K01,K01.1,2361,-0.2486835229386365,0.31581013915877576
NSF,2232247,K02,K02.1,4345,0.5190113898268068,0.018511512841782818
NSF,2232410,K04,K04.1,4172,-0.16857021435573116,0.11734669410900544
NSF,2232494,K01,K01.1|K01.2,2649,-0.2572024791648143,0.31835373836106795
NSF,2232533,K01,K01.2,926,-0.0037442887762615396,0.3090983660284402
NSF,2232875,K02,K02.1,7068,0.13734603200723994,-0.2595399758220507
NSF,2232899,K04,K04.1|K04.3,5983,-0.3730760814994882,-0.02826225707049751
NSF,2232908,K04,K04.1,6830,-0.33344180134207124,-0.18138000360754955
NSF,2232922,K05,K05.1,2263,-0.09209824453619925,0.07206140752282343
NSF,2233057,K05,K05.1,5842,-0.13224476667672286,0.058469679199442744
NSF,2233177,K04,K04.1|K04.3,7307,-0.35585993770386604,-0.3496033368317423
NSF,2233187,K05,K05.1|K05.3,4728,0.205118961602124,0.2471625131373181
NSF,2233237,K04,K04.1,4931,-0.2220331755072607,0.014430359388701533
NSF,2233387,K03,K03.2|K03.3,1127,-0.0495969240497256,0.2082547124640142
NSF,2233458,K02,K02.1|K02.2,4275,0.12271352511531806,-0.1622294450471114
NSF,2233583,K01,K01.1,1608,-0.2188823748842954,0.43615722423407
NSF,2233584,K04,K04.1|K04.3,6850,-0.36761878607042764,-0.20789200870512353
NSF,2233585,K04,K04.1|K04.3,7040,-0.32004435730707725,-0.1696968669948768
NSF,2233612,K04,K04.1|K04.3,7005,-0.35410044595949014,-0.21489999693287803
NSF,2233640,K02,K02.1,1821,0.08248019635567026,-0.1341595429672994
NSF,2233674,K02,K02.1,836,0.4516927794379485,0.0014874175732642325
NSF,2233680,K01,K01.1,4672,-0.017392084261217258,0.41585027479939496
NSF,2234001,K01,K01.1|K01.2,191,0.025738963541451942,0.5000961012909619
NSF,2234002,K01,K01.1|K01.2,191,0.025738963541451942,0.5000961012909619
NSF,2234003,K01,K01.1|K01.2,191,0.025738963541451942,0.5000961012909619
NSF,2234077,K01,K01.1,4520,0.006268473733678712,0.43413411118573264
NSF,2234121,K02,K02.1,4336,0.4647356449623675,0.12099376864391818
NSF,2234450,K04,K04.1,7348,-0.3289528155093969,-0.3252449825032664
NSF,2234562,K04,K04.1|K04.3,3236,-0.38203772461246477,-0.476844415533767
NSF,2234676,K01,K01.2,8168,-0.18699752219706642,0.18138431075617648
NSF,2234815,K02,K02.1|K02.2,218,0.10763584819290524,0.04260394073352816
NSF,2234855,K01,K01.1|K01.2,283,-0.013675293422672194,0.42740961450281867
NSF,2234856,K01,K01.1|K01.2,283,-0.013675293422672194,0.42740961450281867
NSF,2235051,K02,K02.1,830,0.3880197558102853,0.11085859551412992
NSF,2235052,K02,K02.1,830,0.3880197558102853,0.11085859551412992
NSF,2235138,K02,K02.1|K02.2,4764,0.40500186260174,0.005378206384564002
NSF,2235390,K05,K05.1,758,0.05106015590557163,0.20003661017549554
NSF,2235678,K04,K04.1,6914,-0.3024901410293519,-0.052409611285120006
NSF,2235871,K03,K03.3,7395,-0.19590417975300123,0.08939587854971306
NSF,2236021,K03,K03.2|K03.3,6104,-0.06362981639514104,0.24186301184834555
NSF,2236036,K04,K04.1,6664,-0.3658827191702432,-0.23189763184166842
NSF,2236058,K01,K01.1|K01.2,6105,-0.15543690674881222,0.3002746950318119
NSF,2236080,K05,K05.1,7266,-0.1449620551201552,-0.02083418036811978
NSF,2236099,K04,K04.1|K04.3,7210,-0.3863083937034516,-0.2682557550647464
NSF,2236100,K04,K04.1,7459,-0.28973453747204314,-0.2688285822015001
NSF,2236137,K03,K03.1|K03.2,6229,-0.13918186546417924,0.18570561162219193
NSF,2236146,K04,K04.1|K04.2,6298,-0.07338089201970802,0.03554553996270707
NSF,2236235,K04,K04.1|K04.3,4183,-0.3588259462214891,-0.2236261550026633
NSF,2236277,K01,K01.1|K01.2,5867,-0.15058058082930798,0.2647116700342268
NSF,2236305,K05,K05.1,6118,-0.14857538014458452,0.11919766932860525
NSF,2236331,K04,K04.1|K04.3,7219,-0.3606759787189205,-0.24856322918587623
NSF,2236389,K04,K04.1|K04.2,6124,-0.2549557345377131,0.04809257742411422
NSF,2236852,K01,K01.1|K01.2,4334,0.26211481358220073,0.4378783236543995
NSF,2236926,K05,K05.1,1027,-0.19151818140963162,0.17266946456014207
NSF,2237413,K05,K05.1|K05.2,2715,-0.1837855134129077,-0.011936311071995429
NSF,2238051,K04,K04.3,2262,-0.1821104009261743,0.07488498966125808
NSF,2238381,K02,K02.1,6934,0.10775651868834497,-0.23669051353155326
NSF,2238414,K04,K04.1|K04.3,6540,-0.3759567209384943,-0.21434476872886923
NSF,2238552,K03,K03.2,8101,-0.09775894272938129,0.05744630897312368
NSF,2238620,K01,K01.1,1312,-0.1229465726313488,0.4816051936321928
NSF,2238639,K03,K03.1|K03.3,1740,-0.22309556291903598,0.1697238705478853
NSF,2238894,K02,K02.1,1265,0.13362706742191138,0.020249664098793127
NSF,2239755,K04,K04.1|K04.3,6374,-0.4198329017657625,-0.29327941552059167
NSF,2240343,K02,K02.1,3062,0.19303320142164176,-0.15809941777583053
NSF,2240347,K01,K01.2,2103,-0.1312350049486128,0.16136293977950472
NSF,2240463,K05,K05.1,7172,-0.15160099623701218,0.002618642359534986
NSF,2240660,K02,K02.1,7681,0.19447209867092813,-0.24561088084822355
NSF,2240748,K02,K02.1,7894,0.1891092238180912,-0.1648657164943734
NSF,2240844,K01,K01.2,7902,0.0012949181642614854,0.2168845434099859
NSF,2240858,K02,K02.1,5204,0.2471672814852972,-0.14578508426807482
NSF,2240912,K01,K01.2,229,-0.1598368861392102,0.21175215033125042
NSF,2240982,K04,K04.1,2412,-0.34269917785456255,-0.1172197225880697
NSF,2241213,K01,K01.1|K01.2,2221,-0.08096647482255251,0.3782803464304445
NSF,2241214,K01,K01.1|K01.2,2221,-0.08096647482255251,0.3782803464304445
NSF,2241361,K01,K01.1,149,-0.11695962830485139,0.38285789191237307
NSF,2241462,K01,K01.2,6752,-0.1988338968084194,0.05046746326166108
NSF,2241633,K04,K04.1|K04.3,3733,-0.3760358568614012,-0.3617479977457012
NSF,2241946,K02,K02.1,1984,0.19126400124875148,-0.13492185181336344
NSF,2241947,K02,K02.1,5212,0.21963644478530253,-0.1706207201131754
NSF,2242009,K02,K02.1,7879,0.19690840638168638,-0.1679352078730216
NSF,2242120,K01,K01.1|K01.2,1970,-0.08009772669028029,0.37346597580710483
NSF,2242124,K01,K01.1,3827,-0.14587222038950198,0.05052556562319613
NSF,2242263,K02,K02.1|K02.2,937,0.15024592237547507,-0.008978237101339867
NSF,2242302,K01,K01.1,8071,-0.18430387022430916,0.32842728479733785
NSF,2242590,K01,K01.1,1643,-0.2453343607971632,0.34331640963403576
NSF,2242636,K02,K02.1,2143,0.24506981672746064,-0.09663632937832609
NSF,2242643,K04,K04.1|K04.3,523,-0.33438321461361653,-0.05698912589097162
NSF,2242668,K03,K03.3,1818,-0.08047379499128035,0.28676526051944207
NSF,2242705,K04,K04.2,1051,-0.033764741258475936,0.027979602663364814
NSF,2242931,K04,K04.1|K04.3,6538,-0.39248418445787564,-0.12243618785688978
NSF,2243301,K04,K04.1|K04.3,3202,-0.3892186240150756,-0.4812410257788383
NSF,2243588,K01,K01.1|K01.2,6008,-0.21107157221595316,0.30802104687377985
NSF,2243641,K04,K04.3,7166,-0.28272829252935466,-0.06489600158576284
NSF,2243646,K01,K01.1|K01.2,2806,-0.18836475705578987,0.3276307033593219
NSF,2243776,K03,K03.3,1603,-0.1813928703982523,0.2437224629800582
NSF,2243827,K06,K06.2|K06.3,8321,-0.08989806897776864,0.034272484482326074
NSF,2243860,K01,K01.2,882,0.037221204218219686,0.2770150540673608
NSF,2244380,K02,K02.1,755,0.36253704351908056,-0.012267384106499413
NSF,2244695,K03,K03.1|K03.3,1396,-0.23052057889416155,0.059953241354463234
NSF,2244696,K03,K03.1|K03.3,1396,-0.23052057889416155,0.059953241354463234
NSF,2244715,K02,K02.1,2672,0.17106402854809505,-0.1957004289566188
NSF,2245265,K04,K04.1|K04.3,7219,-0.3606759787189205,-0.24856322918587623
NSF,2245484,K03,K03.2,7122,-0.21381146352229807,-0.08240929036785036
NSF,2245498,K01,K01.1,2811,-0.09633269658503774,0.3284295011906275
NSF,2246032,K03,K03.1|K03.3,5181,-0.043002195121902634,0.14403853327179342
NSF,2246411,K02,K02.1|K02.2,3799,0.08507118597026299,-0.2979952441468934
NSF,2246584,K02,K02.1,2709,0.15057125992684994,-0.22987958933441918
NSF,2246608,K04,K04.1|K04.3,4211,-0.3732919119355219,-0.2371450421892787
NSF,2246700,K02,K02.1,840,0.4464608550945881,0.035691205358074324
NSF,2246965,K04,K04.1|K04.3,559,-0.044406688397375334,0.06519928700261537
NSF,2247351,K03,K03.3,667,0.04309990516295352,0.3461777844508195
NSF,2300039,K01,K01.1,4332,0.18852286046333389,0.4351868147332171
NSF,2300040,K01,K01.1,4332,0.18852286046333389,0.4351868147332171
NSF,2300627,K02,K02.1,1889,0.2220064940713029,-0.02671585430992055
NSF,2301378,K01,K01.1|K01.2,1316,-0.08965700863467116,0.3929596869098063
NSF,2301379,K01,K01.1|K01.2,1316,-0.08965700863467116,0.3929596869098063
NSF,2301392,K03,K03.2,2379,-0.19918965498039465,-0.04943506483678026
NSF,2301446,K02,K02.1,5991,0.14180223475987402,-0.22502517534600128
NSF,2301488,K04,K04.3,6213,-0.2945906637650824,-0.17031549714736197
NSF,2301815,K02,K02.1,691,0.28339138535663855,-0.14595599041220622
NSF,2301824,K04,K04.3,2280,-0.337855339255356,-0.08254190674249656
NSF,2301858,K01,K01.1,933,-0.1379840872653561,0.4070747949006257
NSF,2301938,K04,K04.1|K04.3,6524,-0.4046507008771701,-0.2097870209036349
NSF,2302043,K04,K04.1|K04.3,7244,-0.3473945252538585,-0.32556102352300764
NSF,2302105,K01,K01.1|K01.2,551,0.03618782463937782,0.45913405794940754
NSF,2302106,K01,K01.1|K01.2,551,0.03618782463937782,0.45913405794940754
NSF,2302107,K01,K01.1|K01.2,551,0.03618782463937782,0.45913405794940754
NSF,2302205,K02,K02.1,3578,0.15557241841000435,-0.20006512581651065
NSF,2302301,K02,K02.1,2900,0.17101996691195515,-0.10597122609683687
NSF,2302650,K04,K04.3,2273,-0.31401683397523167,0.049201358042381224
NSF,2302731,K01,K01.1|K01.2,2535,-0.25433484223230923,0.21373028960475912
NSF,2302785,K04,K04.1,8165,-0.2781477838775007,0.026340002965097503
NSF,2302845,K01,K01.1,1420,-0.21814429171745814,0.39348061374610765
NSF,2302896,K05,K05.1|K05.2|K05.3,5847,-0.1641849963556515,0.017931741543373455
NSF,2302898,K04,K04.1|K04.3,7162,-0.298284090759417,-0.14392741257825237
NSF,2302937,K05,K05.1|K05.3,5418,-0.12732948610356157,0.03361830881563407
NSF,2302943,K05,K05.3,7227,-0.1294267167163192,-0.00319100433468204
NSF,2303014,K01,K01.1|K01.2,680,-0.019298623536554108,0.5261345160582324
NSF,2303097,K02,K02.1,2003,0.18777633296522755,-0.08082340143272246
NSF,2303493,K05,K05.1|K05.3,4943,-0.05261059634765679,0.07276921456289163
NSF,2303575,K05,K05.1,5730,-0.15910406370150748,0.024414302096794707
NSF,2303578,K02,K02.1,2003,0.18777633296522755,-0.08082340143272246
NSF,2303579,K02,K02.1,2003,0.18777633296522755,-0.08082340143272246
NSF,2303637,K04,K04.1,6772,-0.32386936256769505,-0.17291098262926005
NSF,2303870,K01,K01.1|K01.2,1208,-0.04813315375619841,0.5063968557652658
NSF,2304047,K05,K05.3,6769,-0.17850206113782763,-0.02473262987905825
NSF,2304058,K05,K05.2|K05.3,6378,-0.1712151896684646,-0.013331768866759207
NSF,2304153,K05,K05.3,8320,-0.09632841361418647,0.040149090619941354
NSF,2304339,K04,K04.1|K04.3,6098,-0.36235940952732437,-0.13537926662355382
NSF,2304384,K04,K04.1|K04.3,6849,-0.38159047773932875,-0.21661081720407968
NSF,2304402,K02,K02.1,2614,0.12832328382837482,-0.1351579107393964
NSF,2304408,K04,K04.1,6313,-0.34350451565027756,-0.21130926258177168
NSF,2304412,K04,K04.1|K04.3,7385,-0.3759454927777534,-0.26782570167597974
NSF,2304417,K01,K01.1,7377,-0.2376779709708121,0.20674613162831074
NSF,2304482,K04,K04.1|K04.3,6820,-0.38519951383792156,-0.21702172795887237
NSF,2304536,K04,K04.3,6985,-0.33568126522756037,-0.21070971811023106
NSF,2304544,K01,K01.1,2433,-0.2566241612335237,0.30781314006532634
NSF,2304639,K01,K01.1,5319,-0.1699220938995989,0.2909822845696879
NSF,2304819,K01,K01.1|K01.2,2152,-0.24236740183854633,0.15648652340755956
NSF,2304820,K01,K01.1|K01.2,2152,-0.24236740183854633,0.15648652340755956
NSF,2304871,K03,K03.2|K03.3,1683,-0.19219271235255395,0.19979020615502854
NSF,2304933,K05,K05.1|K05.3,6768,-0.17656486985954933,0.0013771104880308024
NSF,2305113,K01,K01.1|K01.2,2235,-0.16961286996123165,0.26173557754918275
NSF,2305157,K05,K05.1,7173,-0.14869688118041838,0.008933960503740797
NSF,2305226,K01,K01.1|K01.2,1925,-0.050978489326657946,0.5290776540310695
NSF,2305325,K02,K02.1,5061,0.4649610254638713,-0.003204206481745603
NSF,2305449,K02,K02.1,4133,0.337844519573665,-0.1246997740037534
NSF,2305455,K05,K05.3,6109,-0.11467800194461453,0.03202348350681927
NSF,2305505,K01,K01.2,7111,-0.15285884668479327,0.09186935172402808
NSF,2305578,K03,K03.1|K03.2,4447,0.16311326136077142,0.16263248348606713
NSF,2305615,K05,K05.3,6293,0.024491790012036316,0.14310841782256475
NSF,2305616,K02,K02.1,723,0.4481917083365703,-0.047896839271330344
NSF,2305683,K01,K01.1,1939,0.038586763489756634,0.5525286763691915
NSF,2306041,K01,K01.2,6099,-0.12123782050324501,0.12374841439296665
NSF,2306046,K02,K02.1,49,0.42408694409582715,0.000700920930905527
NSF,2306048,K02,K02.1,459,0.24625351895671554,0.006745597518572705
NSF,2306067,K01,K01.1,1101,0.1146240409156518,0.4868915682817976
NSF,2306135,K05,K05.3,413,-0.1069785900206259,0.12491818712106767
NSF,2306180,K01,K01.1|K01.2,2296,-0.2798515919072228,0.36146984911163893
NSF,2306194,K01,K01.1|K01.2,5428,-0.07789474046330225,0.2783694550024042
NSF,2306215,K02,K02.1,6173,0.2814180147512252,-0.13010679253707477
NSF,2306229,K02,K02.1,7522,0.2831611269558688,-0.2620467040769453
NSF,2306373,K02,K02.1,5116,0.39332143485287707,-0.14621867804763242
NSF,2306453,K01,K01.1|K01.2,2037,-0.21262662626719492,0.4242863711294361
NSF,2306454,K01,K01.1,276,-0.007744875164566442,0.41683787665158967
NSF,2306993,K02,K02.1,831,0.40299418884521765,0.07369736215797752
NSF,2307277,K01,K01.1|K01.2,2037,-0.21262662626719492,0.4242863711294361
NSF,2307526,K02,K02.1,579,0.2011014176598146,-0.06838966404505767
NSF,2307830,K02,K02.1,290,0.2899160481623605,-0.018856929308066164
NSF,2307870,K02,K02.1,7540,0.25960426942914844,-0.20595407586520587
NSF,2308277,K05,K05.1,5197,-0.0455699890261463,0.14115695235177633
NSF,2308524,K01,K01.1|K01.2,2225,-0.23604378000230358,0.21286390175457395
NSF,2308573,K04,K04.1|K04.2,3516,-0.2516706043876135,-0.18885942036250875
NSF,2308692,K03,K03.1|K03.3,1231,-0.2011038798630908,0.23295680024477283
NSF,2308711,K04,K04.1|K04.3,3368,-0.34746217523987205,-0.33257436883618374
NSF,2308838,K01,K01.1,1315,-0.06450547334704601,0.4064378034761371
NSF,2309082,K03,K03.3,3149,-0.08049281179561038,0.13593758033779163
NSF,2309107,K04,K04.1,232,-0.26423636176565557,0.013088383241671997
NSF,2309263,K04,K04.1,3454,-0.3593470677102809,-0.4468769222042396
NSF,2309312,K05,K05.1|K05.3,8315,-0.02137257833862552,0.10673009149500381
NSF,2309475,K02,K02.1,3396,0.1119488084715906,-0.3669934721439516
NSF,2309500,K05,K05.3,2959,-0.17685128487011315,-0.19254688575728213
NSF,2309648,K01,K01.1,277,-0.041573512726310026,0.3918557966193844
NSF,2309659,K02,K02.1,3146,0.2688063417674356,-0.1457794319960304
NSF,2309829,K04,K04.1,1407,-0.3064957685673522,-0.01912625755137924
NSF,2309957,K01,K01.1|K01.2,3596,0.11197875486836077,0.33009286847732133
NSF,2310201,K04,K04.1|K04.3,3756,-0.3856099448830932,-0.4588286778916112
NSF,2310413,K03,K03.3,1620,-0.1781532639724922,0.23792655817853547
NSF,2310630,K01,K01.1|K01.2,827,0.1111084773965063,0.40141959166984775
NSF,2311208,K03,K03.1|K03.3,1495,-0.11022752881498267,0.15916362232823142
NSF,2311256,K02,K02.1,4370,0.45737467128735754,0.053067684687908526
NSF,2311319,K01,K01.1,777,0.053966420175925275,0.4911442899383557
NSF,2311324,K04,K04.1|K04.3,6868,-0.3694597910408581,-0.23130572243196662
NSF,2311638,K04,K04.1|K04.3,5280,-0.202958215756797,0.045878260639004666
NSF,2312081,K04,K04.1|K04.3,2373,-0.3846304004883268,-0.02565488609924102
NSF,2312305,K03,K03.1,1137,-0.14528103305239276,0.020387427783570666
NSF,2312602,K03,K03.3,3321,-0.049687022473198186,-0.0912350602589436
NSF,2312633,K04,K04.1|K04.3,6737,-0.4120037350074705,-0.2638680343510792
NSF,2312684,K05,K05.2,2495,-0.1689560686853923,-0.0050079925398134155
NSF,2313192,K04,K04.1|K04.3,5943,-0.3694936034142847,-0.08393542364402254
NSF,2313340,K03,K03.2|K03.3,6252,-0.17479700518852695,0.17582428602487762
NSF,2313578,K04,K04.1|K04.3,5945,-0.3529661398949034,-0.175844004516002
NSF,2313689,K03,K03.2|K03.3,1601,-0.17865202396253876,0.2536311319183442
NSF,2313785,K01,K01.1,5731,-0.2360063323148222,0.3059844922582793
NSF,2313803,K01,K01.2,7671,-0.11411768899206777,0.10207585201856126
NSF,2313835,K04,K04.1|K04.3,5657,-0.38333137867242106,-0.18671525759318583
NSF,2313938,K02,K02.1,6114,0.19921009110085303,-0.14923595905900922
NSF,2314018,K04,K04.1|K04.3,7352,-0.3760167598224105,-0.36618921151078465
NSF,2314032,K02,K02.1,3178,0.1557062099226077,-0.4260928821344443
NSF,2314036,K04,K04.1|K04.3,6667,-0.3989749718143557,-0.2641230523502305
NSF,2314154,K04,K04.3,3789,-0.3226574333476084,-0.39081980655426185
NSF,2314242,K04,K04.1|K04.3,7385,-0.3759454927777534,-0.26782570167597974
NSF,2314315,K01,K01.1|K01.2,160,0.052034654543291245,0.40215338431633163
NSF,2314519,K02,K02.1,2264,0.25834634422320624,-0.1388659657011846
NSF,2314709,K01,K01.1|K01.2,14,0.03636670398060897,0.386783989447391
NSF,2314791,K02,K02.1,8246,0.19937657871740888,-0.17458302106871876
NSF,2314800,K02,K02.1|K02.2,8276,0.26187840777964,-0.026297335365079638
NSF,2314980,K02,K02.1,7855,0.22630195287029597,-0.15171080370011128
NSF,2315247,K05,K05.3,7461,-0.14445422811260533,-0.11877962931209318
NSF,2315257,K02,K02.1,4743,0.5502626838536968,-0.006284412510575321
NSF,2315399,K05,K05.3,1125,0.03928782794029724,0.16430404184917555
NSF,2315824,K01,K01.1|K01.2,7583,-0.19937441633507758,0.28773040602517186
NSF,2315860,K01,K01.1|K01.2,4815,0.05247253329207725,0.3253608970432281
NSF,2315875,K04,K04.1,5413,-0.30748684788910313,-0.15968012224265024
NSF,2315876,K04,K04.1,5413,-0.30748684788910313,-0.15968012224265024
NSF,2316154,K04,K04.1|K04.3,7896,-0.2633048427346033,-0.11844356724398342
NSF,2316578,K03,K03.2,5092,-0.053006142298769085,0.15468526556890677
NSF,2316579,K03,K03.2,5092,-0.053006142298769085,0.15468526556890677
NSF,2316580,K03,K03.2,5092,-0.053006142298769085,0.15468526556890677
NSF,2316675,K04,K04.3,6579,-0.3308543892302273,-0.0865711103421212
NSF,2317097,K01,K01.1,190,0.12139196728041869,0.4405874266278714
NSF,2317154,K03,K03.1|K03.3,1396,-0.23052057889416155,0.059953241354463234
NSF,2317176,K02,K02.1,1227,0.09693938983328983,-0.12282340329549596
NSF,2317424,K05,K05.1,2239,-0.2427865647479323,0.12386517338426287
NSF,2317659,K02,K02.1,1855,0.0544978004750661,-0.18898929078545343
NSF,2317660,K02,K02.1,1855,0.0544978004750661,-0.18898929078545343
NSF,2317774,K02,K02.1,4349,0.5231767442466704,0.045826378487862585
NSF,2317834,K02,K02.1,4157,0.1280092253307325,-0.2925006869839667
NSF,2317873,K01,K01.1,5220,0.03428809918534058,0.4679739059092559
NSF,2317971,K01,K01.1|K01.2,6839,-0.1762673319708168,0.1968933477479257
NSF,2317990,K03,K03.1|K03.3,1728,-0.21643705591995382,0.0893841906663657
NSF,2318137,K04,K04.1,503,-0.22514467613167882,0.0388459211860636
NSF,2318216,K02,K02.1,2530,0.16903527422324593,-0.17162310071597978
NSF,2318348,K01,K01.1|K01.2,3868,-0.05422000806944831,0.29177560539660197
NSF,2318420,K03,K03.3,5104,0.01203820923160294,-0.0004991040846284295
NSF,2318481,K01,K01.1|K01.2,1252,-0.18271168539967989,0.3581258269779136
NSF,2318513,K02,K02.1,3842,0.18147280690377054,-0.32343802182139225
NSF,2318717,K02,K02.1,1944,0.3903947075245653,-0.046935427125682994
NSF,2318739,K02,K02.1,638,0.34444745677668626,0.04742217128251518
NSF,2318903,K03,K03.1,3962,-0.1524879119902135,-0.026571617783706696
NSF,2319007,K02,K02.1|K02.2,3309,0.16965967388358627,-0.31974339224755866
NSF,2319109,K03,K03.2,852,0.12993786000911733,0.22954969047353238
NSF,2319723,K02,K02.1,7694,0.1540020192729381,-0.3591388502283481
NSF,2319900,K02,K02.1,7103,0.16125783998040533,-0.22815566084588923
NSF,2319994,K04,K04.1|K04.3,2082,-0.33631852636580295,-0.027305622870736915
NSF,2320391,K02,K02.1,3199,0.09535382898685223,-0.5204176282672199
NSF,2320707,K04,K04.1,7093,-0.2794122678913193,-0.12357639860067321
NSF,2320884,K01,K01.2,3580,-0.07129928059203731,0.1522790087511016
NSF,2320966,K02,K02.1,7567,0.25556432774543325,-0.14222162660754417
NSF,2321022,K05,K05.3,5199,-0.012323959702398912,0.06740588838928624
NSF,2321162,K06,K06.2,530,-0.11051962405191987,0.05981626591962767
NSF,2321315,K04,K04.1|K04.3,3190,-0.3299503140200749,-0.3749324599185866
NSF,2321329,K03,K03.3,6696,-0.21653048087527071,0.056562484037852016
NSF,2321446,K04,K04.1|K04.3,6832,-0.3805057456550848,-0.22232423261506776
NSF,2321506,K03,K03.2|K03.3,421,-0.12797482515688188,0.2785466512038762
NSF,2321572,K04,K04.1|K04.3,2140,-0.2213360217924559,-0.06489549222148798
NSF,2321842,K04,K04.1|K04.3,7217,-0.3746476703878216,-0.2572820376848324
NSF,2321969,K04,K04.1,385,-0.25505336089503966,0.04950867892765547
NSF,2321985,K05,K05.1|K05.3,1706,-0.12556823927729804,0.17471266323800214
NSF,2322062,K01,K01.1|K01.2,130,-0.05248935611773631,0.3809602903852287
NSF,2322095,K01,K01.2,6202,-0.1295277948063039,0.1226900610727292
NSF,2322198,K01,K01.1|K01.2,1867,-0.27377380157074993,0.23819560024299335
NSF,2322210,K04,K04.1|K04.2|K04.3,2060,-0.3317913182161106,-0.004532001770452515
NSF,2322221,K01,K01.1,813,0.0533658720269488,0.5002190317594845
NSF,2322242,K04,K04.1|K04.3,6825,-0.3665663054290816,-0.0410648855664915
NSF,2322261,K04,K04.3,7165,-0.29536469674465016,-0.18985453951427955
NSF,2322281,K02,K02.1,3386,0.24391412179552197,-0.10738919550582028
NSF,2322329,K06,K06.2,5396,-0.10129828059922075,0.020976401895177993
NSF,2322355,K04,K04.1|K04.3,7072,-0.33325472932578687,-0.21164456483471303
NSF,2322603,K02,K02.1,4836,0.47902623723025983,-0.08940558148143556
NSF,2322741,K04,K04.1|K04.3,6346,-0.3451543717775296,-0.16455792511380954
NSF,2322916,K01,K01.1,2853,-0.1754273765948016,0.3124650552785877
NSF,2322934,K02,K02.1,6936,0.1525621806596364,-0.18733886303540576
NSF,2323050,K04,K04.1|K04.3,7229,-0.36660841675415784,-0.15068632086120146
NSF,2323110,K05,K05.1,987,-0.07738156081985317,0.10533523405838759
NSF,2323562,K01,K01.1,8313,-0.0444537442881767,0.2857522081617765
NSF,2323629,K04,K04.1,7382,-0.31490985679583877,-0.2181626641695053
NSF,2323732,K05,K05.1,5874,-0.11879145130171508,0.08107290656725653
NSF,2324528,K02,K02.1,2826,0.26665478634683776,-0.12036710803473821
NSF,2324616,K05,K05.1,2133,-0.038447853004989194,0.21184773376659694
NSF,2324744,K04,K04.1,775,-0.12605305953283208,0.15294243611842037
NSF,2324785,K02,K02.1,1462,0.26213575176416837,-0.00032667407812170257
NSF,2324810,K04,K04.1,6230,-0.20175888112294701,-0.06090734514889315
NSF,2324850,K04,K04.1|K04.3,7056,-0.34959935713954976,-0.2297429588091669
NSF,2324901,K01,K01.1|K01.2,2762,-0.1453870337317702,0.2113664603933788
NSF,2324949,K05,K05.1|K05.2,7333,-0.2006759175049021,-0.041719868165557686
NSF,2324972,K03,K03.1,8020,-0.1591444364605122,0.17311223008945045
NSF,2325081,K04,K04.1,8290,-0.10258022321905984,0.0247832409576344
NSF,2325126,K04,K04.1|K04.3,6850,-0.36761878607042764,-0.20789200870512353
NSF,2325166,K02,K02.1,4024,0.2294864970044626,-0.15357197724831
NSF,2325290,K02,K02.1,3303,0.24941615990321575,-0.3327045277796251
NSF,2325291,K02,K02.1,3303,0.24941615990321575,-0.3327045277796251
NSF,2325430,K03,K03.2,854,0.18044046323519491,0.2798299982352863
NSF,2325467,K05,K05.1|K05.3,1992,-0.1292788096670672,0.07448545900565523
NSF,2325719,K02,K02.1,3296,0.34392646184248676,-0.32397060166479064
NSF,2325761,K02,K02.1,2904,0.21448663316132555,-0.14397738289674006
NSF,2325764,K04,K04.1,7408,-0.2793680220458222,-0.02087261564677296
NSF,2326171,K02,K02.1,830,0.3880197558102853,0.11085859551412992
NSF,2326446,K05,K05.1,1730,-0.2268934663472862,0.19781847101532304
NSF,2326679,K04,K04.1|K04.3,6849,-0.38159047773932875,-0.21661081720407968
NSF,2326833,K01,K01.2,6140,0.009651506155796963,0.23849095832302689
NSF,2326861,K04,K04.1|K04.3,3039,-0.28491714771943777,-0.1503772397511808
NSF,2326943,K02,K02.1,1265,0.13362706742191138,0.020249664098793127
NSF,2327538,K04,K04.1|K04.3,2246,-0.36568932003244026,0.056452494207153904
NSF,2329250,K02,K02.1,3177,0.13293236161248223,-0.45268044056044077
NSF,2329323,K05,K05.3,7096,-0.22723597471587093,-0.1116535795772545
NSF,2329409,K01,K01.1|K01.2,2085,-0.19073442663303297,0.09290487948909751
NSF,2329800,K03,K03.2,2365,-0.21895269346987206,0.15774718551666675
NSF,2329802,K03,K03.2,2365,-0.21895269346987206,0.15774718551666675
NSF,2330004,K02,K02.1,3855,0.27488644461395983,-0.15601035252170922
NSF,2330013,K04,K04.1,3978,-0.33096523277173207,-0.22474037533264435
NSF,2330068,K02,K02.1,2421,0.129551473965888,-0.17345973658630798
NSF,2330126,K03,K03.1|K03.2,6976,-0.18091290802786741,0.0811856788556211
NSF,2330152,K01,K01.1,1860,-0.19504556342012325,0.2301652113041103
NSF,2330153,K01,K01.1,1860,-0.19504556342012325,0.2301652113041103
NSF,2330271,K02,K02.1,3533,0.44963171131957624,-0.0856109360460462
NSF,2330597,K04,K04.1,1976,-0.2576628047817979,0.004455636459050904
NSF,2330630,K04,K04.1|K04.3,3464,-0.3721093785412236,-0.44977330753189215
NSF,2330685,K04,K04.1|K04.3,7198,-0.3584353259995728,-0.24617802097618838
NSF,2330702,K04,K04.1|K04.3,7429,-0.3809163626836409,-0.264205974801872
NSF,2330829,K05,K05.3,1166,-0.08935847392725099,0.13252705818288485
NSF,2330851,K02,K02.1,4371,0.5803637089137005,0.007181298957958743
NSF,2330923,K02,K02.1,1168,0.337371428115395,-0.04030139441706031
NSF,2330924,K02,K02.1,1168,0.337371428115395,-0.04030139441706031
NSF,2331127,K01,K01.1,1841,-0.2689539822434415,0.20715587231626215
NSF,2331168,K04,K04.1|K04.3,7152,-0.35417803867853437,-0.07000839573418562
NSF,2331765,K04,K04.1|K04.3,1954,-0.3518757810600205,-0.17965666766297722
NSF,2331818,K02,K02.1,5235,0.24686827943360978,-0.0742368020222097
NSF,2332113,K04,K04.3,6625,-0.34051759514959146,-0.21446444670524253
NSF,2332142,K01,K01.2,741,0.08188520576958098,0.3025264580990251
NSF,2332253,K05,K05.1,594,-0.023730265288833124,0.20007508093949916
NSF,2332262,K05,K05.1|K05.2,512,-0.18585533429262074,0.07968782503304915
NSF,2332339,K05,K05.1|K05.3,7833,-0.15200005767999142,0.12025600903210514
NSF,2332346,K05,K05.1,989,0.09121306240130549,0.2705756824795288
NSF,2332417,K01,K01.2,2819,-0.03734948794589875,0.18856631522980427
NSF,2332849,K04,K04.3,7224,-0.31817235727357424,-0.21500841018025715
NSF,2332985,K05,K05.1,5388,-0.1161426176186896,0.04526867050548676
NSF,2333548,K01,K01.1,2621,-0.23234356689632485,0.17008224834723906
NSF,2333604,K01,K01.1|K01.2,5137,-0.0666452994508793,0.36503428441446506
NSF,2334072,K02,K02.1,3299,0.2374648877355251,-0.3699927968068203
NSF,2334084,K01,K01.2,2572,-0.17466803382031784,0.11518779284359934
NSF,2334097,K05,K05.3,8277,0.02839785992058093,0.11988690872150308
NSF,2334144,K05,K05.3,1156,-0.07035735153520979,0.07329526032615041
NSF,2334216,K02,K02.1,1144,0.35315028531139014,-0.023954806201568826
NSF,2334233,K05,K05.2|K05.3,6775,-0.15286309669574835,-0.031936305737402505
NSF,2334272,K01,K01.1|K01.2,408,-0.16604513855226483,0.18310279644684188
NSF,2334276,K05,K05.3,8096,-0.09803571217339094,0.050778321358764
NSF,2334298,K01,K01.1|K01.2,128,-0.015347768438867801,0.38762517853552747
NSF,2334311,K01,K01.1|K01.2,1149,-0.04078833710469593,0.3820949261314145
NSF,2334340,K05,K05.1|K05.3,1170,-0.03799926920967496,0.19297124396837226
NSF,2334370,K05,K05.3,8199,-0.09828473682203472,0.04502883434635154
NSF,2334438,K04,K04.1|K04.3,7015,-0.21025738393277,-0.07612631965301614
NSF,2334667,K04,K04.1,540,-0.0009639992476104947,0.042262724416947554
NSF,2334880,K02,K02.1|K02.2,3480,0.01801950980396276,-0.32748399221894897
NSF,2335104,K04,K04.1|K04.3,7149,-0.3658117015277985,-0.24084697551781084
NSF,2335210,K03,K03.2|K03.3,923,-0.06560946969511731,0.25407194848858694
NSF,2335229,K04,K04.1|K04.3,3188,-0.3808039591241224,-0.4465537951285964
NSF,2335238,K04,K04.1|K04.3,7328,-0.3639456937202184,-0.14903159220897255
NSF,2335269,K01,K01.1,2106,-0.19981006985826438,0.418273171474019
NSF,2335370,K03,K03.1,2642,-0.10533340400472375,0.14197889428361074
NSF,2335379,K04,K04.1|K04.3,7385,-0.3759454927777534,-0.26782570167597974
NSF,2335438,K01,K01.1,3749,-0.22961473959318557,0.08816215780027267
NSF,2335500,K04,K04.1|K04.3,6875,-0.37106511811655857,-0.21455463429283725
NSF,2335514,K04,K04.1|K04.3,6007,-0.3296454072834278,-0.1520936750359953
NSF,2335596,K04,K04.3,7058,-0.2931240440253024,-0.1874693313045917
NSF,2335773,K03,K03.1,1034,0.01906213563526242,0.23622786475127872
NSF,2335795,K01,K01.1,7126,-0.19806824426303132,0.2537684267808911
NSF,2335872,K04,K04.1|K04.3,3236,-0.38203772461246477,-0.476844415533767
NSF,2336001,K04,K04.3,6970,-0.31872292837583105,-0.0829014985635376
NSF,2336328,K02,K02.1,187,0.3629911742987465,0.016393130450624127
NSF,2336354,K02,K02.1,4339,0.602699115623643,0.037946149557816
NSF,2336773,K03,K03.3,265,-0.12105493142202844,0.17972122939328466
NSF,2337109,K02,K02.1,7525,0.2608257202459263,-0.29281155467680264
NSF,2337246,K04,K04.2|K04.3,3654,-0.0188260960628661,-0.1774282240147126
NSF,2337277,K04,K04.1|K04.3,2374,-0.3922515767469475,-0.012265743029013457
NSF,2338023,K01,K01.1|K01.2,1843,-0.2748844005015473,0.2177276101674912
NSF,2338024,K01,K01.1|K01.2,1843,-0.2748844005015473,0.2177276101674912
NSF,2338025,K01,K01.1|K01.2,1843,-0.2748844005015473,0.2177276101674912
NSF,2338026,K01,K01.1|K01.2,1843,-0.2748844005015473,0.2177276101674912
NSF,2338313,K03,K03.1,508,-0.1625771302698651,0.13164774410459412
NSF,2338480,K02,K02.1,3170,0.10376849387780539,-0.485730397616978
NSF,2338556,K02,K02.1|K02.2,584,0.17096507501582414,-0.06098658409324037
NSF,2338563,K03,K03.1,3346,-0.16657346682600965,-0.11141361809505942
NSF,2338755,K04,K04.1|K04.3,7016,-0.3962924958596775,-0.25312137096245524
NSF,2339062,K02,K02.1,830,0.3880197558102853,0.11085859551412992
NSF,2339462,K03,K03.1,3128,-0.16269813512814021,0.06700680968237194
NSF,2340161,K01,K01.1|K01.2,3281,-0.1196468778252985,0.12184795816174268
NSF,2340510,K02,K02.1,2285,0.20457816016658714,-0.11297782898038322
NSF,2340946,K01,K01.1|K01.2,4367,0.148173219989581,0.4046948650839136
NSF,2341214,K04,K04.1|K04.3,7449,-0.3715440015503132,-0.3636599954177996
NSF,2341290,K02,K02.1,840,0.4464608550945881,0.035691205358074324
NSF,2341739,K01,K01.1|K01.2,5207,-0.14388665849493742,0.29799086565531463
NSF,2341740,K01,K01.1|K01.2,5207,-0.14388665849493742,0.29799086565531463
NSF,2341996,K04,K04.1|K04.3,7253,-0.35506016924896044,-0.19421396600935562
NSF,2342497,K05,K05.2,7251,-0.16400992007160559,-0.001449693924601092
NSF,2342842,K03,K03.1|K03.3,1977,-0.11589100270059602,0.15983487312013658
NSF,2342887,K02,K02.1,8283,0.19412326223294935,-0.17080470886085838
NSF,2343285,K04,K04.1|K04.3,7128,-0.332091294129516,-0.08913856875211502
NSF,2343289,K04,K04.1|K04.3,6666,-0.41294666348325676,-0.2728418608491867
NSF,2343530,K01,K01.1|K01.2,6652,-0.2564083850312792,0.11574709566058076
NSF,2343706,K04,K04.1|K04.2,5,-0.05638014231777107,0.044222319594768994
NSF,2343837,K02,K02.1,5203,0.21781041518599464,-0.1751776392514908
NSF,2343972,K02,K02.1|K02.2,2251,0.10439345066037602,-0.08904421254735498
NSF,2344042,K05,K05.1,3899,-0.11656710410623994,0.22197368041166526
NSF,2344105,K02,K02.1,1575,0.23476922796351474,0.05502140738976355
NSF,2344120,K01,K01.1,337,-0.12213895532890154,0.3520170184992927
NSF,2344174,K05,K05.1,3532,-3.936226918661856e-05,0.1851919383884018
NSF,2344205,K03,K03.1,908,0.05871517940651612,0.19836177825465637
NSF,2344228,K04,K04.1|K04.3,3740,-0.3768734973834371,-0.4112936458401044
NSF,2344230,K04,K04.1,3717,-0.3127935229197077,-0.41551962395632724
NSF,2344289,K04,K04.1,2017,-0.331734093290044,-0.06802928577757122
NSF,2344305,K04,K04.1,6664,-0.3658827191702432,-0.23189763184166842
NSF,2344337,K05,K05.1,3581,-0.2077722806701814,0.05145414404041679
NSF,2344357,K03,K03.2|K03.3,387,-0.06863622488228832,0.2911816887886187
NSF,2344359,K04,K04.1|K04.3,3459,-0.38062885861609314,-0.27067264555507964
NSF,2344374,K05,K05.1|K05.3,4269,-0.16553516442114158,-0.034452998224167246
NSF,2344375,K04,K04.1,4280,-0.12644861556487982,0.08061875932550532
NSF,2344395,K04,K04.1|K04.3,2947,-0.3194500933373036,-0.03836124482566011
NSF,2344398,K04,K04.1|K04.3,3433,-0.3012526034523146,-0.10111244248359154
NSF,2344418,K04,K04.1|K04.3,3575,-0.391932826143019,-0.34706768225738693
NSF,2344424,K04,K04.1|K04.3,6855,-0.32664878270659325,-0.14236964375661812
NSF,2344487,K05,K05.1,4264,-0.17186604062971528,0.07145634794970662
NSF,2344558,K01,K01.1,6645,-0.24702908133866036,0.258149916811446
NSF,2344690,K02,K02.1,830,0.3880197558102853,0.11085859551412992
NSF,2344982,K01,K01.1|K01.2,4394,0.11046412108431057,0.41853929998681216
NSF,2344994,K01,K01.1,461,-0.09772057317132517,0.4523923442712613
NSF,2345201,K02,K02.1|K02.2,3627,0.2546967302739953,-0.22951949092475313
NSF,2345255,K03,K03.3,2049,-0.17229687136887123,0.15648603892445676
NSF,2345256,K03,K03.3,2049,-0.17229687136887123,0.15648603892445676
NSF,2345257,K03,K03.3,2049,-0.17229687136887123,0.15648603892445676
NSF,2345272,K01,K01.1,2165,-0.20509763479806242,0.32347708294424904
NSF,2345468,K01,K01.1|K01.2,2229,-0.08867042865808207,0.20238462420787362
NSF,2345478,K04,K04.1|K04.3,2612,-0.3748172706407354,-0.06816275170022322
NSF,2345601,K04,K04.1|K04.3,3188,-0.3808039591241224,-0.4465537951285964
NSF,2345641,K01,K01.1|K01.2,2157,-0.19865173186887125,0.2417047341687969
NSF,2345642,K01,K01.1|K01.2,2157,-0.19865173186887125,0.2417047341687969
NSF,2345643,K01,K01.1|K01.2,2157,-0.19865173186887125,0.2417047341687969
NSF,2345775,K04,K04.1|K04.3,1658,-0.3792307235083816,0.06003632108448797
NSF,2345878,K02,K02.1,4373,0.4887575220310233,0.004762690987330093
NSF,2346163,K04,K04.1|K04.3,3730,-0.37463050164452383,-0.4003251264580586
NSF,2346179,K01,K01.1,6628,-0.2816935541164032,0.07392566906502548
NSF,2346411,K01,K01.2,6616,-0.2573655073729134,-0.03143213298482488
NSF,2346425,K05,K05.1,6328,-0.21091642551584602,-0.013629230858432456
NSF,2346568,K06,K06.1|K06.3,1774,-0.042319463620001344,0.2502350061051526
NSF,2346763,K04,K04.1|K04.3,6632,-0.4176404316660935,-0.2675393561929913
NSF,2346839,K04,K04.1|K04.3,3695,-0.3808422846354496,-0.34722385372202447
NSF,2347106,K04,K04.1|K04.3,6363,-0.4218941355228858,-0.29386762092934626
NSF,2347307,K03,K03.2,4357,0.18240819994134866,0.3017408748207837
NSF,2347372,K01,K01.1,1642,-0.2603087938320956,0.38047764299018816
NSF,2347450,K02,K02.1,4730,0.6187242137144392,0.026923372763377057
NSF,2347805,K02,K02.1,4742,0.5764257954681248,-0.0030692592831564336
NSF,2347845,K02,K02.1|K02.2,327,0.20694366102434975,0.03662828482342215
NSF,2347951,K04,K04.1,6301,-0.3178515437235025,-0.1924356475508972
NSF,2348284,K05,K05.1|K05.3,409,-0.12820934148505114,0.0860369533403447
NSF,2348548,K01,K01.1|K01.2,5052,0.09832716156923128,0.3362937264858338
NSF,2348674,K01,K01.1,4330,0.2680452318403065,0.4273065858031705
NSF,2348705,K02,K02.1,8271,0.20264863649736503,-0.16103839046985996
NSF,2348772,K04,K04.1,6289,-0.2749721786877876,0.015927656274840017
NSF,2348964,K05,K05.1,308,-0.015849365191297107,0.21355098134403597
NSF,2348965,K05,K05.1,307,-0.01839651655648246,0.21479935465602482
NSF,2349605,K05,K05.1,152,0.003299806178686443,0.1376018685604701
NSF,2349825,K02,K02.1,7568,0.3025312191712181,-0.15678608628348883
NSF,2349882,K03,K03.3,5975,-0.19552266531721882,0.0784604024899036
NSF,2349890,K05,K05.1,97,-0.007346105983611476,0.18121440876086667
NSF,2350521,K05,K05.1,7309,-0.1674695997900002,-0.06557019014717458
NSF,2350541,K02,K02.1|K02.2,5068,0.35379050990966965,0.010515907832646734
NSF,2350542,K02,K02.1|K02.2,5068,0.35379050990966965,0.010515907832646734
NSF,2400107,K03,K03.3,89,-0.0738154729221133,0.13147920909851707
NSF,2400991,K02,K02.1,6596,0.13894396012138582,-0.21301326583188354
NSF,2401036,K04,K04.1|K04.3,6348,-0.37488760892803646,-0.1917802883079492
NSF,2401101,K02,K02.1,4975,0.3368023850070523,-0.13015541150581472
NSF,2401476,K02,K02.1,5698,0.1101781696417967,-0.20895429440625776
NSF,2401545,K05,K05.1|K05.2,512,-0.18585533429262074,0.07968782503304915
NSF,2401551,K02,K02.1|K02.2,2454,0.06558113498392408,-0.18753101754049517
NSF,2401864,K02,K02.1,177,0.22211887477750436,-0.17715921943240406
NSF,2402003,K02,K02.1,2732,0.15361530814190077,-0.22890495892540022
NSF,2402390,K05,K05.3,7883,-0.1279637946073816,-0.009841683305897783
NSF,2402495,K04,K04.1|K04.3,6558,-0.39995693269433336,-0.2150895255598303
NSF,2403646,K01,K01.1|K01.2,1707,-0.24027530085579124,0.4546181223990218
NSF,2403660,K04,K04.1|K04.3,6550,-0.4427328384235392,-0.27463911440817146
NSF,2403765,K02,K02.1,246,0.15910617940783273,0.004419283930051476
NSF,2403830,K02,K02.1,5148,0.31715063385372333,-0.13324605440725037
NSF,2403834,K02,K02.2,4941,-0.011640496736924077,0.04476539165717702
NSF,2404156,K04,K04.1|K04.3,7149,-0.3658117015277985,-0.24084697551781084
NSF,2404228,K04,K04.3,6917,-0.2998947218240447,-0.04670750346094034
NSF,2404520,K04,K04.1|K04.3,6556,-0.4233784257671975,-0.2702916825963998
NSF,2404531,K04,K04.1,4844,-0.12645314618956058,-0.0343679350768989
NSF,2404540,K03,K03.3,999,-0.18349686966217268,0.3095332912706211
NSF,2404686,K01,K01.2,7257,-0.15323998605526257,-0.02280089636330382
NSF,2404712,K04,K04.3,8252,-0.1766588085613356,0.06366860611482014
NSF,2404728,K02,K02.1,3478,0.09979641532480261,-0.3690145882792544
NSF,2404872,K04,K04.1,6459,-0.3324203072800456,-0.06768478596307673
NSF,2405214,K01,K01.1|K01.2,7089,-0.2549008521970511,0.26268352565710995
NSF,2405325,K04,K04.1,6380,-0.346980338614349,-0.21394887619946304
NSF,2406002,K04,K04.1|K04.3,6666,-0.41294666348325676,-0.2728418608491867
NSF,2406176,K01,K01.1|K01.2,3282,0.003342159801044492,0.07596157243179288
NSF,2406295,K03,K03.2|K03.3,734,-0.017900775630725813,0.22733970286135557
NSF,2406786,K05,K05.1,1974,0.007747554401210888,0.18242031485416554
NSF,2408853,K02,K02.1,4339,0.602699115623643,0.037946149557816
NSF,2408854,K02,K02.1,4339,0.602699115623643,0.037946149557816
NSF,2408967,K03,K03.3,7637,0.0045805912039496854,0.050930744317789683
NSF,2409271,K04,K04.1|K04.3,5942,-0.39434248116467907,-0.08887538579084898
NSF,2409276,K05,K05.1|K05.3,4277,-0.19609487141907028,-0.0682134252499098
NSF,2409408,K01,K01.1|K01.2,2816,-0.05356452425041265,0.26679129445714334
NSF,2409879,K02,K02.1,1085,0.3440520810362225,-0.007511317961725772
NSF,2410910,K05,K05.3,458,-0.15488844942209073,0.21270975728118555
NSF,2411614,K02,K02.1,2132,0.1283865418380119,-0.08128636284183459
NSF,2411761,K01,K01.2,2253,-0.06564633548518392,0.20822926539372144
NSF,2412340,K01,K01.1,5798,-0.16578201456084363,0.18469478473723866
NSF,2412419,K04,K04.1|K04.3,2701,-0.36813294140349984,-0.16377677644069774
NSF,2412557,K04,K04.2,7388,-0.1943820492296493,-0.12311904529930426
NSF,2413165,K03,K03.2|K03.3,1581,-0.16231714132552744,0.24156638416255924
NSF,2413246,K03,K03.2|K03.3,383,-0.1382271846492736,0.2638003264009862
NSF,2413267,K05,K05.2|K05.3,919,0.04169135048676949,0.16281827817942904
NSF,2413323,K01,K01.1|K01.2,7088,-0.25256282337741415,0.10056375437244086
NSF,2413348,K03,K03.3,1009,0.004664232647556291,0.19503254228808484
NSF,2413382,K03,K03.3,1008,-0.00825182994728181,0.17382882398296953
NSF,2413384,K04,K04.1,916,-0.08783474002690432,0.059627568357004446
NSF,2413870,K04,K04.1|K04.3,4159,-0.334192833366188,-0.05520604638786046
NSF,2414139,K04,K04.1|K04.3,7454,-0.3390553514010658,-0.24425911048401408
NSF,2414567,K04,K04.1,6631,-0.35660479568417885,-0.21787631868651688
NSF,2414769,K05,K05.3,1005,0.023387668157888356,0.18542721609144244
NSF,2414963,K04,K04.1,7348,-0.3289528155093969,-0.3252449825032664
NSF,2415132,K01,K01.2,2066,-0.19370645538401893,0.22052531514219167
NSF,2415488,K01,K01.2,113,-0.005911108320800426,0.25222039041107847
NSF,2415650,K04,K04.1|K04.3,6722,-0.39699824797103683,-0.2383606161536381
NSF,2415744,K04,K04.1|K04.3,3719,-0.3900788155749593,-0.46883031607946235
NSF,2416604,K02,K02.1,6659,0.11264391514700887,-0.24592506120674992
NSF,2416663,K05,K05.1,1975,-0.1475022399227251,0.10498676417666034
NSF,2417006,K02,K02.1|K02.2,7781,0.17042205530213234,-0.0879820673889263
NSF,2417042,K02,K02.1,8206,0.19595820711840883,-0.15920090417537872
NSF,2417322,K02,K02.1,6047,0.1762864243149631,-0.21869437736086975
NSF,2417586,K02,K02.1,1045,0.3153842108230707,-0.10827144181622364
NSF,2417594,K02,K02.2,7014,-0.10119665725660469,-0.004447792126844541
NSF,2417903,K02,K02.2,921,0.03992042578306161,0.17007789488282915
NSF,2418579,K01,K01.2,1761,-0.15745584701192247,0.19526533463560727
NSF,2419076,K04,K04.1|K04.3,5415,-0.364066725861143,-0.20643824234514419
NSF,2419971,K01,K01.1|K01.2,405,-0.1386077453567477,0.3470890304502996
NSF,2419995,K02,K02.1,840,0.4464608550945881,0.035691205358074324
NSF,2420344,K03,K03.1,3051,-0.06868653692267286,0.024708502084486637
NSF,2420364,K02,K02.1|K02.2,7183,0.12469605086905865,-0.16491505031666384
NSF,2420488,K04,K04.1|K04.3,5814,-0.404161071188953,-0.09460963958023542
NSF,2420587,K05,K05.1,757,0.015723910630020613,0.2236937904024168
NSF,2420601,K01,K01.1|K01.2,2431,-0.2903920297146415,0.302908170775806
NSF,2420676,K04,K04.1|K04.3,706,-0.369524236342067,-0.25563024223065955
NSF,2420677,K04,K04.1|K04.3,706,-0.369524236342067,-0.25563024223065955
NSF,2421234,K02,K02.1,1460,0.18738759931823978,0.011449029377587419
NSF,2421291,K01,K01.1|K01.2,7336,-0.20286474112724812,0.0276163171539546
NSF,2421980,K04,K04.1,1121,-0.132592159974472,0.14292725937731768
NSF,2422579,K01,K01.1,5924,-0.2292625781770406,0.14944370643476862
NSF,2422601,K01,K01.1,5154,-0.06721777380606575,0.26772523889535327
NSF,2422680,K02,K02.1,6122,0.20640572490234388,-0.17414796869803398
NSF,2422906,K04,K04.1|K04.3,3986,-0.37802917708474565,-0.2656846043401626
NSF,2423008,K03,K03.2|K03.3,485,-0.1264910557701233,0.19990948358632463
NSF,2423048,K05,K05.2,5206,-0.020521789990846542,0.04026359498375583
NSF,2423166,K04,K04.1,7145,-0.318747757214785,-0.1999027465102926
NSF,2423254,K02,K02.1,7483,0.13712208405492043,-0.15076346951832598
NSF,2423301,K04,K04.1|K04.3,7151,-0.35184000985889746,-0.23212816701885472
NSF,2423304,K04,K04.3,6671,-0.3056177052649619,-0.1589468981346017
NSF,2423352,K04,K04.1|K04.3,2441,-0.39257103878321403,-0.033651885192690426
NSF,2423377,K04,K04.1|K04.2|K04.3,7423,-0.34597763356407235,-0.07092430794577047
NSF,2423448,K04,K04.1|K04.3,6312,-0.3759918848874607,-0.2318862691138227
NSF,2423491,K04,K04.1|K04.2|K04.3,7263,-0.33196675811106685,-0.32262614720197635
NSF,2423538,K04,K04.1|K04.3,3801,-0.31592339386155516,-0.30740268429759
NSF,2423575,K04,K04.1,7292,-0.2791198714643124,-0.1772782501096856
NSF,2423576,K04,K04.1|K04.3,7151,-0.35184000985889746,-0.23212816701885472
NSF,2423700,K03,K03.2,7144,-0.16590472236652654,0.0628432994553422
NSF,2423862,K03,K03.1|K03.2,6976,-0.18091290802786741,0.0811856788556211
NSF,2425429,K01,K01.1,5088,0.07480312934863677,0.3351163561406566
NSF,2425430,K01,K01.1,5088,0.07480312934863677,0.3351163561406566
NSF,2425431,K01,K01.1,5088,0.07480312934863677,0.3351163561406566
NSF,2426085,K05,K05.3,996,-0.09455192793315699,0.10698887136198942
NSF,2426102,K04,K04.3,3757,-0.3151629400999448,-0.4078362418880799
NSF,2426219,K02,K02.1,7829,0.19221496065219035,-0.15920448201650156
NSF,2426287,K01,K01.1,7334,-0.19693432286914236,0.017044579302725543
NSF,2426624,K01,K01.2,6253,-0.1361926823423737,0.12213670261745291
NSF,2426735,K05,K05.1,5177,-0.005609072747738628,0.11896788720659851
NSF,2426947,K01,K01.1,2443,-0.2465909436331361,0.30406028655662964
NSF,2426993,K01,K01.1,5870,-0.1301083594632428,0.25318974905829883
NSF,2427231,K01,K01.1|K01.2,2729,-0.21064937979450327,0.22200139614075337
NSF,2427232,K01,K01.1|K01.2,2676,-0.18220871091520713,0.24022619375524898
NSF,2427233,K01,K01.1|K01.2,2676,-0.18220871091520713,0.24022619375524898
NSF,2427238,K02,K02.1,7092,0.074049786995127,-0.30808722822309886
NSF,2427291,K01,K01.1|K01.2,807,0.1139956677870775,0.4359825430889064
NSF,2427345,K02,K02.1,2242,0.16115872589936248,-0.16626002691180078
NSF,2427554,K04,K04.3,4070,-0.29294283311580654,-0.01731268498547847
NSF,2427579,K03,K03.2|K03.3,925,0.04335339061722436,0.2750752067337129
NSF,2427769,K05,K05.3,1111,-0.08812609677933732,0.06565161966499124
NSF,2427875,K04,K04.1|K04.3,7197,-0.32982534909582834,-0.17150283332640656
NSF,2428217,K02,K02.1|K02.2,1080,0.5441632374112936,0.10146968374354579
NSF,2428625,K03,K03.1|K03.3,2668,-0.1592612338056275,0.19906273414271888
NSF,2428634,K02,K02.1,2480,0.07019874989589679,-0.2532126576616426
NSF,2428805,K03,K03.2|K03.3,2398,-0.25706146662542123,-0.04097323390751867
NSF,2428903,K03,K03.2|K03.3,129,-0.04956434604928206,0.2187997416137684
NSF,2428909,K03,K03.1|K03.3,2397,-0.2445460870021538,0.16355888974923175
NSF,2429040,K04,K04.1|K04.3,2554,-0.40275554673134345,-0.09260987878798045
NSF,2429912,K05,K05.1|K05.3,4978,-0.0559241577715132,0.07833568233420031
NSF,2430074,K05,K05.1,6251,-0.17842893517706246,0.15457229303267983
NSF,2430376,K04,K04.1|K04.3,6546,-0.40727106147792885,-0.26715612047059134
NSF,2430700,K03,K03.1,8,-0.04986513984509597,0.23267627795291465
NSF,2430807,K05,K05.1|K05.2,5844,-0.17497506341679114,0.05204300896601275
NSF,2430862,K04,K04.1|K04.3,5397,-0.3122950599869766,-0.14936543834203822
NSF,2430937,K04,K04.1|K04.3,7352,-0.3760167598224105,-0.36618921151078465
NSF,2430978,K01,K01.1|K01.2,5722,-0.19421856583326547,0.2043950433137223
NSF,2431053,K03,K03.3,1584,-0.1519447554339009,0.2200188805993498
NSF,2431089,K05,K05.1,6765,-0.1819452221065911,-0.15070806682344592
NSF,2431141,K04,K04.2,3565,-0.08735134836268701,-0.1776292751378003
NSF,2431163,K01,K01.2,356,-0.018080992489559758,0.3372032454942947
NSF,2431169,K01,K01.1,5417,-0.23890428284658205,0.2267724179091178
NSF,2431193,K01,K01.1|K01.2,1206,-0.12493470712484392,0.5056380981952736
NSF,2431213,K03,K03.1|K03.3,689,-0.1761777041408315,-0.08101080010143655
NSF,2431225,K04,K04.1|K04.3,402,-0.3719250782441704,-0.0497963906652093
NSF,2431228,K05,K05.1,1004,-0.09603875121806706,0.2966795508366936
NSF,2431246,K04,K04.3,6022,-0.30660730535022207,0.02551147733499267
NSF,2431262,K04,K04.1,2808,-0.27014907271899424,-0.0565931440644738
NSF,2431268,K04,K04.1|K04.3,410,-0.10931249544494673,0.009921896623255405
NSF,2431301,K05,K05.3,411,0.1868946935866473,0.317376555966166
NSF,2431309,K05,K05.1|K05.3,5623,-0.228889114203986,0.051385599695482134
NSF,2431326,K04,K04.1|K04.3,2200,-0.27913383021989474,-0.019382887430916956
NSF,2431342,K04,K04.1|K04.3,2151,-0.3767307197024141,-0.1257527006191622
NSF,2431345,K05,K05.1|K05.3,398,-0.15568958955924517,0.2582968200541522
NSF,2431384,K05,K05.1,1103,0.040500641488909125,0.13955480867942915
NSF,2431391,K02,K02.1,138,0.33963488179005097,-0.07220688586962568
NSF,2431395,K04,K04.1|K04.3,136,-0.24905589563978114,0.06064556001955275
NSF,2431415,K04,K04.1|K04.3,5747,-0.3183882005238299,-0.15785040672230816
NSF,2431420,K04,K04.1|K04.3,104,-0.1791695082642639,0.03833600877476044
NSF,2431423,K05,K05.1|K05.3,5813,-0.19786575902730047,0.11417313693187589
NSF,2431443,K04,K04.1|K04.3,5708,-0.33587052734737416,-0.06892996746691814
NSF,2431451,K04,K04.1|K04.2,2101,-0.19955495859517153,-0.024025660807040716
NSF,2431452,K04,K04.1,2193,-0.2736854718622594,0.06954270133941441
NSF,2431456,K01,K01.1|K01.2,824,0.05995178463417024,0.4855575197849702
NSF,2431463,K04,K04.1,995,-0.15533947399352757,0.12537659285663483
NSF,2431468,K05,K05.1,6817,-0.18317802836046504,0.07269314690862036
NSF,2431470,K05,K05.1|K05.2,709,-0.13080221332341901,0.07248118747640481
NSF,2431474,K04,K04.1,3031,-0.24641974518853405,-0.015835187293838017
NSF,2431624,K02,K02.1,2248,0.2074851150053647,-0.11456897927888601
NSF,2431910,K04,K04.1|K04.3,6758,-0.376810506373125,-0.36726099583837823
NSF,2431983,K02,K02.1,1369,0.17664832149251786,-0.07786626141868791
NSF,2432108,K01,K01.2,6594,-0.22429035046315138,-0.00605976153359325
NSF,2432110,K05,K05.1,3705,-0.2115732461405445,-0.23922720949632345
NSF,2432226,K05,K05.1,109,0.00031245569950894003,0.17844806554370385
NSF,2432707,K04,K04.1|K04.3,7355,-0.36204506815350945,-0.35747040301182853
NSF,2432851,K04,K04.1|K04.3,4891,-0.240630224892581,-0.15612127886251068
NSF,2432928,K04,K04.1|K04.3,6610,-0.3733219998875807,-0.24524943731935603
NSF,2432964,K04,K04.1|K04.3,7149,-0.3658117015277985,-0.24084697551781084
NSF,2432982,K04,K04.1|K04.3,3463,-0.38608107021012467,-0.4584921160308484
NSF,2433265,K04,K04.1|K04.2|K04.3,7259,-0.3204268412415993,-0.3083448959360632
NSF,2433700,K01,K01.1|K01.2,2110,-0.23720869375051135,0.2581137830167235
NSF,2433711,K01,K01.2,7370,-0.21143478194905352,-0.11244094827335896
NSF,2434527,K01,K01.2,7241,-0.20990279698330067,-0.09467183592486708
NSF,2434543,K04,K04.1|K04.2,3445,-0.3062761173697824,-0.3619355349062171
NSF,2434980,K02,K02.2,2874,-0.06140767932330864,-0.01597158721507745
NSF,2435190,K03,K03.3,1033,0.011370518867026877,0.18244777875287022
NSF,2435274,K01,K01.2,7880,-0.11528347060387044,0.051066573115485375
NSF,2435284,K03,K03.2|K03.3,1024,-0.16147564249733937,0.15273854476355925
NSF,2435436,K03,K03.2|K03.3,1023,-0.02757087874040784,0.2510863884665042
NSF,2436273,K02,K02.1,7811,0.194738955754645,-0.17039526626865198
NSF,2436970,K05,K05.1,2051,-0.14048084946405673,0.08343557188747962
NSF,2436996,K03,K03.2,7122,-0.21381146352229807,-0.08240929036785036
NSF,2437086,K05,K05.1|K05.3,3584,-0.14394477004927755,-0.07346581849514236
NSF,2437386,K01,K01.1|K01.2,997,-0.02234038398699484,0.3626150958993094
NSF,2437479,K02,K02.1,6595,0.0978449935236632,-0.28423717979668917
NSF,2437668,K03,K03.2,1016,-0.07944738510316363,0.07021561643256494
NSF,2437724,K02,K02.1,2000,0.156027385020431,-0.01907587927756199
NSF,2437727,K02,K02.1,2000,0.156027385020431,-0.01907587927756199
NSF,2440615,K01,K01.1|K01.2,2611,-0.2605310351568996,0.27688973884102874
NSF,2444043,K01,K01.1|K01.2,281,-0.08842344586860078,0.4391853179585278
NSF,2444461,K05,K05.1|K05.3,8294,-0.10890653399705484,0.05127699381318655
NSF,2445015,K05,K05.1,6508,-0.24020455172595218,0.027513505408778047
NSF,2445783,K05,K05.1|K05.2,1915,-0.16639529924414714,0.06000190556153829
NSF,2448113,K05,K05.1,6726,-0.19690437088768453,-0.00842966791047543
NSF,2452296,K01,K01.1|K01.2,4208,-0.16913626968858514,0.21076125317680247
NSF,2500434,K01,K01.1|K01.2,2806,-0.18836475705578987,0.3276307033593219
NSF,2500968,K01,K01.1,532,-0.019882784402248596,0.33967510931364653
NSF,2500969,K01,K01.1,532,-0.019882784402248596,0.33967510931364653
NSF,2501467,K01,K01.1,1221,-0.20083254051490018,0.3294395596609121
NSF,2501470,K02,K02.1,2003,0.18777633296522755,-0.08082340143272246
NSF,2501471,K02,K02.1,2003,0.18777633296522755,-0.08082340143272246
NSF,2502554,K02,K02.1,5065,0.43367953926731306,-0.02943465982593968
NSF,2502654,K02,K02.1,3147,0.2475786132972979,-0.17957793969799943
NSF,2505344,K02,K02.1,3296,0.34392646184248676,-0.32397060166479064
NSF,2505675,K01,K01.1|K01.2,2191,-0.1799393195726683,0.37376298547138964
NSF,2506500,K04,K04.1|K04.3,6372,-0.419469009535597,-0.27321326315219185
NSF,2514412,K04,K04.1|K04.3,2147,-0.38993751713787944,-0.15466969460246746
NSF,2514683,K04,K04.1|K04.3,6332,-0.3944295872282858,-0.2183572732462842
NSF,2525905,K02,K02.1,8282,0.20459749193818405,-0.1768719373943386
NSF,2530272,K03,K03.2,5092,-0.053006142298769085,0.15468526556890677
NSF,49100421C0038,K04,K04.1,8089,-0.21525624833267937,-0.05635409012786799
NSF,49100421C0039,K05,K05.1,5036,-0.1223822684269435,-0.04348704918929669
NSFC,31560084,K02,K02.1,4594,0.4790642715212532,-0.07344932105427572
NSFC,31560127,K03,K03.2,5076,0.16765914740791998,0.21470413305127234
NSFC,31560156,K02,K02.1,4294,0.5801852655707379,0.042356675866510415
NSFC,31560187,K02,K02.1,4503,0.44118440795159963,-0.10861959829233897
NSFC,31560233,K01,K01.1|K01.2,4128,0.061371108547773875,0.30156459255404844
NSFC,31560236,K02,K02.1,4483,0.44100596460863717,-0.07344422138378728
NSFC,31560237,K02,K02.1,4653,0.45705867220536356,-0.014279490366222461
NSFC,31560337,K02,K02.1,6146,0.317071129244791,-0.07275381411666479
NSFC,31560372,K04,K04.1|K04.2|K04.3,6254,-0.26370114810750617,-0.11114934902244258
NSFC,31560378,K02,K02.1,730,0.3286575314966066,-0.06428597841075243
NSFC,31560601,K02,K02.1,5102,0.3480458641670558,-0.186603762966991
NSFC,31570229,K02,K02.1|K02.2,4839,0.411221023378321,-0.03915617692217392
NSFC,31570337,K02,K02.1,5125,0.28878876404536086,-0.1653394734463446
NSFC,31570394,K02,K02.1,4371,0.5803637089137005,0.007181298957958743
NSFC,31570400,K02,K02.1,4460,0.46344854761688503,-0.17621825752728665
NSFC,31570408,K02,K02.1,5171,0.34151190537280857,-0.1499747698090289
NSFC,31570412,K02,K02.1,5145,0.3376120262182262,-0.14426906762298425
NSFC,31570435,K02,K02.1,4746,0.5021353484345127,-0.02939281813791994
NSFC,31570449,K02,K02.1,4532,0.4788858281782906,-0.03827394414572405
NSFC,31570458,K02,K02.1,5157,0.41562390906345814,-0.08847583404571371
NSFC,31570460,K03,K03.1|K03.2,4869,0.25388670568540705,0.2527779257145525
NSFC,31570467,K02,K02.1|K02.2,4305,0.5123800517187992,0.09260608042577208
NSFC,31570470,K02,K02.1,639,0.48241092743796166,-0.03562544780358701
NSFC,31570472,K02,K02.1,739,0.2239323810754551,-0.1359643232206328
NSFC,31570474,K02,K02.1,5060,0.4211369572250776,-0.049309974192087686
NSFC,31570477,K02,K02.1,4294,0.5801852655707379,0.042356675866510415
NSFC,31570480,K02,K02.1,4371,0.5803637089137005,0.007181298957958743
NSFC,31570484,K02,K02.1,4294,0.5801852655707379,0.042356675866510415
NSFC,31570498,K02,K02.1,4594,0.4790642715212532,-0.07344932105427572
NSFC,31570507,K02,K02.1,3300,0.2696360148088746,-0.3502941605195542
NSFC,31570511,K02,K02.1,3373,0.2890061070242239,-0.24503354272609765
NSFC,31570528,K02,K02.1|K02.2,4749,0.508620581616186,0.0471801452761052
NSFC,31570529,K02,K02.1,5058,0.5132019106442857,-0.037314888755986264
NSFC,31570536,K06,K06.1|K06.2,4491,0.14614815754906785,0.1170645375118484
NSFC,31570546,K01,K01.1,5178,-0.08195083802849543,0.3397385372615481
NSFC,31570627,K04,K04.1|K04.3,4720,0.04696991070156224,0.06571380937213371
NSFC,31570630,K02,K02.1,4295,0.494951419933914,0.03013298842644982
NSFC,31570632,K02,K02.1,1075,0.46303001556699386,0.010380828904272693
NSFC,31570699,K02,K02.1,2823,0.2760763791878178,-0.11904100822473732
NSFC,31570701,K04,K04.1,4841,0.04724152535927405,0.02137841890072678
NSFC,31570703,K03,K03.2,8022,0.032675689628913915,0.1700207942772257
NSFC,31571565,K01,K01.1|K01.2,6137,-0.0702365537763802,0.4260871154912317
NSFC,31572028,K02,K02.1,5107,0.29966089560391557,-0.2778028546958524
NSFC,31572250,K02,K02.1,5145,0.3376120262182262,-0.14426906762298425
NSFC,31572290,K02,K02.1,5061,0.4649610254638713,-0.003204206481745603
NSFC,31572443,K03,K03.3,7582,-0.11559981576047035,0.03111915032156517
NSFC,31572595,K02,K02.1,832,0.5259832264715607,0.02781097642802774
NSFC,31572623,K02,K02.1,3301,0.25063720288714,-0.3366245526762913
NSFC,31600298,K02,K02.1,3214,0.08856303672056202,-0.5247398265211047
NSFC,31600309,K02,K02.1,3377,0.22100869126080086,-0.1797207061000359
NSFC,31600315,K02,K02.1|K02.2,3508,0.16568759533058347,-0.2030275829098351
NSFC,31600325,K02,K02.1,4680,0.47761298593024815,-0.062379047912181323
NSFC,31600331,K02,K02.1,4594,0.4790642715212532,-0.07344932105427572
NSFC,31600333,K02,K02.1,5158,0.3673830238830438,-0.05436515177147305
NSFC,31600366,K02,K02.1|K02.2,4375,0.5125584950617617,0.05743070351722038
NSFC,31600368,K02,K02.1,4755,0.33570420456515243,0.08934015493467697
NSFC,31600373,K04,K04.1|K04.2,1094,0.18223808631261967,0.1272915433334405
NSFC,31600374,K02,K02.1,4837,0.43078535204984536,-0.055294899207194895
NSFC,31600375,K02,K02.1,5318,0.2637022208023424,-0.11049585742767168
NSFC,31600380,K02,K02.1,4449,0.41447875852707583,-0.05743703275448894
NSFC,31600381,K02,K02.1,5228,0.41027959988639784,-0.06152255887682155
NSFC,31600395,K02,K02.1,4717,0.602804517671413,0.030042085824856554
NSFC,31600397,K02,K02.1|K02.2,4575,0.35930401734564466,-0.018758624749920336
NSFC,31600418,K02,K02.1,3106,0.26230246179378586,-0.12039979759405
NSFC,31600420,K03,K03.3,7598,-0.027965461054002855,-0.03642760298440845
NSFC,31600426,K02,K02.1|K02.2,5066,0.44539669679234684,0.01293451580327537
NSFC,31600432,K02,K02.1,5058,0.5132019106442857,-0.037314888755986264
NSFC,31600442,K02,K02.1|K02.2,4930,0.36821075828505867,-0.058461476702375975
NSFC,31600447,K02,K02.1,4594,0.4790642715212532,-0.07344932105427572
NSFC,31600571,K03,K03.1|K03.3,132,0.12962655149322,0.2696819826604242
NSFC,31600577,K05,K05.1,5504,-0.10263337858979027,0.07588341002839334
NSFC,31600579,K02,K02.1,2825,0.31306933964422734,-0.07270663851043606
NSFC,31600580,K01,K01.1|K01.2,5131,0.049456008233269885,0.3492086927106165
NSFC,31601872,K02,K02.1,5169,0.32373739898721265,-0.13564629639036682
NSFC,31601874,K02,K02.1,5144,0.36366158807142396,-0.08383482649398008
NSFC,31630009,K02,K02.1,4742,0.5764257954681248,-0.0030692592831564336
NSFC,31660054,K02,K02.1,5142,0.4119024732518384,-0.11794550876822074
NSFC,31660105,K02,K02.1,5124,0.3740226096821848,-0.15311578600628398
NSFC,31660118,K02,K02.1,4717,0.602804517671413,0.030042085824856554
NSFC,31660122,K02,K02.1,4788,0.43724649450602393,-0.11887015653345415
NSFC,31660125,K02,K02.1,4742,0.5764257954681248,-0.0030692592831564336
NSFC,31660127,K02,K02.1,5124,0.3740226096821848,-0.15311578600628398
NSFC,31660135,K02,K02.1,4053,0.12352064392260985,-0.2696014947620605
NSFC,31660137,K01,K01.1|K01.2,4524,0.0003380554755729598,0.44470584903696175
NSFC,31660138,K02,K02.1,3815,0.23179340983258262,-0.2244897286037658
NSFC,31660155,K02,K02.1|K02.2,4749,0.508620581616186,0.0471801452761052
NSFC,31660198,K02,K02.1,4483,0.44100596460863717,-0.07344422138378728
NSFC,31660203,K04,K04.1|K04.2|K04.3,4820,0.031671297460788825,-0.013242427250399494
NSFC,31660210,K02,K02.1,4768,0.34682093241052814,-0.0942984669372643
NSFC,31660236,K01,K01.1,4563,0.028782323786583727,0.4297235848770382
NSFC,31660237,K02,K02.1,4427,0.4344465716529401,-0.06461327198011595
NSFC,31670105,K02,K02.1|K02.2,4450,0.32062398282193927,-0.06762186932423145
NSFC,31670229,K02,K02.1,4836,0.47902623723025983,-0.08940558148143556
NSFC,31670384,K02,K02.1,5141,0.2889134356254954,-0.07205912303827094
NSFC,31670397,K02,K02.1,5180,0.34242563123570213,-0.09855883579566782
NSFC,31670428,K02,K02.1,4410,0.45122686646871535,-0.016568251018323044
NSFC,31670452,K02,K02.1,5058,0.5132019106442857,-0.037314888755986264
NSFC,31670454,K01,K01.1,4632,0.14813182354953647,0.3453807899135858
NSFC,31670470,K04,K04.3,363,-0.19913343415066553,0.05662551674127547
NSFC,31670475,K03,K03.1|K03.2|K03.3,4383,0.27077868324545085,0.24664180194854513
NSFC,31670476,K02,K02.1,724,0.5071627194505458,-0.03333820019878071
NSFC,31670480,K02,K02.1,5058,0.5132019106442857,-0.037314888755986264
NSFC,31670501,K02,K02.1,886,0.35474034255710934,-0.039051591975142186
NSFC,31670539,K05,K05.1,5022,0.04673726613041394,0.12192905752276798
NSFC,31670615,K02,K02.1,4456,0.44093469756397996,-0.17180773121859225
NSFC,31670620,K02,K02.1,5217,0.4007038777802113,-0.01945825982953954
NSFC,31670634,K02,K02.1,792,0.397007802311694,-0.013800692405307485
NSFC,31670635,K02,K02.1,4483,0.44100596460863717,-0.07344422138378728
NSFC,31670664,K02,K02.1,5058,0.5132019106442857,-0.037314888755986264
NSFC,31670699,K01,K01.1|K01.2,5265,-0.09545560651811752,0.4023255500569449
NSFC,31670702,K01,K01.1|K01.2,7906,-0.01615998218716254,0.3337522912001133
NSFC,31670704,K03,K03.1|K03.3,4644,0.12386514824078242,0.2209527015542241
NSFC,31670705,K02,K02.1,127,0.3822693266869837,-0.022346411189613197
NSFC,31670708,K02,K02.1|K02.2,4305,0.5123800517187992,0.09260608042577208
NSFC,31670715,K02,K02.1,4371,0.5803637089137005,0.007181298957958743
NSFC,31671575,K01,K01.2,1962,-0.10096512954374309,0.27253603635339385
NSFC,31671622,K02,K02.1,6227,0.30701178153389014,-0.13752329770368854
NSFC,31672054,K02,K02.1,3364,0.2761132132301121,-0.32455891668678005
NSFC,31672319,K02,K02.1,5169,0.32373739898721265,-0.13564629639036682
NSFC,31700362,K02,K02.1|K02.2,4305,0.5123800517187992,0.09260608042577208
NSFC,31700363,K02,K02.1,5170,0.3675614672260063,-0.08954052868002474
NSFC,31700388,K02,K02.1|K02.2,4542,0.4110806143263518,0.011975460413537614
NSFC,31700394,K02,K02.1,4817,0.4799515422920825,-0.054313331523015165
NSFC,31700399,K02,K02.1,3378,0.34399772888714386,-0.2256070918299857
NSFC,31700419,K02,K02.1,4294,0.5801852655707379,0.042356675866510415
NSFC,31700433,K02,K02.1,3408,0.12295835881507582,-0.381106778241876
NSFC,31700439,K02,K02.1,5240,0.27209209989303323,-0.1123024243502562
NSFC,31700453,K02,K02.1,5039,0.5130234673013232,-0.0021395118474345914
NSFC,31700465,K02,K02.1,5061,0.4649610254638713,-0.003204206481745603
NSFC,31700467,K03,K03.2,5076,0.16765914740791998,0.21470413305127234
NSFC,31700536,K02,K02.1,4715,0.5762473521251623,0.03210611762539524
NSFC,31700541,K04,K04.1|K04.2|K04.3,7518,-0.10851733667831279,-0.16085516686849596
NSFC,31700544,K02,K02.1,4742,0.5764257954681248,-0.0030692592831564336
NSFC,31700561,K01,K01.1,4520,0.006268473733678712,0.43413411118573264
NSFC,31700629,K05,K05.1|K05.2,1000,-0.029127929078514192,0.24978197096274257
NSFC,31700630,K01,K01.1|K01.2,4934,-0.04132997144780611,0.1905237045960974
NSFC,31700631,K02,K02.1,5239,0.2815136927340133,-0.1109763245402553
NSFC,31700632,K02,K02.1,1266,0.17138225941143043,-0.037860409071217266
NSFC,31701313,K02,K02.1,731,0.3226512874518841,-0.06792342739590251
NSFC,31701387,K02,K02.1,6146,0.317071129244791,-0.07275381411666479
NSFC,31730105,K02,K02.1,4460,0.46344854761688503,-0.17621825752728665
NSFC,31760058,K02,K02.1,4483,0.44100596460863717,-0.07344422138378728
NSFC,31760112,K02,K02.1,4788,0.43724649450602393,-0.11887015653345415
NSFC,31760132,K02,K02.1,4742,0.5764257954681248,-0.0030692592831564336
NSFC,31760143,K02,K02.1,4299,0.4854843687462421,0.027475583185862823
NSFC,31760147,K03,K03.1|K03.2,3432,0.17852468417341155,0.13533825209278133
NSFC,31760151,K03,K03.1|K03.2,1056,0.1605523509014415,0.26675896919428654
NSFC,31760154,K02,K02.1,1081,0.5696700330169181,0.02122764713775066
NSFC,31760155,K02,K02.1,5058,0.5132019106442857,-0.037314888755986264
NSFC,31760181,K01,K01.1|K01.2,4636,0.09396052011101629,0.39006321003905553
NSFC,31760199,K02,K02.1,967,0.2888877457810838,-0.06613689299710282
NSFC,31760228,K01,K01.1|K01.2,5363,-0.07571378234379217,0.297746837853608
NSFC,31760234,K01,K01.2,4849,0.04009762136858368,0.17552973123729426
NSFC,31770358,K02,K02.1,5058,0.5132019106442857,-0.037314888755986264
NSFC,31770359,K02,K02.1,5093,0.3953794020951129,-0.10086852583412295
NSFC,31770372,K03,K03.2|K03.3,1096,0.14609595782311807,0.1776584629056128
NSFC,31770374,K02,K02.1,5143,0.3198375198326303,-0.12994059420432216
NSFC,31770394,K02,K02.1,4573,0.4271092311975835,-0.06900802930918197
NSFC,31770442,K02,K02.1,5058,0.5132019106442857,-0.037314888755986264
NSFC,31770449,K02,K02.1,5099,0.3737728992945652,-0.21630391893253723
NSFC,31770450,K02,K02.1,5091,0.3672847733835253,-0.10910945969406097
NSFC,31770454,K02,K02.1|K02.2,5173,0.3479971385544819,-0.07340180639500377
NSFC,31770459,K02,K02.1,5062,0.43891146361067357,-0.06363844761074977
NSFC,31770461,K02,K02.1,4788,0.43724649450602393,-0.11887015653345415
NSFC,31770464,K02,K02.1,4816,0.4751263580756775,-0.0836998792953909
NSFC,31770468,K02,K02.1,5167,0.4158023524064207,-0.1236512109542654
NSFC,31770472,K02,K02.1|K02.2,5066,0.44539669679234684,0.01293451580327537
NSFC,31770487,K02,K02.1,4594,0.4790642715212532,-0.07344932105427572
NSFC,31770490,K02,K02.1,5058,0.5132019106442857,-0.037314888755986264
NSFC,31770492,K02,K02.1,1888,0.23724783600791693,-0.08041540117123652
NSFC,31770499,K02,K02.1,5058,0.5132019106442857,-0.037314888755986264
NSFC,31770502,K02,K02.1,4774,0.463553949664655,-0.1841223212602461
NSFC,31770515,K02,K02.1,5297,0.3387511601587681,-0.05224926303754482
NSFC,31770516,K02,K02.1,4294,0.5801852655707379,0.042356675866510415
NSFC,31770517,K02,K02.1,4294,0.5801852655707379,0.042356675866510415
NSFC,31770518,K02,K02.1,5058,0.5132019106442857,-0.037314888755986264
NSFC,31770524,K02,K02.1,4371,0.5803637089137005,0.007181298957958743
NSFC,31770528,K02,K02.1,4294,0.5801852655707379,0.042356675866510415
NSFC,31770534,K02,K02.1,4371,0.5803637089137005,0.007181298957958743
NSFC,31770554,K02,K02.1,3300,0.2696360148088746,-0.3502941605195542
NSFC,31770563,K02,K02.1,4639,0.4345448221524586,-0.009868964057528032
NSFC,31770568,K02,K02.1,5061,0.4649610254638713,-0.003204206481745603
NSFC,31770585,K02,K02.1|K02.2,4819,0.40732114422373866,-0.03345047473612926
NSFC,31770651,K02,K02.1,4717,0.602804517671413,0.030042085824856554
NSFC,31770677,K01,K01.1,4520,0.006268473733678712,0.43413411118573264
NSFC,31770701,K02,K02.1,5061,0.4649610254638713,-0.003204206481745603
NSFC,31770747,K05,K05.1,725,0.09002775785980598,0.20341364282370222
NSFC,31770748,K02,K02.1,5295,0.3869920453391825,-0.08635994531178548
NSFC,31770750,K02,K02.1,2823,0.2760763791878178,-0.11904100822473732
NSFC,31770752,K04,K04.1|K04.3,2971,-0.22937413550844493,0.001507725773523724
NSFC,31770753,K05,K05.1,4901,0.11925328128370459,0.19245113084605514
NSFC,31770760,K01,K01.1,4415,0.09961424452664101,0.3599225411737902
NSFC,31770762,K02,K02.1,4395,0.4510484231257529,0.01860712589022863
NSFC,31772855,K04,K04.1|K04.3,3809,-0.1883393905146375,-0.23665547525051064
NSFC,31772899,K01,K01.1|K01.2,4979,-0.09850725323555425,0.22898136876993283
NSFC,31800276,K02,K02.1,5167,0.4158023524064207,-0.1236512109542654
NSFC,31800307,K02,K02.1,4775,0.45951063417130933,-0.18646881576840182
NSFC,31800343,K02,K02.1,5058,0.5132019106442857,-0.037314888755986264
NSFC,31800346,K02,K02.1,4407,0.49352528471502977,0.013424381028210447
NSFC,31800347,K02,K02.1,5058,0.5132019106442857,-0.037314888755986264
NSFC,31800350,K02,K02.1,5168,0.33056850676959676,-0.135874898394326
NSFC,31800359,K02,K02.1,6142,0.2853221812999944,-0.011006291961504322
NSFC,31800363,K02,K02.1,4294,0.5801852655707379,0.042356675866510415
NSFC,31800377,K02,K02.1,4294,0.5801852655707379,0.042356675866510415
NSFC,31800379,K02,K02.1|K02.2,4543,0.3830536092552208,0.00671959189294663
NSFC,31800382,K02,K02.1|K02.2,4305,0.5123800517187992,0.09260608042577208
NSFC,31800396,K02,K02.1,5164,0.40985988547232066,-0.05954789663349125
NSFC,31800408,K03,K03.1|K03.2,5219,0.1837826034988742,0.2267685240560444
NSFC,31800409,K02,K02.1,4742,0.5764257954681248,-0.0030692592831564336
NSFC,31800410,K02,K02.1,5062,0.43891146361067357,-0.06363844761074977
NSFC,31800412,K02,K02.1,4294,0.5801852655707379,0.042356675866510415
NSFC,31800438,K02,K02.1,4770,0.4587817302619146,-0.10179827326984478
NSFC,31800448,K02,K02.1,5160,0.35694722897288494,-0.10276355328631301
NSFC,31800465,K01,K01.1,7390,-0.15545191076656367,0.15788711210782128
NSFC,31800469,K01,K01.1|K01.2,4426,0.09386226961149784,0.33531890211646764
NSFC,31800513,K02,K02.1,722,0.554653282443532,-0.0018746441293006622
NSFC,31800536,K02,K02.1,790,0.4552284912382413,0.06633218501096283
NSFC,31800538,K02,K02.1,4300,0.5058948185371258,0.016033117011746922
NSFC,31800542,K02,K02.1,717,0.5544748391005695,0.03330073277925101
NSFC,31800551,K02,K02.1,4742,0.5764257954681248,-0.0030692592831564336
NSFC,31800604,K04,K04.1|K04.2|K04.3,4895,-0.012847912890959531,0.013408913321311354
NSFC,31800605,K04,K04.1|K04.3,4889,-0.01067425502999364,-0.004573763182654539
NSFC,31800606,K04,K04.1|K04.2|K04.3,1310,-0.20153197449135457,0.07184142921436136
NSFC,31800609,K02,K02.1,4483,0.44100596460863717,-0.07344422138378728
NSFC,31801315,K01,K01.1|K01.2,711,-0.1437805977409433,0.21922638114316487
NSFC,31801964,K01,K01.2,5056,0.14582368407030338,0.28429920060268876
NSFC,31801986,K01,K01.1,5166,-0.010131294370576333,0.24564171309434787
NSFC,31801987,K03,K03.2|K03.3,5079,0.13010834847286012,0.16987716049134782
NSFC,31801991,K02,K02.1,4838,0.39533851143342363,-0.10884021819746872
NSFC,31802107,K02,K02.1,3214,0.08856303672056202,-0.5247398265211047
NSFC,31830005,K02,K02.1,5086,0.2988312225624766,-0.07328812617232866
NSFC,31830012,K02,K02.1,5227,0.39933620128318603,-0.047422687462118654
NSFC,31860116,K02,K02.1,4391,0.5274662170224375,0.031604797095196965
NSFC,31860145,K01,K01.1,4479,0.10635208082530061,0.3159162148615672
NSFC,31860174,K02,K02.1,4532,0.4788858281782906,-0.03827394414572405
NSFC,31860197,K02,K02.1|K02.2,4375,0.5125584950617617,0.05743070351722038
NSFC,31860200,K02,K02.1,5142,0.4119024732518384,-0.11794550876822074
NSFC,31860205,K01,K01.1,4520,0.006268473733678712,0.43413411118573264
NSFC,31860207,K01,K01.1|K01.2,4524,0.0003380554755729598,0.44470584903696175
NSFC,31860211,K02,K02.1,1572,0.3311540845896863,0.036987896185683725
NSFC,31860213,K01,K01.2,1484,-0.14654573176729796,0.3009382929096225
NSFC,31860232,K02,K02.1,2824,0.30586597880464106,-0.08607422529227263
NSFC,31860233,K04,K04.1|K04.3,4647,-0.08247049247795787,-0.009634022594492433
NSFC,31860620,K02,K02.1,4807,0.5174247763219919,-0.053707247248857407
NSFC,31870307,K02,K02.1,4158,0.2499885513099856,-0.1698044544997515
NSFC,31870369,K02,K02.1,4702,0.46283121108006664,-0.06090508639850037
NSFC,31870374,K02,K02.1,4816,0.4751263580756775,-0.0836998792953909
NSFC,31870385,K03,K03.2,5075,0.21590003258833435,0.18059345077703168
NSFC,31870396,K02,K02.1,5002,0.5038545971622023,-0.03814929683518854
NSFC,31870412,K02,K02.1,4742,0.5764257954681248,-0.0030692592831564336
NSFC,31870416,K02,K02.1,4704,0.4882846282215322,-0.06288599124890776
NSFC,31870425,K03,K03.1|K03.2,4752,0.22757591020953716,0.25783357016063496
NSFC,31870433,K02,K02.1,4594,0.4790642715212532,-0.07344932105427572
NSFC,31870451,K02,K02.1,5101,0.3962867493474702,-0.22071444524123165
NSFC,31870453,K02,K02.1,5170,0.3675614672260063,-0.08954052868002474
NSFC,31870454,K02,K02.1|K02.2,4305,0.5123800517187992,0.09260608042577208
NSFC,31870455,K02,K02.1,5246,0.3451410355702895,-0.21418803019860902
NSFC,31870459,K02,K02.1,4324,0.5742950634817341,0.09615736082156248
NSFC,31870460,K01,K01.2,4369,0.2612263675201326,0.29468470604239316
NSFC,31870462,K01,K01.1,4287,0.10756791112612603,0.5147647311979671
NSFC,31870463,K02,K02.1|K02.2,4485,0.3732007507566983,-0.02319481682452563
NSFC,31870471,K02,K02.1,4371,0.5803637089137005,0.007181298957958743
NSFC,31870487,K02,K02.1,3300,0.2696360148088746,-0.3502941605195542
NSFC,31870489,K02,K02.1,3220,0.1492858316273452,-0.48283838603940743
NSFC,31870502,K02,K02.1,4386,0.5658888428232323,0.06351372541899185
NSFC,31870514,K02,K02.1,5018,0.31439008550512926,-0.1364807044695691
NSFC,31870525,K02,K02.1,4573,0.4271092311975835,-0.06900802930918197
NSFC,31870530,K01,K01.1,4522,0.0959910592145397,0.38519717437387113
NSFC,31870534,K03,K03.3,4315,0.14565226637086803,0.3118500007602718
NSFC,31870603,K02,K02.1,4294,0.5801852655707379,0.042356675866510415
NSFC,31870618,K02,K02.1,4534,0.46529119056136103,-0.051620858091530095
NSFC,31870699,K05,K05.1,5317,-0.06973152783008751,0.0864304595570597
NSFC,31870700,K02,K02.1,2837,0.34155458970861596,-0.06732191677964307
NSFC,31870702,K02,K02.1,3604,0.3868789068301631,-0.21463831969284938
NSFC,31870705,K04,K04.1|K04.2|K04.3,5161,-0.022606774983667866,-0.02345921305587223
NSFC,31870712,K02,K02.1,4594,0.4790642715212532,-0.07344932105427572
NSFC,31871516,K03,K03.3,310,-0.16953387281185373,0.2659825277649991
NSFC,31871518,K03,K03.1|K03.2,888,0.08957818309535785,0.2412858741846824
NSFC,31872004,K02,K02.1,6280,0.20223196028361534,-0.28143969429386106
NSFC,31872179,K02,K02.1,7344,0.1698906879875437,-0.35261722065536283
NSFC,31872246,K02,K02.1,5124,0.3740226096821848,-0.15311578600628398
NSFC,31872248,K03,K03.1|K03.2,5150,0.06305258799325068,0.14295732067557065
NSFC,31872252,K02,K02.1,5061,0.4649610254638713,-0.003204206481745603
NSFC,31872688,K02,K02.1|K02.2,5270,0.26704606715224694,0.0037058437077615164
NSFC,31872692,K03,K03.1|K03.2,879,0.11935109388660874,0.20440363628168803
NSFC,31900191,K02,K02.1,5180,0.34242563123570213,-0.09855883579566782
NSFC,31900281,K02,K02.1,5112,0.41565684156281957,-0.11545382744777516
NSFC,31900373,K01,K01.1|K01.2,5139,0.07131817121039614,0.2819866653283628
NSFC,31901079,K02,K02.1,4371,0.5803637089137005,0.007181298957958743
NSFC,31901093,K02,K02.1,4371,0.5803637089137005,0.007181298957958743
NSFC,31901099,K02,K02.1,5169,0.32373739898721265,-0.13564629639036682
NSFC,31901128,K02,K02.1,5142,0.4119024732518384,-0.11794550876822074
NSFC,31901143,K02,K02.1,4598,0.3843633746967573,-0.08833041373492333
NSFC,31901151,K01,K01.1|K01.2,150,-0.06003858346246618,0.29920761627285875
NSFC,31901152,K02,K02.1,5167,0.4158023524064207,-0.1236512109542654
NSFC,31901153,K04,K04.1|K04.2,3649,0.0015642915914097083,-0.1299291886394211
NSFC,31901155,K02,K02.1,4392,0.45317576998882525,0.005281238240433472
NSFC,31901167,K01,K01.1|K01.2,4290,0.23960096352929572,0.4422888499630939
NSFC,31901172,K02,K02.1,4836,0.47902623723025983,-0.08940558148143556
NSFC,31901181,K02,K02.1,3300,0.2696360148088746,-0.3502941605195542
NSFC,31901240,K01,K01.2,5090,-0.08981603867131804,0.2614415664764756
NSFC,31901284,K02,K02.1,41,0.374633891312933,-0.04879097683247628
NSFC,31901298,K02,K02.1,4294,0.5801852655707379,0.042356675866510415
NSFC,31901311,K04,K04.1|K04.2|K04.3,4546,-0.10253270309787348,0.11523112698536958
NSFC,31901360,K02,K02.1,84,0.2984620615452057,-0.10132879132878636
NSFC,31901361,K02,K02.1,2823,0.2760763791878178,-0.11904100822473732
NSFC,31901363,K05,K05.1,5242,0.007029765576913871,0.14766203945604095
NSFC,31902425,K04,K04.1|K04.3,3676,-0.36080888705195197,-0.38032999132619305
NSFC,31930070,K02,K02.1,4371,0.5803637089137005,0.007181298957958743
NSFC,31930072,K02,K02.1,717,0.5544748391005695,0.03330073277925101
NSFC,31960099,K02,K02.1,5143,0.3198375198326303,-0.12994059420432216
NSFC,31960252,K02,K02.1,5304,0.38110184325017865,-0.03255926035673342
NSFC,31960257,K02,K02.1,4851,0.5793884096398919,0.021290918356073912
NSFC,31960258,K02,K02.1|K02.2,4446,0.34295938953188176,-0.03685701872437422
NSFC,31960261,K01,K01.1|K01.2,1188,-0.02225399849737443,0.520337007768398
NSFC,31960263,K01,K01.1|K01.2,3607,0.08190201777021601,0.14045022992182427
NSFC,31960284,K02,K02.1,4532,0.4788858281782906,-0.03827394414572405
NSFC,31960304,K02,K02.1,4483,0.44100596460863717,-0.07344422138378728
NSFC,31960328,K05,K05.1,5347,-0.025370411080136976,0.12484266734070712
NSFC,31970233,K01,K01.1,812,0.1953726581815699,0.41951790718153803
NSFC,31970495,K02,K02.1,5062,0.43891146361067357,-0.06363844761074977
NSFC,31971395,K02,K02.1,5058,0.5132019106442857,-0.037314888755986264
NSFC,31971396,K02,K02.1,3635,0.46043745042596884,-0.12594815710189108
NSFC,31971400,K02,K02.1|K02.2,4705,0.34996656856178593,-0.027613905258516154
NSFC,31971423,K03,K03.2|K03.3,5078,0.20439879550647233,0.1962007193461113
NSFC,31971455,K02,K02.1,4483,0.44100596460863717,-0.07344422138378728
NSFC,31971463,K02,K02.1,4886,0.43301841010110687,-0.014981692641140368
NSFC,31971476,K02,K02.1,3296,0.34392646184248676,-0.32397060166479064
NSFC,31971481,K02,K02.1,5188,0.35243476580629346,-0.09848532061096635
NSFC,31971482,K05,K05.1|K05.3,4002,-0.1610101869576419,-0.017869343022024073
NSFC,31971485,K02,K02.1,7623,0.35111143590819316,-0.06777958780951028
NSFC,31971486,K03,K03.1|K03.2,5071,0.13830246353250025,0.16315369955880096
NSFC,31971488,K03,K03.2|K03.3,4754,0.26762268033031145,0.23044634881894113
NSFC,31971490,K02,K02.1,4346,0.5079472762255279,0.022645603918786367
NSFC,31971492,K03,K03.2,4313,0.2828833875147866,0.2602650153995284
NSFC,31971502,K02,K02.1|K02.2,4350,0.5348939017717041,0.08819555411707762
NSFC,31971509,K02,K02.1,2982,0.21963883164080428,-0.18251591221542432
NSFC,31971540,K02,K02.1,5085,0.38406506819930053,-0.06106443873226805
NSFC,31971542,K03,K03.1|K03.3,5020,0.047534479832246776,0.14044672885252513
NSFC,31971559,K02,K02.1,5311,0.3019366430453211,-0.13375900966039778
NSFC,31971560,K03,K03.1,5346,0.032565296906223326,0.1742976721099325
NSFC,31971575,K01,K01.1,4478,-0.03161138983597482,0.39896383394766943
NSFC,31971580,K02,K02.1,4295,0.494951419933914,0.03013298842644982
NSFC,31971629,K01,K01.1|K01.2,3271,-0.05111145419406214,0.0737385425665352
NSFC,31971713,K02,K02.1,3041,0.3460136385153672,-0.19541113586397732
NSFC,31971715,K02,K02.1,5189,0.389427726262703,-0.05215095089666508
NSFC,31971717,K05,K05.1,171,0.11912725662698224,0.23602828011852417
NSFC,31971720,K02,K02.1,5185,0.3523781041272232,-0.09868340631518252
NSFC,31971721,K02,K02.1,6064,0.3009009554594614,-0.07125326704165687
NSFC,31971722,K05,K05.1,2836,-0.012272980996303529,0.12529207482154053
NSFC,31971723,K01,K01.1,5262,-0.0367955632355603,0.29648250567955314
NSFC,31971773,K02,K02.1,7048,0.17423011531662996,-0.21851067619935943
NSFC,31972312,K02,K02.1,3808,0.27036243810869126,-0.28637767626777566
NSFC,31972793,K02,K02.1,5062,0.43891146361067357,-0.06363844761074977
NSFC,31972945,K02,K02.1,4936,0.44907000755183746,-0.053588983987500866
NSFC,32000269,K02,K02.1,5058,0.5132019106442857,-0.037314888755986264
NSFC,32000316,K02,K02.1,5167,0.4158023524064207,-0.1236512109542654
NSFC,32001086,K02,K02.1,5063,0.4295141848474495,-0.056749525472019446
NSFC,32001087,K02,K02.1,5146,0.3186132142964916,-0.13059945977972143
NSFC,32001114,K02,K02.1,5058,0.5132019106442857,-0.037314888755986264
NSFC,32001119,K03,K03.2,5075,0.21590003258833435,0.18059345077703168
NSFC,32001136,K02,K02.1,4371,0.5803637089137005,0.007181298957958743
NSFC,32001145,K02,K02.1,4294,0.5801852655707379,0.042356675866510415
NSFC,32001155,K02,K02.1,3387,0.38187759245679737,-0.19043681459192247
NSFC,32001159,K02,K02.1,3033,0.28544955811371664,-0.17440457497683748
NSFC,32001160,K02,K02.1,38,0.3958616197830707,-0.014992469130507238
NSFC,32001161,K02,K02.1,118,0.4511836348604601,0.05860518927787295
NSFC,32001162,K02,K02.1,38,0.3958616197830707,-0.014992469130507238
NSFC,32001163,K03,K03.1|K03.2,1083,0.08106906706022386,0.245157901998972
NSFC,32001166,K02,K02.1,4483,0.44100596460863717,-0.07344422138378728
NSFC,32001168,K01,K01.1,4362,0.245709825130364,0.39654173520331326
NSFC,32001171,K01,K01.1|K01.2,4290,0.23960096352929572,0.4422888499630939
NSFC,32001177,K02,K02.1,5142,0.4119024732518384,-0.11794550876822074
NSFC,32001179,K02,K02.1,4443,0.4107646033838206,-0.08710642328363585
NSFC,32001181,K02,K02.1,4294,0.5801852655707379,0.042356675866510415
NSFC,32001182,K02,K02.1,4371,0.5803637089137005,0.007181298957958743
NSFC,32001188,K01,K01.1|K01.2,4290,0.23960096352929572,0.4422888499630939
NSFC,32001225,K02,K02.1,5058,0.5132019106442857,-0.037314888755986264
NSFC,32001230,K02,K02.1|K02.2,5119,0.2772753358205238,-0.06185859121413011
NSFC,32001236,K03,K03.3,4804,0.06292876558575004,0.21655829619822778
NSFC,32001239,K02,K02.1|K02.2,4601,0.41125905766931437,-0.023199916495014086
NSFC,32001240,K01,K01.1|K01.2,5266,-0.005733021037256522,0.3533886132450834
NSFC,32001241,K05,K05.2|K05.3,4147,0.04263147864131288,0.09069398771778825
NSFC,32001251,K02,K02.1,5295,0.3869920453391825,-0.08635994531178548
NSFC,32001327,K02,K02.1,5083,0.4241074371701149,0.020016874871274543
NSFC,32001360,K05,K05.1|K05.2,4903,0.0436551664318751,0.1586650570356412
NSFC,32001361,K02,K02.1,7720,0.25297643141699794,-0.12143367378558512
NSFC,32001362,K02,K02.1,2823,0.2760763791878178,-0.11904100822473732
NSFC,32001364,K01,K01.1,4892,0.008525300302614364,0.31144239135156926
NSFC,32001365,K02,K02.1,5163,0.3728669250159112,-0.10588226634779252
NSFC,32001367,K02,K02.1,7733,0.2735486691572599,-0.12025447184022825
NSFC,32001368,K05,K05.1,43,0.10751225959894938,0.22934061391577062
NSFC,32001415,K04,K04.1|K04.3,6162,-0.1884651828443648,-0.04158607036506995
NSFC,32001946,K03,K03.3,7608,-0.08531516296665093,0.021934407121370368
NSFC,32001949,K02,K02.1,5117,0.3020813451713306,-0.16207981447284311
NSFC,32002379,K02,K02.1,3784,0.18568953582324188,-0.37530974431946384
NSFC,32060051,K02,K02.1,4781,0.4700311480858925,-0.1583870774274719
NSFC,32060068,K02,K02.1,4532,0.4788858281782906,-0.03827394414572405
NSFC,32060239,K01,K01.1|K01.2,5052,0.09832716156923128,0.3362937264858338
NSFC,32060244,K02,K02.1,4786,0.4636252167093121,-0.08575881142544114
NSFC,32060274,K01,K01.1|K01.2,4802,0.15687746274417774,0.34699714540104987
NSFC,32060280,K02,K02.1,4742,0.5764257954681248,-0.0030692592831564336
NSFC,32060290,K01,K01.1|K01.2,7602,-0.07939036065490597,0.2619433493553568
NSFC,32060292,K02,K02.1,7308,0.2482678371394781,-0.3211595752820574
NSFC,32060316,K02,K02.1|K02.2,4937,0.38126479369989863,-0.0033395794282392102
NSFC,32060317,K02,K02.1,4606,0.4138445201135805,-0.0901124021415552
NSFC,32060318,K05,K05.2|K05.3,5201,0.04309877595085006,0.049321240687927294
NSFC,32060320,K01,K01.1|K01.2,5294,-0.09155572736353518,0.3966198478709003
NSFC,32060346,K03,K03.3,1466,-0.10762889873590582,0.14314738766941962
NSFC,32060367,K01,K01.1|K01.2,4857,0.103407079751572,0.37533131881751747
NSFC,32060373,K01,K01.1|K01.2,4481,-0.03754180809408057,0.40953557179889843
NSFC,32060448,K04,K04.1|K04.3,6212,-0.33709428521042867,-0.20387031615298096
NSFC,32060629,K02,K02.1,7546,0.1846001121638401,-0.27331462238155335
NSFC,32070240,K02,K02.1,4532,0.4788858281782906,-0.03827394414572405
NSFC,32070462,K02,K02.1,5060,0.4211369572250776,-0.049309974192087686
NSFC,32070519,K01,K01.1|K01.2,5089,-0.05698725445475319,0.2713880776864894
NSFC,32070521,K04,K04.1,5182,-0.03287030060389673,-0.0438298780750525
NSFC,32071494,K02,K02.1|K02.2,4375,0.5125584950617617,0.05743070351722038
NSFC,32071513,K02,K02.1|K02.2,5067,0.37110624975873474,-0.013389043051488109
NSFC,32071515,K02,K02.1,868,0.5036478197616182,-0.002953874171829518
NSFC,32071529,K02,K02.1,5167,0.4158023524064207,-0.1236512109542654
NSFC,32071573,K02,K02.1,4570,0.5013996782311957,-0.04268447045441846
NSFC,32071578,K02,K02.1|K02.2,119,0.3463854605521117,0.06252022412283335
NSFC,32071579,K02,K02.1,2829,0.27762249902780556,-0.1262519575007099
NSFC,32071580,K04,K04.1|K04.3,2960,-0.09781458581611534,-0.1382212442415412
NSFC,32071586,K01,K01.1,4021,-0.010466489954378017,0.2506695516776921
NSFC,32071590,K02,K02.1|K02.2,4025,0.2563821799770197,-0.08844148000840076
NSFC,32071597,K02,K02.1|K02.2,5218,0.33135254408828474,0.03800209400569471
NSFC,32071604,K02,K02.1|K02.2,4485,0.3732007507566983,-0.02319481682452563
NSFC,32071605,K02,K02.1|K02.2,5066,0.44539669679234684,0.01293451580327537
NSFC,32071606,K02,K02.1|K02.2,4375,0.5125584950617617,0.05743070351722038
NSFC,32071608,K02,K02.1,6145,0.3018496448193758,-0.10291487283348377
NSFC,32071622,K02,K02.1,3665,0.35913754852996715,-0.29597510701132246
NSFC,32071647,K02,K02.1,6227,0.30701178153389014,-0.13752329770368854
NSFC,32071654,K01,K01.1|K01.2,5051,0.12437672342242904,0.396727967614838
NSFC,32071655,K03,K03.1,4501,0.16356408173700393,0.13624378183443647
NSFC,32071663,K02,K02.1,5124,0.3740226096821848,-0.15311578600628398
NSFC,32071664,K02,K02.1,4165,0.2851251354219292,-0.1182509961657793
NSFC,32071668,K02,K02.1|K02.2,5066,0.44539669679234684,0.01293451580327537
NSFC,32071683,K03,K03.3,4421,-0.00026487088989241014,0.24005542982219716
NSFC,32071735,K02,K02.1,4742,0.5764257954681248,-0.0030692592831564336
NSFC,32071744,K02,K02.1,4829,0.505404959433548,-0.05629423637342257
NSFC,32071758,K04,K04.1|K04.3,4317,-0.013404533388631859,0.13613847258379796
NSFC,32071759,K02,K02.1,4372,0.5321228237332861,0.041291981232199404
NSFC,32071760,K02,K02.1,4453,0.462690000633211,-0.06444733813699452
NSFC,32071762,K02,K02.1|K02.2,4617,0.3935692179024959,-0.006324393396839399
NSFC,32071783,K03,K03.1|K03.2|K03.3,5072,0.1553759997956216,0.2362562965088408
NSFC,32071830,K04,K04.1|K04.3,5364,-0.16337955854396619,-0.034599922574826456
NSFC,32071832,K02,K02.1,4807,0.5174247763219919,-0.053707247248857407
NSFC,32071836,K02,K02.1,4294,0.5801852655707379,0.042356675866510415
NSFC,32071843,K02,K02.1,4294,0.5801852655707379,0.042356675866510415
NSFC,32071894,K02,K02.1,6142,0.2853221812999944,-0.011006291961504322
NSFC,32071949,K02,K02.1,6260,0.32926964128188774,-0.0500262116454058
NSFC,32071972,K02,K02.1,4052,0.1095489522537088,-0.27832030326101664
NSFC,32072468,K03,K03.3,5120,-0.00294398010419894,0.12429088502581223
NSFC,32072666,K02,K02.1,4472,0.4603047897793293,-0.06654711342513574
NSFC,32072946,K02,K02.1,6183,0.25015423493023303,-0.26965134823144965
NSFC,32100086,K02,K02.1,3216,0.10253472838946308,-0.5160210180221485
NSFC,32100188,K02,K02.1|K02.2,4750,0.43433013458257386,0.020856586421341722
NSFC,32100304,K02,K02.1,5043,0.5355373173542282,-0.006550038156129007
NSFC,32100373,K02,K02.1,5126,0.3257817245017704,-0.11900510373204332
NSFC,32100393,K02,K02.1,5061,0.4649610254638713,-0.003204206481745603
NSFC,32100400,K02,K02.1,4791,0.49914001579286404,-0.071960135940344
NSFC,32100401,K03,K03.2|K03.3,5079,0.13010834847286012,0.16987716049134782
NSFC,32100403,K02,K02.1,5156,0.39439107682798247,-0.13624536257859776
NSFC,32101253,K02,K02.1,4594,0.4790642715212532,-0.07344932105427572
NSFC,32101292,K01,K01.1,5263,0.00019739722084922973,0.3428168753938544
NSFC,32101301,K01,K01.1,5288,-0.14152888332285843,0.3415580247866845
NSFC,32101304,K02,K02.1,4448,0.4627196437074902,-0.0915477150287296
NSFC,32101318,K02,K02.1,5251,0.25997845697812266,-0.12804820780386467
NSFC,32101322,K01,K01.1|K01.2,7739,-0.031209441037865854,0.3258106121347335
NSFC,32101325,K02,K02.1,2755,0.21075121212940873,-0.16485719326772488
NSFC,32101326,K03,K03.1|K03.2,563,0.07634156994560935,0.25081865411382304
NSFC,32101327,K03,K03.1|K03.2,5071,0.13830246353250025,0.16315369955880096
NSFC,32101340,K02,K02.1,5239,0.2815136927340133,-0.1109763245402553
NSFC,32101347,K02,K02.1,4662,0.43472326549542106,-0.04504434096607972
NSFC,32101351,K02,K02.1,5167,0.4158023524064207,-0.1236512109542654
NSFC,32101357,K02,K02.1,3635,0.46043745042596884,-0.12594815710189108
NSFC,32101359,K02,K02.1,5241,0.26028596426387557,-0.14477483224222434
NSFC,32101399,K02,K02.1|K02.2,5087,0.3162598543473617,-0.010815034173006416
NSFC,32101400,K01,K01.1,5192,0.05377461821736783,0.28538513046709324
NSFC,32101402,K03,K03.3,5028,0.008403685938105199,0.10928808800777545
NSFC,32101404,K05,K05.1,5184,0.10883226836230324,0.14288172237802305
NSFC,32101416,K03,K03.2|K03.3,5040,0.058635705243613626,0.3278128584109927
NSFC,32101480,K02,K02.1,4294,0.5801852655707379,0.042356675866510415
NSFC,32101494,K02,K02.1,4295,0.494951419933914,0.03013298842644982
NSFC,32101500,K02,K02.1,4295,0.494951419933914,0.03013298842644982
NSFC,32101514,K02,K02.1,4532,0.4788858281782906,-0.03827394414572405
NSFC,32101522,K01,K01.1,4589,0.1444103877379167,0.31591111519107873
NSFC,32101523,K01,K01.1,5135,-0.06071488119277354,0.35446254656323595
NSFC,32101525,K01,K01.1|K01.2,4797,0.16092077823752343,0.3493436399092057
NSFC,32101573,K02,K02.1,2825,0.31306933964422734,-0.07270663851043606
NSFC,32101576,K02,K02.1,5013,0.34759991549080155,-0.10359796136551527
NSFC,32101578,K02,K02.1,8129,0.32735558174746604,-0.061316378680129804
NSFC,32101582,K02,K02.1,2823,0.2760763791878178,-0.11904100822473732
NSFC,32102795,K01,K01.1|K01.2,6192,-0.13238666498430418,0.20228717458672618
NSFC,41530528,K03,K03.3,721,0.24293087752704257,0.25690767194306263
NSFC,41530529,K02,K02.1,836,0.4516927794379485,0.0014874175732642325
NSFC,41530532,K02,K02.1|K02.2,3955,0.12612261872646746,-0.14142896779647496
NSFC,41530635,K02,K02.1,3393,0.2044585034440417,-0.2439343224126246
NSFC,41530747,K02,K02.1,4294,0.5801852655707379,0.042356675866510415
NSFC,41530752,K02,K02.1,4532,0.4788858281782906,-0.03827394414572405
NSFC,41531176,K03,K03.1|K03.2,5350,-0.02009166531025837,0.13679550233353371
NSFC,41561002,K02,K02.1,3645,0.4326383298539529,-0.24972269558502277
NSFC,41561004,K02,K02.1,980,0.23248953347649065,-0.0341922358946955
NSFC,41561007,K02,K02.1,5061,0.4649610254638713,-0.003204206481745603
NSFC,41561008,K01,K01.1|K01.2,4636,0.09396052011101629,0.39006321003905553
NSFC,41561016,K03,K03.2,3973,-0.17812219792347367,0.03800567063299046
NSFC,41561017,K04,K04.3,1448,-0.30973443020567126,0.08761297552639274
NSFC,41561019,K02,K02.1,5297,0.3387511601587681,-0.05224926303754482
NSFC,41561020,K01,K01.1|K01.2,443,-0.12195751574851108,0.4163545187348885
NSFC,41561024,K02,K02.1,4057,0.16463578382497734,-0.19926326867832803
NSFC,41561025,K02,K02.1,8378,0.24813654874043828,-0.12268425576463501
NSFC,41561035,K02,K02.1|K02.2,6036,0.08923682433084686,-0.1557530352537306
NSFC,41561036,K02,K02.1,7836,0.23443863473894527,-0.15857091428572764
NSFC,41561037,K02,K02.1,7967,0.26904966602090824,-0.09703016689419865
NSFC,41561038,K03,K03.1|K03.2,8030,-0.03284982958275509,0.1309109341813908
NSFC,41561039,K02,K02.1,4913,0.34282770343834346,-0.07497547058683993
NSFC,41561040,K05,K05.1,4925,-0.025850702826919827,0.113076805294968
NSFC,41561043,K02,K02.1,2919,0.2774102723951436,-0.1048040319550135
NSFC,41561054,K02,K02.1,4836,0.47902623723025983,-0.08940558148143556
NSFC,41561073,K03,K03.3,4932,0.09799220670067445,0.030935896170779992
NSFC,41561081,K01,K01.1,4520,0.006268473733678712,0.43413411118573264
NSFC,41561086,K02,K02.1,3392,0.25911916216063124,-0.2021113934280187
NSFC,41561087,K01,K01.1|K01.2,4555,0.1324113240478445,0.4154589149059116
NSFC,41561089,K03,K03.3,4608,0.10230055854005358,0.13349453702225644
NSFC,41561099,K03,K03.3,1667,-0.15022794779547702,0.2854722046852325
NSFC,41561105,K02,K02.1,4859,0.44963778484292616,-0.024918282445370407
NSFC,41561111,K01,K01.1|K01.2,4567,0.08652492915614123,0.3309241447874016
NSFC,41562009,K01,K01.1,4288,0.24553138178740147,0.4317171121118649
NSFC,41571019,K02,K02.1,3941,0.09257158424828109,-0.31358001532750035
NSFC,41571021,K02,K02.1,3886,0.4006466992071404,-0.039524201066119743
NSFC,41571023,K02,K02.1,336,0.2544007850317086,-0.021825562255329417
NSFC,41571026,K02,K02.1|K02.2,571,0.3437225842788903,-0.02162408919033
NSFC,41571030,K02,K02.1|K02.2,4028,0.2987328630684302,-0.06875147732758938
NSFC,41571033,K03,K03.2,3974,-0.14920581515906275,-0.024145048219600902
NSFC,41571036,K02,K02.1,4027,0.272465422058437,-0.1352652150094926
NSFC,41571038,K02,K02.1,4294,0.5801852655707379,0.042356675866510415
NSFC,41571041,K02,K02.1,445,0.2186267862929312,0.016422344638304887
NSFC,41571042,K02,K02.1|K02.2,4884,0.3588338889729435,-0.0023314051074323633
NSFC,41571046,K02,K02.1,4503,0.44118440795159963,-0.10861959829233897
NSFC,41571047,K01,K01.1,2812,-0.05857750459551869,0.27031942802061715
NSFC,41571048,K02,K02.1,4598,0.3843633746967573,-0.08833041373492333
NSFC,41571051,K02,K02.1,4639,0.4345448221524586,-0.009868964057528032
NSFC,41571053,K02,K02.1,108,0.25476348187306996,-0.16813251472897892
NSFC,41571058,K02,K02.1,3659,0.4399558777918179,-0.10310465201390019
NSFC,41571061,K03,K03.3,1615,-0.11093380292679669,0.3291066993383309
NSFC,41571062,K03,K03.1|K03.2,3967,-0.15251293718128467,-0.015261240583068117
NSFC,41571067,K02,K02.1|K02.2,3860,0.207081230762021,-0.10576094796244757
NSFC,41571068,K01,K01.1|K01.2,3879,0.007332772141246696,0.45567927955662657
NSFC,41571069,K01,K01.1,5226,0.14991616313667355,0.35416143622329643
NSFC,41571070,K04,K04.1|K04.3,2416,-0.3903747003498731,-0.18765460176336277
NSFC,41571071,K02,K02.1,3885,0.48588054484396437,-0.027300513626059134
NSFC,41571077,K03,K03.1|K03.2|K03.3,4657,0.14747364653711392,0.22518101262436394
NSFC,41571079,K01,K01.1|K01.2,5286,-0.020722902356224135,0.3287250937036006
NSFC,41571080,K02,K02.1,3268,0.27317172660916733,-0.2854493930818556
NSFC,41571084,K02,K02.1,4345,0.5190113898268068,0.018511512841782818
NSFC,41571087,K05,K05.1,8371,-0.08370880601886828,0.07274931508967372
NSFC,41571088,K04,K04.1|K04.3,6163,-0.15352963208823583,-0.024858403129327022
NSFC,41571089,K02,K02.1,4340,0.5174652699868191,0.02572246211775539
NSFC,41571090,K02,K02.1,2966,0.47686342373296586,-0.051139326929906595
NSFC,41571091,K02,K02.1,4442,0.4368141652370183,-0.026672182154631685
NSFC,41571093,K03,K03.1|K03.2,4921,-0.02083439594652363,0.0813189026470599
NSFC,41571094,K01,K01.1|K01.2,35,0.092270278198038,0.4312740746803776
NSFC,41571096,K02,K02.1,8337,0.24800565732462926,-0.12207524225686137
NSFC,41571098,K02,K02.1,4639,0.4345448221524586,-0.009868964057528032
NSFC,41571101,K02,K02.1,4703,0.4991799968180304,-0.07065724071580695
NSFC,41571103,K03,K03.1|K03.2,4379,0.2797547088355272,0.23397344612750945
NSFC,41571104,K03,K03.1|K03.3,1481,-0.06939537379686554,0.18955517498006666
NSFC,41571105,K01,K01.1|K01.2,4291,0.1913600783488813,0.47639953223733467
NSFC,41571118,K02,K02.1,8227,0.25812899784726356,-0.12358226472020925
NSFC,41571121,K05,K05.2,8369,-0.09203140303054151,0.010494001463786718
NSFC,41571123,K03,K03.1,5701,-0.10889907821490916,0.08209860820597328
NSFC,41571126,K02,K02.1,2435,0.16775230803067376,-0.1304842329918897
NSFC,41571131,K01,K01.1|K01.2,7021,-0.18860241101804176,0.17503548167440983
NSFC,41571138,K02,K02.1,7822,0.2750178594702657,-0.1067913607026601
NSFC,41571144,K02,K02.1,8104,0.25063578761946864,-0.10821498636780748
NSFC,41571146,K02,K02.1,7993,0.26062065068716184,-0.1086023852331407
NSFC,41571147,K02,K02.1,5619,0.2297242583690528,-0.12516664996381688
NSFC,41571150,K02,K02.1,8378,0.24813654874043828,-0.12268425576463501
NSFC,41571152,K02,K02.1,5494,0.1912784565389734,-0.1771323397787206
NSFC,41571153,K02,K02.1|K02.2,5529,0.15553750503638702,-0.10294462294391826
NSFC,41571155,K02,K02.1,8024,0.2548431079005801,-0.11708493129327524
NSFC,41571156,K05,K05.1|K05.3,4077,-0.09835515053068461,0.0486712610341407
NSFC,41571159,K02,K02.1,8053,0.24027733299570248,-0.12483300367416617
NSFC,41571160,K02,K02.1,8350,0.26659402202780447,-0.11332588089599252
NSFC,41571162,K02,K02.1,8273,0.23360638759942304,-0.16356295995607406
NSFC,41571163,K01,K01.1,673,-0.07716736008224466,0.28330142666860114
NSFC,41571165,K04,K04.1|K04.2,4924,-0.06478321896742145,0.04446631207056668
NSFC,41571166,K02,K02.1,5502,0.23594522396209056,-0.13792348856755393
NSFC,41571170,K02,K02.1,4535,0.43064494299787626,-0.004163261871483373
NSFC,41571172,K05,K05.1,5024,0.06122667541336528,0.14585446752823417
NSFC,41571176,K04,K04.1|K04.3,5021,-0.11238660758910392,-0.042479525771889265
NSFC,41571180,K03,K03.1|K03.2,1077,0.2206417044153678,0.31730585349009377
NSFC,41571182,K01,K01.1,4318,0.287882064878812,0.45140711479267626
NSFC,41571193,K02,K02.1|K02.2,4307,0.4176791548943032,0.07772498774512447
NSFC,41571195,K02,K02.1,4294,0.5801852655707379,0.042356675866510415
NSFC,41571197,K02,K02.1,4504,0.34911945453239157,-0.12061468372844039
NSFC,41571199,K02,K02.1,795,0.42917892938504354,0.005897943881958662
NSFC,41571204,K02,K02.1|K02.2,4308,0.42869232592196294,0.07317144370973891
NSFC,41571213,K03,K03.2|K03.3,4487,0.13220284947082372,0.16007138671831034
NSFC,41571252,K02,K02.1,3296,0.34392646184248676,-0.32397060166479064
NSFC,41571301,K04,K04.1|K04.3,7356,-0.22641962631187096,-0.2783982508132615
NSFC,41571323,K01,K01.2,1486,-0.21176548317497063,0.28427521182234305
NSFC,41571324,K01,K01.1,3274,-0.12869089260212518,0.14843745366666602
NSFC,41571327,K02,K02.1,5238,0.22878406770956183,-0.01570501801409252
NSFC,41571328,K01,K01.1,4801,0.1628078810022835,0.33642540754982087
NSFC,41571332,K02,K02.1,1459,0.1647919900246867,0.06199940580396738
NSFC,41571339,K01,K01.1,4589,0.1444103877379167,0.31591111519107873
NSFC,41571350,K01,K01.1|K01.2,70,-0.06103285425725599,0.30044766724911187
NSFC,41571351,K04,K04.1|K04.3,4066,-0.34941814623005385,-0.059586312490053625
NSFC,41571353,K01,K01.1,660,-0.10802893555582303,0.373228970449733
NSFC,41571356,K01,K01.1,4020,-0.14842996061565344,0.33371717076379426
NSFC,41571367,K01,K01.1,4020,-0.14842996061565344,0.33371717076379426
NSFC,41571373,K01,K01.1,4522,0.0959910592145397,0.38519717437387113
NSFC,41571374,K04,K04.3,8039,-0.2924838613629314,0.014088302185633853
NSFC,41571375,K01,K01.1,5737,-0.19495307207557855,0.20239246555692653
NSFC,41571377,K01,K01.1|K01.2,6068,-0.12415915622320464,0.2691882600044737
NSFC,41571378,K01,K01.2,7985,-0.13478593340699263,0.24406271340751695
NSFC,41571384,K03,K03.1,8382,-0.024093085633643638,0.10751200788599652
NSFC,41571385,K01,K01.1|K01.2,7982,-0.06651030857400599,0.30755454360780465
NSFC,41571405,K01,K01.1|K01.2,4591,0.13847996947981095,0.32648285304230784
NSFC,41571406,K01,K01.1|K01.2,4482,0.10042166256719486,0.3264879527127963
NSFC,41571411,K01,K01.1|K01.2,4592,0.09023908429939652,0.3605935353165486
NSFC,41571412,K04,K04.1|K04.3,2640,-0.41305356651679875,-0.05708638508835297
NSFC,41571415,K01,K01.1|K01.2,4525,0.13830152613684837,0.3616582299508595
NSFC,41571417,K01,K01.1|K01.2,2891,-0.1845387681644195,0.3311221813558991
NSFC,41571418,K02,K02.1,76,0.23313689448679664,-0.14714497637177393
NSFC,41571419,K04,K04.3,5351,-0.13360811345086457,0.00017239365589587913
NSFC,41571421,K01,K01.1|K01.2,4525,0.13830152613684837,0.3616582299508595
NSFC,41571423,K01,K01.1,4522,0.0959910592145397,0.38519717437387113
NSFC,41571425,K01,K01.1,2025,-0.19496138139991687,0.3823493047235774
NSFC,41571427,K02,K02.1,729,0.34889437109958976,-0.034109395029783524
NSFC,41571429,K01,K01.1,4287,0.10756791112612603,0.5147647311979671
NSFC,41571431,K01,K01.1,1653,-0.15778340014677483,0.3297219343122251
NSFC,41571455,K02,K02.1,3406,0.09379449108039901,-0.41415673529841324
NSFC,41571474,K03,K03.3,7606,-0.12536713465390203,-0.05071771449497557
NSFC,41571475,K01,K01.1|K01.2,7472,-0.1294861090609575,0.21688467785992765
NSFC,41571477,K03,K03.1|K03.2,7605,-0.023818012221414678,-0.02861152397826841
NSFC,41571478,K03,K03.3,3646,0.03740664248358973,-0.045550393137244294
NSFC,41571479,K01,K01.1|K01.2,4464,0.1005288388655003,0.19294906596943967
NSFC,41571482,K04,K04.1|K04.2,144,-0.17814291566778567,-0.04661634742963777
NSFC,41571483,K02,K02.1,3611,0.3742454346312439,-0.22537126190051862
NSFC,41571485,K01,K01.1|K01.2,7520,-0.05742317508557348,0.13788547001963822
NSFC,41571488,K01,K01.1|K01.2,1582,-0.16367811107036456,0.34879306029731705
NSFC,41571489,K02,K02.1,1191,0.34983220009838156,-0.008664980556317342
NSFC,41571491,K03,K03.3,670,0.034548770543968696,0.2552343279259193
NSFC,41571493,K03,K03.1|K03.3,1201,-0.019893286910246208,0.19994713886916948
NSFC,41571494,K03,K03.3,1328,-0.10776237477786843,0.20212790000999986
NSFC,41571507,K04,K04.1,4545,-0.02988483447854655,0.03834200840907137
NSFC,41571511,K02,K02.1,1980,0.23880855574829934,-0.07168628880190284
NSFC,41571515,K02,K02.1,5324,0.1850677413504243,-0.18669047498313582
NSFC,41571519,K05,K05.1|K05.2,4976,0.0446210599352012,0.12854738355749945
NSFC,41571520,K05,K05.1|K05.2|K05.3,2183,-0.10602197772258674,0.05627963440833515
NSFC,41571521,K02,K02.1,3003,0.20249196147166465,-0.2118014614039447
NSFC,41571523,K02,K02.1|K02.2,1012,0.14255870691602707,-0.012895569283894112
NSFC,41571524,K02,K02.1,2870,0.20248803924352038,-0.19544934353819285
NSFC,41572082,K02,K02.1,4417,0.4342681283099775,-0.029437895071564274
NSFC,41572153,K02,K02.1,4339,0.602699115623643,0.037946149557816
NSFC,41572161,K01,K01.1,643,-0.00870279743459397,0.3212107709292773
NSFC,41572222,K03,K03.3,1488,-0.1992908220395723,0.16585858250391608
NSFC,41572287,K02,K02.1,1534,0.20424715334355725,-0.10963881833306674
NSFC,41572353,K02,K02.1,4742,0.5764257954681248,-0.0030692592831564336
NSFC,41573069,K03,K03.1|K03.2,6179,-0.10464274318254196,0.056289362810760676
NSFC,41573077,K02,K02.1|K02.2,5218,0.33135254408828474,0.03800209400569471
NSFC,41573085,K01,K01.1|K01.2,3021,-0.10951913134578058,0.20939384203192565
NSFC,41573131,K02,K02.1,4483,0.44100596460863717,-0.07344422138378728
NSFC,41573136,K01,K01.1|K01.2,6892,-0.17814317548200187,0.17864805921983634
NSFC,41574001,K01,K01.1,3902,-0.22040617816867553,0.33867034797549533
NSFC,41574003,K01,K01.1,1500,-0.2371631140449934,0.40631955100721195
NSFC,41575001,K02,K02.1,892,0.3446471908375343,-0.056410520016793975
NSFC,41575003,K02,K02.2,969,0.012490744076966917,0.10524935407728744
NSFC,41575011,K02,K02.1,2822,0.23832118719829876,-0.06093093505472694
NSFC,41575018,K01,K01.1|K01.2,2891,-0.1845387681644195,0.3311221813558991
NSFC,41575021,K01,K01.1,2890,-0.13393413820038513,0.22484887340706716
NSFC,41575034,K04,K04.3,2908,-0.2580799143417567,0.021359045751228434
NSFC,41575109,K02,K02.1,4301,0.49649753977390176,0.022922039150477247
NSFC,41575120,K02,K02.1,2842,0.26083503725120377,-0.06534146136342137
NSFC,41575141,K02,K02.1,145,0.2792118253716503,-0.11496153409344864
NSFC,41575145,K02,K02.1,2828,0.2870197777910296,-0.1331408796394402
NSFC,41575148,K02,K02.1|K02.2,2922,0.20960505854320477,-0.05455462739575187
NSFC,41575149,K02,K02.1,883,0.3901871831735311,0.014493727015131658
NSFC,41575151,K04,K04.3,2909,-0.2431054813068243,-0.015802187604923967
NSFC,41575153,K01,K01.1,4363,0.16047597949354003,0.3843180477632526
NSFC,41576042,K02,K02.1,291,0.32690900861877004,0.027477440406235107
NSFC,41576043,K02,K02.1|K02.2,295,0.3073446799472456,0.043616162691256066
NSFC,41576058,K02,K02.1,4341,0.5544582304432285,0.07205683183205666
NSFC,41576110,K02,K02.1,3626,0.3546730711992836,-0.26007025919674864
NSFC,41576120,K03,K03.3,4861,0.093945752137422,0.10299877669659811
NSFC,41576121,K02,K02.1,3295,0.22093742421614376,-0.2780842159348409
NSFC,41576169,K01,K01.1|K01.2,5243,-0.08928638427897541,0.3798166297737966
NSFC,41576172,K01,K01.1|K01.2,3385,-0.09667018024592029,0.2925429785907633
NSFC,41576175,K01,K01.1,3381,-0.09073976198781454,0.28197124073953417
NSFC,41601001,K02,K02.1,552,0.4036802228827465,0.021714402323972065
NSFC,41601015,K01,K01.1|K01.2,3937,-0.20487715838958326,0.12812092432457664
NSFC,41601018,K02,K02.1,1545,0.18960990084888257,-0.10439311934066725
NSFC,41601019,K04,K04.1|K04.2|K04.3,4182,-0.28854468609977313,-0.15929534838951626
NSFC,41601024,K02,K02.1,3639,0.4160964444001368,-0.09754317701369508
NSFC,41601025,K03,K03.2,3896,0.08211709268105132,0.1445856307649291
NSFC,41601033,K01,K01.1,4020,-0.14842996061565344,0.33371717076379426
NSFC,41601036,K02,K02.1,3951,0.15848099196198445,-0.24522369134601044
NSFC,41601039,K02,K02.1,1548,0.24011250407496015,-0.05411281157891332
NSFC,41601040,K04,K04.1|K04.3,1898,-0.27215646783009345,-0.1343511486464833
NSFC,41601049,K03,K03.1|K03.2,888,0.08957818309535785,0.2412858741846824
NSFC,41601062,K02,K02.1,4370,0.45737467128735754,0.053067684687908526
NSFC,41601064,K01,K01.1|K01.2,4289,0.10163749286802028,0.5253364690491962
NSFC,41601069,K02,K02.1,1210,0.29311544328718114,0.012722350356271867
NSFC,41601073,K02,K02.1,4295,0.494951419933914,0.03013298842644982
NSFC,41601077,K02,K02.1,840,0.4464608550945881,0.035691205358074324
NSFC,41601080,K01,K01.1|K01.2,3879,0.007332772141246696,0.45567927955662657
NSFC,41601082,K03,K03.1|K03.2,1123,0.08068417119264175,0.2288829836543935
NSFC,41601086,K02,K02.1|K02.2,4557,0.31780585557612384,-0.0474066891042179
NSFC,41601087,K05,K05.1,2969,0.019003646799064064,0.14085720364046775
NSFC,41601089,K02,K02.1,6242,0.20643858805761084,-0.17831763431585615
NSFC,41601093,K02,K02.1,85,0.33545502200161526,-0.05499442161448509
NSFC,41601094,K02,K02.1,5296,0.30175819970235856,-0.09858363275184609
NSFC,41601095,K01,K01.1|K01.2,4525,0.13830152613684837,0.3616582299508595
NSFC,41601099,K03,K03.1,5229,-0.029934817429299848,0.17810166899706947
NSFC,41601108,K02,K02.1,3342,0.16379179068459315,-0.3881665170273705
NSFC,41601115,K02,K02.1,7989,0.27407399346743627,-0.09237763048877895
NSFC,41601116,K02,K02.1,7989,0.27407399346743627,-0.09237763048877895
NSFC,41601117,K02,K02.1,7136,0.17069846751893158,-0.2203860625236587
NSFC,41601125,K02,K02.1,7989,0.27407399346743627,-0.09237763048877895
NSFC,41601148,K02,K02.1,7655,0.21510230235680383,-0.165054988157588
NSFC,41601149,K02,K02.1,8367,0.21314494560260022,-0.13149983770987628
NSFC,41601150,K02,K02.1,2754,0.2433003323997764,-0.13150200469344112
NSFC,41601151,K05,K05.1,6813,-0.04941131051122182,0.09940232244505369
NSFC,41601153,K02,K02.1,8346,0.2402849152586638,-0.15952282712342186
NSFC,41601154,K05,K05.1|K05.2,8015,-0.0820999274630865,0.06784844696906896
NSFC,41601155,K02,K02.1,7989,0.27407399346743627,-0.09237763048877895
NSFC,41601156,K02,K02.1,5621,0.24782457095731614,-0.12130987768399529
NSFC,41601157,K02,K02.1,8399,0.1979854070050876,-0.16970145817554194
NSFC,41601159,K02,K02.1,5508,0.24397584136276684,-0.12396080350799712
NSFC,41601160,K05,K05.1,6083,-0.07358627616093452,0.0905711532214216
NSFC,41601162,K03,K03.1|K03.2,8000,-0.026535006610737016,0.13441451668077178
NSFC,41601164,K02,K02.1,7995,0.228303329422387,-0.1390781607315855
NSFC,41601165,K01,K01.1,8347,-0.09484106317217943,0.2724481792814286
NSFC,41601166,K02,K02.1,5543,0.25547735414388995,-0.11548516853776947
NSFC,41601167,K03,K03.1|K03.2,3966,-0.10668116749976704,0.03511377481381413
NSFC,41601169,K02,K02.1,8076,0.20462575842346653,-0.16341540725015197
NSFC,41601170,K02,K02.1,7775,0.22432202242330251,-0.16143042277317046
NSFC,41601171,K01,K01.2,4666,0.0470789945532397,0.21117427738086966
NSFC,41601176,K02,K02.1,8326,0.2205712698225622,-0.17893602751113968
NSFC,41601178,K02,K02.1,8333,0.25432048029664733,-0.11857165975748038
NSFC,41601182,K01,K01.1|K01.2,4164,-0.058766395749361176,0.275986652798347
NSFC,41601184,K05,K05.1,5348,0.04760130776350334,0.1704391050644706
NSFC,41601185,K04,K04.3,4954,-0.08805640514414416,0.017592603947937123
NSFC,41601190,K01,K01.1,4288,0.24553138178740147,0.4317171121118649
NSFC,41601192,K02,K02.1,4325,0.6067424311169887,0.04029264406597173
NSFC,41601198,K02,K02.1,1075,0.46303001556699386,0.010380828904272693
NSFC,41601202,K02,K02.1,4652,0.505299557385778,-0.04839017264046312
NSFC,41601203,K02,K02.1,3147,0.2475786132972979,-0.17957793969799943
NSFC,41601206,K02,K02.1,4294,0.5801852655707379,0.042356675866510415
NSFC,41601208,K02,K02.1,4341,0.5544582304432285,0.07205683183205666
NSFC,41601210,K01,K01.1,5310,0.004275719718394119,0.30193579629925804
NSFC,41601213,K01,K01.1,6194,-0.20348543648037531,0.29971448038970483
NSFC,41601214,K01,K01.1,4588,0.006446917076641259,0.398958734277181
NSFC,41601274,K01,K01.1,4521,0.14423194439495413,0.3510864920996305
NSFC,41601279,K02,K02.1,1921,0.36958247382147513,-0.036534558716893456
NSFC,41601327,K02,K02.1|K02.2,3344,0.18856608987293283,-0.3211491287926658
NSFC,41601349,K02,K02.1,787,0.3655059057573803,0.11526912182282435
NSFC,41601351,K01,K01.1,7086,-0.20429622223301674,0.15641021770827804
NSFC,41601356,K01,K01.1|K01.2,2345,-0.22094324602163445,0.335473036423802
NSFC,41601362,K01,K01.1|K01.2,4454,0.10035039552253776,0.22812444287799133
NSFC,41601364,K01,K01.1|K01.2,3880,0.05122358794059005,0.3563673273478828
NSFC,41601367,K01,K01.1,4104,-0.22718744092277937,0.28749358822845394
NSFC,41601368,K01,K01.1|K01.2,4425,-0.044101201049777605,0.4183665212025698
NSFC,41601373,K01,K01.1,714,0.09683191769088996,0.46854755475455534
NSFC,41601376,K01,K01.2,3289,-0.11317435021235656,0.046580424505745927
NSFC,41601385,K01,K01.1,2888,-0.17860834990631375,0.32055044350467
NSFC,41601386,K01,K01.1,2810,-0.11130712961997015,0.3655907345467799
NSFC,41601387,K01,K01.1,7979,-0.15030247579676123,0.34591974256843705
NSFC,41601397,K01,K01.1,611,0.009615129650387202,0.47195798443642134
NSFC,41601404,K03,K03.1,7998,-0.025881739457101982,0.12172089903813925
NSFC,41601415,K04,K04.1,2758,-0.16637105159321489,-0.028357083748566735
NSFC,41601420,K03,K03.1,5880,-0.03869829682641107,0.11438645010635709
NSFC,41601423,K01,K01.1,1591,-0.227098401901615,0.46002633648798097
NSFC,41601426,K01,K01.1,5602,-0.20468542849553234,0.3168835766020959
NSFC,41601431,K05,K05.1,1307,-0.19985057872645173,0.2726240656234846
NSFC,41601434,K03,K03.2,5914,-0.15698153103730283,0.09569430193171696
NSFC,41601435,K02,K02.1,4294,0.5801852655707379,0.042356675866510415
NSFC,41601437,K04,K04.3,8243,-0.23625521981338343,0.029103771806790003
NSFC,41601442,K02,K02.1,4297,0.47372369146377624,-0.0036655192755192245
NSFC,41601445,K01,K01.1|K01.2,8242,-0.15639925066402816,0.3423704899108416
NSFC,41601447,K01,K01.2,2750,-0.10838612926415915,0.12264621381670951
NSFC,41601449,K01,K01.1,8026,-0.06689471328791831,0.29347922325719455
NSFC,41601450,K04,K04.2|K04.3,8007,-0.2010233232948517,0.07166070472204915
NSFC,41601453,K01,K01.1|K01.2,4624,-0.0516656395872737,0.39451006161793045
NSFC,41601456,K02,K02.1,4292,0.44222179490946256,0.12540429495261263
NSFC,41601457,K01,K01.1|K01.2,2816,-0.05356452425041265,0.26679129445714334
NSFC,41601458,K03,K03.3,6209,-0.09065292878970474,0.08502404649630053
NSFC,41601460,K01,K01.1|K01.2,70,-0.06103285425725599,0.30044766724911187
NSFC,41601462,K02,K02.1,20,0.33053645272466164,-0.060808654173494806
NSFC,41601464,K01,K01.1|K01.2,6248,-0.11204743123981387,0.29282180337051034
NSFC,41601466,K01,K01.1|K01.2,6198,-0.20941585473848107,0.31028621824093394
NSFC,41601471,K02,K02.1|K02.2,4089,0.1679023614507033,-0.11196439274445638
NSFC,41601473,K01,K01.1|K01.2,6300,-0.2084153529853756,0.2023572016734381
NSFC,41601480,K01,K01.1,8130,-0.09203054927822253,0.28446091614155156
NSFC,41601481,K01,K01.1,6195,-0.211106612738996,0.3131036234599325
NSFC,41601482,K02,K02.1,4294,0.5801852655707379,0.042356675866510415
NSFC,41601484,K02,K02.1,5588,0.20831662827875452,-0.13907643060411257
NSFC,41601510,K02,K02.1,3568,0.1497325451702637,-0.35117896235329404
NSFC,41601513,K02,K02.1,7295,0.14335045692208853,-0.2694770054179624
NSFC,41601514,K02,K02.1,3775,0.27324469394085704,-0.3278818126323271
NSFC,41601526,K03,K03.2|K03.3,3780,-0.0842570117896872,-0.022156259945516205
NSFC,41601527,K02,K02.1,3257,0.1765813380438659,-0.3851280204514469
NSFC,41601546,K01,K01.1|K01.2,2946,-0.12008368170816569,0.20897801651561496
NSFC,41601547,K03,K03.3,3616,0.036651911204519175,-0.062198563865711154
NSFC,41601550,K01,K01.1|K01.2,7618,-0.11222785542163298,0.2087942084977022
NSFC,41601552,K01,K01.1|K01.2,3287,-0.07094828723256767,0.04963801357702938
NSFC,41601555,K01,K01.1,2888,-0.17860834990631375,0.32055044350467
NSFC,41601556,K01,K01.1|K01.2,5303,0.04051754120873639,0.36737291373985015
NSFC,41601557,K03,K03.3,1482,-0.1016425122023821,0.23064544223270464
NSFC,41601561,K03,K03.1|K03.3,1283,-0.10230445404383617,0.2392956262548361
NSFC,41601565,K03,K03.3,1436,-0.21597887173664468,0.17963113447763454
NSFC,41601566,K03,K03.1,1580,-0.13694229559287097,0.13024072471540038
NSFC,41601568,K04,K04.1|K04.3,502,-0.30266614734875436,-0.04088732003599614
NSFC,41601570,K05,K05.1,1697,-0.09783883408181884,0.1384086765849381
NSFC,41601571,K05,K05.3,1640,-0.13404842903489844,0.11101685862340913
NSFC,41601575,K02,K02.1,5025,0.4006569425454268,-0.056362299060596116
NSFC,41601587,K01,K01.1|K01.2,162,0.12195920315131827,0.36434414649777636
NSFC,41601592,K02,K02.1,6235,0.18586999587112069,-0.1951434290146981
NSFC,41601593,K05,K05.1,4000,-0.16338082471662035,-0.029749393470623872
NSFC,41601599,K05,K05.3,7839,-0.0589523177086783,0.08001431375291851
NSFC,41601600,K02,K02.1,3945,0.19392783257840623,-0.1916783723557366
NSFC,41601602,K02,K02.1,7245,0.20818647403363594,-0.17707626831449666
NSFC,41601606,K02,K02.1,2869,0.21188531800674443,-0.20233826567692317
NSFC,41601610,K05,K05.3,8270,-0.11023814401891148,0.0374253732448889
NSFC,41601616,K02,K02.1,4151,0.40732273419619824,-0.09900271643940259
NSFC,41602260,K03,K03.1|K03.2,3179,-0.15450432331407618,-0.19252004926036106
NSFC,41602265,K02,K02.1|K02.2,3428,0.2127232894146711,-0.14015646739376975
NSFC,41602275,K02,K02.1,4653,0.45705867220536356,-0.014279490366222461
NSFC,41602355,K01,K01.2,1455,-0.13174974207532808,0.29895243646202185
NSFC,41602362,K01,K01.1|K01.2,2076,-0.22940692108297017,0.37624135016764326
NSFC,41603001,K01,K01.1|K01.2,2762,-0.1453870337317702,0.2113664603933788
NSFC,41603068,K02,K02.1,4898,0.4811158589427579,-0.05714457160958143
NSFC,41603073,K02,K02.1,3255,0.16563793944065408,-0.3710281490367441
NSFC,41603077,K02,K02.1,3296,0.34392646184248676,-0.32397060166479064
NSFC,41603082,K02,K02.1,3296,0.34392646184248676,-0.32397060166479064
NSFC,41603104,K02,K02.1,2901,0.219718557504686,-0.17818117068155015
NSFC,41603112,K02,K02.1,5118,0.3190309878192649,-0.17254223690239592
NSFC,41603126,K02,K02.1,3036,0.22115086779592263,-0.19235487733647805
NSFC,41604023,K01,K01.1|K01.2,782,0.11464418919679902,0.4662643591075464
NSFC,41604040,K01,K01.1,1499,-0.22954193778637272,0.3929304079369844
NSFC,41605012,K02,K02.1,1587,0.18563618299550266,0.030816561380062182
NSFC,41605036,K01,K01.2,8044,-0.13323303456568802,0.09771737976806513
NSFC,41605042,K02,K02.1|K02.2,607,0.23366510576643046,-0.05346846188560181
NSFC,41605063,K03,K03.2,803,0.15792661318228995,0.28424052454398074
NSFC,41605084,K03,K03.2|K03.3,1656,-0.19543231877831407,0.20558611095655127
NSFC,41605088,K03,K03.1|K03.2,6155,0.05946133366774976,0.2040101517523373
NSFC,41605089,K02,K02.1,648,0.3335034502334528,-0.07172316560689967
NSFC,41605090,K03,K03.2|K03.3,1963,-0.1821593505496925,0.18227891986497324
NSFC,41605091,K02,K02.1,2756,0.23111620357360058,-0.17763096487242688
NSFC,41605094,K03,K03.2,2787,-0.16482874170968587,0.0901389904371856
NSFC,41605103,K02,K02.1,2901,0.219718557504686,-0.17818117068155015
NSFC,41605113,K01,K01.1|K01.2,3034,-0.11943343424551964,0.20757729676010553
NSFC,41605115,K02,K02.1,2919,0.2774102723951436,-0.1048040319550135
NSFC,41605116,K02,K02.1|K02.2,954,0.24179045900691964,-0.03683825848691226
NSFC,41606197,K04,K04.1|K04.3,3156,-0.2430312673512678,-0.07759217849293644
NSFC,41606198,K01,K01.1,6234,-0.17569872463029682,0.3175258295861163
NSFC,41630421,K02,K02.1,912,0.3131791185059691,0.033067597424562015
NSFC,41630531,K01,K01.1,612,0.09933771513124821,0.42302104762455983
NSFC,41630635,K02,K02.1,7856,0.20879055644644,-0.1700106575104883
NSFC,41630640,K03,K03.1|K03.3,1397,-0.2404797839724192,0.23546215570935988
NSFC,41630856,K03,K03.1|K03.2,4125,0.1764148204575926,0.217893270416095
NSFC,41630859,K02,K02.1,3856,0.2976602929240853,-0.12942279409571275
NSFC,41630963,K02,K02.1,830,0.3880197558102853,0.11085859551412992
NSFC,41631176,K01,K01.1,8025,-0.1566172987687793,0.34241616006905606
NSFC,41631178,K01,K01.1,8250,-0.11193164476856336,0.21340926700310378
NSFC,41631179,K04,K04.3,5361,-0.2605851089747999,0.033414782885841
NSFC,41631180,K01,K01.1,4814,0.0025090036310655844,0.3887081760360658
NSFC,41661003,K02,K02.1,4122,0.541134711551317,0.017433315707762534
NSFC,41661007,K04,K04.1|K04.3,3601,-0.3034778666432933,-0.4123557580437356
NSFC,41661014,K02,K02.1,1063,0.5679337160277002,0.031914729628122473
NSFC,41661015,K02,K02.1,4880,0.3881764840257283,-0.031170549532088282
NSFC,41661020,K02,K02.1,8345,0.2757317558750856,-0.10597750813314802
NSFC,41661021,K03,K03.1|K03.3,339,0.14033489796952825,0.1557478320394513
NSFC,41661026,K04,K04.1|K04.3,1904,-0.30633536518513754,-0.07333670777546628
NSFC,41661028,K01,K01.1|K01.2,6225,-0.07334817951887615,0.24292564823485377
NSFC,41661035,K02,K02.1,5289,0.2828475859413391,-0.09673934827053149
NSFC,41661037,K05,K05.1,5291,-0.028629301672169857,0.11556464601146349
NSFC,41661038,K02,K02.1,5505,0.23378072738334305,-0.15121145505059214
NSFC,41661039,K02,K02.1,6088,0.1990404332595206,-0.17491405384519654
NSFC,41661050,K02,K02.1,4639,0.4345448221524586,-0.009868964057528032
NSFC,41661079,K03,K03.1|K03.2,6245,0.010302660610299219,0.0835631472798175
NSFC,41661084,K02,K02.1,3537,0.459492904020086,-0.11554825191817927
NSFC,41661085,K01,K01.1|K01.2,7517,-0.05388746328528076,0.20273023745733684
NSFC,41661090,K03,K03.3,736,-0.02064162206643934,0.21743103392306962
NSFC,41661096,K02,K02.1,3625,0.4289635182328958,-0.2337467003419851
NSFC,41661100,K03,K03.2|K03.3,4559,0.21243339613188783,0.21493166663718496
NSFC,41661106,K05,K05.3,4551,0.07113849236033103,0.11213750935809066
NSFC,41661109,K02,K02.1,8075,0.2339625100236844,-0.12833658617354715
NSFC,41661111,K05,K05.2|K05.3,4689,0.08568691574993119,0.11822858672871059
NSFC,41661112,K04,K04.1|K04.2|K04.3,3985,-0.2953589977180001,-0.17159593570762743
NSFC,41661113,K05,K05.1,7463,-0.09123967903739587,0.05854570089779612
NSFC,41661114,K02,K02.1,6240,0.21520993807642208,-0.18214671036882907
NSFC,41661115,K02,K02.1,744,0.3655757065467271,-0.038522267975683144
NSFC,41662013,K01,K01.1,4521,0.14423194439495413,0.3510864920996305
NSFC,41665002,K01,K01.1|K01.2,4621,0.1312868757558988,0.40510067631444724
NSFC,41665004,K01,K01.1|K01.2,1204,-0.05805332222940428,0.34622690249815624
NSFC,41665006,K03,K03.2|K03.3,1337,-0.1719364412901419,0.24796936739936798
NSFC,41665007,K02,K02.1,4497,0.468344998877947,-0.04846819992010595
NSFC,41671013,K01,K01.2,1478,-0.10923589202242305,0.2945419101533274
NSFC,41671018,K04,K04.1|K04.3,4102,-0.3487547361962362,-0.0806527012020318
NSFC,41671022,K02,K02.1,1262,0.1578726166417624,-0.04180634711866993
NSFC,41671031,K02,K02.1,4532,0.4788858281782906,-0.03827394414572405
NSFC,41671034,K01,K01.1,4032,-0.12591611056274843,0.32930664445509983
NSFC,41671035,K03,K03.3,173,-0.009357931136130246,0.21357572469646616
NSFC,41671039,K02,K02.1,5058,0.5132019106442857,-0.037314888755986264
NSFC,41671042,K02,K02.1,639,0.48241092743796166,-0.03562544780358701
NSFC,41671063,K01,K01.1,2838,-0.02512025593940187,0.25180903029721985
NSFC,41671065,K01,K01.1|K01.2,1055,0.12057704893817246,0.43989899612131944
NSFC,41671066,K02,K02.1,4156,0.44204835528567576,-0.03547731834637728
NSFC,41671068,K03,K03.1|K03.2,801,0.20286037634048243,0.2590136499062729
NSFC,41671075,K01,K01.1,1472,-0.12475243441219167,0.3963989393142475
NSFC,41671079,K02,K02.1,4339,0.602699115623643,0.037946149557816
NSFC,41671080,K05,K05.1|K05.2,4953,-0.030311914019997624,0.09494392072087168
NSFC,41671081,K02,K02.1,4339,0.602699115623643,0.037946149557816
NSFC,41671082,K01,K01.1,8343,-0.05892212790825088,0.28338292811220644
NSFC,41671084,K01,K01.1|K01.2,3644,0.1447507612427894,0.30853960646480705
NSFC,41671085,K03,K03.1|K03.3,5300,0.0763123714275064,0.14446172029996665
NSFC,41671086,K03,K03.1|K03.2,4613,0.06781754573025585,0.1746352175656997
NSFC,41671087,K03,K03.1|K03.2|K03.3,4356,0.29311408995539334,0.27740665254840235
NSFC,41671089,K02,K02.1,5232,0.3034781641513552,-0.05450725825324608
NSFC,41671093,K01,K01.1|K01.2,6197,-0.20529655853896567,0.15960854896687987
NSFC,41671098,K02,K02.1,4885,0.497052812826681,-0.027338340434030967
NSFC,41671102,K02,K02.1,4322,0.6225359486621486,0.06204667854732181
NSFC,41671104,K02,K02.1,4538,0.3841849313537947,-0.05315503682637164
NSFC,41671105,K02,K02.1,4371,0.5803637089137005,0.007181298957958743
NSFC,41671113,K05,K05.1,266,-0.12812515898582522,0.15466726699458336
NSFC,41671114,K02,K02.1,4511,0.37596465654392697,-0.12528267937961846
NSFC,41671115,K02,K02.1|K02.2,4326,0.5389372172650498,0.09054204862523338
NSFC,41671120,K02,K02.1,7967,0.26904966602090824,-0.09703016689419865
NSFC,41671123,K02,K02.1,7136,0.17069846751893158,-0.2203860625236587
NSFC,41671125,K01,K01.1|K01.2,8324,-0.08456619160245829,0.2745414655757178
NSFC,41671132,K02,K02.1,8385,0.25663176172403845,-0.13129382244541798
NSFC,41671138,K02,K02.1,5567,0.25390657813938117,-0.12507260686769583
NSFC,41671143,K02,K02.1,7860,0.20767469670876293,-0.16920440124549052
NSFC,41671151,K05,K05.3,8017,-0.027211768243561668,0.1040560181570654
NSFC,41671153,K02,K02.1,7731,0.18843097886982202,-0.17959193979823032
NSFC,41671154,K02,K02.1,7737,0.2070567334887578,-0.16627211671913894
NSFC,41671155,K02,K02.1,7818,0.24810019658665394,-0.12726454286727396
NSFC,41671156,K05,K05.1,7959,-0.06512899269652903,0.10382862966950268
NSFC,41671157,K02,K02.1,7791,0.20928640314650993,-0.1733259602039024
NSFC,41671158,K02,K02.1,5462,0.2294329380379041,-0.16045468004505287
NSFC,41671159,K01,K01.1,8019,-0.09649882557982878,0.2860480569257977
NSFC,41671160,K02,K02.1|K02.2,5829,0.056125451648445415,-0.18857633213256933
NSFC,41671161,K02,K02.1,7834,0.25567821722443895,-0.11655976514289013
NSFC,41671163,K02,K02.1,8341,0.2643926054565395,-0.11413362703794871
NSFC,41671164,K02,K02.1,8381,0.2758626472908946,-0.10658652164092168
NSFC,41671165,K01,K01.1,5832,-0.07370914880626614,0.2806118171818025
NSFC,41671166,K03,K03.1|K03.2,7506,-0.06981573553944079,-0.01489987470268267
NSFC,41671167,K01,K01.1,7941,-0.08029353575200188,0.27756960536885766
NSFC,41671168,K02,K02.1,5530,0.22517938353527667,-0.1693969743369554
NSFC,41671170,K02,K02.1,598,0.3367864503383603,-0.06762034131661815
NSFC,41671174,K05,K05.1,8353,-0.0420599547104414,0.10282290364946597
NSFC,41671175,K02,K02.1,3075,0.2383693959928062,-0.142415795655985
NSFC,41671176,K02,K02.1,6207,0.18544419216740038,-0.192128211657785
NSFC,41671177,K05,K05.1,8209,-0.041015531985741004,0.11112244755601672
NSFC,41671180,K01,K01.2,1947,0.08207458550179804,0.28654842031408456
NSFC,41671182,K02,K02.1,44,0.4382123028744812,0.004697533550304167
NSFC,41671184,K01,K01.1|K01.2,3251,-0.14515676298396496,0.06187080799230424
NSFC,41671185,K02,K02.1,2755,0.21075121212940873,-0.16485719326772488
NSFC,41671186,K02,K02.1,5269,0.33485128100418576,-0.04654356085150016
NSFC,41671192,K02,K02.1,3427,0.37460115812854194,-0.1741415388303898
NSFC,41671195,K02,K02.1,5230,0.2925347655481434,-0.04040738683854318
NSFC,41671203,K02,K02.1,3887,0.43763965966355,0.006810168648181528
NSFC,41671206,K02,K02.1|K02.2,4306,0.4271462060819752,0.0803823929857115
NSFC,41671207,K02,K02.1,4294,0.5801852655707379,0.042356675866510415
NSFC,41671208,K02,K02.1,5124,0.3740226096821848,-0.15311578600628398
NSFC,41671209,K02,K02.1,4638,0.48278570733287296,-0.04397964633176871
NSFC,41671211,K03,K03.2,3975,-0.1615947344040924,-0.053902910238988994
NSFC,41671241,K01,K01.1,6175,-0.1386876268877052,0.21885765188656445
NSFC,41671246,K02,K02.1,4742,0.5764257954681248,-0.0030692592831564336
NSFC,41671284,K02,K02.1,3298,0.29568557666207235,-0.28985991939055
NSFC,41671289,K02,K02.1,4532,0.4788858281782906,-0.03827394414572405
NSFC,41671331,K01,K01.1,975,0.023175049217039764,0.36935629905803824
NSFC,41671332,K01,K01.1,4521,0.14423194439495413,0.3510864920996305
NSFC,41671334,K01,K01.1,1471,-0.1397268674471241,0.4335601726703999
NSFC,41671335,K01,K01.1,3869,-0.009250659653552581,0.449518068014092
NSFC,41671338,K02,K02.1,4807,0.5174247763219919,-0.053707247248857407
NSFC,41671339,K01,K01.1,66,-0.10151698929653985,0.24221545987358056
NSFC,41671340,K02,K02.1,3294,0.20596299118121136,-0.24092298257868847
NSFC,41671350,K01,K01.1|K01.2,4510,0.03538035450248474,0.2746494947169651
NSFC,41671358,K01,K01.1,4457,-0.009168806827726889,0.29618979780417
NSFC,41671359,K01,K01.1,2918,-0.057243611388192894,0.284556404290341
NSFC,41671361,K01,K01.1,1663,-0.17333787000528655,0.45122570176677534
NSFC,41671364,K01,K01.1,2801,-0.18125310557337493,0.31586637912250937
NSFC,41671367,K01,K01.1,2888,-0.17860834990631375,0.32055044350467
NSFC,41671376,K01,K01.1|K01.2,4668,-0.046353312447801734,0.4130363446878287
NSFC,41671378,K01,K01.1,8111,-0.13213027960359408,0.24030402911663026
NSFC,41671379,K01,K01.1|K01.2,2809,-0.1702852631133426,0.2878349133425966
NSFC,41671385,K03,K03.1,7998,-0.025881739457101982,0.12172089903813925
NSFC,41671386,K03,K03.1,4628,0.0786855150104913,0.1597394802364035
NSFC,41671392,K05,K05.1,8256,-0.06901990971755612,0.09328348366936746
NSFC,41671396,K04,K04.3,2179,-0.1875521772442858,0.057374994115226875
NSFC,41671398,K04,K04.3,5609,-0.191492100563941,-0.03365957232306814
NSFC,41671403,K02,K02.1,1269,0.16196066657045038,-0.03918650888121816
NSFC,41671406,K02,K02.1,8029,0.2677591704954182,-0.09588121298815994
NSFC,41671412,K01,K01.1,11,0.04229712223871472,0.3762122515961619
NSFC,41671416,K01,K01.1,4020,-0.14842996061565344,0.33371717076379426
NSFC,41671417,K02,K02.1,1536,0.18000160412370625,-0.0475828071156037
NSFC,41671418,K03,K03.2|K03.3,6159,-0.023480933837818935,0.2225093161405933
NSFC,41671420,K01,K01.1|K01.2,70,-0.06103285425725599,0.30044766724911187
NSFC,41671423,K01,K01.1,3931,-0.1989467401314775,0.11754918647334758
NSFC,41671429,K01,K01.1,6174,-0.09222761524362369,0.26784942684145274
NSFC,41671430,K01,K01.1|K01.2,7982,-0.06651030857400599,0.30755454360780465
NSFC,41671432,K01,K01.1|K01.2,4481,-0.03754180809408057,0.40953557179889843
NSFC,41671436,K01,K01.1,7980,-0.060579890315900234,0.29698280575657554
NSFC,41671438,K05,K05.1,6214,-0.1653340072756153,0.08549680507019297
NSFC,41671444,K02,K02.1,7708,0.2673381737292888,-0.13759607017377284
NSFC,41671450,K01,K01.1,5315,-0.13621655618338646,0.36008430785658285
NSFC,41671451,K01,K01.1|K01.2,2362,-0.25461394119674224,0.32638187701000476
NSFC,41671460,K02,K02.1,3036,0.22115086779592263,-0.19235487733647805
NSFC,41671467,K03,K03.1,3313,-0.07901830870839448,-0.06398568640792271
NSFC,41671483,K02,K02.1,4466,0.3668226938733304,-0.2333066669819074
NSFC,41671490,K02,K02.1,3343,0.1616704069003757,-0.38627962603257504
NSFC,41671492,K02,K02.1,2962,0.28837923944396876,-0.27247748889851586
NSFC,41671493,K01,K01.1|K01.2,3792,-0.20089939578980187,-0.02868734417471687
NSFC,41671495,K02,K02.1,3300,0.2696360148088746,-0.3502941605195542
NSFC,41671501,K05,K05.3,1203,-0.001639482453042046,0.17953379726509686
NSFC,41671502,K03,K03.3,1342,-0.17647775461178744,0.22799605887343052
NSFC,41671503,K03,K03.1|K03.3,1351,-0.11720019714101937,0.2354998296214468
NSFC,41671505,K03,K03.3,738,-0.1382706185253527,0.08486898457439752
NSFC,41671510,K02,K02.1,4483,0.44100596460863717,-0.07344422138378728
NSFC,41671515,K02,K02.1,5159,0.34516939229303634,-0.09163189254335771
NSFC,41671517,K01,K01.1|K01.2,6299,-0.11230887949495011,0.2434163371361412
NSFC,41671518,K02,K02.1,7989,0.27407399346743627,-0.09237763048877895
NSFC,41671520,K05,K05.1,4071,-0.15920447674905785,-0.02648070020526254
NSFC,41671522,K02,K02.1,4540,0.38427851196498997,-0.05125269421347263
NSFC,41671524,K04,K04.1|K04.3,5301,-0.170041257844678,-0.050323139831838254
NSFC,41671525,K02,K02.1,7367,0.19372985109224256,-0.2853422444687903
NSFC,41671526,K05,K05.2,4003,-0.15221501581652397,-0.04948084083183685
NSFC,41671527,K03,K03.1|K03.2,894,0.07948503137578282,0.2239269461430306
NSFC,41671529,K02,K02.1,1957,0.2117299381861908,-0.05931633589514772
NSFC,41671530,K03,K03.1,7116,-0.19904729467585303,-0.07083766628728026
NSFC,41671531,K02,K02.1,5334,0.3369926535355748,-0.05515140069678803
NSFC,41671533,K03,K03.1,79,-0.020404285140351988,0.11461402267944644
NSFC,41671534,K05,K05.1,5026,0.018178995299947917,0.12220118687266804
NSFC,41671536,K02,K02.1,6896,0.18084881236344663,-0.17939051702262648
NSFC,41672171,K02,K02.1,647,0.32595108634874254,-0.06814966531607719
NSFC,41672172,K01,K01.1|K01.2,601,-0.06335953164292393,0.35827031886918315
NSFC,41672174,K01,K01.1|K01.2,631,0.11592114692604748,0.4291822591670945
NSFC,41672180,K02,K02.1,4638,0.48278570733287296,-0.04397964633176871
NSFC,41672182,K02,K02.1,4594,0.4790642715212532,-0.07344932105427572
NSFC,41672230,K02,K02.1,1907,0.19600268035500945,-0.18381889098480136
NSFC,41672231,K02,K02.1,3257,0.1765813380438659,-0.3851280204514469
NSFC,41672293,K02,K02.1,15,0.32644840279597365,-0.06342849241094657
NSFC,41672340,K01,K01.1|K01.2,3283,-0.08189168583577947,0.0637378849917323
NSFC,41672346,K01,K01.1|K01.2,3286,-0.10311941430591719,0.02993937728976323
NSFC,41672355,K02,K02.1,1321,0.2266817441869201,0.05508352403068588
NSFC,41673093,K02,K02.1,3293,0.24518297343599477,-0.34014022715230396
NSFC,41673097,K02,K02.1,3175,0.15416009008261994,-0.41888193285847175
NSFC,41673105,K03,K03.2|K03.3,3806,-0.05039496456887281,-0.07064129216795792
NSFC,41673113,K02,K02.1,7501,0.21828233299736322,-0.20340146395484543
NSFC,41673120,K02,K02.1,3216,0.10253472838946308,-0.5160210180221485
NSFC,41673129,K02,K02.1,5321,0.3153675313165528,-0.08792609616552297
NSFC,41673136,K02,K02.1,5307,0.3242720497552636,-0.10299415906054052
NSFC,41674142,K01,K01.1|K01.2,2308,-0.28109448789379404,0.17917620790038116
NSFC,41675008,K02,K02.1,2751,0.18241761298086973,-0.10542102028771361
NSFC,41675011,K04,K04.3,881,-0.03346666608350425,0.13310155005003316
NSFC,41675016,K04,K04.2|K04.3,63,-0.23189636602646552,-0.11043477339468569
NSFC,41675033,K01,K01.1,2847,-0.1111286862770076,0.33041535763822827
NSFC,41675046,K02,K02.1,1693,0.19305309139645083,-0.13962552827012972
NSFC,41675063,K02,K02.1,829,0.42723973806506865,0.011641350940514467
NSFC,41675065,K03,K03.3,264,-0.07768962971976562,0.21625051963815398
NSFC,41675070,K02,K02.1,840,0.4464608550945881,0.035691205358074324
NSFC,41675074,K02,K02.2,24,0.10892766689450915,0.16918954347273013
NSFC,41675076,K02,K02.1|K02.2,608,0.2094195565465795,0.008587549331861247
NSFC,41675079,K02,K02.1|K02.2,78,0.21174623393224745,-0.049235102288210125
NSFC,41675084,K02,K02.1|K02.2,843,0.4099371274392075,0.11217106326153004
NSFC,41675103,K03,K03.2|K03.3,856,0.0941910737074043,0.3072129702600751
NSFC,41675113,K03,K03.3,311,-0.15703141523787564,0.19807322329696733
NSFC,41675125,K01,K01.1|K01.2,7473,-0.11253646641302317,0.20642225543037485
NSFC,41675132,K02,K02.1,2843,0.3095336278439346,-0.13755140594813464
NSFC,41675139,K03,K03.1,7055,-0.1036476422541338,-0.0020724384268268614
NSFC,41675144,K02,K02.1,6178,0.20543330808330323,-0.16784537911820305
NSFC,41675153,K02,K02.1,4866,0.47076772149089385,0.02137858945733151
NSFC,41676049,K02,K02.1,4371,0.5803637089137005,0.007181298957958743
NSFC,41676086,K02,K02.1,4503,0.44118440795159963,-0.10861959829233897
NSFC,41676093,K02,K02.1,7568,0.3025312191712181,-0.15678608628348883
NSFC,41676156,K02,K02.1,4570,0.5013996782311957,-0.04268447045441846
NSFC,41676163,K02,K02.1,4503,0.44118440795159963,-0.10861959829233897
NSFC,41676171,K01,K01.1|K01.2,1938,0.10006249032892249,0.5378315690416109
NSFC,41676172,K01,K01.1|K01.2,4980,-0.007653291534639117,0.42464007583438745
NSFC,41701005,K01,K01.1,4520,0.006268473733678712,0.43413411118573264
NSFC,41701022,K01,K01.1|K01.2,602,-0.046832068123542625,0.26636173799720375
NSFC,41701023,K02,K02.1,3949,0.14746782093432476,-0.24067014731062483
NSFC,41701024,K02,K02.1,4042,0.24023966977490185,-0.1891236060183865
NSFC,41701025,K02,K02.1,4039,0.3467012438818635,-0.14310141087635683
NSFC,41701030,K02,K02.1,3298,0.29568557666207235,-0.28985991939055
NSFC,41701032,K02,K02.1,633,0.5047463341479042,-0.00486059720372975
NSFC,41701033,K02,K02.1,3887,0.43763965966355,0.006810168648181528
NSFC,41701038,K02,K02.1,326,0.2747488748762886,-0.013621119735839488
NSFC,41701039,K02,K02.1|K02.2,3894,0.3264691441093483,0.02053028296257385
NSFC,41701048,K03,K03.1|K03.2,4310,0.2795762654925647,0.26914882303606114
NSFC,41701052,K02,K02.1,5058,0.5132019106442857,-0.037314888755986264
NSFC,41701062,K03,K03.1|K03.2,4029,0.006237774928710416,0.12596229593148403
NSFC,41701069,K01,K01.1,3849,-0.05976743916937666,0.23335008372364527
NSFC,41701075,K02,K02.1,3888,0.3918078899820323,-0.04356484674870072
NSFC,41701079,K01,K01.1,3877,0.0447650869536662,0.31603772747726566
NSFC,41701087,K02,K02.1,830,0.3880197558102853,0.11085859551412992
NSFC,41701089,K02,K02.1|K02.2,4432,0.3947359865125889,-0.006122933560916269
NSFC,41701094,K02,K02.1,1118,0.34938575632984403,-0.02107977077359391
NSFC,41701100,K03,K03.1|K03.2,4310,0.2795762654925647,0.26914882303606114
NSFC,41701103,K03,K03.2|K03.3,903,0.08420697891098076,0.2518541253806928
NSFC,41701104,K02,K02.1|K02.2,4749,0.508620581616186,0.0471801452761052
NSFC,41701106,K02,K02.1|K02.2,4305,0.5123800517187992,0.09260608042577208
NSFC,41701108,K02,K02.1,4535,0.43064494299787626,-0.004163261871483373
NSFC,41701111,K02,K02.1,6144,0.360070333745923,-0.02278199541721343
NSFC,41701114,K02,K02.1,6238,0.24125949992961981,-0.1217124692398249
NSFC,41701116,K05,K05.1|K05.3,5562,-0.11101559429462744,0.04148419541593807
NSFC,41701119,K02,K02.1,5895,0.2625222053458898,-0.10975928270738278
NSFC,41701122,K02,K02.1,8383,0.23994371202696607,-0.11752127047169955
NSFC,41701126,K02,K02.1,8348,0.1870977424566046,-0.183713975101891
NSFC,41701127,K02,K02.1,8378,0.24813654874043828,-0.12268425576463501
NSFC,41701132,K02,K02.1,5613,0.24026141144406965,-0.1246181387142343
NSFC,41701134,K05,K05.1,8063,-0.20236464919565622,-0.026898903281043773
NSFC,41701143,K02,K02.1,6076,0.24593812540438892,-0.11617995021749117
NSFC,41701144,K02,K02.1,8312,0.20379296013511072,-0.15327678802449696
NSFC,41701153,K02,K02.1,7893,0.2181865123111918,-0.17963429013745072
NSFC,41701170,K02,K02.1,8081,0.22239669646675192,-0.12968679217667065
NSFC,41701171,K02,K02.1,5284,0.3173398845803298,-0.06484341466187717
NSFC,41701172,K01,K01.1|K01.2,1158,-0.04657694472728964,0.3327362764094768
NSFC,41701173,K03,K03.1|K03.2,4964,0.047644682680172204,0.16676289913101688
NSFC,41701174,K02,K02.1,7793,0.2544752967868996,-0.12061263746270817
NSFC,41701175,K02,K02.1,5394,0.19900063921580735,-0.17789951335290077
NSFC,41701176,K02,K02.1,5427,0.22062912733409634,-0.19253975103746918
NSFC,41701178,K02,K02.1,7989,0.27407399346743627,-0.09237763048877895
NSFC,41701179,K04,K04.1|K04.2|K04.3,64,-0.2344001167010722,-0.08140684257279171
NSFC,41701181,K02,K02.1,8391,0.2222903581718238,-0.1352629992521144
NSFC,41701183,K02,K02.1,6061,0.26584636222579083,-0.11598805746847177
NSFC,41701184,K02,K02.1,5526,0.2674134782529362,-0.11516718552164179
NSFC,41701186,K02,K02.1,1699,0.2234323436404495,-0.009739862097027041
NSFC,41701187,K01,K01.1|K01.2,8380,-0.06472165475054764,0.2933456524556619
NSFC,41701188,K02,K02.1,5401,0.22244763333760564,-0.16603686489450942
NSFC,41701191,K05,K05.1|K05.3,8035,-0.057205497555364165,0.09085878908418411
NSFC,41701192,K02,K02.1,8325,0.256018110438984,-0.12539070852086584
NSFC,41701193,K02,K02.1,8051,0.23297728744154744,-0.11999300713504266
NSFC,41701194,K02,K02.1,7989,0.27407399346743627,-0.09237763048877895
NSFC,41701198,K02,K02.1,6295,0.2675689209239437,-0.10667396199766721
NSFC,41701204,K02,K02.1,76,0.23313689448679664,-0.14714497637177393
NSFC,41701205,K01,K01.1|K01.2,5011,-0.031218543982841032,0.25879893322159475
NSFC,41701206,K02,K02.1,1547,0.2031195436185506,-0.10044718129321459
NSFC,41701209,K02,K02.1,5308,0.3612650102116731,-0.05665978934623925
NSFC,41701210,K02,K02.1,38,0.3958616197830707,-0.014992469130507238
NSFC,41701211,K01,K01.1|K01.2,3510,-0.029275700891846987,0.2437054525903338
NSFC,41701218,K02,K02.1,4339,0.602699115623643,0.037946149557816
NSFC,41701219,K02,K02.1,1213,0.19866054065165356,-0.06402502824170511
NSFC,41701226,K02,K02.1,4716,0.5280064669447478,0.06621679989963591
NSFC,41701236,K01,K01.1|K01.2,4565,0.02285190552847799,0.4402953227282673
NSFC,41701283,K01,K01.1|K01.2,6176,-0.13515099395813898,0.23208679497838053
NSFC,41701298,K02,K02.1|K02.2,4749,0.508620581616186,0.0471801452761052
NSFC,41701329,K02,K02.1,6205,0.17789182828269012,-0.1885547113669625
NSFC,41701377,K01,K01.1|K01.2,613,0.0036847113922814506,0.48252972228765045
NSFC,41701378,K01,K01.1,4287,0.10756791112612603,0.5147647311979671
NSFC,41701388,K02,K02.1,4639,0.4345448221524586,-0.009868964057528032
NSFC,41701389,K04,K04.1|K04.3,8249,-0.35024007181391764,-0.031553410787420196
NSFC,41701405,K04,K04.1|K04.3,2805,-0.31719998312306524,-0.025598646135507386
NSFC,41701408,K01,K01.1,4361,0.10774635446908858,0.4795893542894154
NSFC,41701412,K01,K01.1,3275,-0.13631206886074587,0.16182659673689356
NSFC,41701416,K04,K04.3,3333,-0.20816245703756814,-0.1507539440867756
NSFC,41701422,K04,K04.1|K04.3,3326,-0.26463777015181544,-0.19302757159135076
NSFC,41701426,K01,K01.1|K01.2,3937,-0.20487715838958326,0.12812092432457664
NSFC,41701428,K02,K02.1,5273,0.33074195245151483,-0.07584533312557704
NSFC,41701433,K01,K01.1,6237,-0.18311696933457772,0.31658490381739113
NSFC,41701438,K01,K01.1,6062,-0.06733693945428613,0.28069962633715473
NSFC,41701439,K01,K01.1,8019,-0.09649882557982878,0.2860480569257977
NSFC,41701447,K01,K01.1|K01.2,2120,-0.23754173904485748,0.3261338118696827
NSFC,41701451,K01,K01.1|K01.2,5604,-0.2106158467536381,0.3274553144533249
NSFC,41701452,K04,K04.1|K04.3,2088,-0.3153032519704102,-0.14613852658462242
NSFC,41701455,K01,K01.1|K01.2,7942,-0.08622395401010764,0.2881413432200868
NSFC,41701462,K03,K03.3,5915,-0.09647546210894986,0.08961719810680155
NSFC,41701469,K01,K01.1,6727,-0.22455923328411748,0.1923690587207507
NSFC,41701470,K01,K01.1|K01.2,2626,-0.2990717274228119,0.14943993120175775
NSFC,41701471,K02,K02.1,634,0.4565054489674897,0.02925008507051091
NSFC,41701473,K01,K01.1,5705,-0.19777501084423152,0.26593187612100466
NSFC,41701474,K01,K01.1,4520,0.006268473733678712,0.43413411118573264
NSFC,41701475,K01,K01.1,4523,0.050942685439607324,0.3384325410881298
NSFC,41701476,K01,K01.1,7512,-0.137679630508036,0.2410954364179693
NSFC,41701477,K03,K03.1,7926,-0.06766148218133786,0.09225632398612066
NSFC,41701482,K01,K01.1,4478,-0.03161138983597482,0.39896383394766943
NSFC,41701484,K03,K03.2,4645,0.13724294409650722,0.20803937547548992
NSFC,41701485,K01,K01.1,4020,-0.14842996061565344,0.33371717076379426
NSFC,41701486,K02,K02.1,4292,0.44222179490946256,0.12540429495261263
NSFC,41701487,K01,K01.1,3930,-0.1865578208864479,0.14730704849273565
NSFC,41701493,K02,K02.1,4144,0.466249003366357,-0.07331353279921099
NSFC,41701494,K01,K01.1,4287,0.10756791112612603,0.5147647311979671
NSFC,41701495,K01,K01.1,4106,-0.1572414649693746,0.3372179436527245
NSFC,41701496,K01,K01.1|K01.2,6198,-0.20941585473848107,0.31028621824093394
NSFC,41701498,K01,K01.1|K01.2,3116,-0.05839074547607592,0.2606798610192344
NSFC,41701500,K01,K01.1,5603,-0.11496284301467133,0.26794663979023425
NSFC,41701501,K02,K02.1,18,0.36974764518246495,-0.02651577143102922
NSFC,41701505,K02,K02.1,4539,0.3951981023814545,-0.05770858086175722
NSFC,41701507,K01,K01.1|K01.2,644,-0.04638216363749624,0.39353003093566685
NSFC,41701509,K01,K01.1,5248,0.010558418831610128,0.27353591588155046
NSFC,41701510,K01,K01.1|K01.2,4527,0.09006064095643394,0.39576891222510024
NSFC,41701514,K01,K01.1,4393,-0.021568931318859105,0.4910151812216853
NSFC,41701516,K04,K04.3,1518,-0.3090135022218157,0.09373901018354279
NSFC,41701517,K02,K02.1,4039,0.3467012438818635,-0.14310141087635683
NSFC,41701521,K03,K03.2,1532,-0.1645972671742243,0.14304377845360738
NSFC,41701543,K01,K01.1|K01.2,3212,-0.1957133907656875,-0.04967064273849872
NSFC,41701544,K02,K02.1,3216,0.10253472838946308,-0.5160210180221485
NSFC,41701552,K02,K02.1,2766,0.17452920784831188,-0.17707916981718572
NSFC,41701553,K02,K02.1,3256,0.14441021097051637,-0.4048266567387131
NSFC,41701569,K02,K02.1,3296,0.34392646184248676,-0.32397060166479064
NSFC,41701574,K01,K01.1|K01.2,3032,-0.055134743927725646,0.2255275991197461
NSFC,41701576,K01,K01.1|K01.2,3623,-0.04724622565018496,0.08711332155603153
NSFC,41701579,K02,K02.1|K02.2,7676,0.12109436330232314,-0.14968222218774005
NSFC,41701580,K02,K02.1,7542,0.26730291866716377,-0.2670763108440284
NSFC,41701582,K01,K01.1|K01.2,7565,-0.12574670014871012,0.18825709840718102
NSFC,41701583,K01,K01.1|K01.2,3769,-0.0673396081005852,0.07205036146425645
NSFC,41701590,K04,K04.1|K04.3,6190,-0.24978099559386174,-0.1890509915149783
NSFC,41701598,K01,K01.1,141,0.09199160641134725,0.4060946990710589
NSFC,41701601,K02,K02.1|K02.2,4542,0.4110806143263518,0.011975460413537614
NSFC,41701604,K05,K05.2,3540,0.017780631153189355,0.043205339386963165
NSFC,41701611,K04,K04.3,5272,-0.07927416721459374,0.043625477640412774
NSFC,41701614,K01,K01.1|K01.2,7391,-0.17770604292819098,0.17586142630284574
NSFC,41701618,K05,K05.1|K05.2,4955,0.08787048164480367,0.13809601994147258
NSFC,41701620,K01,K01.1|K01.2,7195,-0.12403624530413215,0.22567948723665282
NSFC,41701627,K01,K01.1|K01.2,6920,-0.15606076773365216,0.20131830979135182
NSFC,41701629,K02,K02.1,5312,0.3389296035017306,-0.0874246399460965
NSFC,41701630,K02,K02.1,7103,0.16125783998040533,-0.22815566084588923
NSFC,41701634,K02,K02.1,4586,0.47312180458715314,-0.009346006733501569
NSFC,41701635,K05,K05.1|K05.2,2958,-0.1847132185114781,-0.19915444127240592
NSFC,41701638,K05,K05.1,4908,0.12435426875751733,0.18134069678206596
NSFC,41701639,K01,K01.1|K01.2,4991,0.030943797951820826,0.3553642728998445
NSFC,41701640,K01,K01.1|K01.2,961,-0.10311579068664124,0.2567486751625321
NSFC,41702034,K02,K02.1,3714,0.12365750516164532,-0.4749569615113066
NSFC,41702280,K04,K04.1,3982,-0.28782967336815424,-0.18297160977715096
NSFC,41702303,K03,K03.3,1402,-0.19450291312086593,0.11564104161757642
NSFC,41702376,K01,K01.1|K01.2,1452,-0.16817113575813486,0.44854243683032335
NSFC,41702377,K02,K02.1,1530,0.23192353994590487,0.04875283042111317
NSFC,41703084,K02,K02.1,7324,0.13016219598006507,-0.28993042090075194
NSFC,41703099,K01,K01.1|K01.2,3284,-0.044898725379369925,0.11007225470603357
NSFC,41703104,K01,K01.1|K01.2,2941,-0.11016937880842663,0.21079456178743508
NSFC,41704022,K04,K04.1|K04.3,5923,-0.3238435717708725,-0.02456324163347847
NSFC,41704067,K01,K01.1,2047,-0.1788793300592995,0.23033095513402016
NSFC,41704147,K01,K01.2,2364,-0.23316698054886786,0.21395310999785566
NSFC,41705034,K02,K02.1,528,0.17139481549117985,-0.07891625226136556
NSFC,41705060,K02,K02.1,288,0.25216085617284145,0.03925314386194423
NSFC,41705061,K02,K02.1|K02.2,2922,0.20960505854320477,-0.05455462739575187
NSFC,41705062,K02,K02.1,645,0.294202138403946,-0.006402143160916723
NSFC,41705066,K02,K02.1,831,0.40299418884521765,0.07369736215797752
NSFC,41705070,K03,K03.1|K03.2,4379,0.2797547088355272,0.23397344612750945
NSFC,41705072,K02,K02.1,4042,0.24023966977490185,-0.1891236060183865
NSFC,41705073,K02,K02.1,324,0.23959928046515466,0.02115031515027646
NSFC,41705080,K02,K02.1,2919,0.2774102723951436,-0.1048040319550135
NSFC,41705088,K02,K02.1,2014,0.15432975487809436,-0.012256830514176517
NSFC,41705090,K02,K02.1,61,0.16611476947025694,-0.10057763386513555
NSFC,41705100,K01,K01.2,2764,-0.12394007308389583,0.09893769338122964
NSFC,41705104,K04,K04.3,2879,-0.25093872080476587,-0.039959282600297005
NSFC,41705105,K01,K01.1|K01.2,7500,-0.12230196904407903,0.19653071014173815
NSFC,41705113,K02,K02.1,2901,0.219718557504686,-0.17818117068155015
NSFC,41705124,K03,K03.1|K03.2,2735,0.0910470333549971,0.20637934654791665
NSFC,41705127,K01,K01.1|K01.2,2894,-0.12086574453675623,0.2217510034150334
NSFC,41706020,K02,K02.1,285,0.2741939304642176,-0.039324277731730015
NSFC,41706027,K02,K02.1,4349,0.5231767442466704,0.045826378487862585
NSFC,41706094,K02,K02.1|K02.2,4044,0.17243445592296303,-0.13887420145912485
NSFC,41706105,K01,K01.1,3384,-0.04606555028188593,0.18626967064193134
NSFC,41706134,K01,K01.1,3274,-0.12869089260212518,0.14843745366666602
NSFC,41706155,K02,K02.1,5115,0.2945779464463851,-0.1623883035351457
NSFC,41706162,K01,K01.1,5121,-0.012586314424821346,0.24068594198416426
NSFC,41706207,K04,K04.3,3333,-0.20816245703756814,-0.1507539440867756
NSFC,41706208,K04,K04.1|K04.3,2170,-0.26939351566630065,-0.15135036051909698
NSFC,41706209,K01,K01.1,3381,-0.09073976198781454,0.28197124073953417
NSFC,41730102,K01,K01.1|K01.2,192,0.01811778728283124,0.5134852443611895
NSFC,41730108,K01,K01.1|K01.2,7090,-0.19122782856938786,0.15331234771624427
NSFC,41730109,K01,K01.1,1186,-0.07129512315774104,0.422879681136746
NSFC,41730319,K02,K02.1,4535,0.43064494299787626,-0.004163261871483373
NSFC,41730642,K01,K01.1|K01.2,8027,-0.07282513154602406,0.30405096110842367
NSFC,41730643,K02,K02.1,4339,0.602699115623643,0.037946149557816
NSFC,41730645,K03,K03.1|K03.3,3971,-0.16258361101478752,-0.011231722140866731
NSFC,41730646,K03,K03.1|K03.2,7558,-0.07649520517728921,0.02992650196176965
NSFC,41730647,K02,K02.1,2920,0.2635448393681217,-0.1191093129050319
NSFC,41730857,K02,K02.1,4572,0.4531587930507812,-0.008573788180177802
NSFC,41731175,K02,K02.1,4294,0.5801852655707379,0.042356675866510415
NSFC,41731283,K03,K03.3,1684,-0.18979645267144718,0.17027472719447487
NSFC,41731286,K02,K02.1,3847,0.26491102044575326,-0.17412249822001205
NSFC,41731288,K03,K03.3,2408,-0.21099225607736247,0.00411418509980992
NSFC,41731289,K04,K04.1|K04.3,1741,-0.3736031588346413,-0.002734543817901891
NSFC,41761006,K02,K02.1,4483,0.44100596460863717,-0.07344422138378728
NSFC,41761007,K02,K02.1,2769,0.17788152846060695,-0.16466076281906988
NSFC,41761013,K03,K03.1|K03.2,4310,0.2795762654925647,0.26914882303606114
NSFC,41761021,K03,K03.1,2831,-0.022333233896732654,0.08784657202620831
NSFC,41761022,K02,K02.1,7843,0.25685043226448395,-0.12617633084853083
NSFC,41761024,K02,K02.1,5456,0.25209469636217846,-0.11952925266319323
NSFC,41761028,K01,K01.1|K01.2,7982,-0.06651030857400599,0.30755454360780465
NSFC,41761030,K02,K02.1,4627,0.3786412479350295,-0.0543590492905147
NSFC,41761031,K02,K02.1,4963,0.34825368275834545,-0.06002924803853385
NSFC,41761032,K05,K05.1,4630,0.06716436032152061,0.1579449449914803
NSFC,41761033,K01,K01.1|K01.2,7903,-0.05291539746487038,0.3089402525535144
NSFC,41761035,K02,K02.1,8175,0.24964177056217324,-0.11192859237480932
NSFC,41761039,K01,K01.1|K01.2,4835,0.1384419351888176,0.31052659261514803
NSFC,41761042,K01,K01.1,4288,0.24553138178740147,0.4317171121118649
NSFC,41761043,K02,K02.1,4294,0.5801852655707379,0.042356675866510415
NSFC,41761046,K02,K02.1|K02.2,4542,0.4110806143263518,0.011975460413537614
NSFC,41761047,K02,K02.1,3872,0.4574764927020555,0.030910697637687348
NSFC,41761077,K01,K01.1,4521,0.14423194439495413,0.3510864920996305
NSFC,41761081,K04,K04.3,4972,-0.09987315988798194,0.012647332682279883
NSFC,41761082,K02,K02.1,1535,0.16502717108877385,-0.01042157375945129
NSFC,41761083,K01,K01.1|K01.2,4525,0.13830152613684837,0.3616582299508595
NSFC,41761099,K01,K01.1|K01.2,7527,-0.14405727211330993,0.08917031706014042
NSFC,41761100,K02,K02.1,7683,0.22898311939114024,-0.18529802351236488
NSFC,41761110,K02,K02.1,6218,0.18607012091181319,-0.1951880577435424
NSFC,41761112,K04,K04.1|K04.3,8004,-0.19652676786559056,-0.04448221950144121
NSFC,41761113,K03,K03.1|K03.3,4959,0.026234858428123245,0.16263629866841758
NSFC,41761116,K03,K03.1|K03.2,8133,-0.057985665573059314,0.12189262706574773
NSFC,41761118,K02,K02.1,5827,0.14473678271379004,-0.2014616494241016
NSFC,41763019,K02,K02.1,3176,0.19115305053902948,-0.3725475631441705
NSFC,41765006,K02,K02.1,2900,0.17101996691195515,-0.10597122609683687
NSFC,41765007,K02,K02.1,890,0.3800940314539561,-0.002865201026520131
NSFC,41765011,K03,K03.1|K03.2,1078,0.2629923875067784,0.3369958561709051
NSFC,41766007,K01,K01.1|K01.2,4459,-0.01509922508583264,0.3067615356553991
NSFC,41771027,K01,K01.1,3930,-0.1865578208864479,0.14730704849273565
NSFC,41771029,K02,K02.1,1548,0.24011250407496015,-0.05411281157891332
NSFC,41771032,K02,K02.1,1550,0.1818918151484129,-0.13424568899518363
NSFC,41771036,K02,K02.1,3945,0.19392783257840623,-0.1916783723557366
NSFC,41771045,K03,K03.2|K03.3,1184,-0.021793656051065896,0.21545881095970945
NSFC,41771046,K02,K02.1,4295,0.494951419933914,0.03013298842644982
NSFC,41771048,K02,K02.1|K02.2,1058,0.3525025488339195,0.11343730793701759
NSFC,41771049,K02,K02.1,5039,0.5130234673013232,-0.0021395118474345914
NSFC,41771050,K03,K03.1|K03.2|K03.3,107,0.028406076656959198,0.16433122576011477
NSFC,41771052,K02,K02.1,5162,0.3898968739359488,-0.05877567808016748
NSFC,41771068,K03,K03.1|K03.2,3968,-0.1649018564263143,-0.04501910260245621
NSFC,41771069,K02,K02.1,833,0.47774234129114623,0.0619216587022684
NSFC,41771071,K01,K01.1|K01.2,949,-0.07020861143736722,0.41206175562402514
NSFC,41771080,K02,K02.1,4294,0.5801852655707379,0.042356675866510415
NSFC,41771088,K02,K02.1,1576,0.288893412797959,0.15247039150382122
NSFC,41771090,K02,K02.1,4139,0.3180076865351595,-0.14880030299325922
NSFC,41771093,K05,K05.1,120,0.1325033864073648,0.25754159677803135
NSFC,41771094,K05,K05.1,5302,0.027274272545259146,0.16005473124445016
NSFC,41771096,K04,K04.1|K04.3,4906,-0.1306661695088714,-0.015391649858643636
NSFC,41771097,K02,K02.1,4899,0.4328749737623435,-0.02303388933534077
NSFC,41771099,K02,K02.1,5058,0.5132019106442857,-0.037314888755986264
NSFC,41771102,K03,K03.1|K03.2,5219,0.1837826034988742,0.2267685240560444
NSFC,41771104,K01,K01.1|K01.2,1960,-0.03627445224776437,0.3587425346423734
NSFC,41771109,K02,K02.1,4653,0.45705867220536356,-0.014279490366222461
NSFC,41771112,K03,K03.1|K03.3,851,0.13578118118291194,0.26651287096982645
NSFC,41771115,K02,K02.1,8341,0.2643926054565395,-0.11413362703794871
NSFC,41771117,K02,K02.1,4371,0.5803637089137005,0.007181298957958743
NSFC,41771119,K02,K02.1,4532,0.4788858281782906,-0.03827394414572405
NSFC,41771121,K02,K02.1,4484,0.3927650794282227,-0.039333539109546616
NSFC,41771125,K05,K05.1,5883,-0.15600095856110147,0.03601180873582217
NSFC,41771130,K02,K02.1,5037,0.27304737454560324,-0.09945078669134295
NSFC,41771134,K02,K02.1,8391,0.2222903581718238,-0.1352629992521144
NSFC,41771135,K02,K02.1,7136,0.17069846751893158,-0.2203860625236587
NSFC,41771140,K02,K02.1,4912,0.430028429211463,-0.02857318173660335
NSFC,41771147,K05,K05.2|K05.3,5323,0.0037072749250661036,0.09974521513983613
NSFC,41771149,K02,K02.1,7838,0.23994502204411877,-0.15069188374544615
NSFC,41771151,K02,K02.1,7137,0.1539201141765646,-0.2173447091400893
NSFC,41771163,K02,K02.1,794,0.4182195901019089,0.03252025801167731
NSFC,41771164,K02,K02.1,8345,0.2757317558750856,-0.10597750813314802
NSFC,41771167,K02,K02.1,5532,0.20906530092375586,-0.1744538172485713
NSFC,41771171,K02,K02.1,8226,0.2642390868634675,-0.10511576680654021
NSFC,41771172,K05,K05.1|K05.3,7944,-0.057212369802450716,0.09854748870208509
NSFC,41771173,K02,K02.1,8076,0.20462575842346653,-0.16341540725015197
NSFC,41771174,K02,K02.1,5446,0.19620812155530198,-0.2883085049159583
NSFC,41771175,K02,K02.1,7976,0.22520230445999995,-0.13678595127392976
NSFC,41771176,K02,K02.1,5383,0.23463403243926495,-0.16158210957007887
NSFC,41771177,K02,K02.1,7786,0.24230749390221434,-0.14173696717611203
NSFC,41771178,K03,K03.1,79,-0.020404285140351988,0.11461402267944644
NSFC,41771180,K05,K05.1|K05.2,8329,-0.05438514644648951,0.08153589917978864
NSFC,41771181,K02,K02.1,2870,0.20248803924352038,-0.19544934353819285
NSFC,41771184,K02,K02.1,7798,0.24043973174891614,-0.16156380482864968
NSFC,41771185,K02,K02.1,5462,0.2294329380379041,-0.16045468004505287
NSFC,41771187,K02,K02.1,6067,0.24231086348177855,-0.11605631175263534
NSFC,41771189,K02,K02.1|K02.2,8339,0.16248299453277942,-0.09395946608634466
NSFC,41771192,K04,K04.2,7911,-0.06373750620803034,0.061499147262532194
NSFC,41771195,K04,K04.1,4766,0.0010293742532511557,0.07807912409439902
NSFC,41771196,K02,K02.1,1943,0.3844522405904653,0.017167887195091158
NSFC,41771197,K04,K04.1|K04.3,4490,-0.07783568190480414,0.008561871877791144
NSFC,41771198,K03,K03.1|K03.2,4166,0.007883027393102884,0.12815732479507863
NSFC,41771201,K02,K02.1,2753,0.2571657654267983,-0.11719672374342271
NSFC,41771202,K02,K02.1,4607,0.36560363493316606,-0.056001719867314545
NSFC,41771204,K02,K02.1,39,0.4256512193998939,0.017974313801957464
NSFC,41771206,K03,K03.2|K03.3,735,0.05684737681520276,0.21556399940564647
NSFC,41771207,K02,K02.1,5355,0.41604414392841405,-0.052294725905433964
NSFC,41771215,K01,K01.1|K01.2,920,-0.023414547673181865,0.38820448776474303
NSFC,41771222,K02,K02.1,4503,0.44118440795159963,-0.10861959829233897
NSFC,41771233,K02,K02.1,4532,0.4788858281782906,-0.03827394414572405
NSFC,41771234,K01,K01.1,779,0.12057460745490477,0.4556926212563174
NSFC,41771237,K02,K02.1,4371,0.5803637089137005,0.007181298957958743
NSFC,41771238,K02,K02.1,833,0.47774234129114623,0.0619216587022684
NSFC,41771259,K02,K02.1,1102,0.6006261436256292,0.09327005383499123
NSFC,41771268,K02,K02.1,7130,0.1580177709283812,-0.2296146929080034
NSFC,41771285,K02,K02.1,2828,0.2870197777910296,-0.1331408796394402
NSFC,41771291,K02,K02.1,6177,0.2906671537201272,-0.15562169167814244
NSFC,41771339,K02,K02.1,4639,0.4345448221524586,-0.009868964057528032
NSFC,41771351,K02,K02.1|K02.2,7678,0.2229222087926645,-0.1783589820388984
NSFC,41771355,K02,K02.1,7679,0.27745233334771235,-0.24959698439814318
NSFC,41771360,K01,K01.1|K01.2,181,-0.15212027439703882,0.3569313458272412
NSFC,41771366,K01,K01.1|K01.2,3279,-0.13462131086023094,0.15900919151789508
NSFC,41771369,K04,K04.1|K04.3,29,-0.18337234079183656,0.08368416315000662
NSFC,41771371,K01,K01.1|K01.2,1199,-0.08729530656208455,0.4684985497725669
NSFC,41771372,K04,K04.1|K04.3,4960,-0.14642902914766148,-0.016853155297205324
NSFC,41771373,K01,K01.1,3927,-0.23044863668579124,0.24661900070147943
NSFC,41771376,K01,K01.1|K01.2,2167,-0.13937705637471612,0.20068640259014886
NSFC,41771378,K01,K01.1,1937,0.08602989705065632,0.5280320497437057
NSFC,41771380,K01,K01.1,2888,-0.17860834990631375,0.32055044350467
NSFC,41771381,K01,K01.1,6136,-0.06430613551827445,0.41551537764000257
NSFC,41771383,K01,K01.1,4520,0.006268473733678712,0.43413411118573264
NSFC,41771386,K01,K01.1|K01.2,6605,-0.12478068401927042,0.25219183210959417
NSFC,41771392,K01,K01.1,4478,-0.03161138983597482,0.39896383394766943
NSFC,41771393,K03,K03.2,1284,-0.16367481063403996,0.23815800363181105
NSFC,41771406,K04,K04.1,651,-0.12933467861606723,0.08243749683393929
NSFC,41771408,K01,K01.1,2801,-0.18125310557337493,0.31586637912250937
NSFC,41771409,K02,K02.1,4292,0.44222179490946256,0.12540429495261263
NSFC,41771422,K01,K01.1|K01.2,1592,-0.22540764390110007,0.45720893126898254
NSFC,41771424,K03,K03.1,446,-0.15607709907753564,0.24229657762093218
NSFC,41771429,K04,K04.3,8032,-0.1463662777233613,-0.0057121744962470265
NSFC,41771438,K04,K04.1|K04.3,7931,-0.2446213335618445,-0.07745037705284079
NSFC,41771446,K01,K01.1|K01.2,69,-0.09802581471366553,0.25411329753481054
NSFC,41771447,K01,K01.1,4649,0.12240478842202708,0.3750809458791321
NSFC,41771448,K02,K02.1,73,0.1898288623033253,-0.05054757003561024
NSFC,41771450,K02,K02.1,4300,0.5058948185371258,0.016033117011746922
NSFC,41771451,K01,K01.2,2460,-0.2246321213640643,0.21402596229600976
NSFC,41771454,K01,K01.1,4623,0.04398736415169306,0.33500138695483983
NSFC,41771457,K01,K01.1|K01.2,2118,-0.26290693894248285,0.37475010665346764
NSFC,41771459,K05,K05.1|K05.3,4813,0.20585205848820665,0.15663107232972442
NSFC,41771460,K02,K02.1,4532,0.4788858281782906,-0.03827394414572405
NSFC,41771461,K02,K02.1,196,0.3812976986178266,0.063002693838226
NSFC,41771464,K01,K01.1,4287,0.10756791112612603,0.5147647311979671
NSFC,41771465,K01,K01.1,5261,-0.08952518826001177,0.3917538122057159
NSFC,41771468,K01,K01.1|K01.2,4482,0.10042166256719486,0.3264879527127963
NSFC,41771470,K02,K02.1,1945,0.3228765486662881,0.06404312850116861
NSFC,41771475,K04,K04.1|K04.3,5768,-0.3469455592291925,-0.0763946198645865
NSFC,41771499,K01,K01.1|K01.2,3748,-0.13899775834722403,0.05243623488242896
NSFC,41771527,K01,K01.1,7573,-0.11875676163985487,0.18385919700236783
NSFC,41771528,K03,K03.3,7548,-0.08573253653030623,0.01992224519264512
NSFC,41771529,K02,K02.1,3255,0.16563793944065408,-0.3710281490367441
NSFC,41771532,K03,K03.3,7625,-0.02453851182597526,0.028776955591892278
NSFC,41771533,K03,K03.2|K03.3,3046,-0.1362020376659384,0.10529567533351626
NSFC,41771534,K03,K03.1,2967,0.05065705528751889,0.14528248874586344
NSFC,41771535,K02,K02.1,2753,0.2571657654267983,-0.11719672374342271
NSFC,41771536,K03,K03.1|K03.3,470,-0.06031560341162479,0.18465723802805964
NSFC,41771537,K03,K03.3,1372,-0.10361415388445094,0.17197113108931783
NSFC,41771538,K03,K03.1|K03.3,2315,-0.20033621465998042,0.08168703462555953
NSFC,41771541,K03,K03.3,1332,-0.13080369695544836,0.16069311080618956
NSFC,41771546,K05,K05.1,4550,0.1722341247811866,0.20341659790864672
NSFC,41771563,K02,K02.1,8235,0.23576502770686097,-0.1364193711911378
NSFC,41771567,K02,K02.1,5349,0.2805173347679149,-0.08999664483601703
NSFC,41771568,K01,K01.1|K01.2,4988,-0.03925296993930573,0.2973182028010095
NSFC,41771570,K02,K02.1,6806,0.237983626529307,-0.11762099008295052
NSFC,41771571,K04,K04.1|K04.3,3351,-0.3089303544326511,-0.3383842150452373
NSFC,41771574,K02,K02.1,597,0.37978565483949234,-0.01764852261716679
NSFC,41771576,K02,K02.1,4570,0.5013996782311957,-0.04268447045441846
NSFC,41772372,K02,K02.1,4570,0.5013996782311957,-0.04268447045441846
NSFC,41772379,K02,K02.1,5043,0.5355373173542282,-0.006550038156129007
NSFC,41773006,K01,K01.1|K01.2,2776,-0.1353538161313826,0.20761360688468217
NSFC,41773068,K02,K02.1,3298,0.29568557666207235,-0.28985991939055
NSFC,41773117,K02,K02.1,2903,0.21032127874146195,-0.17129224854281982
NSFC,41773121,K02,K02.1,3771,0.2119096991328307,-0.3806304059761305
NSFC,41773130,K02,K02.1,3017,0.1448223732943727,-0.3311779333515956
NSFC,41774006,K01,K01.1|K01.2,1746,-0.28029133247694266,0.36097580170650956
NSFC,41774026,K01,K01.1,1185,-0.08626955619267347,0.4600409144928984
NSFC,41774094,K02,K02.1,3950,0.1678782707252085,-0.2521126134847408
NSFC,41774155,K03,K03.3,2550,-0.22943839236487373,0.114318571638711
NSFC,41775019,K02,K02.1,2751,0.18241761298086973,-0.10542102028771361
NSFC,41775021,K01,K01.1|K01.2,2748,-0.10946809846784165,0.2223012092241567
NSFC,41775022,K01,K01.1|K01.2,2839,-0.09472369782517087,0.3717519460893146
NSFC,41775028,K01,K01.1|K01.2,8251,-0.19557748839030814,0.32811791260391465
NSFC,41775075,K01,K01.1,778,0.04582645500897618,0.4674683247120265
NSFC,41775078,K02,K02.1,1244,0.14826431991658606,0.015003965106393638
NSFC,41775091,K02,K02.1,834,0.41952165236459904,-0.018211218714001914
NSFC,41775094,K02,K02.1,2014,0.15432975487809436,-0.012256830514176517
NSFC,41775115,K01,K01.1,2791,-0.14406721104816705,0.1754469271727116
NSFC,41775148,K02,K02.1|K02.2,7578,0.14809190829154284,-0.15525183468372503
NSFC,41775152,K02,K02.1|K02.2,876,0.36155215887606723,0.020971971532668637
NSFC,41775153,K01,K01.1|K01.2,2816,-0.05356452425041265,0.26679129445714334
NSFC,41775155,K01,K01.1,2847,-0.1111286862770076,0.33041535763822827
NSFC,41775156,K02,K02.1,4300,0.5058948185371258,0.016033117011746922
NSFC,41775159,K03,K03.1|K03.2,4578,0.20079067815302243,0.18410767671513226
NSFC,41775160,K01,K01.1|K01.2,2986,-0.18353682225588736,0.3260630331120353
NSFC,41775161,K02,K02.1,2821,0.22334675416336636,-0.023769701698574536
NSFC,41775162,K01,K01.1|K01.2,2797,-0.13774310339772822,0.22116138658579804
NSFC,41776044,K01,K01.1,4328,0.13008176117903109,0.5103542048892726
NSFC,41776118,K02,K02.1|K02.2,5110,0.28063129841952866,-0.1718255742572831
NSFC,41776135,K02,K02.1,5060,0.4211369572250776,-0.049309974192087686
NSFC,41776181,K01,K01.1|K01.2,3279,-0.13462131086023094,0.15900919151789508
NSFC,41776188,K01,K01.1,860,0.06169522071405663,0.3286082334225354
NSFC,41776191,K02,K02.1,833,0.47774234129114623,0.0619216587022684
NSFC,41776200,K02,K02.1,830,0.3880197558102853,0.11085859551412992
NSFC,41801006,K01,K01.1|K01.2,4650,0.11647437016392133,0.3856526837303611
NSFC,41801007,K02,K02.2,4309,0.3121619264431959,0.22469440398843318
NSFC,41801013,K02,K02.1,6141,0.270347748265062,0.026154941394648093
NSFC,41801014,K02,K02.1|K02.2,2922,0.20960505854320477,-0.05455462739575187
NSFC,41801015,K02,K02.1,603,0.35197292284444687,-0.05343755868310951
NSFC,41801016,K02,K02.1,5058,0.5132019106442857,-0.037314888755986264
NSFC,41801017,K02,K02.1,3854,0.28727536385898944,-0.12625249050232115
NSFC,41801023,K01,K01.1,4288,0.24553138178740147,0.4317171121118649
NSFC,41801024,K02,K02.1,4294,0.5801852655707379,0.042356675866510415
NSFC,41801025,K01,K01.1,5261,-0.08952518826001177,0.3917538122057159
NSFC,41801028,K01,K01.1|K01.2,780,0.013287940866673884,0.3443627161357826
NSFC,41801035,K01,K01.1|K01.2,3851,-0.05330893818245279,0.2736796835942624
NSFC,41801037,K02,K02.1,3881,0.3362834113334248,-0.11509147432358222
NSFC,41801046,K04,K04.3,2261,-0.20871849681037083,-0.058792356766214776
NSFC,41801057,K02,K02.1,5216,0.4101011565434354,-0.026347181968269864
NSFC,41801058,K02,K02.1,59,0.27452712033765825,-0.10413704325289146
NSFC,41801059,K03,K03.1|K03.2,4795,0.1859116279042934,0.22983385407085197
NSFC,41801060,K02,K02.1,286,0.27640640539269246,-0.022802867355518827
NSFC,41801061,K02,K02.2,978,0.0898055938728342,0.16233359093460648
NSFC,41801064,K02,K02.1|K02.2,1273,0.09006740278982352,0.008443057440591706
NSFC,41801066,K02,K02.1,7505,0.20474370268553477,-0.30212626300123757
NSFC,41801067,K02,K02.1,4533,0.4837110123946956,-0.008887396373348289
NSFC,41801068,K02,K02.2,4642,0.16652148302491654,0.17246876406439474
NSFC,41801071,K02,K02.1,4556,0.5212365112697012,-0.018583941464912657
NSFC,41801072,K01,K01.1|K01.2,4527,0.09006064095643394,0.39576891222510024
NSFC,41801073,K02,K02.1,4440,0.4850550504174328,-0.060782864428872346
NSFC,41801074,K03,K03.1,1216,-0.07524563041968695,0.21050774241421727
NSFC,41801075,K01,K01.1,3930,-0.1865578208864479,0.14730704849273565
NSFC,41801077,K02,K02.1|K02.2,5224,0.3648097927444015,0.01949169628229734
NSFC,41801083,K02,K02.1|K02.2,4305,0.5123800517187992,0.09260608042577208
NSFC,41801085,K04,K04.1|K04.3,4489,-0.02476961250798479,0.0038377373759262354
NSFC,41801088,K02,K02.1,7080,0.25551822208678554,-0.12214031673121636
NSFC,41801089,K02,K02.1,3216,0.10253472838946308,-0.5160210180221485
NSFC,41801097,K01,K01.1,4287,0.10756791112612603,0.5147647311979671
NSFC,41801099,K02,K02.1|K02.2,4513,0.415309703850129,-0.010687954586643442
NSFC,41801100,K01,K01.2,5055,0.1940645692507178,0.25018851832844813
NSFC,41801101,K02,K02.1,6239,0.22836010170724558,-0.13538429831072432
NSFC,41801105,K05,K05.3,7415,-0.10369435560737064,-0.010339404156547105
NSFC,41801107,K02,K02.1,5732,0.18837013694937527,-0.13231288079893672
NSFC,41801114,K02,K02.1,8381,0.2758626472908946,-0.10658652164092168
NSFC,41801121,K01,K01.1|K01.2,8373,-0.08104644589335194,0.2770812742286566
NSFC,41801122,K02,K02.1,5541,0.23667210668917354,-0.1305492166592186
NSFC,41801137,K05,K05.2,7193,-0.11085027647907478,-0.005348353114530517
NSFC,41801138,K02,K02.1,5449,0.18836092751411804,-0.17292896633574875
NSFC,41801146,K02,K02.1,7901,0.2571772960174892,-0.1270643469303506
NSFC,41801148,K01,K01.1|K01.2,3638,0.12857821175551393,0.29766486258102354
NSFC,41801150,K02,K02.1,5508,0.24397584136276684,-0.12396080350799712
NSFC,41801151,K02,K02.1,6957,0.23030850579096712,-0.12236301144165837
NSFC,41801152,K02,K02.1,7757,0.2990938797923461,-0.07261108076699317
NSFC,41801153,K02,K02.1,7989,0.27407399346743627,-0.09237763048877895
NSFC,41801154,K02,K02.1,5600,0.1782853776251352,-0.17747965589353873
NSFC,41801156,K02,K02.1,5420,0.2169555749930832,-0.18066955009347668
NSFC,41801157,K01,K01.1|K01.2,7785,-0.08441137511220599,0.27250048787048997
NSFC,41801158,K02,K02.1,5619,0.2297242583690528,-0.12516664996381688
NSFC,41801159,K04,K04.1|K04.3,2075,-0.26461797179679725,-0.02768572644372179
NSFC,41801160,K05,K05.1,6060,-0.04867422386854339,0.07518828126054171
NSFC,41801162,K02,K02.1,7787,0.21034115724771862,-0.17780670162297588
NSFC,41801163,K02,K02.1,8366,0.2767504523220586,-0.10657621360738023
NSFC,41801164,K02,K02.1,2954,0.2009862605463668,-0.3245962044848377
NSFC,41801165,K05,K05.1|K05.3,8034,-0.043813547338367134,0.11445710659042192
NSFC,41801166,K01,K01.1,5465,-0.1456071017557698,0.22285597449031416
NSFC,41801168,K03,K03.1|K03.2,8001,-0.039945141181095975,0.12078801530622625
NSFC,41801169,K02,K02.1,8210,0.26414653265574983,-0.10468512922535925
NSFC,41801172,K05,K05.1|K05.3,7889,-0.0682151990570593,0.1000320642654364
NSFC,41801174,K04,K04.1|K04.2|K04.3,4920,-0.2638793203800534,-0.06522419125393343
NSFC,41801175,K04,K04.1|K04.3,4549,-0.039955818335150606,0.043732149115854387
NSFC,41801178,K01,K01.1|K01.2,4634,0.004237934630155302,0.43900014685091704
NSFC,41801179,K03,K03.1,900,0.09305436112425595,0.2324370468055134
NSFC,41801180,K02,K02.1,4483,0.44100596460863717,-0.07344422138378728
NSFC,41801181,K03,K03.1|K03.2,4380,0.2315138236551128,0.2680841284017501
NSFC,41801182,K02,K02.1,124,0.29788050240516606,-0.07222121815339286
NSFC,41801184,K03,K03.1,5290,-0.017108146983199166,0.11735918125638672
NSFC,41801185,K03,K03.1|K03.2,801,0.20286037634048243,0.2590136499062729
NSFC,41801186,K01,K01.1|K01.2,3592,0.04649847128469402,0.25588558173880416
NSFC,41801187,K04,K04.1|K04.3,2759,-0.2598495492036181,-0.11696178228038714
NSFC,41801189,K02,K02.1,5441,0.2679987809384763,-0.11540171457599227
NSFC,41801193,K02,K02.1,5476,0.2735059719406167,-0.10693510103886086
NSFC,41801197,K05,K05.1,8033,-0.04371771711809075,0.11642278129383504
NSFC,41801201,K01,K01.1|K01.2,6911,-0.08341772427819857,0.27993905034243083
NSFC,41801203,K05,K05.1,1065,-0.0038282629480328456,0.11789405371853652
NSFC,41801206,K05,K05.1,7043,-0.11041788036148176,0.04499202406153436
NSFC,41801207,K02,K02.1,7419,0.2067173703099086,-0.22944167217395897
NSFC,41801209,K05,K05.2|K05.3,7319,-0.12503761897737234,-0.02593783881928017
NSFC,41801214,K02,K02.1,2869,0.21188531800674443,-0.20233826567692317
NSFC,41801215,K05,K05.2,3353,-0.11692510874155737,-0.20917317885527825
NSFC,41801218,K02,K02.1|K02.2,7709,0.20589928575702093,-0.05788234778601031
NSFC,41801221,K02,K02.1,1637,0.16033876720363016,-0.10093551079149397
NSFC,41801222,K02,K02.1,7399,0.20990242118479724,-0.1514926399451171
NSFC,41801224,K01,K01.1|K01.2,5320,-0.03315404570196408,0.3367838267152222
NSFC,41801230,K01,K01.1,5135,-0.06071488119277354,0.35446254656323595
NSFC,41801234,K02,K02.1|K02.2,78,0.21174623393224745,-0.049235102288210125
NSFC,41801239,K01,K01.1,8021,-0.004676316098471231,0.34147289098956224
NSFC,41801244,K01,K01.1,7980,-0.060579890315900234,0.29698280575657554
NSFC,41801246,K01,K01.1|K01.2,1254,-0.20695723461953086,0.4201818381953767
NSFC,41801250,K01,K01.1,7980,-0.060579890315900234,0.29698280575657554
NSFC,41801254,K04,K04.1|K04.2,1918,-0.0764628467667705,0.21110715352673126
NSFC,41801260,K01,K01.1|K01.2,4016,-0.2249012055858629,0.30504452237443613
NSFC,41801262,K01,K01.1|K01.2,5130,0.0976968934136843,0.31509801043637586
NSFC,41801264,K01,K01.1,776,0.030852021974043756,0.5046295580681789
NSFC,41801269,K02,K02.1,3944,0.11917968013247764,-0.17990266890002746
NSFC,41801271,K01,K01.1,1931,-0.11073571592622782,0.4209849084241587
NSFC,41801277,K01,K01.1,2255,-0.11761326952566374,0.411237620770852
NSFC,41801281,K01,K01.1,2888,-0.17860834990631375,0.32055044350467
NSFC,41801282,K02,K02.1,2899,0.15604553387702275,-0.06880999274068447
NSFC,41801283,K01,K01.1|K01.2,3879,0.007332772141246696,0.45567927955662657
NSFC,41801285,K01,K01.1,3833,-0.07091507837762821,0.22485450373098315
NSFC,41801291,K01,K01.1,3927,-0.23044863668579124,0.24661900070147943
NSFC,41801292,K01,K01.1|K01.2,4525,0.13830152613684837,0.3616582299508595
NSFC,41801297,K03,K03.1|K03.3,1634,-0.18097399491516547,0.19082742071042083
NSFC,41801299,K02,K02.1,7943,0.2543603480313346,-0.11179083087649677
NSFC,41801304,K03,K03.1|K03.2,6796,-0.08113182799846926,0.10672734704528118
NSFC,41801306,K01,K01.1|K01.2,5473,-0.08048846467118448,0.27937057168317725
NSFC,41801307,K03,K03.1|K03.2,8000,-0.026535006610737016,0.13441451668077178
NSFC,41801311,K03,K03.2|K03.3,2906,-0.13778314822585822,0.12754438200526075
NSFC,41801314,K03,K03.1|K03.2,7078,-0.03877595501936968,0.10815541293771537
NSFC,41801326,K02,K02.1,19,0.3769510060220512,-0.013148184649192637
NSFC,41801329,K01,K01.1|K01.2,2891,-0.1845387681644195,0.3311221813558991
NSFC,41801334,K01,K01.1|K01.2,3339,-0.15850344535018282,0.002210081889892662
NSFC,41801336,K03,K03.3,7710,-0.09606015089111443,0.035342309402269366
NSFC,41801338,K03,K03.3,6133,0.05857460158903509,0.3346794843053298
NSFC,41801340,K01,K01.1|K01.2,6138,-0.055262120741447776,0.3889258821350793
NSFC,41801341,K01,K01.1|K01.2,4739,0.2358414934266826,0.39686291481342717
NSFC,41801343,K01,K01.1|K01.2,7982,-0.06651030857400599,0.30755454360780465
NSFC,41801344,K01,K01.1,8241,-0.18915735827392313,0.3189299215862397
NSFC,41801346,K01,K01.1,3869,-0.009250659653552581,0.449518068014092
NSFC,41801347,K01,K01.1,4520,0.006268473733678712,0.43413411118573264
NSFC,41801350,K02,K02.1,4429,0.32098593506485296,-0.04716567079315477
NSFC,41801354,K01,K01.1,4522,0.0959910592145397,0.38519717437387113
NSFC,41801359,K04,K04.1|K04.3,6257,-0.32278840729613395,-0.02130427693193635
NSFC,41801360,K01,K01.1,1420,-0.21814429171745814,0.39348061374610765
NSFC,41801364,K01,K01.1|K01.2,4565,0.02285190552847799,0.4402953227282673
NSFC,41801366,K02,K02.1,5142,0.4119024732518384,-0.11794550876822074
NSFC,41801367,K02,K02.1,2920,0.2635448393681217,-0.1191093129050319
NSFC,41801370,K03,K03.1|K03.2,4613,0.06781754573025585,0.1746352175656997
NSFC,41801372,K03,K03.2,6027,-0.1539301162709553,0.09907315887326425
NSFC,41801373,K03,K03.2,5876,-0.1055550667898108,0.0536477653767653
NSFC,41802041,K02,K02.1,3079,0.1265146134594306,-0.2447512080139402
NSFC,41803016,K01,K01.1|K01.2,7624,-0.15416448512603836,0.17920402692179935
NSFC,41805007,K02,K02.1,2921,0.23099571909775402,-0.15246450147931567
NSFC,41805011,K04,K04.1|K04.3,55,-0.17471273072892224,0.04301934729447324
NSFC,41805043,K02,K02.1|K02.2,1540,0.11219639027176741,0.0026665974436579434
NSFC,41805063,K03,K03.1|K03.2,800,0.07987133871413939,0.3049000356362227
NSFC,41805073,K02,K02.1,786,0.43662487012520146,-0.02458942787401766
NSFC,41805074,K02,K02.1|K02.2,54,0.1986518099927062,-0.09214879582453923
NSFC,41805082,K02,K02.1,320,0.2802288685555562,-0.07518889074005447
NSFC,41805086,K01,K01.1,4667,-0.04042289418969598,0.4024646068365997
NSFC,41805089,K05,K05.1,133,-0.01773726129474809,0.14158047045788222
NSFC,41805095,K02,K02.1,2828,0.2870197777910296,-0.1331408796394402
NSFC,41805102,K02,K02.1,3105,0.1823169370033767,-0.1696092010730459
NSFC,41805106,K02,K02.1,2869,0.21188531800674443,-0.20233826567692317
NSFC,41805117,K01,K01.1|K01.2,2895,-0.13986455645849089,0.23542061125829622
NSFC,41805120,K02,K02.1,3911,0.2741638247758221,-0.14229386073538905
NSFC,41805130,K01,K01.1,1472,-0.12475243441219167,0.3963989393142475
NSFC,41806043,K02,K02.1,831,0.40299418884521765,0.07369736215797752
NSFC,41806045,K03,K03.1|K03.3,1371,-0.15325246944867774,0.12890554977550434
NSFC,41806118,K01,K01.1|K01.2,4400,-0.004985499524059828,0.49717639276422
NSFC,41806134,K01,K01.1|K01.2,4620,0.12096857305595503,0.3081829992319308
NSFC,41806139,K02,K02.1,3660,0.3689218804891446,-0.06165955802904416
NSFC,41806141,K02,K02.1,5058,0.5132019106442857,-0.037314888755986264
NSFC,41806195,K02,K02.1,3365,0.2571144013083775,-0.3108893088435172
NSFC,41806207,K01,K01.1,3152,-0.10708438980157746,0.2638728467650804
NSFC,41806208,K01,K01.1,1529,-0.09510916757881097,0.4247241235962401
NSFC,41806216,K02,K02.1,831,0.40299418884521765,0.07369736215797752
NSFC,41806224,K02,K02.1,5060,0.4211369572250776,-0.049309974192087686
NSFC,41806227,K01,K01.1|K01.2,4335,0.1705086266995235,0.43545971568377084
NSFC,41807031,K02,K02.1,4456,0.44093469756397996,-0.17180773121859225
NSFC,41807049,K02,K02.1,4594,0.4790642715212532,-0.07344932105427572
NSFC,41807116,K02,K02.1|K02.2,7526,0.16856746502110764,-0.2324082167502907
NSFC,41807149,K02,K02.1,3855,0.27488644461395983,-0.15601035252170922
NSFC,41807155,K03,K03.1|K03.2,3316,-0.030972985269298703,-0.12350201335000344
NSFC,41807156,K02,K02.1|K02.2,3308,0.27612124799054794,-0.273721197105529
NSFC,41807159,K02,K02.1,3855,0.27488644461395983,-0.15601035252170922
NSFC,41807161,K02,K02.1,836,0.4516927794379485,0.0014874175732642325
NSFC,41807163,K02,K02.1,321,0.1908434636149529,-0.05816748829194586
NSFC,41807169,K01,K01.1,661,-0.19460547937642378,0.3043186291902925
NSFC,41807172,K02,K02.1,4371,0.5803637089137005,0.007181298957958743
NSFC,41807293,K01,K01.1|K01.2,1475,-0.14565728570522984,0.4441319105216289
NSFC,41807311,K01,K01.1|K01.2,3025,-0.14990528735611794,0.20334406032193816
NSFC,41807321,K02,K02.1,3296,0.34392646184248676,-0.32397060166479064
NSFC,41807326,K02,K02.1,4652,0.505299557385778,-0.04839017264046312
NSFC,41807331,K02,K02.1,4294,0.5801852655707379,0.042356675866510415
NSFC,41807354,K02,K02.1,3101,0.18545035882069433,-0.20670054787017783
NSFC,41807366,K02,K02.1,5279,0.32037217060068124,-0.09728845687449586
NSFC,41807393,K02,K02.1,3300,0.2696360148088746,-0.3502941605195542
NSFC,41807398,K02,K02.1,4776,0.47947364570768125,-0.1872410343217256
NSFC,41807402,K02,K02.1,4723,0.5244707551444552,0.001372032461937317
NSFC,41807404,K02,K02.1|K02.2,4601,0.41125905766931437,-0.023199916495014086
NSFC,41807429,K01,K01.1,627,0.06694024577673018,0.4544867537610804
NSFC,41807449,K02,K02.1,2827,0.2700701351430953,-0.1226784572098874
NSFC,41807456,K02,K02.1,3300,0.2696360148088746,-0.3502941605195542
NSFC,41807460,K02,K02.1,3200,0.12451769672152906,-0.4873676712106827
NSFC,41807462,K02,K02.1,3216,0.10253472838946308,-0.5160210180221485
NSFC,41807471,K03,K03.2|K03.3,2169,-0.09262143643615486,-0.0028913967604894952
NSFC,41807480,K02,K02.1,3364,0.2761132132301121,-0.32455891668678005
NSFC,41807481,K01,K01.1|K01.2,3058,-0.1208997367674991,0.20284941706622156
NSFC,41807493,K02,K02.1,3624,0.2793663847223562,-0.3215376610395082
NSFC,41807494,K02,K02.1,3297,0.2586926162056628,-0.3361942891048513
NSFC,41807497,K01,K01.1|K01.2,7579,-0.1256082409878393,0.195718156125958
NSFC,41807498,K03,K03.3,3541,0.024559378455063688,0.08188058236266003
NSFC,41807503,K03,K03.1|K03.3,684,-0.015312230658563686,0.16272659227921038
NSFC,41807504,K01,K01.1|K01.2,1779,-0.17665303009145583,0.313728676374912
NSFC,41807505,K02,K02.1,1811,0.1835369239670117,-0.09934086828819647
NSFC,41807507,K03,K03.3,1327,-0.09766922305829338,0.21948682805165168
NSFC,41807510,K03,K03.1|K03.3,1512,-0.1905932948797799,0.1972304039472296
NSFC,41807514,K02,K02.1,38,0.3958616197830707,-0.014992469130507238
NSFC,41807517,K02,K02.1,3268,0.27317172660916733,-0.2854493930818556
NSFC,41807519,K02,K02.1,4952,0.3562674252353347,-0.06347023577123478
NSFC,41830102,K01,K01.1,5276,-0.06701133820710672,0.3873432858970215
NSFC,41830105,K01,K01.1,3875,0.013263190399352448,0.44510754170539757
NSFC,41830109,K01,K01.1,2888,-0.17860834990631375,0.32055044350467
NSFC,41830641,K01,K01.1|K01.2,2932,-0.17148590721794518,0.14912218861123408
NSFC,41830649,K02,K02.1|K02.2,4305,0.5123800517187992,0.09260608042577208
NSFC,41830752,K03,K03.3,1603,-0.1813928703982523,0.2437224629800582
NSFC,41830965,K02,K02.1|K02.2,2846,0.2417284139919958,-0.08730200138887302
NSFC,41830966,K02,K02.1,2901,0.219718557504686,-0.17818117068155015
NSFC,41831177,K02,K02.1|K02.2,3431,0.2657438234797499,0.055232271638822
NSFC,41831287,K02,K02.1,3562,0.16394862446434155,-0.40506935372052977
NSFC,41831288,K02,K02.1,3214,0.08856303672056202,-0.5247398265211047
NSFC,41831291,K02,K02.1,1390,0.16754365167873864,-0.057685589784481295
NSFC,41861006,K02,K02.1,4742,0.5764257954681248,-0.0030692592831564336
NSFC,41861010,K04,K04.1|K04.2,2413,-0.3216829909216007,-0.12755376965738088
NSFC,41861014,K02,K02.1,4371,0.5803637089137005,0.007181298957958743
NSFC,41861018,K02,K02.1,1072,0.5694915896739555,0.05640302404630233
NSFC,41861020,K01,K01.1,4362,0.245709825130364,0.39654173520331326
NSFC,41861021,K02,K02.1,4292,0.44222179490946256,0.12540429495261263
NSFC,41861024,K01,K01.1|K01.2,4561,0.16485869168309908,0.3595941981503209
NSFC,41861033,K02,K02.1,3026,0.2554171024065228,-0.1232850421722683
NSFC,41861034,K02,K02.1,8356,0.24173036144753768,-0.12346996590424722
NSFC,41861035,K02,K02.1,2919,0.2774102723951436,-0.1048040319550135
NSFC,41861039,K02,K02.1,7782,0.2087015741947812,-0.1729180705953803
NSFC,41861040,K04,K04.1|K04.2,4879,-0.08566659018527141,0.018079765895765862
NSFC,41861043,K05,K05.2|K05.3,8190,-0.10357573795014219,0.03270986823415622
NSFC,41861046,K01,K01.1|K01.2,4584,0.09709066192928915,0.3370408483728081
NSFC,41861051,K03,K03.1,3314,-0.004270156262465907,-0.07576138986363182
NSFC,41861052,K02,K02.1,5029,0.24434590411103513,-0.03423613848932395
NSFC,41861054,K01,K01.1|K01.2,1475,-0.14565728570522984,0.4441319105216289
NSFC,41861056,K03,K03.2|K03.3,4420,-0.020119633747732,0.30051447518686314
NSFC,41863004,K01,K01.1|K01.2,3210,-0.20888570591730238,-0.0830388868690277
NSFC,41866006,K01,K01.1|K01.2,5001,0.16327029512076008,0.361782877261395
NSFC,41867008,K02,K02.1,4371,0.5803637089137005,0.007181298957958743
NSFC,41867012,K01,K01.1|K01.2,4633,0.11131585629910258,0.34978552895870785
NSFC,41867029,K02,K02.1,4596,0.4308233863408387,-0.03933863878003506
NSFC,41867031,K03,K03.3,3183,-0.16543928480942982,-0.19570525726610014
NSFC,41867054,K02,K02.1,4456,0.44093469756397996,-0.17180773121859225
NSFC,41867059,K02,K02.1|K02.2,4350,0.5348939017717041,0.08819555411707762
NSFC,41867064,K02,K02.1,3777,0.2542458820191224,-0.3142122047890643
NSFC,41867067,K01,K01.1|K01.2,3044,-0.11106796121943399,0.2081378907784945
NSFC,41867071,K02,K02.1,1538,0.255284547091607,-0.08269621204434419
NSFC,41871024,K03,K03.1|K03.3,662,-0.15565683646983097,0.1086186252005377
NSFC,41871028,K01,K01.1|K01.2,784,0.0833627030002408,0.44003390576335233
NSFC,41871029,K02,K02.1,21,0.3509014441688535,-0.0735824257781968
NSFC,41871033,K03,K03.1|K03.2|K03.3,7639,0.05853865016871797,0.17690862896787832
NSFC,41871037,K02,K02.1,5058,0.5132019106442857,-0.037314888755986264
NSFC,41871045,K03,K03.2,5076,0.16765914740791998,0.21470413305127234
NSFC,41871047,K02,K02.1,5058,0.5132019106442857,-0.037314888755986264
NSFC,41871053,K02,K02.1,3884,0.36289150721762137,0.01858587210389065
NSFC,41871057,K02,K02.1,4041,0.25262858901993146,-0.15936574399899842
NSFC,41871058,K01,K01.1|K01.2,823,0.03981427751022233,0.524179912680941
NSFC,41871059,K03,K03.2,3973,-0.17812219792347367,0.03800567063299046
NSFC,41871060,K02,K02.1,788,0.5034693764186556,0.032221502736722155
NSFC,41871064,K02,K02.1,4371,0.5803637089137005,0.007181298957958743
NSFC,41871066,K02,K02.1,4717,0.602804517671413,0.030042085824856554
NSFC,41871067,K02,K02.1,4325,0.6067424311169887,0.04029264406597173
NSFC,41871075,K06,K06.2,4552,0.18364274196670116,0.1523958783518056
NSFC,41871080,K02,K02.1,4340,0.5174652699868191,0.02572246211775539
NSFC,41871086,K02,K02.1,4141,0.30826832038461727,-0.09917796871754901
NSFC,41871091,K02,K02.1,4532,0.4788858281782906,-0.03827394414572405
NSFC,41871094,K02,K02.1,8154,0.25649769108240617,-0.13167422405859514
NSFC,41871098,K02,K02.1,4342,0.4962375415166813,-0.008076045584213654
NSFC,41871101,K02,K02.1,4371,0.5803637089137005,0.007181298957958743
NSFC,41871111,K02,K02.1,7816,0.2187877314426369,-0.18972319554968642
NSFC,41871119,K02,K02.1,7841,0.2549991330455812,-0.11187264285881227
NSFC,41871122,K02,K02.1,5736,0.19131244383554857,-0.13472769515879757
NSFC,41871135,K02,K02.1,7645,0.20008164718532317,-0.19243981396407794
NSFC,41871140,K02,K02.1,7735,0.25405305719080695,-0.12462443969322445
NSFC,41871148,K02,K02.1,7687,0.2077581589742833,-0.1858942989068233
NSFC,41871150,K02,K02.1,5378,0.2187991714149245,-0.19095629208468234
NSFC,41871153,K02,K02.1|K02.2,7764,0.22443760238930888,-0.024462604406615816
NSFC,41871154,K02,K02.1,8086,0.2041152142674703,-0.17250859576880373
NSFC,41871155,K03,K03.1,4997,-0.03416035999801213,0.1123309350484259
NSFC,41871156,K02,K02.1,7819,0.20747903096973452,-0.16330772683073502
NSFC,41871158,K02,K02.1,7943,0.2543603480313346,-0.11179083087649677
NSFC,41871159,K05,K05.1|K05.3,8016,-0.05090885893670802,0.10433418771525738
NSFC,41871161,K01,K01.1|K01.2,7769,-0.17442145918487964,0.32260504853064487
NSFC,41871162,K02,K02.1,6058,0.2736317673010684,-0.10515722740881883
NSFC,41871163,K01,K01.1|K01.2,8230,-0.07132088773144671,0.29946894369546306
NSFC,41871164,K03,K03.3,2178,-0.18932295533687227,0.19515743191143786
NSFC,41871165,K02,K02.1,5431,0.2049565526937807,-0.1870455525461247
NSFC,41871167,K01,K01.1|K01.2,7730,-0.15327828916683478,0.2224550684245953
NSFC,41871168,K02,K02.1,5859,0.20513285472972598,-0.13684851526006991
NSFC,41871169,K02,K02.1,7989,0.27407399346743627,-0.09237763048877895
NSFC,41871170,K01,K01.1|K01.2,6075,-0.12456181510075227,0.22087966423640762
NSFC,41871172,K02,K02.1|K02.2,7997,0.20626877961549744,-0.042128225929517316
NSFC,41871174,K01,K01.1|K01.2,1650,-0.23273915323173722,0.34227269971153074
NSFC,41871176,K05,K05.1,6078,-0.07499161037817317,0.0916778438685391
NSFC,41871180,K02,K02.1|K02.2,8255,0.13920492342759216,-0.12231642504363971
NSFC,41871184,K02,K02.1,8372,0.24516620250431614,-0.12954192699496553
NSFC,41871185,K03,K03.1|K03.2,4907,0.08181903139305217,0.19436867018201054
NSFC,41871187,K02,K02.1,5254,0.33932210052594275,-0.062023835408752004
NSFC,41871189,K02,K02.1,167,0.41579515209786366,0.01100836675358663
NSFC,41871191,K02,K02.1,6901,0.2748772506659108,-0.12257229347677781
NSFC,41871192,K02,K02.1,1897,0.22823389311975661,-0.1492797767013563
NSFC,41871194,K02,K02.1,4484,0.3927650794282227,-0.039333539109546616
NSFC,41871196,K02,K02.1|K02.2,4640,0.36673960830051977,0.04038044050173364
NSFC,41871200,K02,K02.1,434,0.20918208821462575,0.006457327399896184
NSFC,41871206,K01,K01.1,7302,-0.13666883634546995,0.01939149650480962
NSFC,41871209,K02,K02.1,5289,0.2828475859413391,-0.09673934827053149
NSFC,41871211,K05,K05.2|K05.3,3076,-0.10341280717111725,0.027604012526494807
NSFC,41871213,K02,K02.1,7345,0.16049340922431965,-0.34572829851663245
NSFC,41871214,K05,K05.2,3265,-0.1267910554705422,-0.22889371945254552
NSFC,41871216,K02,K02.1,7017,0.25290609914692275,-0.13231885288077896
NSFC,41871217,K04,K04.3,5256,-0.09464018073134225,0.004044674093655073
NSFC,41871218,K06,K06.2,4618,0.16613134554284525,0.1340960245414286
NSFC,41871219,K05,K05.2|K05.3,1134,-0.11544886475261186,0.01588223891320366
NSFC,41871224,K01,K01.2,4637,0.11540748075889067,0.2776344430269063
NSFC,41871226,K01,K01.1|K01.2,68,-0.150755439738117,0.3493846040609734
NSFC,41871228,K01,K01.1,4032,-0.12591611056274843,0.32930664445509983
NSFC,41871230,K01,K01.1,4520,0.006268473733678712,0.43413411118573264
NSFC,41871234,K01,K01.1|K01.2,3279,-0.13462131086023094,0.15900919151789508
NSFC,41871235,K01,K01.1,5292,0.004097276375431572,0.3371111732078097
NSFC,41871238,K01,K01.1,3927,-0.23044863668579124,0.24661900070147943
NSFC,41871250,K01,K01.1,4521,0.14423194439495413,0.3510864920996305
NSFC,41871253,K02,K02.1,6142,0.2853221812999944,-0.011006291961504322
NSFC,41871255,K02,K02.1,4294,0.5801852655707379,0.042356675866510415
NSFC,41871260,K01,K01.1|K01.2,2806,-0.18836475705578987,0.3276307033593219
NSFC,41871261,K01,K01.1,6194,-0.20348543648037531,0.29971448038970483
NSFC,41871262,K01,K01.1,2810,-0.11130712961997015,0.3655907345467799
NSFC,41871263,K03,K03.2|K03.3,1435,-0.21323802530093117,0.1895398034159205
NSFC,41871266,K01,K01.1,3927,-0.23044863668579124,0.24661900070147943
NSFC,41871268,K01,K01.1,1333,-0.19778720993566498,0.4038141955426249
NSFC,41871269,K01,K01.1,2810,-0.11130712961997015,0.3655907345467799
NSFC,41871270,K01,K01.1|K01.2,3166,-0.23915383698327375,0.07632154776427466
NSFC,41871273,K01,K01.1,3875,0.013263190399352448,0.44510754170539757
NSFC,41871281,K01,K01.1|K01.2,4729,0.14017644101172155,0.5099031659460628
NSFC,41871282,K03,K03.3,650,-0.017341823169580925,0.21720479600289494
NSFC,41871283,K04,K04.1|K04.3,2056,-0.3867142601736409,0.011885962394147798
NSFC,41871289,K04,K04.1|K04.3,1660,-0.35471128653162287,0.008043974383118602
NSFC,41871292,K04,K04.1|K04.3,1543,-0.21585100476339197,-0.011463099583975074
NSFC,41871297,K03,K03.1,7998,-0.025881739457101982,0.12172089903813925
NSFC,41871299,K03,K03.1,1276,-0.16632866550262684,0.2343481936257113
NSFC,41871301,K03,K03.1,8228,-0.035716646061070736,0.10898276272037799
NSFC,41871306,K03,K03.1|K03.2,5258,-0.06585597983308816,0.09708464134761968
NSFC,41871308,K01,K01.1|K01.2,5738,-0.13164379441666252,0.26441495103853274
NSFC,41871309,K03,K03.1,4612,0.06847081288389088,0.16194159992306717
NSFC,41871316,K01,K01.1|K01.2,8123,-0.20725444770871215,0.3327855709645485
NSFC,41871317,K01,K01.1,2746,-0.1522362708024667,0.28393941595764083
NSFC,41871318,K03,K03.1|K03.2|K03.3,8157,-0.041704012492449816,0.1390594277304269
NSFC,41871319,K05,K05.1|K05.2,4965,0.037850425872872004,0.1468973596621206
NSFC,41871326,K01,K01.1,4520,0.006268473733678712,0.43413411118573264
NSFC,41871330,K03,K03.1|K03.2,4382,0.17928862969632403,0.2175801627950457
NSFC,41871331,K01,K01.1,7941,-0.08029353575200188,0.27756960536885766
NSFC,41871333,K01,K01.1|K01.2,6199,-0.21703703099710175,0.3236753613111615
NSFC,41871334,K02,K02.1,5267,0.24512869552332478,0.00239337596036137
NSFC,41871335,K01,K01.2,4593,0.021963459466409874,0.2971017051162609
NSFC,41871337,K01,K01.1,6184,-0.2035567035250324,0.20135097055489992
NSFC,41871338,K01,K01.1,664,-0.1993417380108776,0.318809148306625
NSFC,41871346,K02,K02.1,3294,0.20596299118121136,-0.24092298257868847
NSFC,41871348,K03,K03.3,1635,-0.16531081905763495,0.09170411339050093
NSFC,41871352,K01,K01.1,4430,-0.010076154080084207,0.41603571721127874
NSFC,41871353,K01,K01.1,6136,-0.06430613551827445,0.41551537764000257
NSFC,41871354,K01,K01.1,4032,-0.12591611056274843,0.32930664445509983
NSFC,41871357,K01,K01.1,4521,0.14423194439495413,0.3510864920996305
NSFC,41871358,K02,K02.1,6144,0.360070333745923,-0.02278199541721343
NSFC,41871359,K02,K02.1,7691,0.2534599926406145,-0.12052444413368119
NSFC,41871360,K02,K02.1,7604,0.1836393940847052,-0.2729552255428218
NSFC,41871367,K01,K01.1|K01.2,2362,-0.25461394119674224,0.32638187701000476
NSFC,41872031,K02,K02.1,5048,0.5555003288906001,-0.0073222567094527735
NSFC,41874169,K01,K01.1,1527,-0.18816384434381972,0.3898902636643473
NSFC,41875007,K02,K02.1,1423,0.13148402510081075,-0.03304105585539925
NSFC,41875010,K02,K02.1,148,0.2127198897031482,-0.16097917897235936
NSFC,41875013,K01,K01.1|K01.2,644,-0.04638216363749624,0.39353003093566685
NSFC,41875014,K01,K01.1|K01.2,2893,-0.16956433512948704,0.2939609479997467
NSFC,41875015,K02,K02.1,158,0.2203794932175167,-0.16754973435231527
NSFC,41875016,K02,K02.1,4573,0.4271092311975835,-0.06900802930918197
NSFC,41875026,K01,K01.1|K01.2,2864,-0.12869898403469782,0.1975939084196604
NSFC,41875027,K03,K03.3,1447,-0.21477411981903938,0.23444001926851904
NSFC,41875031,K01,K01.1,1449,-0.1622407175000291,0.43797069897909435
NSFC,41875041,K01,K01.1,2801,-0.18125310557337493,0.31586637912250937
NSFC,41875050,K02,K02.1,1183,0.2627639098668966,0.04399921407507491
NSFC,41875059,K02,K02.1|K02.2,1246,0.08045910606464722,0.06525336966565527
NSFC,41875082,K02,K02.1,3950,0.1678782707252085,-0.2521126134847408
NSFC,41875105,K02,K02.1|K02.2,622,0.2914382326167173,0.09568571939417612
NSFC,41875106,K02,K02.1|K02.2,624,0.3661863850626459,0.083910015938467
NSFC,41875115,K02,K02.1,620,0.4339915989145847,0.03366061137920534
NSFC,41875117,K03,K03.2,1336,-0.16043520420827984,0.23236209883028833
NSFC,41875134,K02,K02.1,1244,0.14826431991658606,0.015003965106393638
NSFC,41875137,K02,K02.1|K02.2,4433,0.32044553947897675,-0.03244649241567976
NSFC,41875141,K02,K02.1,6204,0.1626703438572749,-0.21871577008378149
NSFC,41875149,K02,K02.1,2901,0.219718557504686,-0.17818117068155015
NSFC,41875157,K02,K02.1,2870,0.20248803924352038,-0.19544934353819285
NSFC,41875160,K01,K01.1,2889,-0.1636339168713813,0.2833892101485176
NSFC,41875176,K01,K01.1|K01.2,2848,-0.10208467150018094,0.303825862133305
NSFC,41875177,K02,K02.1,884,0.3443554134920135,-0.03588128838175059
NSFC,41876058,K01,K01.1,663,0.0030407313678499776,0.31968004749325396
NSFC,41876107,K03,K03.3,1531,-0.05702481233406898,0.22180939315854484
NSFC,41876136,K02,K02.1,4403,0.3992718261450457,-0.012126959273229293
NSFC,41876141,K02,K02.1,872,0.41996009396478196,-0.0223885108878627
NSFC,41876173,K02,K02.1,5116,0.39332143485287707,-0.14621867804763242
NSFC,41876200,K02,K02.1,5255,0.22976268200657624,-0.0371874275863963
NSFC,41876203,K01,K01.1,3381,-0.09073976198781454,0.28197124073953417
NSFC,41876206,K01,K01.1|K01.2,4333,0.12415134292092532,0.5209259427405017
NSFC,41876207,K01,K01.1|K01.2,4365,0.10181593621098282,0.4901610921406445
NSFC,41876208,K01,K01.1,3274,-0.12869089260212518,0.14843745366666602
NSFC,41876210,K02,K02.1,196,0.3812976986178266,0.063002693838226
NSFC,41877005,K01,K01.1|K01.2,7495,-0.07187844562692987,0.17522589277629194
NSFC,41877014,K01,K01.1|K01.2,4162,-0.11282681354961839,0.22557500061453556
NSFC,41877021,K01,K01.1,4108,-0.22228277303408472,0.2853794856568933
NSFC,41877034,K02,K02.1,4638,0.48278570733287296,-0.04397964633176871
NSFC,41877039,K02,K02.1,7079,0.31420090747593993,-0.1389914164365473
NSFC,41877044,K02,K02.1,4597,0.37260269741429153,-0.11947151619630539
NSFC,41877048,K02,K02.1,4744,0.4911919498313009,-0.015292946723217044
NSFC,41877050,K02,K02.1,5142,0.4119024732518384,-0.11794550876822074
NSFC,41877053,K02,K02.1,4465,0.44111314090694254,-0.2069831081271439
NSFC,41877083,K02,K02.1|K02.2,4493,0.4155514338481089,-0.0035048141437142508
NSFC,41877127,K01,K01.1|K01.2,6275,-0.07163159573437972,0.12189810735360908
NSFC,41877136,K02,K02.1,4465,0.44111314090694254,-0.2069831081271439
NSFC,41877151,K02,K02.1,83,0.3836959071820297,-0.08910510388872576
NSFC,41877152,K02,K02.1,5214,0.48439160357704747,-2.3623113506371363e-05
NSFC,41877155,K03,K03.1|K03.2,4353,0.3020901155454697,0.2647382967273667
NSFC,41877158,K03,K03.1|K03.3,676,-0.006694020665912195,0.11655769123318743
NSFC,41877159,K02,K02.1|K02.2,699,0.4464171047732097,0.05710378203221131
NSFC,41877164,K03,K03.1|K03.2,347,-0.05302870763362759,0.14289827034621091
NSFC,41877168,K02,K02.1|K02.2,4351,0.45537153039473155,0.09607578304712422
NSFC,41877213,K02,K02.1,2306,0.14626239451562428,-0.13819988215541473
NSFC,41877232,K02,K02.1,1534,0.20424715334355725,-0.10963881833306674
NSFC,41877234,K02,K02.1,1655,0.11850790247631961,-0.047536307167814026
NSFC,41877248,K02,K02.1,3171,0.1406504473129519,-0.42282787090592433
NSFC,41877266,K06,K06.2,1520,-0.1509111579598423,0.09502254961554407
NSFC,41877286,K02,K02.1,1243,0.17250986913643707,-0.04705204611106942
NSFC,41877291,K04,K04.3,1417,-0.29708439976611845,-0.017796859054322323
NSFC,41877297,K02,K02.1,1493,0.19991735457472126,-0.04832034181048936
NSFC,41877304,K02,K02.1,2820,0.24516903804189183,-0.17120548619374182
NSFC,41877306,K02,K02.1,2756,0.23111620357360058,-0.17763096487242688
NSFC,41877308,K01,K01.1|K01.2,2762,-0.1453870337317702,0.2113664603933788
NSFC,41877312,K02,K02.1,2886,0.2069750965965212,-0.16632278500632477
NSFC,41877314,K01,K01.1,2862,-0.1714671563693229,0.2592321151531446
NSFC,41877328,K02,K02.1,4483,0.44100596460863717,-0.07344422138378728
NSFC,41877358,K02,K02.1,3216,0.10253472838946308,-0.5160210180221485
NSFC,41877375,K02,K02.1,3201,0.15668882379487858,-0.4676690349234165
NSFC,41877376,K02,K02.1,7475,0.20763738583753538,-0.18206745249209283
NSFC,41877383,K02,K02.1,2857,0.17420094022346727,-0.11405661432291919
NSFC,41877397,K01,K01.1|K01.2,3287,-0.07094828723256767,0.04963801357702938
NSFC,41877399,K01,K01.1,1313,-0.10797213959641638,0.4444439602760404
NSFC,41877416,K02,K02.1,4294,0.5801852655707379,0.042356675866510415
NSFC,41877419,K02,K02.1,4742,0.5764257954681248,-0.0030692592831564336
NSFC,41877439,K02,K02.1,4339,0.602699115623643,0.037946149557816
NSFC,41877441,K02,K02.2,955,0.09207493695739398,0.14553037283750278
NSFC,41877444,K02,K02.1,871,0.4293573727280061,-0.029277433026593025
NSFC,41877454,K03,K03.1|K03.3,257,-0.11227218267433658,0.16991992709582063
NSFC,41877458,K02,K02.1,4339,0.602699115623643,0.037946149557816
NSFC,41877459,K01,K01.1|K01.2,4635,0.14220140529143072,0.3559525277648149
NSFC,41877466,K03,K03.3,7620,-0.16093260302983628,0.03859926167853031
NSFC,41877471,K02,K02.1,3626,0.3546730711992836,-0.26007025919674864
NSFC,41877476,K02,K02.1,2793,0.19058667273516944,-0.2139135090726429
NSFC,41877477,K02,K02.1,3292,0.2116817324859333,-0.40715900993207144
NSFC,41877507,K03,K03.3,7536,-0.11531206399086052,-0.08892754268602782
NSFC,41877508,K01,K01.1|K01.2,7713,-0.14528068495512153,0.2273818873147216
NSFC,41877509,K02,K02.1,3655,0.3684531441478145,-0.19854204645219578
NSFC,41877515,K01,K01.1|K01.2,4706,0.11430324689759423,0.39848549028576286
NSFC,41877516,K01,K01.1|K01.2,7613,-0.1370346939600036,0.11802377488032036
NSFC,41877517,K03,K03.3,7631,-0.14403681903138593,0.09268759757286561
NSFC,41877520,K03,K03.1|K03.3,674,0.06082138146098402,0.2594883972977312
NSFC,41877521,K03,K03.2|K03.3,735,0.05684737681520276,0.21556399940564647
NSFC,41877523,K05,K05.1|K05.3,4974,-0.03327781427540581,0.07017810626002322
NSFC,41877526,K03,K03.3,1708,-0.16266718949663606,0.1457989474062992
NSFC,41877527,K03,K03.3,2400,-0.22465577034088186,0.08238007314806824
NSFC,41877529,K03,K03.3,3643,0.1315259882656578,0.15473621929695514
NSFC,41877546,K01,K01.1|K01.2,6139,-0.017506928751928733,0.3308158089650689
NSFC,41901013,K02,K02.1,6145,0.3018496448193758,-0.10291487283348377
NSFC,41901016,K03,K03.1|K03.3,452,-0.09205288761874496,0.247244010250057
NSFC,41901021,K02,K02.1,4371,0.5803637089137005,0.007181298957958743
NSFC,41901023,K02,K02.1|K02.2,3893,0.33438760519518934,0.0035142542171693186
NSFC,41901026,K02,K02.1|K02.2,1557,0.26536196698803005,0.03097045291224107
NSFC,41901027,K02,K02.1,3650,0.44242174708508464,-0.198665313832634
NSFC,41901040,K01,K01.1,4049,-0.18196937212604983,0.15280889853983123
NSFC,41901041,K02,K02.1|K02.2,1551,0.1218046869969437,-0.054143714781405616
NSFC,41901043,K02,K02.2,694,0.015368046229096474,0.03638173770971652
NSFC,41901046,K03,K03.1|K03.2,3964,-0.20803741582989216,-0.08678786815794962
NSFC,41901055,K03,K03.1|K03.2,1076,0.26888258959578226,0.283195171215853
NSFC,41901057,K02,K02.1,4294,0.5801852655707379,0.042356675866510415
NSFC,41901060,K03,K03.1|K03.3,5010,0.043634600677664434,0.14615243103856979
NSFC,41901065,K01,K01.1,4521,0.14423194439495413,0.3510864920996305
NSFC,41901068,K03,K03.1|K03.2,5069,0.2125929105661124,0.18947725841356444
NSFC,41901076,K04,K04.3,2350,-0.2944843921989717,0.025709900819131347
NSFC,41901078,K02,K02.1,3891,0.4021928190471281,-0.046735150342092316
NSFC,41901080,K01,K01.1,817,0.11703889565461205,0.39084785381861875
NSFC,41901082,K02,K02.1,2257,0.2562605965124562,-0.07734006004811789
NSFC,41901087,K03,K03.3,1482,-0.1016425122023821,0.23064544223270464
NSFC,41901088,K03,K03.1|K03.2,1933,-0.16234943409681224,0.021526909468127214
NSFC,41901103,K02,K02.1,4783,0.48595084412891876,-0.1615057904889514
NSFC,41901105,K02,K02.1,835,0.4347431367900142,0.011949840002817042
NSFC,41901111,K02,K02.1,4875,0.4493785747356377,0.005442200612415904
NSFC,41901112,K02,K02.1,4294,0.5801852655707379,0.042356675866510415
NSFC,41901113,K02,K02.1,4371,0.5803637089137005,0.007181298957958743
NSFC,41901115,K02,K02.2,6661,-0.10901299294764691,-0.016497900742837905
NSFC,41901117,K02,K02.1,4294,0.5801852655707379,0.042356675866510415
NSFC,41901122,K03,K03.1|K03.2,4311,0.1958885396957285,0.24971418632002798
NSFC,41901125,K02,K02.1|K02.2,4123,0.47332949769937815,0.0676827202670242
NSFC,41901127,K03,K03.2,6158,-0.011979696755956878,0.20690204757151365
NSFC,41901128,K04,K04.3,6164,-0.09988688415437408,0.017012027677817246
NSFC,41901129,K02,K02.1,3882,0.34791707418268897,0.05574710546004305
NSFC,41901153,K02,K02.1,5537,0.2525005405823387,-0.1098002823821366
NSFC,41901167,K02,K02.1,8297,0.20431096722244446,-0.15648977862855998
NSFC,41901168,K02,K02.1,960,0.22639640558462626,-0.15432316522598086
NSFC,41901184,K02,K02.1|K02.2,7776,0.20779385992158644,-0.056601457430820776
NSFC,41901185,K02,K02.1,7703,0.2408428072974506,-0.13666555559506066
NSFC,41901186,K02,K02.1,8397,0.24135070870735043,-0.13317216793067263
NSFC,41901190,K02,K02.1,7862,0.21240911514136468,-0.18177134988858307
NSFC,41901191,K02,K02.1,5595,0.19485964001034006,-0.153985556332511
NSFC,41901192,K02,K02.1,8069,0.22715653644505024,-0.13107380656499343
NSFC,41901193,K02,K02.1,7755,0.22267725250189152,-0.18499436737714264
NSFC,41901195,K02,K02.1,4611,0.355510483213591,-0.07336064790896633
NSFC,41901196,K02,K02.1,5412,0.2631996431909919,-0.12968065044069582
NSFC,41901198,K02,K02.1,125,0.28401506937814414,-0.08652649910341126
NSFC,41901199,K02,K02.1,7666,0.20536978460923327,-0.2994140114414946
NSFC,41901200,K05,K05.1,45,0.16372837571738186,0.26333589754660036
NSFC,41901203,K04,K04.1|K04.3,8213,-0.19511507825873087,-0.04863359933322084
NSFC,41901204,K02,K02.1,8356,0.24173036144753768,-0.12346996590424722
NSFC,41901205,K02,K02.1,5498,0.24837013595031254,-0.11595340815450397
NSFC,41901209,K02,K02.1|K02.2,7766,0.17431012471278257,-0.08394525735235565
NSFC,41901210,K02,K02.1,8029,0.2677591704954182,-0.09588121298815994
NSFC,41901219,K01,K01.1|K01.2,57,-0.06493273341183833,0.3061533694351565
NSFC,41901220,K02,K02.1,5354,0.38903114657592375,-0.041418619370967136
NSFC,41901222,K02,K02.1,3530,0.39757910346654257,-0.09976422102233543
NSFC,41901223,K02,K02.1,3395,0.3375365864309653,-0.16203183450372646
NSFC,41901227,K02,K02.1,5305,0.3653083257050188,-0.0543132948380835
NSFC,41901230,K01,K01.1|K01.2,5464,-0.07460296934273687,0.28162114437717045
NSFC,41901233,K05,K05.1,5030,0.05287020333625768,0.15653656190277784
NSFC,41901234,K02,K02.1,4082,0.362067257398612,-0.10352060732959918
NSFC,41901236,K01,K01.1|K01.2,5404,-0.07999221429334738,0.28699849407352085
NSFC,41901237,K04,K04.1|K04.3,4646,-0.036055939180568264,0.03802644692980973
NSFC,41901238,K04,K04.1|K04.3,5274,-0.09339879723743053,0.021041852816648984
NSFC,41901240,K05,K05.2,7441,-0.13603816024082566,-0.03614623838735355
NSFC,41901242,K04,K04.1|K04.2|K04.3,3691,-0.30259708781105915,-0.3363729410711699
NSFC,41901245,K05,K05.2,6814,-0.03756631707494248,0.07870708760022876
NSFC,41901246,K03,K03.1,6421,-0.1475991500190148,-0.004882626166671317
NSFC,41901248,K02,K02.1,5349,0.2805173347679149,-0.08999664483601703
NSFC,41901249,K03,K03.2,7402,-0.09562885690151358,0.025463004308963883
NSFC,41901250,K05,K05.1|K05.2|K05.3,3840,-0.11711743604438765,-0.023073772934708664
NSFC,41901254,K02,K02.1,5305,0.3653083257050188,-0.0543132948380835
NSFC,41901255,K02,K02.1,7050,0.19700396362675543,-0.19192311777336293
NSFC,41901256,K05,K05.1|K05.3,6941,-0.08667154332832143,0.06565393469956225
NSFC,41901257,K04,K04.1|K04.3,3535,-0.026748050102089582,-0.016347214332078377
NSFC,41901258,K02,K02.1,4536,0.4167113442263898,-0.019706515950560374
NSFC,41901259,K02,K02.1,5254,0.33932210052594275,-0.062023835408752004
NSFC,41901260,K02,K02.1,5252,0.2830378186630457,-0.0972570921686404
NSFC,41901261,K02,K02.1,5297,0.3387511601587681,-0.05224926303754482
NSFC,41901262,K04,K04.2,4469,-0.01835570963610035,-0.05562406677457707
NSFC,41901266,K01,K01.1,5262,-0.0367955632355603,0.29648250567955314
NSFC,41901278,K04,K04.3,1965,-0.30245611666559097,0.07609358361094096
NSFC,41901281,K01,K01.1,3274,-0.12869089260212518,0.14843745366666602
NSFC,41901283,K02,K02.1,73,0.1898288623033253,-0.05054757003561024
NSFC,41901294,K01,K01.1,2810,-0.11130712961997015,0.3655907345467799
NSFC,41901299,K01,K01.1|K01.2,3279,-0.13462131086023094,0.15900919151789508
NSFC,41901300,K01,K01.1,4520,0.006268473733678712,0.43413411118573264
NSFC,41901305,K01,K01.1,4563,0.028782323786583727,0.4297235848770382
NSFC,41901310,K01,K01.1|K01.2,5306,-0.06904187731063013,0.3922093215622059
NSFC,41901311,K03,K03.1|K03.2,8000,-0.026535006610737016,0.13441451668077178
NSFC,41901321,K01,K01.1,8110,-0.08571572630620447,0.28796449864093243
NSFC,41901322,K03,K03.1|K03.3,4629,0.06796157402335341,0.17646261632123741
NSFC,41901327,K02,K02.1|K02.2,22,0.3091457921701124,0.037101219910069
NSFC,41901332,K03,K03.1|K03.2,8000,-0.026535006610737016,0.13441451668077178
NSFC,41901333,K02,K02.1,5297,0.3387511601587681,-0.05224926303754482
NSFC,41901340,K01,K01.1|K01.2,7982,-0.06651030857400599,0.30755454360780465
NSFC,41901342,K01,K01.1,4177,-0.1797435092682209,0.1596076358108468
NSFC,41901343,K01,K01.1,4015,-0.21897078732775715,0.29447278452320713
NSFC,41901345,K01,K01.1|K01.2,6201,-0.14574283111081782,0.20091504030006826
NSFC,41901349,K02,K02.1,4055,0.1562836138582454,-0.22930591605064973
NSFC,41901351,K03,K03.2,4419,0.06267580322041401,0.1621468856066902
NSFC,41901352,K02,K02.1,3294,0.20596299118121136,-0.24092298257868847
NSFC,41901353,K01,K01.1,6194,-0.20348543648037531,0.29971448038970483
NSFC,41901357,K01,K01.1,4615,0.12672054797109822,0.3327866382892535
NSFC,41901358,K01,K01.1,5176,0.04982756480379434,0.2548101409472726
NSFC,41901365,K02,K02.1,4431,0.41430031518411325,-0.022261655845937256
NSFC,41901367,K02,K02.1,4639,0.4345448221524586,-0.009868964057528032
NSFC,41901369,K01,K01.1,3671,-0.16650496567326858,0.0330648582041361
NSFC,41901371,K04,K04.1|K04.3,771,-0.1750408315290513,0.1134401773858915
NSFC,41901375,K01,K01.1|K01.2,4796,0.10230251383482188,0.4133338275517463
NSFC,41901379,K01,K01.1,4687,0.00754636695086186,0.4149995755753505
NSFC,41901380,K01,K01.1,6217,-0.2028595077359625,0.29665463430394745
NSFC,41901382,K04,K04.2,4422,-0.006704351805121661,0.23749298287959494
NSFC,41901383,K02,K02.2,4655,0.23727621825823597,0.13394755548145962
NSFC,41901384,K01,K01.1,4034,-0.09441421400843468,0.200236830226968
NSFC,41901385,K02,K02.1,4652,0.505299557385778,-0.04839017264046312
NSFC,41901386,K01,K01.1|K01.2,4665,-0.06080337343455482,0.38716168885508595
NSFC,41901387,K03,K03.3,4316,0.26864130399721103,0.26596361503032206
NSFC,41901390,K03,K03.2,8124,-0.14899759068828883,0.1136005030448305
NSFC,41901391,K01,K01.1|K01.2,5628,-0.26049301540363257,0.23311335668386662
NSFC,41901396,K03,K03.2,5597,-0.1637370477112654,0.09192324140057785
NSFC,41902028,K02,K02.1,790,0.4552284912382413,0.06633218501096283
NSFC,41902038,K02,K02.1,3354,0.24627815200529657,-0.38875746139357925
NSFC,41902256,K02,K02.1,3946,0.1480960628968886,-0.24205338775261884
NSFC,41902304,K01,K01.1,8026,-0.06689471328791831,0.29347922325719455
NSFC,41903070,K02,K02.1,4436,0.4890983659107785,-0.058436369920716616
NSFC,41904008,K01,K01.1|K01.2,1193,0.015234284590463026,0.47876524810355126
NSFC,41904024,K04,K04.1|K04.3,5982,-0.3654549052408675,-0.041651400140725076
NSFC,41905010,K01,K01.1|K01.2,6954,-0.14222814820906632,0.22691798490648243
NSFC,41905082,K02,K02.1|K02.2,249,0.16604911800182248,0.04289298503360399
NSFC,41905110,K01,K01.2,2818,-0.032117563602538285,0.15436252744499418
NSFC,41905117,K01,K01.1|K01.2,2802,-0.18718352383148068,0.3264381169737385
NSFC,41905121,K03,K03.3,2833,-0.07322277437522817,0.16267600410908473
NSFC,41906002,K02,K02.1,840,0.4464608550945881,0.035691205358074324
NSFC,41906073,K03,K03.2,6135,0.0980034788538771,0.22754325409668366
NSFC,41906152,K01,K01.1|K01.2,280,-0.10339787890353319,0.4763465513146802
NSFC,41906156,K01,K01.1,3274,-0.12869089260212518,0.14843745366666602
NSFC,41906159,K01,K01.1|K01.2,4333,0.12415134292092532,0.5209259427405017
NSFC,41906182,K02,K02.1,5279,0.32037217060068124,-0.09728845687449586
NSFC,41906185,K03,K03.2|K03.3,1247,-0.16053879522122733,0.24851957320849125
NSFC,41906191,K02,K02.1,5003,0.4556137119817879,-0.004038614560947881
NSFC,41907106,K03,K03.1|K03.3,7534,-0.1150737050734225,-0.07865297015232994
NSFC,41907118,K01,K01.1,7504,-0.15436322247068163,0.09738810661136715
NSFC,41907127,K02,K02.1,4465,0.44111314090694254,-0.2069831081271439
NSFC,41907149,K04,K04.1|K04.3,1928,-0.27219247863458457,0.01954273299670349
NSFC,41907157,K02,K02.1,690,0.2668639218372572,-0.05404740954022677
NSFC,41907181,K01,K01.1|K01.2,2951,-0.11010485811236258,0.20295017184823866
NSFC,41907187,K01,K01.1|K01.2,2895,-0.13986455645849089,0.23542061125829622
NSFC,41907192,K03,K03.1,3112,-0.07196812043426429,0.023537082453196925
NSFC,41907199,K02,K02.1,2869,0.21188531800674443,-0.20233826567692317
NSFC,41907203,K02,K02.1,5122,0.3963580163921273,-0.12235093540642672
NSFC,41907217,K02,K02.1,7509,0.17739483534448364,-0.3750249682357363
NSFC,41907243,K02,K02.1,1507,0.12008637903189619,-0.03359126166452252
NSFC,41907252,K02,K02.1,2394,0.230522495350509,-0.11339676954897701
NSFC,41907313,K02,K02.1,7499,0.32475326306360525,-0.13058578200584178
NSFC,41907327,K01,K01.1|K01.2,3209,-0.2651703077314392,-0.14974007736035927
NSFC,41907342,K04,K04.1|K04.3,4467,-0.029487620426084257,-0.15908769713980617
NSFC,41907354,K01,K01.1|K01.2,5245,-0.0697337135047649,0.15942058504321102
NSFC,41907363,K02,K02.1,7597,0.20853862748656782,-0.22288246743678375
NSFC,41907369,K02,K02.1,885,0.3471879786723991,-0.0354780916843197
NSFC,41907375,K02,K02.1,4339,0.602699115623643,0.037946149557816
NSFC,41907381,K02,K02.1,4339,0.602699115623643,0.037946149557816
NSFC,41907384,K01,K01.1|K01.2,630,0.01857738518656578,0.49150833904918356
NSFC,41907387,K02,K02.1|K02.2,4305,0.5123800517187992,0.09260608042577208
NSFC,41907388,K03,K03.1|K03.3,3180,-0.1777473122991939,-0.22185877494868866
NSFC,41907392,K02,K02.1,3291,0.20830102000084827,-0.40304275386335764
NSFC,41907393,K03,K03.1|K03.3,1993,-0.14309920705759235,0.1585602424850964
NSFC,41907394,K01,K01.1|K01.2,728,-0.049681962534354654,0.3937562688558416
NSFC,41907395,K01,K01.1|K01.2,1780,-0.18843238953106595,0.2917323599570377
NSFC,41907396,K01,K01.1|K01.2,1787,-0.21942825363088458,0.2818414926867231
NSFC,41907397,K01,K01.1|K01.2,1628,-0.18239988735785964,0.30531761735046803
NSFC,41907398,K03,K03.1|K03.2|K03.3,1278,-0.1517124090264873,0.19765415587191645
NSFC,41907403,K04,K04.1|K04.3,4580,0.030798916898168868,0.005210940532919248
NSFC,41930111,K01,K01.1|K01.2,781,0.024921603715938004,0.5152012959194079
NSFC,41930534,K02,K02.1,867,0.3806587821352752,0.042932511558120265
NSFC,41930642,K02,K02.1,953,0.3340487142317383,-0.09724159641342413
NSFC,41930644,K02,K02.1,5371,0.33745602286506887,-0.05680241385251837
NSFC,41930646,K02,K02.1,8388,0.26984609818747574,-0.11359087174493276
NSFC,41930652,K02,K02.1|K02.2,4542,0.4110806143263518,0.011975460413537614
NSFC,41930759,K02,K02.1,3890,0.3925912858886176,-0.03995446463755982
NSFC,41930970,K01,K01.1|K01.2,974,-0.14242393047533178,0.3791406182968582
NSFC,41931179,K02,K02.1,3892,0.40635817346699177,-0.01942028469601255
NSFC,41931180,K02,K02.1,831,0.40299418884521765,0.07369736215797752
NSFC,41931182,K02,K02.1,831,0.40299418884521765,0.07369736215797752
NSFC,41931292,K02,K02.1,3171,0.1406504473129519,-0.42282787090592433
NSFC,41931298,K01,K01.1|K01.2,7538,-0.13863959394282194,0.10873172444649871
NSFC,41961002,K02,K02.1,1927,0.13086349109209994,-0.003209387753088558
NSFC,41961012,K02,K02.1,832,0.5259832264715607,0.02781097642802774
NSFC,41961015,K02,K02.1,634,0.4565054489674897,0.02925008507051091
NSFC,41961017,K02,K02.1,4483,0.44100596460863717,-0.07344422138378728
NSFC,41961020,K01,K01.1|K01.2,8386,-0.07103647772256572,0.2898420699562809
NSFC,41961027,K03,K03.1|K03.2,8000,-0.026535006610737016,0.13441451668077178
NSFC,41961028,K02,K02.1,7802,0.19931566926918992,-0.17530537807746227
NSFC,41961029,K02,K02.1,7989,0.27407399346743627,-0.09237763048877895
NSFC,41961030,K02,K02.1,8387,0.2695478243188765,-0.11009010414030268
NSFC,41961034,K05,K05.1,4900,0.00040365827877537896,0.12451443977149043
NSFC,41961037,K02,K02.1,4638,0.48278570733287296,-0.04397964633176871
NSFC,41961038,K05,K05.1|K05.3,4222,-0.1362764092482387,0.014308283843551213
NSFC,41961039,K01,K01.1|K01.2,7982,-0.06651030857400599,0.30755454360780465
NSFC,41961040,K05,K05.1,3334,-0.015791310951436613,-0.07755592510855505
NSFC,41961042,K04,K04.1|K04.3,5035,-0.20123309985262194,-0.05071745710260919
NSFC,41961044,K01,K01.1|K01.2,727,-0.025436413314503678,0.3317002576383785
NSFC,41961046,K05,K05.3,4508,0.056210920443765536,0.06837941363747219
NSFC,41961048,K02,K02.1,5342,0.3360469057950691,-0.055151355550518144
NSFC,41961051,K01,K01.1,4520,0.006268473733678712,0.43413411118573264
NSFC,41961052,K03,K03.2|K03.3,1470,-0.0948583502733229,0.24290060567914634
NSFC,41961058,K02,K02.1,1190,0.3333047365790003,0.0832436003156621
NSFC,41961059,K01,K01.1,4509,-0.09665269790068494,0.34712537595183823
NSFC,41964005,K01,K01.1|K01.2,2815,-0.04972859398722232,0.2899587948142628
NSFC,41966007,K01,K01.1|K01.2,4832,0.09705262763829582,0.3210845879456483
NSFC,41966008,K01,K01.1,821,0.11180697131125157,0.4250516416034288
NSFC,41967005,K02,K02.1,4772,0.43699678411840437,-0.1820582894597074
NSFC,41967024,K01,K01.1|K01.2,7516,-0.005646578104866337,0.16861955518309615
NSFC,41967031,K01,K01.1,2791,-0.14406721104816705,0.1754469271727116
NSFC,41967032,K02,K02.1,4474,0.5027816513686063,-0.07172985828715392
NSFC,41967043,K04,K04.2,3241,-0.15008268485954618,-0.2652892943985852
NSFC,41967051,K02,K02.1,7595,0.2286140094607576,-0.19957275675430006
NSFC,41967052,K02,K02.1,833,0.47774234129114623,0.0619216587022684
NSFC,41967056,K04,K04.1|K04.3,1412,-0.39044166631551225,-0.12297301326995114
NSFC,41967057,K02,K02.1,4532,0.4788858281782906,-0.03827394414572405
NSFC,41971007,K02,K02.1,289,0.37514989379918445,-0.006633241868005554
NSFC,41971019,K03,K03.1,153,-0.03147788812861875,0.08776455665066996
NSFC,41971031,K01,K01.1,642,-0.055426178414322916,0.42011952644059014
NSFC,41971033,K01,K01.1,4020,-0.14842996061565344,0.33371717076379426
NSFC,41971040,K01,K01.1|K01.2,1252,-0.18271168539967989,0.3581258269779136
NSFC,41971052,K02,K02.1,5096,0.39555784543807543,-0.1360439027426746
NSFC,41971060,K03,K03.1|K03.2,5070,0.16435202538569804,0.22358794068780513
NSFC,41971061,K03,K03.1|K03.3,4384,0.26968403500202437,0.23800296456971085
NSFC,41971065,K03,K03.1|K03.2,4726,0.298152202099894,0.2544877384862515
NSFC,41971071,K05,K05.1|K05.3,5081,0.11794146701366419,0.1535887941065624
NSFC,41971072,K02,K02.1,875,0.4241254483846456,0.004926354758217066
NSFC,41971074,K03,K03.1|K03.2,802,0.154619491160068,0.2931243321805136
NSFC,41971091,K02,K02.1,4339,0.602699115623643,0.037946149557816
NSFC,41971094,K02,K02.1,3855,0.27488644461395983,-0.15601035252170922
NSFC,41971104,K02,K02.1,4448,0.4627196437074902,-0.0915477150287296
NSFC,41971105,K02,K02.1|K02.2,3157,0.20988938046848443,-0.26711485951233327
NSFC,41971108,K02,K02.1,1479,0.20990144937114485,0.00703850306889299
NSFC,41971114,K02,K02.1,597,0.37978565483949234,-0.01764852261716679
NSFC,41971117,K02,K02.1,4431,0.41430031518411325,-0.022261655845937256
NSFC,41971121,K02,K02.1,4496,0.46351981466154213,-0.07785474769248171
NSFC,41971127,K03,K03.2,5373,-0.017247680122976727,0.09626207114745015
NSFC,41971129,K02,K02.1,4529,0.41204132188483644,-0.09508487475646386
NSFC,41971130,K02,K02.1,4882,0.4064612445548561,-0.012917660840601683
NSFC,41971131,K01,K01.1,4361,0.10774635446908858,0.4795893542894154
NSFC,41971141,K02,K02.1|K02.2,4542,0.4110806143263518,0.011975460413537614
NSFC,41971143,K02,K02.1|K02.2,809,0.39278100002130345,0.08993722253673461
NSFC,41971144,K02,K02.1,4717,0.602804517671413,0.030042085824856554
NSFC,41971145,K03,K03.2,5225,0.16136269039358675,0.2475848723850578
NSFC,41971146,K02,K02.1|K02.2,3136,0.34108136896369373,-0.08588034887518987
NSFC,41971148,K02,K02.1,4476,0.4604832331222919,-0.10172249033368741
NSFC,41971152,K02,K02.1,4653,0.45705867220536356,-0.014279490366222461
NSFC,41971153,K03,K03.3,1826,-0.23625337969204208,0.2668903921940039
NSFC,41971156,K02,K02.1|K02.2,5879,0.19345222224618835,-0.04946267486129949
NSFC,41971167,K02,K02.1,8378,0.24813654874043828,-0.12268425576463501
NSFC,41971168,K02,K02.1,7796,0.27255987506114654,-0.11949007100718098
NSFC,41971178,K02,K02.1,111,0.3831122577583458,-0.0070092256685175824
NSFC,41971179,K02,K02.1,5920,0.20807253890803407,-0.1347506872579973
NSFC,41971180,K02,K02.1,8325,0.256018110438984,-0.12539070852086584
NSFC,41971194,K02,K02.1,7754,0.2442182801825809,-0.11772399113823445
NSFC,41971195,K02,K02.1,4626,0.426882133115444,-0.08846973156475536
NSFC,41971196,K02,K02.1,7779,0.20214183827294613,-0.16754026750460715
NSFC,41971199,K04,K04.3,2187,-0.24402592931303146,-0.022892236972706273
NSFC,41971202,K05,K05.1|K05.3,1873,-0.11453742197627967,0.09459320998545265
NSFC,41971205,K02,K02.1,8052,0.23299547179490937,-0.12996482326673495
NSFC,41971206,K02,K02.1,7750,0.2776612373531081,-0.11361045461231545
NSFC,41971207,K02,K02.1,7018,0.26010945998650903,-0.11895126609894238
NSFC,41971208,K03,K03.1|K03.2,7937,-0.03674970873733743,0.13661663636743546
NSFC,41971210,K02,K02.1,6991,0.20733484956903164,-0.14426557687565786
NSFC,41971217,K04,K04.1,4609,-0.009692296906432696,-0.001272762146699219
NSFC,41971218,K03,K03.1,6297,-0.035117168668139964,0.10314913968460653
NSFC,41971221,K02,K02.1,8352,0.2694169329030675,-0.109481090632529
NSFC,41971225,K03,K03.1,4167,-0.028101386999360226,0.10484872328017245
NSFC,41971230,K02,K02.1,3639,0.4160964444001368,-0.09754317701369508
NSFC,41971231,K02,K02.1,3507,0.25626665749264776,-0.22668942904310027
NSFC,41971233,K02,K02.1,1594,0.14033503159895744,0.010232151528382971
NSFC,41971235,K01,K01.2,4910,0.014482427458569466,0.22071276373907203
NSFC,41971237,K02,K02.1,7530,0.18170127919878815,-0.3021668483599059
NSFC,41971239,K05,K05.1|K05.2,5023,0.035777213382923154,0.10334573018678325
NSFC,41971240,K02,K02.1,4893,0.4053367962629104,-0.02327589943206604
NSFC,41971241,K05,K05.1,4236,-0.10539954262141069,0.05075745011688905
NSFC,41971243,K02,K02.1,6294,0.24333473447024234,-0.12311290388546309
NSFC,41971247,K05,K05.1|K05.2,6221,-0.09499638437344239,0.046817371033716915
NSFC,41971249,K05,K05.1|K05.3,4969,0.0242560529363382,0.128338991126998
NSFC,41971251,K02,K02.1,808,0.3962229259995267,-0.03587945527998951
NSFC,41971252,K05,K05.1|K05.2,6906,-0.09344173814161819,0.06193329622254814
NSFC,41971253,K03,K03.1|K03.2,1087,0.16758315220333497,0.2025645512036186
NSFC,41971254,K02,K02.1,5368,0.21068507112242374,-0.1565073821418306
NSFC,41971257,K04,K04.1|K04.2|K04.3,7314,-0.33745447429479203,-0.22517701305035334
NSFC,41971259,K03,K03.2,7381,-0.1595110500971001,-0.0560440075748061
NSFC,41971260,K02,K02.1,4516,0.42298225396086164,-0.0827640293787107
NSFC,41971262,K01,K01.1|K01.2,4050,-0.21940168693846931,0.29245045061919217
NSFC,41971264,K02,K02.1,8280,0.20039855811004093,-0.16940998521347256
NSFC,41971265,K04,K04.1|K04.2|K04.3,7216,-0.32089387378548695,-0.1010426501997058
NSFC,41971266,K05,K05.1,7170,-0.14172557775322564,-0.013586147281734115
NSFC,41971268,K02,K02.1,7806,0.2170015259009485,-0.1774011607076782
NSFC,41971269,K02,K02.1,1074,0.5212507044935412,0.09051370632054301
NSFC,41971270,K03,K03.1,4656,0.15710293928082536,0.19981903916069574
NSFC,41971271,K02,K02.1,5297,0.3387511601587681,-0.05224926303754482
NSFC,41971273,K04,K04.1|K04.2,5328,-0.12615179139330965,0.015880687116253935
NSFC,41971274,K02,K02.1,4639,0.4345448221524586,-0.009868964057528032
NSFC,41971278,K03,K03.2,1864,-0.1543550767034178,0.20953976917199074
NSFC,41971280,K01,K01.1|K01.2,2880,-0.08973335958666198,0.27923186785377985
NSFC,41971283,K01,K01.1,7112,-0.2198385491694288,0.28784412619697364
NSFC,41971285,K01,K01.1,2888,-0.17860834990631375,0.32055044350467
NSFC,41971286,K01,K01.1|K01.2,3634,-0.018110322276748775,0.3570316360807947
NSFC,41971287,K01,K01.1,813,0.0533658720269488,0.5002190317594845
NSFC,41971291,K01,K01.1,805,0.07320270506545433,0.5243195607489902
NSFC,41971292,K01,K01.1,4961,0.013599798975008986,0.3293311882068206
NSFC,41971293,K01,K01.1,4160,0.0007810091162744892,0.45987397424173604
NSFC,41971295,K01,K01.1,8072,-0.09458128474344818,0.27949034798547634
NSFC,41971296,K01,K01.1|K01.2,4996,-0.07977926735342503,0.39068465785362605
NSFC,41971303,K04,K04.1|K04.3,8043,-0.32968883121851156,-0.013120607499669527
NSFC,41971304,K01,K01.1|K01.2,3606,-0.0560614528910594,0.22349784900792646
NSFC,41971305,K01,K01.1|K01.2,5249,-0.13333547008777105,0.3671552728188817
NSFC,41971308,K01,K01.1,776,0.030852021974043756,0.5046295580681789
NSFC,41971309,K01,K01.1|K01.2,5278,-0.07294175646521248,0.3979150237482505
NSFC,41971310,K04,K04.1|K04.2,8134,-0.2391288249567739,0.05819878841485694
NSFC,41971313,K01,K01.1,7977,-0.18899100166476196,0.3330509120950641
NSFC,41971319,K01,K01.1,10,-0.04742546324214626,0.4251491884080234
NSFC,41971323,K01,K01.1,4047,-0.21347126868036356,0.28187871276796306
NSFC,41971328,K01,K01.1,1942,-0.08240109026300915,0.46064800511432535
NSFC,41971331,K02,K02.1,7975,0.2757716236097729,-0.09919667925216441
NSFC,41971332,K01,K01.1,7953,-0.12241868666583884,0.27065123491746745
NSFC,41971335,K01,K01.1|K01.2,6949,-0.1995475883960378,0.32100647270345484
NSFC,41971336,K05,K05.1,8078,-0.0714042885736206,0.10243390602211684
NSFC,41971344,K01,K01.1,5362,-0.02336881078829682,0.33483556952668103
NSFC,41971345,K03,K03.1|K03.2,7954,-0.07383199985271623,0.1071327627169649
NSFC,41971347,K04,K04.1,1610,-0.29086704740283403,0.09703322435242977
NSFC,41971351,K03,K03.2|K03.3,1286,-0.175176047715902,0.25376527220089073
NSFC,41971368,K03,K03.1,7998,-0.025881739457101982,0.12172089903813925
NSFC,41971369,K05,K05.1,3543,0.01673223923244671,0.13989446523664006
NSFC,41971372,K01,K01.1,8396,-0.12875001569240785,0.20264294932440802
NSFC,41971373,K01,K01.1|K01.2,3279,-0.13462131086023094,0.15900919151789508
NSFC,41971374,K01,K01.1,4288,0.24553138178740147,0.4317171121118649
NSFC,41971378,K01,K01.1,569,0.017141529957402465,0.41268823772000407
NSFC,41971379,K01,K01.1,4554,0.13834174230595025,0.4048871770546826
NSFC,41971381,K01,K01.1,4564,0.1667457944478592,0.34667596579093607
NSFC,41971382,K03,K03.1|K03.2,4310,0.2795762654925647,0.26914882303606114
NSFC,41971383,K03,K03.2,6172,-0.1578968340167173,0.13510747663343897
NSFC,41971384,K01,K01.1,813,0.0533658720269488,0.5002190317594845
NSFC,41971386,K01,K01.1|K01.2,3937,-0.20487715838958326,0.12812092432457664
NSFC,41971387,K02,K02.1,143,0.23425164975743307,-0.1735514907411382
NSFC,41971389,K02,K02.1,76,0.23313689448679664,-0.14714497637177393
NSFC,41971390,K01,K01.1|K01.2,4565,0.02285190552847799,0.4402953227282673
NSFC,41971391,K01,K01.1|K01.2,3279,-0.13462131086023094,0.15900919151789508
NSFC,41971392,K01,K01.2,4455,-0.016166114490863304,0.19874329495194437
NSFC,41971394,K01,K01.1|K01.2,4676,0.11451483383590087,0.3419636524930967
NSFC,41971399,K02,K02.1,4038,0.20873777322058812,-0.06005379179025465
NSFC,41971400,K01,K01.1,5288,-0.14152888332285843,0.3415580247866845
NSFC,41971403,K01,K01.1,4032,-0.12591611056274843,0.32930664445509983
NSFC,41971404,K03,K03.1|K03.2,5833,-0.1572444593734108,0.04303200915052429
NSFC,41971405,K01,K01.1,8038,-0.21493612461069406,0.31472167021406483
NSFC,41971408,K01,K01.1|K01.2,8384,-0.09060737241408857,0.2786580501161874
NSFC,41971409,K01,K01.1,3060,-0.15070459501708022,0.2765803206980725
NSFC,41971413,K01,K01.1,2361,-0.2486835229386365,0.31581013915877576
NSFC,41971423,K01,K01.1,5927,-0.2485211588995268,0.2946908349701466
NSFC,41972030,K01,K01.1,815,0.1430884575078098,0.45128209494762295
NSFC,41972189,K01,K01.1,962,0.019275170062457422,0.37506200124408284
NSFC,41974003,K02,K02.1,3948,0.13570714365185899,-0.2718112497720069
NSFC,41974067,K01,K01.1,1489,-0.1347365292086152,0.34104009443486516
NSFC,41974105,K03,K03.3,1515,-0.1914575825416307,0.19001567749928913
NSFC,41974167,K01,K01.1|K01.2,3096,-0.21671387669379633,0.13935803793804005
NSFC,41975004,K02,K02.1,2751,0.18241761298086973,-0.10542102028771361
NSFC,41975006,K01,K01.1,2917,-0.14696619686905388,0.3334933411022025
NSFC,41975011,K02,K02.1,1884,0.18826012209034337,-0.06057549029927756
NSFC,41975012,K02,K02.1|K02.2,1323,0.17540399385436262,0.013424347717968063
NSFC,41975041,K01,K01.1|K01.2,2884,-0.1799664892235192,0.31907561614698965
NSFC,41975095,K01,K01.1,862,0.12075305079786729,0.4205172443477656
NSFC,41975110,K02,K02.1,1061,0.26818671376805064,-0.09765400226106154
NSFC,41975112,K02,K02.1,4300,0.5058948185371258,0.016033117011746922
NSFC,41975113,K01,K01.1|K01.2,2998,-0.22072598064937893,0.12380687595311571
NSFC,41975118,K01,K01.1,7047,-0.19192566502102026,0.29991957427412685
NSFC,41975120,K03,K03.1|K03.2|K03.3,390,-0.004010501129838279,0.2346615863622847
NSFC,41975139,K01,K01.1|K01.2,2849,-0.07238489282918474,0.2452855253918545
NSFC,41975141,K03,K03.1|K03.3,7641,0.005712674195489681,0.14490197434023985
NSFC,41975147,K02,K02.1,639,0.48241092743796166,-0.03562544780358701
NSFC,41975159,K02,K02.1,1037,0.2308415083794651,-0.1735169241515374
NSFC,41975165,K02,K02.1,3029,0.19344860528939656,-0.19465403213205032
NSFC,41975170,K01,K01.1|K01.2,2816,-0.05356452425041265,0.26679129445714334
NSFC,41975178,K02,K02.2,250,-0.10891715971970932,0.18675701205197423
NSFC,41976014,K02,K02.1,3135,0.4088865828156326,-0.13612975343445152
NSFC,41976127,K02,K02.1,4816,0.4751263580756775,-0.0836998792953909
NSFC,41976134,K01,K01.1|K01.2,5179,-0.043207044580672566,0.2546087050151744
NSFC,41976159,K02,K02.1,3597,0.45256305690980303,-0.06983930561926219
NSFC,41976163,K01,K01.1,4563,0.028782323786583727,0.4297235848770382
NSFC,41976164,K01,K01.1|K01.2,4333,0.12415134292092532,0.5209259427405017
NSFC,41976166,K04,K04.3,4502,-0.08856910421851277,0.09536190988553336
NSFC,41976170,K01,K01.1,4328,0.13008176117903109,0.5103542048892726
NSFC,41976174,K01,K01.1,6182,-0.11600154540741725,0.2487789022420367
NSFC,41976190,K01,K01.1,1564,-0.0910282956892048,0.27904952283824713
NSFC,41976199,K04,K04.1|K04.3,1521,-0.28064083859207606,-0.2211132685182701
NSFC,41976206,K05,K05.1,4957,0.02656209301823613,0.1544768659301248
NSFC,41976210,K03,K03.1,6153,0.0601146008213848,0.19131653410970478
NSFC,41976212,K01,K01.1|K01.2,822,0.04743545376884305,0.5107907696107135
NSFC,41977042,K02,K02.1,3620,0.37560482505457604,-0.31706509333882293
NSFC,41977116,K02,K02.1,7529,0.2698964158718658,-0.2831510769093186
NSFC,41977143,K03,K03.1|K03.2|K03.3,7599,-0.11356168326634072,-0.06800197084477042
NSFC,41977154,K01,K01.1,3274,-0.12869089260212518,0.14843745366666602
NSFC,41977155,K02,K02.1,3255,0.16563793944065408,-0.3710281490367441
NSFC,41977181,K01,K01.1|K01.2,3057,-0.13751333783535216,0.21861880019762558
NSFC,41977182,K02,K02.1,2754,0.2433003323997764,-0.13150200469344112
NSFC,41977184,K01,K01.1|K01.2,2891,-0.1845387681644195,0.3311221813558991
NSFC,41977191,K02,K02.1|K02.2,2830,0.21921456393909078,-0.08289147508017856
NSFC,41977201,K02,K02.1,5196,0.3192438745332866,-0.10322635612157491
NSFC,41977209,K02,K02.1,5107,0.29966089560391557,-0.2778028546958524
NSFC,41977215,K03,K03.3,1372,-0.10361415388445094,0.17197113108931783
NSFC,41977220,K01,K01.1|K01.2,1452,-0.16817113575813486,0.44854243683032335
NSFC,41977242,K03,K03.3,1403,-0.24134407163427002,0.22824742926141942
NSFC,41977246,K03,K03.3,1444,-0.22058946731114729,0.1542833391081964
NSFC,41977255,K03,K03.2|K03.3,1440,-0.19195634253167732,0.20572025123909785
NSFC,41977279,K02,K02.1,7342,0.1589472893843319,-0.3385173492406599
NSFC,41977303,K02,K02.1,7502,0.20726812018790952,-0.21947317072413614
NSFC,41977308,K02,K02.1,7547,0.20135838367034087,-0.1935307606039163
NSFC,41977343,K02,K02.1,3301,0.25063720288714,-0.3366245526762913
NSFC,41977360,K03,K03.3,3629,0.06309212116212863,-0.03723553858626073
NSFC,41977364,K03,K03.3,3647,0.0667669327831857,-0.053211533829298385
NSFC,41977367,K02,K02.1|K02.2,7533,0.12780075498631477,-0.25922523120482044
NSFC,41977369,K02,K02.1|K02.2,7616,0.16158485067661277,-0.1409118448954855
NSFC,41977371,K02,K02.1,3760,0.10614340752144556,-0.4936086701349214
NSFC,41977374,K02,K02.1|K02.2,3022,0.1250041764881678,-0.08746765823507467
NSFC,41977375,K02,K02.1,7531,0.19560596883825365,-0.3094746357640821
NSFC,41977377,K04,K04.3,7537,-0.22077939160215931,-0.21250743031844793
NSFC,41977383,K02,K02.1,332,0.3605239075410106,-0.012817121632323902
NSFC,41977395,K02,K02.1,5041,0.5395806328475738,-0.004203543647973276
NSFC,41977396,K02,K02.1,4294,0.5801852655707379,0.042356675866510415
NSFC,41977399,K02,K02.1,2828,0.2870197777910296,-0.1331408796394402
NSFC,41977400,K02,K02.1,3752,0.1947617296710119,-0.35013521525694336
NSFC,41977401,K02,K02.1,4296,0.5319443803903235,0.07646735814075109
NSFC,41977405,K03,K03.3,659,-0.15933990990183028,0.12564526506372248
NSFC,41977409,K02,K02.1|K02.2,1192,0.34024767517299004,0.12171730141921464
NSFC,41977410,K02,K02.1,647,0.32595108634874254,-0.06814966531607719
NSFC,41977411,K02,K02.1,380,0.2468241389276487,-0.00033162000667114055
NSFC,41977415,K02,K02.1,4530,0.4480002791859625,-0.04444094295183108
NSFC,41977419,K01,K01.1|K01.2,4482,0.10042166256719486,0.3264879527127963
NSFC,42001013,K02,K02.1,114,0.395280060643031,0.014115104044886279
NSFC,42001021,K02,K02.1|K02.2,4505,0.3733791940996608,-0.058370193733077336
NSFC,42001022,K01,K01.1,33,0.06120773599973421,0.3743679671148473
NSFC,42001025,K02,K02.1,1261,0.12982888642828194,-0.08771617545988511
NSFC,42001026,K03,K03.1|K03.3,1596,-0.16505971831414185,0.15982957933377467
NSFC,42001031,K02,K02.1|K02.2,707,0.24554357585042008,-0.04081118768820745
NSFC,42001034,K02,K02.1,621,0.39854475829816294,-0.019884707611068503
NSFC,42001036,K02,K02.1,830,0.3880197558102853,0.11085859551412992
NSFC,42001039,K03,K03.2|K03.3,331,0.03475488728363289,0.3167843595156139
NSFC,42001042,K02,K02.1|K02.2,3956,0.06790192979992014,-0.22156184521274527
NSFC,42001045,K03,K03.1|K03.2,5069,0.2125929105661124,0.18947725841356444
NSFC,42001064,K02,K02.1,3854,0.28727536385898944,-0.12625249050232115
NSFC,42001068,K03,K03.1|K03.2,3862,-0.04225001898359475,0.16269037551982093
NSFC,42001078,K02,K02.1,836,0.4516927794379485,0.0014874175732642325
NSFC,42001081,K02,K02.1,4868,0.5983522502191284,0.0532922795782035
NSFC,42001084,K01,K01.1|K01.2,4036,-0.08795571302151081,0.24056643009758513
NSFC,42001089,K02,K02.1,4294,0.5801852655707379,0.042356675866510415
NSFC,42001090,K02,K02.1|K02.2,4887,0.401262244661587,0.02323337345971009
NSFC,42001091,K02,K02.1,4339,0.602699115623643,0.037946149557816
NSFC,42001096,K03,K03.1|K03.3,255,-0.1273279452839924,0.17318493832434054
NSFC,42001097,K02,K02.1,4535,0.43064494299787626,-0.004163261871483373
NSFC,42001103,K02,K02.1,4660,0.48296415067583554,-0.07915502324032038
NSFC,42001105,K04,K04.1|K04.3,6222,-0.2301146255086789,-0.07377009313359671
NSFC,42001108,K02,K02.1,4293,0.45719622794439496,0.08824306159646021
NSFC,42001113,K03,K03.1|K03.2,1039,0.2068815622960501,0.1743079604313211
NSFC,42001115,K02,K02.1,4585,0.5213626897675676,-0.04345668900774223
NSFC,42001119,K02,K02.1,8231,0.17652588994613344,-0.17542859099450944
NSFC,42001120,K02,K02.1,6067,0.24231086348177855,-0.11605631175263534
NSFC,42001123,K02,K02.1,8390,0.2122571405714362,-0.13151014574341774
NSFC,42001129,K01,K01.1|K01.2,8349,-0.09073826382989757,0.27926706362396103
NSFC,42001130,K02,K02.1,6789,0.19593390266719013,-0.2096195367813495
NSFC,42001133,K02,K02.1,3300,0.2696360148088746,-0.3502941605195542
NSFC,42001134,K02,K02.1,8337,0.24800565732462926,-0.12207524225686137
NSFC,42001147,K02,K02.1,7859,0.2539441134676195,-0.1263597928564154
NSFC,42001164,K02,K02.1,8177,0.20278661199491071,-0.1558415958159522
NSFC,42001170,K02,K02.1,7991,0.2606638588970773,-0.10600413186332447
NSFC,42001172,K03,K03.3,7875,-0.13495670122602485,0.11179243800679686
NSFC,42001173,K02,K02.1|K02.2,7858,0.15168206555790364,-0.11168913073979025
NSFC,42001174,K02,K02.1,5892,0.22207036944990344,-0.1342586887611419
NSFC,42001175,K02,K02.1,7810,0.21404050338434705,-0.18218005643570281
NSFC,42001176,K02,K02.1,8393,0.24186125286334664,-0.12407897941202087
NSFC,42001179,K02,K02.1,7992,0.26068204325043925,-0.11597594799501676
NSFC,42001180,K02,K02.1,5611,0.21518245526109342,-0.12421646683911802
NSFC,42001181,K02,K02.1,8176,0.23564986558715478,-0.11954230125096715
NSFC,42001182,K02,K02.1,764,0.35792679057909044,-0.052731232440919956
NSFC,42001183,K02,K02.1,7949,0.25266271788899797,-0.10497178211311131
NSFC,42001184,K01,K01.1,7980,-0.060579890315900234,0.29698280575657554
NSFC,42001186,K01,K01.1,7767,-0.07876845544591288,0.26309637386755425
NSFC,42001187,K02,K02.1,4663,0.40867370364222333,-0.10547858209508389
NSFC,42001188,K02,K02.1,5527,0.20839004156823854,-0.17274772526358526
NSFC,42001189,K05,K05.1,973,-0.009551528830561679,0.147809771861692
NSFC,42001191,K02,K02.1,4967,0.34193885978632743,-0.06353283053791484
NSFC,42001193,K05,K05.1,8223,-0.08399321602774927,0.08237618882885588
NSFC,42001194,K02,K02.1,4982,0.27473545563817325,-0.13786558559783474
NSFC,42001197,K02,K02.1,8327,0.2247366242424258,-0.15162116186505992
NSFC,42001199,K02,K02.1,5456,0.25209469636217846,-0.11952925266319323
NSFC,42001202,K02,K02.1,941,0.223161324059237,-0.03750437562728562
NSFC,42001209,K05,K05.1,8351,-0.054976017305279484,0.08161918534435066
NSFC,42001210,K05,K05.1,6897,-0.09807895497969463,0.06626866583365225
NSFC,42001212,K02,K02.1,84,0.2984620615452057,-0.10132879132878636
NSFC,42001215,K04,K04.1|K04.3,4692,0.03250351364174718,0.07532035249586991
NSFC,42001217,K01,K01.1|K01.2,3632,0.04909841315120721,0.3125052255776276
NSFC,42001218,K02,K02.1,3603,0.44714833706656876,-0.2059948674128777
NSFC,42001219,K04,K04.1|K04.3,4548,0.008285066845263825,0.009621466841613704
NSFC,42001220,K03,K03.1|K03.2|K03.3,704,-0.1529840220286824,0.007461477347470533
NSFC,42001222,K03,K03.1|K03.2|K03.3,4283,-0.04821102018854201,0.082597343201472
NSFC,42001224,K03,K03.1|K03.2,6243,-0.06797700600636133,0.09298481656773303
NSFC,42001225,K05,K05.1,5345,-0.07905411854184798,0.08933919189457838
NSFC,42001226,K01,K01.1|K01.2,4825,0.09002260666544064,0.3798126517979403
NSFC,42001234,K02,K02.1,4535,0.43064494299787626,-0.004163261871483373
NSFC,42001235,K03,K03.1|K03.2,5150,0.06305258799325068,0.14295732067557065
NSFC,42001239,K02,K02.1,2972,0.3761063700839381,-0.03925588607015957
NSFC,42001240,K04,K04.1|K04.3,7313,-0.22662437127374901,-0.10859241747211112
NSFC,42001241,K05,K05.1,5275,0.10571806681152922,0.17328411422437187
NSFC,42001244,K02,K02.1,1711,0.15614944559859661,-0.10806519082057389
NSFC,42001245,K04,K04.1|K04.3,8091,-0.289259395375682,-0.1512007432074625
NSFC,42001246,K04,K04.1|K04.2,7209,-0.2937655146825506,-0.1932709858463296
NSFC,42001247,K01,K01.1|K01.2,7075,-0.07875125698263866,0.28129543986474825
NSFC,42001251,K02,K02.1,1030,0.20583413873547396,-0.1531365863867138
NSFC,42001252,K02,K02.1,6815,0.2297011922770713,-0.17683949546532646
NSFC,42001253,K06,K06.2,7254,-0.1516393539067667,-0.17205229867272928
NSFC,42001255,K03,K03.1,893,0.03677299682715503,0.17470403825552874
NSFC,42001259,K02,K02.1,4152,0.42721566920770293,-0.009121411210048294
NSFC,42001260,K02,K02.1,4594,0.4790642715212532,-0.07344932105427572
NSFC,42001262,K03,K03.1|K03.2,4137,0.08152260965055251,0.16668199650299062
NSFC,42001263,K05,K05.2,4690,0.06344458111018668,0.08813488344217696
NSFC,42001264,K02,K02.1,5260,0.2341853252850119,-0.14684446980276056
NSFC,42001265,K01,K01.1|K01.2,6082,-0.040475293399420756,0.32619300076837787
NSFC,42001268,K02,K02.1,672,0.25186454714010936,-0.06285893952952809
NSFC,42001270,K01,K01.1|K01.2,71,-0.1074474075546456,0.2527871977248096
NSFC,42001274,K01,K01.1,658,-0.20134331567508335,0.3483249555025155
NSFC,42001276,K01,K01.1,4480,0.05811119564488619,0.3500268971358079
NSFC,42001277,K01,K01.1|K01.2,1189,0.022979750719686776,0.5253994710718518
NSFC,42001281,K04,K04.1,3155,-0.1959673230382542,-0.03664794948541819
NSFC,42001282,K01,K01.1|K01.2,7524,-0.1434316054231792,0.2164917973606467
NSFC,42001283,K01,K01.1,7980,-0.060579890315900234,0.29698280575657554
NSFC,42001290,K02,K02.1,912,0.3131791185059691,0.033067597424562015
NSFC,42001296,K01,K01.1|K01.2,3279,-0.13462131086023094,0.15900919151789508
NSFC,42001299,K01,K01.1,715,0.219820955317233,0.4226611690246055
NSFC,42001300,K01,K01.1,65,-0.15244619773863194,0.3522020092799718
NSFC,42001305,K01,K01.1,5038,0.04040611285671124,0.47026854348402214
NSFC,42001306,K01,K01.1,4022,-0.11692806406133971,0.20464735653566243
NSFC,42001308,K01,K01.1,4083,-0.08803624699309487,0.36447692169316315
NSFC,42001310,K01,K01.1|K01.2,4051,-0.18789979038415558,0.16338063639106035
NSFC,42001311,K01,K01.1,3274,-0.12869089260212518,0.14843745366666602
NSFC,42001317,K01,K01.1,6256,-0.18684152974644364,0.32016074832608044
NSFC,42001321,K01,K01.1|K01.2,440,-0.19670566819443966,0.4281302221905976
NSFC,42001326,K03,K03.1|K03.3,437,-0.07741563512407026,0.2419983112576575
NSFC,42001327,K01,K01.1|K01.2,8073,-0.10051170300155393,0.29006208583670545
NSFC,42001330,K01,K01.2,2034,-0.17394532036275462,0.26789820380741336
NSFC,42001331,K04,K04.1|K04.3,8266,-0.32294919201483147,-0.01923478612317054
NSFC,42001334,K04,K04.1|K04.3,8005,-0.2103922008926125,-0.05878750045145961
NSFC,42001347,K01,K01.1,2810,-0.11130712961997015,0.3655907345467799
NSFC,42001349,K02,K02.1,4417,0.4342681283099775,-0.029437895071564274
NSFC,42001356,K01,K01.1,4520,0.006268473733678712,0.43413411118573264
NSFC,42001359,K02,K02.1|K02.2,4542,0.4110806143263518,0.011975460413537614
NSFC,42001363,K02,K02.1,681,0.3438812877984413,0.07565196553526889
NSFC,42001365,K01,K01.1,4622,-0.04573522132916795,0.38393832376670134
NSFC,42001366,K01,K01.1|K01.2,4468,-0.10265438320344779,0.2593336039682624
NSFC,42001371,K01,K01.1|K01.2,4668,-0.046353312447801734,0.4130363446878287
NSFC,42001373,K02,K02.1,4718,0.5107395642522049,0.018047000388755147
NSFC,42001377,K02,K02.1,1194,0.34084415359697284,0.11599430736312007
NSFC,42001379,K01,K01.1,4881,-0.017915224709341412,0.4253797122166143
NSFC,42001381,K01,K01.1|K01.2,1193,0.015234284590463026,0.47876524810355126
NSFC,42001382,K01,K01.1|K01.2,12,-0.053355881500252014,0.4357209262592525
NSFC,42001383,K03,K03.3,4811,0.06029616782856888,0.2663364540712839
NSFC,42001385,K01,K01.1|K01.2,7753,-0.04003802443253172,0.3267317691368238
NSFC,42001386,K01,K01.1,4521,0.14423194439495413,0.3510864920996305
NSFC,42001387,K01,K01.1|K01.2,7982,-0.06651030857400599,0.30755454360780465
NSFC,42001390,K01,K01.1|K01.2,7770,-0.08469887370401864,0.27366811171878336
NSFC,42001393,K01,K01.1,7956,-0.17802857434721758,0.32982200844472365
NSFC,42001399,K03,K03.2,5597,-0.1637370477112654,0.09192324140057785
NSFC,42001404,K01,K01.1,5699,-0.2333198145545684,0.3062974517362711
NSFC,42002202,K01,K01.1|K01.2,616,0.046947285229060956,0.38460101052090057
NSFC,42002264,K02,K02.1,2286,0.24146011360173358,-0.050075302269329575
NSFC,42002267,K04,K04.2,2375,-0.2286723114583879,-0.060505618005147005
NSFC,42002290,K02,K02.1,7291,0.17153767963516087,-0.23246665666974725
NSFC,42002304,K02,K02.1,3296,0.34392646184248676,-0.32397060166479064
NSFC,42005008,K02,K02.1,1423,0.13148402510081075,-0.03304105585539925
NSFC,42005010,K02,K02.1,913,0.3297065820253504,-0.05884098344741742
NSFC,42005036,K02,K02.1|K02.2,971,0.2341201449310084,-0.014244817861041342
NSFC,42005067,K02,K02.1,2843,0.3095336278439346,-0.13755140594813464
NSFC,42005074,K02,K02.1,1197,0.35772872914181375,-0.013987787810352648
NSFC,42005076,K02,K02.1,6790,0.09421275184882642,-0.2684179118351403
NSFC,42005104,K01,K01.1,2888,-0.17860834990631375,0.32055044350467
NSFC,42005116,K03,K03.3,262,-0.1281922329458432,0.16597021187640004
NSFC,42005125,K01,K01.1,32,0.14644158163655818,0.38659165455490785
NSFC,42005129,K01,K01.1,6784,-0.0720979632377324,0.2697933787170491
NSFC,42005136,K03,K03.2|K03.3,7592,0.020356516612536915,0.1512092877808553
NSFC,42005138,K01,K01.1|K01.2,3034,-0.11943343424551964,0.20757729676010553
NSFC,42005143,K01,K01.1|K01.2,34,0.05527731774162846,0.3849397049660763
NSFC,42006126,K02,K02.1,4470,0.3956352990045104,-0.17680657254927598
NSFC,42006138,K02,K02.1,3395,0.3375365864309653,-0.16203183450372646
NSFC,42006151,K02,K02.1,288,0.25216085617284145,0.03925314386194423
NSFC,42006162,K01,K01.1,4457,-0.009168806827726889,0.29618979780417
NSFC,42006165,K01,K01.1,4437,0.012437695972820823,0.4116251909025843
NSFC,42006184,K03,K03.1|K03.2,847,0.14168650059655125,0.23516848688154526
NSFC,42006192,K01,K01.1|K01.2,191,0.025738963541451942,0.5000961012909619
NSFC,42007006,K02,K02.1,646,0.33195733039346503,-0.0645122163309271
NSFC,42007042,K02,K02.1,5295,0.3869920453391825,-0.08635994531178548
NSFC,42007048,K02,K02.1,4826,0.47884779388729737,-0.05423020457288388
NSFC,42007049,K02,K02.1,4532,0.4788858281782906,-0.03827394414572405
NSFC,42007063,K02,K02.1,4294,0.5801852655707379,0.042356675866510415
NSFC,42007095,K01,K01.1|K01.2,3285,-0.05879630231159921,0.09482559865821724
NSFC,42007111,K01,K01.1|K01.2,7603,-0.07498164447356052,0.17578680914838787
NSFC,42007146,K02,K02.1,4402,0.47356227317865784,0.014196599581534214
NSFC,42007160,K02,K02.1,3294,0.20596299118121136,-0.24092298257868847
NSFC,42007182,K02,K02.1,1073,0.4842577440371315,0.04417933660624174
NSFC,42007188,K02,K02.1,2902,0.20071974558295136,-0.16451156283828733
NSFC,42007200,K02,K02.1,3092,0.18744183074087056,-0.19765076750978228
NSFC,42007203,K03,K03.1|K03.3,3048,-0.03501806453680807,0.11992931522789305
NSFC,42007204,K01,K01.1|K01.2,2864,-0.12869898403469782,0.1975939084196604
NSFC,42007205,K02,K02.1,2867,0.14821229437908118,-0.0929670877360575
NSFC,42007216,K02,K02.1,3291,0.20830102000084827,-0.40304275386335764
NSFC,42007271,K03,K03.3,1516,-0.17493011902224942,0.09810709662730968
NSFC,42007287,K01,K01.1|K01.2,3371,-0.05157819501721834,0.1548986313704859
NSFC,42007294,K01,K01.1,5262,-0.0367955632355603,0.29648250567955314
NSFC,42007300,K02,K02.1,3219,0.13169859612413992,-0.48297106096561127
NSFC,42007378,K01,K01.1|K01.2,3287,-0.07094828723256767,0.04963801357702938
NSFC,42007379,K03,K03.3,7677,-0.0796615997672974,-0.010382009062410644
NSFC,42007384,K01,K01.1|K01.2,7575,-0.12468717989796062,0.19443093485359692
NSFC,42007385,K03,K03.1|K03.3,3050,-0.10074331431347504,0.015250075840041476
NSFC,42007386,K01,K01.2,7544,-0.11613311304419809,0.002476793880765424
NSFC,42007388,K03,K03.1|K03.3,3755,-0.20330250090188823,-0.23249638411799883
NSFC,42007391,K02,K02.1,7634,0.21177570374380078,-0.18914217556415053
NSFC,42007394,K02,K02.1|K02.2,7533,0.12780075498631482,-0.25922523120482044
NSFC,42007400,K01,K01.1,4362,0.245709825130364,0.39654173520331326
NSFC,42007405,K01,K01.1,806,0.16292529054631533,0.4753826239371287
NSFC,42007412,K04,K04.1|K04.3,1808,-0.1781983857775642,-0.06906855014311236
NSFC,42007414,K02,K02.1,7675,0.31955095535332223,-0.06498942542119454
NSFC,42007415,K02,K02.1,4531,0.3333011812583946,0.05816281801060571
NSFC,42007416,K03,K03.1|K03.3,1825,-0.19626601921725687,0.13164616134358498
NSFC,42007417,K03,K03.2|K03.3,261,-0.10099834513724984,0.1657249474474358
NSFC,42007418,K02,K02.1,2107,0.17396688673800653,-0.11354622206969497
NSFC,42007420,K03,K03.3,1235,-0.1626668556954348,0.1604210513508494
NSFC,42007421,K01,K01.1|K01.2,1217,-0.15852505760052285,0.3417360862167127
NSFC,42007422,K01,K01.1,2117,-0.23438091139082395,0.3136279923758586
NSFC,42007423,K04,K04.1|K04.3,1605,-0.34457456906126904,-0.043329833817076946
NSFC,42007425,K04,K04.1|K04.3,4888,0.01065853394849442,-0.0011969639280433042
NSFC,42061007,K02,K02.1,3511,0.253087912223048,-0.2363595989225201
NSFC,42061014,K02,K02.1,992,0.3137184068414994,0.1207530850784647
NSFC,42061020,K02,K02.1,4532,0.4788858281782906,-0.03827394414572405
NSFC,42061028,K01,K01.1|K01.2,7945,-0.12887481207403953,0.23353604245291693
NSFC,42061036,K02,K02.1,4532,0.4788858281782906,-0.03827394414572405
NSFC,42061039,K02,K02.1,5170,0.3675614672260063,-0.08954052868002474
NSFC,42061040,K03,K03.1|K03.2,5313,0.03832060342355735,0.13936750722345423
NSFC,42061041,K01,K01.1|K01.2,4696,0.10239450549525318,0.3663608890479504
NSFC,42061042,K03,K03.3,3320,-0.01585838491145461,-0.06625298022673837
NSFC,42061044,K02,K02.1,4958,0.29165511147942835,-0.14040601355471488
NSFC,42061045,K05,K05.1,4605,0.11934649872732982,0.17296535550195993
NSFC,42061047,K03,K03.3,4604,0.11927942476731183,0.1842683003837766
NSFC,42061048,K05,K05.1|K05.3,4848,0.08500867981262226,0.12559113937348304
NSFC,42061051,K03,K03.1,6799,-0.041790034976833465,0.10690255987602157
NSFC,42061052,K05,K05.1,4605,0.11934649872732982,0.17296535550195993
NSFC,42061053,K02,K02.1,5297,0.3387511601587681,-0.05224926303754482
NSFC,42061064,K01,K01.1,4631,0.010168352888261054,0.42842840899968804
NSFC,42061066,K01,K01.1|K01.2,2863,-0.19237200766236107,0.3069650863605261
NSFC,42061069,K02,K02.1|K02.2,4883,0.3868969158833317,0.003221061444419304
NSFC,42061070,K02,K02.1,4294,0.5801852655707379,0.042356675866510415
NSFC,42061071,K03,K03.3,1763,-0.04365287040041378,0.24861724468472676
NSFC,42061073,K01,K01.1|K01.2,2053,-0.26431897714067704,0.3773118685736212
NSFC,42061074,K02,K02.1,2312,0.11801046224694837,-0.159490912748925
NSFC,42063001,K02,K02.1,2843,0.3095336278439346,-0.13755140594813464
NSFC,42065010,K02,K02.1,2900,0.17101996691195515,-0.10597122609683687
NSFC,42067003,K01,K01.1,6224,-0.16560557291072175,0.33488475762776815
NSFC,42067022,K02,K02.1,6203,0.2691319179642366,-0.1726935749417518
NSFC,42067029,K01,K01.1|K01.2,7514,-0.14361004876614175,0.2516671742691984
NSFC,42067031,K04,K04.1|K04.3,3237,-0.3680660329435637,-0.46812560703481076
NSFC,42067044,K04,K04.1,2318,-0.35007531120346397,-0.12319751770239026
NSFC,42067056,K04,K04.1|K04.3,3237,-0.3680660329435637,-0.46812560703481076
NSFC,42067065,K03,K03.3,1941,0.06972556229634173,0.2895920658740194
NSFC,42071010,K03,K03.3,1603,-0.1813928703982523,0.2437224629800582
NSFC,42071022,K02,K02.1|K02.2,6618,0.09532286849884074,-0.14678449253823392
NSFC,42071024,K03,K03.1|K03.3,429,-0.07571800498173363,0.23517926249427207
NSFC,42071027,K02,K02.1,3854,0.28727536385898944,-0.12625249050232115
NSFC,42071028,K02,K02.1|K02.2,4136,0.2700393057217262,-0.07445036944449178
NSFC,42071042,K02,K02.1,4492,0.4833566477000476,-0.05375421870297589
NSFC,42071046,K03,K03.1|K03.2|K03.3,348,-0.06200473322370398,0.1555666261672466
NSFC,42071051,K03,K03.1,1886,-0.13324872362872503,0.0944387421150945
NSFC,42071054,K02,K02.1,4040,0.2984603587014491,-0.10899072860211617
NSFC,42071055,K03,K03.1|K03.3,448,-0.20655817835942902,0.1004099423424551
NSFC,42071057,K02,K02.1,4300,0.5058948185371258,0.016033117011746922
NSFC,42071058,K02,K02.1,4371,0.5803637089137005,0.007181298957958743
NSFC,42071061,K02,K02.1|K02.2,5108,0.3061461287855889,-0.20122989128182728
NSFC,42071068,K03,K03.3,4081,-0.09113680966874232,0.06674673937948358
NSFC,42071076,K01,K01.1,3876,0.0571540061986958,0.3457955894966538
NSFC,42071082,K01,K01.1,3276,-0.06501786897446192,0.03906627572580032
NSFC,42071084,K01,K01.1,813,0.0533658720269488,0.5002190317594845
NSFC,42071089,K01,K01.1|K01.2,822,0.04743545376884305,0.5107907696107135
NSFC,42071102,K02,K02.1,4294,0.5801852655707379,0.042356675866510415
NSFC,42071104,K02,K02.1,4371,0.5803637089137005,0.007181298957958743
NSFC,42071110,K02,K02.1,271,0.34674584165727557,0.05157796939574093
NSFC,42071115,K02,K02.1,4339,0.602699115623643,0.037946149557816
NSFC,42071117,K02,K02.1,4294,0.5801852655707379,0.042356675866510415
NSFC,42071120,K02,K02.1,5268,0.2978583205477762,-0.09287793056580143
NSFC,42071123,K02,K02.1,5375,0.3642428437793573,-0.0576177946903907
NSFC,42071126,K02,K02.1|K02.2,4461,0.3956433337649462,-0.12596885296802504
NSFC,42071131,K02,K02.1,3635,0.46043745042596884,-0.12594815710189108
NSFC,42071132,K02,K02.1,1461,0.31037663694458284,-0.03443735635236238
NSFC,42071133,K02,K02.1,793,0.41222928673710924,0.01636036631151147
NSFC,42071135,K02,K02.1,4798,0.5015050802789657,-0.05058853418737791
NSFC,42071153,K03,K03.1|K03.2,7950,-0.04794628218917529,0.12182036505643942
NSFC,42071156,K01,K01.1|K01.2,8344,-0.06485254616635663,0.29395466596343556
NSFC,42071159,K02,K02.1,8332,0.21336725237505205,-0.17999600928803572
NSFC,42071171,K02,K02.1,4986,0.2710915346755925,-0.12381418205796652
NSFC,42071172,K01,K01.1,5470,-0.15087049732358077,0.3313622720183551
NSFC,42071176,K02,K02.1,7817,0.20953354998911483,-0.17290509133318446
NSFC,42071200,K01,K01.1,1713,-0.19525569484285848,0.2632137271373244
NSFC,42071202,K02,K02.1,6080,0.23744343474817575,-0.12058577124136072
NSFC,42071203,K05,K05.1,6093,-0.06458092175118507,0.09635334225398032
NSFC,42071206,K02,K02.1,8399,0.1979854070050876,-0.16970145817554194
NSFC,42071208,K02,K02.1,7790,0.2550570671915592,-0.12662542996109585
NSFC,42071209,K02,K02.1,5878,0.2612574360981272,-0.09971207942056112
NSFC,42071210,K02,K02.1|K02.2,7705,0.17062257715156076,-0.08478178036036108
NSFC,42071212,K02,K02.1,7989,0.27407399346743627,-0.09237763048877895
NSFC,42071214,K05,K05.3,5556,-0.08512410510287596,0.052368533961649075
NSFC,42071215,K02,K02.1,2196,0.2452244338385871,-0.10225389484402929
NSFC,42071217,K02,K02.1,6080,0.23744343474817575,-0.12058577124136072
NSFC,42071219,K02,K02.1,8378,0.24813654874043828,-0.12268425576463501
NSFC,42071221,K02,K02.1,4989,0.31631304722719006,-0.1124100411814509
NSFC,42071222,K02,K02.1|K02.2,1375,0.10817211753542495,0.00037464306913666257
NSFC,42071224,K02,K02.1,8333,0.25432048029664733,-0.11857165975748038
NSFC,42071225,K05,K05.1,8354,-0.06173407305161656,0.0855185621137433
NSFC,42071226,K02,K02.1,6206,0.19484147093062443,-0.1990171337965153
NSFC,42071229,K02,K02.1,6286,0.2596739158540533,-0.09519648436944536
NSFC,42071230,K05,K05.1|K05.3,7846,-0.04564133220807879,0.09625348270459981
NSFC,42071232,K01,K01.1|K01.2,5445,-0.11559590912372099,0.3075388243179271
NSFC,42071233,K03,K03.1|K03.2,8336,-0.08147581548200479,0.04043787352022169
NSFC,42071235,K02,K02.1,2825,0.31306933964422734,-0.07270663851043606
NSFC,42071238,K02,K02.1,4638,0.48278570733287296,-0.04397964633176871
NSFC,42071239,K02,K02.1,5297,0.3387511601587681,-0.05224926303754482
NSFC,42071241,K03,K03.1|K03.2,5004,0.15500471190361464,0.22275353260860284
NSFC,42071245,K05,K05.1,4000,-0.16338082471662035,-0.029749393470623872
NSFC,42071247,K05,K05.3,8234,-0.09515575947295402,0.028436223982731785
NSFC,42071248,K05,K05.1|K05.2,8037,-0.07779265313787789,0.0539993081175906
NSFC,42071251,K05,K05.1,8119,-0.07594886470673586,0.09728155530302741
NSFC,42071252,K02,K02.1,4532,0.4788858281782906,-0.03827394414572405
NSFC,42071254,K05,K05.1|K05.3,7972,-0.042523051812877105,0.11330815268438321
NSFC,42071255,K01,K01.1|K01.2,6244,-0.07791352653338418,0.29081385648109104
NSFC,42071256,K01,K01.1|K01.2,8112,-0.09164614456431022,0.29853623649216154
NSFC,42071257,K05,K05.1|K05.3,4708,0.05171997406472727,0.13002074490425994
NSFC,42071262,K05,K05.1,6607,-0.10218102645508195,0.07252891271092873
NSFC,42071263,K02,K02.1,3395,0.3375365864309653,-0.16203183450372646
NSFC,42071267,K04,K04.1|K04.3,6809,-0.27903168810110945,-0.11738604861991495
NSFC,42071268,K02,K02.1,7341,0.24418113502115585,-0.32629366180059927
NSFC,42071273,K05,K05.1|K05.3,3082,-0.1950173094526123,0.14109602591953824
NSFC,42071274,K02,K02.1|K02.2,5298,0.2245313930094397,-0.0496603280025853
NSFC,42071278,K03,K03.3,7935,-0.10111799750964151,0.05813245307530585
NSFC,42071280,K02,K02.1,4639,0.4345448221524586,-0.009868964057528032
NSFC,42071281,K05,K05.1|K05.2,4239,-0.17895757907616866,-0.05934381691739066
NSFC,42071283,K05,K05.2,7832,-0.1077000199557864,0.02552633390986587
NSFC,42071284,K05,K05.1,4605,0.11934649872732982,0.17296535550195993
NSFC,42071285,K05,K05.2|K05.3,3488,-0.16252702488355597,-0.10953840303815912
NSFC,42071286,K01,K01.1|K01.2,3467,-0.12369022342295838,0.14020025766466132
NSFC,42071287,K05,K05.1|K05.2,3534,0.05810906852107915,0.06343940162553019
NSFC,42071288,K02,K02.1,4556,0.5212365112697012,-0.018583941464912657
NSFC,42071290,K02,K02.1,4484,0.3927650794282227,-0.039333539109546616
NSFC,42071293,K03,K03.1|K03.2,5365,0.015215746528035867,0.1515408178300204
NSFC,42071294,K02,K02.1,6992,0.20733120408089162,-0.14294994785969453
NSFC,42071298,K01,K01.1,4020,-0.14842996061565344,0.33371717076379426
NSFC,42071300,K03,K03.1,5236,-0.08447030423459419,0.18816672120528696
NSFC,42071303,K01,K01.1,4520,0.006268473733678712,0.43413411118573264
NSFC,42071305,K01,K01.1,5276,-0.06701133820710672,0.3873432858970215
NSFC,42071307,K01,K01.1|K01.2,7982,-0.06651030857400599,0.30755454360780465
NSFC,42071311,K01,K01.1,7979,-0.15030247579676123,0.34591974256843705
NSFC,42071312,K01,K01.1,1471,-0.1397268674471241,0.4335601726703999
NSFC,42071314,K01,K01.1|K01.2,6401,-0.26247496197028036,0.2626093185768835
NSFC,42071316,K01,K01.1,6136,-0.06430613551827445,0.41551537764000257
NSFC,42071325,K04,K04.1|K04.2|K04.3,3324,-0.2374920694336774,-0.1704655305336971
NSFC,42071327,K03,K03.1,5271,-0.039852604366281075,0.1793306721311272
NSFC,42071332,K04,K04.3,4026,-0.2279015250510964,0.0345257730103527
NSFC,42071333,K01,K01.1,3382,-0.09836093824643524,0.2953603838097617
NSFC,42071336,K01,K01.1|K01.2,822,0.04743545376884305,0.5107907696107135
NSFC,42071337,K01,K01.1,1687,-0.1945139645196377,0.3662105705790243
NSFC,42071338,K01,K01.1|K01.2,4565,0.02285190552847799,0.4402953227282673
NSFC,42071341,K01,K01.1|K01.2,3279,-0.13462131086023094,0.15900919151789508
NSFC,42071342,K01,K01.1|K01.2,2941,-0.11016937880842663,0.21079456178743508
NSFC,42071344,K01,K01.1,5136,-0.01481636395070618,0.2594198420410323
NSFC,42071345,K01,K01.1,4020,-0.14842996061565344,0.33371717076379426
NSFC,42071346,K01,K01.1,135,-0.06245459685275877,0.4560439737767433
NSFC,42071347,K01,K01.1,4106,-0.1572414649693746,0.3372179436527245
NSFC,42071348,K01,K01.1,2801,-0.18125310557337493,0.31586637912250937
NSFC,42071349,K01,K01.1,4671,-0.022110708443868837,0.41748894548377635
NSFC,42071352,K01,K01.1,4667,-0.04042289418969598,0.4024646068365997
NSFC,42071353,K01,K01.1|K01.2,2891,-0.1845387681644195,0.3311221813558991
NSFC,42071356,K03,K03.1|K03.2,8000,-0.026535006610737016,0.13441451668077178
NSFC,42071358,K02,K02.1,7989,0.27407399346743627,-0.09237763048877895
NSFC,42071359,K01,K01.1|K01.2,1454,-0.13666923920382112,0.31947262260219156
NSFC,42071364,K03,K03.3,1603,-0.1813928703982523,0.2437224629800582
NSFC,42071373,K01,K01.1,5293,-0.031349564240990196,0.2835658542175359
NSFC,42071378,K02,K02.1|K02.2,2881,0.1830457286028414,-0.07045090168354208
NSFC,42071380,K04,K04.1|K04.3,1306,-0.3513532761873489,0.09482633925859986
NSFC,42071385,K02,K02.1,1614,0.20061015864673026,0.10549976017451929
NSFC,42071386,K04,K04.1|K04.3,2119,-0.38530222197544667,0.009324200473994279
NSFC,42071387,K01,K01.1|K01.2,3279,-0.13462131086023094,0.15900919151789508
NSFC,42071388,K01,K01.1,4288,0.24553138178740147,0.4317171121118649
NSFC,42071390,K02,K02.1,7987,0.1843514079865753,-0.04344069367691743
NSFC,42071391,K01,K01.1|K01.2,7528,-0.2086513568308519,0.1998287162733672
NSFC,42071392,K01,K01.1|K01.2,614,-0.003936464866339237,0.495918865357878
NSFC,42071393,K01,K01.1|K01.2,1924,-0.04335731306803725,0.5156885109608421
NSFC,42071394,K02,K02.1,126,0.2514659491077765,-0.11988168767769503
NSFC,42071398,K03,K03.1|K03.2,3038,-0.07945813228225065,0.03443726983307267
NSFC,42071399,K01,K01.1,5470,-0.15087049732358077,0.3313622720183551
NSFC,42071401,K02,K02.1,6142,0.2853221812999944,-0.011006291961504322
NSFC,42071409,K01,K01.1|K01.2,2891,-0.1845387681644195,0.3311221813558991
NSFC,42071415,K02,K02.1|K02.2,977,0.29002371914843744,0.030245267371945363
NSFC,42071417,K01,K01.1,2181,-0.20191534722224425,0.4040537088823297
NSFC,42071418,K01,K01.1,5165,0.032907583442669794,0.2998199075653297
NSFC,42071419,K01,K01.1|K01.2,8360,-0.09912611600394197,0.27758798608494795
NSFC,42071421,K03,K03.2|K03.3,2259,-0.08942447206050372,0.09327302134292606
NSFC,42071422,K03,K03.2,2800,-0.14675606737678665,0.14822826519006282
NSFC,42071424,K01,K01.1,7980,-0.060579890315900234,0.29698280575657554
NSFC,42071425,K01,K01.1|K01.2,1188,-0.02225399849737443,0.520337007768398
NSFC,42071432,K01,K01.1,5731,-0.2360063323148222,0.3059844922582793
NSFC,42071433,K01,K01.1,7487,-0.1165203510546565,0.19403397230732564
NSFC,42071434,K04,K04.1|K04.3,5809,-0.36948635098250443,-0.02489740808824334
NSFC,42071441,K04,K04.1|K04.3,8108,-0.3500737152047565,-0.017432420278595706
NSFC,42071453,K04,K04.1,2359,-0.3479572230380061,0.026744404335909727
NSFC,42072249,K03,K03.3,1372,-0.10361415388445094,0.17197113108931783
NSFC,42072279,K01,K01.1|K01.2,3165,-0.19993385472849035,-0.02289569680934081
NSFC,42072302,K03,K03.3,1872,-0.20374144904908342,0.09990769896952077
NSFC,42072319,K02,K02.1,2404,0.07138783776148767,-0.25254271112053905
NSFC,42074041,K01,K01.1,545,-0.21079083137942828,0.32006716540832414
NSFC,42074054,K03,K03.1|K03.2|K03.3,1758,-0.1925390138519592,0.1973482112362959
NSFC,42074176,K01,K01.1,1528,-0.0784030353769326,0.3299174053313191
NSFC,42075023,K02,K02.1|K02.2,23,0.28309623031691467,-0.02333302121893517
NSFC,42075044,K03,K03.1|K03.2,8265,-0.09868168589553875,0.05717969425690709
NSFC,42075061,K03,K03.1,957,-0.0295800423204632,0.22622811105435972
NSFC,42075070,K02,K02.1,17,0.30220285357612264,-0.0013724811934835157
NSFC,42075090,K02,K02.1,4294,0.5801852655707379,0.042356675866510415
NSFC,42075097,K02,K02.1,2821,0.22334675416336636,-0.023769701698574536
NSFC,42075111,K02,K02.1,2828,0.2870197777910296,-0.1331408796394402
NSFC,42075118,K02,K02.1,39,0.4256512193998939,0.017974313801957464
NSFC,42075119,K02,K02.1,4294,0.5801852655707379,0.042356675866510415
NSFC,42075126,K01,K01.1,2853,-0.1754273765948016,0.3124650552785877
NSFC,42075144,K02,K02.1,2901,0.219718557504686,-0.17818117068155015
NSFC,42075147,K01,K01.1,2927,-0.1529683643092229,0.19965898209696162
NSFC,42075164,K03,K03.1|K03.2,4310,0.2795762654925647,0.26914882303606114
NSFC,42075167,K03,K03.1|K03.3,6156,-0.02535749261168166,0.2198153736502478
NSFC,42075170,K03,K03.1|K03.3,256,-0.1515734945038434,0.23524094954180358
NSFC,42075171,K02,K02.1,703,0.1566010036395673,-0.23199902564311586
NSFC,42075172,K02,K02.1,2244,0.28755931149937153,-0.03727787386785285
NSFC,42075173,K03,K03.2|K03.3,176,-0.016443040590950517,0.21991442824331095
NSFC,42075174,K02,K02.1,48,0.4553684302923853,0.026931374275099604
NSFC,42075176,K01,K01.1|K01.2,2762,-0.1453870337317702,0.2113664603933788
NSFC,42075178,K02,K02.1|K02.2,7680,0.1516346202406203,-0.14672436706314979
NSFC,42075179,K02,K02.1,2929,0.20913543473148571,-0.16560184514780796
NSFC,42075182,K01,K01.2,2934,-0.18906924837041617,0.2086037581680858
NSFC,42076058,K01,K01.1|K01.2,1317,-0.03915440540859355,0.4432399946715603
NSFC,42076065,K01,K01.1|K01.2,4739,0.2358414934266826,0.39686291481342717
NSFC,42076097,K02,K02.1,5180,0.34242563123570213,-0.09855883579566782
NSFC,42076117,K02,K02.1,5144,0.36366158807142396,-0.08383482649398008
NSFC,42076128,K02,K02.1,869,0.4184139741247942,-0.015177561611890128
NSFC,42076138,K02,K02.1,3636,0.35397587631900723,-0.17197035224392074
NSFC,42076154,K02,K02.1,1195,0.35581858663190524,0.07883307400696767
NSFC,42076163,K06,K06.2,4890,0.18197289357658608,0.13923095307399286
NSFC,42076181,K02,K02.1,1320,0.20408613489336702,0.10563390045706583
NSFC,42076186,K01,K01.1,3275,-0.13631206886074587,0.16182659673689356
NSFC,42076187,K02,K02.1,5103,0.27828629022256673,-0.13843904470845322
NSFC,42076188,K01,K01.1,1471,-0.1397268674471241,0.4335601726703999
NSFC,42076201,K03,K03.3,1325,-0.10745782668015993,0.32924083962087747
NSFC,42076207,K02,K02.1,291,0.32690900861877004,0.027477440406235107
NSFC,42076208,K02,K02.1,836,0.4516927794379485,0.0014874175732642325
NSFC,42076221,K05,K05.1|K05.2,3834,-0.1791851977834968,-0.09801623335212395
NSFC,42076233,K02,K02.1,833,0.47774234129114623,0.0619216587022684
NSFC,42076235,K01,K01.1|K01.2,822,0.04743545376884305,0.5107907696107135
NSFC,42077043,K02,K02.1,7131,0.17323925535379636,-0.19945363419118442
NSFC,42077080,K02,K02.1,7049,0.20640124238997948,-0.19881203991209326
NSFC,42077086,K02,K02.1,4652,0.505299557385778,-0.04839017264046312
NSFC,42077118,K02,K02.1,6276,0.17668641632180804,-0.26846844839771355
NSFC,42077129,K02,K02.1,4927,0.3300822705516797,-0.25595289227203577
NSFC,42077140,K01,K01.1|K01.2,7551,-0.17415784493029357,0.20386730625869237
NSFC,42077154,K02,K02.1,3302,0.26023873604565056,-0.3434052383808238
NSFC,42077194,K02,K02.1|K02.2,2948,0.2169644537248524,-0.09565407377033129
NSFC,42077196,K02,K02.1,3027,0.20900254910913324,-0.17094551169657046
NSFC,42077204,K01,K01.2,2898,-0.09941878388888187,0.10932223640288423
NSFC,42077207,K02,K02.1,4771,0.4105408450815001,-0.06768759099560412
NSFC,42077223,K02,K02.1,3364,0.2761132132301121,-0.32455891668678005
NSFC,42077225,K02,K02.1,3364,0.2761132132301121,-0.32455891668678005
NSFC,42077227,K02,K02.1,4777,0.40518319867406916,-0.2135645931764891
NSFC,42077232,K03,K03.2|K03.3,1427,-0.19991469933055572,0.2510249286730783
NSFC,42077233,K01,K01.1|K01.2,1421,-0.2240747099755639,0.40405235159733677
NSFC,42077245,K03,K03.1,1439,-0.15886341109855118,0.12424716144645537
NSFC,42077318,K01,K01.1|K01.2,3769,-0.0673396081005852,0.07205036146425645
NSFC,42077338,K02,K02.1,3299,0.2374648877355251,-0.3699927968068203
NSFC,42077356,K02,K02.1,3775,0.27324469394085704,-0.3278818126323271
NSFC,42077366,K02,K02.1,3621,0.3194602937216872,-0.21436777699813328
NSFC,42077375,K02,K02.1,3776,0.267975035738346,-0.3238528622924042
NSFC,42077377,K02,K02.1|K02.2,3259,0.09783272558871524,-0.32077874447748234
NSFC,42077380,K02,K02.1,3215,0.10149347368740162,-0.5051934482657889
NSFC,42077383,K03,K03.3,7596,-0.12535994712851783,0.013611384755822506
NSFC,42077384,K01,K01.1|K01.2,7611,-0.1242698063343053,0.19644309678232216
NSFC,42077387,K02,K02.2,7612,-0.04919562639811,-0.017945521845516926
NSFC,42077389,K01,K01.1|K01.2,7621,-0.15246521116328715,0.19466942677089813
NSFC,42077392,K01,K01.1|K01.2,3035,-0.13134797198620668,0.21647745065939084
NSFC,42077398,K02,K02.2,7628,-0.04190330309293118,-0.018975012781916406
NSFC,42077418,K03,K03.1,7051,-0.157227514162222,0.12465766755569063
NSFC,42077420,K02,K02.1|K02.2,4045,0.1841951332054288,-0.10773309899774282
NSFC,42077421,K01,K01.1|K01.2,783,0.08859462734360125,0.4058301179785422
NSFC,42077429,K02,K02.1,3300,0.2696360148088746,-0.3502941605195542
NSFC,42077431,K02,K02.1,37,0.36613422173677646,0.025363299400549405
NSFC,42077432,K04,K04.1|K04.3,5259,-0.2099378150753979,-0.061391123788635676
NSFC,42077436,K03,K03.2|K03.3,657,-0.09392812116636454,0.0826842397423946
NSFC,42077438,K01,K01.1|K01.2,2026,-0.2234874089515757,0.4434714190011865
NSFC,42077442,K05,K05.1|K05.3,1768,-0.18128325664408818,0.16865847010914822
NSFC,42077443,K03,K03.3,688,-0.09562822735827783,0.3162996837043477
NSFC,42077445,K04,K04.1|K04.2,1652,-0.2834129968714001,-0.021857154133904683
NSFC,42077451,K03,K03.2,1098,0.2602567246661214,0.2674354969983205
NSFC,42101020,K02,K02.1|K02.2,1551,0.1218046869969437,-0.054143714781405616
NSFC,42101023,K03,K03.1|K03.2|K03.3,4124,0.23154968588306735,0.25689381869834893
NSFC,42101030,K03,K03.1|K03.3,427,-0.06824135377729162,0.25855422329742983
NSFC,42101032,K02,K02.1,1308,0.24192308612353414,0.0013839771693699432
NSFC,42101033,K01,K01.1,4091,-0.07514832133710383,0.234111931587681
NSFC,42101034,K03,K03.2,3895,0.14033778160759858,0.22471850818119946
NSFC,42101035,K03,K03.1|K03.3,256,-0.1515734945038434,0.23524094954180358
NSFC,42101037,K02,K02.1|K02.2,623,0.41442727024306036,0.04979933366422633
NSFC,42101040,K01,K01.1,3931,-0.1989467401314775,0.11754918647334758
NSFC,42101041,K02,K02.1,1272,0.18232565801464223,-0.05196028048592016
NSFC,42101049,K02,K02.1,123,0.259933118805164,-0.09124581734942044
NSFC,42101054,K01,K01.1|K01.2,1048,-0.05870362963079895,0.36898705582340807
NSFC,42101056,K02,K02.1,3134,0.37671545574228305,-0.15582838972171767
NSFC,42101063,K02,K02.1,4339,0.602699115623643,0.037946149557816
NSFC,42101064,K01,K01.1,7497,-0.11446817461859239,0.20168872260122447
NSFC,42101072,K02,K02.1,4294,0.5801852655707379,0.042356675866510415
NSFC,42101075,K03,K03.1|K03.2|K03.3,1279,-0.15943049472695697,0.16780158621740007
NSFC,42101082,K01,K01.1|K01.2,4390,0.18688191498099516,0.43153697119178047
NSFC,42101091,K02,K02.1,75,0.26568601475716436,-0.11378978779749016
NSFC,42101093,K02,K02.1,40,0.4328545802394802,0.03134190058379403
NSFC,42101094,K02,K02.1,5312,0.3389296035017306,-0.0874246399460965
NSFC,42101095,K04,K04.1|K04.2,1122,-0.05772876248751091,0.07222262193540936
NSFC,42101096,K02,K02.1,5215,0.4361507183966331,0.034087059160734304
NSFC,42101097,K02,K02.1,4562,0.5054429937245414,-0.04033797594626273
NSFC,42101107,K03,K03.1|K03.2|K03.3,4603,0.16947924585300356,0.16601118193631068
NSFC,42101109,K02,K02.1|K02.2,4305,0.5123800517187992,0.09260608042577208
NSFC,42101110,K02,K02.1,4131,0.37389238367882793,-0.10392004809438683
NSFC,42101113,K05,K05.1,4658,0.18163083300427374,0.1859901654573613
NSFC,42101115,K02,K02.1|K02.2,4305,0.5123800517187992,0.09260608042577208
NSFC,42101116,K02,K02.1,5337,0.2903990132245936,-0.10463858710628808
NSFC,42101117,K02,K02.1,4871,0.5132445830801708,0.016195844595313313
NSFC,42101122,K02,K02.1,3887,0.43763965966355,0.006810168648181528
NSFC,42101124,K01,K01.1|K01.2,1476,-0.0819842620775666,0.3347607325807632
NSFC,42101128,K03,K03.3,7523,-0.028382834617658156,-0.038439764913133695
NSFC,42101135,K02,K02.1,1916,0.27743886694346187,-0.0894643404511258
NSFC,42101138,K02,K02.1,4294,0.5801852655707379,0.042356675866510415
NSFC,42101141,K02,K02.1,867,0.3806587821352752,0.042932511558120265
NSFC,42101149,K02,K02.1,1060,0.34770908514502324,-0.10553423119110814
NSFC,42101157,K02,K02.1,831,0.40299418884521765,0.07369736215797752
NSFC,42101160,K02,K02.1|K02.2,8392,0.16113997641656974,-0.09503329315787454
NSFC,42101167,K02,K02.1,4992,0.30080524877616177,-0.1206010258159666
NSFC,42101169,K02,K02.1,5494,0.1912784565389734,-0.1771323397787206
NSFC,42101170,K05,K05.1,5357,-0.037274375817612095,0.11880376694659696
NSFC,42101174,K02,K02.1,8362,0.2017220019868251,-0.18037621068824777
NSFC,42101183,K02,K02.1|K02.2,8394,0.17405603901140781,-0.07382957485275923
NSFC,42101184,K02,K02.1,7718,0.22820938767415677,-0.15535760162934312
NSFC,42101187,K02,K02.1,8398,0.20590386809092864,-0.18671748692094647
NSFC,42101189,K01,K01.1|K01.2,6079,-0.14897263697478413,0.22897138745834061
NSFC,42101190,K02,K02.1,4662,0.43472326549542106,-0.04504434096607972
NSFC,42101191,K02,K02.1,7686,0.21068276910212907,-0.18671180578921545
NSFC,42101193,K01,K01.1|K01.2,7948,-0.13369224819749354,0.24825986174066572
NSFC,42101194,K02,K02.1,3053,0.211103373474553,-0.17704556092363366
NSFC,42101195,K02,K02.1,8399,0.1979854070050876,-0.16970145817554194
NSFC,42101196,K02,K02.1,8173,0.20190299595388167,-0.1673744702406455
NSFC,42101199,K02,K02.1|K02.2,7646,0.08421192847221849,-0.07141230536161715
NSFC,42101200,K02,K02.1,7814,0.24963396616151606,-0.12780543128448427
NSFC,42101202,K04,K04.1,6231,-0.1647659206665375,-0.014572975434591878
NSFC,42101206,K02,K02.1,6960,0.24034172339135473,-0.12611586495035504
NSFC,42101208,K02,K02.1,5751,0.15194698839382142,-0.18637313827848498
NSFC,42101210,K02,K02.1,2664,0.19801300980863773,-0.12967658381568106
NSFC,42101211,K02,K02.1,7955,0.24054414383622785,-0.11164802257938464
NSFC,42101215,K01,K01.1|K01.2,1491,-0.14066694746672095,0.3516118322860943
NSFC,42101216,K05,K05.1|K05.2,1526,-0.105462717800971,0.10089484185679526
NSFC,42101217,K02,K02.1,8211,0.27548568307429594,-0.09652901032055858
NSFC,42101219,K02,K02.1,5528,0.20780827116357897,-0.16673493276519757
NSFC,42101242,K01,K01.1|K01.2,7700,-0.10157474063328313,0.2588881966785732
NSFC,42101243,K01,K01.1,7980,-0.060579890315900234,0.29698280575657554
NSFC,42101244,K01,K01.1|K01.2,7795,-0.08145165655295679,0.2547223205903259
NSFC,42101250,K05,K05.1,7085,-0.09554132144982565,0.06240095323087589
NSFC,42101251,K03,K03.1|K03.3,1948,0.0965154888079836,0.22667776146281657
NSFC,42101253,K02,K02.1,2964,0.321134535719775,-0.09801530203539732
NSFC,42101256,K01,K01.1,66,-0.10151698929653985,0.24221545987358056
NSFC,42101257,K02,K02.1,4627,0.3786412479350295,-0.0543590492905147
NSFC,42101264,K02,K02.1,8221,0.22566541731193623,-0.1455617174632399
NSFC,42101265,K02,K02.1,8338,0.3266110026459866,-0.06613995930558104
NSFC,42101267,K02,K02.1,6294,0.24333473447024234,-0.12311290388546309
NSFC,42101268,K02,K02.1,4539,0.3951981023814545,-0.05770858086175722
NSFC,42101269,K04,K04.1|K04.3,4946,-0.01839817902415021,-0.04657460694848958
NSFC,42101271,K02,K02.1,6144,0.360070333745923,-0.02278199541721343
NSFC,42101272,K02,K02.1,8114,0.24893815747713205,-0.10139593760442205
NSFC,42101273,K04,K04.1|K04.3,87,-0.12978801669641052,-0.03374337766063722
NSFC,42101274,K05,K05.1,4230,-0.26888188861023765,-0.1175254791468601
NSFC,42101275,K03,K03.1|K03.2,8000,-0.026535006610737016,0.13441451668077178
NSFC,42101276,K01,K01.1|K01.2,4526,0.1431267103532533,0.3910447777232353
NSFC,42101278,K02,K02.1,7996,0.2386271528510145,-0.1459229494790528
NSFC,42101280,K02,K02.1|K02.2,6208,0.0773620075742653,-0.18390909195696326
NSFC,42101282,K05,K05.1,4968,0.03046197217281847,0.14877116374408014
NSFC,42101284,K05,K05.1,5366,-0.062410211807916324,0.10978545983095388
NSFC,42101288,K05,K05.1,4494,0.12363887490612428,0.19266045785325975
NSFC,42101290,K01,K01.1,3270,-0.05612443453916817,0.07726667613000907
NSFC,42101292,K02,K02.1,5269,0.33485128100418576,-0.04654356085150016
NSFC,42101293,K01,K01.1|K01.2,666,0.06690802208518375,0.4204453339713282
NSFC,42101295,K02,K02.1,4599,0.404773824487641,-0.09977287990903923
NSFC,42101296,K03,K03.1,4643,0.13458908922792034,0.20422956546939017
NSFC,42101298,K05,K05.2,5343,-0.03834022476647604,0.07034953651496556
NSFC,42101299,K04,K04.1|K04.3,4610,-0.10499712639986074,-0.008106308879976779
NSFC,42101301,K02,K02.1,428,0.19951482831352074,-0.049187722107753906
NSFC,42101303,K05,K05.1,4495,0.1941678596416992,0.18570184768448325
NSFC,42101304,K04,K04.1|K04.3,4068,-0.30615557239327434,-0.15751502425680342
NSFC,42101306,K02,K02.1,4535,0.43064494299787626,-0.004163261871483373
NSFC,42101309,K01,K01.1|K01.2,4962,0.007669380716903235,0.3399029260580497
NSFC,42101311,K02,K02.1,93,0.26852746724841786,0.03485151610932277
NSFC,42101312,K05,K05.2,4285,-0.042589918409555345,0.03659970608370515
NSFC,42101314,K01,K01.1|K01.2,6803,-0.1542002112635654,0.22782730207196805
NSFC,42101319,K01,K01.1|K01.2,4289,0.10163749286802028,0.5253364690491962
NSFC,42101320,K01,K01.1,4520,0.006268473733678712,0.43413411118573264
NSFC,42101322,K01,K01.1|K01.2,14,0.03636670398060897,0.386783989447391
NSFC,42101323,K01,K01.1,4632,0.14813182354953647,0.3453807899135858
NSFC,42101324,K01,K01.1,4048,-0.20212575910426256,0.2201254130843249
NSFC,42101326,K02,K02.1,2753,0.2571657654267983,-0.11719672374342271
NSFC,42101328,K01,K01.1,4521,0.14423194439495413,0.3510864920996305
NSFC,42101330,K01,K01.1,5261,-0.08952518826001177,0.3917538122057159
NSFC,42101331,K02,K02.1,86,0.34081274463661626,-0.08163878864797496
NSFC,42101333,K04,K04.1|K04.3,82,-0.28077189902970157,-0.0026521590482725017
NSFC,42101336,K01,K01.1|K01.2,6168,-0.18439896318643292,0.3651763321587975
NSFC,42101337,K04,K04.3,5327,-0.19023270953117663,0.07783840515058654
NSFC,42101339,K02,K02.1,74,0.2795514477841863,-0.09948450684747176
NSFC,42101343,K01,K01.1,4398,0.09066750421490692,0.43766771810112937
NSFC,42101345,K02,K02.1|K02.2,6904,0.1551509037424893,-0.08731268734554107
NSFC,42101347,K01,K01.1,10,-0.04742546324214626,0.4251491884080234
NSFC,42101352,K03,K03.2,6157,-0.03457530604950999,0.2574524239978936
NSFC,42101353,K01,K01.1,8049,-0.0882664617714301,0.2829939304848573
NSFC,42101354,K02,K02.1,76,0.23313689448679664,-0.14714497637177393
NSFC,42101355,K01,K01.1|K01.2,4528,0.043600629312352465,0.34677713727021187
NSFC,42101362,K01,K01.1,4983,-0.1105139882298704,0.35191639699433397
NSFC,42101365,K01,K01.1,2888,-0.17860834990631375,0.32055044350467
NSFC,42101366,K01,K01.1|K01.2,3279,-0.13462131086023094,0.15900919151789508
NSFC,42101367,K01,K01.1|K01.2,4416,-0.05190082065136085,0.466931041181349
NSFC,42101370,K03,K03.2,6249,-0.16060925034641108,0.16052997693378976
NSFC,42101377,K01,K01.1,4107,-0.13472761491646956,0.3328074173440301
NSFC,42101378,K01,K01.1,3274,-0.12869089260212518,0.14843745366666602
NSFC,42101379,K01,K01.1|K01.2,4566,0.06875042277054534,0.3452526182060637
NSFC,42101382,K01,K01.1,6194,-0.20348543648037531,0.29971448038970483
NSFC,42101383,K04,K04.3,8041,-0.25840842629124033,0.036142219949170766
NSFC,42101384,K01,K01.1,3425,-0.11197571882353644,0.26724723143784646
NSFC,42101387,K01,K01.1,5261,-0.08952518826001177,0.3917538122057159
NSFC,42101388,K01,K01.1|K01.2,4471,-0.030957433374537616,0.301731928888316
NSFC,42101391,K01,K01.1|K01.2,1089,0.23417073453952286,0.4367253337496557
NSFC,42101393,K02,K02.1,4816,0.4751263580756775,-0.0836998792953909
NSFC,42101396,K01,K01.1,7979,-0.15030247579676123,0.34591974256843705
NSFC,42101399,K01,K01.1,4362,0.245709825130364,0.39654173520331326
NSFC,42101402,K02,K02.1,5007,0.306890107354794,-0.005739665714787328
NSFC,42101405,K02,K02.1,5316,0.1984373275999501,-0.029276128388771604
NSFC,42101406,K04,K04.1|K04.2|K04.3,3900,-0.18555543569162153,0.015279826717418066
NSFC,42101407,K01,K01.1|K01.2,4525,0.13830152613684837,0.3616582299508595
NSFC,42101412,K01,K01.1|K01.2,4366,0.2397794068722583,0.40711347305454226
NSFC,42101414,K01,K01.1|K01.2,2859,-0.18990003220140672,0.3377131574724054
NSFC,42101416,K03,K03.1|K03.3,1598,-0.1805285827364015,0.2509371894279987
NSFC,42101417,K03,K03.1|K03.2,3966,-0.10668116749976704,0.03511377481381413
NSFC,42101418,K01,K01.1|K01.2,70,-0.06103285425725599,0.30044766724911187
NSFC,42101422,K03,K03.1|K03.3,1541,-0.0559299173420413,0.1714631550404393
NSFC,42101427,K05,K05.1,7951,-0.05881416972451095,0.10733221216888367
NSFC,42101430,K03,K03.1,7998,-0.025881739457101982,0.12172089903813925
NSFC,42101437,K01,K01.1|K01.2,6086,-0.11685633447777657,0.26297652176933084
NSFC,42101438,K05,K05.1,8136,-0.06885355310839497,0.10740447417819196
NSFC,42101450,K01,K01.1|K01.2,2057,-0.2180092750140556,0.3767915559767666
NSFC,42101456,K01,K01.1,4287,0.10756791112612603,0.5147647311979671
NSFC,42101459,K01,K01.1|K01.2,7773,-0.13216716789140454,0.23378663023936228
NSFC,42101460,K02,K02.1,7699,0.1957701652463109,-0.2076778301492601
NSFC,42101462,K03,K03.2,8002,-0.023227884588515088,0.125530709044239
NSFC,42101463,K03,K03.2,2197,-0.12682559666329282,0.12743014814469777
NSFC,42101464,K01,K01.1,5590,-0.20108905343865055,0.26337533811291436
NSFC,42101465,K02,K02.1,8115,0.2355280229067731,-0.11502243897896758
NSFC,42101469,K01,K01.1,5927,-0.2485211588995268,0.2946908349701466
NSFC,42101472,K01,K01.1,7957,-0.08830598886635659,0.28088507163286214
NSFC,42101475,K01,K01.1,6193,-0.1384441284156652,0.35155293838553603
NSFC,42104016,K03,K03.3,1485,-0.12397791891232458,0.19988059163284735
NSFC,42105035,K02,K02.1|K02.2,622,0.2914382326167173,0.09568571939417612
NSFC,42105040,K02,K02.1,898,0.39301009404879417,0.018338517278595173
NSFC,42105071,K02,K02.1,2901,0.219718557504686,-0.17818117068155015
NSFC,42105083,K02,K02.1,1265,0.13362706742191138,0.020249664098793127
NSFC,42105093,K02,K02.1,2755,0.21075121212940873,-0.16485719326772488
NSFC,42105094,K01,K01.1|K01.2,3001,-0.2017653641974409,0.29750189063350463
NSFC,42105098,K02,K02.1,2821,0.22334675416336636,-0.023769701698574536
NSFC,42105100,K01,K01.1|K01.2,2893,-0.16956433512948704,0.2939609479997467
NSFC,42105103,K02,K02.1,2901,0.219718557504686,-0.17818117068155015
NSFC,42105104,K02,K02.1,2825,0.31306933964422734,-0.07270663851043606
NSFC,42105116,K02,K02.1,4294,0.5801852655707379,0.042356675866510415
NSFC,42105123,K01,K01.1,3869,-0.009250659653552581,0.449518068014092
NSFC,42105124,K01,K01.1,2801,-0.18125310557337493,0.31586637912250937
NSFC,42105128,K01,K01.1|K01.2,2891,-0.1845387681644195,0.3311221813558991
NSFC,42105129,K04,K04.3,981,-0.1521396367053953,0.10410518694193897
NSFC,42105147,K02,K02.1,77,0.25350188593098855,-0.15991874797647593
NSFC,42105155,K01,K01.1,862,0.12075305079786729,0.4205172443477656
NSFC,42105157,K03,K03.1|K03.2,3011,-0.14953524320571915,-0.039049141056701896
NSFC,42105158,K03,K03.1|K03.2,172,0.001577030359223408,0.21676093270220523
NSFC,42105159,K01,K01.1|K01.2,7020,-0.1059155873490463,0.24065936742107027
NSFC,42105160,K02,K02.1,718,0.4692409934637455,0.021077045339190414
NSFC,42105166,K02,K02.1,1038,0.3548112930169973,-0.06893339088256425
NSFC,42105168,K02,K02.1,2768,0.19519726830967205,-0.18856571370320474
NSFC,42105169,K06,K06.2,2987,-0.13202215955907243,0.0018491404543642415
NSFC,42105170,K02,K02.1,124,0.29788050240516606,-0.07222121815339286
NSFC,42105174,K01,K01.1,6784,-0.0720979632377324,0.2697933787170491
NSFC,42106092,K02,K02.1,4339,0.602699115623643,0.037946149557816
NSFC,42106112,K03,K03.2,5074,0.09291099496199136,0.22647983650698147
NSFC,42106141,K02,K02.1,5058,0.5132019106442857,-0.037314888755986264
NSFC,42106169,K02,K02.1,3295,0.22093742421614376,-0.2780842159348409
NSFC,42106173,K01,K01.1|K01.2,3279,-0.13462131086023094,0.15900919151789508
NSFC,42106174,K01,K01.1|K01.2,4583,0.042814917064849925,0.43952310417494356
NSFC,42106176,K01,K01.1,5100,-0.07633060509714168,0.25169361009022506
NSFC,42106179,K01,K01.1,5135,-0.06071488119277354,0.35446254656323595
NSFC,42106197,K02,K02.1,4443,0.4107646033838206,-0.08710642328363585
NSFC,42106200,K03,K03.3,1330,-0.09484631218303034,0.2233316183151152
NSFC,42106204,K03,K03.1,1277,-0.09158051305669827,0.2225724901700022
NSFC,42106215,K02,K02.1,4661,0.4877893348922404,-0.04976847546794465
NSFC,42106221,K02,K02.1,830,0.3880197558102853,0.11085859551412992
NSFC,42106225,K04,K04.3,858,-0.026105692408494197,0.20102763400604282
NSFC,42107004,K02,K02.1,6187,0.26906065091957954,-0.27105708477655677
NSFC,42107021,K05,K05.2,7535,-0.10402592533897596,-0.117865876326912
NSFC,42107045,K02,K02.1,6186,0.17031716251308748,-0.28722671026407
NSFC,42107065,K02,K02.1,3019,0.1150622166408695,-0.33248363881145315
NSFC,42107087,K04,K04.2,3330,-0.04431639324816096,-0.15231103023979428
NSFC,42107106,K03,K03.2,2887,-0.1217096322030959,0.0998905482272716
NSFC,42107110,K02,K02.1,7277,0.18435691955607475,-0.2175150935876639
NSFC,42107119,K01,K01.1|K01.2,2814,-0.10226311484314349,0.33900123904185664
NSFC,42107120,K02,K02.1,2858,0.22289953081619812,-0.18626655890763247
NSFC,42107127,K01,K01.1,2791,-0.14406721104816705,0.1754469271727116
NSFC,42107129,K02,K02.1,3293,0.24518297343599477,-0.34014022715230396
NSFC,42107130,K02,K02.1,5309,0.32581816959525134,-0.11020510833651309
NSFC,42107131,K02,K02.1,4370,0.45737467128735754,0.053067684687908526
NSFC,42107150,K02,K02.1,3372,0.26455306565134407,-0.2348796093588474
NSFC,42107165,K01,K01.1|K01.2,1431,-0.2599936452394924,0.3931176027665588
NSFC,42107176,K03,K03.3,1428,-0.15581438725286517,0.12850987209094933
NSFC,42107189,K03,K03.3,1674,-0.10511848844901886,0.2305113019501581
NSFC,42107204,K03,K03.3,1496,-0.11162660699880564,0.17528659735332228
NSFC,42107268,K02,K02.1,2957,0.2428226032700741,-0.32661020245477
NSFC,42107274,K01,K01.2,2749,-0.06197157596676954,0.17030668334101168
NSFC,42107280,K02,K02.1,7129,0.27774405611934583,-0.1624881249336005
NSFC,42107287,K02,K02.1,3300,0.2696360148088746,-0.3502941605195542
NSFC,42107299,K03,K03.3,2970,-0.03942300740020625,0.10926042550554901
NSFC,42107308,K02,K02.1,7581,0.21497606105360295,-0.20421401797062558
NSFC,42107316,K02,K02.1,6147,0.3136103221018416,-0.0717737703721017
NSFC,42107317,K02,K02.1,4662,0.43472326549542106,-0.04504434096607972
NSFC,42107391,K02,K02.1,3300,0.2696360148088746,-0.3502941605195542
NSFC,42107396,K02,K02.1,3406,0.09379449108039901,-0.41415673529841324
NSFC,42107400,K02,K02.1,4933,0.3547942567989011,-0.14890936096289037
NSFC,42107404,K03,K03.1,3055,-0.07946900304754141,0.020690063775141113
NSFC,42107408,K02,K02.1,3045,0.22129966806460583,-0.20042987735329462
NSFC,42107421,K02,K02.1,7456,0.14506085558083154,-0.36160676557702576
NSFC,42107427,K02,K02.1,3214,0.08856303672056202,-0.5247398265211047
NSFC,42107437,K02,K02.1,7283,0.1335865490208502,-0.3660004437426154
NSFC,42107454,K03,K03.1|K03.3,7562,-0.13836778772472308,-0.02878875146327743
NSFC,42107455,K02,K02.1,7553,0.1854252690328833,-0.209734475681154
NSFC,42107457,K02,K02.1,7320,0.17061617146224334,-0.3045342965789577
NSFC,42107461,K02,K02.1,7607,0.22622879860687606,-0.2016725320424413
NSFC,42107462,K05,K05.2,2952,-0.0900809659573427,-0.0232614948522857
NSFC,42107466,K02,K02.1,3564,0.12336283250003889,-0.4594552206580378
NSFC,42107479,K02,K02.1,4168,0.30349213997066044,-0.08146540667369413
NSFC,42107494,K01,K01.1,3631,0.12733563915201013,0.26925991944148264
NSFC,42107495,K05,K05.1|K05.2,3807,-0.03504546366859855,-0.10769271499895386
NSFC,42107496,K01,K01.1|K01.2,4684,0.11706556930112651,0.3469342206491718
NSFC,42107497,K02,K02.1,3598,0.32279720363347797,-0.23436520885816617
NSFC,42107499,K01,K01.1|K01.2,4525,0.13830152613684837,0.3616582299508595
NSFC,42107501,K03,K03.2|K03.3,3348,-0.12672225844655396,-0.1642064841045933
NSFC,42107508,K02,K02.1,3664,0.30070530978506,-0.3172690590990028
NSFC,42107512,K02,K02.1|K02.2,4135,0.37650087982868785,-0.028428174302462125
NSFC,42107514,K04,K04.1|K04.2|K04.3,3708,-0.31098507689165483,-0.3775842362860832
NSFC,42176199,K02,K02.1,5097,0.3212673984044633,-0.16236746159743812
NSFC,42201145,K02,K02.1,4339,0.602699115623643,0.037946149557816
NSFC,42201320,K02,K02.1,4142,0.4398352741588697,-0.06319730430447193
NSFC,42201507,K02,K02.1,5540,0.22661482291879775,-0.12448788472161113
NSFC,42204054,K03,K03.1|K03.3,1647,-0.14661199847957426,0.17300193554472426
NSFC,42205094,K01,K01.1|K01.2,2864,-0.12869898403469782,0.1975939084196604
NSFC,42207515,K03,K03.3,4252,-0.01701750163151476,0.05932607081366578
NSFC,42207540,K02,K02.1,6890,0.21451067768200005,-0.1947434061057068
NSFC,51537010,K04,K04.1|K04.3,6465,-0.3895408488385961,-0.14699480663029793
NSFC,51538001,K04,K04.1,1437,-0.34383949315819057,0.07338989236710254
NSFC,51538004,K02,K02.1,168,0.25582994745513404,-0.120755734845861
NSFC,51538005,K02,K02.1,968,0.26664865017748707,-0.09139365499465374
NSFC,51538009,K04,K04.1|K04.2|K04.3,2571,-0.38820778767042974,-0.09738057301714212
NSFC,51538011,K04,K04.1|K04.3,3237,-0.3680660329435637,-0.46812560703481076
NSFC,51539003,K02,K02.1|K02.2,4085,0.21031431949261653,-0.10370392422106163
NSFC,51568022,K03,K03.3,1558,-0.17688643866900602,0.09394221258616985
NSFC,51568025,K05,K05.1|K05.2,5489,-0.10937306301828527,0.06236390047420218
NSFC,51568026,K02,K02.1,3095,0.14959559748100415,-0.25974462148692123
NSFC,51568033,K02,K02.1,7930,0.2259794277711823,-0.1253457880401785
NSFC,51568039,K04,K04.1|K04.3,7300,-0.3186374904576406,-0.28362348332724574
NSFC,51568059,K04,K04.3,3247,-0.28242685209463964,-0.39280202247369833
NSFC,51568063,K05,K05.1,5622,-0.2094603861960906,-0.03550005212844386
NSFC,51568066,K02,K02.1,3216,0.10253472838946308,-0.5160210180221485
NSFC,51569003,K04,K04.3,1929,-0.26673449360729823,-0.004948930133155116
NSFC,51569006,K02,K02.1,4758,0.48958737126945406,0.0031738227870952707
NSFC,51569018,K01,K01.1|K01.2,4080,-0.1998065838979436,0.3093678391657688
NSFC,51569022,K02,K02.1,4163,0.3342190625987856,-0.12833497834001836
NSFC,51569027,K03,K03.1|K03.3,3972,-0.17497253025981716,-0.04098958416025482
NSFC,51569031,K02,K02.1|K02.2,3859,0.2194701500070506,-0.0760030859430595
NSFC,51575071,K04,K04.1|K04.3,7153,-0.36179921493715506,-0.056619252663958064
NSFC,51576040,K04,K04.1|K04.3,6416,-0.3828392636586325,-0.19948062090627036
NSFC,51577028,K04,K04.1|K04.3,6418,-0.35136452004545293,-0.18177290992596437
NSFC,51577034,K04,K04.1|K04.3,6469,-0.3936662452061831,-0.24170053360778546
NSFC,51577116,K04,K04.1|K04.3,6592,-0.368339971678396,-0.20920394880610055
NSFC,51578002,K02,K02.1,3408,0.12295835881507582,-0.381106778241876
NSFC,51578010,K06,K06.2,8139,-0.12736790415240412,0.09754600584943575
NSFC,51578016,K02,K02.1,3216,0.10253472838946308,-0.5160210180221485
NSFC,51578027,K02,K02.1,5919,0.12058172360493082,-0.24234704927974268
NSFC,51578041,K02,K02.1,5403,0.2224095891862266,-0.1624951311864362
NSFC,51578057,K03,K03.2,2366,-0.17982962065693764,0.015288228218307331
NSFC,51578074,K02,K02.1,5990,0.11488970469260658,-0.2306669549362897
NSFC,51578084,K05,K05.1|K05.2|K05.3,2775,-0.115043340864423,0.05509415954821478
NSFC,51578086,K02,K02.1,60,0.15347836525496145,-0.22553617179365223
NSFC,51578101,K05,K05.1,7723,-0.05581974196094609,0.08442196483207008
NSFC,51578103,K01,K01.1,7549,-0.22052281463673712,0.3023862815752937
NSFC,51578111,K04,K04.1|K04.3,5636,-0.3855048118184577,-0.21678127817239218
NSFC,51578123,K04,K04.1|K04.3,8156,-0.22869018004556535,-0.106040824441641
NSFC,51578125,K04,K04.1|K04.2,6054,-0.17404298243121624,-0.03476571170405737
NSFC,51578128,K02,K02.1,7988,0.21261576661380088,-0.02304652075346031
NSFC,51578144,K04,K04.1|K04.3,2442,-0.4001922150418347,-0.020262742122462866
NSFC,51578159,K04,K04.1|K04.2|K04.3,2301,-0.33588119196726524,-0.08061126058379622
NSFC,51578170,K02,K02.1,1866,0.12019832942690133,-0.14100086624944527
NSFC,51578171,K03,K03.3,3628,0.11741955665936883,-0.010139761178173473
NSFC,51578172,K04,K04.3,6858,-0.2701734695923459,-0.10009601625204295
NSFC,51578174,K04,K04.1|K04.3,5453,-0.30360914413623874,-0.13216314167353058
NSFC,51578190,K02,K02.1,2406,0.06904980894185074,-0.09042293983586987
NSFC,51578207,K04,K04.1|K04.3,5904,-0.3757267018604243,-0.1541983801634058
NSFC,51578232,K04,K04.1,1544,-0.25520859894038456,-0.03173392716898862
NSFC,51578243,K03,K03.2,27,0.033234574668710284,0.15709968535952315
NSFC,51578250,K05,K05.1,4146,0.10653123057243367,0.17310114375702462
NSFC,51578276,K05,K05.1|K05.3,8159,-0.056785381006383334,0.08283815920755445
NSFC,51578277,K04,K04.1,81,-0.19039992253321658,-0.05830533637691793
NSFC,51578282,K05,K05.1,5828,-0.05299798501410704,0.1006532025745965
NSFC,51578295,K02,K02.1,3216,0.10253472838946308,-0.5160210180221485
NSFC,51578296,K05,K05.1|K05.2,8182,-0.005439682510530772,0.14550089305721953
NSFC,51578302,K05,K05.1|K05.2|K05.3,8171,-0.07895868928836972,0.056764460825285266
NSFC,51578304,K04,K04.1,8192,-0.2385943177979128,-0.0005886982011856848
NSFC,51578308,K04,K04.1|K04.3,3237,-0.3680660329435637,-0.46812560703481076
NSFC,51578312,K04,K04.1|K04.3,7355,-0.36204506815350945,-0.35747040301182853
NSFC,51578319,K01,K01.1|K01.2,5898,-0.04970417326169398,0.31490108816273354
NSFC,51578320,K03,K03.1|K03.2,1394,-0.20781350084536324,0.18088226084077855
NSFC,51578327,K02,K02.1,2405,0.10826979119663414,-0.18964018440948532
NSFC,51578344,K04,K04.1,6862,-0.2185637098011694,-0.045615432997433994
NSFC,51578352,K05,K05.1,5451,-0.07829871312686291,0.07126920970397471
NSFC,51578363,K04,K04.1|K04.3,6273,-0.2706819899683939,-0.10682154996612007
NSFC,51578367,K05,K05.1,4018,-0.11993663870409052,0.05417412479796763
NSFC,51578380,K05,K05.1,5454,-0.1438413811643805,0.03320538090262227
NSFC,51578381,K02,K02.1,5478,0.22773530789556745,-0.1536356312816674
NSFC,51578382,K05,K05.1,7951,-0.05881416972451095,0.10733221216888367
NSFC,51578383,K05,K05.1,6037,-0.11648741381008572,0.05692998329528911
NSFC,51578384,K05,K05.1,3052,-0.09428412943298795,0.06949268573197331
NSFC,51578385,K04,K04.3,6812,-0.19847442441388197,-0.07039310286933054
NSFC,51578387,K04,K04.1|K04.3,3084,-0.37443288798320795,-0.2104269074012816
NSFC,51578419,K04,K04.1|K04.3,1410,-0.40441335798441336,-0.13169182176890729
NSFC,51578425,K02,K02.1,2405,0.10826979119663414,-0.18964018440948532
NSFC,51578432,K04,K04.1|K04.3,5903,-0.37060653817055556,-0.1219050596116332
NSFC,51578435,K05,K05.1|K05.2,5422,-0.06167376657082056,0.06967311535481663
NSFC,51578436,K05,K05.1|K05.2,8058,-0.07198226366696675,0.07298446338269718
NSFC,51578437,K05,K05.1,4697,0.0942278291234001,0.15339261359224804
NSFC,51578438,K05,K05.2,6935,-0.1203330252759987,-0.005358393166583729
NSFC,51578439,K04,K04.1|K04.3,6805,-0.2936382633961301,-0.12553556084727865
NSFC,51578441,K03,K03.3,7510,-0.1954841210370697,-0.20416662241572806
NSFC,51578451,K05,K05.3,5560,-0.09869492818933462,0.040924483989656875
NSFC,51578453,K04,K04.1|K04.3,762,-0.11769039760960419,0.02207704124101173
NSFC,51578454,K02,K02.1,4517,0.37474136878044717,-0.04865334710447004
NSFC,51578474,K01,K01.1,6039,-0.13935111828865918,0.22358482235242524
NSFC,51578482,K05,K05.1,131,0.07907568272781525,0.2207235330987041
NSFC,51578483,K05,K05.1|K05.2,4904,0.001031872282953733,0.12758877784985018
NSFC,51578507,K05,K05.1,8135,-0.14360170555432356,0.11918017763390108
NSFC,51578515,K03,K03.3,1402,-0.19450291312086593,0.11564104161757642
NSFC,51578526,K04,K04.1|K04.3,3236,-0.38203772461246477,-0.476844415533767
NSFC,51578531,K04,K04.1|K04.3,3686,-0.3836955503032941,-0.4580330680671185
NSFC,51578537,K02,K02.1,3610,0.2868608779700198,-0.33855409637332623
NSFC,51579001,K02,K02.1,3394,0.3857774716113797,-0.19614251677796712
NSFC,51579007,K03,K03.1,1275,-0.16057408648241617,0.12917255361852886
NSFC,51579008,K02,K02.1,4323,0.5373021030253246,0.049822991107261225
NSFC,51579012,K02,K02.1,4787,0.47954491275233835,-0.08887752448692066
NSFC,51579059,K04,K04.1|K04.3,1205,-0.2045972450403702,0.0860987202608899
NSFC,51579060,K03,K03.3,1202,-0.043280533059236806,0.25501208148364257
NSFC,51579066,K03,K03.1|K03.2|K03.3,668,0.09016830041468891,0.30707044554251983
NSFC,51579068,K03,K03.1|K03.3,1598,-0.1805285827364015,0.2509371894279987
NSFC,51579105,K03,K03.1|K03.3,450,-0.16680104006467356,0.25901971370576615
NSFC,51579107,K04,K04.1|K04.3,6405,-0.3609895247075512,-0.2184972587604941
NSFC,51579128,K01,K01.1|K01.2,3936,-0.2214046219089646,0.2200295051965561
NSFC,51579129,K04,K04.1|K04.3,3865,-0.19571431671906697,-0.10811494153437147
NSFC,51579157,K02,K02.1,4130,0.40195541058921613,-0.09836758154253517
NSFC,51579161,K02,K02.1|K02.2,3954,0.14633649883575078,-0.18079551859130663
NSFC,51579162,K02,K02.1,3642,0.41216007687344514,-0.252675540350515
NSFC,51579169,K04,K04.1,3983,-0.2685712627453468,-0.1559476465675164
NSFC,51579182,K05,K05.1,1301,-0.10310166774566898,0.22077795492507896
NSFC,51579190,K03,K03.3,1428,-0.15581438725286517,0.12850987209094933
NSFC,51579201,K03,K03.2|K03.3,6021,-0.17868936297570293,0.1183076705187974
NSFC,51579203,K02,K02.1,1434,0.09556508983688224,-0.043975804686177095
NSFC,51579208,K03,K03.1|K03.3,1757,-0.16455270993412796,0.1510716371127925
NSFC,51602217,K04,K04.1|K04.3,3237,-0.3680660329435637,-0.46812560703481076
NSFC,51604031,K02,K02.1,1870,0.1208277590548915,-0.21096182174661549
NSFC,51606039,K02,K02.1,7323,0.094038725304586,-0.304803014154055
NSFC,51606075,K04,K04.1,7299,-0.3007374138793038,-0.2757292113762647
NSFC,51606200,K02,K02.1,3015,0.15837029658337176,-0.24867243670114056
NSFC,51607051,K04,K04.1|K04.3,6427,-0.37446627523585124,-0.19058063950067664
NSFC,51607098,K04,K04.1|K04.3,2428,-0.34632301051351133,-0.15151483788520065
NSFC,51607148,K04,K04.3,6995,-0.3109582865943697,-0.181975439328183
NSFC,51607160,K02,K02.1,6531,0.08175665149514126,-0.2745238775553446
NSFC,51607170,K04,K04.1|K04.3,6448,-0.3608211154533103,-0.2061208422157221
NSFC,51608002,K02,K02.1,3299,0.2374648877355251,-0.3699927968068203
NSFC,51608012,K02,K02.1,5547,0.22749726286338734,-0.14486660028210643
NSFC,51608013,K04,K04.1|K04.3,3413,-0.34764240251795103,-0.33321136725453837
NSFC,51608021,K02,K02.1,7704,0.20587867073313193,-0.16838637349390648
NSFC,51608022,K04,K04.1|K04.2,6270,-0.3227828371011393,-0.18307260433347916
NSFC,51608030,K01,K01.2,5474,-0.09140203349800044,0.133867775802767
NSFC,51608035,K01,K01.1|K01.2,5472,-0.06707833010082552,0.2929970730577227
NSFC,51608049,K03,K03.1|K03.3,1567,-0.21709804093982799,0.21190209733351237
NSFC,51608054,K01,K01.1,5625,-0.2552766755734894,0.2909197744390075
NSFC,51608064,K05,K05.1,5016,0.061082304858175826,0.14183446187613677
NSFC,51608106,K04,K04.3,3263,-0.21149454832171588,-0.23452474083052985
NSFC,51608107,K02,K02.1,8381,0.2758626472908946,-0.10658652164092168
NSFC,51608118,K04,K04.1,1406,-0.29882876557209953,-0.02948253931411164
NSFC,51608144,K02,K02.1,6810,0.2620655771022871,-0.1129016718369413
NSFC,51608145,K05,K05.1,5524,-0.0692840487066976,0.07281806308709898
NSFC,51608147,K02,K02.1,7968,0.22263511272351866,-0.1446906364185008
NSFC,51608160,K02,K02.1,1967,0.06359558321843044,-0.19830581201203668
NSFC,51608161,K04,K04.1|K04.3,2546,-0.3575033747096525,-0.10368441875893551
NSFC,51608171,K02,K02.1|K02.2,6993,0.09306597858487127,-0.14169231825532116
NSFC,51608175,K04,K04.1|K04.3,3687,-0.35453168256861733,-0.4249831110105813
NSFC,51608209,K02,K02.1,5631,0.16909979369070816,-0.1473775986182085
NSFC,51608213,K05,K05.1,466,-0.08452767179792113,0.2199770574285194
NSFC,51608224,K04,K04.3,7001,-0.25432500983459044,-0.13178227946730955
NSFC,51608240,K05,K05.1,8009,-0.037402894146072674,0.11992636379321603
NSFC,51608242,K04,K04.1|K04.3,1868,-0.39440110383290145,-0.2045539607210026
NSFC,51608251,K02,K02.1,8036,0.25464730979365846,-0.11300848196733554
NSFC,51608252,K02,K02.1,7989,0.27407399346743627,-0.09237763048877895
NSFC,51608259,K01,K01.1|K01.2,5444,-0.20005509903677102,0.24796946360174765
NSFC,51608260,K02,K02.1,3214,0.08856303672056202,-0.5247398265211047
NSFC,51608268,K04,K04.3,5909,-0.31684319016161167,-0.17012110695689434
NSFC,51608292,K02,K02.1,8029,0.2677591704954182,-0.09588121298815994
NSFC,51608294,K05,K05.1,1959,-0.10552143211388434,0.0909460314134172
NSFC,51608295,K01,K01.1|K01.2,5244,-0.0570942862219261,0.2062283247976697
NSFC,51608307,K04,K04.1|K04.3,7420,-0.22829718291856121,-0.10063600515634663
NSFC,51608309,K05,K05.1|K05.2,8014,-0.08274381671542683,0.06688850768757335
NSFC,51608310,K03,K03.1,6807,-0.07583753942225319,0.0821722584939493
NSFC,51608313,K04,K04.3,5749,-0.26340562952054697,-0.12548106198240824
NSFC,51608321,K01,K01.1|K01.2,8109,-0.1295935281643123,0.27951163729613393
NSFC,51608326,K05,K05.1,5552,-0.1410883812458692,0.05458685562157775
NSFC,51608328,K02,K02.1|K02.2,5704,0.10584345712774422,-0.09822501621658049
NSFC,51608329,K02,K02.1,3408,0.12295835881507582,-0.381106778241876
NSFC,51608338,K02,K02.1,1245,0.1772418083174654,-0.043472268592122026
NSFC,51608344,K04,K04.1,5936,-0.3350660633165666,-0.16794973256502102
NSFC,51608348,K02,K02.1,7989,0.27407399346743627,-0.09237763048877895
NSFC,51608355,K01,K01.1|K01.2,1015,-0.04004301655759001,0.38189315764888876
NSFC,51608356,K02,K02.1,5545,0.23522329029277617,-0.11007496123117719
NSFC,51608357,K04,K04.1,1542,-0.1826524934774003,0.01517584847352478
NSFC,51608363,K05,K05.1,8010,-0.05126832717309461,0.10562108284319761
NSFC,51608365,K01,K01.1,5471,-0.10691857588776905,0.23572480496368708
NSFC,51608366,K02,K02.1,8212,0.262075548503937,-0.1101555116951041
NSFC,51608367,K05,K05.1,8216,-0.04517249230250488,0.10961866266929879
NSFC,51608368,K05,K05.1|K05.2,6091,-0.02174386795711404,0.10266543215068243
NSFC,51608382,K04,K04.1|K04.3,7355,-0.36204506815350945,-0.35747040301182853
NSFC,51608386,K02,K02.1,5690,0.11985901837212291,-0.21863483237863712
NSFC,51608387,K02,K02.1,5906,0.13003783122137935,-0.17967412552284076
NSFC,51608395,K05,K05.1,1697,-0.09783883408181884,0.1384086765849381
NSFC,51608403,K01,K01.1|K01.2,7983,-0.07992044314436494,0.2939280422332591
NSFC,51608404,K02,K02.1,8341,0.2643926054565395,-0.11413362703794871
NSFC,51608405,K02,K02.1,58,0.2292370153322143,-0.14143927418572927
NSFC,51608415,K05,K05.2,8138,-0.08305812152531337,0.02627499820436287
NSFC,51608416,K05,K05.1,8012,-0.08363307409876024,0.07259882122350166
NSFC,51608417,K05,K05.1,1908,-0.24220519134465585,-0.12174925154954794
NSFC,51608418,K05,K05.1|K05.2,140,0.05367658690434564,0.17823309112519037
NSFC,51608423,K01,K01.1,6824,-0.18632577190547583,0.2053433395449134
NSFC,51608426,K04,K04.1|K04.2|K04.3,6797,-0.2703924418325743,-0.09726781760358029
NSFC,51608438,K05,K05.1,6090,-0.08862942557509954,0.08370446605806356
NSFC,51608439,K02,K02.1,3068,0.26280714046094067,-0.1100045183074572
NSFC,51608443,K02,K02.1,7719,0.23419642020004605,-0.12143455131981662
NSFC,51608444,K02,K02.1,3700,0.13462026004333255,-0.4562271730605436
NSFC,51608449,K02,K02.1,4999,0.34056206629643865,-0.07819543619088214
NSFC,51608467,K04,K04.1|K04.2|K04.3,3151,-0.2824318759897315,-0.2672256461676892
NSFC,51608473,K02,K02.1,6035,0.15208040549495944,-0.22496997417892498
NSFC,51608497,K02,K02.1,7480,0.1745482967721515,-0.2494356417700717
NSFC,51608506,K01,K01.1|K01.2,7280,-0.17011579958544557,0.09683425706502177
NSFC,51608527,K05,K05.1,1691,-0.08792920584096721,0.13671360930442228
NSFC,51608535,K02,K02.1,1553,0.31065333078706386,-0.014868425338326142
NSFC,51609039,K05,K05.1|K05.2,4072,-0.15036044387016825,-0.0007470032249883157
NSFC,51609041,K03,K03.3,650,-0.017341823169580925,0.21720479600289494
NSFC,51609043,K03,K03.3,1232,-0.1439761359324394,0.19780858400779086
NSFC,51609061,K05,K05.1|K05.3,267,-0.13593907490657128,0.12284902263665386
NSFC,51609083,K01,K01.1,3930,-0.1865578208864479,0.14730704849273565
NSFC,51609085,K04,K04.1,3531,-0.08417840248001793,-0.0910574584437498
NSFC,51609086,K01,K01.1|K01.2,2387,-0.2333322584274884,0.34256232483318216
NSFC,51609122,K02,K02.1|K02.2,609,0.2259470200659608,-0.08332103154011819
NSFC,51609139,K02,K02.1|K02.2,4558,0.45343129741776234,0.03166546309434899
NSFC,51609192,K03,K03.3,2438,-0.16984121539605093,0.032688465042917794
NSFC,51609199,K03,K03.1|K03.3,1281,-0.17705260648976473,0.25107132971054524
NSFC,51609200,K03,K03.3,2461,-0.1414813139103303,0.06382768639642897
NSFC,51609204,K02,K02.1,2405,0.10826979119663414,-0.18964018440948532
NSFC,51609213,K01,K01.1,2025,-0.19496138139991687,0.3823493047235774
NSFC,51609241,K02,K02.1,7304,0.1439046913638376,-0.3644487907625428
NSFC,51609242,K02,K02.1,1548,0.24011250407496015,-0.05411281157891332
NSFC,51609245,K03,K03.1|K03.2,1120,0.08005824244822897,0.2319428297401509
NSFC,51609254,K03,K03.2|K03.3,3976,-0.17309597148595443,-0.03829564166990933
NSFC,51609256,K04,K04.1|K04.3,1936,-0.2853786087489105,-0.061282235647892674
NSFC,51609259,K01,K01.1|K01.2,6171,-0.21615369103714066,0.35429254455315695
NSFC,51637008,K01,K01.1|K01.2,6547,-0.31397739407563563,0.04365085149694727
NSFC,51638003,K04,K04.1|K04.3,5516,-0.38071972039883495,-0.210409800965098
NSFC,51638004,K05,K05.1|K05.3,5757,-0.11316571779588244,0.07295695625498516
NSFC,51638005,K04,K04.1,3423,-0.31560793021825123,-0.3228500016375222
NSFC,51638006,K02,K02.1,3218,0.15292632459427763,-0.44917255326364214
NSFC,51638008,K04,K04.1,7211,-0.34704136637595256,-0.2044993383461907
NSFC,51664007,K02,K02.1,2346,0.10800739317054363,-0.2352977174564068
NSFC,51667002,K04,K04.1,6430,-0.3445868236993401,-0.15503561900982185
NSFC,51667007,K04,K04.1|K04.3,6566,-0.42150483597273164,-0.28637512999544146
NSFC,51668003,K04,K04.1,5461,-0.25433747025539527,-0.12112616683961608
NSFC,51668024,K05,K05.3,5564,-0.13884117367459858,0.024533610942455257
NSFC,51668039,K02,K02.1,8116,0.24282806846092814,-0.11986243551809109
NSFC,51668046,K02,K02.1,3216,0.10253472838946308,-0.5160210180221485
NSFC,51668058,K02,K02.1,1109,0.20092456188659868,-0.14241655810574652
NSFC,51668065,K04,K04.1,4914,-0.10237444947389031,0.011535429252721795
NSFC,51668066,K05,K05.1|K05.3,8185,-0.07493762966449359,0.08245243928911022
NSFC,51669003,K04,K04.1|K04.2|K04.3,4699,-0.18852215625701146,-0.11145362979256532
NSFC,51669015,K03,K03.1|K03.2,1066,0.02684955777311608,0.16804511537000685
NSFC,51669021,K01,K01.1,4330,0.2680452318403065,0.4273065858031705
NSFC,51669026,K02,K02.1,2657,0.09356334280421434,-0.177703227062278
NSFC,51676026,K02,K02.1,6835,0.08825401070751158,-0.29363335732924856
NSFC,51676131,K02,K02.1,6629,0.06693202133583435,-0.3067159586813728
NSFC,51677025,K04,K04.1|K04.3,6499,-0.39583919652344896,-0.21328779379256516
NSFC,51677071,K04,K04.1|K04.3,2727,-0.34739381574059713,-0.18776632978114938
NSFC,51677085,K04,K04.1|K04.3,6712,-0.40564170856509807,-0.2594890161538085
NSFC,51677121,K04,K04.1|K04.3,6512,-0.4286118415721987,-0.17481245160208667
NSFC,51677153,K01,K01.1|K01.2,2488,-0.2882599911060047,0.2434086538801593
NSFC,51678002,K06,K06.2,1914,-0.054056347404789436,0.062212749059914245
NSFC,51678004,K02,K02.1,7711,0.24782242743355887,-0.1241349837007098
NSFC,51678017,K05,K05.1,1731,-0.231610588869954,-0.003062627240147567
NSFC,51678029,K04,K04.1,8062,-0.31041209201151704,0.03386446528567006
NSFC,51678042,K04,K04.1,2317,-0.364047002872365,-0.13191632620134638
NSFC,51678045,K04,K04.1|K04.2,2779,-0.2273081368833636,-0.08082626480798775
NSFC,51678058,K05,K05.1|K05.2,2761,-0.11995784996137897,0.0837512827739871
NSFC,51678076,K02,K02.1,5632,0.1108791047641609,-0.22751047603447883
NSFC,51678084,K04,K04.1,2091,-0.21416050623278776,-0.05009267212674884
NSFC,51678086,K04,K04.1|K04.3,1670,-0.21914434665508148,0.03406700984483292
NSFC,51678087,K05,K05.1,3657,0.0654889451682135,0.11427103845185096
NSFC,51678089,K02,K02.1,7745,0.2530506794653352,-0.12008696420563642
NSFC,51678103,K01,K01.1|K01.2,7982,-0.06651030857400599,0.30755454360780465
NSFC,51678118,K04,K04.1|K04.3,3237,-0.3680660329435637,-0.46812560703481076
NSFC,51678126,K04,K04.1,5469,-0.22034297560506422,-0.07014232185972845
NSFC,51678147,K04,K04.1|K04.3,1413,-0.3535597128803658,-0.06007048655889749
NSFC,51678177,K04,K04.1|K04.3,6798,-0.2975381425507124,-0.119829858661234
NSFC,51678178,K05,K05.1,6865,-0.14040409351504035,0.1055713613016292
NSFC,51678180,K02,K02.1,7734,0.3083052190284711,-0.08409487743088477
NSFC,51678203,K01,K01.1,2361,-0.2486835229386365,0.31581013915877576
NSFC,51678209,K04,K04.1,1408,-0.2820427271944723,-0.029280190918629462
NSFC,51678211,K04,K04.3,5955,-0.3301632800229046,-0.16942300445196187
NSFC,51678229,K04,K04.1,2410,-0.3521489792585255,-0.163703071125683
NSFC,51678241,K05,K05.1,8056,-0.11086012964665182,0.05923695827869126
NSFC,51678242,K01,K01.1,7758,-0.07578948945939434,0.2709696631822326
NSFC,51678258,K05,K05.1,1958,-0.07494853318930025,0.11176963918828955
NSFC,51678259,K05,K05.1,5840,-0.0816498741106258,0.08311785234656772
NSFC,51678261,K01,K01.1|K01.2,6691,-0.19598937020116391,0.1885077207695176
NSFC,51678281,K04,K04.1|K04.3,3236,-0.38203772461246477,-0.476844415533767
NSFC,51678330,K02,K02.1,6932,0.10731037810168538,-0.25395572237883424
NSFC,51678333,K04,K04.1|K04.3,3721,-0.37610712390605827,-0.46011150758050623
NSFC,51678335,K02,K02.1,3760,0.10614340752144556,-0.4936086701349214
NSFC,51678336,K02,K02.1,3461,0.12765525052648002,-0.46461876146269265
NSFC,51678337,K02,K02.1,2335,0.11786201072810597,-0.38332099319145774
NSFC,51678370,K04,K04.1|K04.3,6787,-0.19605433181356308,-0.03886631169441168
NSFC,51678380,K02,K02.1,5511,0.2534883801634326,-0.12598575377758445
NSFC,51678390,K02,K02.1,1391,0.14149408982554085,-0.11811983091348546
NSFC,51678392,K04,K04.1,5000,-0.13785927770388476,-0.05347583537016716
NSFC,51678394,K05,K05.1,6071,-0.11194624506535997,0.045497422077155784
NSFC,51678400,K02,K02.1,5118,0.3190309878192649,-0.17254223690239592
NSFC,51678401,K05,K05.1,7559,-0.07517896388644904,0.061567309253199656
NSFC,51678412,K04,K04.1,5469,-0.22034297560506422,-0.07014232185972845
NSFC,51678413,K04,K04.3,6864,-0.25538252095262326,-0.09161357707009143
NSFC,51678417,K02,K02.1,5289,0.2828475859413391,-0.09673934827053149
NSFC,51678421,K04,K04.1|K04.3,3736,-0.3272768860861987,-0.3117806521425873
NSFC,51678426,K02,K02.1,7339,0.10855569317951737,-0.40536581399916627
NSFC,51678461,K04,K04.1|K04.3,2935,-0.2775322999265933,-0.12001058589675484
NSFC,51678470,K04,K04.3,6930,-0.2643547494026679,-0.10046925243996853
NSFC,51678496,K02,K02.1,2420,0.07869782886184044,-0.2450810717963178
NSFC,51678520,K02,K02.1,3915,0.1356358766072019,-0.3701747596068119
NSFC,51678526,K05,K05.1|K05.2,6055,-0.1224541207933846,0.03334080800569644
NSFC,51678535,K04,K04.1|K04.3,5819,-0.32703180863433134,-0.16852472026399348
NSFC,51678544,K01,K01.1|K01.2,2543,-0.26436886885321437,0.18544981763925666
NSFC,51678549,K02,K02.1,3218,0.15292632459427763,-0.44917255326364214
NSFC,51678577,K02,K02.1,7722,0.24203087220013297,-0.14160607442573472
NSFC,51679007,K04,K04.1|K04.3,1892,-0.3140074775989864,-0.26217923353330685
NSFC,51679020,K04,K04.1,2409,-0.3661206709274266,-0.17242187962463912
NSFC,51679023,K02,K02.1,3216,0.10253472838946308,-0.5160210180221485
NSFC,51679026,K04,K04.1,4017,-0.27635182401012015,-0.1351178259554233
NSFC,51679040,K04,K04.1|K04.3,3992,-0.3027224906078183,-0.20421720249740302
NSFC,51679066,K02,K02.1,1263,0.13876417353873166,0.0006428540765254231
NSFC,51679082,K04,K04.1|K04.3,5009,-0.07398806849737183,-0.006781191539311105
NSFC,51679088,K04,K04.1|K04.3,1935,-0.34206376959238244,-0.1357731320228159
NSFC,51679089,K03,K03.1|K03.2,4060,-0.14792448842088662,-0.00975939053597251
NSFC,51679094,K03,K03.3,1291,-0.16138943063223424,0.1519480223906253
NSFC,51679115,K03,K03.3,3977,-0.17583681792166794,-0.0482043106081953
NSFC,51679116,K03,K03.2|K03.3,2276,-0.20592491029019339,0.194482009295161
NSFC,51679117,K03,K03.3,1515,-0.1914575825416307,0.19001567749928913
NSFC,51679120,K02,K02.1|K02.2,3897,0.23581927604991448,-0.03936013343458185
NSFC,51679121,K02,K02.1,1262,0.1578726166417624,-0.04180634711866993
NSFC,51679136,K03,K03.2,7329,-0.22302865058148263,-0.1789163539926082
NSFC,51679144,K03,K03.1|K03.2|K03.3,447,-0.0909582393753185,0.25588284762889124
NSFC,51679151,K05,K05.1,1877,-0.0787448268474661,0.10049724447580063
NSFC,51679159,K05,K05.1,486,-0.19496482441383534,0.10740046819972274
NSFC,51679160,K02,K02.1,3430,0.37267211014462315,-0.13747609021879903
NSFC,51679186,K03,K03.2,3907,-0.15660189004832387,0.17791080172873405
NSFC,51679222,K03,K03.3,1561,-0.16354539419463943,0.10212566131589776
NSFC,51704054,K03,K03.1|K03.3,1747,-0.18797649492091256,0.15935669429829072
NSFC,51704259,K01,K01.1|K01.2,7515,-0.15123122502476244,0.2650563173394259
NSFC,51705263,K04,K04.1|K04.3,7156,-0.34239020845493445,-0.18564481848124142
NSFC,51705428,K04,K04.3,7167,-0.28591489534068715,-0.14337119097666626
NSFC,51706066,K04,K04.1|K04.3,2876,-0.31060063673034566,-0.16070809949577558
NSFC,51706108,K02,K02.1,7205,0.12936319688221992,-0.2813964966304451
NSFC,51706139,K02,K02.1,7290,0.15295664123619956,-0.260739825949159
NSFC,51707069,K04,K04.1|K04.3,6702,-0.37558728063477065,-0.1191490441386219
NSFC,51707070,K04,K04.1|K04.3,6578,-0.37080223882509333,-0.22075331871867584
NSFC,51707115,K04,K04.1|K04.3,6399,-0.36986303362657835,-0.1689076860751234
NSFC,51708001,K05,K05.1,6084,-0.06438594902871717,0.08987802941858812
NSFC,51708004,K04,K04.1,2834,-0.11046747737578588,0.01613300148441995
NSFC,51708023,K02,K02.1,3219,0.13169859612413992,-0.48297106096561127
NSFC,51708028,K02,K02.1,7949,0.25266271788899797,-0.10497178211311131
NSFC,51708030,K01,K01.1|K01.2,6034,-0.06477539126672302,0.3020503214271485
NSFC,51708033,K02,K02.1,7341,0.24418113502115585,-0.32629366180059927
NSFC,51708076,K02,K02.1,3015,0.15837029658337176,-0.24867243670114056
NSFC,51708078,K04,K04.3,3081,-0.2507288813242024,-0.0916796428109737
NSFC,51708090,K05,K05.1|K05.2,8057,-0.077881267900589,0.08625482099013893
NSFC,51708094,K02,K02.1,3216,0.10253472838946308,-0.5160210180221485
NSFC,51708098,K04,K04.3,5356,-0.13992293642288264,-0.003331188843485107
NSFC,51708099,K05,K05.1,5510,-0.11078355028647957,0.04379660212034063
NSFC,51708102,K02,K02.1,6059,0.22721721400367884,-0.152817696933121
NSFC,51708103,K02,K02.1,6066,0.23503788299692047,-0.1196002734241115
NSFC,51708117,K05,K05.1|K05.3,8218,-0.07008842918703728,0.09631685148692411
NSFC,51708123,K05,K05.1,8233,-0.06990004475904325,0.09785188860915627
NSFC,51708129,K03,K03.1|K03.2,80,-0.021057552293987022,0.12730764032207897
NSFC,51708134,K05,K05.1|K05.2|K05.3,8357,-0.08386266573605505,0.06853863135730727
NSFC,51708138,K02,K02.1,5478,0.22773530789556745,-0.1536356312816674
NSFC,51708141,K02,K02.1,3732,0.12372877220630242,-0.3765934516765017
NSFC,51708150,K05,K05.1,7959,-0.06512899269652903,0.10382862966950268
NSFC,51708151,K02,K02.1,76,0.23313689448679664,-0.14714497637177393
NSFC,51708167,K02,K02.1,3214,0.08856303672056202,-0.5247398265211047
NSFC,51708169,K04,K04.1|K04.3,1651,-0.35128672937411765,0.052056755596434766
NSFC,51708192,K04,K04.1,5499,-0.18903211409672266,-0.04141904910966636
NSFC,51708193,K05,K05.1|K05.3,7729,-0.10441802099121393,0.04621881996200067
NSFC,51708218,K02,K02.1|K02.2,5405,0.17435786369306766,-0.07844326426414296
NSFC,51708224,K02,K02.1,3219,0.13169859612413992,-0.48297106096561127
NSFC,51708225,K05,K05.1|K05.3,1911,-0.09418716830519538,0.061690994672576764
NSFC,51708227,K05,K05.1,5521,-0.10423605119433653,0.04491506660312655
NSFC,51708233,K05,K05.1|K05.2,7971,-0.04135359086456525,0.10989644080645582
NSFC,51708234,K05,K05.1,3028,-0.06992521823400807,0.07471367115970827
NSFC,51708237,K05,K05.1,147,0.013376315240433964,0.12496102264413475
NSFC,51708246,K04,K04.1|K04.3,7403,-0.3563503897372277,-0.2509083131294031
NSFC,51708274,K05,K05.2,8181,-0.09698644731710551,0.03803249003644627
NSFC,51708276,K05,K05.1,5561,-0.06901573041505428,0.10257597390916666
NSFC,51708284,K05,K05.1|K05.3,2098,-0.2045171802873969,-0.016321526831199834
NSFC,51708294,K02,K02.1,3712,0.08052194575806744,-0.5167257270668001
NSFC,51708296,K01,K01.1|K01.2,7947,-0.08792158415244426,0.29496039198347224
NSFC,51708303,K03,K03.1|K03.2,7969,-0.03155933405726506,0.12976198027535207
NSFC,51708311,K04,K04.1|K04.3,3237,-0.3680660329435637,-0.46812560703481076
NSFC,51708320,K02,K02.1,5477,0.22709141864322713,-0.15459557056316303
NSFC,51708324,K05,K05.1,6887,-0.14504365037189582,0.03800422755909923
NSFC,51708325,K04,K04.1|K04.3,3237,-0.3680660329435637,-0.46812560703481076
NSFC,51708326,K02,K02.1,3216,0.10253472838946308,-0.5160210180221485
NSFC,51708335,K05,K05.1,4951,0.015627107847097282,-0.013299734764923271
NSFC,51708338,K02,K02.1,3731,0.08059321280272454,-0.41836221723199507
NSFC,51708339,K04,K04.1|K04.3,6788,-0.39227197316818896,-0.3510185329084068
NSFC,51708343,K01,K01.1|K01.2,5335,-0.10059744888121412,0.271156501712405
NSFC,51708347,K02,K02.1,3103,0.18586676564662602,-0.20201885606506415
NSFC,51708351,K02,K02.1,8105,0.23677035459244672,-0.12252026731782586
NSFC,51708357,K04,K04.1|K04.2|K04.3,3234,-0.3409203322254256,-0.4455635659771572
NSFC,51708361,K03,K03.1|K03.2,1789,-0.21726134209308468,0.04537745881538386
NSFC,51708370,K05,K05.1,7743,-0.027105304328883875,0.10311611442017508
NSFC,51708375,K01,K01.2,5493,-0.12318245322492863,0.12234167913204265
NSFC,51708379,K02,K02.1,4713,0.37988731366879724,-0.04069737866403208
NSFC,51708387,K05,K05.1,2933,-0.0696327068725896,0.0810968764345443
NSFC,51708395,K04,K04.1,5512,-0.2395860091052029,-0.06887151847081074
NSFC,51708396,K04,K04.1|K04.3,5517,-0.3642637796550463,-0.20670915644062518
NSFC,51708398,K01,K01.1,6024,-0.15020816185146035,0.20689823475887015
NSFC,51708408,K04,K04.1|K04.3,3237,-0.3680660329435637,-0.46812560703481076
NSFC,51708421,K04,K04.3,5948,-0.32565469451533285,-0.1666203340679641
NSFC,51708425,K04,K04.1,5491,-0.2280805704565757,-0.07573545480272312
NSFC,51708426,K04,K04.1|K04.3,456,-0.266630327596076,0.04432846042242315
NSFC,51708449,K02,K02.1,5496,0.20004873644003762,-0.1676245065533856
NSFC,51708452,K04,K04.1|K04.2|K04.3,1295,-0.2720728012034583,0.03259704297377415
NSFC,51708471,K05,K05.1,1160,-0.02378435327137439,0.14160451409550717
NSFC,51708473,K05,K05.1,6793,-0.16168755710582744,0.017557959622723728
NSFC,51708491,K02,K02.1,1259,0.12950216851839452,-0.09109110452186814
NSFC,51708515,K04,K04.1|K04.3,3236,-0.38203772461246477,-0.476844415533767
NSFC,51708527,K02,K02.1,2311,0.05948981414764819,-0.22075596619620239
NSFC,51708554,K04,K04.3,2698,-0.2567467785442793,-0.11757726862056642
NSFC,51708567,K01,K01.1,7736,-0.09504803002421103,0.2564435081004993
NSFC,51709008,K03,K03.3,1525,-0.16593237050195636,0.04730260336136542
NSFC,51709009,K03,K03.1|K03.3,1200,-0.042416245397386004,0.26222680793158304
NSFC,51709022,K02,K02.1,4571,0.4161658325943717,-0.05490815789447907
NSFC,51709044,K02,K02.1,3946,0.1480960628968886,-0.24205338775261884
NSFC,51709074,K02,K02.1|K02.2,3857,0.16795815794908664,0.036698009335911816
NSFC,51709090,K03,K03.3,2325,-0.23077246465662488,0.019031420790786596
NSFC,51709105,K03,K03.3,6393,-0.1918902664309356,0.04926561668999571
NSFC,51709109,K04,K04.1|K04.3,6387,-0.22181022374545034,-0.10269636151019639
NSFC,51709117,K02,K02.1,1262,0.1578726166417624,-0.04180634711866993
NSFC,51709151,K02,K02.1,679,0.33661076417423197,-0.023221907982755086
NSFC,51709168,K03,K03.3,1182,-0.043501053356115316,0.1557642710350331
NSFC,51709178,K01,K01.1|K01.2,1255,-0.19042977110014955,0.3282732573233972
NSFC,51709179,K01,K01.1|K01.2,3934,-0.24400023120251768,0.270579881622936
NSFC,51709218,K02,K02.1,998,0.27658140909067774,-0.011588333429019826
NSFC,51709239,K05,K05.2,1569,-0.11070478794577143,0.06804339961360947
NSFC,51709270,K02,K02.1|K02.2,4253,0.1193838801441383,-0.15140016974589904
NSFC,51709286,K01,K01.1|K01.2,1218,-0.1693476337429577,0.3524367968179115
NSFC,51737001,K04,K04.1|K04.3,2372,-0.38229237166868985,-0.1877746573839101
NSFC,51738001,K03,K03.3,2329,-0.181358056523454,0.03897057944093067
NSFC,51738002,K02,K02.1,1759,0.13534990343810543,-0.07319199571261825
NSFC,51738005,K02,K02.1,3216,0.10253472838946308,-0.5160210180221485
NSFC,51738010,K02,K02.1,2343,0.15466665834360915,-0.062159565139732476
NSFC,51739009,K03,K03.3,2030,-0.17185145919010728,0.2165958076420346
NSFC,51739011,K03,K03.1,1595,-0.16980464174926363,0.23421405334316475
NSFC,51764019,K02,K02.1,7406,0.146506823793828,-0.27183202692629804
NSFC,51765006,K04,K04.1|K04.3,7000,-0.3143994251497965,-0.18130152862675822
NSFC,51765010,K04,K04.1|K04.3,7155,-0.339203605643602,-0.10716962909033802
NSFC,51767003,K04,K04.3,6440,-0.3154613885673926,-0.16713961199384095
NSFC,51767005,K04,K04.1|K04.3,6572,-0.4070790120157633,-0.2417580640456107
NSFC,51768001,K01,K01.1|K01.2,1135,-0.11866623825654121,0.2704229102784611
NSFC,51768029,K02,K02.1,5282,0.21566564631785157,-0.1560340301376704
NSFC,51768071,K01,K01.1|K01.2,2860,-0.11860583231512277,0.2149528364613122
NSFC,51769013,K02,K02.1,1181,0.3016467115814222,-0.02330249613478763
NSFC,51769021,K01,K01.1|K01.2,4051,-0.18789979038415558,0.16338063639106035
NSFC,51769023,K01,K01.1,3545,-0.18631028046244139,0.10519813775227446
NSFC,51769027,K01,K01.1,1920,0.0034266934838249052,0.48189569175659286
NSFC,51769029,K03,K03.3,1291,-0.16138943063223424,0.1519480223906253
NSFC,51774089,K04,K04.1|K04.3,3240,-0.33890216520888694,-0.4350756499782735
NSFC,51774135,K03,K03.3,1565,-0.20982570366682401,0.1783704991730384
NSFC,51775162,K04,K04.1|K04.3,7206,-0.3281190065169088,-0.21936081850277836
NSFC,51775178,K03,K03.3,5959,-0.21466394066136707,0.05680632877353718
NSFC,51775247,K04,K04.1|K04.3,5965,-0.36264698862522954,-0.1661634665436226
NSFC,51775466,K04,K04.3,5985,-0.2697596098718368,-0.09859501720976538
NSFC,51776133,K04,K04.1|K04.2|K04.3,7123,-0.35996464608123546,-0.22986017785587687
NSFC,51776205,K01,K01.1,7208,-0.2503615161537613,0.07320927019327032
NSFC,51777037,K03,K03.3,2464,-0.23206927139861444,0.20894913971582763
NSFC,51777105,K05,K05.1|K05.2,6484,-0.21557129155111363,-0.06140033138980956
NSFC,51777116,K04,K04.1,6429,-0.36800831677220414,-0.2102377760463913
NSFC,51777133,K05,K05.1,6482,-0.1877724797193273,-0.038612975685536496
NSFC,51777185,K04,K04.1|K04.3,2727,-0.34739381574059713,-0.18776632978114938
NSFC,51778001,K04,K04.1|K04.3,2759,-0.2598495492036181,-0.11696178228038714
NSFC,51778005,K05,K05.1|K05.2,5538,-0.07131285087349375,0.08349982394397233
NSFC,51778025,K02,K02.1,2348,0.1588610382745912,-0.16367638224639702
NSFC,51778029,K03,K03.3,2336,-0.13924490558855085,0.04829783865482545
NSFC,51778039,K05,K05.1,5884,-0.11382495823484017,0.08766829075893781
NSFC,51778076,K04,K04.1|K04.3,5482,-0.24332496934509767,-0.10636723262123746
NSFC,51778077,K05,K05.1,30,0.0654741184085423,0.19915580963280236
NSFC,51778078,K05,K05.1,5553,-0.11700643067288906,0.05930617386758696
NSFC,51778079,K05,K05.1,8011,-0.08381744744346228,0.07226589426891386
NSFC,51778109,K02,K02.1,2311,0.05948981414764819,-0.22075596619620239
NSFC,51778121,K02,K02.1,5478,0.22773530789556745,-0.1536356312816674
NSFC,51778124,K04,K04.1|K04.3,5452,-0.3445791475000732,-0.197685506622036
NSFC,51778125,K05,K05.1|K05.3,8184,-0.08269297367531164,0.08661365625276085
NSFC,51778160,K03,K03.3,1402,-0.19450291312086593,0.11564104161757642
NSFC,51778169,K04,K04.1,7748,-0.244763871374089,-0.09610373583286462
NSFC,51778178,K04,K04.1|K04.3,4098,-0.343705122034889,-0.2204150658957389
NSFC,51778198,K03,K03.3,1401,-0.23138486655601237,0.05273851490652277
NSFC,51778230,K02,K02.1,3219,0.13169859612413992,-0.48297106096561127
NSFC,51778233,K05,K05.1,8011,-0.08381744744346228,0.07226589426891386
NSFC,51778235,K04,K04.1|K04.3,6597,-0.3978941627839879,-0.26263554025420244
NSFC,51778236,K05,K05.1|K05.2,182,-0.03221664376020905,0.11498884261945055
NSFC,51778237,K02,K02.1,72,0.19216689112296215,-0.21266734132027934
NSFC,51778249,K02,K02.1,1388,0.15078753082531215,-0.07384337611781364
NSFC,51778251,K04,K04.1|K04.3,2924,-0.23960504223527285,-0.10456909049197793
NSFC,51778253,K05,K05.1,1981,-0.08482911295849657,0.13124713549843003
NSFC,51778254,K05,K05.1,3064,-0.013801599432442954,0.1287128551659142
NSFC,51778261,K04,K04.1|K04.3,1851,-0.3680189063579854,-0.07140662623070096
NSFC,51778262,K03,K03.3,2368,-0.21059916769389453,0.11289540872108049
NSFC,51778263,K05,K05.1|K05.2,8128,-0.005561525190912436,0.1500207553292191
NSFC,51778266,K04,K04.1,5479,-0.1964453983767861,-0.06575593056830703
NSFC,51778277,K05,K05.1,5792,-0.14269286606681109,0.027503779383528434
NSFC,51778278,K05,K05.1,1300,-0.11030502858525526,0.20741036814324237
NSFC,51778319,K05,K05.1|K05.3,7963,-0.11214992037019127,0.04510929692313564
NSFC,51778325,K02,K02.1,3219,0.13169859612413992,-0.48297106096561127
NSFC,51778326,K04,K04.1|K04.3,3236,-0.38203772461246477,-0.476844415533767
NSFC,51778327,K04,K04.1|K04.3,1902,-0.3754659588433857,-0.2293833464566554
NSFC,51778340,K04,K04.2|K04.3,5584,-0.29717355522900624,-0.08018425843567513
NSFC,51778341,K04,K04.1,1790,-0.35416085070382564,-0.10129385685826701
NSFC,51778349,K04,K04.1|K04.3,5330,-0.303088729453689,-0.17642166218277294
NSFC,51778364,K04,K04.1|K04.2,98,0.03627117695949393,0.19957185386807114
NSFC,51778366,K02,K02.1,5615,0.2162745610769184,-0.14270703372414195
NSFC,51778375,K05,K05.1,8120,-0.1089532834337665,0.06324758715327078
NSFC,51778384,K02,K02.1,8117,0.20252360417974247,-0.14905640712872423
NSFC,51778387,K02,K02.1,5557,0.2267814660291672,-0.14391913863261022
NSFC,51778388,K04,K04.1,7740,-0.2000931353993452,-0.06949086150537027
NSFC,51778389,K02,K02.1,5297,0.3387511601587681,-0.05224926303754482
NSFC,51778408,K02,K02.1,3713,0.09449363742696852,-0.5080069185678439
NSFC,51778419,K04,K04.1,5467,-0.23449003499244653,-0.07766482176018435
NSFC,51778420,K05,K05.1|K05.3,7978,-0.12631677517351642,0.028460156892631067
NSFC,51778427,K02,K02.1,8074,0.2400725990398883,-0.10987008825987812
NSFC,51778431,K05,K05.1,5785,-0.12330098823886793,0.05752755908047819
NSFC,51778432,K01,K01.1|K01.2,5877,-0.11023691105338404,0.28087995593112824
NSFC,51778433,K02,K02.1,6038,0.19700970759161457,-0.18802726881086598
NSFC,51778434,K05,K05.1,5558,-0.08793145683395798,0.0779998277853475
NSFC,51778435,K02,K02.1,4897,0.5009526919812634,-0.033044042620075625
NSFC,51778437,K02,K02.1,1750,0.17332993993992563,-0.15440806950135044
NSFC,51778447,K02,K02.1,3216,0.10253472838946308,-0.5160210180221485
NSFC,51778452,K02,K02.1,1265,0.13362706742191138,0.020249664098793127
NSFC,51778453,K02,K02.1,3177,0.13293236161248223,-0.45268044056044077
NSFC,51778503,K05,K05.1,6089,-0.06648450994962574,0.0961240892107737
NSFC,51778504,K02,K02.1,2752,0.22017280497038877,-0.16353109345772399
NSFC,51778510,K03,K03.1|K03.2,7927,-0.0683147493349729,0.1049499416287532
NSFC,51778511,K02,K02.1,2755,0.21075121212940873,-0.16485719326772488
NSFC,51778517,K01,K01.1,7961,-0.10500450429250845,0.26174997326864297
NSFC,51778518,K05,K05.1,8009,-0.037402894146072674,0.11992636379321603
NSFC,51778519,K05,K05.1|K05.2,6908,-0.10498985457365406,0.060183268104041766
NSFC,51778520,K04,K04.1|K04.3,7651,-0.345043887132469,-0.20399580962087868
NSFC,51778523,K02,K02.1,2604,0.15864285582311655,-0.2538666752785007
NSFC,51778526,K04,K04.1,5492,-0.2352909414379874,-0.08803094359267578
NSFC,51778529,K04,K04.1|K04.3,6863,-0.3120422074115726,-0.1342201315292544
NSFC,51778530,K05,K05.1,8033,-0.04371771711809075,0.11642278129383504
NSFC,51778549,K04,K04.1,6848,-0.2795848383935796,-0.10142541474909986
NSFC,51778552,K05,K05.1,6040,-0.057278232424163966,0.0849316238602002
NSFC,51778555,K02,K02.1,139,0.33153072351945145,-0.06204870514974786
NSFC,51778559,K05,K05.1,8009,-0.037402894146072674,0.11992636379321603
NSFC,51778560,K05,K05.1|K05.2|K05.3,8187,-0.07472606637421536,0.07616520344652977
NSFC,51778596,K01,K01.1|K01.2,2894,-0.12086574453675623,0.2217510034150334
NSFC,51778601,K05,K05.1,6902,-0.0618250736806357,0.08807240278715077
NSFC,51778614,K05,K05.1,4973,-0.010634733853070344,0.12115578709781641
NSFC,51778630,K04,K04.1,2317,-0.364047002872365,-0.13191632620134638
NSFC,51778643,K02,K02.1,3214,0.08856303672056202,-0.5247398265211047
NSFC,51779006,K02,K02.1,3888,0.3918078899820323,-0.04356484674870072
NSFC,51779008,K05,K05.1,343,-0.05208148009068482,0.13759877198766268
NSFC,51779009,K03,K03.2,733,-0.006399538548863756,0.21173243429227592
NSFC,51779047,K02,K02.1,7493,0.1685138810460705,-0.1218292980809545
NSFC,51779048,K03,K03.1,4834,0.17312803737162163,0.18879626236625677
NSFC,51779070,K02,K02.1|K02.2,1917,0.1785174607677893,-0.04334140138970219
NSFC,51779073,K04,K04.1|K04.2,4173,-0.08617922122134465,0.03135057098397054
NSFC,51779093,K03,K03.1|K03.2,683,-0.02176902034444214,0.25060565470898843
NSFC,51779114,K03,K03.3,1961,0.03576509272128302,0.23238911840905285
NSFC,51779119,K02,K02.1,4101,0.10920962092149515,-0.2535066501178862
NSFC,51779124,K03,K03.3,8147,-0.17134721190479119,0.1839868756323554
NSFC,51779127,K02,K02.1,4387,0.5618455273298866,0.06116723091083612
NSFC,51779132,K03,K03.1|K03.2,3863,-0.02572255546421344,0.07078179464784148
NSFC,51779145,K04,K04.1|K04.3,2172,-0.3354483600487984,0.025409729790403485
NSFC,51779165,K04,K04.1|K04.2,1294,-0.22064731456959644,0.07630096263558117
NSFC,51779189,K03,K03.3,1428,-0.15581438725286517,0.12850987209094933
NSFC,51779196,K04,K04.1|K04.3,2265,-0.2313555537058039,-0.09526807687589381
NSFC,51779210,K02,K02.1,5127,0.29973216264857266,-0.17943934486104748
NSFC,51779229,K02,K02.1,1593,0.13015109117527462,0.02011552381624658
NSFC,51779253,K04,K04.1|K04.3,2323,-0.35045346867011135,-0.13291255599740517
NSFC,51779270,K03,K03.1|K03.3,695,-0.054634867070578755,0.0635544181848843
NSFC,51779279,K03,K03.3,1289,-0.17791689415161555,0.24385660326260475
NSFC,51802106,K04,K04.3,7372,-0.2772590210395883,-0.2767253598093432
NSFC,51803027,K04,K04.3,3357,-0.30347273805512137,-0.3776605751002332
NSFC,51804018,K02,K02.1,1839,0.09967849777492711,-0.02483527200329544
NSFC,51804024,K02,K02.1,7339,0.10855569317951737,-0.40536581399916627
NSFC,51805213,K04,K04.1|K04.3,7154,-0.3709093319783161,-0.08812318897022259
NSFC,51806217,K02,K02.1,6602,0.2182202399649919,-0.18850397081900735
NSFC,51806226,K02,K02.1,7406,0.146506823793828,-0.27183202692629804
NSFC,51807004,K04,K04.1|K04.3,2581,-0.3779488719514831,-0.19721514501633106
NSFC,51807009,K01,K01.2,6454,-0.22802083165360026,0.13097898112650166
NSFC,51807066,K04,K04.1|K04.3,6692,-0.35692414449502174,-0.21664087138374902
NSFC,51807067,K04,K04.1,6641,-0.3381750806722538,-0.1625173264930619
NSFC,51807071,K04,K04.1|K04.3,6466,-0.38267085440439164,-0.18710420436149838
NSFC,51807102,K04,K04.3,6494,-0.3756727653814569,-0.2385000211636971
NSFC,51807115,K05,K05.1,6406,-0.24500121039161116,-0.09585744102133029
NSFC,51807117,K04,K04.1|K04.3,6466,-0.38267085440439164,-0.18710420436149838
NSFC,51807120,K04,K04.1|K04.3,6539,-0.39567078726920807,-0.2009113772477932
NSFC,51807127,K04,K04.1|K04.3,6433,-0.39928328019718107,-0.23072449651307772
NSFC,51807129,K03,K03.3,2714,-0.2144077445573387,-0.03264942995186394
NSFC,51807168,K04,K04.1|K04.3,6463,-0.38493566861966344,-0.10195886488947159
NSFC,51808005,K05,K05.1,3514,0.018116474065214133,0.07433016146723177
NSFC,51808009,K02,K02.1,2755,0.21075121212940873,-0.16485719326772488
NSFC,51808012,K02,K02.1,3712,0.08052194575806744,-0.5167257270668001
NSFC,51808024,K01,K01.1|K01.2,928,-0.0032280721169365145,0.4125362529484611
NSFC,51808030,K02,K02.1,7560,0.19479138594364287,-0.19763912314567425
NSFC,51808039,K04,K04.1|K04.3,3721,-0.37610712390605827,-0.46011150758050623
NSFC,51808050,K01,K01.1|K01.2,1533,-0.1755571309526684,0.38951060033713225
NSFC,51808059,K01,K01.1,2918,-0.057243611388192894,0.284556404290341
NSFC,51808063,K04,K04.1|K04.3,2055,-0.39834792302290506,-0.15895261738947744
NSFC,51808065,K04,K04.1|K04.3,531,-0.10908473271150701,-0.0151768684837163
NSFC,51808067,K04,K04.1|K04.3,3328,-0.12667429949054004,-0.276075190677453
NSFC,51808075,K04,K04.1|K04.3,2279,-0.3434770072655558,-0.053194199037061934
NSFC,51808090,K02,K02.1,7479,0.20598521404189063,-0.17391709829812127
NSFC,51808107,K02,K02.1,3091,0.16298878936799072,-0.18749683414253204
NSFC,51808123,K04,K04.1,5463,-0.20130789642961927,-0.07267502182709294
NSFC,51808137,K04,K04.3,1042,-0.15253336686743055,-0.06274223488408448
NSFC,51808139,K02,K02.1,6804,0.17696249793689678,-0.1734309718346164
NSFC,51808155,K04,K04.1|K04.3,1413,-0.3535597128803658,-0.06007048655889749
NSFC,51808187,K04,K04.1|K04.3,5891,-0.2710554014988052,-0.11852090722059364
NSFC,51808198,K02,K02.1,4710,0.38975260242666954,-0.03885725502585621
NSFC,51808200,K02,K02.1,3219,0.13169859612413992,-0.48297106096561127
NSFC,51808222,K04,K04.1|K04.2|K04.3,4249,-0.28563225386926894,-0.19620969634604105
NSFC,51808237,K04,K04.1,7654,-0.2548103282027733,-0.10425196291868521
NSFC,51808245,K05,K05.1,3668,-0.11731445312669636,0.013605099937282553
NSFC,51808256,K02,K02.1,3216,0.10253472838946308,-0.5160210180221485
NSFC,51808281,K04,K04.1|K04.3,3240,-0.33890216520888694,-0.4350756499782735
NSFC,51808295,K02,K02.1,7717,0.2627016863131475,-0.12346166802068881
NSFC,51808305,K02,K02.1,5455,0.18224208174414908,-0.17094910115200898
NSFC,51808312,K04,K04.1|K04.3,3464,-0.3721093785412236,-0.44977330753189215
NSFC,51808314,K01,K01.1|K01.2,3369,-0.2286386865148875,0.16468068822278822
NSFC,51808318,K05,K05.1,8008,-0.09992377915840285,0.03981276925248635
NSFC,51808320,K03,K03.1|K03.2,5033,0.03060305540140383,0.1665281508644837
NSFC,51808330,K03,K03.1|K03.2,7799,-0.02472242771283538,0.11877366133117491
NSFC,51808361,K02,K02.1,7339,0.10855569317951737,-0.40536581399916627
NSFC,51808365,K05,K05.1,5483,-0.08420109562557977,0.05804135067341974
NSFC,51808366,K05,K05.1|K05.2,8070,-0.08935680945662712,0.057386303221991994
NSFC,51808377,K01,K01.1,8040,-0.10307970940195826,0.2720913999407324
NSFC,51808384,K05,K05.1,7761,-0.05630532046512874,0.09633350818560162
NSFC,51808385,K04,K04.3,270,-0.10973028965291445,0.12205700520684246
NSFC,51808392,K05,K05.1,5864,-0.09187833597626367,0.07728748015855207
NSFC,51808393,K05,K05.1|K05.3,1143,0.04578644379176948,0.15128180262152616
NSFC,51808409,K01,K01.1|K01.2,1311,-0.06573212566747764,0.4196800541367639
NSFC,51808410,K02,K02.1,163,0.3287699661922658,-0.06355559855011335
NSFC,51808413,K05,K05.1,8340,-0.060000344751807516,0.07696664893893096
NSFC,51808422,K03,K03.1|K03.3,1694,-0.2041367648571109,0.05429758634775625
NSFC,51808425,K05,K05.1,3380,-0.1353863843911709,-0.09436099553173552
NSFC,51808433,K04,K04.1|K04.3,3719,-0.3900788155749593,-0.46883031607946235
NSFC,51808451,K02,K02.1,5520,0.20659694716683208,-0.16834886696036402
NSFC,51808452,K02,K02.1,5533,0.20171819893691323,-0.17525176424842817
NSFC,51808463,K02,K02.1,7742,0.2843715832846251,-0.10918787986181991
NSFC,51808476,K03,K03.3,2316,-0.23808245575697767,0.011569781466565413
NSFC,51808486,K04,K04.1|K04.3,6867,-0.2879602568385925,-0.1295008132832452
NSFC,51808495,K01,K01.2,6077,-0.08265206415823212,0.1668772566709785
NSFC,51808498,K02,K02.1,3219,0.13169859612413992,-0.48297106096561127
NSFC,51808520,K03,K03.3,7498,-0.09432114882691323,0.014031638762550307
NSFC,51808524,K04,K04.1|K04.3,3237,-0.3680660329435637,-0.46812560703481076
NSFC,51808533,K04,K04.1|K04.2|K04.3,3421,-0.34060145127491204,-0.33903242378958287
NSFC,51808536,K02,K02.1,7431,0.1341426038172951,-0.3107544263414882
NSFC,51808543,K05,K05.1|K05.3,5344,0.01193772990371722,0.043067176394993856
NSFC,51808548,K02,K02.1,1534,0.20424715334355725,-0.10963881833306674
NSFC,51808549,K02,K02.1|K02.2,2905,0.15191334365274722,-0.12793176612228851
NSFC,51809007,K03,K03.1|K03.2|K03.3,384,-0.15534397781672118,0.2818099690452599
NSFC,51809008,K02,K02.1|K02.2,4143,0.3118190484459621,-0.044985794392473195
NSFC,51809047,K04,K04.3,1828,-0.2844051986461323,0.022205278279696747
NSFC,51809049,K03,K03.1|K03.3,1281,-0.17705260648976473,0.25107132971054524
NSFC,51809073,K02,K02.1,3948,0.13570714365185899,-0.2718112497720069
NSFC,51809078,K04,K04.3,1893,-0.3218954523584546,-0.29547287928619415
NSFC,51809098,K05,K05.1,6407,-0.20186565098803333,-0.054088675465836886
NSFC,51809103,K02,K02.1,1258,0.11994940850455442,-0.09388130407336392
NSFC,51809143,K03,K03.2|K03.3,1285,-0.15093049849605106,0.19170926098342767
NSFC,51809145,K05,K05.1|K05.2,3618,0.01297979017724167,-0.06969960483625405
NSFC,51809172,K02,K02.1,2402,0.05741614609258659,-0.2612615196194952
NSFC,51809174,K03,K03.1|K03.3,1280,-0.15280705726991378,0.18901531849308217
NSFC,51809192,K02,K02.1,4103,0.11248121031241547,-0.26198493625396446
NSFC,51809207,K03,K03.3,5935,-0.21043680365478482,0.09177610453245137
NSFC,51809240,K02,K02.1,1831,0.1434134231641428,-0.053142486790473384
NSFC,51809242,K03,K03.2|K03.3,682,0.07742885575203838,0.3288575763181779
NSFC,51809252,K03,K03.2|K03.3,542,-0.04169037392815479,0.21557742482786543
NSFC,51809254,K02,K02.1,1054,0.3804268120001625,-0.03575552908284006
NSFC,51809283,K04,K04.1,3982,-0.28782967336815424,-0.18297160977715096
NSFC,51809295,K02,K02.1,1265,0.13362706742191138,0.020249664098793127
NSFC,51809297,K03,K03.3,2030,-0.17185145919010728,0.2165958076420346
NSFC,51834007,K02,K02.1,1563,0.10418495205192267,-0.052217033071194185
NSFC,51838002,K05,K05.3,7952,-0.08507736663643513,0.10502243771684791
NSFC,51838003,K05,K05.1,1910,-0.03187294089547192,0.11165033710835753
NSFC,51838007,K04,K04.1|K04.3,6925,-0.31337348677391286,-0.15181960255968122
NSFC,51838009,K02,K02.1,3216,0.10253472838946308,-0.5160210180221485
NSFC,51838013,K02,K02.1,3712,0.08052194575806744,-0.5167257270668001
NSFC,51865049,K04,K04.1|K04.3,6395,-0.3801109339251123,-0.15949586854301542
NSFC,51868011,K02,K02.1,7277,0.18435691955607475,-0.2175150935876639
NSFC,51868018,K04,K04.1,5480,-0.1962610250320841,-0.06542300361371924
NSFC,51868025,K02,K02.1,3216,0.10253472838946308,-0.5160210180221485
NSFC,51868058,K01,K01.1,7400,-0.2204035121875374,0.09055671212861371
NSFC,51868060,K05,K05.1,5536,-0.09692373063117234,0.08347911270383075
NSFC,51868064,K05,K05.2,8121,-0.09710828999748716,0.04255235230844586
NSFC,51869023,K02,K02.1,4532,0.4788858281782906,-0.03827394414572405
NSFC,51871129,K02,K02.1,3217,0.1394166818246096,-0.45311849131109483
NSFC,51875049,K04,K04.1|K04.3,5977,-0.3792826299208643,-0.10907937262239614
NSFC,51875149,K04,K04.1|K04.3,5638,-0.3794357228995797,-0.16618167356606506
NSFC,51875261,K04,K04.1|K04.3,6432,-0.4215392848421683,-0.2432457390265436
NSFC,51875314,K04,K04.1|K04.3,6619,-0.40882892731237236,-0.27104012908192154
NSFC,51876164,K02,K02.1,2999,0.11985832139206333,-0.27612529814346776
NSFC,51877181,K01,K01.1|K01.2,2489,-0.25052372445621907,0.2606323138661234
NSFC,51877185,K04,K04.1|K04.3,6462,-0.3921206558083547,-0.23358755289911168
NSFC,51877190,K04,K04.1|K04.3,6448,-0.3608211154533103,-0.2061208422157221
NSFC,51878024,K02,K02.1,3254,0.15212829667098604,-0.37497408708419666
NSFC,51878048,K02,K02.1,3713,0.09449363742696852,-0.5080069185678439
NSFC,51878050,K04,K04.1|K04.3,3410,-0.3768062702526278,-0.3662613243110756
NSFC,51878052,K05,K05.1|K05.2,5887,-0.10627746345739535,0.06504212091130673
NSFC,51878069,K04,K04.1|K04.3,2321,-0.39713925551647755,-0.1641417467099085
NSFC,51878070,K02,K02.1,1856,0.10535144557911365,-0.11736795557544363
NSFC,51878086,K04,K04.1,7835,-0.21597078323530056,-0.06856154590895083
NSFC,51878087,K02,K02.1,8050,0.2463874220119064,-0.10636650576049715
NSFC,51878094,K02,K02.1,3416,0.10650610592677547,-0.33601233107151507
NSFC,51878132,K02,K02.1,7339,0.10855569317951737,-0.40536581399916627
NSFC,51878138,K05,K05.1,8118,-0.07640416316339883,0.09660277572755453
NSFC,51878142,K01,K01.1|K01.2,7794,-0.09389441032982022,0.2684887065742224
NSFC,51878165,K04,K04.3,5948,-0.32565469451533285,-0.1666203340679641
NSFC,51878205,K05,K05.2,8061,-0.0996590254627128,0.03758178415237075
NSFC,51878208,K04,K04.1|K04.3,2923,-0.2070559219649052,-0.07121390191769417
NSFC,51878210,K02,K02.1|K02.2,7716,0.17047237653904196,-0.09432047558916475
NSFC,51878252,K02,K02.1,7989,0.27407399346743627,-0.09237763048877895
NSFC,51878258,K02,K02.1,7453,0.13239854366696402,-0.2975759801127247
NSFC,51878279,K05,K05.1,88,0.052463384452494946,0.16269429439830288
NSFC,51878284,K01,K01.1|K01.2,5546,-0.08053791890768723,0.2884207623887609
NSFC,51878285,K05,K05.1|K05.3,8188,-0.10720919684069932,0.05239105855710115
NSFC,51878286,K04,K04.1,42,-0.0370967900779226,0.07252107105434788
NSFC,51878288,K02,K02.1,38,0.3958616197830707,-0.014992469130507238
NSFC,51878306,K05,K05.1,8364,-0.06245253384190667,0.0896300465509014
NSFC,51878327,K05,K05.1|K05.2,8179,-0.09610714036192358,0.045918384357212905
NSFC,51878329,K05,K05.1,8214,-0.03599120453921297,0.1157749839614364
NSFC,51878330,K02,K02.1,8053,0.24027733299570248,-0.12483300367416617
NSFC,51878333,K02,K02.1,3800,0.1546773674714717,-0.35529809528492773
NSFC,51878336,K02,K02.1,3216,0.10253472838946308,-0.5160210180221485
NSFC,51878339,K05,K05.1,7929,-0.12541281682299613,0.04313424617148308
NSFC,51878362,K04,K04.1|K04.3,3236,-0.38203772461246477,-0.476844415533767
NSFC,51878368,K02,K02.1,4877,0.34753172052279035,-0.20331925791309
NSFC,51878373,K04,K04.1|K04.3,2164,-0.3202460267803809,-0.0011450019069807783
NSFC,51878392,K02,K02.1,5448,0.16187361459835148,-0.1878195245796952
NSFC,51878393,K02,K02.1,5818,0.22935101327941682,-0.11754108742237515
NSFC,51878394,K02,K02.1,3216,0.10253472838946308,-0.5160210180221485
NSFC,51878406,K02,K02.1,3819,0.1372907332446237,-0.42621482604315875
NSFC,51878409,K05,K05.1,5549,-0.037565071452731996,0.11509786352419073
NSFC,51878418,K05,K05.1,1555,-0.000823556826445096,0.19743556894366884
NSFC,51878420,K02,K02.1,2356,0.07156710739136364,-0.2463229585127991
NSFC,51878421,K03,K03.2,2384,-0.21439511213763807,-0.08844449374090692
NSFC,51878428,K01,K01.1,7728,-0.10546168543807354,0.26208914003550954
NSFC,51878429,K02,K02.1,5484,0.30968538407229745,-0.08264571388879281
NSFC,51878441,K05,K05.3,6910,-0.06970246890956852,0.07834445065008899
NSFC,51878452,K01,K01.1,5465,-0.1456071017557698,0.22285597449031416
NSFC,51878453,K05,K05.1,5468,-0.12243010558594224,0.04579953252695462
NSFC,51878455,K05,K05.1|K05.3,5554,-0.10447758202444861,0.05342933496198221
NSFC,51878456,K05,K05.1,5519,-0.09595747229262634,0.07326977722537838
NSFC,51878457,K02,K02.1,8224,0.24785213873155726,-0.11305738202545287
NSFC,51878458,K05,K05.1,6033,-0.144147659931401,0.027784682598715214
NSFC,51878461,K01,K01.1|K01.2,5559,-0.1380385018236571,0.2463801936534219
NSFC,51878470,K02,K02.1,3738,0.12744419188157607,-0.3404219942053023
NSFC,51878502,K04,K04.1|K04.3,1413,-0.3535597128803658,-0.06007048655889749
NSFC,51878509,K04,K04.1|K04.3,2449,-0.4048028106163373,-0.04561053749190102
NSFC,51878510,K01,K01.1|K01.2,2444,-0.25275074608040976,0.2867115419180051
NSFC,51878531,K04,K04.1|K04.3,5012,-0.025843356299973988,-0.02733610337828969
NSFC,51878536,K04,K04.1|K04.3,6875,-0.37106511811655857,-0.21455463429283725
NSFC,51878537,K02,K02.1,3218,0.15292632459427763,-0.44917255326364214
NSFC,51878538,K02,K02.1,3216,0.10253472838946308,-0.5160210180221485
NSFC,51878558,K05,K05.1,8009,-0.037402894146072674,0.11992636379321603
NSFC,51878591,K05,K05.1,5450,-0.10638573530928994,0.04549416416797781
NSFC,51878593,K05,K05.1|K05.3,5358,-0.04348029505409237,0.09837159432951481
NSFC,51878613,K05,K05.1,6813,-0.04941131051122182,0.09940232244505369
NSFC,51878629,K04,K04.1|K04.3,1794,-0.3503711499127918,-0.07061675065577548
NSFC,51878635,K04,K04.1|K04.3,7278,-0.3550868866450758,-0.37619430750815497
NSFC,51878638,K02,K02.1,3219,0.13169859612413992,-0.48297106096561127
NSFC,51878652,K04,K04.1|K04.3,3379,-0.3301149023292531,-0.33459181996194265
NSFC,51878653,K04,K04.1|K04.2,3231,-0.2894948455915638,-0.4018596463153501
NSFC,51878660,K05,K05.1,7928,-0.07918263687030856,0.09046178874119744
NSFC,51879006,K02,K02.1,4132,0.4443060936806267,-0.07867757886172377
NSFC,51879007,K03,K03.1|K03.2|K03.3,3970,-0.16148896277136107,-0.0025928847620324443
NSFC,51879008,K02,K02.1,1546,0.16536435162903157,-0.0423371081232042
NSFC,51879010,K03,K03.3,4219,-0.17654313782004524,-0.024900821544812768
NSFC,51879068,K01,K01.1,1934,-0.24523996485562655,0.3481508505335602
NSFC,51879069,K02,K02.1,1257,0.09386992912715587,-0.13836010726451792
NSFC,51879073,K04,K04.1|K04.3,4086,-0.31726184886065634,-0.15835231180942322
NSFC,51879077,K02,K02.1,3612,0.34819587277804614,-0.2858055030295228
NSFC,51879079,K02,K02.1,3299,0.2374648877355251,-0.3699927968068203
NSFC,51879106,K02,K02.1,4659,0.52526256892215,-0.04916239119378689
NSFC,51879107,K04,K04.1|K04.2|K04.3,1296,-0.23507984074704874,0.07893141268807541
NSFC,51879108,K03,K03.3,1288,-0.14608283575400632,0.18315976644657625
NSFC,51879133,K02,K02.1,2270,0.08747221002825233,-0.16592621837804836
NSFC,51879162,K02,K02.1|K02.2,1274,0.14057000601590114,0.05872336520234564
NSFC,51879164,K02,K02.1|K02.2,4043,0.23065514484951027,-0.05874132404285454
NSFC,51879203,K03,K03.3,1517,-0.14275899194889988,0.11780573291457584
NSFC,51879213,K04,K04.1|K04.3,3991,-0.3348936176811678,-0.22391583878466917
NSFC,51879214,K04,K04.1|K04.3,457,-0.3101946639666429,-0.01581512179062769
NSFC,51879215,K03,K03.1|K03.3,3515,-0.12074371306945705,0.0020279629172975794
NSFC,51879239,K02,K02.1,3388,0.2754160183498357,-0.23645900973395215
NSFC,51879272,K01,K01.1,2424,-0.23099468816120494,0.17437245646643101
NSFC,51879274,K02,K02.1,1265,0.13362706742191138,0.020249664098793127
NSFC,51879276,K02,K02.1,1053,0.3638993484807811,0.056153051789139374
NSFC,51879285,K03,K03.1|K03.3,449,-0.17059922105830297,0.15105387414708787
NSFC,51879288,K02,K02.1,687,0.11744293992628436,-0.14243680779326162
NSFC,51904284,K03,K03.3,1524,-0.18589056478551597,0.0037908262218279143
NSFC,51905392,K04,K04.1|K04.3,7154,-0.3709093319783161,-0.08812318897022259
NSFC,51905469,K04,K04.1,6664,-0.3658827191702432,-0.23189763184166842
NSFC,51905481,K04,K04.3,2878,-0.26357512502006136,-0.1649178205288137
NSFC,51906081,K02,K02.1,7338,0.09458400151061629,-0.4140846224981224
NSFC,51906175,K02,K02.1,2798,0.16050501575742232,-0.2451889886978518
NSFC,51906264,K02,K02.1,3018,0.14103692927530204,-0.277304054776757
NSFC,51907025,K04,K04.1|K04.3,6477,-0.354355973914146,-0.20028352024466733
NSFC,51907045,K04,K04.1|K04.3,6436,-0.39165076801235366,-0.1959798480173401
NSFC,51907092,K04,K04.1,6480,-0.2938369141580731,-0.1324484181631096
NSFC,51907097,K03,K03.3,2486,-0.21934771136793618,0.07872383256020374
NSFC,51907106,K04,K04.1|K04.3,6435,-0.4034385982359536,-0.08034342527028429
NSFC,51907138,K04,K04.1|K04.3,6424,-0.36380553409351385,-0.18536757406199797
NSFC,51907140,K04,K04.1|K04.3,6583,-0.3629536903845315,-0.20409104540626802
NSFC,51907143,K01,K01.1,6636,-0.2838292267367707,0.07950891543817318
NSFC,51907151,K03,K03.2,6506,-0.24862515146194775,0.08366822708618098
NSFC,51907166,K01,K01.2,2310,-0.21651196784234183,0.10851620644372542
NSFC,51908002,K01,K01.1|K01.2,2747,-0.12983308991203352,0.2350749808288587
NSFC,51908004,K05,K05.1,5285,-0.00754713760353809,0.1338340782455723
NSFC,51908019,K04,K04.1|K04.3,5380,-0.30333046798838365,-0.1317800112854633
NSFC,51908028,K01,K01.1|K01.2,8186,-0.1670943886226578,0.30314916607264675
NSFC,51908034,K04,K04.1,5458,-0.2178566739552244,-0.07835008219263939
NSFC,51908036,K04,K04.3,164,-0.08034796199714286,0.03368481900070477
NSFC,51908039,K05,K05.1,2760,-0.06817655521373253,0.08080198958855384
NSFC,51908054,K04,K04.1|K04.3,5944,-0.37268020622561715,-0.16241061303492596
NSFC,51908060,K04,K04.1|K04.3,5954,-0.3497566397020055,-0.1487941052454834
NSFC,51908063,K04,K04.2|K04.3,146,-0.1061629059097767,0.00013986430551795118
NSFC,51908078,K05,K05.1,1950,-0.014956711020899127,0.13200121309233376
NSFC,51908102,K02,K02.1,7589,0.22622972101023586,-0.16152440650971203
NSFC,51908109,K02,K02.1|K02.2,3630,0.2418064688185153,-0.1871603300893219
NSFC,51908113,K01,K01.1,8110,-0.08571572630620447,0.28796449864093243
NSFC,51908114,K02,K02.1|K02.2,8220,0.1809557002686768,-0.06462258971453275
NSFC,51908115,K05,K05.1,6032,-0.1523068886959133,0.037805461627522643
NSFC,51908135,K02,K02.1,6025,0.2048141890776738,-0.16559177805879813
NSFC,51908145,K02,K02.1,3293,0.24518297343599477,-0.34014022715230396
NSFC,51908199,K02,K02.1,3416,0.10650610592677547,-0.33601233107151507
NSFC,51908202,K01,K01.1,319,-0.06463971735438073,0.31637366519196364
NSFC,51908203,K02,K02.1,7696,0.16607504454333388,-0.19255982486690018
NSFC,51908204,K04,K04.2|K04.3,6856,-0.28239275601882785,-0.1406860212934947
NSFC,51908205,K04,K04.1,1791,-0.3673098931143846,-0.1262262817941052
NSFC,51908221,K01,K01.2,8132,-0.07651400688845392,0.18260388698063137
NSFC,51908238,K02,K02.1,2313,0.11034345925169574,-0.1491346309861926
NSFC,51908249,K01,K01.1|K01.2,441,-0.18201580206377926,0.4113136117198256
NSFC,51908269,K04,K04.1|K04.3,3237,-0.3680660329435637,-0.46812560703481076
NSFC,51908279,K04,K04.3,6881,-0.26484952173741255,-0.09725080861442166
NSFC,51908289,K02,K02.1,7800,0.2542357342630384,-0.13315459684804715
NSFC,51908299,K04,K04.1|K04.3,6832,-0.3805057456550848,-0.22232423261506776
NSFC,51908303,K04,K04.1|K04.3,3239,-0.3586162315396007,-0.4216422584971975
NSFC,51908310,K02,K02.1,7715,0.2638684549232405,-0.12326020818476566
NSFC,51908311,K03,K03.2,6845,-0.1329849079853259,0.014869513184360084
NSFC,51908316,K04,K04.1|K04.3,3237,-0.3680660329435637,-0.46812560703481076
NSFC,51908332,K01,K01.1|K01.2,3529,0.043392226631878125,0.2534761247021866
NSFC,51908346,K02,K02.1,8050,0.2463874220119064,-0.10636650576049715
NSFC,51908350,K01,K01.1|K01.2,8365,-0.06885817716591167,0.2887034240837837
NSFC,51908362,K05,K05.1|K05.3,1219,-0.09406663277644416,0.20568755068898487
NSFC,51908363,K04,K04.1,5467,-0.23449003499244653,-0.07766482176018435
NSFC,51908376,K01,K01.1,6029,-0.13956494960181232,0.22579665242166005
NSFC,51908407,K01,K01.1,2541,-0.27241014226400967,0.16615927128907146
NSFC,51908410,K04,K04.1|K04.3,8006,-0.24294132116298017,-0.09214268902574338
NSFC,51908411,K05,K05.1,5826,-0.09976816116774956,0.0731740040098693
NSFC,51908413,K01,K01.1,8111,-0.13213027960359408,0.24030402911663026
NSFC,51908435,K05,K05.1|K05.3,5460,-0.10524868551665616,0.04410853667258207
NSFC,51908443,K02,K02.1,155,0.2387369796298583,-0.1534701560266865
NSFC,51908452,K04,K04.1,3043,-0.30400320195228964,0.006936847214487264
NSFC,51908462,K02,K02.1|K02.2,6959,0.11528216279488505,-0.15586972964213877
NSFC,51908463,K04,K04.1|K04.3,6792,-0.3208114308253453,-0.14685062367193352
NSFC,51908467,K03,K03.3,3762,-0.1630643711657897,-0.20358352978404357
NSFC,51908469,K05,K05.1,4911,0.05922544243777127,0.1844887115533572
NSFC,51908475,K05,K05.1,1815,-0.09828572565946103,0.15200079740527875
NSFC,51908483,K02,K02.1,8170,0.19517327120464134,-0.1626180341782577
NSFC,51908488,K05,K05.1,7823,-0.04795893092637234,0.1532184268551971
NSFC,51908489,K02,K02.1,2733,0.37480983063300854,-0.018467709756734382
NSFC,51908490,K05,K05.1,7029,-0.10594440150788764,0.07046897805199977
NSFC,51908504,K04,K04.1|K04.3,1415,-0.32910667150748596,-0.07022441992614772
NSFC,51908519,K04,K04.1|K04.3,2553,-0.36424964290452266,-0.12344896775522596
NSFC,51908523,K03,K03.1|K03.3,1511,-0.21318890417333303,0.24778078037360954
NSFC,51908530,K02,K02.1,3216,0.10253472838946308,-0.5160210180221485
NSFC,51908531,K04,K04.1,3229,-0.32100208863055013,-0.4271813780272925
NSFC,51908540,K02,K02.1,3219,0.13169859612413992,-0.48297106096561127
NSFC,51908544,K02,K02.1,20,0.33053645272466164,-0.060808654173494806
NSFC,51908566,K02,K02.1,2955,0.1175720565998004,-0.45427245340306277
NSFC,51909006,K02,K02.1,4660,0.48296415067583554,-0.07915502324032038
NSFC,51909013,K03,K03.3,1338,-0.15043173850600444,0.17600468724361895
NSFC,51909017,K01,K01.1|K01.2,5996,-0.2140217330350473,0.28504683451266855
NSFC,51909033,K04,K04.3,3997,-0.2784183045669205,-0.18164221128009403
NSFC,51909052,K05,K05.1|K05.2,5376,-0.020357938779346663,0.08590870982527528
NSFC,51909058,K02,K02.1,1267,0.20117185902825369,-0.004893626138752549
NSFC,51909061,K03,K03.1,3861,0.03315140061596887,0.1382210544214793
NSFC,51909062,K04,K04.1|K04.3,1298,-0.32044623039173414,-0.02376350578584857
NSFC,51909067,K04,K04.1|K04.3,3325,-0.2762714330010796,-0.363866151374976
NSFC,51909081,K04,K04.1|K04.3,1560,-0.31807246479243323,-0.07851557246896516
NSFC,51909106,K02,K02.1,678,0.2618626117283034,-0.01144620452704595
NSFC,51909112,K03,K03.3,1603,-0.1813928703982523,0.2437224629800582
NSFC,51909117,K03,K03.2,705,-0.16961725718079498,0.04806003274249343
NSFC,51909176,K03,K03.1|K03.2,1040,0.10041998818908839,0.12828576528929148
NSFC,51909191,K02,K02.1,1267,0.20117185902825369,-0.004893626138752549
NSFC,51909207,K05,K05.1,1302,-0.16132235667221623,0.1406450775088086
NSFC,51909233,K04,K04.3,3866,-0.12685008435979,-0.03608345201040826
NSFC,51909239,K04,K04.1|K04.3,4220,-0.3355999375795451,-0.20061234972128666
NSFC,51909261,K02,K02.1,4054,0.1886915689938265,-0.19368540106113757
NSFC,51909272,K02,K02.1,1593,0.13015109117527462,0.02011552381624658
NSFC,51909273,K02,K02.1,489,0.13111515360376153,-0.19135690104130076
NSFC,51909275,K02,K02.1,3889,0.3794189707370027,-0.07332270876808879
NSFC,51909278,K02,K02.1,1830,0.11419210504955922,-0.10922375601402481
NSFC,51909286,K02,K02.1,653,0.28410898668437096,-0.023761071202568512
NSFC,51938001,K04,K04.1|K04.3,3709,-0.38029474936412805,-0.4295109583447613
NSFC,51938004,K04,K04.1,1729,-0.3132867625418255,-0.08027451993753257
NSFC,51938005,K02,K02.1,2347,0.12197908483944471,-0.2265789089574507
NSFC,51938007,K02,K02.1,3214,0.08856303672056202,-0.5247398265211047
NSFC,51938008,K04,K04.1|K04.2,2573,-0.34949863508887974,-0.17470342916746026
NSFC,51938010,K04,K04.1|K04.3,3739,-0.37071296549375937,-0.3557801311907358
NSFC,51938013,K04,K04.1,2469,-0.376162945691648,-0.15960961447776878
NSFC,51939006,K02,K02.1,4556,0.5212365112697012,-0.018583941464912657
NSFC,51968003,K03,K03.1,25,0.030580719800123377,0.1532898753534234
NSFC,51968012,K02,K02.1,5495,0.22173744991210675,-0.12564329455658826
NSFC,51968017,K04,K04.1|K04.3,3237,-0.3680660329435637,-0.46812560703481076
NSFC,51968027,K05,K05.1,5507,-0.05928904815222708,0.09346717225686746
NSFC,51968063,K02,K02.1,5863,0.10969734435202001,-0.23663538486216698
NSFC,51969016,K04,K04.1,4148,-0.052504811606568766,-0.044574935936114175
NSFC,51969018,K03,K03.2|K03.3,2422,-0.1869697268723951,0.030203301861273218
NSFC,51974022,K02,K02.1|K02.2,3520,0.009099026985604455,-0.3488447650059132
NSFC,51974267,K04,K04.1|K04.2,3701,-0.25740931393769434,-0.3420658013537452
NSFC,51975066,K03,K03.3,6392,-0.2084177299503169,0.14117419756197516
NSFC,51975407,K04,K04.1|K04.2|K04.3,7082,-0.35789802698154094,-0.06802824157860402
NSFC,51975434,K04,K04.1|K04.2|K04.3,6978,-0.3269455713759153,-0.1536242056598416
NSFC,51976027,K04,K04.1|K04.3,6478,-0.38483050107458616,-0.24557934926206595
NSFC,51976069,K02,K02.1,7303,0.11474082362916078,-0.39749874781908
NSFC,51976101,K02,K02.1,2991,0.13760944177500928,-0.24943319711755838
NSFC,51976229,K04,K04.3,6821,-0.3192743993197112,-0.1282647519166839
NSFC,51977012,K02,K02.1,6452,0.09475658435995767,-0.26071670466904984
NSFC,51977062,K04,K04.1|K04.3,6500,-0.3761251301927352,-0.22672118527364124
NSFC,51977067,K04,K04.1|K04.3,6639,-0.41977610428646106,-0.26195610981984363
NSFC,51978007,K04,K04.1|K04.3,3237,-0.3680660329435637,-0.46812560703481076
NSFC,51978008,K04,K04.3,2788,-0.24252923905957957,-0.18005926790227883
NSFC,51978009,K04,K04.1|K04.3,3240,-0.33890216520888694,-0.4350756499782735
NSFC,51978023,K04,K04.1,1805,-0.33768080376372017,-0.13640678584259405
NSFC,51978032,K02,K02.1,3252,0.10127465156693848,-0.44659542229420646
NSFC,51978044,K04,K04.3,5781,-0.20155060823023968,-0.04843797549403958
NSFC,51978049,K03,K03.1|K03.3,1398,-0.2178841746788661,0.18491177928297994
NSFC,51978050,K05,K05.1,412,-0.047172119167378485,0.2160624768905026
NSFC,51978089,K03,K03.1|K03.3,2086,-0.12779881674318194,0.04465628161588099
NSFC,51978090,K01,K01.1|K01.2,5503,-0.15728098862070522,0.24253140080456956
NSFC,51978091,K05,K05.1,178,0.14867992651116085,0.24540125976981833
NSFC,51978092,K02,K02.1,5548,0.22814115211572766,-0.1439066610006108
NSFC,51978093,K05,K05.1,7934,-0.050098512909743445,0.1042087929964586
NSFC,51978131,K04,K04.1|K04.3,7358,-0.3328812004188327,-0.3244204459552912
NSFC,51978140,K04,K04.1|K04.3,6808,-0.2464825678307418,-0.08403086004563116
NSFC,51978141,K02,K02.1,7990,0.254349831381688,-0.11257832857169756
NSFC,51978142,K05,K05.1,6074,-0.12222013707943047,0.036765369172578284
NSFC,51978144,K04,K04.1|K04.3,6867,-0.2879602568385925,-0.1295008132832452
NSFC,51978145,K01,K01.1,8072,-0.09458128474344818,0.27949034798547634
NSFC,51978146,K02,K02.1,6056,0.3081240659400592,-0.07326129380016452
NSFC,51978147,K04,K04.1|K04.3,5509,-0.2283225501125966,-0.06924634375727394
NSFC,51978164,K04,K04.1|K04.3,2511,-0.3711911158304147,-0.11644218486523392
NSFC,51978173,K05,K05.1|K05.2,117,0.03846225046016795,0.17338124222123857
NSFC,51978180,K03,K03.3,7470,0.00021186267060829822,0.13496818655527404
NSFC,51978191,K04,K04.1|K04.3,6877,-0.33009511475272413,-0.14903226934433184
NSFC,51978192,K05,K05.1,7690,-0.030386392810015636,0.16320407842991413
NSFC,51978200,K02,K02.1,6325,0.08780307868184355,-0.3380587271516917
NSFC,51978223,K03,K03.1|K03.3,469,-0.19016952952310995,0.1195464624767705
NSFC,51978267,K05,K05.1|K05.2|K05.3,8180,-0.11619943991794238,0.14140647531584027
NSFC,51978269,K04,K04.1|K04.3,7701,-0.28880404117287506,-0.12521028075257795
NSFC,51978270,K02,K02.1,6087,0.16781282379279655,-0.17688488151803303
NSFC,51978273,K05,K05.2,8169,-0.08351614364567662,0.017992063474498148
NSFC,51978274,K01,K01.1,5031,0.0033514765235806987,0.33083839099612766
NSFC,51978276,K02,K02.1,7652,0.30753353094721164,-0.08134947042904925
NSFC,51978283,K03,K03.3,5974,-0.2059654755543946,0.09784907780429526
NSFC,51978287,K02,K02.1,3296,0.34392646184248676,-0.32397060166479064
NSFC,51978296,K05,K05.1,6866,-0.12036921342168705,0.06354364033968658
NSFC,51978299,K05,K05.1,7970,-0.04242722159260071,0.11527382738779633
NSFC,51978327,K02,K02.1,3216,0.10253472838946308,-0.5160210180221485
NSFC,51978329,K05,K05.3,493,-0.040408422067989544,0.13569795983596053
NSFC,51978348,K04,K04.1|K04.3,3240,-0.33890216520888694,-0.4350756499782735
NSFC,51978361,K02,K02.1,5551,0.26759699318875885,-0.10070971325718524
NSFC,51978363,K04,K04.1,116,-0.07448693632966977,0.05562720147002791
NSFC,51978369,K04,K04.1|K04.3,3721,-0.37610712390605827,-0.46011150758050623
NSFC,51978378,K04,K04.1|K04.3,1794,-0.3503711499127918,-0.07061675065577548
NSFC,51978399,K02,K02.1,2337,0.10133792341188906,-0.23152609691295722
NSFC,51978419,K05,K05.1|K05.3,8060,-0.07859543039223787,0.09034531244353917
NSFC,51978421,K04,K04.1|K04.3,4712,-0.16689199870463947,-0.04516473609729799
NSFC,51978443,K05,K05.1,6267,-0.1472088153840251,0.014112213967073656
NSFC,51978447,K02,K02.1,8363,0.24902435377160226,-0.12267394773109358
NSFC,51978453,K01,K01.1,5114,-0.03598788740826345,0.22959197094766057
NSFC,51978454,K01,K01.1|K01.2,7658,-0.13144814129125346,0.2148787037591106
NSFC,51978474,K05,K05.1,8137,-0.0827189861354169,0.09309919322817356
NSFC,51978477,K02,K02.1,5336,0.33171222582480425,-0.09332265340051117
NSFC,51978479,K02,K02.1,4711,0.42544121333064444,-0.020104946513226654
NSFC,51978480,K05,K05.1,6081,-0.012326036484327452,0.1385244417816941
NSFC,51978492,K04,K04.1,3362,-0.3157849670318373,-0.3320205384665763
NSFC,51978493,K01,K01.2,1901,-0.21653937516267852,0.18626945435940484
NSFC,51978530,K03,K03.3,2484,-0.22752889167576695,0.12294866835747152
NSFC,51978535,K01,K01.1,7980,-0.060579890315900234,0.29698280575657554
NSFC,51978573,K02,K02.1,5882,0.17892394753680907,-0.15830729777564115
NSFC,51978592,K04,K04.1|K04.3,2992,-0.3235415181540545,-0.15505443759260734
NSFC,51978594,K02,K02.1,19,0.3769510060220512,-0.013148184649192637
NSFC,51978607,K04,K04.1,2409,-0.3661206709274266,-0.17242187962463912
NSFC,51978617,K05,K05.1,6031,-0.11994214177024766,0.07082772324721862
NSFC,51978642,K02,K02.1,7450,0.1829390730121997,-0.3216197810680592
NSFC,51978647,K04,K04.1|K04.3,3236,-0.38203772461246477,-0.476844415533767
NSFC,51978655,K03,K03.3,1648,-0.22222443858735363,0.17756291255249293
NSFC,51979005,K03,K03.1|K03.2,4090,-0.17940671551621523,-0.0822557180417692
NSFC,51979011,K02,K02.1,7284,0.1704685024559967,-0.30309791703156186
NSFC,51979040,K02,K02.1,1260,0.1209906632066159,-0.10470887382972358
NSFC,51979066,K02,K02.1|K02.2,3222,0.03472951453752425,-0.46577161346288687
NSFC,51979071,K02,K02.1,3871,0.3827283402561269,0.04268640109339647
NSFC,51979080,K02,K02.1,3301,0.25063720288714,-0.3366245526762913
NSFC,51979105,K02,K02.1,1593,0.13015109117527462,0.02011552381624658
NSFC,51979107,K02,K02.1|K02.2,1912,0.19564269978906546,-0.09589930787260456
NSFC,51979114,K04,K04.3,6748,-0.3539538848637481,-0.23286564274467156
NSFC,51979158,K03,K03.3,2328,-0.2300566471161848,0.11118052402564396
NSFC,51979176,K03,K03.3,1562,-0.18779094341449037,0.16418167253336083
NSFC,51979184,K02,K02.1,1262,0.1578726166417624,-0.04180634711866993
NSFC,51979195,K02,K02.1,3300,0.2696360148088746,-0.3502941605195542
NSFC,51979198,K02,K02.1,3854,0.28727536385898944,-0.12625249050232115
NSFC,51979201,K02,K02.1|K02.2,4180,0.14532584958972405,-0.0993705184589757
NSFC,51979221,K05,K05.2,4985,-0.03202993642759479,0.05904931532307406
NSFC,51979232,K02,K02.1,4056,0.1526845116572867,-0.23655153770552326
NSFC,51979233,K04,K04.1,4063,-0.28737976888210787,-0.05580331683868779
NSFC,51979239,K01,K01.1|K01.2,3286,-0.10311941430591719,0.02993937728976323
NSFC,51979262,K02,K02.1|K02.2,3389,0.20761080449789687,-0.1862096051746905
NSFC,51979271,K02,K02.1,1268,0.20837521986783997,0.008473960643084005
NSFC,51979296,K02,K02.1,1556,0.2826645776138913,-0.0695592594087745
NSFC,52000021,K02,K02.1,7343,0.13771956091419418,-0.3723158569426289
NSFC,52000026,K02,K02.1,3216,0.10253472838946308,-0.5160210180221485
NSFC,52000043,K02,K02.1,3913,0.10647200887252507,-0.40322471666334914
NSFC,52000078,K04,K04.3,7120,-0.29403287711488213,-0.19156259540666865
NSFC,52000080,K04,K04.1,3229,-0.32100208863055013,-0.4271813780272925
NSFC,52000085,K03,K03.3,7648,-0.14416799223256652,-0.06313773932988676
NSFC,52000103,K02,K02.1,3216,0.10253472838946308,-0.5160210180221485
NSFC,52000109,K02,K02.1,6757,0.0937902549599018,-0.415156406825716
NSFC,52000117,K01,K01.1|K01.2,3093,-0.1647927044689917,0.21061656808794993
NSFC,52000127,K03,K03.3,3816,-0.16041128555759612,-0.18557989997369603
NSFC,52000130,K03,K03.1|K03.2|K03.3,5299,-0.0018486291609818989,0.20153743521943282
NSFC,52000146,K02,K02.1,2602,0.15836679023062677,-0.2464761913895677
NSFC,52000154,K04,K04.1|K04.3,3699,-0.3787269087039391,-0.4514098372498174
NSFC,52000157,K02,K02.1,3216,0.10253472838946308,-0.5160210180221485
NSFC,52000168,K03,K03.1|K03.2,7380,-0.15105749483685627,-0.01601909747689126
NSFC,52000177,K04,K04.1|K04.3,3236,-0.38203772461246477,-0.476844415533767
NSFC,52000180,K05,K05.1,7261,-0.1378004565666578,-0.13345247026254217
NSFC,52000183,K02,K02.1,3216,0.10253472838946308,-0.5160210180221485
NSFC,52000185,K02,K02.1,3407,0.10643089529569448,-0.2891981973698966
NSFC,52000186,K02,K02.1,3216,0.10253472838946308,-0.5160210180221485
NSFC,52000187,K04,K04.1|K04.3,3763,-0.37842904548048234,-0.4544320676465399
NSFC,52001050,K02,K02.1,3217,0.1394166818246096,-0.45311849131109483
NSFC,52001134,K03,K03.3,6005,-0.1749481749667444,0.10496874607119994
NSFC,52002045,K01,K01.1,2344,-0.18351093120921497,0.1958314843444411
NSFC,52002065,K04,K04.1|K04.3,5638,-0.3794357228995797,-0.16618167356606506
NSFC,52002127,K04,K04.1|K04.3,5816,-0.3841411835658911,-0.13318811227822677
NSFC,52002144,K02,K02.1,7134,0.10478905980522825,-0.2887423865051486
NSFC,52002154,K04,K04.1|K04.3,5964,-0.3737207404208669,-0.11890519940293673
NSFC,52002177,K03,K03.2,5753,-0.09889487801804846,0.08052697620942124
NSFC,52002184,K03,K03.2,5634,-0.2029502368111718,0.08230644437051855
NSFC,52002282,K02,K02.1,5912,0.16738496361304667,-0.21357410722369785
NSFC,52002319,K04,K04.1|K04.3,5984,-0.3504804722059351,-0.07881263349687748
NSFC,52004095,K02,K02.1,7339,0.10855569317951737,-0.40536581399916627
NSFC,52004114,K02,K02.1,7339,0.10855569317951737,-0.40536581399916627
NSFC,52004258,K03,K03.3,1692,-0.10653244567815616,0.13474517613213494
NSFC,52004314,K02,K02.1,2327,0.130185905050073,-0.18463635972288098
NSFC,52005062,K04,K04.3,7167,-0.28591489534068715,-0.14337119097666626
NSFC,52005068,K04,K04.1|K04.3,2341,-0.3400127799926529,-0.1479986433159461
NSFC,52005442,K04,K04.3,6450,-0.3351336204654142,-0.10315555608938504
NSFC,52006078,K02,K02.1,3015,0.15837029658337176,-0.24867243670114056
NSFC,52006106,K02,K02.1,7339,0.10855569317951737,-0.40536581399916627
NSFC,52006114,K04,K04.1|K04.3,6403,-0.390153392442228,-0.2515472158170313
NSFC,52007004,K04,K04.3,6422,-0.2752941038906799,-0.12258189387481255
NSFC,52007026,K04,K04.1|K04.3,2592,-0.3917825030316409,-0.13008422555227492
NSFC,52007029,K04,K04.1|K04.3,6470,-0.3848213272091494,-0.2068655990466832
NSFC,52007051,K05,K05.2,6717,-0.17463583451653275,-0.040453403486729544
NSFC,52007128,K04,K04.1|K04.3,2452,-0.38752947675448424,-0.1690528569360367
NSFC,52007131,K04,K04.1|K04.3,6476,-0.3740700402448598,-0.18685012876359128
NSFC,52007143,K04,K04.1|K04.3,6436,-0.39165076801235366,-0.1959798480173401
NSFC,52007173,K04,K04.1|K04.3,2690,-0.373006181217589,-0.06350812081339843
NSFC,52008001,K03,K03.1,972,-0.04444492743898058,0.10194383758231307
NSFC,52008005,K02,K02.1,8114,0.24893815747713205,-0.10139593760442205
NSFC,52008006,K03,K03.2,6057,-0.05139620930533925,0.09665337800048576
NSFC,52008014,K02,K02.1,7478,0.18766167961808172,-0.1995597003761962
NSFC,52008015,K02,K02.2,7741,-0.03955533006034601,0.028659763027116203
NSFC,52008016,K02,K02.1,5619,0.2297242583690528,-0.12516664996381688
NSFC,52008017,K05,K05.1,5483,-0.08420109562557977,0.05804135067341974
NSFC,52008024,K01,K01.1|K01.2,6009,-0.14663602261254877,0.25383090050301915
NSFC,52008025,K02,K02.1,76,0.23313689448679664,-0.14714497637177393
NSFC,52008030,K04,K04.1|K04.3,2061,-0.3424095554148674,-0.1190026237000856
NSFC,52008034,K02,K02.1,62,0.19444836861879589,-0.16001380684514685
NSFC,52008049,K02,K02.1,5518,0.19560081917066224,-0.16598597091288786
NSFC,52008051,K02,K02.1,8050,0.2463874220119064,-0.10636650576049715
NSFC,52008052,K05,K05.1|K05.2,5486,-0.10806006526330361,0.07255452762744166
NSFC,52008065,K04,K04.1|K04.3,2278,-0.38035896070070224,-0.11609672574811558
NSFC,52008075,K01,K01.1|K01.2,1381,-0.2604252070239277,0.22906374983929467
NSFC,52008084,K05,K05.1,5483,-0.08420109562557977,0.05804135067341974
NSFC,52008085,K01,K01.1,7981,-0.10699444361328984,0.24932233623227337
NSFC,52008086,K01,K01.1,5542,-0.07747889949710991,0.2670562189441996
NSFC,52008099,K03,K03.3,2368,-0.21059916769389453,0.11289540872108049
NSFC,52008110,K05,K05.1|K05.3,1703,-0.09425046320953975,0.1821319595678858
NSFC,52008111,K05,K05.1,2351,-0.17686139855876873,0.110683623253061
NSFC,52008112,K01,K01.1|K01.2,5408,-0.1341744015219138,0.24647417681130912
NSFC,52008114,K05,K05.2,7888,-0.020105540064254232,0.0688619307273881
NSFC,52008115,K03,K03.1,115,0.04890977442110318,0.18055316404750232
NSFC,52008122,K04,K04.1|K04.3,2320,-0.4111109471853786,-0.17286055520886465
NSFC,52008128,K01,K01.1|K01.2,6030,-0.18159867646854866,0.22510071448752342
NSFC,52008129,K04,K04.1|K04.3,5514,-0.19288369874288375,-0.038016386384501166
NSFC,52008130,K01,K01.1,5563,-0.14064696851508263,0.22655367850539543
NSFC,52008131,K02,K02.1,7688,0.3246895045494352,-0.069455899671295
NSFC,52008132,K04,K04.1|K04.3,1131,-0.32956166320665004,-0.16854941114256403
NSFC,52008142,K04,K04.1|K04.2,1792,-0.3086819159959383,-0.06725331664736843
NSFC,52008143,K02,K02.1,6989,0.18680236844704295,-0.17592281504452217
NSFC,52008155,K01,K01.1,2542,-0.19710345578708233,0.22762667313183102
NSFC,52008156,K02,K02.1,2404,0.07138783776148767,-0.25254271112053905
NSFC,52008167,K05,K05.3,8080,-0.07462329724146854,0.0729370590114207
NSFC,52008177,K02,K02.1,5555,0.20009769178315417,-0.15511722053326502
NSFC,52008178,K02,K02.1,5466,0.1890467820275667,-0.16650446175504033
NSFC,52008180,K05,K05.1,4707,0.08636753614066466,0.17164317419897293
NSFC,52008181,K05,K05.1,8055,-0.06508946560160253,0.10593748852149783
NSFC,52008195,K02,K02.1,5015,0.3845928759472111,-0.057263591651214
NSFC,52008200,K02,K02.1,5476,0.2735059719406167,-0.10693510103886086
NSFC,52008201,K04,K04.1|K04.3,6070,-0.2346047208232664,-0.07166448326467859
NSFC,52008204,K01,K01.1|K01.2,2234,-0.1382820949500977,0.29293541374648135
NSFC,52008226,K05,K05.1|K05.3,6096,-0.08860931684226231,0.08188223984436029
NSFC,52008227,K01,K01.1|K01.2,7984,-0.11274048852669355,0.26022700103809027
NSFC,52008237,K02,K02.1,5478,0.22773530789556745,-0.1536356312816674
NSFC,52008245,K02,K02.1,6840,0.10298197526259913,-0.2557874196924612
NSFC,52008263,K02,K02.1,2570,0.0741417651331663,-0.2549879098806197
NSFC,52008267,K05,K05.1|K05.2,3113,-0.07192914571136033,0.06931316956930442
NSFC,52008275,K03,K03.1,1646,-0.21063620993836496,0.16805450291559945
NSFC,52008276,K02,K02.1,6870,0.14050564658030273,-0.19692768033166957
NSFC,52008278,K01,K01.1|K01.2,8027,-0.07282513154602406,0.30405096110842367
NSFC,52008281,K05,K05.1,7959,-0.06512899269652903,0.10382862966950268
NSFC,52008289,K05,K05.1,5872,-0.12079679632043719,0.06182802614492091
NSFC,52008295,K02,K02.1,5439,0.2076231413640251,-0.17142953609895212
NSFC,52008299,K05,K05.1,8013,-0.08317355819112196,0.07322583355040946
NSFC,52008301,K02,K02.1,7702,0.2522932240305215,-0.12072590396960431
NSFC,52008308,K05,K05.1,2547,-0.23526145442528107,-0.002178362175331929
NSFC,52008324,K04,K04.1|K04.3,5459,-0.2647362449235359,-0.11896138424556982
NSFC,52008329,K02,K02.1,5443,0.2858024510130914,-0.08112807883825683
NSFC,52008336,K02,K02.1|K02.2,7913,0.18642060555593565,-0.06572103639086184
NSFC,52008345,K04,K04.1|K04.3,121,-0.014059403837565751,0.07985623323172082
NSFC,52008346,K02,K02.1,8352,0.2694169329030675,-0.109481090632529
NSFC,52008362,K01,K01.1|K01.2,67,-0.1399059056067014,0.20088260208415967
NSFC,52008380,K05,K05.1|K05.3,8034,-0.043813547338367134,0.11445710659042192
NSFC,52008388,K02,K02.1,1248,0.08573728876846097,-0.12960813015185707
NSFC,52008389,K02,K02.1,4677,0.4068582506969287,-0.023857839329246226
NSFC,52008393,K04,K04.1|K04.3,6927,-0.38332807755367604,-0.12294342026955385
NSFC,52009005,K04,K04.3,6388,-0.165334910631203,-0.060422734005621245
NSFC,52009007,K03,K03.1,1276,-0.16632866550262684,0.2343481936257113
NSFC,52009022,K04,K04.1|K04.3,3325,-0.2762714330010796,-0.363866151374976
NSFC,52009026,K04,K04.3,3485,-0.28516516515930007,-0.24579559273080429
NSFC,52009029,K04,K04.1,2032,-0.26731685111721226,-0.010080072398900505
NSFC,52009030,K04,K04.1|K04.3,4067,-0.31791624967574017,-0.18865612671818546
NSFC,52009055,K02,K02.1,1537,0.25474975656963483,-0.059358510571312806
NSFC,52009091,K02,K02.1,444,0.1438786338470026,0.028198048094014008
NSFC,52009092,K04,K04.1|K04.3,1887,-0.30389375203721364,-0.07176437642448596
NSFC,52009098,K04,K04.3,6526,-0.32846132143220896,-0.18094678488013574
NSFC,52009099,K02,K02.1,1264,0.1654611258195206,-0.04044717271723536
NSFC,52009100,K03,K03.3,1196,0.044274625058378356,0.3024400131707793
NSFC,52009116,K02,K02.1,3948,0.13570714365185899,-0.2718112497720069
NSFC,52009121,K04,K04.1|K04.3,1067,-0.3273632733527439,-0.20192964637726898
NSFC,52009139,K02,K02.1,1549,0.19369795077757057,-0.10177328110321548
NSFC,52009141,K03,K03.1|K03.2,4218,-0.13842368629221,0.015456662968863014
NSFC,52009143,K04,K04.1|K04.3,3991,-0.3348936176811678,-0.22391583878466917
NSFC,52060017,K01,K01.1,7378,-0.16469192875113575,0.13510672542479663
NSFC,52062014,K02,K02.1,5958,0.09616594248419731,-0.09842245478390454
NSFC,52062016,K03,K03.2|K03.3,2367,-0.23045393055173413,0.1733544540857464
NSFC,52062024,K02,K02.1,5930,0.08847075370344663,-0.256789372559877
NSFC,52062026,K05,K05.2,5686,-0.15594572350255562,-0.01306701168000897
NSFC,52062027,K04,K04.1|K04.3,5638,-0.3794357228995797,-0.16618167356606506
NSFC,52062039,K03,K03.1|K03.2,5739,-0.14988918137994078,0.011142046695229602
NSFC,52063029,K04,K04.1|K04.3,3464,-0.3721093785412236,-0.44977330753189215
NSFC,52068017,K04,K04.1|K04.3,4195,-0.3505872046234523,-0.17816150540149558
NSFC,52068036,K02,K02.1,3104,0.1254531340109713,-0.2550258642258808
NSFC,52068040,K02,K02.1,8029,0.2677591704954182,-0.09588121298815994
NSFC,52068057,K05,K05.3,8018,-0.07362632154095128,0.056395548632763234
NSFC,52068067,K05,K05.1,4971,0.06517224124969821,0.14760057929617793
NSFC,52069012,K01,K01.1|K01.2,4257,-0.09682895332491004,0.11613894727678889
NSFC,52069015,K03,K03.2|K03.3,700,0.07912079634186796,0.1702472614435118
NSFC,52069020,K01,K01.1|K01.2,4189,-0.17929596051098684,0.33441946512827103
NSFC,52070003,K02,K02.1,3255,0.16563793944065408,-0.3710281490367441
NSFC,52070004,K02,K02.1,3732,0.12372877220630242,-0.3765934516765017
NSFC,52070014,K02,K02.1,3219,0.13169859612413992,-0.48297106096561127
NSFC,52070017,K02,K02.1,7071,0.20325543972094334,-0.19118365184056085
NSFC,52070022,K03,K03.1|K03.2,2691,-0.14390928381391022,-0.0024237650063523367
NSFC,52070027,K03,K03.3,1287,-0.15367134493176457,0.1818005920451417
NSFC,52070034,K01,K01.1|K01.2,7392,-0.1714754807442445,0.15109992191739857
NSFC,52070052,K04,K04.1|K04.3,3918,-0.37810044412940275,-0.3640481141749675
NSFC,52070059,K04,K04.2|K04.3,3242,-0.26444901965645773,-0.38113672170184776
NSFC,52070065,K02,K02.1,3216,0.10253472838946308,-0.5160210180221485
NSFC,52070067,K02,K02.1,3216,0.10253472838946308,-0.5160210180221485
NSFC,52070075,K04,K04.1|K04.2,3232,-0.260330977856887,-0.36880968925881286
NSFC,52070083,K02,K02.1,7290,0.15295664123619956,-0.260739825949159
NSFC,52070087,K04,K04.3,7279,-0.31258326519972957,-0.3426394885025359
NSFC,52070091,K04,K04.2|K04.3,7312,-0.16982813122626994,-0.09688068750628845
NSFC,52070102,K02,K02.1,7285,0.16275041675552704,-0.3329504866860782
NSFC,52070105,K02,K02.1,3216,0.10253472838946308,-0.5160210180221485
NSFC,52070107,K04,K04.1|K04.3,3554,-0.39147082079634715,-0.43039746519278077
NSFC,52070112,K04,K04.1,1903,-0.2969114990651746,-0.15316922950402242
NSFC,52070119,K01,K01.1|K01.2,3694,-0.1756790868524038,0.09393634631448569
NSFC,52070126,K02,K02.1,7289,0.14006374744208772,-0.3402651999098413
NSFC,52070130,K02,K02.1,3216,0.10253472838946308,-0.5160210180221485
NSFC,52070132,K02,K02.1,3794,0.27972189236209455,-0.30214656879955293
NSFC,52070133,K04,K04.1|K04.2|K04.3,3234,-0.3409203322254256,-0.4455635659771572
NSFC,52070140,K02,K02.1,3735,0.14332387524682816,-0.35967606312992506
NSFC,52070145,K02,K02.1,3177,0.13293236161248223,-0.45268044056044077
NSFC,52070157,K02,K02.1,3652,0.23192830850515872,-0.305445519931164
NSFC,52070172,K02,K02.1,3214,0.08856303672056202,-0.5247398265211047
NSFC,52070186,K02,K02.1,2799,0.18966888349209915,-0.21213903164131453
NSFC,52070187,K02,K02.1,3120,0.1411356329526281,-0.32158095297416833
NSFC,52070192,K03,K03.1|K03.3,3779,-0.06960610704416859,-0.11675878330784115
NSFC,52070193,K01,K01.1|K01.2,3797,-0.213837036816305,0.04187474216028911
NSFC,52071248,K03,K03.3,1698,-0.20356517648215638,0.12066885858545556
NSFC,52072012,K02,K02.1|K02.2,6004,0.09707871355669083,-0.12915626694394747
NSFC,52072025,K02,K02.1,7738,0.22758556912260647,-0.1332992495343113
NSFC,52072044,K03,K03.2,5589,-0.1828685718770634,-0.044632310226094825
NSFC,52072045,K02,K02.1,2943,0.1662292590015632,-0.20542122389002815
NSFC,52072068,K04,K04.1|K04.3,2579,-0.3341457419808585,-0.16112561878514353
NSFC,52072069,K01,K01.2,5929,-0.21803018347482578,0.15567257245307412
NSFC,52072071,K03,K03.3,5910,-0.20385244144881917,0.15569613149758726
NSFC,52072129,K01,K01.1,5626,-0.16555409009262836,0.24198283762714598
NSFC,52072216,K03,K03.3,5959,-0.21466394066136707,0.05680632877353718
NSFC,52072263,K05,K05.1|K05.3,5831,-0.10479744935539903,0.06834066133283671
NSFC,52072286,K03,K03.1|K03.2,1624,-0.15860939942098634,0.17508631191763907
NSFC,52072290,K02,K02.1,5952,0.07340293069375077,-0.25420945680198614
NSFC,52072340,K01,K01.1|K01.2,5649,-0.22225534699375477,0.2720417036695464
NSFC,52074035,K02,K02.1,7339,0.10855569317951737,-0.40536581399916627
NSFC,52074064,K02,K02.1,4452,0.4489932770755286,-0.13887783477063295
NSFC,52074118,K03,K03.3,1522,-0.18994221026729285,0.14252191612406306
NSFC,52074292,K02,K02.1,1487,0.1364986887538056,-0.1198043678773586
NSFC,52075303,K04,K04.1|K04.3,7220,-0.34803957450362505,-0.12360469125735948
NSFC,52075312,K04,K04.1,7146,-0.29213966133058844,-0.06622540008281975
NSFC,52076067,K04,K04.1|K04.2|K04.3,7296,-0.2702257807500338,-0.1487033759646206
NSFC,52076090,K04,K04.1|K04.3,2875,-0.32005043813430867,-0.20719144803338888
NSFC,52076163,K04,K04.1|K04.2|K04.3,3683,-0.37052154125405706,-0.44418983550842095
NSFC,52076202,K03,K03.2,2432,-0.14413323798742667,0.04807854761015218
NSFC,52077035,K04,K04.1|K04.3,6415,-0.3809165190765099,-0.1629117179138618
NSFC,52077075,K04,K04.3,2477,-0.316517320722137,-0.14991504626636845
NSFC,52077106,K04,K04.1|K04.3,2487,-0.3926648657344059,-0.12820461786648768
NSFC,52077108,K03,K03.2,6402,-0.20421810494985704,0.043424250657165535
NSFC,52077144,K02,K02.1,6519,0.046541053973636046,-0.12865686607368929
NSFC,52077150,K04,K04.1|K04.3,2637,-0.4081160552728495,-0.156716165347395
NSFC,52077189,K04,K04.1|K04.3,6434,-0.3919158854747925,-0.2349123252611827
NSFC,52078004,K02,K02.1,366,0.31532244039704094,0.03866764742241445
NSFC,52078006,K04,K04.1|K04.3,566,-0.16819470848329432,-0.05241958524788923
NSFC,52078007,K05,K05.1|K05.2,6940,-0.08358229051165712,0.08217788620543644
NSFC,52078023,K02,K02.1,2314,0.1347965006245756,-0.15928856435344282
NSFC,52078027,K03,K03.1|K03.2,8064,-0.10347045577516617,0.13400899033108585
NSFC,52078033,K02,K02.1,2311,0.05948981414764819,-0.22075596619620239
NSFC,52078036,K04,K04.1|K04.3,1410,-0.40441335798441336,-0.13169182176890729
NSFC,52078069,K05,K05.1|K05.2,5539,-0.10413289625582237,0.0497987827488035
NSFC,52078074,K02,K02.1,5014,0.3725591924716848,-0.0704695324058582
NSFC,52078076,K02,K02.1|K02.2,7614,0.08295957470205163,-0.19930266724815054
NSFC,52078104,K03,K03.3,2538,-0.23926619343329497,0.028686246173031046
NSFC,52078114,K05,K05.1,5550,-0.05097520602309094,0.1014713621496452
NSFC,52078115,K05,K05.1|K05.3,8079,-0.071500118793897,0.10046823131870372
NSFC,52078131,K04,K04.1|K04.2,2414,-0.3206417362195392,-0.13838133941374053
NSFC,52078150,K03,K03.2|K03.3,1875,-0.20185691387310023,0.10849493591009393
NSFC,52078157,K04,K04.1|K04.3,6933,-0.3632903832313414,-0.20606031139149647
NSFC,52078160,K02,K02.1,5269,0.33485128100418576,-0.04654356085150016
NSFC,52078176,K03,K03.3,1717,-0.23266262542041416,0.04658943992219664
NSFC,52078193,K03,K03.1|K03.3,8361,-0.044143923716217934,0.12644757169103557
NSFC,52078197,K05,K05.1|K05.3,7960,-0.07879198207522817,0.08405690641144109
NSFC,52078198,K04,K04.1|K04.3,6832,-0.3805057456550848,-0.22232423261506776
NSFC,52078222,K02,K02.1,1084,0.4074243512618747,0.048986043253730197
NSFC,52078224,K01,K01.1|K01.2,5612,-0.11418832362439453,0.26100875443233085
NSFC,52078229,K02,K02.1,90,0.28700346051094155,-0.08760641134156527
NSFC,52078237,K05,K05.1|K05.3,1159,-0.03409628148379361,0.12158035958887929
NSFC,52078243,K04,K04.1|K04.3,1849,-0.40490085979313184,-0.1343091529417546
NSFC,52078244,K02,K02.1,5457,0.20568014306478888,-0.1671897221874954
NSFC,52078245,K05,K05.1|K05.3,8059,-0.06518529582187893,0.10397181381808471
NSFC,52078246,K05,K05.1,8136,-0.06885355310839497,0.10740447417819196
NSFC,52078254,K05,K05.1|K05.3,7762,-0.029857144390016896,0.12583687860769424
NSFC,52078263,K05,K05.1,8048,-0.14954865551465257,0.04636812780531834
NSFC,52078296,K04,K04.1|K04.3,7697,-0.3742242319192704,-0.12787071719247445
NSFC,52078307,K04,K04.1|K04.3,4790,0.020165181110998312,0.02275238297712967
NSFC,52078311,K04,K04.1|K04.3,2322,-0.3602573020813311,-0.10123921999885485
NSFC,52078315,K04,K04.1|K04.3,5566,-0.3136002203176231,-0.11990084290210143
NSFC,52078322,K04,K04.1|K04.3,5513,-0.34194990350830895,-0.19202101840857264
NSFC,52078327,K05,K05.1,438,-0.09207828185292499,0.20917535897788195
NSFC,52078328,K05,K05.1,6898,-0.09052834492469078,0.07707036428428968
NSFC,52078330,K05,K05.1,388,-0.0741039024981282,0.2328170675131105
NSFC,52078335,K04,K04.1|K04.3,1793,-0.4012247950168393,-0.14223808586578526
NSFC,52078346,K02,K02.1,5132,0.3761748772476902,-0.06502876233598548
NSFC,52078347,K05,K05.1,5825,-0.10225133349104554,0.07840660737682563
NSFC,52078349,K03,K03.1,7725,-0.05359010795875264,0.10205736324391673
NSFC,52078351,K01,K01.1,6092,-0.17819560196379214,0.31594039991574097
NSFC,52078352,K05,K05.1,8136,-0.06885355310839497,0.10740447417819196
NSFC,52078353,K02,K02.1,76,0.23313689448679664,-0.14714497637177393
NSFC,52078357,K05,K05.1,7763,-0.09401276587968778,0.04968965878947615
NSFC,52078366,K04,K04.1|K04.3,1413,-0.3535597128803658,-0.06007048655889749
NSFC,52078388,K02,K02.1,5490,0.17091478008281918,-0.1699214253704961
NSFC,52078403,K05,K05.1,7970,-0.04242722159260071,0.11527382738779633
NSFC,52078404,K05,K05.1,8056,-0.11086012964665182,0.05923695827869126
NSFC,52078405,K05,K05.1,7928,-0.07918263687030856,0.09046178874119744
NSFC,52078409,K02,K02.1,2914,0.18612583657933718,-0.21228116424177643
NSFC,52078416,K05,K05.1,6938,-0.08360203582236851,0.09185426165641081
NSFC,52078419,K04,K04.1,5487,-0.2857251713227439,-0.10458856320476827
NSFC,52078422,K05,K05.2,5501,-0.0976763115243067,0.027994881758363947
NSFC,52078423,K02,K02.1,7727,0.22689573308209232,-0.13527027113137427
NSFC,52078436,K04,K04.1|K04.3,2545,-0.4083570198137,-0.1753057539689453
NSFC,52078440,K04,K04.1|K04.2,102,-0.044144431221749714,0.01676037683665027
NSFC,52078443,K04,K04.1|K04.3,6785,-0.26432944260155955,-0.13837283703229925
NSFC,52078444,K05,K05.1,5535,-0.09769709473644422,0.08352607782272117
NSFC,52078446,K05,K05.2,6044,-0.12641564328970864,0.017444840284261867
NSFC,52078447,K05,K05.1|K05.3,7721,-0.09190577816741784,0.07153630370913378
NSFC,52078448,K04,K04.1|K04.3,2545,-0.4083570198137,-0.1753057539689453
NSFC,52078471,K05,K05.2,1419,-0.15813780435168873,0.07348892852368459
NSFC,52078472,K04,K04.1|K04.2|K04.3,1409,-0.36329596559737415,-0.10041097221229747
NSFC,52078474,K04,K04.1|K04.3,7330,-0.35763900799055737,-0.3360604520649155
NSFC,52078475,K02,K02.1,74,0.2795514477841863,-0.09948450684747176
NSFC,52078481,K05,K05.1,5642,-0.19509217207735324,-0.0018753224741786777
NSFC,52078484,K04,K04.1|K04.3,5488,-0.3737591189995919,-0.21105515716079196
NSFC,52078505,K04,K04.1|K04.3,2279,-0.3434770072655558,-0.053194199037061934
NSFC,52079005,K03,K03.1|K03.3,1282,-0.1392974145002457,0.19296125654053484
NSFC,52079010,K02,K02.1,4339,0.602699115623643,0.037946149557816
NSFC,52079026,K03,K03.2,3864,-0.03894289696137282,0.15380656788328814
NSFC,52079037,K05,K05.1,1606,-0.18132579643823432,0.23241951809824155
NSFC,52079039,K02,K02.1,1262,0.1578726166417624,-0.04180634711866993
NSFC,52079046,K03,K03.3,2326,-0.22510674203300662,0.08862315400483778
NSFC,52079065,K03,K03.1|K03.2,3965,-0.20056448959963358,-0.08835044434118611
NSFC,52079079,K05,K05.1|K05.2,4076,-0.12171560043191115,-0.015940410475637504
NSFC,52079086,K02,K02.1,4145,0.35978742925939533,-0.11933572794124064
NSFC,52079087,K05,K05.1,4228,-0.24974109091959446,-0.10902329591360502
NSFC,52079088,K04,K04.1|K04.3,3498,-0.3665826066838819,-0.23084787001364185
NSFC,52079090,K02,K02.1,2282,0.09427979188884054,-0.1651056394619562
NSFC,52079099,K02,K02.1,1871,0.1258212882007983,-0.1626699871742337
NSFC,52079101,K02,K02.1,4079,0.1812055368533681,-0.23274110157515807
NSFC,52079103,K02,K02.1,719,0.506233953920155,0.06741141505349169
NSFC,52079106,K03,K03.1|K03.3,1597,-0.1753914766195812,0.23133037940573098
NSFC,52079111,K03,K03.2|K03.3,625,0.050440331330842705,0.2789519229370121
NSFC,52079112,K03,K03.2|K03.3,4061,-0.19178123665384603,-0.04636727134215553
NSFC,52079115,K03,K03.1|K03.2,165,-0.02260511439058431,0.1031685283691552
NSFC,52079130,K04,K04.2|K04.3,3331,-0.14790984354590192,-0.2548913984078538
NSFC,52079136,K01,K01.1|K01.2,4051,-0.18789979038415558,0.16338063639106035
NSFC,52079146,K02,K02.1,4245,0.1876012096090477,-0.31696941783073906
NSFC,52079151,K03,K03.2,259,-0.1381956986481186,0.22232762346306942
NSFC,52100022,K04,K04.3,3415,-0.3203309571383805,-0.3239876968065004
NSFC,52100024,K04,K04.1|K04.2|K04.3,3503,-0.3448924107784284,-0.32884775663943355
NSFC,52100028,K02,K02.1,7037,0.12685511408818312,-0.3171109657275508
NSFC,52100032,K02,K02.1,3216,0.10253472838946308,-0.5160210180221485
NSFC,52100035,K04,K04.1|K04.3,3236,-0.38203772461246477,-0.476844415533767
NSFC,52100040,K02,K02.1,3375,0.13176986316879696,-0.38460755113080625
NSFC,52100043,K04,K04.1|K04.3,3236,-0.38203772461246477,-0.476844415533767
NSFC,52100045,K04,K04.1|K04.3,3734,-0.34687198912672446,-0.328698040689164
NSFC,52100049,K04,K04.1|K04.3,3464,-0.3721093785412236,-0.44977330753189215
NSFC,52100059,K02,K02.1,3219,0.13169859612413992,-0.48297106096561127
NSFC,52100061,K02,K02.1,7038,0.15601898182285995,-0.2840610086710136
NSFC,52100065,K02,K02.1,3216,0.10253472838946308,-0.5160210180221485
NSFC,52100125,K02,K02.1,3030,0.1775656318393941,-0.2464640551685209
NSFC,52100141,K02,K02.1,7421,0.09494532302525342,-0.2969010108101394
NSFC,52100208,K02,K02.1,3301,0.25063720288714,-0.3366245526762913
NSFC,52100212,K02,K02.1,4532,0.4788858281782906,-0.03827394414572405
NSFC,52100214,K04,K04.1|K04.2|K04.3,7030,-0.2897346379833168,-0.1617362445327574
NSFC,52100217,K02,K02.1,3219,0.13169859612413992,-0.48297106096561127
NSFC,52100218,K02,K02.1,5123,0.28989644228516565,-0.16837313054845637
NSFC,52100220,K01,K01.1|K01.2,3810,-0.14418201566322375,0.07044713643247202
NSFC,52101402,K01,K01.2,6023,-0.1789903716310698,0.16854261599243756
NSFC,52101405,K03,K03.2|K03.3,1435,-0.21323802530093117,0.1895398034159205
NSFC,52102027,K02,K02.1,7134,0.10478905980522825,-0.2887423865051486
NSFC,52102367,K04,K04.1|K04.3,2875,-0.32005043813430867,-0.20719144803338888
NSFC,52102374,K04,K04.3,2720,-0.30346205290328154,-0.07910317960757704
NSFC,52102383,K02,K02.1,5577,0.11000976038755587,-0.22133071095102974
NSFC,52102389,K04,K04.1,5843,-0.29709598751023475,-0.03784129433472351
NSFC,52102398,K04,K04.1|K04.3,5692,-0.3704558092916177,-0.15730602991022336
NSFC,52102402,K02,K02.1,5931,0.17585531036467072,-0.1436065380870694
NSFC,52102406,K03,K03.3,5922,-0.11181962122847841,0.06589479208394809
NSFC,52102408,K04,K04.1,5897,-0.14719849134822435,0.004758737185704867
NSFC,52102411,K03,K03.2|K03.3,5921,-0.16161329564868604,0.12484590524982785
NSFC,52102413,K03,K03.3,2260,-0.07952891428092175,0.20832289033315682
NSFC,52102415,K02,K02.1,5969,0.11008707152670412,-0.12295519097551855
NSFC,52102427,K03,K03.2,6962,-0.19233277178886982,0.08135722938398038
NSFC,52102453,K04,K04.1|K04.3,5579,-0.3574043981341385,-0.09496011057278857
NSFC,52104149,K04,K04.3,7360,-0.31954144670816315,-0.32391558400620946
NSFC,52106135,K02,K02.1,7276,0.15285502300176101,-0.08844527935953204
NSFC,52106146,K02,K02.1,7293,0.1707081787548947,-0.1923579906519849
NSFC,52106168,K02,K02.1,3020,0.17488697725411506,-0.21809235781281383
NSFC,52106170,K02,K02.1,6444,0.08061577814503969,-0.2870662102595971
NSFC,52106235,K02,K02.1,7102,0.10932012393560307,-0.28779317632842294
NSFC,52106257,K02,K02.1,6626,0.11362338925920908,-0.27504645433223984
NSFC,52107067,K04,K04.1|K04.3,2131,-0.35792749010545927,-0.13615643788063833
NSFC,52107085,K04,K04.1|K04.3,2505,-0.40292659382059115,-0.16993604614655652
NSFC,52107092,K04,K04.3,2584,-0.30858616993784455,-0.14265781967261823
NSFC,52107106,K04,K04.1|K04.2|K04.3,2552,-0.34482202788685423,-0.13073949635208867
NSFC,52107118,K03,K03.3,6447,-0.20176431569381045,-0.03040931403924823
NSFC,52107191,K04,K04.1|K04.3,2447,-0.4088152972069808,-0.22983826034575383
NSFC,52107199,K04,K04.1,6537,-0.3486068429561945,-0.15996714824027494
NSFC,52107212,K04,K04.1|K04.3,6509,-0.44095958284942544,-0.277272875779342
NSFC,52108003,K02,K02.1,8082,0.2158409620589491,-0.174570815496359
NSFC,52108006,K03,K03.1|K03.3,979,-0.16849809283306144,0.03118461883147143
NSFC,52108009,K04,K04.3,2087,-0.259824611431465,-0.0695737193219775
NSFC,52108011,K04,K04.1|K04.3,1130,-0.3001618863970046,-0.12154614202099928
NSFC,52108012,K01,K01.1,6648,-0.24855068507893952,0.22571422456314602
NSFC,52108019,K01,K01.1|K01.2,2099,-0.14221956559979282,0.24423156916596248
NSFC,52108021,K02,K02.1,6026,0.22622546465611204,-0.15299762643446577
NSFC,52108023,K04,K04.1|K04.3,5481,-0.24350934268979973,-0.10670015957582529
NSFC,52108025,K04,K04.2|K04.3,6269,-0.2501678188527347,-0.05759884794812678
NSFC,52108027,K01,K01.1|K01.2,8113,-0.13787632451699777,0.25120869392244716
NSFC,52108035,K05,K05.1|K05.3,7933,-0.10867222709837429,0.0631501402268701
NSFC,52108036,K04,K04.3,4560,0.02187721741409776,0.05936140958693967
NSFC,52108037,K05,K05.1,5374,0.02620879061959762,0.15675023139214295
NSFC,52108038,K05,K05.1,4896,0.09888423609592949,0.19368063125534865
NSFC,52108040,K05,K05.1|K05.3,7824,-0.08342772235479572,0.06030695307791026
NSFC,52108042,K02,K02.1,6065,0.28703552243243946,-0.08555854799167527
NSFC,52108043,K01,K01.1|K01.2,7918,-0.03587709897034136,0.3388467116515216
NSFC,52108044,K05,K05.1|K05.3,134,-0.031243226085383435,0.12598829437992357
NSFC,52108045,K02,K02.1,7994,0.2276594401700467,-0.14003810001308112
NSFC,52108046,K03,K03.1,6042,-0.1471690079442436,0.047533267745598004
NSFC,52108048,K02,K02.1,6085,0.29939970753338724,-0.07273722985052335
NSFC,52108050,K05,K05.1|K05.3,386,-0.07740460235998624,0.191711218286046
NSFC,52108051,K03,K03.1,5353,0.06495042612519432,0.1739766916546808
NSFC,52108052,K05,K05.1|K05.3,8215,-0.047796321306053255,0.10737496065909502
NSFC,52108053,K04,K04.1|K04.3,1690,-0.26046321413084406,-0.04132147536478049
NSFC,52108056,K02,K02.1,5406,0.19204057761505738,-0.17929187454740167
NSFC,52108059,K01,K01.1,5497,-0.13269830113041362,0.22574655856654835
NSFC,52108060,K02,K02.1,2754,0.2433003323997764,-0.13150200469344112
NSFC,52108064,K02,K02.1,8050,0.2463874220119064,-0.10636650576049715
NSFC,52108069,K02,K02.1,6840,0.10298197526259913,-0.2557874196924612
NSFC,52108073,K02,K02.1,6840,0.10298197526259913,-0.2557874196924612
NSFC,52108074,K04,K04.1|K04.3,6926,-0.37811896514137344,-0.09612089662052585
NSFC,52108152,K04,K04.1|K04.2|K04.3,6872,-0.3578911090673215,-0.2007114017341397
NSFC,52108245,K04,K04.1|K04.3,7396,-0.36282693484385536,-0.25368543453565073
NSFC,52108255,K04,K04.3,7212,-0.33762999757471884,-0.20316993984913378
NSFC,52108264,K02,K02.1,2357,0.08553879906026472,-0.2376041500138429
NSFC,52108353,K03,K03.1,1425,-0.09372355537779886,0.16928177021580984
NSFC,52108360,K04,K04.1|K04.3,1026,-0.3316128708117206,-0.12613577592479217
NSFC,52108411,K01,K01.1,2361,-0.2486835229386365,0.31581013915877576
NSFC,52108441,K04,K04.1|K04.3,2724,-0.3906893525022052,-0.17814063657290125
NSFC,52108457,K04,K04.3,1417,-0.29708439976611845,-0.017796859054322323
NSFC,52108459,K04,K04.1|K04.3,1793,-0.4012247950168393,-0.14223808586578526
NSFC,52108469,K03,K03.1|K03.3,2275,-0.23440956494825266,0.05811072037734264
NSFC,52108482,K04,K04.1,1790,-0.35416085070382564,-0.10129385685826701
NSFC,52109001,K03,K03.1|K03.3,1599,-0.16583871660574112,0.23412057895722677
NSFC,52109004,K03,K03.2|K03.3,1601,-0.17865202396253876,0.2536311319183442
NSFC,52109007,K02,K02.1,4092,0.38848098660609937,-0.11363683582433826
NSFC,52109008,K03,K03.3,3905,-0.18232182292393356,0.13575561753780008
NSFC,52109010,K01,K01.1|K01.2,345,-0.08940490739593786,0.32328391892811725
NSFC,52109011,K05,K05.1|K05.3,765,0.0034164084077708406,0.10943945711095948
NSFC,52109018,K01,K01.1|K01.2,442,-0.15895047620492062,0.3700201490205871
NSFC,52109023,K02,K02.1|K02.2,3956,0.06790192979992014,-0.22156184521274527
NSFC,52109025,K03,K03.3,1290,-0.1401617021620965,0.18574653009259437
NSFC,52109026,K01,K01.1|K01.2,3879,0.007332772141246696,0.45567927955662657
NSFC,52109028,K05,K05.1,1552,-0.09741394539174655,0.09775694157407747
NSFC,52109033,K02,K02.1,541,0.2830664005622887,-0.13041597163659213
NSFC,52109034,K05,K05.1,4001,-0.17576974396164996,-0.05950725549001197
NSFC,52109035,K02,K02.1,3947,0.1393062458528177,-0.26456562811713347
NSFC,52109040,K02,K02.1,1270,0.15015453094129272,-0.07165891677318631
NSFC,52109042,K04,K04.2|K04.3,4008,-0.2544831503195625,-0.18415146036840868
NSFC,52109057,K04,K04.1|K04.3,1964,-0.3238304310245659,-0.08800423646689254
NSFC,52109071,K04,K04.1|K04.3,1044,-0.1539292086433921,-0.06780373941351028
NSFC,52109099,K03,K03.3,3319,0.03238250026895982,-0.10036366250097904
NSFC,52109144,K03,K03.3,1428,-0.15581438725286517,0.12850987209094933
NSFC,52109150,K04,K04.1,4700,-0.055477101266590584,-0.05464777039676738
NSFC,52208483,K04,K04.1|K04.3,2540,-0.3602729653137247,-0.10561850040153058
NSFC,52302423,K03,K03.3,5973,-0.22856108484794774,0.14839945423067524
NSFC,61533002,K04,K04.1|K04.3,3412,-0.3673564688486648,-0.31977797577346223
NSFC,61572059,K01,K01.1,7726,-0.1751549853162496,0.2824187329517889
NSFC,61572069,K03,K03.2,5582,-0.1782788508192248,0.09287342452527671
NSFC,61572208,K04,K04.1|K04.3,6464,-0.39374460620002905,-0.1398459372208125
NSFC,61572212,K01,K01.1|K01.2,2468,-0.22167492053686372,0.26475325137857897
NSFC,61572437,K03,K03.1,5271,-0.039852604366281075,0.1793306721311272
NSFC,61573054,K04,K04.1|K04.3,5735,-0.36016537964091255,-0.15111695574679326
NSFC,61573076,K04,K04.1|K04.3,5691,-0.38152956108725505,-0.11004776276953748
NSFC,61573098,K04,K04.1|K04.3,2977,-0.3287222452546913,-0.1145816976145636
NSFC,61573106,K04,K04.1|K04.3,5583,-0.3547643369076327,-0.1556146934113069
NSFC,61573110,K04,K04.1|K04.3,5640,-0.3458035736629255,-0.15006425554929387
NSFC,61573299,K04,K04.3,4099,-0.3069438752513554,-0.16470804691008772
NSFC,61573317,K04,K04.3,5775,-0.32001760873756796,-0.018642610495289473
NSFC,61601133,K01,K01.1|K01.2,5137,-0.0666452994508793,0.36503428441446506
NSFC,61601229,K01,K01.2,2054,-0.23525084023418197,0.25149395849124445
NSFC,61601333,K04,K04.3,8031,-0.2360888632042223,0.04322476231561449
NSFC,61603005,K03,K03.2|K03.3,5765,-0.20774352232753224,0.1597759536765533
NSFC,61603009,K01,K01.1,3405,-0.24319742152257445,0.1373234722316103
NSFC,61603012,K01,K01.1,3206,-0.23445718421351036,0.03545918950787505
NSFC,61603030,K04,K04.1|K04.3,6534,-0.4302204511076613,-0.13965984784285387
NSFC,61603031,K01,K01.1,2492,-0.21915710728662288,0.1970504142597753
NSFC,61603176,K04,K04.3,6541,-0.31948140782424694,-0.17207114122429404
NSFC,61604108,K04,K04.1|K04.3,6250,-0.32628695736486585,-0.02287209468211797
NSFC,61631011,K03,K03.2|K03.3,1666,-0.14748710135976348,0.2953808736235184
NSFC,61661009,K03,K03.1|K03.2,3390,-0.06431605454127202,0.13279209473395798
NSFC,61663007,K01,K01.1|K01.2,4524,0.0003380554755729598,0.44470584903696175
NSFC,61663021,K04,K04.3,5608,-0.2723691627073753,-0.09794424389840158
NSFC,61663047,K01,K01.1|K01.2,5591,-0.13227131925082775,0.26217137250843436
NSFC,61671425,K01,K01.1,7979,-0.15030247579676123,0.34591974256843705
NSFC,61671451,K01,K01.1,7979,-0.15030247579676123,0.34591974256843705
NSFC,61672069,K03,K03.2,5585,-0.15319989463624856,0.09247175265016043
NSFC,61672399,K03,K03.2|K03.3,1689,-0.17957448050272312,0.1585169067401405
NSFC,61673181,K01,K01.1|K01.2,3418,-0.24776910243133887,0.17015999680890864
NSFC,61673232,K04,K04.1|K04.3,5638,-0.3794357228995797,-0.16618167356606506
NSFC,61673355,K04,K04.3,3919,-0.2950170351309589,-0.18809714024291954
NSFC,61673366,K04,K04.3,5641,-0.32296040978533236,-0.12390804606148989
NSFC,61675167,K01,K01.1,7572,-0.18242978526751813,0.29323037494323345
NSFC,61701031,K01,K01.1|K01.2,7982,-0.06651030857400599,0.30755454360780465
NSFC,61701233,K02,K02.1,3294,0.20596299118121136,-0.24092298257868847
NSFC,61701265,K01,K01.1,6196,-0.17198353992606158,0.170644666161573
NSFC,61703034,K04,K04.1|K04.3,2576,-0.37802928118793544,-0.1517335066998269
NSFC,61703064,K02,K02.1,5700,0.13283596578308182,-0.21213279873721522
NSFC,61703068,K04,K04.1|K04.3,6703,-0.3708368722425179,-0.19335260196677218
NSFC,61703145,K04,K04.1|K04.3,3522,-0.3713998144463247,-0.3014256762705436
NSFC,61703164,K04,K04.1|K04.3,5802,-0.3976497604228015,-0.12109220093740558
NSFC,61703165,K04,K04.1|K04.3,5693,-0.3301713722854995,-0.17394376365041347
NSFC,61703236,K04,K04.1|K04.3,5979,-0.34312992194225067,-0.15673931163819832
NSFC,61703300,K04,K04.1|K04.3,5638,-0.3794357228995797,-0.16618167356606506
NSFC,61703349,K02,K02.1,2436,0.1095316191041265,-0.21061711040816
NSFC,61731022,K04,K04.1,2067,-0.3130803640453967,0.05902278140876566
NSFC,61762057,K01,K01.2,2896,-0.16309180751654512,0.21869341434374995
NSFC,61763040,K01,K01.1|K01.2,2525,-0.2722672060231604,0.16116029005463403
NSFC,61765013,K01,K01.1|K01.2,6199,-0.21703703099710175,0.3236753613111615
NSFC,61773056,K04,K04.1|K04.3,5965,-0.36264698862522954,-0.1661634665436226
NSFC,61773168,K04,K04.1|K04.3,5639,-0.35972165656886596,-0.1796150650471411
NSFC,61773195,K02,K02.1,6520,0.0659500604558567,-0.2576824318909726
NSFC,61773243,K04,K04.1|K04.3,2783,-0.29754140249631666,-0.1641217925118298
NSFC,61773313,K01,K01.1,5978,-0.21825679618819777,0.2319839807605043
NSFC,61773338,K05,K05.1|K05.2,5790,-0.1737514285447556,0.0003052725724307509
NSFC,61773348,K04,K04.1|K04.3,2700,-0.35115706831007426,-0.176773382938948
NSFC,61773381,K04,K04.3,5748,-0.28311969585126073,-0.11204767050133219
NSFC,61801213,K01,K01.1,2162,-0.19136619324011817,0.3290429238786905
NSFC,61802010,K04,K04.1|K04.3,3266,-0.35709759615812525,-0.23834140070692691
NSFC,61802261,K01,K01.1,5625,-0.2552766755734894,0.2909197744390075
NSFC,61802325,K04,K04.3,5713,-0.26071911176029317,-0.12516810250441643
NSFC,61802380,K04,K04.1|K04.3,8003,-0.2862493533464516,0.004454717310420308
NSFC,61802387,K03,K03.2,5676,-0.17638955569140286,-0.013354990010157563
NSFC,61803051,K04,K04.3,1523,-0.29252369691254543,0.00908401545216432
NSFC,61803091,K04,K04.1|K04.3,1764,-0.3153276175953866,-0.21250306549715894
NSFC,61803284,K04,K04.1|K04.3,5965,-0.36264698862522954,-0.1661634665436226
NSFC,61806068,K03,K03.3,2833,-0.07322277437522817,0.16267600410908473
NSFC,61833002,K04,K04.1|K04.3,2418,-0.34947868516145786,-0.17480168533577806
NSFC,61863019,K04,K04.1,5902,-0.3038285275268282,-0.09439422208519099
NSFC,61871020,K01,K01.1|K01.2,5760,-0.22727472177412333,0.15241637689112408
NSFC,61871278,K03,K03.2,6094,-0.048436947133061424,0.1129410481594661
NSFC,61871295,K04,K04.1,2080,-0.31235943606154115,0.0651488160659157
NSFC,61872037,K02,K02.1,5593,0.11096922105113284,-0.07543472170606015
NSFC,61872306,K03,K03.2|K03.3,5677,-0.20441825629264623,0.09416085943090155
NSFC,61873009,K04,K04.3,3016,-0.24630535023144473,-0.11202004967161436
NSFC,61873018,K04,K04.1|K04.3,5581,-0.33054168506934717,-0.16624541450838515
NSFC,61873084,K05,K05.2|K05.3,4120,-0.14485049729833294,-0.026031491344507524
NSFC,61873098,K04,K04.1|K04.3,5646,-0.381660348724949,-0.18819266170179705
NSFC,61873225,K04,K04.1|K04.3,6668,-0.3676482092195984,-0.22286691446046655
NSFC,61876138,K01,K01.1|K01.2,5668,-0.26790516953098914,0.279623865545503
NSFC,61876218,K03,K03.2,5634,-0.2029502368111718,0.08230644437051855
NSFC,61902154,K04,K04.2|K04.3,5134,-0.06913731044454957,0.1101961407633815
NSFC,61902232,K03,K03.2,5675,-0.1929170192107842,0.0785535908618219
NSFC,61902296,K04,K04.1|K04.3,5733,-0.3719532098645125,-0.035480532999737455
NSFC,61903004,K04,K04.1|K04.3,5735,-0.36016537964091255,-0.15111695574679326
NSFC,61903010,K04,K04.1|K04.3,3239,-0.3586162315396007,-0.4216422584971975
NSFC,61903012,K04,K04.1|K04.3,3238,-0.3704040617632007,-0.30600583575014173
NSFC,61903020,K02,K02.1,8046,0.24808505215424304,-0.1131855545238826
NSFC,61903229,K04,K04.1|K04.3,2174,-0.38888118337418415,-0.08339830095888895
NSFC,61906191,K03,K03.2,5932,-0.19619472013720923,0.08607750490165766
NSFC,61962024,K04,K04.1|K04.3,5638,-0.3794357228995797,-0.16618167356606506
NSFC,61963011,K04,K04.1|K04.3,5778,-0.34966348819305737,-0.1534132415553874
NSFC,61963020,K04,K04.1|K04.3,6580,-0.39463341415413417,-0.2100957918514024
NSFC,61963022,K04,K04.1|K04.3,7006,-0.3414640417441947,-0.08994145900436135
NSFC,61966013,K01,K01.1|K01.2,4591,0.13847996947981095,0.32648285304230784
NSFC,61966040,K03,K03.3,1469,-0.1044012884574297,0.30529634764859037
NSFC,61971317,K01,K01.1,7980,-0.060579890315900234,0.29698280575657554
NSFC,61971363,K03,K03.2,26,0.004900975520171311,0.21653585833953443
NSFC,61972044,K04,K04.1|K04.3,6048,-0.3335886709140579,-0.023939277333587514
NSFC,61973009,K01,K01.2,3419,-0.2187009655248438,0.04434208672653192
NSFC,61973010,K04,K04.3,3245,-0.31321467022099075,-0.3321103638519365
NSFC,61973028,K01,K01.1,5928,-0.23354672586459435,0.2575296016139942
NSFC,61973070,K04,K04.3,6451,-0.32405986866977676,-0.1504138232300709
NSFC,61973107,K03,K03.3,6445,-0.23092818342848725,-0.06345927109578547
NSFC,61973110,K04,K04.3,6468,-0.32619554129014433,-0.14483057685692322
NSFC,61973171,K04,K04.1,6431,-0.3248727573686263,-0.16846901049089788
NSFC,61973265,K04,K04.1|K04.3,6980,-0.3540912720940534,-0.17618624671749528
NSFC,61973310,K04,K04.1|K04.3,2593,-0.416442299024161,-0.20538109378027075
NSFC,61975106,K04,K04.1|K04.3,6666,-0.41294666348325676,-0.2728418608491867
NSFC,61976087,K03,K03.2,5806,-0.19365971653704908,0.08940114953847081
NSFC,61976226,K01,K01.1|K01.2,1490,-0.2154150999126495,0.3633875357418034
NSFC,61976234,K01,K01.1,8025,-0.1566172987687793,0.34241616006905606
NSFC,61977022,K04,K04.3,4581,-0.05068924064885924,0.1305321871235966
NSFC,62001175,K04,K04.1|K04.3,5733,-0.3719532098645125,-0.035480532999737455
NSFC,62002101,K01,K01.1|K01.2,5689,-0.2522271802236331,0.31036715594607833
NSFC,62002117,K04,K04.1|K04.3,5681,-0.3662159024878596,-0.09145933768385829
NSFC,62002286,K03,K03.2,2832,-0.058980690857652576,0.15697740447829103
NSFC,62003126,K04,K04.1|K04.3,6558,-0.39995693269433336,-0.2150895255598303
NSFC,62003185,K01,K01.1,3206,-0.23445718421351036,0.03545918950787505
NSFC,62003376,K04,K04.1|K04.3,7007,-0.34465064455552713,-0.16841664839526474
NSFC,62063014,K03,K03.3,5766,-0.18788875946969263,0.09931690831188739
NSFC,62063023,K04,K04.1|K04.3,2512,-0.3925819582113689,-0.1073311986787684
NSFC,62066030,K01,K01.2,4088,-0.14165045501747303,0.045156732364446034
NSFC,62071006,K01,K01.2,2054,-0.23525084023418197,0.25149395849124445
NSFC,62071439,K01,K01.1|K01.2,1721,-0.1770700708811574,0.45578250491622474
NSFC,62071457,K01,K01.1,589,-0.17744813152490096,0.4261259751006693
NSFC,62072235,K03,K03.2,5620,-0.14232577213282713,0.10451739302491021
NSFC,62072258,K04,K04.3,7008,-0.28498872862994734,-0.04766783149978618
NSFC,62072391,K01,K01.1,3274,-0.12869089260212518,0.14843745366666602
NSFC,62072409,K01,K01.1,5759,-0.2109986816795022,0.2650704053934302
NSFC,62072429,K01,K01.1,1251,-0.22362242565497825,0.4601604767705275
NSFC,62073006,K01,K01.1,2796,-0.17648689684555108,0.3062912188321718
NSFC,62073025,K04,K04.1,2440,-0.33371926424660053,-0.10834407893222797
NSFC,62073074,K04,K04.1|K04.3,5965,-0.36264698862522954,-0.1661634665436226
NSFC,62073095,K04,K04.1|K04.3,6747,-0.39168954914266213,-0.21376303647967773
NSFC,62073304,K03,K03.3,1403,-0.24134407163427002,0.22824742926141942
NSFC,62076047,K01,K01.1,8072,-0.09458128474344818,0.27949034798547634
NSFC,62101458,K04,K04.1|K04.3,2429,-0.3796744188632233,-0.03682705020903819
NSFC,62102110,K04,K04.3,5788,-0.2868359137511851,-0.037210783287913024
NSFC,62102246,K04,K04.1|K04.3,5580,-0.35025575140006093,-0.15281202302730912
NSFC,62102258,K03,K03.2,5666,-0.173231042154259,-0.006446898674701974
NSFC,62103012,K04,K04.1|K04.3,3239,-0.3586162315396007,-0.4216422584971975
NSFC,62103056,K01,K01.2,3213,-0.20715281160014182,-0.18203426240010084
NSFC,62103124,K01,K01.1|K01.2,2774,-0.1688944311610766,0.22223339785264384
NSFC,62103246,K01,K01.1|K01.2,3210,-0.20888570591730238,-0.0830388868690277
NSFC,62103260,K04,K04.1|K04.3,5719,-0.34744564428027114,-0.1545568497774981
NSFC,62103321,K04,K04.1|K04.3,2504,-0.40960861247419955,-0.20280473710976066
NSFC,62103345,K03,K03.2,5988,-0.1536674884428838,0.09825083993980718
NSFC,62103350,K04,K04.1|K04.3,4519,-0.20080561299372557,0.04413731688902872
NSFC,62105248,K01,K01.1|K01.2,2892,-0.19215994442304019,0.34451132442612664
NSFC,62106168,K03,K03.1,5707,-0.14295029426509323,0.006007010185462382
NSFC,62302261,K02,K02.1,2507,0.11752337879701029,-0.21752037471698973
NSFC,71531011,K04,K04.1|K04.3,5796,-0.29469139104145714,-0.1211817350319695
NSFC,71533003,K05,K05.1|K05.3,4902,-0.024096691152511243,0.07324348207388032
NSFC,71533004,K05,K05.1|K05.3,8084,-0.07320781148311324,0.06543998453071716
NSFC,71533005,K02,K02.1,2973,0.31358298269552437,-0.05221517176176131
NSFC,71533007,K02,K02.1,5400,0.20147132610320279,-0.17434255133367843
NSFC,71561024,K04,K04.1|K04.3,2623,-0.31940896846084804,-0.12930504829844297
NSFC,71563018,K05,K05.2,7178,-0.12953953582854236,-0.009322969608568786
NSFC,71563049,K01,K01.1|K01.2,8344,-0.06485254616635663,0.29395466596343556
NSFC,71563052,K02,K02.1,7077,0.22638620444238183,-0.17218205322210922
NSFC,71563060,K05,K05.2,6382,-0.09602780817134593,0.0077086851324585145
NSFC,71571013,K04,K04.1|K04.3,5873,-0.3219382563524298,-0.13972948652149375
NSFC,71571015,K04,K04.1|K04.3,2563,-0.35037457656233445,-0.15716989908745352
NSFC,71571016,K04,K04.1|K04.3,6950,-0.2837152591808985,-0.14440325853733796
NSFC,71571017,K01,K01.1|K01.2,5669,-0.21967197967689378,0.16866884455340808
NSFC,71571042,K04,K04.1|K04.3,7160,-0.3152156474421812,-0.1685585257894553
NSFC,71571061,K04,K04.1|K04.3,5644,-0.3859432174173694,-0.2150798364635392
NSFC,71571078,K03,K03.3,1744,-0.23166596339959233,0.17283712878702345
NSFC,71571109,K04,K04.1|K04.3,5662,-0.3699391040198126,-0.12212774868449328
NSFC,71571171,K05,K05.2,7177,-0.1399975402595768,-0.02464321200948509
NSFC,71572058,K04,K04.3,7133,-0.25014528564145155,-0.1117601213214083
NSFC,71572115,K02,K02.1,7054,0.18558366460552772,-0.2000333335824886
NSFC,71573015,K05,K05.2,6795,-0.08276777058832024,0.027621922323436614
NSFC,71573016,K02,K02.1,6909,0.21504741594256732,-0.18438721940489577
NSFC,71573021,K01,K01.1,3930,-0.1865578208864479,0.14730704849273565
NSFC,71573029,K03,K03.1|K03.2,7235,-0.11949915851370362,0.023069614979299217
NSFC,71573045,K02,K02.1,7076,0.2618330450588036,-0.11863673423183538
NSFC,71573063,K02,K02.1|K02.2,7908,0.1702930186150181,-0.10931334615504945
NSFC,71573070,K02,K02.1,5269,0.33485128100418576,-0.04654356085150016
NSFC,71573081,K02,K02.1|K02.2,6246,0.04291806624803711,-0.20673435819108296
NSFC,71573114,K01,K01.1|K01.2,7405,-0.142139762202812,0.18773766265281924
NSFC,71573116,K01,K01.1|K01.2,1771,-0.1880529034231877,0.27748753698259065
NSFC,71573119,K01,K01.1|K01.2,3002,-0.14748961933300167,0.1950196348313692
NSFC,71573127,K02,K02.1,4799,0.4089255672386872,-0.067356517862821
NSFC,71573131,K05,K05.1|K05.2|K05.3,5434,-0.09702417441587285,0.03397692293097967
NSFC,71573135,K02,K02.1,6148,0.32462349312950123,-0.07632731440748727
NSFC,71573144,K05,K05.2,7270,-0.12970168171629254,-0.024314914120452794
NSFC,71573149,K05,K05.1|K05.2|K05.3,3066,-0.1255940224532893,0.08876989823876497
NSFC,71573157,K02,K02.1,3061,0.20874092172642855,-0.19798950030339232
NSFC,71573166,K02,K02.1|K02.2,5387,0.13544751722872156,-0.1338019479626511
NSFC,71573205,K02,K02.1,4940,0.2547583516529006,-0.13203678131262894
NSFC,71573212,K02,K02.1,7132,0.16972750563722783,-0.19889304340500336
NSFC,71573213,K02,K02.1,7003,0.16088566753362865,-0.19958439214685958
NSFC,71573217,K02,K02.1|K02.2,6829,0.10575790847695772,-0.15131969077877191
NSFC,71573231,K05,K05.1|K05.3,4970,-0.005080698663879682,0.09326017005039317
NSFC,71573235,K05,K05.1|K05.3,7886,-0.09792940416440225,0.043752624095444614
NSFC,71573237,K01,K01.1|K01.2,1497,-0.17662433223913898,0.28897332477716864
NSFC,71573242,K03,K03.1|K03.2,4226,-0.15418106337629947,0.008729038614173752
NSFC,71573248,K02,K02.1|K02.2,6593,0.08753642018235556,-0.19497638759912497
NSFC,71573249,K04,K04.3,7232,-0.20902913824916924,-0.10233128386635632
NSFC,71573252,K02,K02.1,7433,0.16503443390161554,-0.23597546348548928
NSFC,71573270,K01,K01.1|K01.2,2074,-0.2110861047314665,0.329040916255504
NSFC,71573291,K05,K05.1|K05.2,7174,-0.1507689029678207,-0.009325363746000685
NSFC,71601020,K03,K03.2,6496,-0.21935371043504098,0.035200324144018455
NSFC,71601024,K04,K04.1|K04.3,6965,-0.32714733052764305,-0.16518660273641567
NSFC,71601042,K01,K01.1|K01.2,1777,-0.11438326671135354,0.39261417165039014
NSFC,71601050,K04,K04.1|K04.3,5822,-0.27759713812807674,-0.08281427062134505
NSFC,71601070,K05,K05.1,1607,-0.10657764399230574,0.2206438146425324
NSFC,71601088,K04,K04.1|K04.3,5710,-0.3171944248745405,-0.16744173000899157
NSFC,71601118,K02,K02.1,2473,0.10940661302463171,-0.22094594305645734
NSFC,71601126,K04,K04.1|K04.3,5709,-0.3135953226735818,-0.16019610835411807
NSFC,71601142,K04,K04.1,5635,-0.30089703497338655,-0.1075297335782408
NSFC,71601143,K03,K03.3,5901,-0.20322602948290297,0.1126748479334764
NSFC,71601154,K04,K04.1|K04.3,6019,-0.32156099851861625,-0.17243001524729296
NSFC,71601155,K05,K05.1,7446,-0.13010295019073698,0.012700339182622693
NSFC,71601163,K01,K01.2,5997,-0.19257477238717294,0.17261806750051933
NSFC,71601165,K01,K01.1|K01.2,2494,-0.1937026746556042,0.19178597337274217
NSFC,71601167,K04,K04.1|K04.3,2980,-0.34723418319103205,-0.18633853115228924
NSFC,71601187,K04,K04.1|K04.3,6567,-0.3966434121836423,-0.2420544767831175
NSFC,71601192,K05,K05.1,2513,-0.20267026636549984,-0.0036142740058731047
NSFC,71602008,K04,K04.1|K04.3,7218,-0.3553158230813747,-0.22916775443874124
NSFC,71602014,K04,K04.1|K04.3,6063,-0.31825026217050584,-0.14901128476967876
NSFC,71603016,K05,K05.1,7185,-0.17222081142782267,-0.0015248786553313416
NSFC,71603020,K02,K02.1,6953,0.22102598754151792,-0.16251342788767267
NSFC,71603024,K01,K01.1,5399,-0.11561525507995779,0.22471175919989125
NSFC,71603048,K02,K02.1,7136,0.17069846751893158,-0.2203860625236587
NSFC,71603050,K02,K02.1,7118,0.19162698322812444,-0.20249781048254786
NSFC,71603062,K01,K01.1|K01.2,4625,0.03805694589358731,0.34557312480606894
NSFC,71603070,K02,K02.1,8107,0.17886755814971278,-0.107382636976858
NSFC,71603074,K02,K02.1,7867,0.2331059470814721,-0.15110118774195014
NSFC,71603124,K02,K02.1|K02.2,8389,0.14355044797397754,-0.1312320540199449
NSFC,71603126,K02,K02.1,743,0.35802334266201685,-0.03494876768486066
NSFC,71603134,K05,K05.2|K05.3,7465,-0.11852394081889372,-0.020743681428804964
NSFC,71603135,K04,K04.1|K04.3,6714,-0.36250614916152024,-0.21772025059831507
NSFC,71603140,K02,K02.1,3077,0.20107497686873715,-0.1965462469444725
NSFC,71603143,K04,K04.1|K04.3,7311,-0.30702969988400647,-0.20127248139382337
NSFC,71603158,K02,K02.1|K02.2,2974,0.16283469932214478,-0.07159903079445909
NSFC,71603165,K02,K02.1,7203,0.13553789328383636,-0.1593688572243648
NSFC,71603168,K04,K04.2,1299,-0.10183715042557008,0.17898963272630444
NSFC,71603185,K05,K05.2,8065,-0.1145770304452859,0.017009332346924536
NSFC,71603197,K03,K03.1|K03.3,1619,-0.1772889763106414,0.24514128462647594
NSFC,71603201,K02,K02.1,5534,0.21808556164843002,-0.18437393697826102
NSFC,71603206,K02,K02.1,8292,0.19455148428471775,-0.16909933698497015
NSFC,71603227,K05,K05.2|K05.3,7262,-0.133371425442109,-0.14254244995711365
NSFC,71603247,K02,K02.1|K02.2,4058,0.10765314611547332,-0.15971457472026512
NSFC,71603255,K02,K02.1,7184,0.19284489924447834,-0.18941647696639038
NSFC,71603267,K05,K05.2,3067,-0.10111242794422742,0.03355539656892849
NSFC,71603282,K02,K02.1|K02.2,8377,0.17081772396735245,-0.0896802029830744
NSFC,71603288,K02,K02.1,8239,0.21016814003548373,-0.1766656163979431
NSFC,71631007,K05,K05.1|K05.3,2585,-0.2152908033168292,-0.0396775747123109
NSFC,71632007,K04,K04.1|K04.3,7440,-0.3038613748811851,-0.16697764916878488
NSFC,71661019,K02,K02.1,5594,0.2083129827906145,-0.13776080158814924
NSFC,71662008,K02,K02.1,6884,0.1841883368164801,-0.17601660837156155
NSFC,71662010,K05,K05.2,7176,-0.11953614789507394,-0.03566622522521897
NSFC,71663004,K05,K05.3,5433,-0.09004870088274228,0.01772334976535498
NSFC,71663017,K05,K05.1,8033,-0.04371771711809075,0.11642278129383504
NSFC,71663039,K04,K04.1|K04.3,4701,-0.040750832993472555,-0.015559649634648863
NSFC,71663051,K05,K05.1|K05.2,4648,0.1905935091699924,0.1984298820236908
NSFC,71663052,K05,K05.3,7231,-0.12676252884451777,-0.010796114585493104
NSFC,71671001,K04,K04.1,7004,-0.26494652419478276,-0.11137254088916754
NSFC,71671015,K03,K03.2,5718,-0.14267201739001614,0.03316378974848809
NSFC,71671022,K04,K04.3,6945,-0.2011191425099843,-0.04700147909801554
NSFC,71671023,K04,K04.1,7022,-0.2784513851965093,-0.13785080528280427
NSFC,71671025,K04,K04.1|K04.3,2599,-0.3743672195080252,-0.07676164511133539
NSFC,71671058,K04,K04.1|K04.3,5571,-0.33977425095743863,-0.08633643627227433
NSFC,71671065,K02,K02.1,2713,0.09713621701618823,-0.2562563691156756
NSFC,71671072,K02,K02.1,2669,0.08540707003041122,-0.03951953734760039
NSFC,71671074,K04,K04.1|K04.2|K04.3,2498,-0.29898307457685497,-0.07243443554789297
NSFC,71671080,K05,K05.3,8193,-0.1022055262987094,0.037852067770018
NSFC,71671109,K04,K04.1|K04.3,5658,-0.3490087576510225,-0.15225667671431992
NSFC,71671123,K02,K02.1,7033,0.17836700822710866,-0.15979900877066366
NSFC,71671127,K05,K05.1,2990,-0.11872973836767065,0.04253974437405617
NSFC,71671139,K04,K04.1|K04.3,7404,-0.30670966271063427,-0.17484016215265633
NSFC,71671190,K05,K05.2|K05.3,7365,-0.15376774702884127,-0.1458896287580709
NSFC,71672180,K05,K05.3,7322,-0.10450490541289228,0.009674783307521792
NSFC,71672189,K02,K02.1,7585,0.19965098499066747,-0.18736915822746728
NSFC,71672193,K04,K04.1,2650,-0.22888271858614778,-0.03944618573395087
NSFC,71673010,K02,K02.1,5440,0.2741088699546802,-0.09693521666232324
NSFC,71673014,K01,K01.1|K01.2,5370,-0.06910945436008276,0.30252108324158955
NSFC,71673017,K05,K05.1,6673,-0.18791338205003555,-0.040076953573039566
NSFC,71673019,K05,K05.1|K05.2,6675,-0.20361810466436708,-0.042412986770810665
NSFC,71673027,K04,K04.2|K04.3,7164,-0.1792294231460736,-0.051739345134418274
NSFC,71673029,K05,K05.2|K05.3,3078,-0.06902049633255138,0.004050877600950482
NSFC,71673051,K02,K02.1,3009,0.15348384610138138,-0.25695803752129887
NSFC,71673076,K05,K05.3,1304,-0.12835738245957973,0.1513622902986545
NSFC,71673085,K05,K05.1|K05.2|K05.3,6565,-0.22122720700589288,-0.058399610639145394
NSFC,71673092,K01,K01.1,5360,-0.12409532821538755,0.21923282612931266
NSFC,71673105,K02,K02.1,4919,0.29573426700849426,-0.10348356503112459
NSFC,71673107,K06,K06.2,2950,-0.10696885684170045,0.004088579972724618
NSFC,71673113,K02,K02.1,8238,0.24106629869846946,-0.12354529419149049
NSFC,71673116,K02,K02.1,6658,0.10814795861136643,-0.25009057950115055
NSFC,71673117,K05,K05.2|K05.3,7179,-0.14156596221172132,-0.024585629841566634
NSFC,71673120,K02,K02.1|K02.2,7104,0.07667427278609952,-0.1748649029030582
NSFC,71673130,K01,K01.1|K01.2,2044,-0.1631900113163342,0.33799435960883306
NSFC,71673137,K05,K05.2,6180,-0.1001142920320905,0.05171330191851029
NSFC,71673161,K04,K04.1,2514,-0.2896512395890279,-0.12748030016812836
NSFC,71673162,K03,K03.1|K03.2|K03.3,7097,-0.17525161371595405,-0.013859774855742805
NSFC,71673188,K05,K05.1|K05.3,1745,-0.22221129086839175,0.08717940874242332
NSFC,71673198,K05,K05.2,4229,-0.17198668976961173,-0.06136220677694004
NSFC,71673200,K02,K02.1,7803,0.2144507904357229,-0.18237172886375333
NSFC,71673207,K05,K05.1|K05.2,7890,-0.06664402552774053,0.0682045463408247
NSFC,71673219,K02,K02.1|K02.2,5339,0.16361937542612603,-0.10174333588454704
NSFC,71673228,K02,K02.1|K02.2,4188,0.10459933849574464,-0.15879711118514583
NSFC,71673232,K05,K05.1|K05.3,5402,-0.09235208035884679,0.07576537657424032
NSFC,71673247,K02,K02.1,5287,0.3337268327122401,-0.0569017994429645
NSFC,71673258,K01,K01.1|K01.2,8160,-0.1154060495279037,0.2591410572453417
NSFC,71673262,K05,K05.1|K05.2,3040,-0.10277779882293533,0.024041961688918673
NSFC,71673263,K03,K03.1|K03.3,7105,-0.16620018727363778,0.005707358149432289
NSFC,71673266,K04,K04.1|K04.3,7157,-0.2905050150508712,-0.1793795736750513
NSFC,71673267,K03,K03.3,2330,-0.22855224511656225,0.012571491687674567
NSFC,71673268,K01,K01.1|K01.2,5250,-0.043612884606910055,0.3182183360070202
NSFC,71673270,K02,K02.1,6800,0.24235193166618546,-0.1323148722246591
NSFC,71673285,K02,K02.1,5436,0.2055097334835707,-0.1860205591724954
NSFC,71673308,K06,K06.2,2913,-0.07552452870690349,0.012488651815979484
NSFC,71701009,K04,K04.3,2376,-0.29665319081976577,-0.1124510728227977
NSFC,71701011,K04,K04.1|K04.3,5711,-0.30683660952936065,-0.13632543217211446
NSFC,71701013,K04,K04.1|K04.3,5839,-0.2884609291698141,-0.1595594680988139
NSFC,71701030,K04,K04.1|K04.3,5779,-0.33533007148625205,-0.1408138967302029
NSFC,71701041,K04,K04.1|K04.3,5607,-0.2706601280388094,-0.09448771309942358
NSFC,71701045,K01,K01.1|K01.2,6002,-0.17761956851884425,0.2178669293654935
NSFC,71701055,K03,K03.3,5981,-0.19142367244643518,0.0968988946795964
NSFC,71701056,K04,K04.1|K04.3,7204,-0.297565275699258,-0.18273001144682585
NSFC,71701064,K04,K04.1|K04.3,7011,-0.33480920964750993,-0.09996115746938317
NSFC,71701070,K04,K04.1,5961,-0.26751852762136036,-0.1171928649445482
NSFC,71701077,K05,K05.1|K05.2,6885,-0.13821160349468908,0.011703557145693006
NSFC,71701079,K04,K04.1|K04.2|K04.3,2656,-0.3067279195162996,-0.11160107411064094
NSFC,71701087,K05,K05.1,6622,-0.2453668560975742,-0.0849755427287289
NSFC,71701101,K04,K04.1,2778,-0.2565621114655086,-0.050657657946723805
NSFC,71701107,K04,K04.3,2989,-0.27391281982886234,-0.03055276718843211
NSFC,71701146,K05,K05.2,5893,-0.13602095234894124,0.007478865486397052
NSFC,71701152,K01,K01.1,5784,-0.19083324030822085,0.16875640457758576
NSFC,71701155,K03,K03.3,1568,-0.21519273799760658,0.20662145252816697
NSFC,71701173,K04,K04.1|K04.3,3119,-0.3107651315934976,-0.1477291310322906
NSFC,71701215,K03,K03.2,5634,-0.2029502368111718,0.08230644437051855
NSFC,71702073,K04,K04.1|K04.3,7222,-0.327913008783285,-0.20826765047446544
NSFC,71703009,K01,K01.1|K01.2,6943,-0.19490593194462447,0.1983004219717505
NSFC,71703039,K05,K05.2,6783,-0.1489129180690545,-0.042184627912802974
NSFC,71703048,K02,K02.1,3674,0.16463716839349934,-0.3557349872550374
NSFC,71703110,K05,K05.2,5575,-0.17274013585807269,-0.011483510367236823
NSFC,71703149,K02,K02.2,2742,-0.03520950541160485,-0.0021122855138895717
NSFC,71703153,K02,K02.1,7233,0.186098290601095,-0.19832456281237884
NSFC,71703167,K05,K05.2|K05.3,7027,-0.11304636186533898,-0.0033776526974091566
NSFC,71704002,K05,K05.2,7109,-0.13837405419682425,-0.03654690140871918
NSFC,71704005,K06,K06.2,3012,-0.10163465809454944,-0.017434560771274095
NSFC,71704009,K03,K03.2|K03.3,895,0.03584407569972091,0.17710508808530362
NSFC,71704011,K05,K05.2|K05.3,2595,-0.08242566344087218,0.06237361912540808
NSFC,71704015,K05,K05.3,4284,-0.14612686335604086,-0.08008437018848638
NSFC,71704028,K02,K02.1|K02.2,8236,0.13862306225470422,-0.12124878770848099
NSFC,71704029,K04,K04.3,6391,-0.16747058325157055,-0.054839487632473524
NSFC,71704034,K02,K02.1|K02.2,7638,0.17013425771255292,-0.1060838842324077
NSFC,71704045,K02,K02.1|K02.2,7013,0.10440146904797963,-0.13485658620618785
NSFC,71704052,K02,K02.1,2738,0.21586419106800292,-0.17398759120625953
NSFC,71704065,K02,K02.1|K02.2,3006,0.09468684602184023,-0.17163916396902804
NSFC,71704081,K02,K02.1,6811,0.23601601524908938,-0.17333591296594547
NSFC,71704089,K05,K05.1,8103,-0.0838691315076373,0.08320340191805815
NSFC,71704094,K02,K02.1,8254,0.20594185979137136,-0.1728224203969033
NSFC,71704097,K05,K05.2|K05.3,4271,-0.15451027397168693,0.01740943345881832
NSFC,71704103,K03,K03.3,5209,-0.019380432968091957,-0.012384072338335578
NSFC,71704124,K02,K02.1,1739,0.17012921746584686,-0.09299154241930384
NSFC,71704126,K02,K02.1|K02.2,8146,0.13428845693985686,-0.1052420578445575
NSFC,71704129,K03,K03.1|K03.2,8000,-0.026535006610737016,0.13441451668077178
NSFC,71704134,K02,K02.1,8383,0.23994371202696607,-0.11752127047169955
NSFC,71704142,K02,K02.1,7025,0.1614225185619268,-0.21712709409994324
NSFC,71704148,K05,K05.1,7825,-0.20603137876732935,-0.06666042886436306
NSFC,71704162,K02,K02.1,8200,0.19826209539941447,-0.15752107153297762
NSFC,71704167,K02,K02.1,8374,0.11717618811840265,-0.25201706506779564
NSFC,71704171,K02,K02.1,3264,0.1621164126418107,-0.4043648445184591
NSFC,71704177,K05,K05.1,4957,0.02656209301823613,0.1544768659301248
NSFC,71704178,K01,K01.1|K01.2,6345,-0.2136640618712392,0.16246171446200866
NSFC,71734001,K05,K05.2|K05.3,6095,-0.10057165644004012,0.03922374599623891
NSFC,71734004,K05,K05.2|K05.3,5889,-0.14262651394100523,0.05940200887731002
NSFC,71734006,K05,K05.1|K05.2|K05.3,5352,-0.03420353391864815,0.15190547359070586
NSFC,71761025,K04,K04.1|K04.3,6982,-0.3343772057633396,-0.1896196381985713
NSFC,71761031,K01,K01.1,5648,-0.26740643733968184,0.3015062471252372
NSFC,71763001,K05,K05.1,5034,-0.015159226217116198,0.07296409802559015
NSFC,71764010,K05,K05.2,8150,-0.10860233698671275,0.04025138811035446
NSFC,71764018,K02,K02.1|K02.2,3957,0.09067577811004561,-0.1949742867867488
NSFC,71764024,K02,K02.1,4484,0.3927650794282227,-0.039333539109546616
NSFC,71764027,K03,K03.1,7143,-0.14467281235771356,-0.003997164642856536
NSFC,71764032,K05,K05.2|K05.3,7667,-0.08272021930095265,0.00941696325484969
NSFC,71764034,K04,K04.1,5314,-0.03154114412146326,-0.0033091344531054126
NSFC,71771009,K02,K02.1,2481,0.09680684578009334,-0.11953531123416972
NSFC,71771010,K05,K05.1,2084,-0.18532507362010447,0.15145193699690226
NSFC,71771014,K04,K04.1|K04.3,5917,-0.34454076892134816,-0.10553554886418076
NSFC,71771015,K04,K04.1|K04.2,5702,-0.24883579285276514,-0.06685512919353968
NSFC,71771017,K04,K04.1|K04.3,2557,-0.3175447862902605,-0.16387723355710276
NSFC,71771018,K04,K04.1|K04.3,5780,-0.3162466102710343,-0.17084448041488506
NSFC,71771019,K04,K04.1|K04.3,5694,-0.3265227589965418,-0.16238212392094203
NSFC,71771021,K04,K04.1|K04.3,2153,-0.38831446114912976,-0.016186204077774186
NSFC,71771047,K04,K04.1|K04.3,5998,-0.35667459654192735,-0.19194846652509404
NSFC,71771049,K02,K02.1,5762,0.18499321997940393,-0.1496922356821789
NSFC,71771061,K02,K02.1,2021,0.16019298515935,-0.08869195500881152
NSFC,71771067,K01,K01.1|K01.2,8140,-0.13729901906026243,0.2371772544312627
NSFC,71771113,K03,K03.1,1618,-0.1500375718041222,0.13650956766966257
NSFC,71771137,K04,K04.1|K04.3,5599,-0.31690936526800084,-0.1627526463622083
NSFC,71771174,K04,K04.1|K04.2|K04.3,5976,-0.3521369292027262,-0.08651733156474249
NSFC,71771194,K04,K04.1|K04.3,6028,-0.3394716914000457,-0.2059845196836297
NSFC,71771209,K02,K02.1,7474,0.21109819298048482,-0.18304749623665592
NSFC,71772106,K04,K04.3,7010,-0.23652490018770272,-0.10401950279320038
NSFC,71772123,K02,K02.1,7070,0.2126527184841674,-0.19807257397929118
NSFC,71773016,K02,K02.1,4678,0.37141141008050693,-0.07740315831952008
NSFC,71773043,K02,K02.1|K02.2,2942,0.15226527295920445,-0.1375033646512269
NSFC,71773050,K06,K06.2,8359,-0.08947010953646983,0.00456134908435683
NSFC,71773062,K05,K05.1|K05.2,3013,-0.09374259807654782,0.0064138151189377345
NSFC,71773083,K02,K02.1|K02.2,7140,0.10289325366699277,-0.17013665796439706
NSFC,71773096,K02,K02.2,2742,-0.03520950541160485,-0.0021122855138895717
NSFC,71773114,K05,K05.3,7464,-0.11630033932869667,0.004105566795581109
NSFC,71773119,K06,K06.2,7876,-0.14526392174828395,-0.05482202508695799
NSFC,71773133,K05,K05.1|K05.2,8237,-0.06852814016240862,0.08897373442318568
NSFC,71774014,K05,K05.1|K05.2,6948,-0.13816891404383136,0.019401471382497003
NSFC,71774019,K05,K05.3,1986,-0.13725583638552522,0.04938582455082311
NSFC,71774022,K02,K02.1|K02.2,8174,0.13158052312447976,-0.11511383392082888
NSFC,71774023,K02,K02.1|K02.2,6053,0.1363210692861742,-0.13431870696357803
NSFC,71774026,K02,K02.1,8274,0.1975833651097736,-0.17005963258222045
NSFC,71774032,K01,K01.1,5264,-0.03524944339557254,0.2892715564035805
NSFC,71774033,K04,K04.1|K04.2,2996,-0.20212590626979526,-0.0925367743062125
NSFC,71774038,K05,K05.3,8295,-0.10673427742628022,0.027334311660874203
NSFC,71774039,K05,K05.3,7180,-0.1305872941920663,-0.02395241387781436
NSFC,71774043,K02,K02.1,2719,0.1910886120346484,-0.16844631768166474
NSFC,71774064,K05,K05.1|K05.2|K05.3,8229,-0.08694357869862138,0.059337252802502065
NSFC,71774068,K04,K04.1,2198,-0.23647597803113152,-0.05711599099607573
NSFC,71774070,K05,K05.2,6688,-0.19186969768613593,-0.05367442905193433
NSFC,71774093,K04,K04.3,2516,-0.32044389855746,-0.15499480624738546
NSFC,71774099,K05,K05.1|K05.2,7294,-0.11071455350645786,0.014402889055678061
NSFC,71774105,K05,K05.2|K05.3,7110,-0.1419392026714767,-0.03245108216433121
NSFC,71774124,K02,K02.1,4894,0.37006839898945115,-0.11199659533089157
NSFC,71774132,K05,K05.2,4119,-0.09349865015064637,-0.0004692673205253968
NSFC,71774133,K01,K01.1|K01.2,8027,-0.07282513154602406,0.30405096110842367
NSFC,71774136,K05,K05.2,5367,-0.09897115566201206,0.01980877843138055
NSFC,71774142,K02,K02.1,6891,0.2602738849712994,-0.11489596458898482
NSFC,71774153,K05,K05.2,7117,-0.13443220845659248,0.005083770880167489
NSFC,71774162,K02,K02.1,4514,0.3299280447050832,-0.1048836237811258
NSFC,71774170,K02,K02.1,8225,0.23439879595128282,-0.12928213676981462
NSFC,71774174,K05,K05.2,7920,-0.10812310775053754,0.021289630477489784
NSFC,71774175,K05,K05.1,7837,-0.07703825287456363,0.05373307999626731
NSFC,71801020,K05,K05.2|K05.3,5993,-0.16440158311807243,-0.0021077403952790875
NSFC,71801026,K01,K01.2,2148,-0.20570248162274135,0.08416784541845568
NSFC,71801030,K05,K05.1,1769,-0.1644182065914738,0.1406313326912786
NSFC,71801038,K05,K05.2,8151,-0.11295377033754085,0.03840766538723488
NSFC,71801039,K04,K04.1|K04.3,6981,-0.3307781035623809,-0.1823740165436978
NSFC,71801041,K04,K04.2|K04.3,5820,-0.18629369526225956,-0.03536148494894713
NSFC,71801053,K04,K04.1,7148,-0.2607568105869227,-0.11453039378339819
NSFC,71801067,K04,K04.1|K04.3,5812,-0.3783122723953198,-0.21060825520148416
NSFC,71801079,K01,K01.2,5629,-0.15003754770285976,0.14012580846622588
NSFC,71801080,K04,K04.1|K04.3,5570,-0.3379253868118558,-0.09347930502191629
NSFC,71801082,K04,K04.1,2578,-0.29068089986880363,-0.1274270114324988
NSFC,71801093,K04,K04.1|K04.3,2580,-0.33774484418181727,-0.16837124044001703
NSFC,71801101,K01,K01.1|K01.2,2363,-0.26223511745536293,0.3397710200802323
NSFC,71801106,K02,K02.1,5763,0.15540415004863084,-0.18603755300708474
NSFC,71801147,K04,K04.1|K04.3,7063,-0.3162383562093967,-0.1739049740559008
NSFC,71801161,K04,K04.1|K04.3,2780,-0.32488798101185784,-0.18543304952649137
NSFC,71801172,K04,K04.3,5617,-0.2651160039254822,-0.1428039463901612
NSFC,71801214,K04,K04.1,2340,-0.3214679592030209,-0.009532784797408982
NSFC,71802071,K05,K05.3,8198,-0.10068960531761315,0.029258589312708916
NSFC,71803007,K02,K02.1,7417,0.11502373570107098,-0.2988506892356312
NSFC,71803050,K02,K02.1|K02.2,8248,0.1472173765419469,-0.12563189130764418
NSFC,71803068,K02,K02.1,7136,0.17069846751893158,-0.2203860625236587
NSFC,71803087,K02,K02.1,7069,0.23870228033736512,-0.137638332850287
NSFC,71803088,K05,K05.2,7189,-0.10775762831839195,-0.007158940074690104
NSFC,71803119,K02,K02.2,7476,-0.047145379463451965,-0.008729852980499251
NSFC,71803130,K02,K02.1|K02.2,7815,0.18996883778202267,-0.07717590973103569
NSFC,71803149,K02,K02.1,7891,0.20620396622971532,-0.17037140300875195
NSFC,71803189,K02,K02.1|K02.2,6151,0.2662155580407865,-0.03296683198695596
NSFC,71804010,K02,K02.1,6794,0.21686412358890939,-0.16398683711373344
NSFC,71804014,K05,K05.1,4075,-0.09774877615441196,0.05973012425620558
NSFC,71804018,K02,K02.1,5386,0.20634615109226118,-0.1887827493288977
NSFC,71804019,K02,K02.1,8083,0.20492403229206574,-0.16691617485478205
NSFC,71804021,K02,K02.1|K02.2,8379,0.18033133488849945,-0.0724348512053734
NSFC,71804023,K01,K01.1|K01.2,4225,-0.22273676547888815,0.24285322681897084
NSFC,71804033,K02,K02.1,8232,0.24157684285446568,-0.11445210567283873
NSFC,71804034,K04,K04.1|K04.3,2095,-0.30443918865542297,-0.12274748164089003
NSFC,71804038,K02,K02.1,5601,0.2556099760325937,-0.11047904762434235
NSFC,71804048,K05,K05.1|K05.2,6740,-0.21534573610503616,-0.04421578943594506
NSFC,71804065,K05,K05.2,2912,-0.07991333667254358,0.013427588755619894
NSFC,71804071,K05,K05.1,3014,-0.1441807661614516,-0.01765552764222046
NSFC,71804085,K05,K05.1|K05.2|K05.3,7316,-0.14468824721390475,0.03830055155960393
NSFC,71804099,K02,K02.1|K02.2,7848,0.18744014247792612,-0.06953851510706469
NSFC,71804113,K02,K02.1,8054,0.20061675796685713,-0.15306703600330368
NSFC,71804119,K01,K01.1|K01.2,1497,-0.17662433223913898,0.28897332477716864
NSFC,71804127,K05,K05.2,6041,-0.08535859018389022,0.021748741489081992
NSFC,71804138,K02,K02.1,7813,0.21119335209476708,-0.17759197929897846
NSFC,71804141,K02,K02.1|K02.2,7191,0.12759042085776512,-0.13419650425105362
NSFC,71804174,K02,K02.1,7012,0.16298069344226174,-0.18563813767270257
NSFC,71804175,K05,K05.2|K05.3,4161,-0.15146273526243753,-0.03612185305323895
NSFC,71804178,K03,K03.1|K03.2,6680,-0.17918116713506743,-0.020005554312336096
NSFC,71804180,K05,K05.1|K05.3,4909,0.08426544820779912,0.19154134396558717
NSFC,71804182,K02,K02.1,2738,0.21586419106800292,-0.17398759120625953
NSFC,71804188,K05,K05.2|K05.3,5836,-0.1761414239714587,-0.034183297510956334
NSFC,71834005,K05,K05.1|K05.3,7840,-0.07505108897907042,0.07195171916735692
NSFC,71861006,K02,K02.1,6003,0.16488392740862962,-0.1794056715032091
NSFC,71861023,K04,K04.1|K04.3,6020,-0.35721887795444895,-0.07504212578919309
NSFC,71861026,K03,K03.2,7633,0.01922222254525177,0.13335043600312135
NSFC,71864002,K02,K02.1|K02.2,8202,0.13582643057732163,-0.11535733646677826
NSFC,71864008,K04,K04.1|K04.3,5745,-0.3074920233897647,-0.1379968274675953
NSFC,71864011,K02,K02.1|K02.2,2872,0.12508129223307096,-0.13841925327439872
NSFC,71864023,K02,K02.1,891,0.32187334252740885,-0.08299807844279047
NSFC,71864034,K05,K05.1|K05.2|K05.3,7812,-0.10857629698031356,0.02665302448647594
NSFC,71864035,K05,K05.1,1749,-0.18253678765695927,0.0368153642317153
NSFC,71871010,K03,K03.1,5633,-0.18907662816037735,-0.013411946507560654
NSFC,71871013,K02,K02.1,6955,0.1461679557784098,-0.2178927108662589
NSFC,71871014,K05,K05.2|K05.3,6860,-0.1650557046868476,0.002596027855199889
NSFC,71871027,K03,K03.2,5791,-0.12863631424626742,0.03528011874825229
NSFC,71871028,K04,K04.1|K04.3,6952,-0.349973535923169,-0.17438451495023014
NSFC,71871029,K05,K05.1,5886,-0.15710599245113216,0.04226384351813067
NSFC,71871037,K05,K05.1,5777,-0.20911628525196832,-0.02561209214012143
NSFC,71871039,K03,K03.1|K03.3,1513,-0.1512919830502731,0.13190938150124662
NSFC,71871055,K01,K01.1|K01.2,5669,-0.21967197967689378,0.16866884455340808
NSFC,71871059,K02,K02.1,5930,0.08847075370344663,-0.256789372559877
NSFC,71871063,K04,K04.2|K04.3,7223,-0.22445939028116668,-0.12722380533178398
NSFC,71871077,K05,K05.1|K05.2,5685,-0.20435261596863652,-0.007683439544845776
NSFC,71871078,K03,K03.3,5933,-0.22307320787008028,-0.033182433396065344
NSFC,71871103,K04,K04.1|K04.3,2618,-0.28703214206781147,-0.08247581811898409
NSFC,71871125,K04,K04.1|K04.3,2556,-0.3407001712151082,-0.12315244539179729
NSFC,71871126,K04,K04.1|K04.3,5574,-0.33168060042591374,-0.13503093357369225
NSFC,71871165,K01,K01.1|K01.2,6001,-0.20398851543465968,0.28129398100397185
NSFC,71871174,K03,K03.3,1436,-0.21597887173664468,0.17963113447763454
NSFC,71871192,K03,K03.3,2437,-0.25024553232349583,0.12394484974774653
NSFC,71871206,K04,K04.1,7350,-0.27338417652843916,-0.2519541829266295
NSFC,71871221,K01,K01.1|K01.2,4154,0.08259861095615355,0.3851254946903836
NSFC,71872031,K02,K02.1,8253,0.18617561359885187,-0.17675351916261214
NSFC,71873003,K03,K03.2|K03.3,5326,-0.047412984928138335,0.12174407234220529
NSFC,71873009,K03,K03.1,6167,0.01737522786353475,0.15172739777907804
NSFC,71873021,K02,K02.1|K02.2,7182,0.11569298410390787,-0.17306721357571309
NSFC,71873053,K05,K05.2|K05.3,7915,-0.07954398751796683,0.041321937945625234
NSFC,71873062,K02,K02.1,7850,0.23684342233315053,-0.14665349133139224
NSFC,71873063,K03,K03.1|K03.2,7649,-0.09135025968229143,0.03418840857564333
NSFC,71873078,K05,K05.2,7125,-0.16701042527223997,-0.037311193098638964
NSFC,71873093,K02,K02.1,3003,0.20249196147166465,-0.2118014614039447
NSFC,71873109,K02,K02.1|K02.2,2740,0.1650086198639984,-0.1342006090765507
NSFC,71873116,K04,K04.1|K04.3,7188,-0.28386868324342224,-0.1496774055088545
NSFC,71873126,K02,K02.1,8260,0.18514896084026755,-0.16657109952907426
NSFC,71873143,K05,K05.1|K05.2,7236,-0.14126052182227342,0.001447842761714323
NSFC,71874021,K01,K01.1|K01.2,7416,-0.12576237767664936,0.2104272941508348
NSFC,71874041,K05,K05.1|K05.2,8376,-0.09637940594451747,0.07400851522062477
NSFC,71874050,K02,K02.1,5398,0.22973824215980437,-0.15016377714881096
NSFC,71874065,K02,K02.1,335,0.32490792935174834,-0.020627300762281336
NSFC,71874069,K04,K04.1|K04.3,2059,-0.34884367081429624,-0.10800414853651548
NSFC,71874091,K02,K02.1,3835,0.19245287890408969,-0.23538818556187
NSFC,71874097,K02,K02.1,7103,0.16125783998040533,-0.22815566084588923
NSFC,71874098,K02,K02.1|K02.2,2963,0.12733448037282658,-0.15830294277644227
NSFC,71874119,K05,K05.1|K05.3,6744,-0.17371587361833,-0.024279198350994867
NSFC,71874120,K05,K05.1|K05.2|K05.3,6072,-0.08841721389484807,0.07369485176094749
NSFC,71874123,K02,K02.1,2509,0.13709584443221146,-0.21119426922114418
NSFC,71874135,K04,K04.1|K04.2,4011,-0.24233471139209506,-0.15777943975356004
NSFC,71874136,K02,K02.1|K02.2,7776,0.20779385992158644,-0.056601457430820776
NSFC,71874151,K02,K02.1|K02.2,7668,0.14125470892723413,-0.1314725216650984
NSFC,71874154,K02,K02.1,5426,0.25478509883386496,-0.12674237372630046
NSFC,71874155,K05,K05.1,7932,-0.08549745984232662,0.08695820624181645
NSFC,71874156,K02,K02.1|K02.2,8368,0.16913202889496715,-0.09578653233751688
NSFC,71874161,K03,K03.1,3583,-0.1406334836643937,-0.041011585215176186
NSFC,71874174,K03,K03.1|K03.2|K03.3,4876,0.02829728867981994,0.21580962532254552
NSFC,71874191,K05,K05.3,6408,-0.16890067677539683,-0.04337146267599103
NSFC,71874192,K05,K05.1|K05.2,4966,0.03174033685666812,0.12843086174845159
NSFC,71874203,K01,K01.1|K01.2,3539,-0.13737902071754327,0.1548344666108709
NSFC,71901018,K03,K03.1,7692,-0.07223265767878147,0.07081148303694593
NSFC,71901021,K04,K04.1|K04.3,2175,-0.35594370260093755,-0.11510771909067122
NSFC,71901022,K04,K04.1|K04.3,5576,-0.3267406793387816,-0.17907455854031196
NSFC,71901029,K03,K03.3,1696,-0.2171591980048836,0.12251928905819878
NSFC,71901037,K04,K04.1|K04.3,6967,-0.3700050669687879,-0.21163357433713514
NSFC,71901039,K04,K04.3,2772,-0.25109930698245697,-0.11809531149855801
NSFC,71901040,K04,K04.1|K04.3,5965,-0.36264698862522954,-0.1661634665436226
NSFC,71901043,K01,K01.1|K01.2,2500,-0.19682467534758208,0.26328716466284313
NSFC,71901047,K03,K03.1,1681,-0.14404401830977198,0.11505210513386614
NSFC,71901048,K03,K03.2|K03.3,2907,-0.12759920780217546,0.11766100971739714
NSFC,71901059,K04,K04.1|K04.3,5663,-0.3355521836925027,-0.17557378565138168
NSFC,71901060,K04,K04.1|K04.3,1695,-0.38861223040253007,-0.05936770209755182
NSFC,71901066,K04,K04.3,7225,-0.2552787337582379,-0.15006541663577952
NSFC,71901081,K03,K03.3,5970,-0.1849294265274415,0.00874316731631362
NSFC,71901120,K04,K04.1|K04.2|K04.3,2510,-0.31548946823285634,-0.13412928239703722
NSFC,71901139,K01,K01.1|K01.2,7503,-0.15404182843530373,0.17463683783002462
NSFC,71901143,K04,K04.3,7168,-0.26020533404221485,-0.1271756706481764
NSFC,71901159,K02,K02.1,1179,0.3033443417237589,-0.03012154489817309
NSFC,71901190,K04,K04.2|K04.3,5947,-0.2760780315823504,-0.09160845011999177
NSFC,71901196,K05,K05.2|K05.3,5885,-0.12042158321423059,0.014319213909112923
NSFC,71901206,K04,K04.1|K04.3,8149,-0.330404011664291,0.008275347455881505
NSFC,71901224,K01,K01.1|K01.2,2269,-0.16128830329713767,0.3738962464946153
NSFC,71902053,K05,K05.1|K05.2,6836,-0.1572367664129099,-0.009803092384898491
NSFC,71902171,K04,K04.1|K04.3,6073,-0.36327150602276076,-0.20682245675959393
NSFC,71903008,K02,K02.1|K02.2,3071,0.14947333312694205,-0.13056914511046327
NSFC,71903010,K03,K03.1,2939,-0.08814041608288525,0.028088527123502724
NSFC,71903014,K03,K03.1|K03.2,8370,0.028694559731296185,0.14258840988803242
NSFC,71903033,K06,K06.2,7059,-0.10833227430440909,-0.018612223317485105
NSFC,71903070,K02,K02.1|K02.2,1119,0.31286202867446344,0.0554000871298618
NSFC,71903074,K02,K02.1|K02.2,896,0.2976847362403981,0.0008264331485806908
NSFC,71903079,K02,K02.2,3070,-0.06107465015715714,0.012176457791371978
NSFC,71903083,K02,K02.1|K02.2,7845,0.17556090991684153,-0.0743734374652399
NSFC,71903085,K02,K02.1|K02.2,3839,0.12352311947340013,-0.19471855358083737
NSFC,71903129,K03,K03.1,7271,-0.13006990463050583,-0.12575851619903758
NSFC,71903162,K01,K01.2,1114,0.10977078631324881,0.2585434073807939
NSFC,71903179,K02,K02.1|K02.2,2794,0.11338418012000658,-0.15677518237465093
NSFC,71903192,K02,K02.2,701,0.04756689865993936,0.1018025084930192
NSFC,71903201,K02,K02.1|K02.2,2741,0.15561134110077435,-0.12731168693782038
NSFC,71904007,K03,K03.1,7142,-0.12925726540560661,-0.0062875329967405115
NSFC,71904015,K02,K02.1,7788,0.22072608631281448,-0.18097700521636748
NSFC,71904031,K05,K05.1|K05.3,5372,-0.002928973726119638,0.09809261030020083
NSFC,71904039,K04,K04.1|K04.3,6983,-0.32838171079558115,-0.15999072638900544
NSFC,71904041,K04,K04.1|K04.3,7160,-0.3152156474421812,-0.1685585257894553
NSFC,71904060,K05,K05.1|K05.3,4942,0.04853645935020447,0.12252251457059563
NSFC,71904072,K02,K02.1,8178,0.2245300893079753,-0.16711575950827243
NSFC,71904077,K02,K02.1|K02.2,6589,0.10180863185523946,-0.18402686560751372
NSFC,71904087,K05,K05.1|K05.2|K05.3,8162,-0.10661355343965889,0.03611581421384982
NSFC,71904104,K01,K01.1,7632,-0.1241063434038168,0.1857533624062513
NSFC,71904115,K06,K06.2,7249,-0.11685428619072033,-0.0028540002668920247
NSFC,71904117,K02,K02.1,1570,0.1921667126572183,-0.12936126462508335
NSFC,71904120,K04,K04.1|K04.3,1688,-0.24073825658846704,-0.024191391490853982
NSFC,71904121,K05,K05.1|K05.3,2042,-0.16864060902460554,0.19753128325528205
NSFC,71904141,K05,K05.2,7002,-0.13119021727075067,-0.01286476201647534
NSFC,71904150,K02,K02.1|K02.2,7910,0.171738464803892,-0.0732604849358748
NSFC,71904151,K02,K02.1|K02.2,2739,0.19105818171719613,-0.07376636794754655
NSFC,71904175,K05,K05.1|K05.3,6944,-0.12316823525697349,0.03901914746335028
NSFC,71904178,K02,K02.1,4922,0.34054165456380736,-0.08513711512993052
NSFC,71904184,K03,K03.1|K03.2,7272,-0.13811747912421957,-0.0012584676106406414
NSFC,71904187,K05,K05.2,7267,-0.10285554683268096,-0.007418515943401732
NSFC,71904190,K02,K02.1,649,0.3376688046533164,-0.04440829996081991
NSFC,71934004,K05,K05.1|K05.2,6709,-0.19417747712584082,-0.03464338844858013
NSFC,71934006,K05,K05.2|K05.3,6710,-0.17871765567150344,-0.049683269535118285
NSFC,71934007,K05,K05.1|K05.2,6693,-0.19073114507970995,-0.027980762860866426
NSFC,71961002,K02,K02.1,5596,0.16185297114653308,-0.1867525765430375
NSFC,71961006,K05,K05.1|K05.2,5783,-0.14419484792981996,0.02123016137271272
NSFC,71961015,K04,K04.1|K04.3,5908,-0.32485581037049,-0.1724476694462807
NSFC,71961022,K02,K02.1,2671,0.11778387464847544,-0.20174304364225026
NSFC,71963020,K02,K02.1,1165,0.34998770930678913,-0.047635491097525184
NSFC,71963023,K02,K02.1|K02.2,3345,0.09516445066738564,-0.32956467371633336
NSFC,71963029,K02,K02.1,7784,0.23823748273667045,-0.16267715140599048
NSFC,71963033,K02,K02.1,7849,0.24265523748075524,-0.12468622581309313
NSFC,71964019,K02,K02.1,7138,0.16278000643309054,-0.20337003377825416
NSFC,71971005,K04,K04.1|K04.3,5573,-0.360433938885432,-0.10992047631903581
NSFC,71971015,K02,K02.1,5645,0.10804154920406121,-0.23179055052708786
NSFC,71971020,K02,K02.1,5578,0.14148450400073542,-0.20362299997072372
NSFC,71971021,K05,K05.2|K05.3,5896,-0.13022092756774678,0.008406101699294823
NSFC,71971022,K01,K01.1|K01.2,6946,-0.17134947318696148,0.21016866672142945
NSFC,71971029,K02,K02.1,2122,0.24979624613502982,-0.09501971851462833
NSFC,71971038,K04,K04.3,5772,-0.26794728762780534,-0.0964006614224249
NSFC,71971059,K04,K04.3,5703,-0.2964916216977561,-0.07617674322075471
NSFC,71971060,K01,K01.1|K01.2,5627,-0.24623266079666267,0.2643302789340842
NSFC,71971061,K04,K04.1|K04.3,5965,-0.36264698862522954,-0.1661634665436226
NSFC,71971064,K04,K04.1|K04.3,7442,-0.30921208049529264,-0.17404347986193594
NSFC,71971073,K02,K02.1,5980,0.15186923707188826,-0.1884555666393757
NSFC,71971107,K05,K05.1|K05.3,8268,-0.1096454036511508,0.04072586666593821
NSFC,71971110,K02,K02.1,1991,0.1518461946240044,-0.11618328576378406
NSFC,71971114,K04,K04.1,5789,-0.22898161224165225,-0.04159246357590729
NSFC,71971116,K03,K03.2,5606,-0.15235898973321474,0.10827024653360687
NSFC,71971128,K01,K01.1|K01.2,6677,-0.29795326571143094,0.07249445079406923
NSFC,71971138,K02,K02.1,2765,0.1748322768654802,-0.17579194209850274
NSFC,71971147,K05,K05.3,8269,-0.09935844752836338,0.026821195733200708
NSFC,71971150,K04,K04.1|K04.3,2160,-0.37257288296848834,-0.14745253136831488
NSFC,71971167,K04,K04.1|K04.3,7443,-0.3140675983089228,-0.20287768852256638
NSFC,71971186,K02,K02.1,7714,0.20950177234681977,-0.15421134286476204
NSFC,71971214,K04,K04.1|K04.3,2693,-0.3463005067864043,-0.16282654683407496
NSFC,71971220,K04,K04.1|K04.3,2478,-0.35016608712766883,-0.175854124592612
NSFC,71972127,K02,K02.1,7192,0.18069233558356873,-0.19665894890972246
NSFC,71972142,K04,K04.1|K04.3,7158,-0.28898536404721187,-0.18014529217789796
NSFC,71972172,K04,K04.1|K04.3,7159,-0.3129987655751941,-0.16344294144349558
NSFC,71973001,K05,K05.2|K05.3,6690,-0.16592692901365805,-0.04573400125846483
NSFC,71973003,K02,K02.2,2873,-0.05613802112079763,-0.02000053755500042
NSFC,71973009,K05,K05.1|K05.3,8167,-0.11540763868562173,0.033740755666975944
NSFC,71973021,K02,K02.1|K02.2,4938,0.29775551124602495,-0.0579495930528241
NSFC,71973065,K02,K02.1,4179,0.16090586948287405,-0.2001238886249418
NSFC,71973100,K02,K02.1|K02.2,7805,0.13716254136616984,-0.13613410560075917
NSFC,71973104,K02,K02.1|K02.2,7765,0.17014477029291897,-0.11126012299843543
NSFC,71973114,K02,K02.1|K02.2,8375,0.04486238875889205,-0.2045703308925318
NSFC,71973138,K02,K02.1|K02.2,6296,0.12020569499206156,-0.122851466509974
NSFC,71973158,K02,K02.1|K02.2,5442,0.15032308629088065,-0.1204076613499365
NSFC,71974013,K02,K02.1|K02.2,3023,0.15943928013051523,-0.13852779972003024
NSFC,71974022,K02,K02.1,8166,0.24696048435310947,-0.10891315383144012
NSFC,71974043,K02,K02.1,5592,0.1232331577103964,-0.23758478134581032
NSFC,71974047,K04,K04.1,8285,-0.22746232235218017,-0.0938100196541299
NSFC,71974053,K05,K05.3,4286,-0.10432929247168717,8.987405335129928e-05
NSFC,71974056,K02,K02.1,3591,0.17534419350982194,-0.24036722340851321
NSFC,71974057,K02,K02.1,8206,0.19595820711840883,-0.15920090417537872
NSFC,71974092,K03,K03.1|K03.3,2997,-0.11805953032919331,0.03246399506304995
NSFC,71974100,K04,K04.1,1686,-0.3272502190666081,0.06640490598017347
NSFC,71974105,K03,K03.2,2022,-0.16885784084139793,0.1909639066793669
NSFC,71974110,K01,K01.1,4217,-0.21573114383415273,0.2759536638114165
NSFC,71974122,K05,K05.3,2677,-0.14707552500462637,0.009412802658429989
NSFC,71974125,K02,K02.1|K02.2,5419,0.14847776531468326,-0.14433019115105328
NSFC,71974126,K03,K03.1,7310,-0.13278556927455915,-0.027823741199369437
NSFC,71974132,K05,K05.1|K05.2,7447,-0.1317478020922057,-0.024210647297942034
NSFC,71974144,K04,K04.1|K04.3,7466,-0.2750785937247173,-0.152677981910077
NSFC,71974146,K05,K05.2,6984,-0.1560140154102667,-0.01673176493759789
NSFC,71974151,K04,K04.3,6481,-0.29042104032459787,-0.16074793147561856
NSFC,71974153,K05,K05.3,7588,-0.0933946127013522,-0.006139845441239154
NSFC,71974190,K02,K02.1,7190,0.20517540139330925,-0.19246599367608136
NSFC,72001003,K05,K05.2,6886,-0.13374409953806843,-0.0014567657860460326
NSFC,72001008,K04,K04.3,2651,-0.3095935035186588,-0.1241468657012583
NSFC,72001017,K04,K04.3,2479,-0.2936907740134215,-0.13358049708803685
NSFC,72001018,K04,K04.2|K04.3,2688,-0.24772612463596244,-0.020401144315665684
NSFC,72001029,K04,K04.3,6966,-0.2963014329863274,-0.16999717047926705
NSFC,72001053,K04,K04.3,2624,-0.24046645719441578,-0.03850712333389308
NSFC,72001055,K02,K02.1|K02.2,7444,0.09955563055786108,-0.17372340463253189
NSFC,72001060,K03,K03.3,6446,-0.21829177921319176,0.06149926683273122
NSFC,72001137,K04,K04.1|K04.3,2577,-0.35831521485722173,-0.16516689818090294
NSFC,72001161,K01,K01.1|K01.2,5957,-0.2129164630029312,0.17243990508454718
NSFC,72001194,K04,K04.1|K04.3,5875,-0.30850884422182995,-0.14504293300049176
NSFC,72002019,K05,K05.1,8102,-0.1512352641164457,0.11716298616808367
NSFC,72002152,K04,K04.1|K04.3,5506,-0.27868867755418736,-0.09978328930907081
NSFC,72002161,K02,K02.1,2674,0.14059141220529153,-0.18334119022887999
NSFC,72003002,K05,K05.2,6779,-0.12121700083643493,0.004224319567773659
NSFC,72003014,K02,K02.2,3049,-0.04705615698351136,-0.011040967193585119
NSFC,72003023,K02,K02.1,7186,0.1794687474199958,-0.2108782292983237
NSFC,72003049,K05,K05.3,7892,-0.08548026232277203,0.019281559932559898
NSFC,72003057,K02,K02.1|K02.2,334,0.1980468112112666,6.892634404814801e-05
NSFC,72003058,K02,K02.1,8275,0.2031677652016443,-0.17742167352746716
NSFC,72003079,K02,K02.1|K02.2,112,0.30312291508023115,-0.002888781288241715
NSFC,72003105,K02,K02.1|K02.2,2883,0.14759888798641968,-0.12399622067381591
NSFC,72003148,K06,K06.2,6191,-0.16414590595328538,0.00266035680707509
NSFC,72003182,K02,K02.1|K02.2,4981,0.23164149114349214,-0.07819004768683985
NSFC,72003202,K02,K02.1|K02.2,3024,0.1632599568437229,-0.1402889275053963
NSFC,72004024,K02,K02.1|K02.2,8201,0.1304568815474756,-0.10727166697371597
NSFC,72004037,K02,K02.1,7854,0.196173461907714,-0.1981234854522806
NSFC,72004049,K02,K02.1,8076,0.20462575842346653,-0.16341540725015197
NSFC,72004067,K04,K04.2|K04.3,7318,-0.2183244992154121,-0.11309208141196544
NSFC,72004092,K02,K02.2,7491,-0.04988980639886206,-0.01298873581610608
NSFC,72004093,K03,K03.1|K03.3,4644,0.12386514824078242,0.2209527015542241
NSFC,72004096,K04,K04.3,1062,-0.237919245245428,-0.11322584583705603
NSFC,72004100,K02,K02.1,8395,0.20671268611552407,-0.1811250660069248
NSFC,72004105,K02,K02.1|K02.2,8262,0.13160484135323264,-0.11735181659282701
NSFC,72004114,K05,K05.1|K05.2,4682,-0.018499141492776885,0.07547794651368439
NSFC,72004115,K01,K01.1|K01.2,6801,-0.18426579129684947,0.15169538838971142
NSFC,72004124,K02,K02.1|K02.2,2757,0.18936055157485948,-0.0669473191841611
NSFC,72004125,K05,K05.3,4237,-0.1407484090548965,-0.03601714255118723
NSFC,72004126,K05,K05.1,3573,-0.08490236961215042,0.017382377609618152
NSFC,72004130,K05,K05.1|K05.2,5333,-0.13318293993020838,0.01875127140508982
NSFC,72004134,K03,K03.1|K03.2,7273,-0.07479565985485195,0.0658862706226632
NSFC,72004155,K05,K05.2,7234,-0.1229208989627697,0.0032277299622729926
NSFC,72004159,K03,K03.1,6711,-0.1987530146846644,-0.03417191808830634
NSFC,72004170,K04,K04.2|K04.3,5907,-0.24388761565268546,-0.006911179366411287
NSFC,72004176,K02,K02.1,7792,0.22499347909443407,-0.15949553861576868
NSFC,72004184,K05,K05.2|K05.3,4947,-0.05297490551602214,0.04101670979841478
NSFC,72004187,K05,K05.1|K05.2,6937,-0.06676566117804114,0.09295428776565598
NSFC,72004188,K02,K02.1,8106,0.2076365831183366,-0.15818680506725885
NSFC,72004191,K02,K02.1,5544,0.23163144093752897,-0.14938176805583345
NSFC,72004200,K03,K03.1,3010,-0.12307339460434644,-0.0019180264469401583
NSFC,72004209,K02,K02.1,8222,0.23379849455777774,-0.1264242229537581
NSFC,72004210,K02,K02.1|K02.2,8263,0.12378133159795009,-0.11442857275823498
NSFC,72004213,K02,K02.1|K02.2,1988,0.11114446751003722,-0.07963319080957248
NSFC,72004215,K05,K05.1|K05.3,6939,-0.1170724040109991,0.025858366163310578
NSFC,72004216,K05,K05.1|K05.2,2940,-0.2069028769855433,-0.06172633214927678
NSFC,72004218,K05,K05.2|K05.3,6553,-0.21973104161410756,-0.0633685353762578
NSFC,72004229,K02,K02.1,1714,0.1656193938154205,-0.0838269448679212
NSFC,72061003,K02,K02.1,8301,0.19102315804443487,-0.18095317703580874
NSFC,72061016,K02,K02.1,5605,0.1449428883227366,-0.10963809299941107
NSFC,72061023,K04,K04.1,2439,-0.33053266143526805,-0.029868889541324578
NSFC,72062023,K04,K04.1|K04.3,7161,-0.30782075489993627,-0.15547462279091645
NSFC,72063023,K02,K02.1|K02.2,7141,0.09445194804502842,-0.169572667350187
NSFC,72063033,K02,K02.1,2218,0.21540787127993377,-0.09030610414239491
NSFC,72063034,K05,K05.1|K05.2,7847,-0.053460270413271914,0.0803196392709427
NSFC,72064044,K02,K02.1|K02.2,7074,0.18900350376033676,-0.07303986607799343
NSFC,72071006,K02,K02.1|K02.2,7346,0.10208547413560486,-0.3023678160961012
NSFC,72071010,K04,K04.1,1621,-0.2901461194189785,0.10315925900957981
NSFC,72071013,K05,K05.2,5728,-0.1353101254127514,0.0027611383398734902
NSFC,72071014,K04,K04.1|K04.3,2093,-0.32136705458599135,-0.14283840056308061
NSFC,72071015,K04,K04.1|K04.3,2730,-0.31746532271643707,-0.16753859237358787
NSFC,72071025,K04,K04.1|K04.3,2482,-0.3880542701599033,-0.10285682249704954
NSFC,72071066,K01,K01.1,2889,-0.1636339168713813,0.2833892101485176
NSFC,72071088,K04,K04.3,2502,-0.28648976170972335,-0.023369406751845068
NSFC,72071100,K04,K04.1|K04.3,2506,-0.42722267013935333,-0.22005601663670352
NSFC,72071115,K04,K04.1|K04.3,7609,-0.34494747333211667,-0.11689979878800019
NSFC,72071147,K02,K02.1,5660,0.09232640262663093,-0.08825586099523353
NSFC,72071174,K04,K04.1|K04.3,2622,-0.41142600384959305,-0.21315154246627108
NSFC,72071219,K05,K05.1,1807,-0.17194106977494839,0.05604446791877056
NSFC,72071220,K02,K02.1,6871,0.14235872404359246,-0.19034397569926242
NSFC,72072131,K02,K02.1,2078,0.1550681967578154,-0.12300277613768404
NSFC,72072165,K02,K02.1,8142,0.19874748864685488,-0.1505219988673241
NSFC,72073010,K02,K02.1,2867,0.14821229437908118,-0.0929670877360575
NSFC,72073059,K05,K05.2|K05.3,7462,-0.14477227492708086,-0.1287278904248466
NSFC,72073094,K05,K05.1|K05.3,6097,-0.1024397158984308,0.03677466630772175
NSFC,72074001,K05,K05.1|K05.3,2036,-0.14754086656432397,0.09357613717439314
NSFC,72074013,K04,K04.3,6672,-0.31333579096543157,-0.18879946778911813
NSFC,72074021,K05,K05.1,918,0.050400821485191,0.1731616471218437
NSFC,72074022,K05,K05.1|K05.2|K05.3,2985,-0.16948607414261713,-0.01738985543142134
NSFC,72074034,K05,K05.1,8092,-0.14666298517554544,0.10511642095917419
NSFC,72074046,K02,K02.1,6974,0.1514450399951024,-0.20735399046909012
NSFC,72074077,K05,K05.1|K05.3,2961,-0.1312146296519745,-0.03529631419338552
NSFC,72074089,K01,K01.2,2199,-0.12299861148300757,0.1334634924870004
NSFC,72074097,K02,K02.1|K02.2,5531,0.09550273503814406,-0.13166546146490182
NSFC,72074107,K05,K05.1|K05.3,7938,-0.047713426492949476,0.12016280877646658
NSFC,72074116,K02,K02.1|K02.2,8077,0.17226738518794948,-0.0596206837006165
NSFC,72074119,K05,K05.2,3837,-0.12126741492359419,-0.050737770003342106
NSFC,72074121,K05,K05.2|K05.3,7398,-0.14600275909537136,-0.044227519598341675
NSFC,72074127,K01,K01.1,6069,-0.09865784327357605,0.26980054199333814
NSFC,72074129,K02,K02.1,8206,0.19595820711840883,-0.15920090417537872
NSFC,72074140,K02,K02.1,5379,0.20940189265170045,-0.18406736994595202
NSFC,72074151,K04,K04.1|K04.2|K04.3,2089,-0.19114677494588692,-0.034237739237688594
NSFC,72074154,K03,K03.1|K03.2|K03.3,3007,-0.1061616837481902,0.04588196621174002
NSFC,72074165,K06,K06.2,8158,-0.02736207303578965,0.09026874723737012
NSFC,72074175,K02,K02.1|K02.2,2882,0.17693563958663755,-0.0889173995972111
NSFC,72074183,K01,K01.1|K01.2,2865,-0.13809626279792186,0.20448283055839073
NSFC,72074184,K02,K02.1|K02.2,7139,0.11229053243021682,-0.17702558010312738
NSFC,72074192,K02,K02.1,8399,0.1979854070050876,-0.16970145817554194
NSFC,72074202,K04,K04.3,2532,-0.1987391459646613,-0.07228329602362976
NSFC,72074207,K03,K03.1,2548,-0.19918702757613618,0.00731833475669039
NSFC,72074211,K02,K02.1,6942,0.19697181844721162,-0.17784714489106107
NSFC,72074215,K02,K02.1|K02.2,6990,0.1115308443407189,-0.10797511492009576
NSFC,72074232,K05,K05.1|K05.2,6916,-0.1166024243252041,0.020411582218686775
NSFC,72074237,K02,K02.1|K02.2,5425,0.14097775428193254,-0.13727928591324257
NSFC,72074240,K02,K02.1,5565,0.1945583779555357,-0.16984758505987751
NSFC,72101017,K04,K04.1|K04.3,5755,-0.32681534802071244,-0.16237320809765576
NSFC,72101018,K02,K02.1,5651,0.1123660142243476,-0.20068423460891077
NSFC,72101019,K04,K04.3,5782,-0.25977129715678693,-0.12857085291030992
NSFC,72101022,K04,K04.1,2544,-0.3181575160971086,-0.09259275940593366
NSFC,72101028,K04,K04.1|K04.3,2483,-0.3974597045509567,-0.2077320610341657
NSFC,72101042,K04,K04.1|K04.3,5664,-0.3391512858934615,-0.18281940730625518
NSFC,72101043,K04,K04.1|K04.3,2472,-0.34954421635673927,-0.1474848480468626
NSFC,72101054,K04,K04.1|K04.3,2456,-0.3656970823519651,-0.020367801146048546
NSFC,72101114,K03,K03.1,2129,-0.16260078163741143,0.19869965765730874
NSFC,72101126,K04,K04.1|K04.3,5709,-0.3135953226735818,-0.16019610835411807
NSFC,72101127,K04,K04.1|K04.3,5710,-0.3171944248745405,-0.16744173000899157
NSFC,72101174,K02,K02.1,7135,0.160357698786186,-0.21545158692851168
NSFC,72101185,K04,K04.3,2163,-0.27895417803843203,-0.09649367516974713
NSFC,72101209,K02,K02.1,6778,0.17428602795809262,-0.18677273318500648
NSFC,72101222,K04,K04.1|K04.3,6951,-0.3197223165174384,-0.1872693951817236
NSFC,72101238,K04,K04.1|K04.3,2685,-0.3417670744416969,-0.07070512931856524
NSFC,72102029,K02,K02.1,7036,0.1628030942724938,-0.1550327371203213
NSFC,72102036,K05,K05.1|K05.3,7035,-0.007017840720394672,0.09978528775025546
NSFC,72103002,K02,K02.1|K02.2,7851,0.16822939045661628,-0.10199650768615229
NSFC,72103019,K04,K04.1|K04.2|K04.3,5723,-0.2982314120486146,-0.11746825605740488
NSFC,72103048,K02,K02.1|K02.2,3054,0.16370184352830258,-0.1395929521024645
NSFC,72103051,K02,K02.1|K02.2,8392,0.16113997641656974,-0.09503329315787454
NSFC,72103052,K02,K02.1|K02.2,7861,0.15069205899925892,-0.12965570728742762
NSFC,72103057,K01,K01.1|K01.2,7187,-0.15662849726844566,0.21818050333012795
NSFC,72103061,K01,K01.1|K01.2,6357,-0.1522550233806292,0.19960955915304887
NSFC,72103065,K02,K02.1|K02.2,4261,0.040131405963741,-0.24155913375154783
NSFC,72103073,K02,K02.1|K02.2,749,0.2873855636296924,0.01489744017697009
NSFC,72103075,K02,K02.1|K02.2,8207,0.12815299326646995,-0.10895149961611708
NSFC,72103087,K05,K05.2,6972,-0.1495226320527192,-0.017967707298115795
NSFC,72103096,K02,K02.1|K02.2,6272,0.09825763267910019,-0.258044047041846
NSFC,72103100,K05,K05.3,8095,-0.09717054744352761,0.023925052877040606
NSFC,72103128,K05,K05.1,6673,-0.18791338205003555,-0.040076953573039566
NSFC,72103153,K05,K05.2|K05.3,7364,-0.153044402160308,-0.14508924423992745
NSFC,72103160,K02,K02.1,3355,0.16259042620846037,-0.40819209810961243
NSFC,72103163,K02,K02.1|K02.2,7099,0.05470495460843795,-0.17996612756233393
NSFC,72103164,K02,K02.1,7269,0.17432685104369622,-0.2082822061138876
NSFC,72103174,K02,K02.1|K02.2,6285,0.12381916887462409,-0.11050947652709509
NSFC,72103194,K06,K06.2,7255,-0.13992961919792005,-0.14133064916972926
NSFC,72103198,K02,K02.2,6152,0.06599743276518323,0.09912149157570518
NSFC,72103220,K02,K02.1|K02.2,8255,0.13920492342759216,-0.12231642504363971
NSFC,72104014,K03,K03.1|K03.2,7019,-0.1791517437840045,-0.010211935555595839
NSFC,72104018,K05,K05.3,4209,-0.16587124568418415,-0.06490341657078405
NSFC,72104023,K02,K02.1,4223,0.1309713238328552,-0.2453525236729038
NSFC,72104025,K03,K03.1|K03.2,7121,-0.21711858554452002,-0.07352548273131758
NSFC,72104029,K03,K03.1|K03.2,1140,0.052507653128729,0.16607462496703387
NSFC,72104046,K05,K05.1,6045,-0.10374308805172347,0.036684921514125154
NSFC,72104048,K01,K01.1,6907,-0.17327109062087154,0.16866466310342704
NSFC,72104062,K05,K05.2,7125,-0.16701042527223997,-0.037311193098638964
NSFC,72104069,K05,K05.2,1985,-0.12278172861965778,0.05872881011331742
NSFC,72104075,K02,K02.1,6657,0.13296078432669745,-0.2592698699937649
NSFC,72104090,K05,K05.2|K05.3,1772,-0.12059311110447857,0.06315543137065398
NSFC,72104096,K05,K05.1|K05.2,6687,-0.20003953754364645,-0.035737002704228804
NSFC,72104103,K06,K06.2,3056,-0.11145254762308934,0.008732845683590371
NSFC,72104114,K02,K02.1,4073,0.17476248701106117,-0.2342118294599089
NSFC,72104116,K05,K05.1|K05.2,7230,-0.21007190108441476,-0.07840588196621717
NSFC,72104118,K04,K04.3,7062,-0.32198623338386695,-0.20739764946496464
NSFC,72104124,K05,K05.1,6564,-0.26295342029523383,-0.10794091996602823
NSFC,72104126,K02,K02.1|K02.2,8261,0.09322609410563677,-0.04488591856384268
NSFC,72104130,K05,K05.3,4507,0.09165776106018729,0.12192473262774603
NSFC,72104139,K05,K05.1|K05.2,6905,-0.08744713929104533,0.06936451579585176
NSFC,72104149,K03,K03.1,99,0.011204249861812968,0.23607567362174384
NSFC,72104164,K03,K03.2|K03.3,3182,-0.1923982170447125,-0.1272562515863637
NSFC,72104169,K02,K02.1,8153,0.21999118143536006,-0.14833214822584714
NSFC,72104178,K02,K02.1,7827,0.20071726605376938,-0.17388366721807846
NSFC,72104197,K05,K05.1,7171,-0.1407784200945773,-0.008082068241663735
NSFC,72104198,K04,K04.1|K04.3,6700,-0.3828635292125203,-0.22471210732000363
NSFC,72104200,K02,K02.1|K02.2,8247,0.13736963794883844,-0.12268617975398566
NSFC,72104209,K02,K02.1|K02.2,8217,0.17999389776682728,-0.06026848103301513
NSFC,72104219,K01,K01.1|K01.2,2102,-0.2161970897742253,0.3610998667059482
NSFC,72104223,K05,K05.1|K05.2,4186,-0.14107780473082726,-0.002288390471195924
NSFC,72104225,K05,K05.2|K05.3,3838,-0.11229325581844038,-0.009610220601663663
NSFC,72104231,K05,K05.1|K05.3,7669,-0.16599379756008198,-0.009541010172453346
NSFC,72104232,K01,K01.1|K01.2,3538,0.011366536050597315,0.28350282021740103
NSFC,72104233,K05,K05.1|K05.3,8144,-0.1284249419765534,0.08620579280923184
NSFC,72104234,K01,K01.1|K01.2,5341,-0.003966455879198513,0.3350062461748582
NSFC,72104253,K05,K05.2,6759,-0.15468578986287143,-0.060125163429834344
NSFC,72104257,K01,K01.1|K01.2,7087,-0.26653451504631526,0.09184494587348471
NSFC,72104260,K02,K02.1|K02.2,8264,0.13412210033069566,-0.11936304835338199
NSFC,72201014,K02,K02.1|K02.2,6471,0.045439073393019044,-0.1980578899958288
NSFC,72203210,K05,K05.1|K05.2,1136,-0.1101946931917529,0.04755330694414814
NSFC,91544212,K01,K01.1,2801,-0.18125310557337493,0.31586637912250937
NSFC,91544213,K02,K02.1,2901,0.219718557504686,-0.17818117068155015
NSFC,91544216,K02,K02.1,2900,0.17101996691195515,-0.10597122609683687
NSFC,91544219,K02,K02.1|K02.2,2905,0.15191334365274722,-0.12793176612228851
NSFC,91544230,K02,K02.1,2868,0.16318672741401358,-0.1301283210922099
NSFC,91544231,K02,K02.1,2869,0.21188531800674443,-0.20233826567692317
NSFC,91547201,K04,K04.1|K04.3,4115,-0.3352148753981842,-0.2021145983752566
NSFC,91547202,K04,K04.1|K04.3,4221,-0.34798885682457475,-0.23037021174067474
NSFC,91547208,K05,K05.1,4001,-0.17576974396164996,-0.05950725549001197
NSFC,91547209,K02,K02.1,3886,0.4006466992071404,-0.039524201066119743
NSFC,91547210,K01,K01.1,4113,-0.11641542917064243,0.34783175599120675
NSFC,91644104,K01,K01.1|K01.2,2894,-0.12086574453675623,0.2217510034150334
NSFC,91644107,K02,K02.1,2856,0.15922650718853487,-0.07689538096676679
NSFC,91644221,K02,K02.1,2900,0.17101996691195515,-0.10597122609683687
NSFC,91644222,K02,K02.1,2737,0.33253762288857247,-0.08460979976504097
NSFC,91644225,K02,K02.1,2885,0.22429083644558628,-0.19022773589045963
NSFC,91646124,K02,K02.1,5672,0.1209123223645485,-0.23126332954317552
NSFC,91646207,K03,K03.2,5717,-0.17096015819186322,0.0939312681590855
NSFC,91647101,K02,K02.1,3854,0.28727536385898944,-0.12625249050232115
NSFC,91647103,K02,K02.1,3888,0.3918078899820323,-0.04356484674870072
NSFC,91647104,K01,K01.1,4032,-0.12591611056274843,0.32930664445509983
NSFC,91647112,K04,K04.1|K04.3,4149,-0.12282885189504701,-0.10262351134998246
NSFC,91647202,K02,K02.1,3889,0.3794189707370027,-0.07332270876808879
NSFC,91647204,K02,K02.1,3512,0.16684014662913293,-0.30079435398465393
NSFC,91744208,K02,K02.1,2828,0.2870197777910296,-0.1331408796394402
NSFC,91746105,K01,K01.1,5618,-0.17967777786021227,0.2759694897372468
NSFC,91746201,K05,K05.1,5647,-0.2425584112223822,0.12297240105326654
NSFC,91746207,K05,K05.3,8094,-0.08625361767664426,0.016270412235463647
NSFC,91746208,K02,K02.1,6893,0.1732916607003196,-0.20144607019520958
NSFC,91747101,K02,K02.1,3870,0.3677539072211945,0.07984763444954887
NSFC,91747201,K02,K02.1|K02.2,3874,0.3314505899235694,0.0010272247806786677
NSFC,91747202,K02,K02.1,828,0.37638609296102116,-0.05997998426949533
NSFC,91747208,K05,K05.2|K05.3,4118,-0.11133314469649708,-0.004032099072856593
NSFC,91751203,K02,K02.1,831,0.40299418884521765,0.07369736215797752
NSFC,91837206,K02,K02.1|K02.2,842,0.3351889749932789,0.12394676671723916
NSFC,91846203,K03,K03.3,1602,-0.20398847969180545,0.2942728394064381
NSFC,91847000,K05,K05.3,4078,-0.13600577505106026,0.010283865065443352
NSFC,91851117,K02,K02.1,4460,0.46344854761688503,-0.17621825752728665
NSFC,91951110,K02,K02.1,3387,0.38187759245679737,-0.19043681459192247
NSFC,91951115,K02,K02.1,3296,0.34392646184248676,-0.32397060166479064
NSFC,92046022,K05,K05.2|K05.3,3587,-0.14974833647192026,-0.0006641421892347524
NSFC,92047000,K05,K05.1,3867,-0.0365904429995491,0.05629364176028573
NSFC,92047301,K02,K02.1,1923,0.2247701635714271,-0.07543191362711318
NSFC,92047302,K04,K04.1|K04.3,4153,-0.30175774258358695,-0.1716584957377406
NSFC,92062111,K01,K01.1|K01.2,7393,-0.16995582974058515,0.15033420341455192
NSFC,92247001,K01,K01.1|K01.2,3901,0.022373131766607712,0.40498134406557995
NSFC,92251305,K02,K02.1,5223,0.43261500659634033,-0.030757708276964293
NSFC,U1509205,K04,K04.1,2446,-0.34500390160769157,-0.04591298019632081
NSFC,U1509208,K03,K03.3,3523,-0.2215383420727411,0.042477681784225854
NSFC,U1534208,K02,K02.1,2434,0.07040854629119207,-0.06815815310980061
NSFC,U1609202,K03,K03.2,5008,0.0019670530402219333,0.22555781688845816
NSFC,U1609203,K01,K01.1,4649,0.12240478842202708,0.3750809458791321
NSFC,U1609217,K05,K05.1,7973,-0.1292939480912994,0.12037329037723213
NSFC,U1633116,K03,K03.3,2277,-0.23126136601946,0.23512371678325497
NSFC,U1660106,K02,K02.1,7200,0.10538375793681039,-0.4062114752043572
NSFC,U1709207,K04,K04.1|K04.3,1827,-0.38858233613304843,0.06915454464957371
NSFC,U1709212,K03,K03.1|K03.3,1883,-0.21723260640938158,0.22357342168951197
NSFC,U1709214,K04,K04.1|K04.3,5638,-0.3794357228995797,-0.16618167356606506
NSFC,U1709216,K03,K03.1|K03.3,2292,-0.23856497813629884,0.21651832722984984
NSFC,U1709217,K04,K04.1|K04.3,5967,-0.370212679179885,-0.027684568578148647
NSFC,U1711264,K03,K03.2|K03.3,1022,-0.17548038802059768,0.2054300119603805
NSFC,U1711265,K04,K04.1,2319,-0.3622877847385629,-0.003178941920699986
NSFC,U1711266,K05,K05.1,1662,-0.195587412812105,0.17245255767777584
NSFC,U1711267,K04,K04.1|K04.3,1890,-0.37850616969415646,-0.023070887248561323
NSFC,U1733113,K01,K01.2,2309,-0.1582912789157946,0.18864908385999574
NSFC,U1734208,K01,K01.1|K01.2,2362,-0.25461394119674224,0.32638187701000476
NSFC,U1766208,K04,K04.1,2508,-0.3515373146089484,-0.09924423243188137
NSFC,U1766212,K04,K04.1|K04.3,6409,-0.3696102362189576,-0.1960407249335351
NSFC,U1806212,K02,K02.1|K02.2,3481,0.1515689525738062,-0.22002685952802192
NSFC,U1806214,K02,K02.1,3613,0.3387985940148221,-0.2789165808907925
NSFC,U1806227,K02,K02.1,1319,0.2509272934067711,-0.0069724871867771765
NSFC,U1808212,K04,K04.1|K04.3,7150,-0.37896074393835744,-0.2657794004536491
NSFC,U1809208,K01,K01.1|K01.2,5294,-0.09155572736353518,0.3966198478709003
NSFC,U1810101,K02,K02.1,4533,0.4837110123946956,-0.008887396373348289
NSFC,U1810107,K02,K02.1,4533,0.4837110123946956,-0.008887396373348289
NSFC,U1810128,K02,K02.1,7213,0.0968062246802082,-0.3105989073135429
NSFC,U1839201,K03,K03.3,1858,-0.2061925159944133,0.10623898358836802
NSFC,U1865202,K04,K04.3,6388,-0.165334910631203,-0.060422734005621245
NSFC,U1906231,K04,K04.1|K04.3,1249,-0.3340098274605183,-0.010091383954509536
NSFC,U1909204,K04,K04.1|K04.3,5688,-0.38725954611931773,-0.06176697902996886
NSFC,U1910214,K02,K02.1,7284,0.1704685024559967,-0.30309791703156186
NSFC,U1911202,K05,K05.1,7670,-0.11492757110553119,0.06976133564727087
NSFC,U1911204,K03,K03.2|K03.3,1286,-0.175176047715902,0.25376527220089073
NSFC,U1911205,K03,K03.1|K03.3,1906,-0.2081164797147319,0.11583146138655204
NSFC,U1939208,K04,K04.1|K04.3,2540,-0.3602729653137247,-0.10561850040153058
NSFC,U1939209,K03,K03.1|K03.3,1494,-0.11076231933695482,0.18250132380126277
NSFC,U1939210,K03,K03.1|K03.3,1806,-0.16849041770167394,0.09068369654014916
NSFC,U1960201,K04,K04.1|K04.3,7306,-0.3698316293727671,-0.3583221453306984
NSFC,U1960205,K04,K04.1|K04.3,7114,-0.3774724248434286,-0.251820692897725
NSFC,U1964203,K01,K01.1,5956,-0.2483623860146012,0.2488367859584711
NSFC,U19A20111,K02,K02.1,1432,0.11981063905673324,-0.10603181590364016
NSFC,U19A2023,K02,K02.1,4717,0.602804517671413,0.030042085824856554
NSFC,U19A2047,K02,K02.1,4653,0.45705867220536356,-0.014279490366222461
NSFC,U19A2049,K02,K02.1,1673,0.2306710223443591,-0.055151648431116626
NSFC,U2006210,K03,K03.1|K03.3,2168,-0.09449799521001756,-0.005585339250834986
NSFC,U2006215,K02,K02.1,4709,0.4885990150977698,-0.029690845421858097
NSFC,U2039208,K05,K05.1|K05.2,1852,-0.18336836053755218,0.07747063711536553
NSFC,U2040209,K02,K02.1,1899,0.37673281590476604,-0.13518901226186766
NSFC,U2066207,K01,K01.1,7098,-0.25110610655931287,0.2576950341790286
NSFC,U20A2008,K02,K02.1,4872,0.5561800104706803,-0.0015731000111595672
NSFC,U20A20112,K03,K03.3,1482,-0.1016425122023821,0.23064544223270464
NSFC,U20A20116,K02,K02.1,4853,0.49375141565022396,0.023394793483128992
NSFC,U20A20266,K03,K03.3,1444,-0.22058946731114729,0.1542833391081964
NSFC,U20A20311,K04,K04.1|K04.3,6831,-0.3944774373239859,-0.23104304111402393
NSFC,U20A20313,K04,K04.1|K04.3,7352,-0.3760167598224105,-0.36618921151078465
NSFC,U20A20314,K01,K01.1|K01.2,2362,-0.25461394119674224,0.32638187701000476
NSFC,U20A20320,K02,K02.1,7275,0.2688654821689983,-0.06571242859343902
NSFC,U20A20322,K04,K04.1|K04.3,3410,-0.3768062702526278,-0.3662613243110756
NSFC,U20A20330,K04,K04.3,5665,-0.2383207168796888,-0.0747181833354281
NSFC,U20A20334,K04,K04.1|K04.3,5918,-0.33346701712571075,-0.15279381600486663
NSFC,U20A2078,K02,K02.1,4134,0.3606183678837905,-0.09811221557775694
NSFC,U20A2079,K03,K03.2|K03.3,1464,-0.1214155158195736,0.24496463747968503
NSFC,U20A2080,K02,K02.1,5059,0.42796806500746176,-0.049538576196046874
NSFC,U20A2084,K02,K02.1,5329,0.37716965289842025,-0.03245792609994662
NSFC,U20A2090,K03,K03.3,1465,-0.14675197154884026,0.28560634496777904
NSFC,U20A2091,K01,K01.1,7940,-0.1700161212328629,0.3265065421807192
NSFC,U20B2060,K03,K03.1|K03.2|K03.3,1682,-0.2155702321765433,0.25628547746989727
