agency,record_id,primary_knowledge_task,primary_knowledge_subtype_multi,profile_id,x,y
NSF,1500187,K04,K04.1|K04.3,1033,-36.994896,-65.742294
NSF,1503672,K01,K01.1|K01.2,121,-54.75162,61.75839
NSF,1503781,K01,K01.1|K01.2,99,-32.19827,33.77429
NSF,1503912,K01,K01.1|K01.2,198,-27.043114,58.81688
NSF,1504006,K01,K01.1|K01.2,99,-32.15989,33.750397
NSF,1504141,K02,K02.1|K02.2,440,78.94283,-21.240435
NSF,1504224,K02,K02.1|K02.2,440,78.68688,-21.211014
NSF,1504270,K02,K02.2,505,87.34805,9.311284
NSF,1504345,K02,K02.1|K02.2,499,64.7775,25.078688
NSF,1504381,K02,K02.1|K02.2,440,78.95361,-21.242683
NSF,1504410,K01,K01.1,12,12.034779,50.468204
NSF,1504934,K01,K01.1|K01.2,197,-19.348194,49.852028
NSF,1510461,K02,K02.1,235,28.26083,-59.014378
NSF,1510869,K02,K02.1,265,50.583,-59.363476
NSF,1517823,K02,K02.1,397,32.509686,-2.4414854
NSF,1519679,K02,K02.1,241,33.58295,-59.401276
NSF,1520581,K03,K03.1,528,-64.12316,3.7883053
NSF,1520765,K04,K04.2,1119,-4.5201926,-75.43107
NSF,1520808,K01,K01.1|K01.2,70,-32.98412,72.241974
NSF,1520843,K01,K01.1|K01.2,175,-20.201202,83.26842
NSF,1520853,K02,K02.1,240,33.52593,-58.95819
NSF,1520904,K01,K01.1,2,-36.28683,70.56071
NSF,1522836,K02,K02.1|K02.2,472,55.258198,-14.955276
NSF,1522876,K02,K02.1|K02.2,472,55.258198,-14.955276
NSF,1522972,K02,K02.1|K02.2,497,50.883907,6.1257133
NSF,1523207,K02,K02.1,415,47.730434,3.001196
NSF,1526677,K04,K04.1,813,-39.527245,-53.723328
NSF,1528137,K04,K04.1,813,-39.52779,-53.724045
NSF,1530582,K01,K01.1,68,-4.284492,52.299553
NSF,1531636,K01,K01.1|K01.2,195,-24.449314,50.418194
NSF,1534976,K02,K02.1,393,41.77309,-10.1935625
NSF,1536506,K01,K01.1,68,-4.2943225,52.30522
NSF,1536741,K03,K03.1,564,-81.17386,7.3507442
NSF,1539462,K05,K05.1|K05.3,1412,-25.739208,17.895618
NSF,1539593,K05,K05.1|K05.3,1412,-25.739206,17.895622
NSF,1539611,K05,K05.1|K05.3,1412,-25.739208,17.895618
NSF,1541069,K02,K02.1,361,44.102985,-29.438572
NSF,1541105,K02,K02.1,361,44.102985,-29.438572
NSF,1541108,K02,K02.1,361,44.102985,-29.438572
NSF,1541130,K02,K02.1,285,40.751534,49.614685
NSF,1541136,K02,K02.1,285,40.413166,49.536274
NSF,1541159,K04,K04.1|K04.3,1045,-43.479614,-26.736378
NSF,1541199,K04,K04.1|K04.3,1045,-43.479614,-26.736378
NSF,1541390,K02,K02.1,416,56.61298,15.922631
NSF,1541564,K02,K02.1,416,56.59769,15.930449
NSF,1542791,K02,K02.1,386,26.735067,-19.310995
NSF,1542930,K03,K03.2,694,-43.906376,20.674337
NSF,1542936,K01,K01.1,68,-4.284492,52.299553
NSF,1542962,K02,K02.1,285,40.47077,49.539997
NSF,1542976,K01,K01.1,68,-4.284492,52.299553
NSF,1543003,K02,K02.1,386,26.563217,-19.100864
NSF,1543230,K02,K02.1,386,26.774534,-19.37694
NSF,1543245,K02,K02.1,295,1.558087,-30.697353
NSF,1543268,K03,K03.1,567,-75.14096,9.044814
NSF,1543311,K02,K02.1,386,25.17544,-18.878044
NSF,1543457,K01,K01.1|K01.2,99,-31.844236,33.513462
NSF,1543511,K01,K01.1|K01.2,99,-31.694313,33.261456
NSF,1543541,K02,K02.1,417,46.22595,27.290918
NSF,1544601,K04,K04.1|K04.3,1010,-61.79534,-43.67726
NSF,1544753,K01,K01.1|K01.2,113,-33.80751,36.598568
NSF,1545091,K04,K04.1|K04.3,1010,-61.795425,-43.677235
NSF,1545116,K04,K04.1|K04.3,1045,-43.270267,-26.632082
NSF,1545623,K02,K02.1,295,1.5600696,-30.699484
NSF,1545675,K02,K02.1,316,19.49755,27.263464
NSF,1546585,K01,K01.2,218,-1.3786871,85.43584
NSF,1546743,K02,K02.2,505,87.34818,9.311293
NSF,1547733,K01,K01.2,218,-1.3786871,85.43584
NSF,1547752,K02,K02.1|K02.2,437,85.43057,46.955875
NSF,1547899,K02,K02.1|K02.2,498,61.901062,21.413158
NSF,1547903,K02,K02.1|K02.2,437,85.4312,46.956688
NSF,1547912,K02,K02.1|K02.2,498,61.900883,21.413137
NSF,1548367,K04,K04.1|K04.3,1045,-43.485058,-26.741823
NSF,1548414,K04,K04.1|K04.3,983,6.0503116,-76.15567
NSF,1548642,K03,K03.2,685,-79.9613,24.520302
NSF,1548807,K04,K04.1|K04.3,983,6.8221908,-76.776566
NSF,1548900,K03,K03.3,745,-90.842804,-1.3711202
NSF,1548975,K04,K04.1|K04.3,952,-25.07989,-19.981682
NSF,1549041,K04,K04.1|K04.3,952,-24.813602,-18.86272
NSF,1549078,K05,K05.1,1215,-21.779074,2.920022
NSF,1549166,K02,K02.1,417,46.345688,27.241749
NSF,1549206,K04,K04.1|K04.3,983,6.820799,-76.77972
NSF,1549223,K04,K04.1|K04.3,983,7.097958,-76.380035
NSF,1549387,K02,K02.1,417,45.560253,28.11015
NSF,1549388,K01,K01.1|K01.2,121,-54.75162,61.758385
NSF,1549413,K04,K04.3,1167,-72.61239,-65.465195
NSF,1549418,K04,K04.1|K04.3,983,6.931298,-76.543236
NSF,1549525,K04,K04.1|K04.3,1009,-58.70489,-54.32127
NSF,1549710,K04,K04.1|K04.3,952,-24.822641,-18.26347
NSF,1549753,K04,K04.1|K04.3,983,7.33873,-76.32507
NSF,1550112,K02,K02.1,285,38.97402,49.12022
NSF,1550129,K05,K05.3,1519,-3.5192645,-1.2097081
NSF,1550611,K02,K02.1,417,46.564316,27.155003
NSF,1551311,K02,K02.1,417,46.790886,27.116718
NSF,1551429,K02,K02.1,417,46.29407,27.280521
NSF,1551731,K02,K02.1,328,22.696697,17.564013
NSF,1552077,K02,K02.1,386,26.751228,-19.346704
NSF,1552086,K02,K02.1,386,26.79897,-19.41683
NSF,1552195,K02,K02.1,360,42.455776,-34.620975
NSF,1552232,K02,K02.1,285,40.087765,49.60753
NSF,1552353,K01,K01.1|K01.2,164,-12.464746,61.770477
NSF,1552368,K02,K02.1,235,28.283937,-59.008396
NSF,1552375,K04,K04.1,781,-11.059977,-76.25077
NSF,1552410,K02,K02.1,344,87.2693,-4.549888
NSF,1552429,K02,K02.1,316,19.337864,27.22377
NSF,1552444,K04,K04.1|K04.3,1008,-48.703808,-60.41184
NSF,1552487,K02,K02.1,250,23.228292,-41.725674
NSF,1552559,K03,K03.1|K03.3,630,-59.06789,-2.244283
NSF,1552571,K04,K04.1|K04.3,952,-24.809767,-18.86247
NSF,1552692,K02,K02.1|K02.2,475,67.12913,-5.9733977
NSF,1552712,K04,K04.1|K04.3,952,-24.796196,-18.861341
NSF,1552961,K04,K04.1,806,-42.027493,-50.34867
NSF,1553141,K04,K04.1,790,-22.404219,-49.55001
NSF,1553234,K04,K04.1|K04.3,983,6.9382753,-76.541504
NSF,1553350,K02,K02.1,397,32.54561,-2.4274352
NSF,1553407,K04,K04.1|K04.3,1053,-38.545704,-30.886932
NSF,1553475,K04,K04.3,1179,-2.067731,-51.93048
NSF,1553494,K04,K04.1|K04.3,1034,-68.95728,-41.379597
NSF,1553565,K01,K01.1|K01.2,155,7.598421,79.31769
NSF,1553715,K02,K02.1,308,63.85681,-39.60878
NSF,1553756,K04,K04.1|K04.3,983,6.5798244,-76.99657
NSF,1553863,K04,K04.1,846,-46.59829,-38.36204
NSF,1553875,K02,K02.1,397,32.484154,-2.4515026
NSF,1553909,K01,K01.1,55,1.4735577,64.30894
NSF,1554018,K04,K04.1|K04.3,1055,-12.846387,-47.273335
NSF,1554026,K02,K02.1,285,40.085083,49.606956
NSF,1554056,K04,K04.1|K04.3,984,2.2549157,-72.35938
NSF,1554061,K02,K02.1,274,61.024326,53.851078
NSF,1554117,K05,K05.1,1206,-16.334785,12.019031
NSF,1554171,K03,K03.3,750,-74.28442,-13.196718
NSF,1554178,K04,K04.1|K04.3,1015,-56.870678,-54.15363
NSF,1554412,K04,K04.1|K04.3,1033,-36.991837,-65.74272
NSF,1554497,K04,K04.1|K04.3,952,-24.8191,-18.859272
NSF,1554511,K04,K04.2,1119,-4.5202284,-75.43098
NSF,1554531,K01,K01.1,27,-74.82613,50.296165
NSF,1554559,K04,K04.1|K04.3,1045,-43.473385,-26.744768
NSF,1554626,K04,K04.1,846,-46.59873,-38.361923
NSF,1554714,K04,K04.1|K04.3,952,-25.141108,-18.69484
NSF,1554846,K02,K02.1,411,66.57956,7.676703
NSF,1554894,K02,K02.1,295,1.7257454,-30.8755
NSF,1555003,K02,K02.1,386,26.529808,-19.081238
NSF,1555034,K02,K02.1,386,26.81401,-19.456503
NSF,1555041,K02,K02.1,295,1.7944051,-30.970793
NSF,1555123,K05,K05.1|K05.2,1317,-0.5043869,12.432046
NSF,1555479,K01,K01.1,53,-18.120092,39.43141
NSF,1555871,K04,K04.1|K04.3,952,-25.193985,-18.657846
NSF,1555980,K02,K02.1,274,60.925034,53.88017
NSF,1556010,K02,K02.1,274,61.156425,53.833134
NSF,1556041,K04,K04.1|K04.3,952,-25.08989,-18.730442
NSF,1556058,K04,K04.1,846,-46.59806,-38.36209
NSF,1556094,K04,K04.1|K04.3,983,6.590907,-77.02255
NSF,1556127,K01,K01.1,12,12.1103525,50.078136
NSF,1556311,K02,K02.1,415,47.794746,2.9253526
NSF,1556862,K02,K02.1,417,46.833763,27.116814
NSF,1557353,K02,K02.1,417,46.573486,27.16412
NSF,1557621,K02,K02.1,344,87.29095,-4.534369
NSF,1558225,K01,K01.1|K01.2,138,-1.4228655,76.23505
NSF,1558258,K01,K01.1|K01.2,198,-27.041395,58.82003
NSF,1558259,K02,K02.1,386,26.9047,-19.610847
NSF,1558289,K02,K02.1,417,46.99795,27.14046
NSF,1558300,K01,K01.2,232,-31.471458,49.625256
NSF,1558322,K02,K02.1,386,26.783972,-19.403269
NSF,1558343,K02,K02.1,295,1.6923348,-30.838953
NSF,1558358,K01,K01.1,39,18.802122,79.32262
NSF,1558446,K01,K01.1,31,14.10414,94.2153
NSF,1558558,K02,K02.1,386,26.513252,-19.09178
NSF,1558577,K02,K02.1,344,87.27608,-4.547133
NSF,1558645,K02,K02.1,411,66.56001,7.7364945
NSF,1558648,K02,K02.1,397,33.47745,-2.414792
NSF,1558650,K02,K02.1,370,48.651215,-18.927319
NSF,1558658,K02,K02.1,397,32.608997,-2.3611722
NSF,1558675,K02,K02.1,360,42.47973,-34.62409
NSF,1558736,K02,K02.1|K02.2,451,83.25805,8.437765
NSF,1558741,K02,K02.1|K02.2,451,83.25811,8.438996
NSF,1558787,K02,K02.1,397,32.567932,-2.415333
NSF,1558823,K02,K02.1,397,32.565468,-2.367307
NSF,1558868,K01,K01.1|K01.2,184,-21.694818,71.895676
NSF,1558929,K02,K02.1,411,66.57838,7.691363
NSF,1558930,K02,K02.1,411,66.55809,7.7415066
NSF,1558939,K02,K02.1,316,19.498322,27.264414
NSF,1558966,K02,K02.1,316,19.499754,27.274435
NSF,1558980,K02,K02.1|K02.2,451,83.25784,8.438498
NSF,1559001,K02,K02.1,360,42.643116,-34.54739
NSF,1559004,K01,K01.1,68,-4.2754893,52.29739
NSF,1559075,K02,K02.1|K02.2,499,64.77768,25.078722
NSF,1559105,K02,K02.1,295,1.6875178,-30.834578
NSF,1559117,K02,K02.1,388,29.968695,-10.533937
NSF,1559126,K02,K02.1|K02.2,467,56.615707,-15.455879
NSF,1559178,K02,K02.1,285,39.780655,49.8039
NSF,1559180,K02,K02.1|K02.2,499,64.7777,25.078762
NSF,1559196,K02,K02.1,416,56.760895,15.922425
NSF,1559215,K01,K01.1,68,-4.3771186,52.345104
NSF,1559245,K02,K02.1,411,66.560104,7.7357984
NSF,1559286,K02,K02.1|K02.2,440,78.3839,-21.25962
NSF,1559334,K02,K02.1,316,19.51092,27.2754
NSF,1559476,K02,K02.1,285,39.886482,49.712334
NSF,1559550,K02,K02.1,417,46.78536,27.137812
NSF,1559598,K03,K03.2,685,-80.204895,24.489922
NSF,1559607,K03,K03.2,685,-80.24425,24.484955
NSF,1559862,K01,K01.1,67,-10.780314,47.454453
NSF,1559984,K04,K04.1,799,-10.207854,-69.01103
NSF,1560015,K01,K01.1|K01.2,118,-24.105658,48.3498
NSF,1560166,K02,K02.1,393,41.77242,-10.18861
NSF,1560494,K02,K02.1|K02.2,475,67.1331,-5.973641
NSF,1560700,K02,K02.1,416,57.052227,16.004793
NSF,1560785,K01,K01.1,60,-20.179077,71.09807
NSF,1560812,K02,K02.1,416,56.61729,15.934374
NSF,1560844,K02,K02.1|K02.2,437,85.431076,46.956417
NSF,1560908,K01,K01.1,12,12.037831,50.55571
NSF,1560919,K02,K02.1,295,1.1860448,-30.433323
NSF,1560920,K02,K02.1,316,19.324438,27.225689
NSF,1560925,K03,K03.3,762,-48.93643,14.845465
NSF,1560933,K02,K02.1,417,47.000004,27.168514
NSF,1560945,K02,K02.1,285,39.92877,49.680878
NSF,1560962,K01,K01.1|K01.2,69,-32.386368,68.92769
NSF,1560970,K02,K02.1|K02.2,418,32.49686,-55.523026
NSF,1561014,K02,K02.1,417,45.938156,27.510647
NSF,1561072,K02,K02.1,417,45.938366,27.510443
NSF,1561082,K02,K02.1,250,23.352354,-41.935272
NSF,1561084,K03,K03.2|K03.3,718,-95.506645,10.071984
NSF,1561093,K01,K01.1,51,-51.518303,85.14733
NSF,1561099,K01,K01.1|K01.2,197,-19.348276,49.851974
NSF,1561101,K05,K05.1|K05.3,1424,-11.260672,-0.8324808
NSF,1561106,K01,K01.1|K01.2,197,-19.348276,49.851894
NSF,1561139,K03,K03.2,692,-46.49506,-7.6359406
NSF,1561473,K02,K02.1|K02.2,440,78.663086,-21.210293
NSF,1561764,K03,K03.3,762,-48.935947,14.844394
NSF,1561932,K02,K02.1,386,25.225395,-18.871819
NSF,1562010,K03,K03.3,762,-48.936077,14.844284
NSF,1562019,K02,K02.2,503,74.649864,-19.692299
NSF,1562055,K02,K02.1|K02.2,440,78.38462,-21.259434
NSF,1562109,K05,K05.1,1251,-11.927395,22.452827
NSF,1562127,K02,K02.1|K02.2,440,77.77604,-21.722826
NSF,1562244,K03,K03.1|K03.3,631,-61.197758,-2.422101
NSF,1562291,K05,K05.1,1251,-11.92667,22.452662
NSF,1562353,K02,K02.1,417,46.231174,27.3576
NSF,1562388,K03,K03.1|K03.3,631,-61.197693,-2.422106
NSF,1562420,K05,K05.2,1439,6.3486376,8.537792
NSF,1562490,K04,K04.1|K04.3,983,6.589904,-77.03094
NSF,1562536,K03,K03.2,699,-49.458595,2.4838054
NSF,1562557,K04,K04.1|K04.3,983,7.3301625,-76.30529
NSF,1562669,K04,K04.1|K04.3,983,6.931722,-76.54364
NSF,1562713,K01,K01.1,39,19.095234,79.22777
NSF,1562821,K04,K04.1|K04.3,983,6.820987,-76.54848
NSF,1562912,K04,K04.3,1162,-13.22607,-90.32183
NSF,1563372,K03,K03.3,750,-74.28442,-13.196718
NSF,1563428,K04,K04.3,1156,-15.085238,-94.22546
NSF,1563577,K04,K04.3,1156,-15.085205,-94.22533
NSF,1563612,K04,K04.1|K04.3,1001,6.8898125,-56.501766
NSF,1563618,K02,K02.1,360,42.37928,-34.63143
NSF,1563638,K02,K02.1,235,27.935322,-59.064884
NSF,1564495,K02,K02.1,386,25.317478,-18.889551
NSF,1564565,K02,K02.1,235,27.936749,-59.063606
NSF,1566134,K01,K01.1,39,18.809422,79.31971
NSF,1566180,K01,K01.1,39,18.807926,79.31975
NSF,1566200,K05,K05.1,1274,-27.146193,9.164846
NSF,1566386,K01,K01.1|K01.2,138,-1.852563,76.18406
NSF,1566450,K03,K03.2,685,-80.10297,24.498003
NSF,1566562,K05,K05.1,1274,-27.146141,9.164995
NSF,1566623,K03,K03.2|K03.3,714,-91.85928,15.660976
NSF,1600012,K02,K02.1,285,40.048347,50.429207
NSF,1600049,K02,K02.1,397,31.293179,-2.143305
NSF,1600053,K02,K02.1,397,31.285671,-2.1470459
NSF,1600062,K03,K03.1|K03.2|K03.3,623,-59.48669,16.692646
NSF,1600075,K04,K04.1|K04.3,952,-24.266312,-18.91094
NSF,1600087,K03,K03.1|K03.3,653,-75.28177,7.290518
NSF,1600089,K03,K03.1|K03.2|K03.3,623,-59.486557,16.692656
NSF,1600109,K03,K03.1|K03.3,666,-56.63326,8.605432
NSF,1600131,K03,K03.1|K03.2|K03.3,623,-59.48669,16.692646
NSF,1600149,K03,K03.1|K03.2,606,-63.869038,6.2719817
NSF,1600168,K01,K01.2,233,-33.010838,52.920685
NSF,1600222,K03,K03.1|K03.2,578,-58.59011,-12.860499
NSF,1600230,K02,K02.1,397,31.559437,-2.399503
NSF,1600237,K03,K03.1|K03.2,588,-59.70135,14.2485485
NSF,1600258,K03,K03.1|K03.2,578,-58.590343,-12.860959
NSF,1600267,K03,K03.1|K03.2,606,-63.869587,6.272162
NSF,1600283,K03,K03.1|K03.2,606,-63.868946,6.272115
NSF,1600287,K03,K03.1|K03.2,578,-58.590424,-12.8606205
NSF,1600319,K03,K03.1|K03.2,578,-58.590168,-12.860889
NSF,1601245,K01,K01.1,68,-4.222085,52.232178
NSF,1601288,K01,K01.2,234,-30.728806,56.53683
NSF,1601565,K03,K03.2,685,-79.87761,24.608585
NSF,1602023,K04,K04.1|K04.3,1086,-22.570246,-65.52503
NSF,1602087,K04,K04.1|K04.3,952,-25.265955,-18.58481
NSF,1602119,K04,K04.1|K04.3,1034,-68.95915,-41.378754
NSF,1602176,K02,K02.1,235,27.932358,-59.064278
NSF,1602248,K02,K02.1,411,66.56668,7.9516644
NSF,1602367,K02,K02.1,397,31.885263,-2.5444908
NSF,1602440,K02,K02.1|K02.2,498,61.90105,21.413483
NSF,1602512,K03,K03.3,735,-59.281673,-3.7756948
NSF,1602521,K01,K01.1|K01.2,99,-32.164265,33.749794
NSF,1602564,K03,K03.3,735,-59.281418,-3.7760293
NSF,1602615,K01,K01.1,31,14.103951,94.2163
NSF,1602654,K02,K02.1,417,46.56377,27.834509
NSF,1602680,K01,K01.1,31,14.102293,94.22811
NSF,1602716,K02,K02.1,414,47.74152,18.210482
NSF,1602781,K02,K02.1,414,47.74152,18.210482
NSF,1602813,K02,K02.1,386,25.528889,-18.912764
NSF,1602879,K01,K01.1,31,14.104783,94.21529
NSF,1602882,K02,K02.1,386,25.225395,-18.871819
NSF,1602883,K02,K02.1,414,47.74152,18.210482
NSF,1602889,K02,K02.1,285,40.412445,49.55755
NSF,1602898,K02,K02.1|K02.2,498,61.901035,21.413282
NSF,1602916,K05,K05.1,1281,3.9279017,2.9116638
NSF,1602926,K02,K02.1|K02.2,451,83.25784,8.438498
NSF,1602946,K02,K02.1,414,47.74152,18.210482
NSF,1602985,K02,K02.1,386,25.978962,-18.75819
NSF,1603088,K02,K02.1|K02.2,475,67.13253,-5.976831
NSF,1603116,K02,K02.1,417,46.898632,27.714603
NSF,1603120,K02,K02.1,415,47.69986,3.8245602
NSF,1603172,K02,K02.1,414,47.74152,18.210482
NSF,1603190,K02,K02.1,235,28.19266,-59.67308
NSF,1603196,K02,K02.1,235,27.840961,-59.069263
NSF,1603214,K02,K02.1|K02.2,498,61.89898,21.410494
NSF,1603253,K02,K02.1,295,1.1242732,-30.41238
NSF,1603259,K02,K02.1,415,47.71113,3.8403263
NSF,1603302,K02,K02.1|K02.2,498,61.900894,21.413166
NSF,1603321,K02,K02.1,415,47.713963,3.843782
NSF,1603331,K02,K02.1,316,19.476334,27.276169
NSF,1603350,K02,K02.1,285,40.59634,50.032288
NSF,1603361,K02,K02.1,285,40.4217,50.1551
NSF,1603372,K04,K04.1|K04.3,983,7.7957845,-76.828545
NSF,1603452,K02,K02.1,417,45.973007,27.666378
NSF,1603466,K02,K02.1,386,25.303453,-18.889608
NSF,1603473,K01,K01.1|K01.2,128,24.610899,65.1603
NSF,1603538,K02,K02.1,416,57.164566,16.093712
NSF,1603548,K01,K01.1|K01.2,99,-31.813356,33.498222
NSF,1603566,K02,K02.1,386,25.55584,-18.898764
NSF,1603609,K04,K04.1|K04.3,983,6.5967813,-77.06137
NSF,1603635,K02,K02.1,250,23.286665,-41.803192
NSF,1603660,K02,K02.1,417,45.938156,27.510647
NSF,1603667,K01,K01.1|K01.2,198,-27.04314,58.81971
NSF,1603707,K04,K04.1|K04.3,983,6.9259176,-76.93076
NSF,1603717,K02,K02.1,360,41.700756,-35.085976
NSF,1603737,K04,K04.1|K04.3,983,7.6480956,-76.22475
NSF,1603741,K02,K02.1,295,0.9406782,-30.33351
NSF,1603754,K04,K04.1|K04.3,983,7.3254333,-76.32948
NSF,1603799,K03,K03.1|K03.2,590,-55.64875,22.499683
NSF,1603815,K02,K02.1,316,19.536964,27.28634
NSF,1603833,K02,K02.1,416,57.150883,16.080492
NSF,1603903,K02,K02.1,417,46.903076,27.714209
NSF,1603914,K03,K03.2,685,-79.90506,24.591196
NSF,1603941,K02,K02.1,415,47.713703,3.8441916
NSF,1604008,K04,K04.1,798,-9.778339,-70.0666
NSF,1604042,K02,K02.1,360,41.933636,-34.831284
NSF,1604047,K02,K02.1,386,25.501657,-18.894958
NSF,1604058,K02,K02.1,316,19.716543,27.368979
NSF,1604069,K01,K01.1,6,-39.94287,72.452194
NSF,1604105,K02,K02.1|K02.2,498,61.901237,21.413298
NSF,1604160,K02,K02.1|K02.2,498,61.901245,21.413363
NSF,1604374,K04,K04.1|K04.3,962,-29.925896,-20.701881
NSF,1604432,K02,K02.1,360,41.65972,-35.142315
NSF,1604457,K02,K02.1,235,28.211641,-59.642612
NSF,1604475,K02,K02.1,360,42.033955,-34.770348
NSF,1604524,K04,K04.1|K04.3,952,-25.267775,-18.58186
NSF,1604542,K04,K04.1|K04.3,983,7.2805247,-76.26167
NSF,1604715,K02,K02.1,250,22.87184,-42.7449
NSF,1604776,K04,K04.1|K04.3,983,7.327253,-76.32568
NSF,1604825,K01,K01.1|K01.2,78,-33.12051,77.09118
NSF,1604853,K05,K05.1|K05.2,1293,3.7153144,4.8770523
NSF,1604886,K04,K04.1|K04.3,983,6.847987,-78.2133
NSF,1604890,K04,K04.1|K04.3,983,7.4769464,-77.11041
NSF,1604906,K05,K05.1|K05.2,1293,3.7153144,4.8770523
NSF,1605031,K04,K04.1|K04.3,1001,6.9065437,-56.541603
NSF,1605034,K04,K04.1|K04.3,983,7.3651047,-76.306625
NSF,1605050,K03,K03.1,561,-67.16967,2.4293916
NSF,1605088,K02,K02.1,250,23.441288,-42.30415
NSF,1605112,K04,K04.1|K04.3,952,-24.861052,-18.245705
NSF,1605129,K02,K02.1,250,23.477667,-42.739597
NSF,1605161,K02,K02.1,250,23.452604,-42.22434
NSF,1605185,K02,K02.1,250,23.43853,-42.166058
NSF,1605202,K03,K03.1,555,-64.85563,5.1014047
NSF,1605290,K04,K04.1|K04.3,952,-24.552254,-18.91508
NSF,1605319,K05,K05.1,1195,-14.505581,9.7069845
NSF,1605355,K03,K03.3,770,-56.943092,7.9839582
NSF,1605407,K05,K05.1,1245,-13.29472,17.533289
NSF,1605424,K04,K04.1|K04.3,983,6.8070855,-76.608215
NSF,1605472,K01,K01.1|K01.2,78,-33.11923,77.08983
NSF,1605482,K04,K04.3,1155,-20.413452,-99.25445
NSF,1605495,K02,K02.1,235,28.28196,-59.067448
NSF,1605524,K04,K04.1|K04.3,952,-24.581347,-18.901855
NSF,1605669,K01,K01.1|K01.2,198,-27.047997,58.823647
NSF,1605692,K04,K04.1|K04.3,952,-25.229004,-18.619822
NSF,1605715,K04,K04.1|K04.2|K04.3,918,-23.066347,-29.369942
NSF,1605843,K02,K02.1,308,64.04897,-39.56483
NSF,1605882,K02,K02.1,250,23.466312,-42.270557
NSF,1605957,K04,K04.1|K04.3,952,-24.54267,-18.911882
NSF,1606036,K03,K03.3,750,-74.31717,-13.168701
NSF,1606057,K04,K04.1|K04.3,1008,-48.40463,-60.58119
NSF,1606117,K04,K04.1|K04.3,983,6.5363455,-77.32422
NSF,1606190,K02,K02.1,360,42.04496,-34.772423
NSF,1606519,K01,K01.2,212,-50.516426,62.65947
NSF,1607348,K02,K02.1|K02.2,461,78.03762,24.561747
NSF,1607816,K01,K01.1,68,-4.199098,52.143196
NSF,1607899,K04,K04.3,1193,-30.840586,-47.57483
NSF,1608509,K04,K04.1|K04.3,1045,-44.009315,-27.345789
NSF,1608613,K04,K04.1|K04.3,1016,-56.278812,-39.88137
NSF,1608722,K04,K04.1|K04.3,1053,-38.546505,-30.884764
NSF,1608775,K02,K02.1,386,25.536512,-18.900995
NSF,1608898,K04,K04.1|K04.3,1053,-38.547062,-30.883572
NSF,1609027,K02,K02.1,295,1.13697,-30.419676
NSF,1609080,K02,K02.1,275,77.93738,50.0413
NSF,1609131,K04,K04.1|K04.3,1053,-38.54692,-30.883425
NSF,1609404,K03,K03.2,686,-81.50176,22.66221
NSF,1609794,K04,K04.3,1172,-70.28866,-54.517498
NSF,1610062,K04,K04.3,1155,-20.424171,-99.25642
NSF,1610282,K05,K05.1,1224,-21.013968,12.679885
NSF,1610390,K04,K04.1|K04.3,1007,-19.821402,-63.829327
NSF,1610396,K04,K04.3,1175,-78.67095,-48.360077
NSF,1610429,K05,K05.1,1224,-21.13519,12.758815
NSF,1610615,K05,K05.2,1456,7.99678,2.1768584
NSF,1610732,K04,K04.1|K04.3,1045,-43.83681,-26.831034
NSF,1610897,K03,K03.2,686,-81.50152,22.662
NSF,1610935,K04,K04.3,1172,-70.28883,-54.51758
NSF,1611095,K04,K04.1,846,-46.598995,-38.361927
NSF,1611574,K05,K05.2,1456,7.997067,2.1755695
NSF,1611820,K01,K01.1,6,-39.944683,72.4533
NSF,1612144,K05,K05.1|K05.3,1424,-11.26056,-0.8324949
NSF,1612429,K05,K05.2,1431,-23.24125,16.498495
NSF,1612843,K03,K03.1|K03.3,636,-63.247135,-2.6363063
NSF,1612944,K04,K04.3,1176,-13.158063,-46.76172
NSF,1614218,K01,K01.1|K01.2,99,-32.07186,33.692577
NSF,1614315,K02,K02.2,502,84.23054,47.41555
NSF,1614673,K01,K01.1,39,18.818153,79.3165
NSF,1614973,K02,K02.1,285,40.412445,49.55755
NSF,1615154,K01,K01.1,39,18.2427,80.52539
NSF,1615560,K02,K02.1,379,55.355606,-18.868694
NSF,1617040,K02,K02.1,295,1.00879,-30.36138
NSF,1617053,K02,K02.1|K02.2,464,71.343544,32.35952
NSF,1617359,K02,K02.1,250,23.38742,-43.075794
NSF,1617374,K02,K02.1|K02.2,441,76.00755,-25.121162
NSF,1617396,K05,K05.1,1219,-25.255653,5.7266035
NSF,1617463,K02,K02.1|K02.2,440,78.59629,-21.222868
NSF,1617473,K02,K02.1,316,19.313639,27.227581
NSF,1617844,K03,K03.1,533,-59.13857,-13.589328
NSF,1618627,K04,K04.1|K04.3,1009,-58.840473,-54.235573
NSF,1619184,K04,K04.1|K04.3,1045,-43.40259,-26.045544
NSF,1619352,K04,K04.1|K04.3,1045,-43.562126,-26.634178
NSF,1619697,K02,K02.1|K02.2,475,67.12307,-5.9572124
NSF,1619893,K02,K02.1,295,0.7461751,-30.27606
NSF,1619915,K02,K02.1,360,41.655746,-35.146946
NSF,1619958,K03,K03.1|K03.3,665,-46.460835,4.968525
NSF,1620096,K04,K04.1,780,-23.447292,-46.005253
NSF,1620451,K02,K02.1|K02.2,467,56.615025,-15.45547
NSF,1620694,K02,K02.1,417,46.68176,27.39037
NSF,1621444,K03,K03.3,750,-74.260635,-13.168421
NSF,1621554,K02,K02.1,360,41.57963,-35.22152
NSF,1621576,K03,K03.2|K03.3,718,-95.51432,10.022175
NSF,1621647,K04,K04.1|K04.3,983,7.3469653,-76.304016
NSF,1621727,K04,K04.1|K04.3,1001,6.968992,-56.644
NSF,1621759,K04,K04.3,1167,-72.60273,-65.45757
NSF,1621836,K04,K04.1|K04.3,952,-24.883137,-18.238422
NSF,1621892,K04,K04.1|K04.3,952,-24.453897,-18.917702
NSF,1621951,K04,K04.1|K04.3,1008,-48.334515,-60.595127
NSF,1621952,K04,K04.1|K04.3,952,-25.207108,-18.628195
NSF,1621986,K04,K04.1|K04.3,952,-24.8455,-18.251669
NSF,1622211,K04,K04.1|K04.3,983,6.9249244,-76.73328
NSF,1622295,K01,K01.1,60,-20.179003,71.097984
NSF,1622389,K04,K04.3,1189,-28.248331,-39.0284
NSF,1622408,K01,K01.2,200,-49.5989,63.170742
NSF,1622560,K01,K01.1|K01.2,100,-52.14008,45.505085
NSF,1622770,K01,K01.1,25,-9.399999,46.243904
NSF,1622866,K04,K04.1|K04.3,1001,7.0356393,-56.681385
NSF,1622971,K04,K04.1|K04.3,1008,-49.033527,-60.363995
NSF,1622978,K04,K04.1|K04.3,952,-24.811918,-18.265797
NSF,1622985,K01,K01.1,55,1.4751062,64.311226
NSF,1623025,K05,K05.1|K05.3,1424,-11.260569,-0.83284456
NSF,1623064,K01,K01.1,55,1.4742377,64.302925
NSF,1623218,K01,K01.1,55,1.5235627,64.26476
NSF,1623461,K02,K02.1,295,1.1512663,-30.424524
NSF,1623464,K04,K04.1|K04.3,952,-24.379015,-18.915783
NSF,1623542,K01,K01.1|K01.2,69,-32.38657,68.92674
NSF,1623553,K01,K01.1|K01.2,69,-32.38662,68.92648
NSF,1623748,K01,K01.1,55,1.4753152,64.31153
NSF,1623752,K01,K01.1|K01.2,69,-32.387398,68.928215
NSF,1623810,K02,K02.1,295,0.9391056,-30.331497
NSF,1623812,K02,K02.1,295,1.2374237,-30.472145
NSF,1623814,K02,K02.1,295,1.1507229,-30.424263
NSF,1623867,K02,K02.1|K02.2,440,79.387245,-21.481249
NSF,1623875,K01,K01.1|K01.2,99,-31.783556,33.47618
NSF,1623912,K02,K02.1,285,40.30175,49.55058
NSF,1623948,K04,K04.2|K04.3,1137,-1.1876534,-73.921394
NSF,1624153,K02,K02.1,250,22.96167,-42.72701
NSF,1624183,K01,K01.1|K01.2,98,-17.838205,84.90234
NSF,1624207,K01,K01.1|K01.2,128,24.608337,65.16203
NSF,1624219,K05,K05.3,1488,-17.460659,-2.0859747
NSF,1624329,K02,K02.1,308,63.528267,-40.011375
NSF,1624335,K05,K05.1,1251,-12.292193,22.64426
NSF,1624407,K02,K02.1,308,64.218925,-39.51726
NSF,1624409,K02,K02.1,360,41.699184,-35.089043
NSF,1624417,K02,K02.1,360,41.761852,-35.017757
NSF,1624533,K01,K01.1|K01.2,198,-27.050276,58.811237
NSF,1624539,K04,K04.1|K04.3,953,-12.430743,-82.13801
NSF,1624542,K01,K01.1|K01.2,198,-27.046232,58.8278
NSF,1624551,K01,K01.1|K01.2,138,-1.2200046,76.299416
NSF,1624609,K05,K05.1,1251,-12.224436,22.579006
NSF,1624612,K01,K01.1|K01.2,138,-1.8335992,76.237465
NSF,1624618,K01,K01.2,206,-12.380008,96.52498
NSF,1624712,K04,K04.1|K04.3,1113,-33.18317,-49.36664
NSF,1624738,K03,K03.1|K03.2,581,-83.03898,16.619535
NSF,1624767,K04,K04.1|K04.3,983,6.6567044,-77.006355
NSF,1624812,K04,K04.3,1159,-10.416755,-92.86302
NSF,1624842,K04,K04.1,798,-9.787467,-70.07709
NSF,1624877,K02,K02.1,386,25.56778,-18.894463
NSF,1624881,K02,K02.1,275,77.93752,50.04136
NSF,1624890,K02,K02.1,397,31.420176,-2.3429701
NSF,1624947,K02,K02.1,285,40.67166,49.921616
NSF,1625150,K01,K01.1|K01.2,138,-1.2385457,76.28934
NSF,1625317,K02,K02.1,265,49.957382,-60.22035
NSF,1626374,K01,K01.1,20,8.941335,47.231606
NSF,1626792,K02,K02.1|K02.2,467,56.615765,-15.455737
NSF,1627382,K02,K02.1,393,41.770714,-10.1913395
NSF,1627432,K02,K02.2,508,72.629074,31.306581
NSF,1627439,K02,K02.1,411,66.8137,7.473444
NSF,1627893,K02,K02.1|K02.2,475,67.14548,-5.9797425
NSF,1628014,K02,K02.1,235,28.293457,-59.10591
NSF,1628096,K02,K02.1,351,74.01703,15.109421
NSF,1628146,K02,K02.1,370,48.748817,-18.970213
NSF,1628183,K02,K02.1,386,25.161383,-18.878778
NSF,1628580,K02,K02.1,351,74.01836,15.109117
NSF,1628612,K04,K04.1|K04.3,1008,-49.092674,-60.92724
NSF,1628674,K02,K02.1,417,45.89757,27.57846
NSF,1629194,K06,K06.2,1563,15.04884,-3.3906832
NSF,1629195,K05,K05.1,1284,8.073483,4.5217094
NSF,1630142,K02,K02.1,235,27.298485,-59.43135
NSF,1630360,K02,K02.1,316,18.70106,27.19972
NSF,1630474,K02,K02.1,295,0.870421,-30.310154
NSF,1630490,K04,K04.1,882,-31.565878,-53.378223
NSF,1631133,K04,K04.1|K04.3,1009,-59.17457,-54.538635
NSF,1631964,K01,K01.1|K01.2,141,-24.22939,50.910908
NSF,1632019,K02,K02.1,235,28.760422,-59.23035
NSF,1632116,K04,K04.1,813,-39.528923,-53.72433
NSF,1632124,K04,K04.1|K04.3,1020,-55.047832,-40.545715
NSF,1632145,K02,K02.2,505,87.347984,9.311189
NSF,1632193,K04,K04.1|K04.3,1009,-59.138584,-54.63646
NSF,1632207,K02,K02.1,417,46.522602,27.844107
NSF,1632227,K04,K04.1|K04.3,1010,-61.795395,-43.677254
NSF,1632244,K04,K04.1|K04.3,983,7.5516663,-77.03022
NSF,1632255,K04,K04.1|K04.3,983,6.883447,-78.067924
NSF,1632333,K02,K02.1,295,0.7065624,-30.268559
NSF,1632348,K02,K02.1,295,1.4813826,-30.609911
NSF,1632394,K04,K04.1|K04.3,952,-23.96175,-18.81411
NSF,1632445,K02,K02.1,344,87.86597,-4.705317
NSF,1632494,K03,K03.3,760,-44.927734,-10.427678
NSF,1632540,K05,K05.1,1289,-29.468737,4.658193
NSF,1632572,K02,K02.1,390,30.39395,-10.064708
NSF,1632711,K04,K04.1|K04.3,952,-24.446531,-18.36866
NSF,1632734,K05,K05.1,1273,-24.674568,18.01896
NSF,1632798,K01,K01.1|K01.2,129,21.972961,66.72797
NSF,1632945,K04,K04.1|K04.2|K04.3,951,-31.586918,-38.022743
NSF,1632963,K04,K04.1|K04.3,983,7.54045,-77.03675
NSF,1632974,K01,K01.1|K01.2,164,-12.500339,61.756947
NSF,1633013,K01,K01.1,10,-9.3779955,97.45086
NSF,1633082,K02,K02.2,515,67.28439,-11.280336
NSF,1633338,K04,K04.1|K04.3,953,-12.431438,-82.139725
NSF,1633363,K04,K04.1|K04.3,953,-12.437049,-82.1421
NSF,1633880,K02,K02.1,360,42.864273,-34.57779
NSF,1633948,K01,K01.1|K01.2,128,24.637312,65.13203
NSF,1633951,K02,K02.1,295,1.1519068,-30.425383
NSF,1633970,K04,K04.1|K04.3,984,2.255589,-72.36057
NSF,1634002,K01,K01.1,38,-1.0487528,56.81833
NSF,1634070,K03,K03.1,545,-65.56955,30.950117
NSF,1634077,K02,K02.1|K02.2,464,71.34435,32.35937
NSF,1634136,K04,K04.1|K04.3,1014,-56.784595,-54.16054
NSF,1634140,K02,K02.1,412,46.829514,11.391443
NSF,1634163,K03,K03.1|K03.2,590,-55.484985,22.467928
NSF,1634167,K02,K02.1|K02.2,499,64.777725,25.078783
NSF,1634168,K02,K02.1,316,19.081383,27.186163
NSF,1634172,K01,K01.1,38,-1.0482786,56.818817
NSF,1634204,K04,K04.1,780,-23.875528,-46.59408
NSF,1634291,K03,K03.3,735,-59.281723,-3.78252
NSF,1634319,K02,K02.1,274,61.192295,54.570713
NSF,1634480,K02,K02.1,295,1.5542154,-30.722668
NSF,1634493,K04,K04.1|K04.3,952,-24.509958,-18.361748
NSF,1634520,K01,K01.1,12,12.139379,49.984867
NSF,1634559,K01,K01.1,38,-1.0485953,56.81832
NSF,1634582,K01,K01.1,12,12.205519,49.87413
NSF,1634628,K04,K04.1,780,-23.051136,-45.977425
NSF,1634641,K05,K05.1,1224,-21.346025,12.809689
NSF,1634694,K02,K02.1,235,27.30687,-59.419003
NSF,1634738,K02,K02.1,285,39.221848,50.500065
NSF,1634748,K03,K03.1|K03.3,631,-61.197876,-2.4236434
NSF,1634764,K01,K01.1,12,12.205494,49.874172
NSF,1634857,K04,K04.3,1164,8.22488,-59.432114
NSF,1634871,K04,K04.1|K04.3,1008,-48.08284,-61.55993
NSF,1634919,K01,K01.2,233,-33.015015,52.924007
NSF,1634973,K05,K05.1|K05.2,1346,-29.234701,4.580593
NSF,1634975,K05,K05.1,1245,-13.295725,17.535099
NSF,1634996,K02,K02.1|K02.2,499,64.77842,25.079548
NSF,1635026,K04,K04.1|K04.3,983,6.8394327,-78.142006
NSF,1635040,K04,K04.2,1115,-22.233772,-31.769846
NSF,1635043,K03,K03.3,735,-59.280224,-3.7766564
NSF,1635106,K04,K04.3,1175,-78.672134,-48.36011
NSF,1635115,K03,K03.3,738,-62.119736,-10.441907
NSF,1635137,K03,K03.1,525,-58.54586,-0.7020002
NSF,1635151,K02,K02.1,265,50.40895,-59.622513
NSF,1635156,K04,K04.1,780,-23.698624,-46.123775
NSF,1635219,K01,K01.1,38,-1.0484248,56.81873
NSF,1635227,K04,K04.1,780,-23.4854,-46.004707
NSF,1635233,K04,K04.1|K04.3,952,-24.510746,-18.357218
NSF,1635307,K04,K04.2,1115,-22.236479,-31.770407
NSF,1635315,K01,K01.1|K01.2,128,24.525364,65.312386
NSF,1635339,K05,K05.1,1205,-14.454449,11.58888
NSF,1635363,K04,K04.1,780,-23.07204,-45.97273
NSF,1635378,K03,K03.3,750,-74.00761,-13.313761
NSF,1635381,K02,K02.1,411,66.57109,7.962019
NSF,1635398,K03,K03.3,762,-48.928772,14.847319
NSF,1635403,K02,K02.1,295,1.152272,-30.424992
NSF,1635472,K05,K05.1,1205,-14.454881,11.5869055
NSF,1635490,K03,K03.2|K03.3,718,-95.706635,9.713806
NSF,1635507,K02,K02.1,386,26.523973,-19.101562
NSF,1635524,K04,K04.2,1115,-22.236376,-31.770618
NSF,1635569,K03,K03.3,737,-63.06543,-4.380099
NSF,1635638,K04,K04.1|K04.2,889,-8.580701,-76.18239
NSF,1635686,K04,K04.1|K04.2,889,-8.580701,-76.18239
NSF,1635716,K02,K02.1|K02.2,499,64.777565,25.078938
NSF,1635717,K04,K04.1|K04.3,1086,-22.132364,-66.47274
NSF,1635784,K03,K03.3,738,-62.12002,-10.4425125
NSF,1635797,K03,K03.1|K03.3,631,-61.19766,-2.4237328
NSF,1635798,K02,K02.1|K02.2,440,79.148315,-21.30938
NSF,1635813,K04,K04.1|K04.3,1086,-22.132452,-66.47218
NSF,1635837,K02,K02.1,316,18.975937,27.183872
NSF,1635878,K02,K02.1,235,28.382116,-60.014812
NSF,1635881,K05,K05.1,1205,-14.4544525,11.589223
NSF,1635885,K04,K04.1|K04.2,911,-40.75796,-40.15528
NSF,1635913,K02,K02.1|K02.2,440,79.38302,-21.475826
NSF,1635915,K02,K02.1,295,1.1811213,-30.438997
NSF,1635943,K02,K02.1,370,48.805153,-18.936445
NSF,1635950,K02,K02.1|K02.2,440,78.120415,-21.37116
NSF,1635989,K02,K02.1,417,46.91459,27.721233
NSF,1636039,K04,K04.1|K04.3,952,-25.131618,-18.116753
NSF,1636052,K02,K02.1,316,19.474995,27.26696
NSF,1636164,K04,K04.1,780,-23.113413,-45.967052
NSF,1636191,K02,K02.1|K02.2,499,64.7777,25.078804
NSF,1636217,K05,K05.1,1224,-20.918304,12.421493
NSF,1636377,K02,K02.1,293,39.631943,-19.242954
NSF,1636415,K02,K02.1,295,1.5114995,-30.66953
NSF,1636437,K02,K02.1,316,19.259687,27.223059
NSF,1636520,K02,K02.1,316,18.975634,27.180702
NSF,1636533,K02,K02.1,413,48.922882,14.910774
NSF,1636536,K02,K02.1,354,80.46078,23.480238
NSF,1636602,K01,K01.1,51,-51.520042,85.15122
NSF,1636704,K04,K04.1|K04.2|K04.3,918,-23.066065,-29.370522
NSF,1636715,K02,K02.1|K02.2,475,67.66849,-5.982766
NSF,1636740,K02,K02.1,316,19.087011,27.186539
NSF,1636744,K02,K02.1,316,19.063286,27.186068
NSF,1636754,K06,K06.2,1568,18.006073,-0.54507613
NSF,1636770,K02,K02.1,284,59.09433,16.802177
NSF,1636772,K02,K02.1,284,59.09433,16.802177
NSF,1636783,K02,K02.1,284,59.09433,16.802177
NSF,1636805,K05,K05.1,1223,-30.789976,7.160999
NSF,1636848,K04,K04.1,812,-43.30335,-48.83373
NSF,1636859,K04,K04.1,812,-43.307266,-48.81572
NSF,1636872,K02,K02.1,386,26.023983,-18.779648
NSF,1636876,K02,K02.1,355,37.849483,-31.540384
NSF,1636879,K01,K01.1,19,-8.728949,45.41517
NSF,1636915,K01,K01.1,27,-74.89798,50.5044
NSF,1636916,K01,K01.1,19,-8.728949,45.41517
NSF,1636936,K01,K01.1,19,-8.728949,45.41517
NSF,1636942,K05,K05.2|K05.3,1459,-2.3978882,3.4111102
NSF,1637124,K01,K01.1,12,12.032401,50.443172
NSF,1637136,K01,K01.1,12,12.077205,50.26873
NSF,1637163,K02,K02.1,250,23.06403,-41.587727
NSF,1637169,K02,K02.1,250,23.456165,-42.368
NSF,1637196,K02,K02.1,386,26.026365,-18.772947
NSF,1637205,K05,K05.1,1235,-27.80211,7.7086897
NSF,1637222,K04,K04.1|K04.3,1045,-43.072052,-26.401323
NSF,1637225,K01,K01.1|K01.2,99,-32.602287,33.827225
NSF,1637232,K04,K04.1,812,-43.306366,-48.802563
NSF,1637242,K05,K05.1,1215,-21.784033,2.9155328
NSF,1637249,K04,K04.1|K04.3,1094,-36.23517,-40.375618
NSF,1637251,K04,K04.1|K04.3,1008,-48.839493,-61.198467
NSF,1637258,K04,K04.1|K04.3,1094,-36.23517,-40.375618
NSF,1637277,K01,K01.1|K01.2,100,-52.1472,45.510406
NSF,1637290,K04,K04.1,835,-35.964005,-58.34676
NSF,1637320,K02,K02.1|K02.2,437,85.431175,46.956482
NSF,1637334,K02,K02.1|K02.2,437,85.4312,46.956688
NSF,1637340,K04,K04.1|K04.3,1034,-68.98905,-41.41949
NSF,1637343,K01,K01.1|K01.2,197,-19.346567,49.850735
NSF,1637371,K04,K04.1|K04.3,1010,-61.795395,-43.677254
NSF,1637396,K03,K03.2,706,-72.08232,8.794547
NSF,1637450,K02,K02.1,285,39.24642,50.462883
NSF,1637548,K04,K04.3,1185,-25.127829,-83.43351
NSF,1637598,K04,K04.3,1175,-78.671875,-48.36022
NSF,1637604,K04,K04.1|K04.3,1045,-43.10242,-26.444477
NSF,1637630,K03,K03.2,692,-46.49401,-7.6371202
NSF,1637632,K02,K02.1,386,26.3511,-18.931553
NSF,1637772,K04,K04.1|K04.3,1041,-30.382961,-70.96966
NSF,1638137,K02,K02.1,316,18.789677,27.195108
NSF,1638166,K04,K04.1|K04.3,958,-21.91487,-23.134222
NSF,1638186,K02,K02.1,388,29.966434,-10.533526
NSF,1638197,K04,K04.1|K04.3,997,1.8441094,-80.50323
NSF,1638199,K05,K05.1,1232,-18.884382,11.84699
NSF,1638207,K04,K04.1|K04.3,997,1.8433404,-80.50067
NSF,1638213,K04,K04.1|K04.3,1041,-30.382961,-70.96966
NSF,1638224,K05,K05.1,1224,-20.920588,12.475937
NSF,1638230,K02,K02.1,397,31.790916,-2.5605965
NSF,1638234,K04,K04.1|K04.3,1045,-44.287792,-26.742329
NSF,1638268,K05,K05.1|K05.2,1295,3.997095,3.7656636
NSF,1638273,K05,K05.1,1224,-21.045252,12.697733
NSF,1638283,K04,K04.1|K04.3,1070,-4.775145,-55.479336
NSF,1638284,K05,K05.1,1224,-20.922329,12.495212
NSF,1638289,K02,K02.1,307,42.53234,24.78083
NSF,1638296,K02,K02.1,307,42.53234,24.78083
NSF,1638301,K05,K05.1,1237,-25.823023,11.317944
NSF,1638311,K02,K02.1,285,39.24642,50.462883
NSF,1638317,K02,K02.1,285,40.19839,50.28574
NSF,1638320,K05,K05.1,1224,-21.299055,12.794414
NSF,1638321,K03,K03.2|K03.3,718,-95.51761,10.019345
NSF,1638327,K02,K02.1,409,45.74137,-6.143089
NSF,1638331,K05,K05.1,1232,-18.885426,11.848907
NSF,1638334,K05,K05.1|K05.2,1295,3.9969766,3.765424
NSF,1638336,K04,K04.1|K04.3,1070,-4.775145,-55.479336
NSF,1638346,K05,K05.1,1224,-21.281515,12.804576
NSF,1638348,K04,K04.1|K04.3,1041,-30.382961,-70.96966
NSF,1638355,K04,K04.1|K04.3,1041,-30.382961,-70.96966
NSF,1638384,K05,K05.1,1224,-21.359922,12.811788
NSF,1638402,K01,K01.1|K01.2,99,-32.063946,33.670258
NSF,1638434,K01,K01.1,68,-4.229052,52.05417
NSF,1638481,K02,K02.1,415,47.684395,3.1172345
NSF,1638510,K01,K01.2,233,-33.01151,52.9202
NSF,1638543,K01,K01.1,27,-74.90244,50.512733
NSF,1638804,K03,K03.1|K03.2,588,-59.701057,14.248048
NSF,1638834,K03,K03.1|K03.2,588,-59.701683,14.247975
NSF,1638898,K01,K01.1,68,-4.26609,52.290565
NSF,1638931,K01,K01.1,68,-4.240072,52.270638
NSF,1638958,K03,K03.1|K03.2,588,-59.702183,14.249615
NSF,1638979,K01,K01.1,27,-74.90061,50.51042
NSF,1639010,K01,K01.1,68,-4.2252994,52.239235
NSF,1639066,K01,K01.1|K01.2,164,-12.499397,61.754753
NSF,1639115,K04,K04.1,786,-25.43398,-47.2596
NSF,1639150,K01,K01.1|K01.2,194,-21.909245,50.476845
NSF,1639214,K03,K03.1|K03.2,574,-58.35153,0.63002026
NSF,1639227,K05,K05.1,1224,-21.104101,12.718534
NSF,1639244,K04,K04.3,1158,-19.36867,-98.82642
NSF,1639266,K03,K03.2,684,-88.28065,19.592546
NSF,1639268,K05,K05.1,1224,-20.927624,12.515816
NSF,1639318,K03,K03.1,555,-64.855,5.099162
NSF,1639327,K02,K02.1,316,18.794868,27.194296
NSF,1639342,K04,K04.1|K04.2,911,-40.758026,-40.154747
NSF,1639391,K04,K04.2|K04.3,1134,-23.829468,-30.95927
NSF,1639429,K04,K04.1|K04.3,952,-24.603256,-18.343393
NSF,1639458,K05,K05.3,1520,-2.760772,-1.2888691
NSF,1639524,K04,K04.1|K04.2,891,-5.737491,-74.63737
NSF,1639529,K01,K01.1,13,-6.232529,41.889927
NSF,1639643,K01,K01.1,68,-4.3293276,52.342594
NSF,1639669,K03,K03.3,735,-59.282303,-3.7814345
NSF,1639727,K03,K03.2,685,-79.481094,24.925444
NSF,1639769,K03,K03.3,745,-90.85123,-1.3661989
NSF,1639835,K05,K05.1,1236,-29.457073,8.837409
NSF,1640226,K04,K04.1|K04.3,1001,6.909127,-56.538383
NSF,1640308,K04,K04.1,846,-46.60315,-38.360558
NSF,1640337,K02,K02.1,370,48.73799,-19.020447
NSF,1640445,K04,K04.1|K04.3,983,7.6536574,-76.936165
NSF,1640452,K02,K02.1,285,39.82622,49.76402
NSF,1640517,K04,K04.1|K04.3,952,-23.943258,-18.810638
NSF,1640535,K01,K01.2,204,-35.185814,79.00158
NSF,1640587,K01,K01.1,12,12.177863,49.877014
NSF,1640593,K04,K04.1|K04.3,952,-24.469595,-18.372757
NSF,1640616,K01,K01.1,1,-34.62666,68.944695
NSF,1640625,K03,K03.3,745,-90.85318,-1.3668364
NSF,1640634,K04,K04.1|K04.3,952,-23.972532,-18.818233
NSF,1640687,K04,K04.1|K04.3,1008,-48.27382,-61.02623
NSF,1640693,K03,K03.2|K03.3,714,-91.859764,15.661181
NSF,1640701,K04,K04.1|K04.3,1009,-59.17457,-54.538635
NSF,1640715,K04,K04.1|K04.3,1051,-43.11052,-29.688072
NSF,1640749,K04,K04.1,866,-22.586386,-59.253662
NSF,1640753,K04,K04.1|K04.3,953,-12.437049,-82.1421
NSF,1640797,K02,K02.1,285,40.560753,50.068123
NSF,1640894,K02,K02.1,285,40.19839,50.28574
NSF,1640922,K02,K02.1,416,56.37257,16.150072
NSF,1640960,K01,K01.1|K01.2,138,-2.5427766,76.646454
NSF,1641033,K04,K04.1|K04.3,1045,-43.87911,-26.156788
NSF,1641167,K02,K02.1,285,39.21195,50.534184
NSF,1641960,K02,K02.1,275,77.93726,50.041473
NSF,1642016,K01,K01.1,66,-12.566736,48.57424
NSF,1642252,K04,K04.1,846,-46.603,-38.360798
NSF,1642311,K02,K02.1|K02.2,440,78.16936,-21.344213
NSF,1642315,K02,K02.1|K02.2,434,82.356575,48.103214
NSF,1642340,K04,K04.1|K04.3,952,-23.985529,-18.833288
NSF,1642467,K05,K05.1,1251,-12.360182,22.679451
NSF,1642488,K02,K02.1,250,23.470518,-42.51175
NSF,1642513,K01,K01.1|K01.2,117,-22.288345,49.254517
NSF,1642847,K05,K05.1|K05.3,1422,-10.951226,0.7956963
NSF,1643004,K04,K04.3,1167,-72.6099,-65.462
NSF,1643025,K04,K04.1,812,-43.319756,-48.82425
NSF,1643118,K04,K04.1|K04.3,983,6.5406694,-77.643166
NSF,1643175,K06,K06.2,1543,16.701408,-1.4563674
NSF,1643187,K02,K02.1,417,45.79872,27.740274
NSF,1643217,K02,K02.1,386,25.745722,-19.152353
NSF,1643327,K01,K01.1|K01.2,175,-20.219843,83.29386
NSF,1643355,K02,K02.1,265,50.12151,-59.91478
NSF,1643391,K01,K01.1,26,-0.27508494,48.549225
NSF,1643394,K02,K02.1,265,50.122272,-59.91471
NSF,1643415,K01,K01.1|K01.2,175,-20.226048,83.29879
NSF,1643484,K02,K02.1,417,46.47711,27.852915
NSF,1643486,K02,K02.1|K02.2,440,77.80468,-21.681795
NSF,1643493,K02,K02.1,417,47.35094,27.302584
NSF,1643761,K01,K01.1,39,19.081745,79.23763
NSF,1643795,K01,K01.1,39,19.054834,79.25712
NSF,1643851,K01,K01.1,68,-4.200798,52.18099
NSF,1643877,K01,K01.1,68,-4.2021146,52.20057
NSF,1644209,K01,K01.1,68,-4.201013,52.11784
NSF,1644300,K02,K02.1,414,47.741325,18.210396
NSF,1644375,K02,K02.1,308,64.23198,-39.517654
NSF,1644382,K02,K02.1,308,63.541245,-39.98953
NSF,1644437,K05,K05.3,1529,-15.406978,-5.175828
NSF,1644572,K04,K04.1|K04.3,952,-24.296846,-18.915377
NSF,1644595,K01,K01.1,65,-2.8721223,49.013752
NSF,1644619,K02,K02.1,295,1.2308385,-30.468218
NSF,1644624,K02,K02.1,295,1.2387642,-30.471134
NSF,1644650,K01,K01.1|K01.2,121,-54.757935,61.773544
NSF,1644691,K01,K01.1,65,-2.8712869,49.012684
NSF,1644815,K04,K04.2|K04.3,1152,-25.428272,-80.98483
NSF,1644874,K04,K04.1|K04.3,1053,-38.54738,-30.882994
NSF,1644877,K04,K04.1|K04.3,1053,-38.547287,-30.883379
NSF,1644884,K05,K05.1,1273,-24.674948,18.018587
NSF,1644998,K02,K02.1,285,39.820717,50.66216
NSF,1645048,K01,K01.1,53,-18.119862,39.431553
NSF,1645062,K02,K02.1,285,39.22438,50.514965
NSF,1645070,K01,K01.1,53,-18.120459,39.429474
NSF,1645193,K04,K04.1|K04.3,1109,-31.581049,-49.618664
NSF,1645226,K01,K01.1,12,12.033369,50.480022
NSF,1645287,K04,K04.1,830,-34.932163,-51.181965
NSF,1645386,K04,K04.1|K04.2,900,-37.175255,-59.78237
NSF,1645581,K04,K04.1|K04.3,983,6.5397716,-77.565315
NSF,1645661,K01,K01.1,12,12.121792,50.041424
NSF,1645681,K04,K04.1|K04.3,1045,-43.636566,-26.143293
NSF,1645783,K01,K01.1|K01.2,100,-52.148556,45.510788
NSF,1645786,K03,K03.3,750,-75.037575,-13.299816
NSF,1645868,K05,K05.1|K05.3,1416,-10.56646,2.1092882
NSF,1646019,K04,K04.1|K04.3,1045,-44.049133,-26.799011
NSF,1646107,K01,K01.1,12,12.334824,49.577194
NSF,1646229,K04,K04.1|K04.3,1045,-43.937695,-26.706583
NSF,1646380,K01,K01.1|K01.2,99,-32.574783,33.83958
NSF,1646395,K01,K01.1,12,12.313161,49.635723
NSF,1646408,K01,K01.1|K01.2,99,-32.550873,33.76687
NSF,1646420,K01,K01.1|K01.2,100,-52.149353,45.50785
NSF,1646501,K04,K04.1|K04.3,1008,-48.09551,-61.618202
NSF,1646543,K04,K04.1|K04.3,1045,-43.805004,-26.598907
NSF,1646612,K04,K04.1,848,-44.739418,-38.297592
NSF,1646708,K03,K03.2|K03.3,726,-47.25194,2.2611
NSF,1646822,K01,K01.2,218,-1.3783687,85.43573
NSF,1646912,K04,K04.1|K04.3,1042,-36.83611,-63.69744
NSF,1647015,K04,K04.1|K04.3,1042,-36.83611,-63.69744
NSF,1647095,K01,K01.1|K01.2,99,-32.51475,33.786068
NSF,1647135,K04,K04.1|K04.3,1045,-43.093502,-26.436174
NSF,1647161,K04,K04.1|K04.3,1045,-43.965504,-26.789217
NSF,1647167,K04,K04.1|K04.3,1045,-43.584026,-25.910025
NSF,1647170,K04,K04.1|K04.3,1009,-59.17457,-54.538635
NSF,1647173,K02,K02.1,285,39.24644,50.463207
NSF,1647175,K01,K01.1|K01.2,99,-32.641617,33.823082
NSF,1647209,K04,K04.1|K04.3,1016,-56.2874,-39.885914
NSF,1647248,K04,K04.1,884,-32.773125,-52.16296
NSF,1647361,K04,K04.1|K04.3,952,-24.565119,-18.350906
NSF,1647380,K01,K01.1|K01.2,161,-6.4226375,65.358406
NSF,1647517,K01,K01.1|K01.2,161,-6.421742,65.357956
NSF,1647557,K05,K05.1,1194,-14.738601,6.9965725
NSF,1647632,K04,K04.1|K04.3,1086,-21.704002,-66.116135
NSF,1647650,K04,K04.1|K04.3,983,7.682552,-76.92333
NSF,1647868,K04,K04.1,791,-24.476555,-44.089043
NSF,1648007,K04,K04.3,1159,-10.413907,-92.866005
NSF,1648092,K04,K04.1|K04.3,952,-24.518013,-18.340864
NSF,1648144,K01,K01.1,12,12.045939,50.424217
NSF,1648402,K04,K04.1,866,-22.586704,-59.252506
NSF,1648517,K04,K04.1|K04.3,983,6.8387213,-78.19767
NSF,1648595,K03,K03.3,750,-74.49091,-13.160987
NSF,1648629,K02,K02.1,285,39.53153,50.05919
NSF,1648634,K02,K02.1|K02.2,475,67.14974,-5.9819694
NSF,1648664,K04,K04.3,1183,-26.6901,-76.939095
NSF,1648667,K02,K02.1,360,42.53037,-35.30775
NSF,1648681,K02,K02.1,285,39.495056,50.080048
NSF,1648700,K04,K04.1|K04.3,952,-24.60917,-18.34107
NSF,1648703,K04,K04.3,1183,-26.6901,-76.939095
NSF,1648756,K04,K04.1|K04.3,1008,-48.533005,-60.507244
NSF,1648771,K04,K04.3,1177,-14.003831,-52.755547
NSF,1648772,K02,K02.1|K02.2,475,67.15143,-5.983459
NSF,1648889,K04,K04.1|K04.3,952,-24.541838,-18.349638
NSF,1648969,K04,K04.1|K04.3,1008,-48.09853,-61.47876
NSF,1649189,K02,K02.1|K02.2,464,71.34477,32.360607
NSF,1649212,K02,K02.1,386,25.702126,-19.110905
NSF,1649510,K05,K05.3,1529,-15.404874,-5.1816034
NSF,1649528,K05,K05.1,1291,-28.979183,10.58852
NSF,1649919,K05,K05.2|K05.3,1472,-3.7494192,1.5948296
NSF,1650037,K02,K02.1|K02.2,499,64.77786,25.079351
NSF,1650055,K03,K03.3,777,-74.62666,6.004562
NSF,1650098,K01,K01.1|K01.2,164,-13.086009,61.527027
NSF,1650170,K01,K01.1|K01.2,78,-33.086994,77.1296
NSF,1650228,K05,K05.1,1202,-13.172094,6.8900948
NSF,1650278,K04,K04.1,780,-23.204678,-46.618256
NSF,1650357,K01,K01.1,39,19.506351,79.02561
NSF,1650470,K04,K04.1|K04.3,992,-59.86328,-34.40307
NSF,1650483,K04,K04.1|K04.2|K04.3,919,-11.5956335,-81.35451
NSF,1650544,K04,K04.1|K04.3,962,-29.92561,-20.701107
NSF,1650564,K04,K04.1|K04.3,990,3.5978005,-76.33755
NSF,1650585,K02,K02.1,275,77.93726,50.041473
NSF,1650668,K01,K01.1,67,-10.779541,47.45582
NSF,1650671,K01,K01.1,6,-39.94601,72.456314
NSF,1650692,K01,K01.1,67,-10.777882,47.45262
NSF,1650952,K01,K01.2,233,-33.011627,52.921173
NSF,1651532,K04,K04.1|K04.3,1008,-48.84014,-60.578484
NSF,1651536,K02,K02.1,360,42.28864,-35.40476
NSF,1652274,K02,K02.1,316,18.777079,27.196705
NSF,1652289,K02,K02.1,285,39.52593,50.064728
NSF,1652293,K02,K02.1,360,41.96989,-34.806194
NSF,1652320,K02,K02.1|K02.2,440,78.12051,-21.372192
NSF,1652448,K03,K03.1|K03.3,631,-61.197414,-2.4238234
NSF,1652525,K01,K01.2,212,-50.517372,62.659668
NSF,1652619,K02,K02.1,265,50.48157,-59.54098
NSF,1652628,K04,K04.1|K04.3,1059,-13.776264,-47.118916
NSF,1652696,K06,K06.2,1540,17.238188,-4.5277677
NSF,1652735,K04,K04.1|K04.3,1034,-68.989006,-41.419277
NSF,1653054,K05,K05.3,1505,-16.252653,-4.9718037
NSF,1653092,K02,K02.1,265,50.65503,-59.383327
NSF,1653179,K04,K04.1|K04.3,1090,-24.704737,-69.91825
NSF,1653191,K01,K01.1|K01.2,128,24.745106,65.03007
NSF,1653226,K01,K01.1|K01.2,69,-32.385426,68.928734
NSF,1653356,K01,K01.1|K01.2,110,-28.040354,34.57802
NSF,1653527,K04,K04.2|K04.3,1138,5.7613525,-58.77677
NSF,1653679,K04,K04.1|K04.3,983,7.5933003,-77.01229
NSF,1653706,K01,K01.1|K01.2,101,-50.531086,46.734802
NSF,1653716,K04,K04.3,1185,-25.127748,-83.43397
NSF,1653726,K01,K01.1|K01.2,78,-33.077606,77.13211
NSF,1653772,K02,K02.1|K02.2,437,85.4312,46.956688
NSF,1653841,K02,K02.1,285,39.511204,50.07032
NSF,1653922,K04,K04.1|K04.3,1041,-30.382961,-70.96966
NSF,1653931,K02,K02.1,360,42.903038,-34.571064
NSF,1653998,K02,K02.1,360,42.26254,-34.741386
NSF,1654009,K02,K02.1,285,39.49757,50.06584
NSF,1654063,K01,K01.2,232,-31.471441,49.625202
NSF,1654194,K02,K02.1,235,28.056658,-59.667492
NSF,1654232,K02,K02.1,295,1.239358,-30.471996
NSF,1654374,K03,K03.2,694,-43.890812,20.682747
NSF,1654462,K01,K01.1|K01.2,198,-27.043457,58.8428
NSF,1654642,K02,K02.1,295,1.1922828,-30.448687
NSF,1654903,K01,K01.1|K01.2,192,-26.077276,50.087837
NSF,1654958,K02,K02.1,250,23.229462,-41.728832
NSF,1654978,K05,K05.1,1290,-30.670027,8.345863
NSF,1655192,K05,K05.3,1525,-6.605316,-4.4235554
NSF,1655451,K01,K01.1,12,12.109259,50.134415
NSF,1655686,K02,K02.1,415,47.71387,3.0742836
NSF,1655884,K02,K02.1,416,56.86786,15.9285
NSF,1656026,K02,K02.1,417,47.310226,27.29659
NSF,1656070,K02,K02.1,417,46.88331,27.735983
NSF,1656180,K02,K02.1,386,25.559895,-18.975859
NSF,1656298,K01,K01.1|K01.2,99,-32.642174,33.81949
NSF,1656401,K01,K01.1|K01.2,138,-1.4586163,76.67467
NSF,1656413,K01,K01.1|K01.2,99,-31.764307,33.394123
NSF,1656471,K04,K04.3,1172,-70.28724,-54.518303
NSF,1656493,K02,K02.1|K02.2,479,66.55207,-7.388389
NSF,1656873,K02,K02.1,360,41.96989,-34.806194
NSF,1656889,K02,K02.1,285,40.345375,50.20906
NSF,1656923,K02,K02.1|K02.2,475,67.680504,-5.985387
NSF,1656950,K01,K01.2,222,6.8413687,76.46068
NSF,1656983,K04,K04.1,790,-22.404263,-49.55124
NSF,1656997,K02,K02.1,351,74.02182,15.109686
NSF,1657024,K04,K04.1|K04.3,1045,-44.977856,-26.139292
NSF,1657164,K02,K02.1,360,42.269886,-34.686443
NSF,1657209,K02,K02.1,416,57.075466,16.017727
NSF,1657315,K04,K04.1|K04.3,1033,-36.95793,-65.77672
NSF,1657350,K04,K04.1|K04.3,1086,-22.472626,-65.49272
NSF,1657569,K02,K02.1|K02.2,440,78.0374,-21.413952
NSF,1657670,K02,K02.1,397,31.901157,-2.552217
NSF,1657725,K01,K01.1,6,-39.944344,72.45361
NSF,1657727,K01,K01.1,36,14.09364,68.45783
NSF,1657739,K01,K01.1,55,1.5305948,64.25389
NSF,1657742,K02,K02.1,316,18.58551,27.216602
NSF,1657773,K02,K02.1,393,41.770535,-10.191572
NSF,1657887,K01,K01.1|K01.2,184,-21.695541,71.89689
NSF,1657938,K02,K02.1,285,40.318436,49.557285
NSF,1657958,K02,K02.1|K02.2,499,64.77833,25.079485
NSF,1657992,K02,K02.1,295,0.7495461,-30.277422
NSF,1658017,K02,K02.1,417,47.27759,27.259758
NSF,1658023,K02,K02.1,417,46.28591,27.89408
NSF,1658042,K01,K01.1|K01.2,121,-54.758602,61.772987
NSF,1658190,K01,K01.1,39,19.321068,79.110634
NSF,1658209,K02,K02.2,524,63.951214,23.933756
NSF,1658225,K04,K04.1|K04.3,1010,-61.795395,-43.677254
NSF,1658261,K02,K02.1,316,19.065979,27.191154
NSF,1658306,K01,K01.1|K01.2,99,-32.068596,33.673786
NSF,1658321,K02,K02.1,417,45.77706,27.886032
NSF,1658377,K02,K02.1,417,45.585808,28.069746
NSF,1658392,K01,K01.1|K01.2,121,-54.76038,61.775856
NSF,1658421,K02,K02.1,411,66.755486,7.504584
NSF,1658436,K01,K01.1|K01.2,121,-54.75906,61.765385
NSF,1658469,K02,K02.1,411,66.76771,7.4985666
NSF,1658486,K02,K02.1,330,24.39686,16.413551
NSF,1658541,K03,K03.1|K03.2,616,-72.89461,9.214586
NSF,1658550,K03,K03.1|K03.2,616,-72.89425,9.214831
NSF,1658585,K02,K02.1,235,27.706944,-59.935436
NSF,1658642,K05,K05.1,1290,-30.6694,8.347669
NSF,1658766,K01,K01.1,68,-4.238097,52.036274
NSF,1658827,K02,K02.1|K02.2,418,32.49705,-55.523586
NSF,1658838,K02,K02.1,246,17.150871,17.441986
NSF,1658875,K02,K02.1,246,17.150871,17.441986
NSF,1658901,K02,K02.1,417,46.367584,27.939323
NSF,1658960,K02,K02.1,337,21.285528,20.974422
NSF,1658962,K02,K02.1,337,21.285528,20.974422
NSF,1659038,K04,K04.1|K04.3,1008,-49.1239,-61.000412
NSF,1659135,K04,K04.1|K04.3,1008,-48.098797,-61.269936
NSF,1659229,K04,K04.1|K04.3,953,-12.437049,-82.1421
NSF,1659468,K04,K04.1,780,-23.20095,-46.614597
NSF,1659543,K01,K01.2,234,-30.728914,56.53669
NSF,1659754,K01,K01.1,39,19.157461,79.213974
NSF,1659791,K02,K02.1,412,46.82955,11.391539
NSF,1659848,K02,K02.1,416,57.075466,16.017727
NSF,1659882,K04,K04.1,885,-31.756948,-54.66717
NSF,1660049,K02,K02.1,285,39.526222,50.062576
NSF,1660096,K01,K01.1|K01.2,99,-32.679836,33.833878
NSF,1660116,K04,K04.3,1155,-20.49887,-99.28062
NSF,1660215,K04,K04.1|K04.3,952,-25.107992,-18.138336
NSF,1660230,K02,K02.1|K02.2,451,83.26391,8.454334
NSF,1660233,K04,K04.3,1167,-72.608864,-65.46032
NSF,1660244,K03,K03.2,685,-79.37693,25.019817
NSF,1660247,K04,K04.2|K04.3,1130,-23.698359,-30.923447
NSF,1660263,K04,K04.1|K04.3,1008,-49.44981,-61.6846
NSF,1660323,K02,K02.1,415,47.72042,3.077907
NSF,1660412,K02,K02.1,317,35.238163,20.82134
NSF,1660432,K01,K01.1|K01.2,138,-2.5332103,76.62485
NSF,1660447,K03,K03.3,750,-74.42353,-13.196314
NSF,1660449,K05,K05.1,1202,-13.171666,6.892855
NSF,1660450,K02,K02.1|K02.2,491,48.29812,-9.104935
NSF,1660459,K01,K01.1,34,-2.9572008,49.475155
NSF,1660481,K02,K02.1|K02.2,495,51.291405,-6.457834
NSF,1660490,K01,K01.1|K01.2,180,-18.837198,49.34703
NSF,1660502,K03,K03.1,536,-83.93345,8.082797
NSF,1660503,K01,K01.1|K01.2,138,-1.4684308,76.19195
NSF,1660514,K02,K02.1,316,19.807528,27.421495
NSF,1660520,K05,K05.1,1202,-13.172347,6.889526
NSF,1660538,K02,K02.1,285,40.14324,50.342083
NSF,1660604,K02,K02.1,285,39.835022,50.67154
NSF,1660609,K02,K02.1,285,39.835022,50.67154
NSF,1660916,K05,K05.1,1202,-13.172395,6.8900623
NSF,1661015,K03,K03.1|K03.3,636,-63.24682,-2.6399713
NSF,1661038,K02,K02.1,250,22.732061,-42.841084
NSF,1661052,K03,K03.1|K03.3,636,-63.247963,-2.6397793
NSF,1661315,K03,K03.1|K03.3,636,-63.248314,-2.639697
NSF,1661621,K04,K04.3,1192,-31.066145,-47.62626
NSF,1661683,K02,K02.1,295,0.75769395,-30.281708
NSF,1661723,K02,K02.1,295,1.470766,-30.600044
NSF,1661799,K02,K02.1,285,39.71362,49.85997
NSF,1661861,K01,K01.1|K01.2,175,-20.706116,83.43875
NSF,1661862,K02,K02.1,285,39.8275,50.67433
NSF,1662485,K03,K03.1|K03.2,602,-56.025143,9.078091
NSF,1662553,K03,K03.1|K03.3,665,-46.459114,4.9686127
NSF,1662589,K04,K04.1|K04.3,997,1.8440173,-80.505615
NSF,1662655,K04,K04.1|K04.3,1045,-44.304256,-26.736423
NSF,1662691,K03,K03.1|K03.3,665,-46.45748,4.9661436
NSF,1662692,K04,K04.3,1172,-70.290726,-54.518284
NSF,1662774,K04,K04.1|K04.3,997,1.8433404,-80.50067
NSF,1662963,K02,K02.1,250,22.80345,-43.529606
NSF,1662968,K04,K04.3,1172,-70.292076,-54.517986
NSF,1663044,K03,K03.1|K03.3,665,-46.45801,4.965856
NSF,1663063,K02,K02.1,250,23.468401,-42.504574
NSF,1663108,K02,K02.1,285,39.835022,50.67154
NSF,1663133,K05,K05.1,1291,-28.979145,10.589126
NSF,1663264,K02,K02.1|K02.2,435,58.000244,-15.824475
NSF,1663288,K03,K03.3,737,-63.066742,-4.380723
NSF,1663302,K04,K04.1|K04.3,992,-59.86398,-34.403297
NSF,1663315,K02,K02.1,370,48.394566,-19.267311
NSF,1663348,K02,K02.1,235,28.75016,-59.26575
NSF,1663363,K02,K02.1,250,23.446905,-42.801163
NSF,1663376,K04,K04.1|K04.3,1001,7.0831804,-56.722702
NSF,1663411,K04,K04.1|K04.3,1094,-36.234974,-40.375866
NSF,1663472,K02,K02.1,370,48.394905,-19.26863
NSF,1663513,K04,K04.1|K04.2,897,-48.32286,-44.53003
NSF,1663531,K02,K02.1,235,27.65832,-59.427788
NSF,1663546,K03,K03.3,737,-63.064587,-4.3812776
NSF,1663642,K02,K02.1|K02.2,467,56.616203,-15.455983
NSF,1663654,K02,K02.1,235,28.779137,-59.228046
NSF,1663657,K04,K04.1|K04.3,1034,-68.99967,-41.439144
NSF,1663693,K03,K03.1|K03.3,649,-81.738556,-0.28630954
NSF,1663769,K03,K03.1,538,-81.77516,10.328795
NSF,1663807,K03,K03.1|K03.3,649,-81.738785,-0.28871948
NSF,1663827,K03,K03.1,538,-81.781586,10.3296795
NSF,1663834,K03,K03.1,538,-81.779526,10.323768
NSF,1663840,K03,K03.3,758,-74.50639,-10.299624
NSF,1663859,K03,K03.3,750,-75.010506,-13.287061
NSF,1663882,K02,K02.1,405,47.611343,-8.043741
NSF,1663938,K03,K03.3,758,-74.50621,-10.299272
NSF,1663947,K03,K03.3,754,-71.08981,-11.680449
NSF,1663978,K03,K03.3,754,-71.0898,-11.680893
NSF,1664013,K03,K03.1|K03.3,649,-81.73837,-0.2741685
NSF,1664021,K03,K03.2|K03.3,724,-59.417583,14.969379
NSF,1664037,K03,K03.3,750,-74.91053,-13.255117
NSF,1664040,K03,K03.3,750,-74.89839,-13.247086
NSF,1664091,K03,K03.2|K03.3,724,-59.417885,14.969056
NSF,1664173,K03,K03.1|K03.3,651,-79.53231,0.61292535
NSF,1664175,K03,K03.3,750,-74.97834,-13.27229
NSF,1664198,K04,K04.1,835,-35.964115,-58.346172
NSF,1664203,K03,K03.1|K03.3,633,-62.0992,18.140022
NSF,1664275,K03,K03.1,541,-80.03388,10.194716
NSF,1664329,K01,K01.1,55,1.7620375,64.44729
NSF,1664375,K04,K04.1|K04.3,1097,-36.479008,-36.174
NSF,1664473,K01,K01.1,59,-40.661224,61.13468
NSF,1664474,K01,K01.1,59,-40.661865,61.13538
NSF,1664579,K01,K01.1,59,-40.661865,61.13538
NSF,1664669,K04,K04.3,1155,-20.651833,-99.452415
NSF,1664710,K04,K04.3,1155,-20.651833,-99.452415
NSF,1664720,K03,K03.1,545,-65.36076,30.886795
NSF,1664881,K03,K03.2,678,-61.057354,2.1307826
NSF,1664968,K04,K04.1|K04.3,1045,-43.123894,-26.472576
NSF,1664983,K04,K04.1|K04.3,952,-25.515947,-17.955633
NSF,1665028,K04,K04.1|K04.3,952,-25.504755,-17.95316
NSF,1665086,K04,K04.1|K04.3,952,-25.403114,-18.069212
NSF,1665169,K04,K04.1,812,-43.29993,-48.812977
NSF,1665247,K02,K02.1,354,80.63072,23.09746
NSF,1665279,K04,K04.1|K04.3,952,-25.4895,-18.350317
NSF,1665343,K01,K01.1|K01.2,79,-31.984583,78.361305
NSF,1665456,K01,K01.1,12,13.226806,49.321964
NSF,1665501,K06,K06.2,1547,16.32588,-1.3863703
NSF,1665519,K02,K02.1,360,42.319626,-34.6957
NSF,1700072,K04,K04.1|K04.3,1027,-56.08162,-54.13734
NSF,1700091,K04,K04.1|K04.3,983,6.5273886,-77.6797
NSF,1700263,K04,K04.3,1183,-26.690063,-76.938774
NSF,1700482,K02,K02.1,235,28.505714,-59.800816
NSF,1700517,K02,K02.1,417,45.665127,27.941074
NSF,1700555,K02,K02.1,417,45.605503,28.024311
NSF,1700604,K01,K01.1,51,-51.52369,85.15889
NSF,1700711,K01,K01.1|K01.2,162,-8.69199,64.02383
NSF,1700722,K01,K01.1|K01.2,162,-8.69199,64.02383
NSF,1700727,K02,K02.1,354,80.46535,23.363386
NSF,1700734,K02,K02.1,316,19.304401,27.226225
NSF,1700753,K03,K03.2|K03.3,718,-95.738205,9.690477
NSF,1700775,K04,K04.1|K04.3,1045,-43.555435,-26.159405
NSF,1700805,K02,K02.1,386,26.0425,-18.77969
NSF,1700848,K04,K04.1,798,-9.7876425,-70.09121
NSF,1700887,K04,K04.1|K04.3,984,2.2555854,-72.36092
NSF,1700967,K04,K04.1,813,-39.530872,-53.725117
NSF,1700983,K02,K02.1,274,61.232323,53.92974
NSF,1701004,K04,K04.1|K04.3,983,7.2542005,-77.379486
NSF,1701163,K04,K04.1|K04.3,983,7.3314843,-77.29187
NSF,1701177,K02,K02.1,351,74.017555,15.108279
NSF,1701225,K02,K02.1,285,40.445103,50.1636
NSF,1701413,K05,K05.1,1224,-20.93014,12.534257
NSF,1701512,K04,K04.1|K04.3,983,7.2684574,-77.36608
NSF,1701526,K02,K02.1|K02.2,437,85.43183,46.95649
NSF,1701641,K01,K01.2,223,-15.627257,62.784016
NSF,1701658,K04,K04.1|K04.3,952,-25.41093,-18.049961
NSF,1701694,K04,K04.2,1115,-22.23625,-31.771523
NSF,1702060,K01,K01.1|K01.2,99,-31.631826,32.373856
NSF,1702078,K01,K01.1|K01.2,99,-31.468409,32.71205
NSF,1702184,K01,K01.1|K01.2,92,-11.063575,96.576706
NSF,1702271,K02,K02.1,417,45.603474,28.049076
NSF,1702273,K01,K01.1|K01.2,92,-11.063556,96.57587
NSF,1702394,K04,K04.1|K04.3,961,-58.295326,-38.570282
NSF,1702445,K04,K04.1|K04.3,952,-25.643938,-17.796888
NSF,1702580,K02,K02.1,235,27.65832,-59.427788
NSF,1702587,K01,K01.1,39,19.779703,78.97385
NSF,1702591,K04,K04.3,1159,-10.42068,-92.864044
NSF,1702610,K01,K01.1|K01.2,175,-20.552027,83.420845
NSF,1702618,K05,K05.1,1230,-23.99537,16.066137
NSF,1702683,K02,K02.1,397,31.973043,-1.6316936
NSF,1702684,K01,K01.1,39,19.779703,78.97385
NSF,1702704,K01,K01.1,39,19.779703,78.97385
NSF,1702740,K01,K01.1,39,19.793495,78.97568
NSF,1702765,K02,K02.1|K02.2,485,56.366943,-4.084213
NSF,1702797,K01,K01.1,55,1.7625351,64.43479
NSF,1702814,K02,K02.1,285,40.06199,50.420544
NSF,1702825,K02,K02.1,235,27.486885,-59.309586
NSF,1702848,K02,K02.1,285,39.835022,50.67154
NSF,1702944,K04,K04.1|K04.3,952,-25.426842,-18.040009
NSF,1702946,K02,K02.1,417,47.329052,27.331402
NSF,1702975,K01,K01.1,51,-51.523777,85.158714
NSF,1703009,K02,K02.1,417,47.689552,27.601664
NSF,1703041,K02,K02.1,285,40.703312,49.868683
NSF,1703087,K02,K02.1,354,80.4551,23.451906
NSF,1703089,K01,K01.1,51,-51.52388,85.15731
NSF,1703120,K02,K02.1,370,48.38026,-19.276781
NSF,1703141,K02,K02.1,417,47.689552,27.601664
NSF,1703229,K01,K01.1,56,2.6960828,64.139915
NSF,1703412,K01,K01.1|K01.2,182,-40.222485,61.8443
NSF,1703494,K04,K04.3,1155,-20.408197,-99.260315
NSF,1703548,K02,K02.1,285,40.14324,50.342083
NSF,1703662,K04,K04.1|K04.3,952,-24.052792,-18.415443
NSF,1703663,K05,K05.1,1224,-21.41344,12.792203
NSF,1703796,K01,K01.1|K01.2,175,-20.653046,83.41247
NSF,1704141,K02,K02.1,236,29.137192,-52.050907
NSF,1704326,K02,K02.1,250,22.634424,-42.909794
NSF,1704469,K04,K04.1|K04.3,1033,-36.971684,-65.770226
NSF,1704472,K04,K04.1|K04.3,983,7.4606113,-77.139206
NSF,1704897,K04,K04.1|K04.3,983,6.5493565,-77.71767
NSF,1704899,K04,K04.1|K04.3,1033,-36.977184,-65.76338
NSF,1704914,K04,K04.1|K04.3,1033,-36.97646,-65.7638
NSF,1704921,K04,K04.1|K04.3,952,-25.42136,-18.054728
NSF,1704933,K04,K04.1|K04.3,983,6.831463,-78.089935
NSF,1704957,K01,K01.1|K01.2,198,-27.079979,58.836056
NSF,1705048,K04,K04.1,798,-9.788281,-70.08686
NSF,1705088,K04,K04.1|K04.3,983,6.5352974,-77.65289
NSF,1705180,K04,K04.1|K04.3,952,-23.543108,-18.412077
NSF,1705206,K02,K02.1,386,25.483814,-18.948479
NSF,1705255,K04,K04.1|K04.3,952,-25.674726,-17.759972
NSF,1705273,K02,K02.1|K02.2,467,56.616302,-15.45627
NSF,1705278,K04,K04.1|K04.3,983,7.7091737,-76.18763
NSF,1705284,K04,K04.1|K04.3,952,-25.344334,-18.515562
NSF,1705331,K04,K04.1|K04.3,952,-23.87661,-18.760738
NSF,1705346,K02,K02.1,250,22.788857,-43.560364
NSF,1705409,K04,K04.3,1159,-10.411652,-92.86441
NSF,1705440,K02,K02.1,250,23.159613,-43.39701
NSF,1705606,K01,K01.1|K01.2,198,-27.08049,58.83478
NSF,1705621,K04,K04.2|K04.3,1142,-67.25077,-55.084824
NSF,1705674,K04,K04.1|K04.3,983,7.193849,-77.502625
NSF,1705728,K02,K02.1,360,42.624786,-35.27811
NSF,1705736,K05,K05.2,1439,6.3545094,8.536365
NSF,1705804,K04,K04.1|K04.2,886,-21.458755,-30.57036
NSF,1705813,K02,K02.2,509,72.383286,31.542019
NSF,1705823,K02,K02.1,415,47.58396,3.383708
NSF,1705864,K02,K02.1,250,22.790386,-43.561012
NSF,1705901,K02,K02.1,235,28.505714,-59.800816
NSF,1705924,K04,K04.3,1176,-13.15884,-46.76038
NSF,1705941,K02,K02.1,285,39.17416,50.701702
NSF,1705972,K01,K01.1,59,-40.661865,61.13538
NSF,1706009,K01,K01.1,59,-40.661865,61.13538
NSF,1706025,K04,K04.1|K04.3,983,6.62839,-77.386154
NSF,1706059,K04,K04.1|K04.3,952,-25.169634,-18.099419
NSF,1706097,K01,K01.1,54,-10.464727,54.49235
NSF,1706143,K03,K03.1,529,-58.49635,-0.41606143
NSF,1706154,K02,K02.2,515,67.28503,-11.280375
NSF,1706228,K05,K05.2,1439,6.3547688,8.536204
NSF,1706290,K02,K02.1,235,27.614872,-59.180904
NSF,1706343,K04,K04.1|K04.3,1045,-44.97918,-25.387695
NSF,1706358,K02,K02.1,235,28.505714,-59.800816
NSF,1706416,K06,K06.2,1539,17.249342,-4.8542275
NSF,1706489,K04,K04.1|K04.3,1008,-48.540527,-60.525463
NSF,1706552,K02,K02.1,369,47.064594,22.733973
NSF,1706575,K02,K02.2,515,67.285126,-11.2804365
NSF,1706612,K02,K02.1,295,2.0654244,-31.582918
NSF,1706695,K03,K03.1|K03.2,590,-55.58671,22.490673
NSF,1706726,K04,K04.3,1185,-25.129116,-83.42982
NSF,1706733,K02,K02.1,250,23.474598,-42.48059
NSF,1706797,K04,K04.1,780,-23.089342,-46.001495
NSF,1706819,K04,K04.1|K04.3,952,-25.417149,-18.041515
NSF,1706862,K02,K02.1,386,26.498323,-19.080624
NSF,1706889,K02,K02.1,250,22.832905,-42.69403
NSF,1706905,K04,K04.1,780,-22.894167,-46.13363
NSF,1706938,K02,K02.1,265,49.912388,-60.436855
NSF,1706939,K03,K03.1|K03.2,590,-55.713795,22.547216
NSF,1706956,K02,K02.1,235,27.65832,-59.427788
NSF,1707008,K04,K04.1|K04.3,952,-25.528194,-18.25083
NSF,1707019,K05,K05.1,1287,-27.862455,7.580629
NSF,1707068,K04,K04.1|K04.3,1016,-56.290886,-39.88495
NSF,1707117,K04,K04.2|K04.3,1142,-67.24937,-55.084717
NSF,1707149,K04,K04.1|K04.2|K04.3,924,-2.1933167,-75.59311
NSF,1707569,K02,K02.1,308,63.94643,-40.20229
NSF,1707753,K03,K03.2,680,-58.308548,-12.310054
NSF,1707947,K01,K01.1,12,12.715631,49.301193
NSF,1708129,K02,K02.1|K02.2,440,77.78016,-21.7188
NSF,1708151,K01,K01.1,13,-6.230605,41.881657
NSF,1708289,K02,K02.1,417,47.629814,27.47581
NSF,1708307,K02,K02.1|K02.2,440,77.78345,-21.711168
NSF,1708308,K02,K02.1,417,46.37689,27.950191
NSF,1708309,K02,K02.1|K02.2,440,79.39719,-21.489227
NSF,1708322,K02,K02.1|K02.2,440,79.38792,-21.481464
NSF,1708344,K02,K02.1|K02.2,440,79.379234,-21.471632
NSF,1708424,K02,K02.1,417,47.082787,27.758852
NSF,1708427,K02,K02.1,417,47.29334,27.262989
NSF,1708480,K06,K06.2,1560,17.23515,-4.2919116
NSF,1708741,K01,K01.2,224,-18.756569,88.07029
NSF,1709094,K04,K04.1|K04.3,1033,-36.85333,-66.02548
NSF,1709939,K02,K02.1,360,42.021126,-35.565643
NSF,1710727,K04,K04.1|K04.3,1086,-22.245192,-65.46947
NSF,1710797,K04,K04.3,1175,-78.67233,-48.360134
NSF,1710923,K04,K04.1|K04.3,1041,-30.382969,-70.968895
NSF,1710944,K04,K04.1|K04.3,1086,-22.509203,-65.495415
NSF,1710974,K05,K05.1,1194,-14.737872,7.0009594
NSF,1711471,K04,K04.3,1175,-78.67236,-48.360462
NSF,1711521,K04,K04.1|K04.3,1052,-41.547832,-28.318943
NSF,1711546,K04,K04.1|K04.3,1045,-44.97459,-26.024221
NSF,1711587,K04,K04.1|K04.3,1012,-58.40729,-52.396843
NSF,1711617,K04,K04.1|K04.3,1086,-22.500761,-65.49556
NSF,1711642,K02,K02.1,417,46.36579,27.940556
NSF,1711767,K04,K04.1|K04.3,1045,-43.337147,-25.940392
NSF,1711951,K04,K04.1|K04.3,1045,-45.01654,-26.04539
NSF,1711974,K02,K02.1,285,40.430767,50.171143
NSF,1711986,K02,K02.1,285,41.247498,49.84114
NSF,1712176,K01,K01.1|K01.2,195,-24.451187,50.41671
NSF,1712240,K03,K03.1|K03.2|K03.3,622,-46.407616,-10.055501
NSF,1712323,K02,K02.1,250,23.296957,-43.241585
NSF,1712345,K01,K01.1|K01.2,195,-24.451347,50.416267
NSF,1712540,K03,K03.1|K03.2|K03.3,622,-46.407494,-10.05535
NSF,1712613,K05,K05.1,1224,-21.2501,12.795721
NSF,1712678,K01,K01.2,233,-33.012226,52.919605
NSF,1712695,K03,K03.2,706,-72.07923,8.796937
NSF,1712828,K02,K02.1,285,39.8037,50.683617
NSF,1712909,K02,K02.1,285,40.26497,50.24931
NSF,1713001,K02,K02.1,285,39.835022,50.67154
NSF,1713685,K03,K03.2,694,-43.8931,20.686138
NSF,1713704,K04,K04.1|K04.3,952,-25.188686,-18.093018
NSF,1713756,K04,K04.1,849,-11.875441,-47.54294
NSF,1713922,K03,K03.2,682,-87.37675,19.873718
NSF,1714277,K02,K02.1,397,32.130844,-2.5215864
NSF,1714335,K02,K02.1,397,31.319275,-2.2409601
NSF,1714394,K02,K02.1,316,19.502798,27.2874
NSF,1714704,K02,K02.1,393,41.768497,-10.19104
NSF,1714909,K02,K02.1,295,0.7560561,-30.27927
NSF,1715053,K02,K02.1|K02.2,497,50.88395,6.125523
NSF,1715197,K02,K02.1,378,48.59912,24.546522
NSF,1715497,K05,K05.1,1205,-14.454631,11.587504
NSF,1715557,K03,K03.1,558,-69.97954,13.575343
NSF,1715638,K03,K03.1|K03.2,579,-54.387287,21.547552
NSF,1716130,K02,K02.1,399,43.604076,10.196634
NSF,1716909,K02,K02.1,397,32.4509,-1.838611
NSF,1717368,K04,K04.1|K04.3,1055,-12.845046,-47.27466
NSF,1717457,K05,K05.1,1290,-30.671213,8.34648
NSF,1717770,K05,K05.1,1260,-15.8044195,20.126562
NSF,1718216,K04,K04.3,1167,-72.61115,-65.46347
NSF,1718420,K04,K04.1,813,-39.531143,-53.724594
NSF,1719240,K02,K02.2,503,74.65077,-19.692467
NSF,1719243,K01,K01.1,27,-74.90788,50.51844
NSF,1719245,K02,K02.1,386,26.21786,-18.856031
NSF,1719249,K02,K02.2,503,74.65038,-19.692167
NSF,1719252,K02,K02.1,386,26.018372,-18.775742
NSF,1719263,K02,K02.1,335,45.06699,10.386136
NSF,1719267,K02,K02.1,386,26.399467,-18.992842
NSF,1719492,K02,K02.1,354,80.462006,23.383595
NSF,1719496,K01,K01.1,12,12.317452,49.63274
NSF,1719524,K01,K01.1,12,12.621283,49.355133
NSF,1719532,K02,K02.1,316,19.881664,27.466963
NSF,1719548,K01,K01.1,27,-74.79636,49.962746
NSF,1719638,K02,K02.1,354,80.46037,23.449413
NSF,1719670,K02,K02.1,354,80.7262,23.030958
NSF,1719671,K01,K01.1|K01.2,92,-11.06355,96.57757
NSF,1719747,K04,K04.1,798,-9.787549,-70.0889
NSF,1719918,K01,K01.1,12,12.532414,49.451225
NSF,1720175,K03,K03.3,750,-75.0109,-13.286547
NSF,1720417,K02,K02.1,360,41.96395,-34.814293
NSF,1720424,K02,K02.1,360,42.724663,-34.580658
NSF,1720477,K02,K02.1,360,42.87319,-34.580074
NSF,1720800,K04,K04.1|K04.3,952,-23.696434,-18.473486
NSF,1720824,K04,K04.1|K04.3,952,-25.50651,-18.326523
NSF,1720875,K02,K02.1,295,1.5954468,-30.756548
NSF,1721030,K02,K02.1,295,1.6129875,-30.761532
NSF,1721326,K04,K04.1|K04.3,966,-35.723362,-27.820501
NSF,1721358,K04,K04.1,798,-9.787218,-70.088
NSF,1721434,K04,K04.1|K04.3,952,-24.903069,-18.220926
NSF,1721611,K03,K03.1|K03.2,606,-63.87039,6.2696447
NSF,1721679,K01,K01.1,13,-6.2306213,41.882187
NSF,1721739,K04,K04.1,813,-39.53096,-53.725693
NSF,1721809,K04,K04.1|K04.3,983,7.9253607,-76.79816
NSF,1721884,K04,K04.1,780,-22.69713,-46.318882
NSF,1721892,K04,K04.1|K04.3,983,7.1949515,-77.49677
NSF,1721940,K04,K04.3,1167,-72.60998,-65.46319
NSF,1721968,K04,K04.1|K04.3,1001,7.0807867,-56.71997
NSF,1722008,K04,K04.1|K04.3,1045,-44.191406,-26.70679
NSF,1722037,K04,K04.2|K04.3,1130,-23.698418,-30.925797
NSF,1722127,K04,K04.1|K04.3,983,6.54684,-77.2367
NSF,1722390,K04,K04.1|K04.3,983,7.7422247,-76.84429
NSF,1722472,K04,K04.1|K04.3,987,-0.79889745,-76.79426
NSF,1722482,K01,K01.1|K01.2,134,15.432665,68.48806
NSF,1722498,K05,K05.3,1530,-8.518778,-9.540742
NSF,1722502,K04,K04.1,780,-23.196373,-46.640064
NSF,1722572,K02,K02.1,295,1.5714473,-30.736553
NSF,1722658,K01,K01.1,51,-51.525,85.15476
NSF,1722749,K02,K02.1,417,45.99118,26.782421
NSF,1723065,K02,K02.1,417,47.616318,27.498497
NSF,1723316,K01,K01.2,206,-12.381108,96.52529
NSF,1723322,K02,K02.1,316,19.875584,27.471972
NSF,1723337,K02,K02.1,386,25.949146,-18.758305
NSF,1723393,K04,K04.2,1119,-4.520105,-75.43207
NSF,1723849,K04,K04.1,878,-32.454407,-39.14372
NSF,1723856,K04,K04.1,847,-46.12193,-37.690643
NSF,1723949,K04,K04.1,884,-32.773003,-52.162083
NSF,1724168,K02,K02.1,275,77.93752,50.04136
NSF,1724248,K04,K04.3,1173,-72.86048,-48.99675
NSF,1724282,K04,K04.3,1175,-78.67155,-48.36011
NSF,1724331,K04,K04.3,1170,-75.52488,-49.8941
NSF,1724341,K04,K04.1|K04.3,1008,-48.432255,-60.88585
NSF,1724462,K02,K02.1,316,20.0054,27.553755
NSF,1724467,K03,K03.2,685,-80.25616,25.094233
NSF,1724540,K03,K03.2,685,-79.71257,24.849178
NSF,1724566,K02,K02.1,285,40.14324,50.342083
NSF,1724575,K01,K01.1|K01.2,69,-32.388885,68.93126
NSF,1724633,K02,K02.1,416,56.30988,16.742403
NSF,1724748,K03,K03.2,685,-79.67118,24.7775
NSF,1724764,K04,K04.1,883,-33.59562,-50.73574
NSF,1724770,K02,K02.1|K02.2,442,79.27767,-18.822021
NSF,1724773,K04,K04.1|K04.3,983,7.1299644,-77.57903
NSF,1724781,K03,K03.1|K03.2,585,-49.007275,-8.902863
NSF,1724786,K02,K02.1,416,56.36802,16.159029
NSF,1724866,K01,K01.1|K01.2,69,-32.38838,68.93056
NSF,1724868,K02,K02.1,416,56.31321,16.748447
NSF,1724890,K01,K01.2,234,-30.729067,56.536957
NSF,1724915,K01,K01.1|K01.2,69,-32.38913,68.93049
NSF,1724972,K04,K04.1|K04.3,983,7.195901,-77.49762
NSF,1725266,K02,K02.1,285,39.8275,50.67433
NSF,1725386,K03,K03.2,685,-80.16999,24.69126
NSF,1725625,K02,K02.1,274,60.784924,53.878708
NSF,1725654,K02,K02.1,416,56.37314,16.149075
NSF,1725768,K02,K02.1,285,40.426342,50.175365
NSF,1725774,K02,K02.1,285,39.19945,50.59899
NSF,1725788,K01,K01.1,12,12.661148,49.3484
NSF,1725789,K01,K01.1|K01.2,100,-52.205074,45.540756
NSF,1725966,K02,K02.1,285,39.71362,49.85997
NSF,1726177,K02,K02.1,360,42.94041,-34.59838
NSF,1726326,K04,K04.1|K04.2|K04.3,920,-21.588167,-29.375011
NSF,1726964,K04,K04.1|K04.3,966,-35.72341,-27.820702
NSF,1727039,K02,K02.1,235,28.46205,-59.08453
NSF,1727401,K02,K02.1,235,28.75016,-59.26575
NSF,1727593,K02,K02.1,235,28.75016,-59.26575
NSF,1727594,K02,K02.1,235,28.46205,-59.08453
NSF,1727662,K03,K03.3,741,-61.679935,-12.34121
NSF,1727785,K01,K01.1|K01.2,164,-13.082612,61.541607
NSF,1727800,K02,K02.1,416,56.309864,16.742203
NSF,1728199,K02,K02.1,285,39.760986,49.807278
NSF,1728209,K05,K05.1,1279,-7.545253,6.218024
NSF,1728549,K02,K02.1,411,66.77193,7.4944015
NSF,1728605,K04,K04.1|K04.3,1016,-56.290886,-39.88495
NSF,1728612,K01,K01.2,203,-35.037888,78.91419
NSF,1728629,K04,K04.1|K04.3,1016,-56.290886,-39.88495
NSF,1728635,K02,K02.1,316,19.824192,27.430054
NSF,1728685,K03,K03.3,741,-61.672714,-12.3395605
NSF,1728784,K02,K02.1,397,32.490276,-1.7321591
NSF,1728813,K01,K01.2,233,-33.012157,52.919548
NSF,1729241,K02,K02.1,316,18.97894,27.182793
NSF,1729815,K01,K01.1|K01.2,78,-33.17953,77.10343
NSF,1729875,K02,K02.1,317,35.238163,20.82134
NSF,1730043,K04,K04.1|K04.3,989,-58.562202,-36.76948
NSF,1730128,K04,K04.1|K04.3,955,-58.52634,-37.571537
NSF,1730129,K04,K04.1|K04.3,955,-58.52885,-37.565456
NSF,1730586,K04,K04.1,798,-9.779554,-70.104095
NSF,1732129,K02,K02.1,397,31.76778,-1.8294325
NSF,1732213,K04,K04.2,1119,-4.520143,-75.432045
NSF,1732223,K04,K04.2,1119,-4.520105,-75.43207
NSF,1732242,K02,K02.1,397,31.618488,-1.8322289
NSF,1732266,K02,K02.1,397,31.910925,-1.8074014
NSF,1732373,K02,K02.1,397,31.298649,-2.147696
NSF,1733545,K05,K05.2,1457,5.602982,-1.6506516
NSF,1733564,K01,K01.1,12,12.523778,49.46015
NSF,1733578,K01,K01.1|K01.2,112,-24.116703,47.943096
NSF,1733580,K01,K01.1|K01.2,112,-24.11631,47.94396
NSF,1733688,K01,K01.1|K01.2,99,-31.64183,32.33016
NSF,1733695,K03,K03.1,552,-56.34211,9.15303
NSF,1733705,K01,K01.1,68,-4.3502083,51.950672
NSF,1733817,K06,K06.1|K06.2,1536,21.40269,-4.064636
NSF,1733924,K05,K05.3,1519,-3.5164535,-1.212295
NSF,1733990,K02,K02.1,414,47.741325,18.210396
NSF,1734033,K01,K01.1|K01.2,99,-31.733011,33.371826
NSF,1734036,K02,K02.1,316,19.817263,27.42902
NSF,1734051,K06,K06.2,1563,15.041797,-3.3909602
NSF,1734665,K02,K02.1,316,19.866749,27.458393
NSF,1734752,K02,K02.1,295,1.6245842,-30.782751
NSF,1734947,K01,K01.1|K01.2,175,-20.278473,83.32933
NSF,1735295,K01,K01.1|K01.2,175,-20.59486,83.45675
NSF,1735306,K02,K02.1|K02.2,477,63.923954,-3.9331458
NSF,1735354,K04,K04.1|K04.3,1049,-49.336266,-27.804758
NSF,1735407,K04,K04.3,1162,-13.225341,-90.32122
NSF,1735463,K04,K04.1|K04.3,1049,-49.336266,-27.804758
NSF,1735483,K04,K04.3,1162,-13.226094,-90.32247
NSF,1735499,K04,K04.3,1162,-13.225995,-90.322556
NSF,1735505,K02,K02.1,250,22.740187,-43.604237
NSF,1735513,K04,K04.1|K04.3,1049,-49.336266,-27.804758
NSF,1735539,K04,K04.3,1162,-13.225801,-90.32216
NSF,1735558,K02,K02.1,295,1.6137929,-30.763508
NSF,1735579,K04,K04.1|K04.3,986,2.407289,-70.900024
NSF,1735582,K04,K04.1|K04.3,986,2.4072702,-70.90284
NSF,1735587,K05,K05.1,1225,-23.433619,12.740892
NSF,1735607,K02,K02.1,316,19.805676,27.419739
NSF,1735609,K04,K04.1|K04.2|K04.3,926,0.872609,-72.85383
NSF,1735630,K02,K02.1,316,19.858772,27.450258
NSF,1735654,K05,K05.2|K05.3,1470,1.7696404,0.16476262
NSF,1735693,K02,K02.1,316,19.300945,27.226559
NSF,1735708,K02,K02.1,392,28.551638,-15.695809
NSF,1735715,K02,K02.1,235,28.636951,-59.9783
NSF,1735723,K01,K01.1,39,19.37554,79.0805
NSF,1735743,K02,K02.1,316,19.083366,27.18899
NSF,1735886,K02,K02.1|K02.2,485,56.366615,-4.084345
NSF,1735911,K02,K02.1,316,19.79404,27.414602
NSF,1736102,K02,K02.1,235,27.614872,-59.180904
NSF,1736181,K02,K02.1,235,28.636951,-59.9783
NSF,1736242,K02,K02.1,295,2.0442436,-31.516048
NSF,1736288,K02,K02.1,295,2.073229,-31.624197
NSF,1736389,K02,K02.1,274,60.724243,53.88641
NSF,1736542,K01,K01.1,31,14.08073,94.53968
NSF,1736582,K04,K04.1,848,-44.73695,-38.298042
NSF,1736596,K01,K01.2,233,-33.011017,52.92127
NSF,1736629,K02,K02.1|K02.2,437,85.431984,46.957203
NSF,1736633,K02,K02.1,417,45.572273,28.092766
NSF,1736659,K01,K01.1,55,1.7600312,64.45441
NSF,1736668,K02,K02.1,295,2.0668857,-31.599226
NSF,1736713,K03,K03.3,745,-90.85103,-1.3803018
NSF,1736718,K05,K05.1,1224,-21.201403,12.783043
NSF,1736736,K01,K01.1|K01.2,128,24.928858,64.93345
NSF,1736749,K04,K04.1|K04.3,1008,-48.328503,-60.868736
NSF,1736778,K03,K03.1|K03.2,585,-49.018494,-8.900365
NSF,1736783,K02,K02.1,285,40.413685,50.165787
NSF,1736830,K02,K02.1,416,56.34157,16.19707
NSF,1736891,K02,K02.1|K02.2,440,77.32202,-21.771965
NSF,1736957,K02,K02.1,416,56.309048,16.740992
NSF,1737035,K04,K04.1,813,-39.53169,-53.725464
NSF,1737090,K02,K02.1,416,56.308956,16.740538
NSF,1737096,K02,K02.1,295,2.674396,-29.202906
NSF,1737116,K02,K02.2,523,62.694157,22.352049
NSF,1737144,K02,K02.2,523,62.69439,22.35186
NSF,1737166,K03,K03.1|K03.2,585,-49.003464,-8.905784
NSF,1737170,K02,K02.1,295,1.600511,-30.75961
NSF,1737176,K02,K02.1,295,1.5523888,-30.726233
NSF,1737191,K03,K03.1,564,-81.17702,7.350798
NSF,1737207,K02,K02.1,295,1.5548421,-30.723566
NSF,1737221,K02,K02.1,316,19.818426,27.42892
NSF,1737247,K02,K02.2,523,62.694405,22.352118
NSF,1737258,K01,K01.1,55,1.7607994,64.44194
NSF,1737274,K03,K03.3,745,-90.852615,-1.3873191
NSF,1737286,K02,K02.1,316,19.35712,27.251705
NSF,1737287,K02,K02.1,316,18.71669,27.199059
NSF,1737289,K02,K02.1,397,31.700382,-1.7979472
NSF,1737311,K01,K01.1,31,14.081548,94.55535
NSF,1737357,K04,K04.1,812,-43.299896,-48.81205
NSF,1737368,K02,K02.1,295,2.0981393,-31.74583
NSF,1737380,K02,K02.1,310,5.444364,32.476498
NSF,1737387,K03,K03.1|K03.2,585,-49.0143,-8.902545
NSF,1737413,K03,K03.1|K03.2,585,-49.007412,-8.911265
NSF,1737424,K03,K03.2|K03.3,715,-92.11854,16.004581
NSF,1737432,K04,K04.1|K04.3,1021,-55.300938,-38.05236
NSF,1737433,K04,K04.1,812,-43.303238,-48.815178
NSF,1737453,K04,K04.1|K04.3,1030,-46.6884,-61.445347
NSF,1737483,K05,K05.3,1530,-8.516623,-9.544733
NSF,1737492,K02,K02.1|K02.2,434,82.35546,48.103752
NSF,1737495,K05,K05.1,1214,-20.476753,3.5803046
NSF,1737496,K01,K01.2,214,-41.1209,43.632122
NSF,1737514,K04,K04.1,830,-34.932297,-51.181732
NSF,1737533,K04,K04.1,812,-43.30324,-48.820473
NSF,1737550,K05,K05.1,1196,-15.336327,6.5517173
NSF,1737563,K05,K05.1,1234,-25.902794,6.0736794
NSF,1737565,K06,K06.2,1546,17.669762,-1.6263087
NSF,1737586,K05,K05.1,1222,-24.612045,6.509414
NSF,1737590,K04,K04.1|K04.3,1009,-58.726437,-54.305454
NSF,1737591,K04,K04.1|K04.3,1092,-40.036453,-39.31343
NSF,1737592,K01,K01.1|K01.2,125,-24.557726,50.271698
NSF,1737598,K03,K03.1,539,-81.91467,8.3818245
NSF,1737617,K01,K01.1|K01.2,197,-19.34825,49.848095
NSF,1737620,K04,K04.1,780,-23.176558,-46.64939
NSF,1737622,K02,K02.1,413,48.922707,14.910772
NSF,1737626,K02,K02.1,413,48.92224,14.910784
NSF,1737633,K05,K05.1,1251,-12.550427,22.909498
NSF,1737634,K05,K05.1|K05.3,1424,-11.2593565,-0.8332719
NSF,1737643,K02,K02.1,413,48.92224,14.910784
NSF,1737645,K01,K01.2,232,-31.472355,49.625134
NSF,1737687,K02,K02.1,316,20.119473,27.666355
NSF,1737691,K02,K02.1,413,48.922707,14.910772
NSF,1737706,K03,K03.1|K03.2,585,-49.016876,-8.902072
NSF,1737716,K03,K03.1|K03.2,616,-72.89523,9.216664
NSF,1737728,K04,K04.1,884,-32.77506,-52.161743
NSF,1737750,K03,K03.1|K03.2,616,-72.894394,9.215434
NSF,1737760,K01,K01.1,36,14.096061,68.4599
NSF,1737788,K02,K02.1,316,18.813688,27.198444
NSF,1737813,K02,K02.1,397,31.904337,-2.545651
NSF,1738057,K03,K03.2,685,-79.50163,24.916231
NSF,1738104,K02,K02.1,416,56.86786,15.9285
NSF,1738228,K02,K02.1,416,56.86786,15.9285
NSF,1738244,K02,K02.1,416,56.353252,16.181246
NSF,1738307,K02,K02.1,308,63.79179,-39.704514
NSF,1738321,K03,K03.3,745,-90.850815,-1.3667924
NSF,1738485,K05,K05.1,1215,-21.78259,2.9126904
NSF,1738588,K02,K02.1,360,42.402752,-35.371254
NSF,1738687,K02,K02.1,397,31.36766,-2.3069453
NSF,1738689,K04,K04.1|K04.3,953,-12.430538,-82.13832
NSF,1738734,K05,K05.3,1530,-8.517775,-9.541605
NSF,1738782,K04,K04.1|K04.3,992,-59.86398,-34.403297
NSF,1738802,K04,K04.1|K04.3,983,6.855798,-78.219475
NSF,1738896,K03,K03.2,694,-43.896286,20.685125
NSF,1738989,K01,K01.1,39,19.55007,80.64495
NSF,1739031,K03,K03.2,694,-43.896286,20.685125
NSF,1739085,K04,K04.1|K04.3,1092,-40.03702,-39.31379
NSF,1739137,K04,K04.1|K04.3,952,-23.727211,-18.458893
NSF,1739163,K05,K05.1,1204,-31.86918,8.387244
NSF,1739189,K04,K04.1|K04.3,1095,-34.638157,-37.34787
NSF,1739191,K03,K03.1,547,-64.184555,30.458391
NSF,1739315,K04,K04.1|K04.3,1016,-56.296345,-39.887516
NSF,1739344,K04,K04.1|K04.3,1095,-34.638157,-37.34787
NSF,1739355,K04,K04.1|K04.3,1095,-34.638157,-37.34787
NSF,1739413,K04,K04.1,826,-42.28268,-48.499027
NSF,1739474,K05,K05.1|K05.3,1424,-11.260617,-0.83317816
NSF,1739551,K05,K05.1|K05.2,1310,-3.4129696,5.798495
NSF,1739567,K02,K02.1,386,26.92738,-20.144558
NSF,1739662,K01,K01.1,68,-4.3502083,51.950672
NSF,1739676,K05,K05.1|K05.2,1298,4.3246675,6.782185
NSF,1739705,K05,K05.1,1224,-20.921373,12.340071
NSF,1739724,K03,K03.1|K03.3,660,-62.522194,19.070177
NSF,1739788,K03,K03.1|K03.3,639,-63.21138,-1.915712
NSF,1739823,K05,K05.1,1237,-25.821827,11.316946
NSF,1739835,K05,K05.1,1224,-20.927593,12.306011
NSF,1739884,K04,K04.1|K04.3,952,-23.721872,-18.452711
NSF,1739909,K03,K03.1,557,-65.18977,4.95011
NSF,1739964,K04,K04.1|K04.3,1034,-68.9902,-41.426952
NSF,1739977,K05,K05.1|K05.2,1305,-21.840921,13.924945
NSF,1740042,K03,K03.1|K03.2,601,-49.471943,4.152387
NSF,1740075,K04,K04.1|K04.3,966,-35.723396,-27.82078
NSF,1740082,K03,K03.1|K03.2,584,-82.50916,16.152643
NSF,1740135,K02,K02.2,519,58.098232,-4.789076
NSF,1740201,K02,K02.1,370,49.174923,-19.368738
NSF,1740335,K02,K02.1,295,0.6336049,-30.262058
NSF,1740384,K04,K04.1|K04.3,1045,-44.3547,-25.996899
NSF,1740449,K01,K01.1,27,-74.91146,50.525867
NSF,1740463,K04,K04.1|K04.3,983,6.9587946,-77.86039
NSF,1740481,K01,K01.1,45,17.74402,76.97795
NSF,1740526,K01,K01.1,45,17.74402,76.97795
NSF,1740536,K02,K02.1,285,41.23895,49.830738
NSF,1740839,K02,K02.1,328,22.695848,17.566027
NSF,1740865,K05,K05.2,1439,6.353587,8.538722
NSF,1741042,K02,K02.1,274,60.606842,53.914425
NSF,1741152,K05,K05.3,1530,-8.515454,-9.54357
NSF,1741370,K04,K04.3,1167,-72.60924,-65.4643
NSF,1741462,K01,K01.2,203,-35.03785,78.914696
NSF,1741619,K03,K03.1|K03.2,580,-86.28196,16.758217
NSF,1741833,K01,K01.2,233,-33.011345,52.920742
NSF,1741918,K01,K01.1,49,-5.714065,65.47062
NSF,1741962,K05,K05.3,1529,-15.404757,-5.1801996
NSF,1742069,K05,K05.3,1530,-8.516986,-9.536457
NSF,1742569,K03,K03.3,750,-74.701645,-13.189409
NSF,1742869,K01,K01.1|K01.2,164,-13.079731,61.55115
NSF,1742870,K01,K01.1,51,-51.522186,85.16206
NSF,1742938,K02,K02.1,274,60.606842,53.914425
NSF,1742943,K02,K02.1,274,60.171127,54.26591
NSF,1742944,K02,K02.1,316,19.840748,27.459162
NSF,1742956,K01,K01.1|K01.2,170,-18.769764,40.138977
NSF,1742959,K02,K02.1,274,60.796883,54.60585
NSF,1743046,K04,K04.1|K04.3,983,7.0422125,-77.721664
NSF,1743301,K01,K01.1,46,8.96095,79.66467
NSF,1743326,K01,K01.2,232,-31.47207,49.624893
NSF,1743355,K03,K03.1|K03.3,665,-46.46106,4.9686227
NSF,1743370,K03,K03.1|K03.3,665,-46.45918,4.966549
NSF,1743383,K03,K03.1|K03.3,665,-46.45824,4.966749
NSF,1743401,K02,K02.1,386,26.942623,-19.794659
NSF,1743412,K01,K01.1,65,-2.8717513,49.009537
NSF,1743430,K01,K01.1,12,12.747042,50.026318
NSF,1743643,K01,K01.1,10,-9.381056,97.453064
NSF,1743891,K01,K01.1|K01.2,178,-21.460413,81.43705
NSF,1743941,K04,K04.1|K04.3,983,6.837046,-78.15496
NSF,1743985,K01,K01.1,24,-1.6149697,48.484398
NSF,1743988,K01,K01.1,65,-2.871706,49.0095
NSF,1743991,K01,K01.1|K01.2,115,-24.782808,47.214127
NSF,1743992,K01,K01.1,24,-1.6149697,48.484398
NSF,1743997,K04,K04.1|K04.2,916,-26.386599,-58.458942
NSF,1744000,K05,K05.1,1290,-30.669905,8.346775
NSF,1744004,K01,K01.1|K01.2,195,-24.45109,50.416462
NSF,1744006,K04,K04.1,794,-29.928614,-52.242138
NSF,1744031,K04,K04.1|K04.3,983,7.718024,-76.19591
NSF,1744038,K01,K01.1|K01.2,196,-19.710775,53.206337
NSF,1744216,K02,K02.1,274,60.81738,54.616062
NSF,1744246,K02,K02.1|K02.2,467,56.616314,-15.455334
NSF,1744346,K01,K01.2,232,-31.47207,49.624893
NSF,1744410,K04,K04.1,846,-46.603134,-38.3602
NSF,1744417,K02,K02.1,415,48.43913,4.068119
NSF,1744433,K02,K02.1,316,18.576925,27.219715
NSF,1744515,K02,K02.1,316,19.85741,27.467165
NSF,1744584,K02,K02.1|K02.2,440,78.73425,-22.329296
NSF,1744602,K02,K02.1|K02.2,440,78.73425,-22.329296
NSF,1744643,K05,K05.1,1239,-11.274685,18.249147
NSF,1744653,K03,K03.1,538,-81.77627,10.322665
NSF,1744702,K01,K01.1,12,12.862574,49.866314
NSF,1744724,K02,K02.1,360,41.60897,-35.842712
NSF,1744759,K03,K03.3,762,-48.93177,14.848901
NSF,1744775,K04,K04.3,1192,-31.066303,-47.626617
NSF,1744816,K04,K04.3,1159,-10.41729,-92.86714
NSF,1744856,K03,K03.3,762,-48.93155,14.851743
NSF,1744887,K04,K04.1,780,-23.06098,-46.006676
NSF,1744958,K03,K03.3,762,-48.929985,14.850798
NSF,1744961,K01,K01.1,60,-20.180439,71.09996
NSF,1745213,K04,K04.1,780,-22.971895,-46.22276
NSF,1745228,K04,K04.1|K04.3,952,-23.840416,-18.435318
NSF,1745232,K02,K02.1,250,23.309303,-41.834965
NSF,1745327,K01,K01.1|K01.2,170,-18.769878,40.140144
NSF,1745353,K03,K03.1,538,-81.779144,10.332543
NSF,1745371,K02,K02.1,316,20.162334,27.723211
NSF,1745375,K01,K01.1,2,-36.288647,70.562546
NSF,1745405,K02,K02.1,417,47.85529,28.136045
NSF,1745451,K02,K02.1,285,41.261284,49.835106
NSF,1745476,K04,K04.1,780,-23.09033,-46.008587
NSF,1745499,K05,K05.3,1501,-16.1256,-3.4385557
NSF,1745508,K04,K04.1,810,3.2532554,-55.840015
NSF,1745567,K01,K01.1,24,-1.6149697,48.484398
NSF,1745580,K03,K03.1,525,-58.54397,-0.7036849
NSF,1745611,K05,K05.3,1530,-8.522451,-9.542244
NSF,1745708,K02,K02.2,515,67.28512,-11.280463
NSF,1745710,K02,K02.2,515,67.28519,-11.280361
NSF,1745718,K02,K02.2,515,67.284904,-11.280304
NSF,1745730,K01,K01.1,12,12.478389,50.54905
NSF,1745739,K02,K02.1,415,47.58522,3.4646852
NSF,1745796,K01,K01.1,12,12.891404,49.76651
NSF,1745824,K01,K01.1,12,12.617595,50.207108
NSF,1745829,K03,K03.1,538,-81.77249,10.3218
NSF,1745840,K04,K04.1|K04.3,1008,-48.875633,-60.638054
NSF,1745846,K04,K04.2|K04.3,1135,-3.4914644,-76.5025
NSF,1745912,K04,K04.1|K04.3,983,6.878937,-78.22876
NSF,1745921,K04,K04.1|K04.3,983,7.3069243,-77.31402
NSF,1745934,K05,K05.1,1274,-27.148684,9.164117
NSF,1745941,K04,K04.1,780,-23.88273,-46.620388
NSF,1746081,K04,K04.1,780,-22.8955,-46.14416
NSF,1746114,K04,K04.1,812,-43.309517,-48.8166
NSF,1746140,K04,K04.1|K04.3,983,7.4833174,-77.11022
NSF,1746160,K02,K02.1,417,47.856,28.148218
NSF,1746187,K04,K04.1|K04.3,1009,-59.188282,-54.450474
NSF,1746296,K01,K01.1|K01.2,99,-31.459927,32.84511
NSF,1746545,K04,K04.3,1159,-10.418305,-92.867355
NSF,1746758,K01,K01.1|K01.2,116,-22.728537,49.042156
NSF,1746759,K04,K04.1|K04.3,983,6.5453215,-77.34019
NSF,1746785,K04,K04.1|K04.3,952,-25.586416,-17.85755
NSF,1746858,K04,K04.1|K04.3,1034,-68.9902,-41.426952
NSF,1746974,K04,K04.1|K04.3,1016,-56.290565,-39.883896
NSF,1747116,K04,K04.1|K04.3,1008,-49.17823,-61.11371
NSF,1747222,K04,K04.1|K04.3,983,7.6030145,-77.00647
NSF,1747293,K04,K04.1|K04.3,1009,-58.828438,-54.23985
NSF,1747353,K01,K01.1,12,12.766751,49.986935
NSF,1747562,K02,K02.1|K02.2,467,56.616413,-15.4552555
NSF,1747653,K02,K02.1,414,47.741486,18.210463
NSF,1747673,K04,K04.1|K04.3,952,-24.046011,-18.417948
NSF,1747752,K04,K04.1|K04.3,953,-12.430751,-82.13801
NSF,1747765,K04,K04.1,798,-9.78437,-70.09545
NSF,1747781,K02,K02.1|K02.2,437,85.43243,46.95762
NSF,1747887,K04,K04.1|K04.3,983,7.8513465,-76.82762
NSF,1748019,K01,K01.1|K01.2,110,-28.040339,34.57633
NSF,1748092,K01,K01.1|K01.2,138,-1.2984115,76.22894
NSF,1748101,K04,K04.1|K04.3,952,-23.646748,-18.465263
NSF,1748123,K05,K05.1,1286,-26.880451,6.0345645
NSF,1748266,K01,K01.1,27,-74.90826,50.51897
NSF,1748308,K03,K03.2,685,-79.75762,24.75766
NSF,1748325,K03,K03.2,685,-79.49675,24.918392
NSF,1748439,K02,K02.1|K02.2,475,67.69721,-5.9954777
NSF,1748573,K02,K02.1,295,1.9090976,-31.198696
NSF,1748631,K01,K01.1,13,-6.230621,41.881653
NSF,1748653,K02,K02.1,275,77.937126,50.041405
NSF,1748682,K05,K05.1,1224,-21.421469,12.786508
NSF,1748687,K02,K02.1,416,56.86786,15.9285
NSF,1748712,K05,K05.1,1205,-14.454694,11.588474
NSF,1748752,K04,K04.1,798,-9.78461,-70.094986
NSF,1748758,K04,K04.1,798,-9.784873,-70.094574
NSF,1748773,K02,K02.1,417,47.74668,27.754284
NSF,1748816,K02,K02.1,295,2.124461,-31.93236
NSF,1748847,K02,K02.1,417,47.40135,28.203745
NSF,1748849,K02,K02.1,417,47.80397,28.162998
NSF,1748953,K03,K03.2,685,-80.30249,25.153801
NSF,1748982,K02,K02.1,360,42.096184,-35.59515
NSF,1749062,K02,K02.1,390,30.39395,-10.064708
NSF,1749081,K03,K03.2,685,-79.49018,24.918085
NSF,1749200,K02,K02.1,360,42.373383,-35.404602
NSF,1749243,K05,K05.3,1529,-15.406729,-5.1793747
NSF,1749357,K04,K04.1|K04.3,1045,-44.17526,-25.458761
NSF,1749530,K03,K03.2|K03.3,718,-95.9556,10.700975
NSF,1749556,K02,K02.1,316,18.6124,27.213182
NSF,1749610,K02,K02.1,250,23.454805,-42.94574
NSF,1749613,K01,K01.2,233,-33.01117,52.920937
NSF,1749638,K02,K02.1,369,47.064594,22.733973
NSF,1749729,K03,K03.1,568,-74.0643,8.729711
NSF,1749986,K02,K02.1,285,41.243183,49.833374
NSF,1750328,K02,K02.1|K02.2,475,68.17251,-5.432696
NSF,1750339,K04,K04.3,1155,-20.433477,-99.26259
NSF,1750453,K01,K01.1,6,-39.947884,72.45779
NSF,1750497,K02,K02.1,386,25.980389,-19.366291
NSF,1750621,K02,K02.1,316,18.953156,27.190498
NSF,1750744,K04,K04.1|K04.3,1016,-56.29105,-39.884644
NSF,1751018,K02,K02.1,235,29.087063,-59.51517
NSF,1751085,K01,K01.1|K01.2,105,-40.385925,42.229317
NSF,1751193,K01,K01.1,12,12.476413,50.553474
NSF,1751216,K01,K01.1,55,1.4731702,64.38447
NSF,1751363,K03,K03.2,685,-80.23846,25.078526
NSF,1751377,K02,K02.1,350,57.783195,15.105758
NSF,1751448,K01,K01.1|K01.2,100,-52.210278,45.545177
NSF,1751463,K02,K02.1,265,49.906387,-60.46567
NSF,1751483,K02,K02.1,386,26.153833,-19.540367
NSF,1751601,K03,K03.1,540,-75.363594,9.213786
NSF,1751696,K02,K02.1|K02.2,498,61.901123,21.413553
NSF,1751747,K04,K04.3,1172,-70.29174,-54.518288
NSF,1751844,K04,K04.1|K04.3,953,-12.430743,-82.13801
NSF,1751854,K03,K03.2|K03.3,727,-47.312893,2.2891698
NSF,1751925,K01,K01.1,53,-18.12161,39.428844
NSF,1751926,K02,K02.1,295,0.5535062,-30.249395
NSF,1751929,K02,K02.1,235,29.184637,-59.631626
NSF,1751946,K04,K04.3,1164,8.224435,-59.433937
NSF,1752016,K01,K01.1,6,-39.947884,72.45779
NSF,1752083,K04,K04.1|K04.3,1086,-22.4585,-66.19867
NSF,1752220,K02,K02.1,265,50.04018,-60.019337
NSF,1752231,K01,K01.1,65,-2.8717513,49.009537
NSF,1752303,K04,K04.3,1155,-20.433477,-99.26259
NSF,1752362,K04,K04.1|K04.3,1053,-38.54723,-30.88324
NSF,1752477,K03,K03.2|K03.3,714,-91.86009,15.661257
NSF,1752522,K03,K03.1|K03.2,606,-63.86946,6.271362
NSF,1752531,K02,K02.1,250,23.245584,-43.31975
NSF,1752600,K02,K02.1|K02.2,485,56.370834,-4.0798526
NSF,1752601,K02,K02.1,360,42.239887,-35.467293
NSF,1752729,K03,K03.1|K03.2,599,-49.214787,3.974601
NSF,1752995,K02,K02.1,360,42.365654,-35.37321
NSF,1753034,K02,K02.1,417,47.84397,28.142279
NSF,1753082,K02,K02.1,285,40.856476,49.852516
NSF,1753200,K02,K02.1,295,1.9090976,-31.198696
NSF,1753364,K02,K02.1,285,40.856476,49.852516
NSF,1753557,K01,K01.2,233,-33.01131,52.92145
NSF,1753656,K02,K02.1,316,20.130165,27.682888
NSF,1754019,K01,K01.1,59,-40.661865,61.13538
NSF,1754594,K02,K02.1,274,60.81738,54.616062
NSF,1754913,K04,K04.1|K04.3,953,-12.43072,-82.13805
NSF,1754984,K02,K02.1,397,31.909359,-2.5468726
NSF,1755012,K02,K02.1,399,43.604076,10.196634
NSF,1755078,K02,K02.1,274,60.822857,54.615005
NSF,1755719,K02,K02.1,295,1.9090976,-31.198696
NSF,1755722,K02,K02.1,295,1.9090976,-31.198696
NSF,1755946,K02,K02.1,285,41.029243,49.8783
NSF,1755996,K04,K04.1|K04.3,1045,-44.94024,-25.3365
NSF,1756054,K02,K02.1,295,0.53983873,-30.246075
NSF,1756056,K04,K04.1,849,-11.875456,-47.542973
NSF,1756081,K02,K02.1,397,32.662567,-1.583573
NSF,1756100,K01,K01.1,68,-4.349317,51.95076
NSF,1756173,K02,K02.1|K02.2,440,78.73425,-22.329296
NSF,1756208,K02,K02.1|K02.2,440,78.73425,-22.329296
NSF,1756216,K02,K02.1|K02.2,440,78.73425,-22.329296
NSF,1756312,K02,K02.1,274,61.21342,54.5537
NSF,1756340,K02,K02.1,340,26.050978,23.20834
NSF,1756367,K02,K02.1,397,31.296495,-2.152543
NSF,1756381,K02,K02.1,307,42.53234,24.78083
NSF,1756449,K02,K02.1,269,54.05155,-54.90884
NSF,1756477,K02,K02.1,269,54.05155,-54.90884
NSF,1756513,K02,K02.1,417,47.362812,28.209747
NSF,1756517,K01,K01.1,67,-10.782999,47.45033
NSF,1756616,K02,K02.1,295,2.1353788,-32.06231
NSF,1756623,K02,K02.1,295,1.9090976,-31.198696
NSF,1756714,K02,K02.1,269,54.05155,-54.90884
NSF,1756738,K02,K02.1|K02.2,461,78.0377,24.561804
NSF,1756768,K02,K02.1,397,32.05422,-1.809402
NSF,1756870,K02,K02.1|K02.2,499,64.77853,25.079782
NSF,1756882,K02,K02.1,274,61.32898,53.960346
NSF,1756914,K02,K02.1,412,46.829514,11.391443
NSF,1756933,K02,K02.1,370,48.414402,-19.235376
NSF,1756958,K02,K02.1,386,26.93492,-19.751799
NSF,1757000,K02,K02.1|K02.2,496,48.00703,9.830831
NSF,1757111,K02,K02.1,404,49.6214,18.826735
NSF,1757136,K02,K02.2,522,63.755493,23.618347
NSF,1757137,K01,K01.1,68,-4.387492,51.957375
NSF,1757329,K06,K06.2,1540,17.235714,-4.5353026
NSF,1757459,K01,K01.2,234,-30.728758,56.537285
NSF,1757630,K02,K02.1,386,25.913412,-19.312508
NSF,1757705,K02,K02.1,235,28.060133,-59.769707
NSF,1757887,K02,K02.2,524,63.951447,23.933868
NSF,1757986,K02,K02.1,250,23.316978,-43.17543
NSF,1758001,K05,K05.1,1290,-30.670376,8.346626
NSF,1758196,K04,K04.1|K04.3,1004,-45.700375,-27.927256
NSF,1758207,K01,K01.1|K01.2,99,-31.530832,32.500908
NSF,1758286,K03,K03.3,750,-74.68673,-13.185712
NSF,1758420,K06,K06.2,1550,14.864302,-6.143236
NSF,1758432,K01,K01.1,12,12.54546,49.42937
NSF,1758531,K04,K04.1,780,-22.692335,-46.38811
NSF,1758544,K04,K04.1|K04.3,1001,7.140037,-56.737705
NSF,1758547,K04,K04.1|K04.3,1008,-48.744278,-61.35811
NSF,1758556,K01,K01.1,48,7.9783206,75.73685
NSF,1758621,K06,K06.1|K06.2,1532,17.463617,-8.616745
NSF,1758674,K04,K04.1|K04.3,983,8.024851,-76.68006
NSF,1758697,K04,K04.3,1159,-10.429503,-92.86868
NSF,1758751,K01,K01.1,48,7.9783206,75.73685
NSF,1758774,K01,K01.1|K01.2,177,-21.741817,50.654636
NSF,1758795,K02,K02.1,275,77.93738,50.0413
NSF,1758854,K02,K02.1,275,77.93738,50.0413
NSF,1759064,K02,K02.1|K02.2,440,77.80521,-21.6831
NSF,1759071,K02,K02.1,275,77.937126,50.041405
NSF,1759440,K01,K01.1|K01.2,164,-13.07011,61.53929
NSF,1759457,K02,K02.1,265,50.268467,-59.75569
NSF,1759537,K01,K01.2,207,-42.60907,46.511303
NSF,1759540,K01,K01.1|K01.2,175,-20.789711,83.43983
NSF,1759542,K01,K01.1|K01.2,175,-20.763771,84.14262
NSF,1759559,K02,K02.1,391,31.042892,-18.11886
NSF,1759594,K02,K02.1,316,20.213266,25.516718
NSF,1759596,K02,K02.1,386,26.934372,-20.114655
NSF,1759709,K01,K01.1,51,-51.54848,85.70476
NSF,1759714,K02,K02.1|K02.2,418,32.49721,-55.523582
NSF,1759715,K02,K02.1,308,63.583466,-39.948677
NSF,1759724,K02,K02.1,295,1.9090976,-31.198696
NSF,1759782,K02,K02.1,285,41.23881,49.824512
NSF,1759879,K03,K03.2,693,-59.77244,14.556821
NSF,1759963,K01,K01.1|K01.2,121,-54.96677,61.30037
NSF,1759972,K01,K01.1,67,-10.781518,47.44971
NSF,1759996,K02,K02.1,250,23.432415,-42.97265
NSF,1760006,K02,K02.1,295,0.67139953,-30.26218
NSF,1760009,K02,K02.1,370,49.22318,-19.386522
NSF,1760010,K01,K01.1|K01.2,175,-20.635029,84.646126
NSF,1760025,K02,K02.1,235,29.048574,-59.46395
NSF,1760183,K02,K02.1|K02.2,451,83.686264,8.018227
NSF,1760185,K02,K02.1,360,41.475742,-35.676445
NSF,1760235,K02,K02.1,370,48.414406,-19.246222
NSF,1760254,K02,K02.1|K02.2,466,69.09634,30.096548
NSF,1760258,K01,K01.2,232,-31.472101,49.62503
NSF,1760292,K01,K01.1|K01.2,184,-21.693142,71.90425
NSF,1760296,K01,K01.1|K01.2,170,-18.770163,40.139633
NSF,1760344,K02,K02.1,415,47.703438,3.8195686
NSF,1760375,K02,K02.1,360,41.944492,-35.679474
NSF,1760447,K02,K02.1,360,41.509796,-35.404736
NSF,1760463,K01,K01.1|K01.2,128,24.490368,65.443695
NSF,1760465,K02,K02.1,417,47.82854,28.1758
NSF,1760479,K02,K02.1,360,41.859623,-35.74214
NSF,1760484,K02,K02.1|K02.2,467,56.61635,-15.4552145
NSF,1760497,K01,K01.1,12,12.476497,50.55329
NSF,1760504,K02,K02.1,360,41.484055,-35.461525
NSF,1760512,K02,K02.1,416,56.86786,15.9285
NSF,1760534,K02,K02.1,265,49.90094,-60.562668
NSF,1760554,K04,K04.1,846,-46.601074,-38.361305
NSF,1760582,K01,K01.1,27,-74.79634,49.962757
NSF,1760586,K02,K02.1,415,47.684647,3.751513
NSF,1760598,K02,K02.1,316,18.563002,27.223711
NSF,1760620,K02,K02.1,295,2.088207,-31.6956
NSF,1760645,K04,K04.1|K04.3,1009,-59.161926,-54.334846
NSF,1760653,K02,K02.1,360,43.004208,-34.60929
NSF,1760655,K02,K02.1,360,42.60275,-34.61917
NSF,1760662,K02,K02.1,360,42.032322,-35.635696
NSF,1760673,K05,K05.1,1273,-24.679337,18.020374
NSF,1760674,K02,K02.1,417,47.40135,28.203745
NSF,1760699,K02,K02.1,360,41.51954,-35.38123
NSF,1760704,K02,K02.1,417,47.783085,27.76167
NSF,1760710,K01,K01.1|K01.2,86,-13.543543,65.985886
NSF,1760715,K01,K01.1,12,12.478394,50.54904
NSF,1760717,K02,K02.1,295,1.9090976,-31.198696
NSF,1760718,K01,K01.1,12,13.13804,49.258644
NSF,1760726,K02,K02.1,355,37.849483,-31.540384
NSF,1760739,K02,K02.1,415,47.586216,3.444862
NSF,1760764,K02,K02.1,370,48.7459,-19.058378
NSF,1760766,K01,K01.1,51,-51.522984,85.15943
NSF,1760834,K04,K04.1|K04.3,992,-59.86398,-34.403297
NSF,1760971,K04,K04.1|K04.3,1016,-56.296345,-39.887516
NSF,1760999,K02,K02.1,265,49.90304,-60.48878
NSF,1761441,K02,K02.1,360,41.470856,-35.70633
NSF,1761459,K04,K04.2|K04.3,1140,-65.4128,-55.375847
NSF,1761461,K01,K01.1|K01.2,78,-33.07378,77.285934
NSF,1761471,K04,K04.1|K04.3,992,-59.86398,-34.403297
NSF,1761549,K02,K02.1,370,48.423336,-19.209347
NSF,1761673,K01,K01.1,6,-39.947884,72.45779
NSF,1761772,K01,K01.1,12,12.4755,50.547165
NSF,1761795,K05,K05.2|K05.3,1483,-3.343518,2.5521107
NSF,1761843,K01,K01.1|K01.2,196,-19.711075,53.21131
NSF,1761887,K01,K01.1,12,12.56862,50.243504
NSF,1761950,K04,K04.2|K04.3,1140,-65.4128,-55.375847
NSF,1761987,K02,K02.1,285,41.23881,49.824512
NSF,1762025,K02,K02.1,397,31.700832,-1.7965003
NSF,1762034,K05,K05.1,1215,-21.78212,2.9168172
NSF,1762039,K01,K01.1,12,12.817745,49.925102
NSF,1762119,K04,K04.1|K04.3,952,-24.231115,-18.38454
NSF,1762133,K02,K02.1,236,29.137144,-52.05087
NSF,1762157,K01,K01.1,27,-74.796364,49.96278
NSF,1762160,K01,K01.1,68,-4.3502083,51.950672
NSF,1762170,K04,K04.1|K04.3,952,-24.162827,-18.403103
NSF,1762212,K01,K01.2,232,-31.472027,49.624584
NSF,1762245,K02,K02.2,515,67.284935,-11.280604
NSF,1762277,K04,K04.1|K04.3,1001,6.874316,-56.432278
NSF,1762278,K02,K02.1|K02.2,475,68.17251,-5.432696
NSF,1762378,K01,K01.1|K01.2,138,-2.2663977,76.4392
NSF,1762493,K01,K01.1|K01.2,138,-2.2567992,76.43049
NSF,1762592,K04,K04.1|K04.3,992,-59.86398,-34.403297
NSF,1762595,K04,K04.1|K04.3,1045,-42.880184,-26.092999
NSF,1762600,K02,K02.1|K02.2,434,82.35605,48.103252
NSF,1762691,K02,K02.1,386,26.960838,-19.879774
NSF,1762749,K02,K02.1,235,29.227219,-59.804535
NSF,1762825,K04,K04.1|K04.3,952,-23.551203,-18.423697
NSF,1762899,K02,K02.1,236,29.137148,-52.050877
NSF,1762918,K03,K03.3,736,-60.87172,-3.9447289
NSF,1762968,K03,K03.3,736,-60.87,-3.9423873
NSF,1762999,K01,K01.1,2,-36.28856,70.562805
NSF,1763028,K04,K04.2|K04.3,1142,-67.25077,-55.084824
NSF,1763108,K04,K04.1|K04.3,1069,-5.28977,-51.108795
NSF,1763109,K01,K01.1,2,-36.287766,70.56263
NSF,1763129,K02,K02.1,235,28.669693,-60.007526
NSF,1763167,K02,K02.1,295,0.6640088,-30.261003
NSF,1763203,K03,K03.2,682,-87.375916,19.87401
NSF,1763218,K02,K02.1,397,31.702581,-1.7979999
NSF,1763294,K03,K03.2,682,-87.37683,19.873762
NSF,1764340,K01,K01.1,10,-9.381136,97.45351
NSF,1800452,K05,K05.1,1215,-21.78269,2.915498
NSF,1800716,K04,K04.1|K04.3,1041,-30.382969,-70.968895
NSF,1800810,K01,K01.1|K01.2,134,15.432545,68.488785
NSF,1800812,K04,K04.1|K04.3,1034,-68.9902,-41.426952
NSF,1800817,K01,K01.1|K01.2,134,15.432516,68.488464
NSF,1800825,K01,K01.1|K01.2,134,15.432845,68.48866
NSF,1800904,K02,K02.1|K02.2,437,85.43235,46.957493
NSF,1800905,K02,K02.1|K02.2,437,85.43235,46.957493
NSF,1800913,K02,K02.1|K02.2,437,85.43232,46.957317
NSF,1800914,K02,K02.1|K02.2,437,85.43243,46.95762
NSF,1801118,K02,K02.1,295,1.9090976,-31.198696
NSF,1801142,K02,K02.1,295,2.088207,-31.6956
NSF,1801167,K01,K01.1|K01.2,119,-20.397865,48.354
NSF,1801251,K02,K02.1,285,41.238605,49.82411
NSF,1801280,K02,K02.1,416,56.3721,16.15336
NSF,1801284,K02,K02.1,235,29.087063,-59.51517
NSF,1801329,K02,K02.1,416,56.3721,16.15336
NSF,1801335,K02,K02.1,295,1.9090976,-31.198696
NSF,1801367,K02,K02.1,295,1.9090976,-31.198696
NSF,1801475,K02,K02.1,295,2.064124,-31.580664
NSF,1801574,K02,K02.1,416,56.445263,16.055712
NSF,1801677,K02,K02.1,415,47.95067,3.4861965
NSF,1801764,K02,K02.1,285,41.24772,49.84154
NSF,1801785,K01,K01.1|K01.2,69,-32.390167,68.93108
NSF,1801845,K01,K01.1|K01.2,164,-13.080974,61.55282
NSF,1801865,K04,K04.1|K04.3,1009,-59.152534,-54.322376
NSF,1801866,K02,K02.1,295,1.9090976,-31.198696
NSF,1801881,K01,K01.1,51,-51.523613,85.159
NSF,1801945,K02,K02.1,295,1.9090976,-31.198696
NSF,1802017,K04,K04.1|K04.3,953,-12.430533,-82.13833
NSF,1802226,K02,K02.1,417,47.846123,28.13751
NSF,1802319,K01,K01.1|K01.2,101,-50.531086,46.734802
NSF,1802388,K02,K02.1,285,41.238804,49.824436
NSF,1802394,K04,K04.1|K04.3,1017,-55.829224,-40.922764
NSF,1802458,K03,K03.2,680,-58.31018,-12.3127985
NSF,1802474,K01,K01.1,12,12.524052,49.46084
NSF,1802524,K02,K02.1,235,28.663229,-59.98965
NSF,1802531,K03,K03.3,778,-74.11403,6.356458
NSF,1802543,K02,K02.1,397,32.036884,-2.506929
NSF,1802583,K02,K02.1,295,2.064124,-31.580664
NSF,1802612,K02,K02.1,397,31.206903,-2.1783235
NSF,1802800,K04,K04.1|K04.3,983,7.272582,-77.35919
NSF,1802821,K02,K02.1,351,74.0178,15.108627
NSF,1802944,K04,K04.1|K04.3,983,7.676338,-76.93667
NSF,1803035,K01,K01.1,36,14.096156,68.458984
NSF,1803055,K02,K02.1,360,43.264977,-34.65013
NSF,1803056,K01,K01.1,27,-74.79635,49.962776
NSF,1803159,K02,K02.1,295,1.7345185,-30.909908
NSF,1803166,K02,K02.1,295,1.9090976,-31.198696
NSF,1803197,K01,K01.1|K01.2,78,-33.148357,77.37213
NSF,1803200,K04,K04.1|K04.3,952,-24.136185,-18.407799
NSF,1803240,K01,K01.1|K01.2,78,-33.07378,77.285934
NSF,1803245,K02,K02.1,235,29.227219,-59.804535
NSF,1803496,K04,K04.1|K04.3,952,-23.870321,-18.747974
NSF,1803505,K02,K02.1,250,23.31697,-43.17546
NSF,1803526,K01,K01.1,36,14.096073,68.45893
NSF,1803527,K04,K04.1|K04.3,983,6.84387,-78.16018
NSF,1803563,K05,K05.1|K05.2,1308,-23.26344,16.246683
NSF,1803589,K05,K05.1|K05.2,1308,-23.263454,16.246681
NSF,1803593,K02,K02.1,360,41.53413,-35.983833
NSF,1803697,K02,K02.1|K02.2,425,27.516665,-44.25981
NSF,1803725,K01,K01.1,39,19.55007,80.64495
NSF,1803754,K02,K02.1,250,22.755617,-43.60061
NSF,1803823,K04,K04.1|K04.3,983,6.869241,-78.17514
NSF,1803919,K02,K02.1,235,28.093685,-59.676414
NSF,1803920,K03,K03.1|K03.2,614,-72.78413,10.188602
NSF,1803955,K02,K02.1|K02.2,464,71.34703,32.361813
NSF,1803995,K01,K01.1|K01.2,198,-27.075272,58.81335
NSF,1804077,K04,K04.1|K04.3,952,-25.68022,-17.726597
NSF,1804107,K01,K01.1,27,-74.796104,49.965584
NSF,1804118,K02,K02.1|K02.2,464,71.3455,32.360767
NSF,1804132,K01,K01.1,39,19.55007,80.64495
NSF,1804158,K02,K02.1,360,42.09958,-35.582817
NSF,1804166,K03,K03.3,769,-44.689117,2.9997883
NSF,1804169,K03,K03.2,679,-61.41867,2.913233
NSF,1804209,K02,K02.1,250,23.454805,-42.94574
NSF,1804218,K04,K04.1|K04.3,1035,-70.07448,-41.863068
NSF,1804229,K03,K03.3,769,-44.68915,3.0004115
NSF,1804232,K02,K02.1,360,41.79543,-35.7579
NSF,1804243,K02,K02.1,285,40.856476,49.852516
NSF,1804255,K02,K02.1,360,42.21755,-35.479176
NSF,1804271,K03,K03.1,555,-64.85588,5.101121
NSF,1804287,K03,K03.1|K03.2,607,-63.6525,6.2130895
NSF,1804321,K04,K04.1|K04.3,1016,-56.296345,-39.887516
NSF,1804429,K02,K02.1,316,20.210049,27.764112
NSF,1804453,K04,K04.1|K04.3,952,-24.147331,-18.412428
NSF,1804512,K02,K02.1|K02.2,499,64.77853,25.079782
NSF,1804513,K04,K04.1|K04.3,983,7.1523147,-77.54501
NSF,1804528,K01,K01.1,39,19.55007,80.64495
NSF,1804560,K02,K02.1,415,47.58524,3.3923001
NSF,1804611,K03,K03.1,555,-64.85724,5.0988984
NSF,1804635,K01,K01.1,39,19.55007,80.64495
NSF,1804672,K03,K03.1,545,-65.41198,30.892084
NSF,1804685,K02,K02.1,274,60.23594,54.19094
NSF,1804702,K04,K04.1|K04.2|K04.3,924,-2.1932924,-75.59299
NSF,1804708,K02,K02.1,235,29.358528,-60.050056
NSF,1804757,K04,K04.1|K04.3,952,-23.356909,-18.3152
NSF,1804770,K03,K03.1|K03.2,590,-55.724525,22.536232
NSF,1804799,K01,K01.1,27,-74.79636,49.962746
NSF,1804858,K01,K01.1,10,-9.37869,97.45385
NSF,1804941,K02,K02.1,308,64.12525,-40.206276
NSF,1804943,K04,K04.1|K04.3,952,-23.263037,-18.254908
NSF,1804975,K02,K02.1,250,22.839382,-41.471287
NSF,1804999,K02,K02.1,265,50.014633,-61.116913
NSF,1805029,K02,K02.1,265,50.525757,-59.51863
NSF,1805047,K04,K04.3,1177,-14.006122,-52.75599
NSF,1805058,K03,K03.3,769,-44.68667,2.9998512
NSF,1805075,K02,K02.1,243,37.315685,47.854073
NSF,1805084,K04,K04.1|K04.3,952,-25.777111,-17.540228
NSF,1805085,K01,K01.1|K01.2,99,-31.463722,32.84717
NSF,1805094,K02,K02.1,360,42.848312,-35.234146
NSF,1805127,K02,K02.1,360,43.03446,-35.15904
NSF,1805143,K02,K02.1|K02.2,437,85.43243,46.95762
NSF,1805152,K02,K02.1,274,60.23594,54.19094
NSF,1805160,K02,K02.1,360,42.848312,-35.234146
NSF,1805163,K01,K01.1,39,18.818737,80.939224
NSF,1805215,K03,K03.2,678,-61.0573,2.1317568
NSF,1805276,K01,K01.1|K01.2,175,-20.764688,84.1437
NSF,1805293,K03,K03.1|K03.2,590,-55.661526,22.509018
NSF,1805315,K04,K04.1|K04.3,952,-23.256634,-18.24994
NSF,1805319,K02,K02.1,397,31.553661,-1.8993108
NSF,1805340,K02,K02.1|K02.2,485,56.372677,-4.0800624
NSF,1805358,K04,K04.1|K04.3,952,-25.77657,-17.544014
NSF,1805406,K02,K02.1,250,22.702843,-43.613052
NSF,1805417,K04,K04.1,787,-26.529617,-46.727802
NSF,1805490,K02,K02.1,360,42.848312,-35.234146
NSF,1805549,K02,K02.1,274,60.23594,54.19094
NSF,1805550,K04,K04.1|K04.3,983,7.9553447,-76.18642
NSF,1805570,K02,K02.1,250,22.839382,-41.471287
NSF,1805584,K02,K02.1,360,43.382664,-34.76524
NSF,1805588,K02,K02.1,360,42.074543,-35.639267
NSF,1805617,K01,K01.1|K01.2,175,-20.749487,83.60755
NSF,1805631,K02,K02.1,250,22.839382,-41.471287
NSF,1805656,K02,K02.1,235,29.36115,-60.157455
NSF,1805666,K02,K02.1,250,22.631304,-42.988144
NSF,1805702,K01,K01.1,27,-74.79636,49.962746
NSF,1805718,K04,K04.1|K04.3,983,8.348856,-76.43714
NSF,1805721,K01,K01.1|K01.2,196,-19.712242,53.209717
NSF,1805741,K01,K01.1,12,13.114812,49.240562
NSF,1805808,K05,K05.1,1224,-21.756704,12.522267
NSF,1805819,K01,K01.1|K01.2,138,-1.999902,76.37799
NSF,1805901,K02,K02.1,360,43.487656,-34.86519
NSF,1805914,K04,K04.1|K04.2,895,-41.95548,-54.301647
NSF,1805958,K04,K04.1|K04.3,952,-23.179272,-18.185356
NSF,1805959,K01,K01.1|K01.2,175,-20.606636,84.71174
NSF,1806037,K02,K02.1,300,3.9471705,-15.864502
NSF,1806066,K02,K02.1,250,22.860209,-42.18185
NSF,1806148,K04,K04.1|K04.3,952,-25.783915,-17.517378
NSF,1806184,K04,K04.1|K04.3,1045,-44.65218,-26.558117
NSF,1806199,K05,K05.3,1529,-15.402839,-5.18132
NSF,1806202,K02,K02.1,316,20.176802,27.729107
NSF,1806213,K02,K02.1,316,20.172909,27.730595
NSF,1806287,K02,K02.1,316,20.176802,27.729107
NSF,1806303,K01,K01.1|K01.2,164,-13.0135565,62.112633
NSF,1806383,K02,K02.1,411,66.57077,7.959264
NSF,1806718,K02,K02.1,265,50.264725,-59.761993
NSF,1806785,K01,K01.1|K01.2,99,-31.917658,34.516777
NSF,1806983,K02,K02.1,274,61.03473,54.616673
NSF,1807077,K01,K01.1|K01.2,128,24.480824,65.71353
NSF,1807097,K04,K04.1|K04.3,1045,-45.002823,-25.412374
NSF,1807142,K04,K04.3,1172,-70.292076,-54.5183
NSF,1807143,K02,K02.1|K02.2,440,78.73425,-22.329296
NSF,1807169,K02,K02.1|K02.2,440,78.73425,-22.329296
NSF,1807260,K04,K04.1|K04.3,1045,-44.470203,-26.68985
NSF,1807416,K01,K01.1|K01.2,167,-14.9207,58.82473
NSF,1807536,K04,K04.1|K04.3,1108,-31.951382,-37.81435
NSF,1807807,K02,K02.1|K02.2,440,78.73425,-22.329296
NSF,1807813,K01,K01.1|K01.2,78,-33.256836,77.11713
NSF,1807823,K04,K04.1|K04.3,952,-23.916212,-18.41973
NSF,1807974,K04,K04.1|K04.3,1016,-56.29105,-39.884644
NSF,1808169,K05,K05.1,1194,-14.736995,6.9975123
NSF,1808233,K02,K02.1|K02.2,440,78.73425,-22.329296
NSF,1808869,K01,K01.1,66,-12.568386,48.571404
NSF,1808988,K04,K04.1|K04.2|K04.3,938,-45.519318,-30.245058
NSF,1809164,K04,K04.1|K04.3,1045,-44.900124,-26.216753
NSF,1809182,K04,K04.1|K04.3,1045,-44.714573,-26.496227
NSF,1809314,K04,K04.1|K04.2|K04.3,938,-45.519077,-30.24509
NSF,1809324,K01,K01.1|K01.2,99,-31.657415,33.192776
NSF,1809404,K04,K04.1|K04.3,1045,-44.90995,-26.199724
NSF,1809412,K01,K01.1|K01.2,99,-31.657415,33.192776
NSF,1809830,K02,K02.1,407,49.345184,-7.0295453
NSF,1809907,K01,K01.1|K01.2,167,-14.9207,58.82473
NSF,1810025,K02,K02.1,386,26.177,-19.608639
NSF,1810105,K04,K04.1,846,-46.605865,-38.35962
NSF,1810144,K04,K04.1|K04.3,1045,-42.881725,-26.113874
NSF,1810151,K01,K01.1|K01.2,99,-32.40516,32.905247
NSF,1810179,K02,K02.1,393,41.770535,-10.191572
NSF,1810476,K01,K01.1|K01.2,167,-14.9207,58.82473
NSF,1810537,K04,K04.3,1172,-70.28851,-54.518906
NSF,1810576,K01,K01.1|K01.2,167,-14.9207,58.82473
NSF,1810616,K02,K02.1|K02.2,440,78.73425,-22.329296
NSF,1810641,K02,K02.1,386,26.393581,-19.89079
NSF,1810647,K01,K01.1|K01.2,99,-32.109222,32.663677
NSF,1810800,K04,K04.1|K04.2,888,-8.586871,-76.17549
NSF,1810802,K01,K01.1|K01.2,99,-31.62804,32.349957
NSF,1810855,K03,K03.1|K03.2,581,-83.04002,16.62002
NSF,1810870,K01,K01.1,6,-39.947884,72.45779
NSF,1810876,K01,K01.1,6,-39.947884,72.45779
NSF,1810886,K01,K01.1|K01.2,99,-33.119175,33.758587
NSF,1810899,K01,K01.1,6,-39.947884,72.45779
NSF,1810907,K01,K01.1,6,-39.947884,72.45779
NSF,1810961,K01,K01.1|K01.2,78,-33.24493,77.11314
NSF,1810976,K01,K01.1,39,18.825724,80.12582
NSF,1811084,K01,K01.1,6,-39.94791,72.45756
NSF,1811199,K05,K05.1,1197,-17.541973,8.7740755
NSF,1811883,K02,K02.1|K02.2,464,71.34738,32.361897
NSF,1811909,K02,K02.1,265,49.96548,-60.993343
NSF,1812019,K02,K02.1,265,49.96548,-60.993343
NSF,1812385,K01,K01.1,10,-9.380983,97.45317
NSF,1812521,K01,K01.1|K01.2,164,-13.0135565,62.112633
NSF,1812524,K04,K04.1|K04.3,1010,-61.795395,-43.677254
NSF,1812550,K01,K01.1,10,-9.378755,97.45369
NSF,1812569,K01,K01.1,10,-9.378766,97.45368
NSF,1812620,K01,K01.1|K01.2,164,-13.0135565,62.112633
NSF,1812697,K01,K01.1|K01.2,164,-13.0135565,62.112633
NSF,1813611,K02,K02.1,285,39.422314,51.148968
NSF,1814923,K04,K04.1|K04.3,1009,-59.163162,-54.326576
NSF,1815138,K02,K02.1,285,39.422314,51.148968
NSF,1815209,K02,K02.1,411,66.82072,7.4717727
NSF,1815310,K01,K01.1|K01.2,121,-54.96677,61.30037
NSF,1816080,K01,K01.1|K01.2,121,-55.452026,61.106815
NSF,1816763,K01,K01.1|K01.2,121,-54.96677,61.30037
NSF,1816938,K04,K04.1|K04.3,1009,-59.163162,-54.326576
NSF,1817295,K03,K03.3,750,-73.92791,-13.376875
NSF,1817346,K04,K04.1,866,-22.587019,-59.255505
NSF,1818038,K05,K05.1|K05.3,1412,-25.740938,17.896856
NSF,1818485,K02,K02.1,285,39.422314,51.148968
NSF,1818501,K01,K01.1|K01.2,198,-27.07403,58.82474
NSF,1818526,K04,K04.1|K04.3,1045,-44.72338,-26.507475
NSF,1818550,K01,K01.1|K01.2,164,-12.625728,62.492023
NSF,1818552,K01,K01.2,212,-50.517357,62.65994
NSF,1818597,K02,K02.1,411,66.82275,7.470337
NSF,1818795,K04,K04.1|K04.3,983,8.119319,-76.64262
NSF,1818982,K04,K04.1,812,-43.397465,-48.884327
NSF,1819302,K04,K04.1|K04.3,1045,-44.178905,-25.46486
NSF,1819321,K04,K04.1|K04.3,952,-23.253794,-18.248075
NSF,1819345,K04,K04.1|K04.3,983,8.031148,-76.69644
NSF,1819399,K03,K03.1|K03.3,649,-81.77259,-0.14767148
NSF,1819727,K01,K01.1|K01.2,92,-11.06353,96.57563
NSF,1819785,K04,K04.1|K04.3,953,-12.431642,-82.139404
NSF,1819920,K04,K04.1,812,-43.407986,-48.875404
NSF,1819970,K01,K01.1,12,13.162654,49.266582
NSF,1820122,K04,K04.1,780,-23.633009,-47.055954
NSF,1820290,K04,K04.1|K04.3,952,-25.77773,-17.5363
NSF,1820488,K03,K03.3,750,-73.94841,-13.361959
NSF,1820773,K03,K03.1|K03.2,580,-86.280876,16.757776
NSF,1820842,K02,K02.1|K02.2,448,69.15959,-38.951496
NSF,1820848,K02,K02.1|K02.2,448,69.15963,-38.951473
NSF,1820850,K04,K04.1|K04.3,1055,-12.845294,-47.274292
NSF,1820883,K02,K02.1,265,50.136578,-59.900875
NSF,1820927,K02,K02.1,417,47.372295,28.250858
NSF,1820953,K02,K02.1,417,46.81885,28.406036
NSF,1821104,K01,K01.1,31,14.822793,94.195984
NSF,1821526,K04,K04.3,1155,-20.4012,-99.258995
NSF,1821999,K04,K04.1|K04.3,952,-25.779484,-17.56751
NSF,1822015,K02,K02.1,285,39.422314,51.148968
NSF,1822091,K06,K06.1|K06.2,1535,21.357605,-4.258902
NSF,1822101,K04,K04.1|K04.3,952,-25.690252,-17.717962
NSF,1822156,K04,K04.1|K04.3,989,-58.562202,-36.76948
NSF,1822163,K04,K04.1,836,-46.629475,-40.61888
NSF,1822184,K04,K04.1|K04.3,989,-58.562202,-36.76948
NSF,1822206,K04,K04.1|K04.3,953,-12.431645,-82.1394
NSF,1822214,K02,K02.1,265,50.026318,-60.055943
NSF,1822230,K01,K01.1|K01.2,184,-21.693193,71.90346
NSF,1822266,K01,K01.1|K01.2,184,-21.69298,71.90433
NSF,1822307,K01,K01.1,10,-9.378644,97.45393
NSF,1822406,K01,K01.1|K01.2,197,-19.349258,49.84919
NSF,1822424,K01,K01.1|K01.2,138,-2.1520886,77.1108
NSF,1822436,K04,K04.1|K04.3,1086,-23.120743,-66.341644
NSF,1822482,K01,K01.1|K01.2,138,-1.9825041,77.3284
NSF,1822484,K01,K01.1|K01.2,138,-1.3690606,76.23027
NSF,1822488,K01,K01.1|K01.2,138,-1.999902,76.37799
NSF,1822664,K02,K02.1,285,39.422314,51.148968
NSF,1823002,K03,K03.3,778,-74.1145,6.3566194
NSF,1823069,K02,K02.1,360,42.405655,-35.374557
NSF,1823119,K02,K02.1,235,29.184637,-59.631626
NSF,1823121,K03,K03.2,680,-58.309063,-12.310791
NSF,1823279,K01,K01.1,12,12.747137,50.026234
NSF,1823325,K01,K01.1,20,8.943062,47.22922
NSF,1823509,K04,K04.2,1129,-41.19811,-40.28619
NSF,1823530,K03,K03.2,685,-80.38164,25.241385
NSF,1823552,K02,K02.1,416,57.2948,16.25274
NSF,1823618,K02,K02.1,386,26.177,-19.608639
NSF,1823717,K01,K01.1,12,12.40837,50.522465
NSF,1823833,K02,K02.1,411,66.82222,7.4705744
NSF,1823873,K02,K02.1,416,57.2948,16.25274
NSF,1823899,K04,K04.1|K04.3,1001,7.124111,-56.73262
NSF,1823912,K02,K02.1|K02.2,467,56.61629,-15.455246
NSF,1823978,K02,K02.1,412,46.829514,11.391443
NSF,1824066,K01,K01.2,226,-22.240232,72.88307
NSF,1824119,K04,K04.3,1175,-78.6723,-48.361073
NSF,1824152,K02,K02.1,360,43.326756,-34.70276
NSF,1824223,K01,K01.1|K01.2,99,-32.419605,32.910816
NSF,1824277,K01,K01.1,12,11.253656,49.104843
NSF,1824317,K05,K05.2,1456,8.00003,2.1762838
NSF,1824394,K01,K01.2,228,-23.421837,68.006355
NSF,1824500,K02,K02.1,397,32.15834,-2.3555183
NSF,1824647,K02,K02.1,236,29.137144,-52.050873
NSF,1824681,K03,K03.2,685,-80.32525,25.16446
NSF,1824710,K01,K01.1,12,12.747042,50.026318
NSF,1824716,K01,K01.1,12,13.140596,49.25955
NSF,1824770,K02,K02.1|K02.2,464,71.34738,32.361897
NSF,1824807,K05,K05.1,1237,-25.823963,11.317771
NSF,1824820,K02,K02.1,386,26.95651,-19.917265
NSF,1824829,K03,K03.3,779,-73.71456,6.941717
NSF,1824871,K03,K03.1,561,-67.171135,2.4272525
NSF,1824949,K02,K02.1,386,25.975313,-19.37265
NSF,1824951,K02,K02.1,282,26.944828,-16.32949
NSF,1824976,K02,K02.1,360,43.326756,-34.70276
NSF,1824995,K03,K03.3,737,-63.065826,-4.382227
NSF,1825046,K02,K02.1,316,20.21815,27.776932
NSF,1825053,K01,K01.1,51,-51.54848,85.70476
NSF,1825123,K02,K02.1,316,20.21815,27.776932
NSF,1825189,K03,K03.3,737,-63.0662,-4.3819137
NSF,1825249,K01,K01.1,67,-10.781603,47.44987
NSF,1825341,K02,K02.1,316,20.21815,27.776932
NSF,1825351,K01,K01.1,67,-10.782883,47.450577
NSF,1825367,K02,K02.1,316,20.21815,27.776932
NSF,1825486,K05,K05.1,1194,-14.73703,6.997307
NSF,1825490,K05,K05.1,1194,-14.736751,6.997334
NSF,1825691,K02,K02.1,250,22.831854,-41.465168
NSF,1825712,K05,K05.1,1194,-14.737162,6.9975357
NSF,1825858,K02,K02.1,386,26.34104,-19.807175
NSF,1825908,K03,K03.3,737,-63.065678,-4.3821235
NSF,1826003,K02,K02.1,293,39.632076,-19.24301
NSF,1826134,K04,K04.1,868,-39.93235,-40.08883
NSF,1826155,K03,K03.1|K03.3,649,-81.77502,-0.14428034
NSF,1826161,K03,K03.1|K03.3,649,-81.77502,-0.14428034
NSF,1826162,K02,K02.1,293,39.63204,-19.24299
NSF,1826322,K02,K02.1,316,20.497179,28.163822
NSF,1826356,K04,K04.1|K04.3,1001,7.1116166,-56.72533
NSF,1826364,K04,K04.1|K04.3,1001,7.0702143,-56.70708
NSF,1826407,K02,K02.1,360,41.693146,-35.927765
NSF,1826455,K02,K02.1,316,18.458086,27.244713
NSF,1826458,K01,K01.1,67,-10.778151,47.449112
NSF,1826712,K02,K02.1|K02.2,475,68.17251,-5.432696
NSF,1826737,K02,K02.1,397,33.15954,-1.5915564
NSF,1826839,K02,K02.1,405,47.611618,-8.043487
NSF,1826924,K01,K01.1|K01.2,69,-32.390324,68.93111
NSF,1827364,K04,K04.1|K04.3,952,-25.754162,-17.5884
NSF,1827464,K02,K02.1,411,66.57733,7.9778166
NSF,1827505,K04,K04.1|K04.3,1009,-58.91759,-54.222927
NSF,1827517,K04,K04.1|K04.3,952,-23.366327,-18.31788
NSF,1827654,K01,K01.1|K01.2,121,-54.765568,61.789543
NSF,1827665,K04,K04.1|K04.3,1016,-56.29105,-39.884644
NSF,1827729,K04,K04.1|K04.3,1009,-58.919613,-54.222828
NSF,1827757,K01,K01.2,212,-50.517418,62.659935
NSF,1827774,K04,K04.2|K04.3,1142,-67.24934,-55.08385
NSF,1827817,K02,K02.1,261,49.27858,14.826865
NSF,1827827,K02,K02.1|K02.2,425,27.516665,-44.25981
NSF,1827851,K02,K02.1,370,48.857697,-18.91376
NSF,1827863,K02,K02.1,250,22.9688,-41.547676
NSF,1827866,K02,K02.1,250,22.814175,-43.544395
NSF,1827870,K02,K02.1,250,22.620539,-42.90784
NSF,1827910,K02,K02.1,415,47.86413,2.9249768
NSF,1828096,K05,K05.3,1530,-8.522435,-9.54123
NSF,1828250,K01,K01.1,12,12.2511015,50.685787
NSF,1828257,K01,K01.1,31,14.822793,94.195984
NSF,1828443,K04,K04.2|K04.3,1133,-24.679548,-31.302755
NSF,1828541,K04,K04.1,846,-46.605907,-38.359703
NSF,1828679,K01,K01.1|K01.2,128,24.930847,64.93414
NSF,1828710,K01,K01.1,12,13.141018,49.260235
NSF,1828920,K01,K01.1,51,-51.54848,85.70476
NSF,1829066,K04,K04.1|K04.3,1033,-36.850494,-65.99909
NSF,1829160,K02,K02.1,397,32.229305,-2.0890312
NSF,1829188,K02,K02.1,285,40.856476,49.852516
NSF,1829221,K01,K01.1,51,-51.54848,85.70476
NSF,1829224,K05,K05.3,1519,-3.517708,-1.2129614
NSF,1829321,K04,K04.2,1116,-22.056215,-31.734224
NSF,1829339,K04,K04.2|K04.3,1133,-24.67956,-31.302765
NSF,1829393,K01,K01.2,218,-1.378297,85.43617
NSF,1829412,K01,K01.1,6,-39.947884,72.45779
NSF,1829433,K01,K01.1,6,-39.947884,72.45779
NSF,1829442,K01,K01.1|K01.2,121,-55.006493,62.2094
NSF,1829519,K02,K02.1,417,46.88616,28.367392
NSF,1829627,K01,K01.1|K01.2,155,7.5998096,79.31934
NSF,1829639,K01,K01.1|K01.2,155,7.5998096,79.31934
NSF,1829753,K02,K02.1,386,26.95651,-19.917265
NSF,1829778,K02,K02.1|K02.2,441,76.00785,-25.121264
NSF,1829796,K02,K02.1,417,47.801685,28.171545
NSF,1829803,K02,K02.1,386,25.975313,-19.37265
NSF,1829817,K01,K01.1,12,12.2511015,50.685787
NSF,1829867,K02,K02.1,295,2.1350582,-32.06291
NSF,1829890,K02,K02.1,295,2.125382,-31.960297
NSF,1829893,K02,K02.1,386,26.145037,-19.56241
NSF,1829898,K02,K02.1,295,2.1235614,-31.96237
NSF,1829921,K02,K02.1,295,2.1221771,-31.916126
NSF,1829922,K02,K02.1,295,0.6336049,-30.262058
NSF,1829969,K02,K02.1,285,39.422314,51.148968
NSF,1829976,K02,K02.1,295,0.6336049,-30.262058
NSF,1829981,K02,K02.1,295,2.125382,-31.960297
NSF,1829992,K02,K02.1,278,2.4546595,-26.471907
NSF,1829999,K04,K04.1|K04.2,916,-26.386683,-58.45861
NSF,1830002,K01,K01.1,68,-4.3502083,51.950672
NSF,1830011,K01,K01.1,68,-4.342892,51.953014
NSF,1830024,K02,K02.1,285,39.780273,50.69736
NSF,1830029,K02,K02.1,386,27.470427,-18.46976
NSF,1830036,K03,K03.1,545,-65.4055,30.888622
NSF,1830047,K02,K02.1,386,25.975313,-19.37265
NSF,1830056,K02,K02.1,285,39.422314,51.148968
NSF,1830104,K04,K04.1,880,-34.190052,-50.924095
NSF,1830105,K05,K05.1,1224,-20.950466,12.204491
NSF,1830169,K02,K02.1,373,33.67242,-5.617318
NSF,1830172,K02,K02.1,354,80.52318,23.206598
NSF,1830331,K01,K01.1|K01.2,99,-31.650503,33.21234
NSF,1830399,K01,K01.1|K01.2,99,-32.314137,33.423176
NSF,1830511,K05,K05.2,1425,8.408978,2.1778817
NSF,1830640,K01,K01.1|K01.2,92,-11.063479,96.57574
NSF,1830642,K05,K05.1,1265,1.9733245,20.126778
NSF,1830717,K02,K02.1,386,26.393581,-19.89079
NSF,1830718,K05,K05.1,1224,-20.956923,12.201194
NSF,1830746,K04,K04.1|K04.3,1033,-36.849216,-65.99367
NSF,1830750,K01,K01.2,203,-35.037544,78.9152
NSF,1830752,K02,K02.1,370,49.202858,-19.382015
NSF,1830856,K02,K02.1,295,0.37804365,-30.238253
NSF,1830933,K05,K05.1|K05.3,1418,-9.4679365,2.2361174
NSF,1830955,K03,K03.3,745,-90.86339,-1.4100608
NSF,1830987,K04,K04.1|K04.3,952,-23.5217,-18.386353
NSF,1831013,K02,K02.1,386,26.136496,-19.558462
NSF,1831027,K05,K05.1|K05.3,1418,-9.4679365,2.2361166
NSF,1831086,K04,K04.1|K04.3,1045,-44.93204,-25.310583
NSF,1831090,K04,K04.1|K04.3,983,7.8848658,-76.178345
NSF,1831140,K04,K04.1|K04.3,1037,-29.01416,-73.14808
NSF,1831148,K04,K04.1|K04.3,952,-23.256054,-18.249249
NSF,1831168,K04,K04.3,1167,-72.61082,-65.4655
NSF,1831178,K04,K04.1|K04.3,1045,-44.664135,-26.56819
NSF,1831191,K04,K04.1|K04.3,1016,-56.29105,-39.884644
NSF,1831205,K02,K02.1,275,77.93726,50.041473
NSF,1831206,K04,K04.1|K04.3,983,8.149338,-76.57283
NSF,1831220,K04,K04.1|K04.3,952,-23.272055,-18.258108
NSF,1831244,K01,K01.1|K01.2,100,-52.22307,45.553677
NSF,1831347,K05,K05.1,1230,-23.998594,16.063694
NSF,1831382,K03,K03.2,694,-43.886642,20.69795
NSF,1831405,K03,K03.2,694,-43.889053,20.692835
NSF,1831450,K03,K03.2,694,-43.895027,20.687777
NSF,1831475,K04,K04.1,813,-39.532578,-53.726776
NSF,1831669,K01,K01.1|K01.2,115,-24.782808,47.214127
NSF,1831770,K04,K04.1,821,-33.267868,-53.876728
NSF,1831805,K04,K04.1|K04.3,983,8.031148,-76.69644
NSF,1831811,K04,K04.1|K04.3,1034,-68.98905,-41.41949
NSF,1832011,K02,K02.1,274,60.716785,54.100197
NSF,1832065,K02,K02.1,316,18.445984,27.247063
NSF,1832068,K03,K03.1,551,-48.138405,5.2563896
NSF,1832121,K02,K02.1,285,39.422314,51.148968
NSF,1832177,K01,K01.1|K01.2,128,24.930847,64.93414
NSF,1832178,K02,K02.1|K02.2,440,78.73425,-22.329296
NSF,1832187,K03,K03.3,750,-73.890915,-13.427257
NSF,1832191,K02,K02.1,386,26.393581,-19.89079
NSF,1832195,K04,K04.1|K04.3,1110,-32.644356,-49.08314
NSF,1832196,K04,K04.1|K04.3,1110,-32.644356,-49.08314
NSF,1832203,K04,K04.1|K04.3,1110,-32.644356,-49.08314
NSF,1832208,K05,K05.2,1456,8.0009575,2.1758454
NSF,1832213,K04,K04.1|K04.3,971,-23.4884,-25.527874
NSF,1832214,K04,K04.1,838,-7.3694515,-56.095806
NSF,1832230,K05,K05.2,1456,8.00001,2.176218
NSF,1832233,K04,K04.1|K04.3,1110,-32.644054,-49.08315
NSF,1832287,K04,K04.2|K04.3,1131,-5.698816,-79.13386
NSF,1832290,K04,K04.2|K04.3,1131,-5.698816,-79.13386
NSF,1832294,K03,K03.3,750,-73.43889,-14.1188135
NSF,1832315,K01,K01.1,39,18.825724,80.12582
NSF,1832393,K02,K02.1,285,40.856476,49.852516
NSF,1832407,K02,K02.1,344,87.41797,-4.4258676
NSF,1832442,K02,K02.1,368,46.243813,-31.584303
NSF,1832483,K02,K02.1,295,0.16286068,-30.23691
NSF,1832510,K06,K06.2|K06.3,1569,18.11676,-0.11878847
NSF,1832576,K03,K03.1|K03.3,640,-64.08017,-2.3461316
NSF,1832578,K03,K03.1|K03.3,648,-88.366135,1.5428332
NSF,1832587,K03,K03.1|K03.3,648,-88.3651,1.5428995
NSF,1832591,K02,K02.1,397,32.69874,-1.3108261
NSF,1832635,K03,K03.1|K03.3,648,-88.36624,1.5428766
NSF,1832642,K02,K02.1|K02.2,471,55.515343,-5.535277
NSF,1832662,K02,K02.1,415,47.590088,3.4875925
NSF,1832678,K03,K03.1|K03.3,640,-64.07999,-2.3463473
NSF,1832680,K03,K03.1|K03.3,648,-88.3659,1.5426548
NSF,1832683,K04,K04.1|K04.3,1045,-44.383224,-26.18564
NSF,1832688,K04,K04.1|K04.3,1045,-44.470203,-26.68985
NSF,1832692,K02,K02.1,360,43.03446,-35.15904
NSF,1832693,K03,K03.3,749,-88.850746,1.1098413
NSF,1832710,K02,K02.1,400,45.167587,10.391605
NSF,1832711,K04,K04.1|K04.3,1045,-44.175392,-25.467463
NSF,1832713,K02,K02.1,264,28.68729,-51.05591
NSF,1832756,K01,K01.1|K01.2,164,-13.069215,61.53622
NSF,1832828,K01,K01.1|K01.2,128,24.480824,65.71353
NSF,1832837,K02,K02.1,274,60.23594,54.19094
NSF,1833076,K02,K02.1,360,43.03446,-35.15904
NSF,1833084,K02,K02.1,360,43.03446,-35.15904
NSF,1833117,K03,K03.3,741,-61.672245,-12.343177
NSF,1833173,K02,K02.1,285,39.422314,51.148968
NSF,1833198,K01,K01.2,203,-35.03749,78.91539
NSF,1833200,K03,K03.3,741,-61.672405,-12.342846
NSF,1833201,K01,K01.1|K01.2,198,-27.093182,58.854107
NSF,1833215,K01,K01.1|K01.2,198,-27.089903,58.846317
NSF,1833225,K05,K05.1,1224,-21.196255,11.962155
NSF,1833298,K05,K05.3,1530,-8.525394,-9.543254
NSF,1833988,K02,K02.1|K02.2,475,68.17251,-5.432696
NSF,1834290,K02,K02.1,360,41.730244,-33.837498
NSF,1834492,K02,K02.1,285,39.422314,51.148968
NSF,1834687,K02,K02.1|K02.2,491,48.298306,-9.10502
NSF,1834724,K04,K04.1|K04.3,952,-23.442238,-18.349579
NSF,1834739,K02,K02.1,316,20.21815,27.776932
NSF,1834986,K02,K02.1,397,32.87109,-1.8863716
NSF,1835507,K01,K01.1,12,12.747137,50.026234
NSF,1835569,K03,K03.1,538,-81.77785,10.3221035
NSF,1835576,K03,K03.2,685,-80.020584,24.82831
NSF,1835602,K04,K04.1,812,-43.332893,-48.831593
NSF,1835704,K03,K03.1,538,-81.77273,10.323587
NSF,1835739,K01,K01.1,15,-6.9213643,41.44827
NSF,1835794,K03,K03.1,538,-81.77946,10.323881
NSF,1835818,K03,K03.1,538,-81.77853,10.322219
NSF,1835855,K03,K03.1,538,-81.77772,10.324166
NSF,1835860,K03,K03.2,685,-80.38445,25.248745
NSF,1835864,K03,K03.1|K03.2,580,-86.28107,16.757921
NSF,1835897,K03,K03.1,535,-84.78408,7.366464
NSF,1835903,K03,K03.1,538,-81.780045,10.323329
NSF,1836377,K01,K01.1|K01.2,99,-31.573107,33.056435
NSF,1836381,K01,K01.1|K01.2,99,-33.13431,33.773106
NSF,1836410,K05,K05.1,1290,-30.673735,8.34435
NSF,1836426,K01,K01.1,12,13.167214,49.499825
NSF,1836428,K02,K02.1,386,26.177,-19.608639
NSF,1836473,K02,K02.1,416,56.931976,16.84182
NSF,1836505,K03,K03.1,538,-81.77314,10.324762
NSF,1836523,K01,K01.1|K01.2,119,-20.39779,48.353683
NSF,1836719,K04,K04.1|K04.3,983,7.896211,-76.159874
NSF,1836746,K04,K04.1|K04.3,984,2.2555282,-72.36051
NSF,1836827,K02,K02.1,360,43.03446,-35.15904
NSF,1836839,K02,K02.1,414,47.74133,18.210474
NSF,1836861,K02,K02.1,414,47.74133,18.210474
NSF,1836868,K02,K02.1,354,80.52318,23.206598
NSF,1836873,K02,K02.1,414,47.74133,18.210474
NSF,1836981,K02,K02.1|K02.2,475,68.17251,-5.432696
NSF,1837125,K04,K04.3,1175,-78.67209,-48.360523
NSF,1837135,K04,K04.3,1175,-78.6719,-48.360455
NSF,1837210,K04,K04.1|K04.3,1045,-45.071617,-25.789946
NSF,1837244,K04,K04.1|K04.3,1045,-45.019558,-25.926104
NSF,1837473,K04,K04.1|K04.3,983,6.9189634,-78.07649
NSF,1837481,K04,K04.1|K04.3,1045,-42.88764,-26.130983
NSF,1837544,K03,K03.2,681,-88.22251,19.579784
NSF,1837646,K01,K01.1,12,13.653176,49.218006
NSF,1837652,K04,K04.1|K04.3,1045,-44.96621,-26.087683
NSF,1838022,K03,K03.2|K03.3,718,-96.09348,10.118165
NSF,1838024,K03,K03.2|K03.3,718,-95.6947,9.735327
NSF,1838159,K04,K04.1|K04.3,1008,-49.498825,-60.506424
NSF,1838241,K04,K04.1|K04.2|K04.3,924,-2.19329,-75.59358
NSF,1838281,K01,K01.1|K01.2,88,-24.61236,81.45174
NSF,1838393,K02,K02.1,416,56.931976,16.84182
NSF,1838394,K04,K04.1|K04.3,983,7.1771693,-77.529495
NSF,1838401,K01,K01.1,12,12.56862,50.243504
NSF,1838402,K02,K02.1,397,32.69716,-1.8625858
NSF,1838421,K02,K02.1,411,66.589165,8.011765
NSF,1838771,K04,K04.1,866,-22.58702,-59.25429
NSF,1839021,K03,K03.2,692,-46.492855,-7.635375
NSF,1839063,K01,K01.1,12,13.158805,49.49369
NSF,1839171,K03,K03.3,750,-73.849976,-13.453409
NSF,1839516,K02,K02.1|K02.2,435,58.000957,-15.824079
NSF,1839684,K04,K04.1,846,-46.60308,-38.361465
NSF,1839812,K03,K03.3,750,-73.540215,-13.775945
NSF,1839816,K04,K04.1|K04.3,1034,-68.9902,-41.426952
NSF,1839843,K04,K04.1,813,-39.531773,-53.728645
NSF,1840052,K04,K04.1,845,-33.30753,-55.24753
NSF,1840083,K04,K04.1,845,-33.307102,-55.24623
NSF,1840192,K04,K04.1,845,-33.306767,-55.246307
NSF,1840249,K05,K05.3,1488,-17.461395,-2.0888746
NSF,1840381,K03,K03.3,750,-73.540215,-13.775945
NSF,1840392,K04,K04.1|K04.3,991,-67.8809,-40.222935
NSF,1840402,K05,K05.1,1204,-31.870253,8.385933
NSF,1840424,K01,K01.2,199,-31.447563,68.080956
NSF,1840432,K01,K01.2,201,-41.67297,44.694225
NSF,1840433,K05,K05.1,1283,8.599116,5.168936
NSF,1840435,K05,K05.1,1290,-30.675943,8.3457
NSF,1840464,K05,K05.3,1527,-7.724459,-5.710795
NSF,1840467,K04,K04.1|K04.3,966,-35.72341,-27.820702
NSF,1840478,K04,K04.1|K04.3,952,-25.689722,-17.716581
NSF,1840492,K05,K05.1|K05.3,1371,-14.958144,5.049067
NSF,1840504,K05,K05.3,1492,-11.531037,-5.2498803
NSF,1840513,K05,K05.3,1530,-8.518516,-9.544975
NSF,1840540,K05,K05.1,1214,-20.477316,3.577175
NSF,1840559,K05,K05.1|K05.3,1382,-10.518224,1.4935507
NSF,1840560,K01,K01.2,205,-33.851078,53.239815
NSF,1840607,K01,K01.2,212,-50.517246,62.659496
NSF,1840634,K05,K05.3,1495,-16.826773,1.2739252
NSF,1840652,K01,K01.2,231,-31.077625,52.29608
NSF,1840654,K02,K02.1,377,55.537716,15.222256
NSF,1840660,K05,K05.3,1527,-7.7244296,-5.7106013
NSF,1840712,K04,K04.1|K04.3,1008,-48.36968,-61.937954
NSF,1840715,K02,K02.1,283,47.33885,17.470663
NSF,1840742,K02,K02.1|K02.2,437,85.43243,46.95762
NSF,1840811,K04,K04.1,878,-32.450714,-39.14077
NSF,1840870,K01,K01.1,6,-39.94791,72.45756
NSF,1840871,K04,K04.3,1159,-10.432269,-92.86948
NSF,1841019,K02,K02.1,285,39.422314,51.148968
NSF,1841092,K01,K01.1,12,12.840421,49.89947
NSF,1841273,K02,K02.1,386,26.393581,-19.89079
NSF,1841308,K03,K03.2,694,-43.892677,20.688822
NSF,1841315,K02,K02.1,386,26.34104,-19.807175
NSF,1841319,K04,K04.1,883,-33.595184,-50.736187
NSF,1841435,K01,K01.1|K01.2,89,-39.726227,63.078007
NSF,1841503,K04,K04.1,798,-9.655702,-70.22493
NSF,1841523,K01,K01.1|K01.2,175,-20.749487,83.60755
NSF,1841535,K04,K04.1|K04.3,992,-59.86328,-34.40307
NSF,1841547,K01,K01.1|K01.2,99,-32.182556,32.80347
NSF,1841558,K01,K01.1,12,12.747042,50.026318
NSF,1841576,K03,K03.1,525,-58.546356,-0.70505327
NSF,1841582,K03,K03.1,525,-58.543915,-0.70405686
NSF,1841584,K03,K03.1,525,-58.54449,-0.7042413
NSF,1841606,K04,K04.1|K04.3,1008,-48.36968,-61.937954
NSF,1841608,K03,K03.1|K03.2,590,-55.72974,22.546087
NSF,1841610,K03,K03.1,538,-81.791405,10.326848
NSF,1841613,K01,K01.1,12,12.494981,50.507893
NSF,1841614,K03,K03.2|K03.3,718,-96.093605,10.118232
NSF,1841615,K01,K01.1,12,13.162084,49.487766
NSF,1841629,K04,K04.3,1167,-72.611,-65.46562
NSF,1841650,K01,K01.1,12,13.654466,49.21754
NSF,1841654,K02,K02.1,360,41.527664,-36.18119
NSF,1841667,K01,K01.1|K01.2,197,-19.34925,49.849087
NSF,1841793,K02,K02.1|K02.2,440,78.73425,-22.329296
NSF,1841852,K02,K02.1,285,39.38414,51.556103
NSF,1841927,K01,K01.1,12,13.634198,49.221134
NSF,1841948,K01,K01.1,12,13.643378,49.21956
NSF,1841979,K02,K02.1,386,26.595499,-20.236708
NSF,1842121,K02,K02.1,370,49.317253,-18.75711
NSF,1842139,K01,K01.1,51,-51.54848,85.70476
NSF,1842547,K02,K02.1,416,56.931976,16.84182
NSF,1842686,K01,K01.1,12,13.654466,49.21754
NSF,1842957,K04,K04.1|K04.3,1010,-61.795425,-43.677235
NSF,1842959,K03,K03.1|K03.3,649,-81.96145,-0.04361046
NSF,1842973,K04,K04.1|K04.3,1016,-56.281742,-39.88321
NSF,1843020,K03,K03.2,685,-80.74576,24.689234
NSF,1843038,K04,K04.1,787,-26.529467,-46.72785
NSF,1843098,K05,K05.1,1215,-21.786034,2.9114516
NSF,1843103,K03,K03.3,750,-73.42471,-14.874555
NSF,1843112,K04,K04.1|K04.3,952,-24.112988,-16.429976
NSF,1843172,K04,K04.1|K04.3,983,8.536916,-76.46657
NSF,1843319,K04,K04.1|K04.3,952,-24.112988,-16.429976
NSF,1843534,K04,K04.1|K04.3,983,8.827075,-78.45932
NSF,1843662,K04,K04.1|K04.3,983,6.044583,-74.842865
NSF,1843735,K04,K04.1|K04.3,1010,-61.795425,-43.677235
NSF,1843743,K04,K04.1|K04.3,983,6.044583,-74.842865
NSF,1843847,K04,K04.1|K04.3,983,8.827075,-78.45932
NSF,1843943,K04,K04.1|K04.3,983,8.348856,-76.43714
NSF,1844205,K02,K02.1,295,0.09985375,-32.30974
NSF,1844210,K01,K01.2,199,-31.448677,68.08256
NSF,1844215,K05,K05.1,1286,-26.880827,6.033783
NSF,1844351,K02,K02.1,386,26.638433,-20.332943
NSF,1844380,K02,K02.1,316,17.948544,27.449661
NSF,1844435,K03,K03.1|K03.2,585,-49.02014,-8.899926
NSF,1844436,K03,K03.1|K03.2,585,-49.0201,-8.899969
NSF,1844513,K05,K05.1|K05.2|K05.3,1355,-4.0532827,8.973288
NSF,1844720,K02,K02.1,250,22.860209,-42.18185
NSF,1844773,K01,K01.2,227,-20.004883,54.9075
NSF,1844834,K04,K04.1,780,-23.12417,-47.22225
NSF,1845093,K04,K04.1|K04.3,1045,-44.331722,-26.108465
NSF,1845605,K02,K02.1,285,41.370483,51.843845
NSF,1845650,K04,K04.3,1173,-72.8624,-48.996292
NSF,1845783,K03,K03.2|K03.3,721,-93.04157,13.825949
NSF,1845877,K01,K01.1,27,-75.66801,50.64134
NSF,1845931,K03,K03.1|K03.3,634,-59.42694,-2.1515353
NSF,1846685,K04,K04.1|K04.3,952,-24.112988,-16.429976
NSF,1846795,K04,K04.1|K04.3,1045,-44.111843,-25.55967
NSF,1846815,K02,K02.1,235,29.131218,-58.835182
NSF,1846821,K02,K02.1,417,46.88616,28.367392
NSF,1846940,K02,K02.1,285,41.370483,51.843845
NSF,1847024,K02,K02.1,250,22.839382,-41.471287
NSF,1847077,K05,K05.1|K05.2,1311,6.971646,4.584448
NSF,1847096,K04,K04.1|K04.3,1094,-36.235165,-40.375793
NSF,1847131,K02,K02.1,316,18.522133,27.235949
NSF,1847182,K03,K03.1,525,-58.544365,-0.70284873
NSF,1847237,K01,K01.1,55,1.5746405,64.52694
NSF,1847285,K04,K04.1|K04.3,1039,-68.88592,-39.464348
NSF,1847365,K04,K04.1|K04.3,992,-59.86328,-34.40307
NSF,1847404,K01,K01.1,51,-51.54848,85.70476
NSF,1847498,K02,K02.1,285,39.38414,51.556103
NSF,1847537,K02,K02.1,354,80.478035,23.314884
NSF,1847578,K04,K04.1,835,-35.965237,-58.34877
NSF,1847654,K02,K02.1|K02.2,464,71.34738,32.361897
NSF,1848166,K01,K01.1,12,13.172239,49.427246
NSF,1848302,K02,K02.1,274,60.23594,54.19094
NSF,1848324,K01,K01.1|K01.2,121,-54.96677,61.30037
NSF,1848542,K02,K02.1,414,47.741352,18.210411
NSF,1848577,K03,K03.2,693,-59.77331,14.556931
NSF,1848620,K01,K01.1|K01.2,170,-18.76949,40.139416
NSF,1848644,K04,K04.1|K04.3,952,-23.143867,-18.155962
NSF,1848650,K02,K02.1,397,33.164833,-1.638827
NSF,1848667,K03,K03.1|K03.3,649,-81.959885,-0.043926984
NSF,1848672,K03,K03.1|K03.3,649,-81.928215,-0.044499133
NSF,1848683,K03,K03.1|K03.3,658,-59.055492,14.763935
NSF,1848694,K01,K01.1|K01.2,170,-18.769812,40.140205
NSF,1848699,K02,K02.1,316,17.944687,27.450237
NSF,1848717,K01,K01.2,224,-18.756191,88.07111
NSF,1848722,K02,K02.1,316,20.547144,28.27614
NSF,1848785,K02,K02.1|K02.2,451,83.686264,8.018227
NSF,1848863,K02,K02.1|K02.2,451,83.686264,8.018227
NSF,1848887,K02,K02.1|K02.2,440,78.73425,-22.329296
NSF,1848993,K02,K02.1|K02.2,440,78.73425,-22.329296
NSF,1848994,K02,K02.1|K02.2,440,78.73425,-22.329296
NSF,1849023,K04,K04.1|K04.3,1009,-58.72559,-54.308136
NSF,1849238,K04,K04.1|K04.3,1016,-56.281914,-39.882946
NSF,1849246,K04,K04.1|K04.3,1016,-56.281914,-39.882946
NSF,1849401,K01,K01.1|K01.2,138,-1.7548845,76.335556
NSF,1849414,K01,K01.1|K01.2,138,-1.999902,76.37799
NSF,1849592,K02,K02.1,360,42.618572,-35.314762
NSF,1849598,K01,K01.1,51,-51.54848,85.70476
NSF,1849603,K04,K04.3,1164,8.225792,-59.43439
NSF,1849654,K03,K03.3,750,-73.55091,-13.768793
NSF,1850015,K02,K02.1,386,26.853718,-20.252335
NSF,1850186,K05,K05.1,1224,-21.362663,11.957236
NSF,1850269,K02,K02.1,279,63.780655,-36.468056
NSF,1850578,K02,K02.1|K02.2,497,50.883564,6.126199
NSF,1850661,K02,K02.1,285,39.38414,51.556103
NSF,1850667,K01,K01.1,45,17.74402,76.97795
NSF,1850719,K03,K03.2,685,-80.4201,24.562366
NSF,1850777,K04,K04.1|K04.3,952,-24.112988,-16.429976
NSF,1850900,K02,K02.1,316,20.610378,28.411373
NSF,1850943,K03,K03.1,538,-81.79336,10.331042
NSF,1850949,K03,K03.1|K03.2,613,-73.0696,9.931652
NSF,1851032,K02,K02.1,295,-0.08498289,-30.26321
NSF,1851037,K01,K01.1|K01.2,100,-52.13527,45.09965
NSF,1851043,K02,K02.1|K02.2,440,78.73425,-22.329296
NSF,1851048,K02,K02.1,275,77.93738,50.04157
NSF,1851262,K02,K02.1|K02.2,440,78.73425,-22.329296
NSF,1851268,K02,K02.1,295,0.09985375,-32.30974
NSF,1851305,K02,K02.1,295,0.09985375,-32.30974
NSF,1851362,K01,K01.2,208,-45.76684,47.285927
NSF,1851378,K02,K02.1|K02.2,482,42.952526,-10.422653
NSF,1851392,K02,K02.1,295,0.09985375,-32.30974
NSF,1851403,K02,K02.1,295,0.09985375,-32.30974
NSF,1851418,K02,K02.1,354,80.74772,23.03593
NSF,1851432,K02,K02.1|K02.2,440,78.73425,-22.329296
NSF,1851510,K02,K02.1,295,0.09985375,-32.30974
NSF,1851571,K02,K02.1,316,20.608362,28.406551
NSF,1851589,K01,K01.1,27,-74.90825,50.518917
NSF,1851618,K02,K02.1,295,0.09985375,-32.30974
NSF,1851683,K02,K02.1,295,0.09985375,-32.30974
NSF,1851866,K02,K02.1,397,33.13894,-1.2734704
NSF,1851878,K02,K02.1|K02.2,475,68.17251,-5.432696
NSF,1851886,K02,K02.1,415,48.334507,4.0751534
NSF,1851898,K02,K02.1,397,33.17808,-1.35161
NSF,1851928,K02,K02.1|K02.2,468,55.865288,-17.34832
NSF,1851976,K04,K04.1,885,-31.757727,-54.666878
NSF,1851993,K03,K03.1|K03.2,597,-57.45562,24.420565
NSF,1852020,K02,K02.1,295,0.09985375,-32.30974
NSF,1852060,K03,K03.1|K03.3,647,-85.64435,0.45265183
NSF,1852113,K03,K03.1|K03.2,597,-57.45835,24.420376
NSF,1852277,K04,K04.1,804,-31.471384,-53.448765
NSF,1852326,K03,K03.1|K03.3,647,-85.64435,0.45265183
NSF,1852506,K02,K02.1,417,46.88616,28.367392
NSF,1852564,K01,K01.2,224,-18.756191,88.07111
NSF,1852587,K03,K03.1,552,-56.341503,9.153164
NSF,1852651,K02,K02.1,360,43.70646,-35.148884
NSF,1852652,K02,K02.1,360,43.70646,-35.148884
NSF,1852653,K02,K02.1,360,43.70646,-35.148884
NSF,1852678,K02,K02.1,235,29.262543,-60.576122
NSF,1852765,K05,K05.1,1232,-18.885136,11.845433
NSF,1852794,K01,K01.1,12,13.654466,49.21754
NSF,1852816,K03,K03.1|K03.3,630,-59.06776,-2.2475688
NSF,1852912,K02,K02.1,308,63.609,-39.922604
NSF,1852987,K02,K02.1,316,17.926659,27.461416
NSF,1852995,K01,K01.1|K01.2,78,-33.251163,77.1149
NSF,1853039,K03,K03.1|K03.3,666,-56.632763,8.605884
NSF,1853041,K02,K02.1|K02.2,466,69.096664,30.098236
NSF,1853109,K02,K02.1,235,29.262543,-60.576122
NSF,1853170,K01,K01.1|K01.2,115,-24.782608,47.21331
NSF,1853185,K02,K02.1,386,25.836454,-19.272585
NSF,1853220,K04,K04.1|K04.3,992,-59.86328,-34.40307
NSF,1853289,K02,K02.1|K02.2,468,55.865288,-17.34832
NSF,1853390,K02,K02.1,360,43.70646,-35.148884
NSF,1853637,K02,K02.1|K02.2,499,64.77853,25.079782
NSF,1853697,K02,K02.1,316,18.089336,27.377655
NSF,1853699,K02,K02.1|K02.2,437,85.43243,46.95762
NSF,1853713,K05,K05.3,1509,-14.376265,-5.0608964
NSF,1853759,K02,K02.1,410,50.461956,-6.337595
NSF,1853775,K03,K03.3,750,-73.6045,-13.744094
NSF,1853778,K02,K02.1,316,20.558453,28.295336
NSF,1853794,K01,K01.1|K01.2,138,-1.8918432,77.42509
NSF,1853805,K03,K03.1,555,-64.85626,5.0966387
NSF,1853809,K02,K02.1,397,33.163948,-1.5338372
NSF,1853832,K01,K01.2,233,-33.010735,52.92279
NSF,1853903,K02,K02.1,417,47.372295,28.250858
NSF,1853913,K02,K02.1,275,77.93738,50.04157
NSF,1854391,K02,K02.1,285,41.370483,51.843845
NSF,1854433,K05,K05.1,1224,-21.348942,11.957237
NSF,1854486,K02,K02.1|K02.2,499,64.77853,25.079782
NSF,1854502,K02,K02.1,308,63.734394,-39.806175
NSF,1854511,K02,K02.1|K02.2,499,64.77853,25.079782
NSF,1854559,K02,K02.1,285,37.506275,49.26761
NSF,1854564,K02,K02.1,295,0.16286068,-30.23691
NSF,1854607,K02,K02.1,285,41.370483,51.843845
NSF,1854644,K02,K02.1|K02.2,440,78.73425,-22.329296
NSF,1854684,K04,K04.1|K04.3,1083,-27.028425,-74.67258
NSF,1854706,K02,K02.1,344,87.45271,-4.4280915
NSF,1854725,K02,K02.1,295,0.16286068,-30.23691
NSF,1854761,K03,K03.3,750,-73.45783,-14.105443
NSF,1854767,K05,K05.1|K05.3,1417,-10.383216,1.4527017
NSF,1854773,K02,K02.1,316,20.546906,28.273792
NSF,1854827,K04,K04.1|K04.3,993,-0.40194222,-73.72796
NSF,1854882,K04,K04.1|K04.3,1086,-23.063128,-66.28538
NSF,1854896,K02,K02.1,316,18.120182,27.364521
NSF,1854902,K03,K03.2|K03.3,718,-95.82732,9.573253
NSF,1854917,K03,K03.1|K03.3,674,-73.93256,7.750874
NSF,1854929,K03,K03.1|K03.3,674,-73.93204,7.7511086
NSF,1854931,K03,K03.3,750,-73.4491,-14.112654
NSF,1854940,K03,K03.3,750,-73.55032,-13.770019
NSF,1854945,K03,K03.3,750,-73.877846,-13.439328
NSF,1854946,K02,K02.1,316,18.086245,27.379807
NSF,1854951,K03,K03.3,750,-73.43497,-14.526228
NSF,1854952,K03,K03.3,750,-73.545815,-14.563329
NSF,1854956,K03,K03.1|K03.3,674,-73.9321,7.751029
NSF,1854966,K02,K02.1,285,39.38414,51.556103
NSF,1854975,K03,K03.3,750,-73.473015,-14.614056
NSF,1854976,K03,K03.1|K03.2,590,-55.76032,22.563988
NSF,1854977,K03,K03.3,750,-73.43496,-14.526175
NSF,1854980,K03,K03.2|K03.3,727,-47.31342,2.2893145
NSF,1854986,K03,K03.1|K03.3,649,-81.73987,-0.24393693
NSF,1854991,K03,K03.1|K03.3,649,-81.74805,-0.2050189
NSF,1854993,K03,K03.1|K03.3,674,-73.932556,7.7516217
NSF,1855007,K03,K03.3,750,-75.346954,-13.577265
NSF,1855037,K02,K02.1,316,18.209536,27.328444
NSF,1855047,K03,K03.1|K03.3,649,-81.742226,-0.24044234
NSF,1855050,K03,K03.3,750,-73.4205,-14.218433
NSF,1855054,K03,K03.3,750,-73.848236,-13.465222
NSF,1855063,K03,K03.3,750,-73.488594,-13.928307
NSF,1855096,K03,K03.1|K03.3,649,-81.74216,-0.24002954
NSF,1855100,K03,K03.3,750,-75.34687,-13.577166
NSF,1855128,K01,K01.1|K01.2,164,-13.0135565,62.112633
NSF,1855154,K02,K02.1,295,0.16286068,-30.23691
NSF,1855193,K02,K02.1,316,17.972567,27.435724
NSF,1855211,K02,K02.1,360,41.527756,-36.180965
NSF,1855216,K05,K05.1,1225,-23.435379,12.737953
NSF,1855241,K02,K02.1,360,42.617905,-35.315083
NSF,1855281,K02,K02.1,417,47.372295,28.250858
NSF,1855374,K03,K03.2|K03.3,730,-66.305466,8.53852
NSF,1855406,K01,K01.1,6,-39.94791,72.45756
NSF,1855453,K01,K01.1,39,18.825724,80.12582
NSF,1855567,K01,K01.1,53,-18.120968,39.429123
NSF,1855588,K01,K01.1|K01.2,164,-13.0135565,62.112633
NSF,1855609,K02,K02.1,360,43.243084,-35.133553
NSF,1855854,K04,K04.1,846,-46.606083,-38.36062
NSF,1855882,K04,K04.1|K04.3,952,-24.112988,-16.429976
NSF,1855902,K03,K03.1|K03.2,591,-55.56491,25.408546
NSF,1855912,K02,K02.1,360,43.243084,-35.133553
NSF,1855918,K02,K02.1|K02.2,499,64.77853,25.079782
NSF,1855928,K01,K01.1|K01.2,170,-18.769232,40.139843
NSF,1855937,K05,K05.1,1236,-29.458935,8.834838
NSF,1856009,K04,K04.1|K04.2,886,-21.447235,-30.579191
NSF,1856012,K04,K04.2,1122,-11.368121,-53.751217
NSF,1856032,K05,K05.1,1287,-27.864424,7.578132
NSF,1856048,K03,K03.1|K03.3,646,-85.92813,1.4805045
NSF,1856058,K04,K04.1,812,-43.40349,-48.879547
NSF,1856084,K05,K05.1,1197,-17.542034,8.773847
NSF,1856205,K02,K02.1,386,26.692936,-20.306301
NSF,1856215,K02,K02.1,397,32.660175,-1.3923628
NSF,1856256,K02,K02.2,520,48.75667,-9.736734
NSF,1856359,K03,K03.1,534,-50.079937,-10.8250475
NSF,1856426,K01,K01.1|K01.2,197,-19.349258,49.84919
NSF,1900324,K02,K02.1,316,20.489902,28.168074
NSF,1900787,K04,K04.1|K04.3,952,-24.112988,-16.429976
NSF,1901186,K01,K01.1|K01.2,92,-11.063484,96.5765
NSF,1901202,K01,K01.1|K01.2,164,-13.082011,61.557392
NSF,1901352,K02,K02.1,316,18.476053,27.238953
NSF,1901426,K01,K01.1,10,-9.378691,97.454
NSF,1901588,K01,K01.1|K01.2,164,-13.0135565,62.112633
NSF,1901603,K02,K02.1,316,20.362642,27.961018
NSF,1901630,K02,K02.1|K02.2,440,78.73425,-22.329296
NSF,1901646,K01,K01.1|K01.2,121,-54.96677,61.30037
NSF,1901694,K01,K01.1|K01.2,164,-13.0135565,62.112633
NSF,1901699,K01,K01.1,52,-50.513546,83.39894
NSF,1901700,K01,K01.1,52,-50.513546,83.39894
NSF,1901710,K01,K01.1,52,-50.513546,83.39894
NSF,1901713,K02,K02.1,265,50.441914,-59.64814
NSF,1901740,K02,K02.1,235,28.699799,-60.44269
NSF,1901746,K01,K01.1|K01.2,95,22.066916,66.98071
NSF,1901754,K03,K03.3,740,-63.163944,-4.740615
NSF,1901764,K01,K01.1|K01.2,164,-13.0135565,62.112633
NSF,1901786,K02,K02.1,386,25.836454,-19.272585
NSF,1901787,K01,K01.1|K01.2,134,15.432421,68.48824
NSF,1901807,K02,K02.1,235,28.699799,-60.44269
NSF,1901808,K04,K04.1,885,-31.757898,-54.666855
NSF,1901818,K01,K01.1|K01.2,198,-27.089287,58.839058
NSF,1901894,K01,K01.1|K01.2,138,-2.2944586,76.4432
NSF,1902126,K01,K01.1|K01.2,198,-27.091553,58.844196
NSF,1902234,K02,K02.1,235,29.262543,-60.576122
NSF,1902250,K01,K01.1,6,-39.94791,72.45756
NSF,1902409,K02,K02.1,316,20.5778,28.342892
NSF,1902419,K04,K04.2,1115,-22.236252,-31.771185
NSF,1902423,K04,K04.2,1115,-22.235802,-31.772268
NSF,1902460,K01,K01.1|K01.2,195,-24.452137,50.415966
NSF,1902463,K01,K01.1,39,18.825724,80.12582
NSF,1902496,K02,K02.1,295,0.01631966,-30.25019
NSF,1902537,K01,K01.1|K01.2,118,-24.107069,48.348434
NSF,1902600,K01,K01.1|K01.2,118,-24.107271,48.348434
NSF,1902628,K01,K01.1,12,13.654144,49.217663
NSF,1902642,K02,K02.1,285,39.38414,51.556103
NSF,1902888,K01,K01.1,51,-51.54848,85.70476
NSF,1902925,K02,K02.1,370,49.56816,-18.836517
NSF,1903148,K02,K02.1,417,46.88616,28.367392
NSF,1903157,K02,K02.1,316,20.504704,28.183973
NSF,1903171,K02,K02.1,417,46.88616,28.367392
NSF,1903231,K03,K03.1|K03.2,585,-49.021114,-8.897635
NSF,1903249,K03,K03.3,769,-44.685307,2.9992635
NSF,1903296,K03,K03.1|K03.2,580,-86.28102,16.757904
NSF,1903329,K01,K01.1|K01.2,170,-18.769821,40.140465
NSF,1903340,K03,K03.2|K03.3,729,-64.52629,8.516012
NSF,1903405,K04,K04.1|K04.3,1086,-23.063076,-66.28558
NSF,1903457,K02,K02.1,250,22.860209,-42.18185
NSF,1903486,K02,K02.1,386,26.393581,-19.89079
NSF,1903528,K02,K02.1,265,50.94042,-59.63995
NSF,1903543,K02,K02.1,386,26.393581,-19.89079
NSF,1903572,K03,K03.1,538,-81.79299,10.327401
NSF,1903597,K04,K04.1|K04.3,1000,-31.72221,-47.56122
NSF,1903600,K02,K02.1,265,50.89891,-59.638073
NSF,1903607,K02,K02.1,360,41.921303,-35.748764
NSF,1903616,K02,K02.1,316,18.218563,27.323122
NSF,1903627,K04,K04.1|K04.3,952,-24.112988,-16.429976
NSF,1903628,K02,K02.1,360,43.77801,-35.145653
NSF,1903650,K02,K02.1,354,80.48021,23.307703
NSF,1903659,K01,K01.1,51,-51.54848,85.70476
NSF,1903685,K02,K02.1,235,29.262543,-60.576122
NSF,1903705,K02,K02.1,235,29.300991,-60.054962
NSF,1903710,K02,K02.1,360,42.868557,-35.233925
NSF,1903716,K04,K04.1,823,-47.6984,-44.468407
NSF,1903719,K03,K03.2|K03.3,729,-64.52602,8.51589
NSF,1903722,K03,K03.1|K03.2,599,-49.214996,3.9753299
NSF,1903726,K04,K04.1|K04.3,953,-12.431639,-82.1394
NSF,1903729,K01,K01.1,68,-4.5629535,52.15365
NSF,1903735,K02,K02.1,316,20.354841,27.93548
NSF,1903911,K06,K06.2,1565,16.153364,-2.4571161
NSF,1903922,K02,K02.1,360,41.52046,-36.10372
NSF,1904031,K02,K02.1,386,26.393581,-19.89079
NSF,1904055,K01,K01.1,68,-4.380432,51.958496
NSF,1904101,K02,K02.1,411,66.79924,7.4811797
NSF,1904128,K01,K01.1|K01.2,198,-27.072027,58.81008
NSF,1904142,K01,K01.1|K01.2,198,-27.073515,58.818077
NSF,1904185,K02,K02.1|K02.2,440,78.73425,-22.329296
NSF,1904324,K02,K02.1,370,49.237453,-18.749897
NSF,1904327,K02,K02.1,235,28.311193,-60.522186
NSF,1904470,K01,K01.1,31,14.822793,94.195984
NSF,1904496,K01,K01.1,31,14.822793,94.195984
NSF,1904544,K04,K04.1|K04.3,952,-24.112988,-16.429976
NSF,1904653,K02,K02.1,235,28.699799,-60.44269
NSF,1904908,K04,K04.1|K04.3,1001,6.8972692,-56.182995
NSF,1906071,K01,K01.1|K01.2,138,-1.733254,76.88034
NSF,1906073,K02,K02.1,265,50.972412,-59.64503
NSF,1906114,K01,K01.1|K01.2,138,-1.733254,76.88034
NSF,1906162,K01,K01.1|K01.2,78,-33.07378,77.285934
NSF,1906254,K02,K02.1,397,33.161037,-1.600188
NSF,1906299,K02,K02.1|K02.2,451,83.686264,8.018227
NSF,1906492,K04,K04.3,1155,-20.652218,-99.45386
NSF,1906505,K04,K04.3,1155,-20.341,-99.2613
NSF,1906532,K05,K05.1,1200,-15.19064,7.2286644
NSF,1906622,K02,K02.1,295,-0.08498289,-30.26321
NSF,1906635,K02,K02.1,295,0.16286068,-30.23691
NSF,1906651,K02,K02.1,295,-0.08498289,-30.26321
NSF,1906726,K02,K02.1|K02.2,451,83.686264,8.018227
NSF,1906780,K05,K05.1,1205,-14.454284,11.584031
NSF,1907434,K04,K04.1,780,-23.633009,-47.055954
NSF,1907446,K01,K01.1,27,-74.90825,50.518917
NSF,1907563,K04,K04.3,1172,-70.28818,-54.518776
NSF,1908298,K04,K04.3,1175,-78.672554,-48.360912
NSF,1908862,K02,K02.1,285,39.38414,51.556103
NSF,1909367,K02,K02.1,285,39.38414,51.556103
NSF,1910621,K02,K02.1|K02.2,475,68.17251,-5.432696
NSF,1911257,K02,K02.1|K02.2,475,68.17251,-5.432696
NSF,1911262,K01,K01.2,223,-15.626418,62.784775
NSF,1911819,K01,K01.1,1,-34.628384,68.94677
NSF,1911960,K02,K02.1,295,3.180491,-27.728374
NSF,1911967,K02,K02.1,295,0.09985375,-32.30974
NSF,1911969,K02,K02.1,295,-0.08498289,-30.26321
NSF,1912001,K02,K02.1|K02.2,485,56.37559,-4.0799036
NSF,1912057,K02,K02.1,242,28.905888,-57.29174
NSF,1912130,K02,K02.1,386,25.836454,-19.272585
NSF,1912134,K02,K02.1,386,25.088923,-18.871614
NSF,1912244,K04,K04.1|K04.3,1033,-37.10472,-66.22954
NSF,1912302,K04,K04.1|K04.3,1033,-36.96801,-65.7743
NSF,1912325,K04,K04.1|K04.3,1033,-37.174526,-66.21732
NSF,1912332,K04,K04.1|K04.3,1033,-36.968117,-65.77426
NSF,1912361,K02,K02.1,399,43.604076,10.196634
NSF,1912367,K04,K04.1|K04.3,983,8.368859,-76.43365
NSF,1912382,K05,K05.1,1224,-21.059174,12.06626
NSF,1912664,K05,K05.1,1289,-29.470192,4.6560597
NSF,1912823,K04,K04.1|K04.3,952,-24.112988,-16.429976
NSF,1912913,K01,K01.2,217,15.968161,68.371506
NSF,1913017,K05,K05.1,1290,-30.672771,8.344583
NSF,1913428,K04,K04.1|K04.3,1009,-58.726994,-54.30519
NSF,1913435,K04,K04.2|K04.3,1142,-67.2495,-55.084576
NSF,1913598,K04,K04.1|K04.3,983,8.30233,-76.500946
NSF,1913628,K04,K04.1|K04.2|K04.3,924,-2.1933727,-75.59362
NSF,1913665,K02,K02.1,365,40.51957,-28.07395
NSF,1913688,K04,K04.1|K04.3,952,-24.112988,-16.429976
NSF,1913722,K04,K04.1|K04.3,952,-24.112988,-16.429976
NSF,1913752,K04,K04.1|K04.3,1045,-44.180046,-26.075142
NSF,1913920,K02,K02.1,365,40.51957,-28.07395
NSF,1913947,K04,K04.1|K04.3,1008,-49.150093,-60.35595
NSF,1913949,K04,K04.3,1155,-20.652218,-99.45386
NSF,1913968,K04,K04.1|K04.3,983,8.542804,-76.48026
NSF,1914028,K02,K02.1,365,40.51957,-28.07395
NSF,1914219,K04,K04.1|K04.3,1045,-43.848957,-26.141563
NSF,1914247,K04,K04.1|K04.3,952,-24.112988,-16.429976
NSF,1914251,K04,K04.1|K04.3,1008,-48.223465,-61.47852
NSF,1914491,K01,K01.1,12,12.673786,50.141518
NSF,1914495,K04,K04.3,1155,-20.4012,-99.258995
NSF,1914522,K05,K05.1|K05.2,1295,3.997085,3.7656739
NSF,1914526,K01,K01.1,12,12.492786,50.514202
NSF,1914569,K02,K02.1|K02.2,475,68.17251,-5.432696
NSF,1914668,K03,K03.2,694,-43.88734,20.69173
NSF,1914683,K04,K04.1|K04.3,952,-24.112988,-16.429976
NSF,1914698,K03,K03.2,694,-43.88725,20.691544
NSF,1914707,K02,K02.1,295,3.180491,-27.728374
NSF,1914743,K03,K03.2,694,-43.890465,20.690636
NSF,1914767,K02,K02.1,316,18.277897,27.30401
NSF,1915078,K05,K05.1,1215,-21.785421,2.9100537
NSF,1915721,K01,K01.1|K01.2,99,-33.072453,33.727074
NSF,1915756,K04,K04.1|K04.3,1045,-43.848957,-26.141563
NSF,1915933,K04,K04.1|K04.3,983,8.561624,-76.48441
NSF,1915946,K04,K04.1|K04.3,983,8.542293,-76.48086
NSF,1916025,K03,K03.3,750,-73.46623,-14.598688
NSF,1916110,K04,K04.1|K04.3,983,8.54101,-76.487785
NSF,1916142,K03,K03.1|K03.3,646,-85.92816,1.4805037
NSF,1916155,K05,K05.1,1215,-21.785835,2.9117494
NSF,1916179,K02,K02.1,316,20.493189,28.164347
NSF,1916205,K02,K02.1,316,20.359188,27.950722
NSF,1916302,K04,K04.2,1118,-22.34641,-31.813847
NSF,1916526,K01,K01.1|K01.2,70,-32.986988,72.244545
NSF,1916527,K05,K05.3,1529,-15.402097,-5.1812687
NSF,1916530,K04,K04.1,854,-12.411108,-51.5097
NSF,1916565,K02,K02.1,415,48.14838,4.041072
NSF,1916566,K03,K03.2,694,-43.887753,20.691729
NSF,1916567,K02,K02.1,415,48.446575,4.0674915
NSF,1916576,K02,K02.1,415,47.75239,3.0290604
NSF,1916587,K05,K05.1,1215,-21.785563,2.9114091
NSF,1916661,K02,K02.1,314,11.014781,-17.826416
NSF,1916670,K03,K03.1|K03.3,648,-88.36613,1.5427454
NSF,1916686,K03,K03.3,750,-75.456154,-13.815168
NSF,1916699,K05,K05.1,1215,-21.78548,2.9120786
NSF,1916727,K04,K04.1,792,-31.970201,-51.831783
NSF,1916769,K03,K03.2,675,-58.852207,1.9039241
NSF,1916771,K02,K02.1,386,26.654806,-20.307783
NSF,1916780,K02,K02.1,295,-0.074610114,-30.261887
NSF,1916793,K05,K05.1,1215,-21.785625,2.9113207
NSF,1916933,K02,K02.1,295,0.16286068,-30.23691
NSF,1916972,K01,K01.1,6,-39.94791,72.45756
NSF,1916979,K02,K02.1,360,41.527664,-36.18119
NSF,1916989,K02,K02.1|K02.2,448,69.15987,-38.951473
NSF,1917019,K03,K03.2,688,-77.02586,24.855476
NSF,1917024,K04,K04.1|K04.3,1034,-68.9902,-41.426952
NSF,1917036,K03,K03.2,675,-58.85196,1.9038602
NSF,1917053,K02,K02.1,360,42.617905,-35.315083
NSF,1917056,K01,K01.1|K01.2,99,-32.233387,32.987774
NSF,1917057,K02,K02.1,360,41.52046,-36.10372
NSF,1917074,K04,K04.1|K04.2|K04.3,918,-23.065805,-29.372469
NSF,1917112,K03,K03.2,688,-77.026085,24.855612
NSF,1917125,K03,K03.2,675,-58.85269,1.9038577
NSF,1917130,K04,K04.1|K04.2|K04.3,918,-23.065805,-29.372469
NSF,1917140,K01,K01.1,51,-51.54848,85.70476
NSF,1917148,K02,K02.1|K02.2,467,56.616745,-15.455304
NSF,1917156,K01,K01.1,51,-51.54848,85.70476
NSF,1917164,K01,K01.1|K01.2,99,-32.539463,32.949577
NSF,1917165,K01,K01.1|K01.2,164,-12.625728,62.492023
NSF,1917168,K03,K03.2,675,-58.85221,1.9044708
NSF,1917298,K01,K01.1|K01.2,139,4.8061056,79.004364
NSF,1917316,K01,K01.1|K01.2,139,4.8061056,79.004364
NSF,1917503,K01,K01.1|K01.2,99,-33.06992,33.74225
NSF,1917515,K01,K01.1|K01.2,99,-32.60051,33.342983
NSF,1917556,K02,K02.1,397,32.754425,-2.1077526
NSF,1917614,K01,K01.1|K01.2,181,-20.37344,80.210304
NSF,1917676,K01,K01.1|K01.2,181,-20.37344,80.210304
NSF,1917829,K02,K02.1,316,20.536554,28.250132
NSF,1917891,K04,K04.1|K04.3,1099,-34.54948,-37.05588
NSF,1917904,K05,K05.1,1289,-29.470243,4.655824
NSF,1917961,K02,K02.1,412,46.82955,11.391539
NSF,1917969,K02,K02.1,316,18.034899,27.403765
NSF,1917980,K02,K02.1,412,46.829468,11.391282
NSF,1918128,K02,K02.1|K02.2,475,68.17251,-5.432696
NSF,1918217,K04,K04.1|K04.3,983,8.548375,-76.483
NSF,1918294,K02,K02.1,316,20.617273,28.43526
NSF,1918352,K02,K02.1,397,33.10656,-1.1014127
NSF,1918463,K01,K01.2,234,-30.728687,56.537437
NSF,1918838,K04,K04.1|K04.3,983,8.5560875,-76.483986
NSF,1918850,K01,K01.1|K01.2,121,-54.96677,61.30037
NSF,1918979,K04,K04.1|K04.3,952,-24.112988,-16.429976
NSF,1918983,K01,K01.1|K01.2,121,-54.96677,61.30037
NSF,1919028,K02,K02.1,265,51.0063,-59.64625
NSF,1919076,K04,K04.1|K04.3,1105,-32.49674,-36.021183
NSF,1919084,K04,K04.1|K04.3,953,-12.431438,-82.139725
NSF,1919091,K04,K04.1,781,-11.059474,-76.253494
NSF,1919114,K04,K04.1,780,-23.633009,-47.055954
NSF,1919127,K04,K04.1,823,-47.6984,-44.468407
NSF,1919239,K02,K02.1,250,22.860209,-42.18185
NSF,1919259,K04,K04.3,1155,-20.4012,-99.258995
NSF,1919280,K04,K04.1|K04.2|K04.3,918,-23.065805,-29.372469
NSF,1919353,K06,K06.2,1560,17.231459,-4.2981443
NSF,1919813,K01,K01.1,39,18.825724,80.12582
NSF,1919870,K01,K01.1|K01.2,197,-19.349867,49.849228
NSF,1920042,K05,K05.3,1495,-16.825647,1.2739586
NSF,1920266,K03,K03.1,525,-58.543125,-0.7032834
NSF,1920361,K01,K01.1,12,13.63149,49.221836
NSF,1920425,K04,K04.3,1177,-14.003068,-52.75714
NSF,1920478,K03,K03.1|K03.2,610,-70.7025,14.253172
NSF,1920602,K01,K01.1|K01.2,99,-32.60051,33.342983
NSF,1920625,K02,K02.1,295,0.16286068,-30.23691
NSF,1920807,K02,K02.1,417,46.88616,28.367392
NSF,1920958,K02,K02.1,354,80.5742,23.149601
NSF,1921045,K05,K05.2,1448,-1.1222563,4.5901895
NSF,1921191,K02,K02.1,360,41.519947,-36.191837
NSF,1921320,K02,K02.1,235,29.300991,-60.054962
NSF,1921359,K01,K01.1,5,-35.11702,68.317894
NSF,1921504,K03,K03.3,750,-75.456154,-13.815168
NSF,1921546,K03,K03.3,750,-75.46263,-13.844083
NSF,1921554,K03,K03.3,750,-73.418144,-14.183822
NSF,1921583,K03,K03.3,750,-75.4509,-13.793012
NSF,1921594,K01,K01.1,5,-35.11702,68.317894
NSF,1921596,K03,K03.3,750,-73.545815,-14.563342
NSF,1921598,K01,K01.1,12,13.63149,49.221836
NSF,1921601,K02,K02.1,235,29.262543,-60.576122
NSF,1921911,K02,K02.1,397,33.165836,-1.5204222
NSF,1922030,K02,K02.1,235,29.300991,-60.054962
NSF,1922167,K04,K04.1|K04.3,952,-24.112988,-16.429976
NSF,1922257,K04,K04.1|K04.3,1109,-31.58246,-49.6219
NSF,1922504,K04,K04.1|K04.3,983,8.827075,-78.45932
NSF,1922539,K01,K01.2,202,-16.046795,62.939564
NSF,1922562,K05,K05.1,1290,-30.673866,8.344184
NSF,1922782,K04,K04.3,1171,-75.58299,-49.90895
NSF,1923042,K02,K02.1|K02.2,451,83.686264,8.018227
NSF,1923150,K02,K02.1,383,63.4276,-22.40052
NSF,1923478,K02,K02.1,235,28.267448,-60.500782
NSF,1923491,K02,K02.1,235,28.267448,-60.500782
NSF,1923568,K02,K02.1,250,24.089872,-41.838104
NSF,1923649,K03,K03.1|K03.2,610,-70.7036,14.252688
NSF,1923743,K02,K02.1,295,0.09985375,-32.30974
NSF,1923836,K02,K02.1,295,0.09985375,-32.30974
NSF,1923877,K02,K02.1|K02.2,440,78.73425,-22.329296
NSF,1923926,K02,K02.1,295,0.09985375,-32.30974
NSF,1923936,K02,K02.1,383,63.42737,-22.400766
NSF,1923941,K02,K02.1,285,41.370483,51.843845
NSF,1923965,K02,K02.1,416,56.931976,16.84182
NSF,1924005,K02,K02.1,285,41.370483,51.843845
NSF,1924011,K02,K02.1,416,56.931976,16.84182
NSF,1924041,K02,K02.1,265,51.34575,-59.31452
NSF,1924145,K02,K02.1,295,0.09985375,-32.30974
NSF,1924146,K04,K04.1|K04.3,1013,-58.4169,-52.34496
NSF,1924220,K02,K02.1,386,26.690428,-20.855421
NSF,1924281,K02,K02.1|K02.2,440,78.73425,-22.329296
NSF,1924492,K01,K01.1,55,1.5746405,64.52694
NSF,1924498,K02,K02.1,295,0.09985375,-32.30974
NSF,1924551,K02,K02.1,386,26.702658,-20.811684
NSF,1924599,K01,K01.1|K01.2,182,-40.222275,61.844887
NSF,1924655,K02,K02.1,285,41.370483,51.843845
NSF,1924658,K02,K02.1,285,41.370483,51.843845
NSF,1924664,K02,K02.1,386,26.702658,-20.811684
NSF,1924670,K01,K01.1,39,18.825724,80.12582
NSF,1924714,K04,K04.1|K04.3,952,-24.112988,-16.429976
NSF,1924715,K04,K04.1|K04.3,952,-24.112988,-16.429976
NSF,1925148,K01,K01.1,12,12.310276,51.00657
NSF,1925368,K01,K01.1,12,12.354736,51.362514
NSF,1925506,K03,K03.1,525,-58.544075,-0.70443016
NSF,1925524,K04,K04.1|K04.3,1045,-44.979073,-25.37508
NSF,1925692,K04,K04.1|K04.3,983,8.827075,-78.45932
NSF,1925735,K04,K04.1|K04.3,1008,-49.421963,-60.455326
NSF,1925812,K04,K04.1,798,-9.655702,-70.22493
NSF,1925850,K03,K03.1,525,-58.544075,-0.70443016
NSF,1925949,K02,K02.1,285,41.370483,51.843845
NSF,1925974,K03,K03.1,525,-58.544113,-0.704438
NSF,1926025,K02,K02.1,285,41.370483,51.843845
NSF,1926158,K02,K02.1|K02.2,498,61.89951,21.411112
NSF,1926245,K04,K04.2,1121,5.088638,-58.842804
NSF,1926326,K04,K04.1,805,3.8496497,-56.15077
NSF,1926365,K04,K04.1,805,3.8496497,-56.15077
NSF,1926470,K01,K01.1|K01.2,121,-55.006493,62.2094
NSF,1926484,K03,K03.1|K03.2,581,-83.0413,16.620195
NSF,1926792,K05,K05.1,1205,-14.4543915,11.584068
NSF,1926817,K02,K02.1,285,41.370483,51.843845
NSF,1927003,K04,K04.1|K04.3,1001,7.7345443,-56.169678
NSF,1927010,K04,K04.3,1169,-73.10209,-49.25519
NSF,1927042,K04,K04.2|K04.3,1143,-67.24225,-55.16898
NSF,1927045,K04,K04.1|K04.3,1008,-48.797245,-60.402336
NSF,1927058,K01,K01.1,12,12.310276,51.00657
NSF,1927071,K04,K04.1|K04.2,892,5.085003,-58.284595
NSF,1927079,K04,K04.3,1167,-72.61333,-65.46531
NSF,1927090,K04,K04.1|K04.3,959,-27.315361,-26.438805
NSF,1927170,K05,K05.3,1530,-8.523893,-9.539015
NSF,1927175,K05,K05.3,1530,-8.523743,-9.537809
NSF,1927180,K05,K05.3,1530,-8.518845,-9.542462
NSF,1927277,K03,K03.2|K03.3,722,-45.246105,-9.400617
NSF,1927312,K05,K05.1,1251,-12.728369,23.45009
NSF,1927325,K01,K01.2,233,-33.011242,52.92249
NSF,1927336,K01,K01.2,233,-33.01074,52.92281
NSF,1927357,K05,K05.3,1530,-8.524102,-9.54195
NSF,1927513,K04,K04.1|K04.2,895,-41.955124,-54.301678
NSF,1927516,K05,K05.3,1530,-8.524381,-9.542328
NSF,1927537,K05,K05.1,1251,-12.728369,23.45009
NSF,1927543,K05,K05.3,1530,-8.523766,-9.539258
NSF,1927563,K05,K05.1,1251,-12.699236,23.774292
NSF,1927574,K01,K01.1,12,12.92182,49.749775
NSF,1927644,K05,K05.1,1287,-27.864277,7.5781145
NSF,1927646,K03,K03.1|K03.2,590,-55.484516,22.483257
NSF,1927708,K03,K03.2|K03.3,711,-71.13301,6.3782835
NSF,1927710,K01,K01.1|K01.2,99,-31.476557,32.866806
NSF,1927713,K03,K03.2|K03.3,711,-71.1327,6.376781
NSF,1927715,K03,K03.2|K03.3,711,-71.1327,6.376781
NSF,1927718,K03,K03.2|K03.3,711,-71.13217,6.3767815
NSF,1927720,K01,K01.2,207,-42.61183,46.515457
NSF,1927722,K05,K05.1,1286,-26.881443,6.033976
NSF,1927723,K01,K01.2,207,-42.611782,46.515495
NSF,1927729,K01,K01.2,207,-42.611782,46.515495
NSF,1927743,K03,K03.1|K03.2,606,-63.871155,6.268576
NSF,1927750,K02,K02.1,411,66.67691,8.127994
NSF,1927755,K02,K02.1,417,46.88616,28.367392
NSF,1927772,K03,K03.2,706,-72.08187,8.797782
NSF,1927778,K02,K02.1,411,66.972595,8.237043
NSF,1927785,K03,K03.2|K03.3,718,-95.53075,9.983958
NSF,1927793,K02,K02.1,413,48.922882,14.910774
NSF,1927820,K02,K02.1,413,48.922882,14.910774
NSF,1927827,K03,K03.1,565,-75.10139,9.012077
NSF,1927831,K02,K02.1,411,67.12721,8.210214
NSF,1927838,K02,K02.1,411,66.78209,8.201411
NSF,1927840,K02,K02.1,413,48.922882,14.910774
NSF,1927845,K04,K04.1,796,-30.786596,-52.591423
NSF,1927861,K02,K02.1,413,48.92224,14.910784
NSF,1927867,K02,K02.1,411,66.66727,8.119754
NSF,1927872,K01,K01.2,207,-42.611782,46.515495
NSF,1927920,K01,K01.2,207,-42.61239,46.51525
NSF,1927930,K02,K02.1,360,41.50554,-36.272087
NSF,1927936,K02,K02.1,411,66.66727,8.119754
NSF,1927990,K05,K05.1,1286,-26.882006,6.034157
NSF,1927994,K01,K01.2,232,-31.471142,49.625343
NSF,1928007,K05,K05.1,1286,-26.881422,6.0340214
NSF,1928014,K02,K02.1,413,48.922882,14.910774
NSF,1928048,K03,K03.2,706,-72.08187,8.797782
NSF,1928078,K03,K03.1|K03.3,672,-75.15865,7.405708
NSF,1928105,K01,K01.1|K01.2,194,-21.910818,50.47476
NSF,1928112,K03,K03.1|K03.3,649,-81.96979,-0.044870652
NSF,1928119,K03,K03.1|K03.3,649,-82.04742,-0.06942863
NSF,1928126,K03,K03.1|K03.2,611,-72.552475,10.7082615
NSF,1928144,K01,K01.1|K01.2,119,-20.397852,48.35367
NSF,1928146,K03,K03.2|K03.3,733,-72.41089,7.53426
NSF,1928202,K03,K03.1|K03.2,611,-72.55294,10.708248
NSF,1928230,K02,K02.1,411,67.08836,8.213269
NSF,1928235,K03,K03.1|K03.2,611,-72.55294,10.708248
NSF,1928237,K02,K02.1,239,28.874657,-51.47435
NSF,1928248,K02,K02.1,415,48.005184,3.4279745
NSF,1928252,K02,K02.1,285,41.370483,51.843845
NSF,1928254,K04,K04.1,780,-23.12417,-47.22225
NSF,1928259,K03,K03.1|K03.2,611,-72.552895,10.7082815
NSF,1928595,K04,K04.1|K04.3,1034,-68.989006,-41.419277
NSF,1928609,K03,K03.2|K03.3,722,-45.246105,-9.400617
NSF,1928623,K01,K01.1|K01.2,197,-19.349571,49.849476
NSF,1928684,K01,K01.1,12,12.310276,51.00657
NSF,1928753,K03,K03.2|K03.3,722,-45.246105,-9.400617
NSF,1928761,K03,K03.2|K03.3,722,-45.246105,-9.400617
NSF,1928771,K03,K03.2|K03.3,722,-45.246105,-9.400617
NSF,1928795,K02,K02.1,235,28.268627,-60.495785
NSF,1928807,K04,K04.1,780,-23.12417,-47.22225
NSF,1928813,K02,K02.1,235,28.268627,-60.495785
NSF,1928817,K03,K03.2|K03.3,722,-45.245594,-9.400911
NSF,1928825,K02,K02.1,235,28.267448,-60.500782
NSF,1928850,K02,K02.1,250,22.860209,-42.18185
NSF,1928898,K05,K05.1,1282,8.911833,5.6066227
NSF,1928909,K04,K04.1|K04.3,983,8.827075,-78.45932
NSF,1929074,K02,K02.1,285,41.370483,51.843845
NSF,1929275,K02,K02.1,415,48.03299,4.001758
NSF,1929304,K01,K01.1|K01.2,69,-32.390324,68.93111
NSF,1929382,K03,K03.2|K03.3,718,-95.53075,9.983958
NSF,1929460,K01,K01.1|K01.2,99,-32.533188,32.947296
NSF,1929465,K05,K05.3,1507,-6.15514,13.879012
NSF,1929476,K01,K01.1|K01.2,99,-33.134514,33.773975
NSF,1929545,K01,K01.1,39,18.825724,80.12582
NSF,1929554,K01,K01.1|K01.2,99,-32.06305,32.60475
NSF,1929566,K03,K03.1|K03.2,602,-56.02149,9.079668
NSF,1929601,K05,K05.1,1263,-30.075478,8.991865
NSF,1929718,K03,K03.1|K03.2,602,-56.021553,9.079556
NSF,1929747,K02,K02.1,250,22.334753,-42.230137
NSF,1929750,K02,K02.1,250,22.860209,-42.18185
NSF,1929753,K02,K02.1,250,22.860209,-42.18185
NSF,1929764,K05,K05.3,1529,-15.40277,-5.1819606
NSF,1929769,K02,K02.1,416,56.931976,16.84182
NSF,1929775,K02,K02.1|K02.2,434,82.35677,48.103886
NSF,1929791,K05,K05.1,1285,-25.27846,7.1175895
NSF,1929824,K05,K05.1,1290,-30.673,8.344468
NSF,1929834,K02,K02.1,416,56.931976,16.84182
NSF,1929840,K02,K02.1,416,56.931976,16.84182
NSF,1929856,K05,K05.3,1530,-8.523543,-9.547442
NSF,1929869,K05,K05.3,1513,-26.309599,17.92647
NSF,1929881,K05,K05.3,1529,-15.402045,-5.1811876
NSF,1929914,K02,K02.1,415,48.03299,4.001758
NSF,1929916,K01,K01.1,67,-10.781879,47.44983
NSF,1929917,K05,K05.1,1289,-29.470348,4.655973
NSF,1929920,K05,K05.3,1529,-15.402657,-5.1816444
NSF,1929923,K05,K05.3,1526,-7.5352283,-3.974556
NSF,1929927,K05,K05.3,1501,-16.125439,-3.4387865
NSF,1929928,K05,K05.3,1529,-15.405392,-5.181633
NSF,1929937,K05,K05.1,1290,-30.673868,8.344258
NSF,1929940,K05,K05.1,1289,-29.470335,4.6559916
NSF,1929941,K01,K01.2,232,-31.470789,49.625717
NSF,1929942,K05,K05.1,1289,-29.470346,4.655995
NSF,1929944,K05,K05.3,1526,-7.5356812,-3.9737244
NSF,1929945,K01,K01.2,230,-30.053589,50.842094
NSF,1929950,K05,K05.3,1527,-7.725033,-5.710343
NSF,1929972,K04,K04.1|K04.3,952,-24.112988,-16.429976
NSF,1929979,K02,K02.1|K02.2,440,78.73425,-22.329296
NSF,1930594,K04,K04.1|K04.3,952,-24.112988,-16.429976
NSF,1930605,K04,K04.1|K04.3,1045,-45.102337,-25.515896
NSF,1930625,K02,K02.1,235,28.789818,-60.999588
NSF,1930629,K03,K03.1,545,-65.58028,30.952206
NSF,1930697,K01,K01.1|K01.2,70,-32.986988,72.244545
NSF,1930806,K04,K04.1,868,-39.931797,-40.089325
NSF,1930825,K04,K04.1|K04.3,952,-24.112988,-16.429976
NSF,1931049,K02,K02.1|K02.2,461,78.03788,24.561888
NSF,1931069,K02,K02.1,417,46.88616,28.367392
NSF,1931162,K01,K01.1|K01.2,70,-32.986988,72.244545
NSF,1931168,K02,K02.1,235,29.262543,-60.576122
NSF,1931226,K05,K05.3,1530,-8.521743,-9.546732
NSF,1931238,K05,K05.3,1530,-8.523951,-9.5388365
NSF,1931278,K04,K04.1|K04.3,1008,-49.34976,-61.312885
NSF,1931283,K02,K02.1,277,76.33046,49.935364
NSF,1931297,K04,K04.1|K04.3,1008,-48.99561,-61.576023
NSF,1931301,K02,K02.1,316,18.776417,29.321875
NSF,1931324,K02,K02.1,277,76.33029,49.93545
NSF,1931332,K01,K01.1|K01.2,138,-1.7530378,76.34085
NSF,1931333,K01,K01.1|K01.2,138,-0.4120957,76.28424
NSF,1931335,K02,K02.1,277,76.33029,49.93545
NSF,1931363,K02,K02.1,277,76.33046,49.935364
NSF,1931421,K04,K04.1|K04.3,952,-24.112988,-16.429976
NSF,1931611,K02,K02.1,235,28.986498,-61.025105
NSF,1931641,K02,K02.1,265,51.011818,-59.6462
NSF,1931659,K04,K04.1|K04.3,983,8.827075,-78.45932
NSF,1931662,K01,K01.1,51,-52.185402,85.776695
NSF,1931667,K04,K04.1|K04.3,1033,-37.11074,-66.22823
NSF,1931673,K03,K03.3,750,-75.45735,-13.819168
NSF,1931756,K01,K01.1,51,-52.185402,85.776695
NSF,1931794,K04,K04.1|K04.3,1105,-32.49674,-36.021183
NSF,1931827,K04,K04.1|K04.3,1105,-32.49674,-36.021183
NSF,1931871,K01,K01.1|K01.2,100,-52.13527,45.09965
NSF,1931937,K01,K01.1|K01.2,78,-33.07378,77.285934
NSF,1931941,K04,K04.1|K04.3,952,-24.112988,-16.429976
NSF,1931980,K04,K04.1,871,-36.62674,-40.71245
NSF,1932000,K01,K01.1|K01.2,78,-33.07378,77.285934
NSF,1932004,K02,K02.1|K02.2,451,83.686264,8.018227
NSF,1932048,K02,K02.1,386,26.638433,-20.332943
NSF,1932087,K01,K01.1|K01.2,175,-20.65016,84.609406
NSF,1932129,K02,K02.1,316,18.776417,29.321875
NSF,1932220,K05,K05.3,1494,-16.812885,1.1812831
NSF,1932223,K04,K04.1|K04.3,1034,-68.9902,-41.426952
NSF,1932250,K04,K04.1|K04.3,1034,-68.990166,-41.42679
NSF,1932451,K03,K03.1,542,-77.3525,-3.5224276
NSF,1932452,K04,K04.1|K04.3,1086,-22.950315,-65.86008
NSF,1932482,K03,K03.2|K03.3,714,-91.85964,15.66055
NSF,1932611,K04,K04.2|K04.3,1141,-57.003456,-41.796505
NSF,1932615,K04,K04.1|K04.3,1051,-43.108532,-29.68829
NSF,1932649,K01,K01.1|K01.2,175,-21.201708,83.730576
NSF,1932659,K04,K04.1|K04.3,983,8.827075,-78.45932
NSF,1932690,K04,K04.1|K04.3,952,-24.112988,-16.429976
NSF,1932711,K01,K01.2,232,-31.471142,49.625343
NSF,1932775,K01,K01.1|K01.2,196,-19.710756,53.206234
NSF,1932820,K04,K04.1|K04.3,983,8.827075,-78.45932
NSF,1932844,K02,K02.2,503,74.650536,-19.692392
NSF,1932876,K02,K02.2,503,74.650536,-19.692392
NSF,1932889,K02,K02.1|K02.2,440,78.73425,-22.329296
NSF,1932905,K02,K02.1,417,46.04289,28.759943
NSF,1932908,K04,K04.1|K04.3,983,8.827075,-78.45932
NSF,1932922,K04,K04.1|K04.3,952,-24.112988,-16.429976
NSF,1932942,K04,K04.1|K04.3,983,8.827075,-78.45932
NSF,1933071,K04,K04.1|K04.3,952,-24.112988,-16.429976
NSF,1933104,K01,K01.2,233,-33.01074,52.92281
NSF,1933165,K02,K02.1,295,0.09985375,-32.30974
NSF,1933184,K03,K03.3,736,-60.868572,-3.9451578
NSF,1933207,K05,K05.1,1290,-30.67413,8.344342
NSF,1933212,K01,K01.1,12,13.086164,49.602394
NSF,1933217,K03,K03.1|K03.3,654,-77.36884,-3.5394142
NSF,1933243,K04,K04.1|K04.3,1090,-24.704744,-69.918205
NSF,1933259,K02,K02.1,360,43.70646,-35.148884
NSF,1933261,K02,K02.1,360,43.70646,-35.148884
NSF,1933279,K01,K01.1,12,13.086164,49.602394
NSF,1933345,K05,K05.1|K05.3,1423,-13.786802,-1.2905197
NSF,1933350,K04,K04.1|K04.2|K04.3,925,1.4143081,-72.67515
NSF,1933355,K04,K04.1|K04.2|K04.3,925,1.4143081,-72.67515
NSF,1933365,K01,K01.1,51,-51.54848,85.70476
NSF,1933630,K02,K02.1,316,18.776417,29.321875
NSF,1933646,K02,K02.1,265,51.046825,-59.632378
NSF,1933764,K02,K02.1,316,18.776417,29.321875
NSF,1933779,K01,K01.1,51,-52.185402,85.776695
NSF,1933799,K04,K04.1,798,-9.641894,-70.229195
NSF,1933800,K04,K04.1|K04.3,983,8.827075,-78.45932
NSF,1933927,K02,K02.1,316,18.776417,29.321875
NSF,1934276,K04,K04.3,1185,-25.128235,-83.43533
NSF,1934346,K02,K02.1,285,41.370483,51.843845
NSF,1934348,K02,K02.1,285,41.370483,51.843845
NSF,1934358,K02,K02.1|K02.2,498,61.89973,21.411139
NSF,1934383,K02,K02.1|K02.2,498,61.89973,21.411139
NSF,1934389,K03,K03.1|K03.2,580,-86.28234,16.758272
NSF,1934420,K03,K03.2,704,-71.33283,8.49078
NSF,1934426,K04,K04.1,828,-42.65483,-46.99146
NSF,1934497,K02,K02.1,412,46.829468,11.391282
NSF,1934542,K04,K04.1,827,-44.387333,-47.116467
NSF,1934584,K03,K03.2|K03.3,718,-95.72813,9.704703
NSF,1934675,K01,K01.1|K01.2,121,-55.006493,62.2094
NSF,1934712,K03,K03.1|K03.2,580,-86.28249,16.758184
NSF,1934759,K03,K03.1|K03.2,580,-86.29179,16.758495
NSF,1934766,K01,K01.1|K01.2,121,-54.96677,61.30037
NSF,1934790,K03,K03.1|K03.2,580,-86.282555,16.758198
NSF,1934824,K04,K04.1,827,-44.38783,-47.116344
NSF,1934841,K04,K04.1,827,-44.38711,-47.116383
NSF,1934869,K04,K04.1,827,-44.38768,-47.11654
NSF,1934978,K03,K03.2,702,-63.372746,7.22953
NSF,1935018,K02,K02.1,415,48.005184,3.4279745
NSF,1935028,K02,K02.1,415,48.03299,4.001758
NSF,1935088,K04,K04.1|K04.3,1111,-31.777927,-48.887077
NSF,1935173,K01,K01.1|K01.2,170,-18.768732,40.13989
NSF,1935290,K02,K02.1,316,18.776417,29.321875
NSF,1935305,K02,K02.1|K02.2,440,78.73425,-22.329296
NSF,1935308,K02,K02.1|K02.2,440,78.73425,-22.329296
NSF,1935393,K04,K04.1|K04.3,983,8.827075,-78.45932
NSF,1935428,K04,K04.1|K04.3,952,-24.112988,-16.429976
NSF,1935514,K04,K04.1|K04.3,1045,-44.10183,-25.519226
NSF,1935541,K05,K05.3,1517,-2.7604601,0.32492173
NSF,1935551,K02,K02.1,370,48.946514,-18.835985
NSF,1935555,K01,K01.1|K01.2,120,-22.072311,46.90585
NSF,1935578,K03,K03.1|K03.2,580,-86.28233,16.758175
NSF,1935599,K03,K03.1|K03.2,580,-86.28226,16.758135
NSF,1935619,K04,K04.1,805,3.8500092,-56.151527
NSF,1935653,K05,K05.3,1530,-8.523903,-9.54027
NSF,1935670,K06,K06.2,1539,17.242407,-4.8623443
NSF,1935676,K04,K04.1|K04.3,1008,-48.96551,-61.57393
NSF,1935723,K04,K04.1|K04.3,952,-24.112988,-16.429976
NSF,1935773,K04,K04.1|K04.3,983,8.827075,-78.45932
NSF,1935774,K06,K06.2,1539,17.242308,-4.8609877
NSF,1935799,K04,K04.1|K04.3,953,-12.437049,-82.1421
NSF,1935823,K02,K02.1,417,46.04289,28.759943
NSF,1935984,K01,K01.1|K01.2,99,-33.08366,33.80255
NSF,1936174,K01,K01.1|K01.2,170,-18.768738,40.140167
NSF,1936183,K01,K01.1|K01.2,78,-33.07378,77.285934
NSF,1936319,K01,K01.1|K01.2,175,-20.65016,84.609406
NSF,1936378,K01,K01.1|K01.2,184,-21.69341,71.90386
NSF,1936506,K05,K05.3,1530,-8.523743,-9.537809
NSF,1936560,K04,K04.1|K04.3,983,8.827075,-78.45932
NSF,1936608,K05,K05.1|K05.3,1424,-11.260115,-0.8341428
NSF,1936642,K02,K02.1,285,41.370483,51.843845
NSF,1936671,K01,K01.1,35,-3.0423748,49.89903
NSF,1936709,K04,K04.1|K04.3,953,-12.431438,-82.139725
NSF,1936715,K02,K02.1,412,46.829567,11.391216
NSF,1936810,K02,K02.1,316,18.776417,29.321875
NSF,1936861,K03,K03.3,751,-75.43441,-10.256476
NSF,1936864,K03,K03.2|K03.3,714,-91.85978,15.661036
NSF,1936884,K05,K05.1,1224,-21.072933,12.050154
NSF,1936888,K05,K05.3,1529,-15.402568,-5.1816792
NSF,1936893,K05,K05.1,1216,-22.675814,2.194087
NSF,1936896,K05,K05.1,1194,-14.737679,6.9971986
NSF,1936928,K05,K05.1,1194,-14.7372675,6.9971433
NSF,1936930,K04,K04.1,781,-11.059501,-76.25283
NSF,1936936,K04,K04.1|K04.3,952,-24.112988,-16.429976
NSF,1936950,K03,K03.1|K03.2,580,-86.281944,16.758074
NSF,1936967,K01,K01.2,232,-31.470789,49.625717
NSF,1936969,K05,K05.3,1530,-8.522598,-9.541265
NSF,1936981,K05,K05.1|K05.3,1368,-16.345774,4.0404534
NSF,1936983,K05,K05.3,1529,-15.402852,-5.1817575
NSF,1937012,K05,K05.3,1529,-15.402636,-5.1814814
NSF,1937013,K01,K01.1|K01.2,69,-32.390324,68.93111
NSF,1937023,K05,K05.1|K05.3,1367,-6.867917,5.0357666
NSF,1937039,K04,K04.1|K04.3,967,-37.683563,-30.415783
NSF,1937085,K04,K04.1,798,-9.655702,-70.22493
NSF,1937099,K05,K05.1,1224,-21.351511,11.957715
NSF,1937103,K05,K05.3,1504,-8.101039,-5.689137
NSF,1937115,K05,K05.1,1214,-20.477282,3.577162
NSF,1937121,K05,K05.3,1530,-8.520432,-9.547085
NSF,1937135,K05,K05.1,1215,-21.785797,2.9136348
NSF,1937137,K05,K05.1|K05.3,1377,-17.528543,3.044547
NSF,1937290,K02,K02.1,250,22.708637,-41.453827
NSF,1937514,K01,K01.1|K01.2,194,-21.910892,50.47486
NSF,1937826,K01,K01.1,31,14.822793,94.195984
NSF,1937878,K04,K04.2|K04.3,1140,-65.413025,-55.375965
NSF,1937984,K01,K01.1,12,13.086164,49.602394
NSF,1938101,K03,K03.3,750,-74.55725,-14.270098
NSF,1938111,K04,K04.1|K04.2|K04.3,936,-38.733894,-64.47736
NSF,1938112,K01,K01.1,31,14.822793,94.195984
NSF,1938132,K04,K04.1,824,-47.32299,-44.44186
NSF,1938181,K04,K04.1|K04.3,983,8.827075,-78.45932
NSF,1938248,K04,K04.1|K04.3,952,-24.112988,-16.429976
NSF,1938363,K02,K02.1,397,33.09861,-0.9504728
NSF,1938428,K01,K01.2,232,-31.471142,49.625343
NSF,1938476,K04,K04.1|K04.3,952,-24.112988,-16.429976
NSF,1938479,K04,K04.1|K04.3,983,8.827075,-78.45932
NSF,1938483,K04,K04.1,835,-35.965546,-58.349125
NSF,1938565,K01,K01.1,12,13.086164,49.602394
NSF,1938619,K04,K04.1|K04.3,1055,-12.842013,-47.27488
NSF,1938665,K04,K04.3,1177,-14.002836,-52.75738
NSF,1938895,K04,K04.3,1187,-36.131687,-40.32173
NSF,1939051,K02,K02.1,411,66.856995,8.226284
NSF,1939078,K04,K04.1|K04.3,983,8.827075,-78.45932
NSF,1939124,K04,K04.1|K04.3,953,-12.431438,-82.139725
NSF,1939144,K04,K04.1|K04.3,984,2.2555306,-72.36073
NSF,1939447,K05,K05.1|K05.3,1422,-10.95115,0.79544425
NSF,1939511,K05,K05.1|K05.3,1390,-13.601887,-1.045367
NSF,1939516,K02,K02.1,306,55.558792,18.632946
NSF,1939790,K02,K02.1,306,55.558792,18.632946
NSF,1939841,K03,K03.2|K03.3,718,-95.72813,9.704703
NSF,1939843,K03,K03.2|K03.3,718,-95.85765,10.663547
NSF,1939880,K01,K01.1,31,14.822793,94.195984
NSF,1939894,K04,K04.1|K04.3,952,-24.112988,-16.429976
NSF,1939913,K02,K02.1,410,50.46254,-6.3374085
NSF,1939915,K05,K05.1,1290,-30.673058,8.344744
NSF,1939920,K01,K01.2,216,22.126616,65.86638
NSF,1939943,K05,K05.1,1252,-0.38737574,23.05803
NSF,1939954,K06,K06.2,1567,17.98289,-0.4906515
NSF,1939968,K05,K05.1,1213,-13.184578,20.607437
NSF,1939979,K01,K01.1|K01.2,195,-24.451899,50.416054
NSF,1939988,K02,K02.1,285,41.370483,51.843845
NSF,1939994,K03,K03.1|K03.3,649,-81.964264,-0.045059357
NSF,1940006,K06,K06.2,1567,17.98289,-0.4906515
NSF,1940024,K06,K06.2,1547,16.31469,-1.3839298
NSF,1940034,K02,K02.1,416,56.931976,16.84182
NSF,1940072,K05,K05.1|K05.3,1421,-11.634722,1.8324265
NSF,1940078,K01,K01.2,230,-30.053589,50.842094
NSF,1940085,K01,K01.1,26,-0.27421346,48.54568
NSF,1940091,K01,K01.1|K01.2,99,-31.476557,32.866806
NSF,1940100,K01,K01.1,26,-0.27592793,48.545826
NSF,1940105,K01,K01.1|K01.2,118,-24.107103,48.348442
NSF,1940119,K04,K04.1,877,-36.163963,-43.89605
NSF,1940127,K04,K04.1,877,-36.163963,-43.89605
NSF,1940128,K02,K02.1,416,56.931976,16.84182
NSF,1940141,K01,K01.1,12,12.310276,51.00657
NSF,1940163,K01,K01.1|K01.2,99,-33.1437,33.767338
NSF,1940171,K05,K05.1|K05.2,1312,-25.210117,10.610114
NSF,1940174,K03,K03.1,548,-66.83577,30.749886
NSF,1940192,K04,K04.1,877,-36.163963,-43.89605
NSF,1940193,K01,K01.1|K01.2,194,-21.911476,50.47472
NSF,1940197,K04,K04.1|K04.3,952,-24.112988,-16.429976
NSF,1940217,K05,K05.1|K05.3,1422,-10.951146,0.7954434
NSF,1940218,K05,K05.1,1261,-16.574335,20.25357
NSF,1940230,K01,K01.1|K01.2,99,-32.51118,32.935608
NSF,1940264,K03,K03.1,536,-83.93429,8.0822935
NSF,1940268,K01,K01.2,230,-30.053493,50.84169
NSF,1940269,K01,K01.1|K01.2,99,-32.542706,32.95207
NSF,1940273,K05,K05.1,1212,-12.670416,18.10746
NSF,1940302,K05,K05.1,1286,-26.880875,6.033836
NSF,1940308,K04,K04.1|K04.3,1033,-37.147034,-66.220795
NSF,1940319,K02,K02.1,416,56.931976,16.84182
NSF,1940345,K01,K01.2,212,-50.51741,62.659924
NSF,1940373,K04,K04.1|K04.3,952,-24.112988,-16.429976
NSF,1940417,K04,K04.1|K04.3,952,-24.112988,-16.429976
NSF,1940473,K01,K01.1,12,13.759807,49.194206
NSF,1940552,K04,K04.1|K04.3,1086,-22.912125,-65.78296
NSF,1940781,K03,K03.1|K03.2,569,-58.455173,0.72002363
NSF,1940866,K04,K04.1|K04.3,1045,-44.331722,-26.108465
NSF,1940870,K04,K04.1|K04.3,1001,6.902788,-56.1734
NSF,1940952,K04,K04.1|K04.3,983,8.827075,-78.45932
NSF,1941101,K04,K04.1|K04.3,1045,-43.930397,-25.862967
NSF,1941110,K02,K02.1,285,41.370483,51.843845
NSF,1941227,K04,K04.1|K04.3,952,-24.112988,-16.429976
NSF,1941244,K04,K04.1|K04.3,953,-12.437049,-82.1421
NSF,1941254,K04,K04.1|K04.3,952,-24.112988,-16.429976
NSF,1941327,K02,K02.1,417,46.04289,28.759943
NSF,1941561,K02,K02.1,417,46.04289,28.759943
NSF,1941657,K02,K02.1,354,80.72678,23.043716
NSF,1941695,K02,K02.1,285,41.370483,51.843845
NSF,1941700,K04,K04.1|K04.2|K04.3,930,5.5684943,-58.390167
NSF,1942053,K01,K01.1|K01.2,100,-52.13527,45.09965
NSF,1942099,K04,K04.1|K04.3,952,-24.112988,-16.429976
NSF,1942206,K04,K04.1|K04.3,1045,-43.930397,-25.862967
NSF,1942326,K04,K04.3,1175,-78.67307,-48.36084
NSF,1942805,K02,K02.1,254,26.50392,-41.006207
NSF,1943985,K04,K04.1|K04.3,1033,-37.11074,-66.22823
NSF,1944004,K03,K03.1|K03.2,576,-61.429314,1.6613501
NSF,1944051,K04,K04.3,1175,-78.67302,-48.360996
NSF,1944142,K04,K04.1|K04.3,1034,-68.99662,-41.43193
NSF,1944259,K03,K03.3,750,-75.45735,-13.819168
NSF,1944369,K04,K04.1|K04.3,1045,-44.392452,-25.859516
NSF,1944374,K04,K04.3,1155,-20.161411,-99.65173
NSF,1944513,K04,K04.1|K04.3,1001,6.9021044,-56.17493
NSF,1944545,K02,K02.1,416,56.931976,16.84182
NSF,1944559,K03,K03.1|K03.2,581,-83.04131,16.620213
NSF,1944776,K04,K04.1,805,3.8500488,-56.15107
NSF,1945195,K02,K02.1,360,43.70646,-35.148884
NSF,1945286,K01,K01.1,27,-75.66801,50.64134
NSF,1945431,K03,K03.3,762,-48.92167,14.856443
NSF,1945504,K02,K02.1,316,18.776417,29.321875
NSF,1945703,K05,K05.1,1221,-22.413021,4.2445884
NSF,1945716,K02,K02.1,386,26.638433,-20.332943
NSF,1945754,K02,K02.1,386,26.707483,-20.710524
NSF,1945769,K02,K02.1,416,56.931976,16.84182
NSF,1945781,K02,K02.1,386,26.707483,-20.710524
NSF,1945787,K05,K05.1,1221,-22.41297,4.2445874
NSF,1945800,K02,K02.1,386,26.638433,-20.332943
NSF,1946321,K01,K01.1,13,-6.2306414,41.88243
NSF,1946340,K01,K01.1|K01.2,175,-21.33332,83.961334
NSF,1946347,K02,K02.1,386,26.638433,-20.332943
NSF,1946392,K04,K04.1|K04.3,952,-24.112988,-16.429976
NSF,1946396,K02,K02.1,386,26.690428,-20.855421
NSF,1946423,K04,K04.1|K04.3,952,-24.112988,-16.429976
NSF,1946732,K02,K02.1,415,48.005184,3.4279745
NSF,1946746,K01,K01.1|K01.2,69,-32.390167,68.93108
NSF,1946797,K01,K01.2,233,-33.01008,52.922737
NSF,1946866,K01,K01.1,31,14.822793,94.195984
NSF,1946928,K02,K02.1,386,26.707483,-20.710524
NSF,1947009,K02,K02.1,235,29.075829,-60.93809
NSF,1947017,K02,K02.1,414,47.74133,18.210474
NSF,1947139,K02,K02.1,417,46.04289,28.759943
NSF,1947411,K02,K02.1,316,18.776417,29.321875
NSF,1947512,K02,K02.1,370,49.219093,-18.757904
NSF,1947522,K02,K02.1|K02.2,440,78.73425,-22.329296
NSF,1947534,K02,K02.1,285,41.370483,51.843845
NSF,1947613,K04,K04.1|K04.3,1053,-38.54723,-30.88324
NSF,1947626,K02,K02.1,274,61.130123,54.59597
NSF,1947639,K02,K02.1|K02.2,485,56.372868,-4.079929
NSF,1947675,K02,K02.1,274,61.130123,54.59597
NSF,1947718,K02,K02.1,411,66.78345,8.202002
NSF,1947868,K03,K03.3,741,-61.673996,-12.347287
NSF,1947875,K01,K01.1,12,12.366863,51.334846
NSF,1947882,K02,K02.1|K02.2,499,64.77853,25.079782
NSF,1947893,K01,K01.1,12,12.310276,51.00657
NSF,1947965,K02,K02.1|K02.2,475,68.17251,-5.432696
NSF,1947975,K01,K01.1,27,-75.66801,50.64134
NSF,1948058,K01,K01.1|K01.2,128,24.930847,64.93414
NSF,1948104,K02,K02.1|K02.2,475,68.17251,-5.432696
NSF,1948154,K02,K02.1,397,33.12235,-0.9829533
NSF,1948422,K04,K04.3,1155,-20.64148,-99.42636
NSF,1948622,K02,K02.1|K02.2,450,68.45354,-3.9315634
NSF,1948627,K02,K02.1,417,46.04289,28.759943
NSF,1948646,K01,K01.1|K01.2,128,24.478489,65.521286
NSF,1948739,K01,K01.1|K01.2,128,24.488764,65.45225
NSF,1948777,K02,K02.1,360,43.70646,-35.148884
NSF,1948787,K01,K01.1|K01.2,128,24.488764,65.45225
NSF,1948790,K02,K02.1,359,56.718616,14.754813
NSF,1948842,K01,K01.1|K01.2,121,-54.96677,61.30037
NSF,1948850,K02,K02.1,397,33.118282,-0.9710541
NSF,1948867,K02,K02.1,411,66.89324,8.235096
NSF,1948885,K02,K02.1,316,17.913015,27.468475
NSF,1948914,K02,K02.1,360,43.779568,-35.17125
NSF,1948921,K02,K02.1,360,43.70646,-35.148884
NSF,1948940,K01,K01.1,13,-6.2306414,41.88243
NSF,1948944,K01,K01.1,13,-6.2306414,41.88243
NSF,1948952,K01,K01.1,27,-75.66801,50.64134
NSF,1948963,K05,K05.2,1439,6.3553634,8.539091
NSF,1948972,K01,K01.1,13,-6.2306414,41.88243
NSF,1948975,K02,K02.1,295,0.09985375,-32.30974
NSF,1949029,K02,K02.1|K02.2,477,63.92507,-3.932554
NSF,1949033,K02,K02.1,295,0.09985375,-32.30974
NSF,1949046,K02,K02.1|K02.2,477,63.925095,-3.9325824
NSF,1949121,K04,K04.3,1159,-10.502279,-93.18906
NSF,1949276,K01,K01.2,203,-35.03791,78.91402
NSF,1949379,K02,K02.1,370,49.440636,-18.823492
NSF,1949398,K04,K04.1|K04.2|K04.3,932,-59.485928,-53.095707
NSF,1949505,K02,K02.1|K02.2,418,32.49717,-55.52365
NSF,1949593,K02,K02.1,295,0.09985375,-32.30974
NSF,1949710,K04,K04.1|K04.3,1016,-56.290886,-39.88495
NSF,1949818,K04,K04.2,1115,-22.23615,-31.771414
NSF,1949873,K02,K02.1,342,23.80137,22.398697
NSF,1949910,K02,K02.1,295,0.09985375,-32.30974
NSF,1949962,K02,K02.1,295,0.09985375,-32.30974
NSF,1950101,K02,K02.1,316,18.776417,29.321875
NSF,1950123,K04,K04.1|K04.3,952,-24.112988,-16.429976
NSF,1950212,K02,K02.1,354,80.57669,23.735195
NSF,1950289,K02,K02.1,341,47.15891,18.496574
NSF,1950327,K02,K02.1,285,41.370483,51.843845
NSF,1950333,K02,K02.1,285,41.370483,51.843845
NSF,1950354,K04,K04.1|K04.3,952,-24.112988,-16.429976
NSF,1950458,K05,K05.3,1493,-11.541624,-5.2511272
NSF,1950690,K02,K02.1,295,0.09985375,-32.30974
NSF,1950805,K02,K02.1,417,46.04289,28.759943
NSF,1950872,K04,K04.1|K04.3,1016,-56.296345,-39.887516
NSF,1951006,K02,K02.1,354,80.56713,23.724367
NSF,1951071,K01,K01.1|K01.2,121,-55.006493,62.2094
NSF,1951083,K05,K05.1,1224,-21.720467,12.552721
NSF,1951090,K01,K01.1,51,-52.185402,85.776695
NSF,1951148,K02,K02.1,397,32.35964,-1.9356284
NSF,1951152,K04,K04.1|K04.3,1008,-49.562027,-60.545086
NSF,1951190,K04,K04.1|K04.3,952,-24.112988,-16.429976
NSF,1951194,K02,K02.1,416,56.931976,16.84182
NSF,1951197,K04,K04.3,1173,-72.86221,-48.99662
NSF,1951216,K04,K04.1|K04.3,952,-24.112988,-16.429976
NSF,1951225,K04,K04.3,1155,-20.161411,-99.65173
NSF,1951231,K04,K04.1|K04.2|K04.3,918,-23.065805,-29.372469
NSF,1951241,K01,K01.1|K01.2,99,-32.40223,32.864986
NSF,1951242,K04,K04.3,1175,-78.67302,-48.361004
NSF,1951294,K01,K01.1,66,-12.568347,48.571762
NSF,1951308,K02,K02.1,296,7.313708,-26.874432
NSF,1951309,K02,K02.1,296,7.313708,-26.874432
NSF,1951418,K04,K04.1,812,-43.405228,-48.84534
NSF,1951636,K04,K04.1,821,-33.267868,-53.876728
NSF,1951647,K01,K01.1,36,14.095772,68.45971
NSF,1951657,K02,K02.1,295,0.09985375,-32.30974
NSF,1951677,K02,K02.1,285,41.370483,51.843845
NSF,1951741,K04,K04.1|K04.3,1008,-48.216484,-60.96376
NSF,1951762,K01,K01.1,12,12.354736,51.362514
NSF,1951767,K01,K01.1,12,12.310276,51.00657
NSF,1951789,K04,K04.1,823,-47.69788,-44.469513
NSF,1951813,K03,K03.3,750,-74.55725,-14.270098
NSF,1951821,K01,K01.1|K01.2,100,-52.13527,45.09965
NSF,1951847,K05,K05.2|K05.3,1458,-7.77393,-0.8317349
NSF,1951875,K03,K03.3,745,-91.148315,-1.221611
NSF,1951890,K04,K04.1|K04.2,896,-42.009678,-54.30424
NSF,1951927,K01,K01.1|K01.2,100,-52.13527,45.09965
NSF,1951928,K01,K01.1,67,-10.782883,47.450577
NSF,1951971,K03,K03.3,747,-90.15211,-0.33153555
NSF,1951997,K01,K01.1|K01.2,116,-22.728315,49.04243
NSF,1952007,K04,K04.1,834,-32.72484,-53.480854
NSF,1952013,K01,K01.2,211,-41.38761,47.172306
NSF,1952038,K06,K06.2,1548,16.523071,-2.0188444
NSF,1952050,K02,K02.2,504,69.38149,-38.845394
NSF,1952089,K05,K05.1,1215,-21.785564,2.912712
NSF,1952090,K04,K04.1|K04.3,1092,-40.036808,-39.314793
NSF,1952147,K04,K04.1,820,-38.453396,-53.64772
NSF,1952169,K01,K01.2,209,-45.73596,47.29032
NSF,1952181,K04,K04.1|K04.3,1008,-49.241863,-60.42547
NSF,1952183,K01,K01.1|K01.2,99,-31.618694,32.33117
NSF,1952193,K04,K04.1,798,-9.655702,-70.22493
NSF,1952196,K05,K05.1|K05.3,1384,-13.568495,1.5790067
NSF,1952199,K02,K02.1|K02.2,451,83.686264,8.018227
NSF,1952206,K02,K02.1,274,61.474297,54.04965
NSF,1952241,K05,K05.1|K05.2,1299,6.865429,4.5506277
NSF,1952263,K01,K01.1|K01.2,100,-52.13527,45.09965
NSF,1952395,K03,K03.2,678,-61.05604,2.1306174
NSF,1952439,K02,K02.1,295,0.09985375,-32.30974
NSF,1952627,K02,K02.1,354,80.56713,23.724367
NSF,1952645,K01,K01.1,57,0.83946174,62.99877
NSF,1952646,K03,K03.3,750,-74.55725,-14.270098
NSF,1952651,K03,K03.2,692,-46.49279,-7.6358185
NSF,1952683,K04,K04.1|K04.3,1090,-24.704718,-69.918396
NSF,1952715,K02,K02.1|K02.2,433,63.16396,54.177353
NSF,1952719,K05,K05.1,1224,-21.18941,11.962505
NSF,1952792,K06,K06.2,1544,17.48344,-0.9009376
NSF,1952802,K03,K03.2,685,-80.92913,25.77076
NSF,1952815,K02,K02.1,417,46.04289,28.759943
NSF,1952817,K02,K02.1,295,0.09985375,-32.30974
NSF,1952884,K04,K04.1,793,-23.85714,-48.312057
NSF,1952914,K02,K02.1,308,63.52392,-40.53435
NSF,1952920,K04,K04.1|K04.3,963,-66.74716,-41.326214
NSF,1953032,K04,K04.1|K04.3,963,-66.74716,-41.326214
NSF,1953270,K02,K02.1,370,49.440636,-18.823492
NSF,1953416,K01,K01.1|K01.2,164,-12.335471,62.443417
NSF,1953473,K04,K04.1|K04.2|K04.3,935,-56.782085,-41.302147
NSF,1953710,K01,K01.1|K01.2,138,-1.53439,76.97174
NSF,1953774,K03,K03.1,553,-56.58105,9.3580265
NSF,1953791,K02,K02.1|K02.2,437,85.4325,46.95821
NSF,1954002,K03,K03.2|K03.3,732,-68.86314,0.19720748
NSF,1954065,K05,K05.1,1291,-28.982332,10.58643
NSF,1954517,K04,K04.1|K04.3,992,-59.86398,-34.403297
NSF,1954538,K01,K01.1,31,14.822793,94.195984
NSF,1954703,K01,K01.1,60,-20.180084,71.100555
NSF,1954907,K01,K01.1,31,14.822793,94.195984
NSF,1954925,K04,K04.1,812,-43.411922,-48.83528
NSF,1955034,K04,K04.1,803,-12.044393,-68.95168
NSF,1955793,K02,K02.1,250,22.334753,-42.230137
NSF,1956248,K03,K03.3,772,-65.087105,9.510855
NSF,1956285,K01,K01.2,232,-31.471292,49.626965
NSF,1956308,K04,K04.1|K04.3,952,-24.112988,-16.429976
NSF,2000102,K02,K02.1,235,28.53133,-60.778915
NSF,2000140,K05,K05.1,1194,-14.737679,6.9971986
NSF,2000156,K05,K05.1,1194,-14.737679,6.9971986
NSF,2000188,K01,K01.1|K01.2,138,-1.8525108,77.486084
NSF,2000201,K02,K02.1,274,61.474297,54.04965
NSF,2000219,K02,K02.1,274,61.474297,54.04965
NSF,2000275,K01,K01.1|K01.2,164,-13.0135565,62.112633
NSF,2000408,K02,K02.1,386,24.984362,-18.87554
NSF,2000478,K02,K02.1,250,22.334753,-42.230137
NSF,2000560,K02,K02.1,250,22.334753,-42.230137
NSF,2000761,K04,K04.1|K04.3,983,8.827075,-78.45932
NSF,2000980,K04,K04.1|K04.3,983,8.827075,-78.45932
NSF,2000992,K02,K02.1,285,41.370483,51.843845
NSF,2000997,K02,K02.1,285,41.370483,51.843845
NSF,2001219,K04,K04.1|K04.3,983,8.827075,-78.45932
NSF,2001261,K02,K02.1,360,43.295387,-37.07581
NSF,2001449,K02,K02.1,386,24.685783,-20.834702
NSF,2001568,K02,K02.1,235,27.52612,-60.119747
NSF,2001593,K02,K02.1,235,28.789818,-60.999588
NSF,2001625,K02,K02.1,235,28.789818,-60.999588
NSF,2001671,K01,K01.1|K01.2,197,-19.349571,49.849476
NSF,2001714,K03,K03.2,694,-43.88055,20.69917
NSF,2001738,K02,K02.1,397,32.650665,-1.4542117
NSF,2001957,K02,K02.1,360,43.295387,-37.07581
NSF,2002374,K01,K01.1|K01.2,198,-27.090214,58.86211
NSF,2002382,K01,K01.1|K01.2,92,-11.063541,96.5762
NSF,2002409,K05,K05.3,1530,-8.523316,-9.545666
NSF,2002410,K02,K02.1,417,46.04289,28.759943
NSF,2002431,K02,K02.1,285,41.370483,51.843845
NSF,2002437,K02,K02.1,285,41.370483,51.843845
NSF,2002448,K02,K02.1,417,46.808014,28.467892
NSF,2002465,K01,K01.1|K01.2,164,-13.0135565,62.112633
NSF,2002467,K01,K01.1|K01.2,164,-12.625728,62.492023
NSF,2002470,K02,K02.1,416,56.931976,16.84182
NSF,2002477,K04,K04.1|K04.3,952,-24.112988,-16.429976
NSF,2002485,K02,K02.1,285,41.370483,51.843845
NSF,2002516,K03,K03.1|K03.3,651,-79.532455,0.61414343
NSF,2002522,K03,K03.1|K03.3,651,-79.53239,0.61411357
NSF,2002584,K03,K03.2,685,-80.43398,24.554743
NSF,2002589,K03,K03.2,685,-80.93105,25.764778
NSF,2002617,K01,K01.1|K01.2,91,-19.674917,49.932346
NSF,2002620,K01,K01.1|K01.2,170,-18.768764,40.139896
NSF,2002660,K03,K03.1,568,-74.057594,8.72807
NSF,2002681,K04,K04.3,1177,-14.003146,-52.757034
NSF,2002688,K04,K04.3,1177,-14.002863,-52.75713
NSF,2002751,K02,K02.1,265,51.32184,-59.314228
NSF,2002829,K06,K06.2,1562,21.503464,-3.9986346
NSF,2002897,K04,K04.1,846,-46.606083,-38.36062
NSF,2002985,K04,K04.1|K04.3,1008,-48.207138,-61.002747
NSF,2003360,K03,K03.3,750,-74.55725,-14.270098
NSF,2003464,K02,K02.1,316,18.776417,29.321875
NSF,2003874,K04,K04.1|K04.3,1008,-48.84152,-61.117683
NSF,2004275,K04,K04.1|K04.3,1033,-36.905457,-66.13598
NSF,2004658,K03,K03.1,535,-84.78668,7.3670816
NSF,2004800,K02,K02.1,415,48.14838,4.041072
NSF,2004941,K02,K02.2,503,74.650604,-19.692059
NSF,2005057,K02,K02.1,235,28.789818,-60.999588
NSF,2005098,K02,K02.1,235,28.789818,-60.999588
NSF,2005226,K02,K02.1|K02.2,483,56.849007,-6.0888124
NSF,2005259,K03,K03.2,699,-49.453915,2.4815006
NSF,2005439,K01,K01.1,1,-34.628384,68.94677
NSF,2005593,K02,K02.1,285,41.370483,51.843845
NSF,2005747,K04,K04.3,1159,-10.502279,-93.18906
NSF,2006150,K02,K02.1,275,77.93738,50.04157
NSF,2006323,K01,K01.1|K01.2,69,-32.390167,68.93108
NSF,2006326,K01,K01.1,51,-52.185402,85.776695
NSF,2006445,K04,K04.1,798,-9.655702,-70.22493
NSF,2006613,K02,K02.1,235,28.789818,-60.999588
NSF,2006628,K04,K04.1|K04.3,1008,-49.232018,-61.29162
NSF,2006828,K04,K04.1|K04.3,1016,-56.1898,-39.820972
NSF,2007049,K04,K04.1|K04.3,983,8.827075,-78.45932
NSF,2008202,K03,K03.3,750,-74.55725,-14.270098
NSF,2008276,K03,K03.3,750,-74.55725,-14.270098
NSF,2009103,K05,K05.1|K05.3,1423,-13.786876,-1.2905921
NSF,2009353,K02,K02.1,297,6.8809757,-26.26002
NSF,2009669,K02,K02.1,415,48.14838,4.041072
NSF,2009726,K02,K02.1,360,41.50554,-36.272087
NSF,2009821,K02,K02.1,413,48.92198,14.910779
NSF,2009833,K02,K02.1|K02.2,464,71.34738,32.361897
NSF,2009922,K03,K03.1,558,-69.98353,13.5722885
NSF,2010014,K02,K02.1,342,23.80137,22.398697
NSF,2010890,K04,K04.3,1155,-20.161411,-99.65173
NSF,2011285,K02,K02.1,417,46.04289,28.759943
NSF,2011296,K04,K04.1|K04.3,992,-59.86398,-34.403297
NSF,2011346,K02,K02.1,295,0.09985375,-32.30974
NSF,2011362,K01,K01.1,55,1.5746405,64.52694
NSF,2011396,K04,K04.1|K04.3,1001,6.90049,-56.17977
NSF,2011423,K04,K04.1|K04.3,1001,6.90049,-56.17977
NSF,2011439,K02,K02.1,295,0.09985375,-32.30974
NSF,2011454,K02,K02.1,417,46.04289,28.759943
NSF,2011872,K02,K02.1|K02.2,475,68.17251,-5.432696
NSF,2012149,K02,K02.1,386,26.690428,-20.855421
NSF,2012157,K04,K04.1|K04.3,983,8.827075,-78.45932
NSF,2012322,K02,K02.1,316,18.776417,29.321875
NSF,2012766,K05,K05.1,1204,-31.870474,8.385865
NSF,2012905,K02,K02.1,411,67.1057,8.215468
NSF,2013093,K04,K04.1|K04.3,992,-59.86398,-34.403297
NSF,2013161,K03,K03.1|K03.3,665,-46.460026,4.968374
NSF,2013280,K02,K02.1,316,18.776417,29.321875
NSF,2013400,K04,K04.3,1159,-10.502279,-93.18906
NSF,2013636,K02,K02.1,235,28.53133,-60.778915
NSF,2013697,K04,K04.1,875,-27.42877,-39.92771
NSF,2013739,K04,K04.1|K04.3,1045,-44.585518,-25.376926
NSF,2013779,K02,K02.1,293,39.632145,-19.24301
NSF,2013786,K04,K04.1|K04.3,1045,-44.585518,-25.376926
NSF,2013838,K04,K04.3,1159,-10.502279,-93.18906
NSF,2013880,K04,K04.1|K04.3,983,8.827075,-78.45932
NSF,2013929,K01,K01.1,67,-10.782883,47.450577
NSF,2013947,K02,K02.1,265,51.34575,-59.31452
NSF,2013993,K04,K04.1|K04.3,983,8.827075,-78.45932
NSF,2014171,K02,K02.1|K02.2,431,46.721798,-59.91019
NSF,2014176,K04,K04.3,1159,-10.502279,-93.18906
NSF,2014330,K01,K01.1,67,-10.782883,47.450577
NSF,2014581,K04,K04.1,849,-11.87291,-47.541862
NSF,2014603,K04,K04.1|K04.3,952,-24.112988,-16.429976
NSF,2014633,K01,K01.1|K01.2,121,-54.96677,61.30037
NSF,2014659,K04,K04.1|K04.3,952,-24.112988,-16.429976
NSF,2014663,K04,K04.1|K04.3,952,-24.112988,-16.429976
NSF,2014792,K04,K04.1|K04.3,1062,-13.272017,-51.798847
NSF,2015153,K04,K04.1|K04.3,959,-27.315361,-26.438805
NSF,2015187,K03,K03.3,769,-44.685078,2.9993844
NSF,2015311,K03,K03.2,685,-80.73135,24.69349
NSF,2015466,K02,K02.1|K02.2,440,78.73425,-22.329296
NSF,2015603,K04,K04.1|K04.3,1045,-44.585518,-25.376926
NSF,2015618,K03,K03.1|K03.2,581,-83.04154,16.620401
NSF,2015658,K04,K04.1|K04.3,1045,-44.585518,-25.376926
NSF,2015671,K04,K04.1|K04.3,1045,-44.922897,-25.320154
NSF,2015715,K03,K03.1|K03.3,649,-81.974205,-0.044983994
NSF,2015749,K04,K04.1,780,-23.12108,-47.219913
NSF,2015859,K04,K04.1,780,-23.633009,-47.055954
NSF,2015919,K04,K04.1|K04.3,952,-24.112988,-16.429976
NSF,2016068,K02,K02.1,295,0.09985375,-32.30974
NSF,2016164,K04,K04.1|K04.3,952,-24.112988,-16.429976
NSF,2016168,K04,K04.1|K04.3,983,8.827075,-78.45932
NSF,2016199,K04,K04.1|K04.3,1005,8.889988,-56.941433
NSF,2016205,K03,K03.1,567,-75.1395,9.044092
NSF,2016225,K04,K04.1|K04.3,952,-24.112988,-16.429976
NSF,2016239,K01,K01.1,67,-10.782883,47.450577
NSF,2016321,K04,K04.1|K04.3,952,-24.112988,-16.429976
NSF,2016333,K04,K04.1,781,-11.059501,-76.25283
NSF,2016396,K01,K01.1,51,-52.185402,85.776695
NSF,2016404,K02,K02.1,386,26.702658,-20.811684
NSF,2016409,K04,K04.1,780,-23.633009,-47.055954
NSF,2016444,K01,K01.1|K01.2,99,-32.077366,32.615627
NSF,2016469,K05,K05.1,1224,-21.757551,12.526519
NSF,2016472,K04,K04.1|K04.3,983,8.827075,-78.45932
NSF,2016484,K04,K04.1|K04.3,1008,-48.08856,-61.211018
NSF,2016552,K04,K04.1|K04.2|K04.3,918,-23.065763,-29.372456
NSF,2016826,K02,K02.1,308,63.48667,-40.41162
NSF,2017022,K01,K01.1,51,-52.185402,85.776695
NSF,2017113,K04,K04.1|K04.3,1001,6.90049,-56.17977
NSF,2017165,K02,K02.1,415,48.666935,2.8472948
NSF,2017207,K02,K02.1,368,46.243813,-31.584303
NSF,2017544,K05,K05.2,1451,3.801963,0.42739126
NSF,2017626,K02,K02.1|K02.2,440,78.73425,-22.329296
NSF,2017729,K02,K02.1,386,24.984362,-18.87554
NSF,2017789,K03,K03.1,558,-69.98337,13.572363
NSF,2017971,K04,K04.2|K04.3,1142,-67.24958,-55.08462
NSF,2018051,K02,K02.1|K02.2,467,56.616932,-15.455372
NSF,2018063,K02,K02.1|K02.2,467,56.616932,-15.455372
NSF,2018092,K04,K04.1|K04.3,1033,-37.125717,-66.22306
NSF,2018104,K01,K01.1,67,-10.781879,47.44983
NSF,2018172,K04,K04.1,798,-9.655702,-70.22493
NSF,2018355,K03,K03.2|K03.3,714,-91.86005,15.66112
NSF,2018492,K04,K04.1|K04.3,1034,-68.9902,-41.426952
NSF,2018803,K01,K01.1,12,12.366863,51.334846
NSF,2018848,K01,K01.1|K01.2,182,-40.222393,61.84472
NSF,2018879,K04,K04.1,866,-22.586838,-59.25575
NSF,2019198,K02,K02.1,238,29.119774,-52.07164
NSF,2019232,K03,K03.3,750,-74.55725,-14.270098
NSF,2019369,K01,K01.1|K01.2,184,-21.692877,71.90441
NSF,2019485,K02,K02.1,360,41.50554,-36.272087
NSF,2019494,K03,K03.3,750,-74.55725,-14.270098
NSF,2019515,K02,K02.1,355,37.84947,-31.54037
NSF,2019546,K02,K02.1|K02.2,464,71.34738,32.361897
NSF,2019649,K02,K02.1,285,41.370483,51.843845
NSF,2019716,K05,K05.1,1233,-23.399092,9.690355
NSF,2019726,K03,K03.2|K03.3,714,-91.86501,15.656495
NSF,2019754,K04,K04.1,811,-8.784746,-58.242683
NSF,2019796,K02,K02.1|K02.2,476,69.08575,-8.60656
NSF,2019835,K01,K01.1|K01.2,175,-21.196764,83.71484
NSF,2019858,K02,K02.1,285,41.370483,51.843845
NSF,2019874,K02,K02.1|K02.2,476,69.08575,-8.60656
NSF,2019902,K02,K02.1,397,33.111748,-0.9573824
NSF,2019932,K02,K02.1,285,41.370483,51.843845
NSF,2019939,K02,K02.1,285,41.370483,51.843845
NSF,2019965,K02,K02.1,285,41.370483,51.843845
NSF,2019968,K02,K02.1,285,41.370483,51.843845
NSF,2019983,K02,K02.1,386,26.702658,-20.811684
NSF,2019991,K02,K02.1,285,41.370483,51.843845
NSF,2020000,K02,K02.1,285,41.370483,51.843845
NSF,2020024,K02,K02.1,417,46.04289,28.759943
NSF,2020126,K01,K01.1|K01.2,192,-26.081127,50.08959
NSF,2020252,K02,K02.1,285,41.370483,51.843845
NSF,2020404,K02,K02.1,316,18.776417,29.321875
NSF,2020501,K02,K02.1,417,46.04289,28.759943
NSF,2020545,K03,K03.3,779,-73.71614,6.9459195
NSF,2020632,K02,K02.1,265,51.297913,-59.33551
NSF,2020681,K02,K02.1,370,48.946514,-18.835985
NSF,2020745,K01,K01.1,55,1.5746405,64.52694
NSF,2020790,K04,K04.1|K04.3,952,-24.112988,-16.429976
NSF,2020814,K02,K02.1,412,46.829624,11.391252
NSF,2020853,K02,K02.1,354,80.688095,23.828077
NSF,2020888,K04,K04.1|K04.2,902,-26.694706,-57.890903
NSF,2020904,K02,K02.2,519,58.09806,-4.790273
NSF,2021035,K02,K02.2,519,58.099392,-4.788907
NSF,2021044,K02,K02.2,519,58.098515,-4.7899523
NSF,2021086,K03,K03.2,694,-43.882946,20.696182
NSF,2021147,K02,K02.1|K02.2,421,69.06367,30.06644
NSF,2021274,K02,K02.1,417,46.04289,28.759943
NSF,2021419,K04,K04.1|K04.3,952,-24.112988,-16.429976
NSF,2021590,K02,K02.2,510,57.000404,-14.134156
NSF,2021618,K03,K03.2|K03.3,718,-95.85946,10.664066
NSF,2021956,K05,K05.1,1287,-27.864685,7.5781503
NSF,2022177,K01,K01.1|K01.2,166,-24.659145,51.478878
NSF,2022260,K02,K02.1,258,34.061687,-39.9671
NSF,2022278,K04,K04.1|K04.3,1086,-22.926697,-65.829605
NSF,2022355,K05,K05.1,1251,-12.554233,23.021559
NSF,2022390,K02,K02.1|K02.2,419,31.436274,-53.824043
NSF,2022427,K02,K02.1|K02.2,419,31.436274,-53.824043
NSF,2022438,K05,K05.1,1251,-12.554233,23.021559
NSF,2022444,K05,K05.1,1251,-12.600687,23.110868
NSF,2022505,K05,K05.1,1194,-14.737679,6.9971986
NSF,2022523,K03,K03.1,545,-65.36854,30.898497
NSF,2022529,K05,K05.2,1457,5.603282,-1.6499784
NSF,2022554,K03,K03.1,545,-65.59918,30.967264
NSF,2022562,K01,K01.2,206,-12.380044,96.526184
NSF,2022568,K01,K01.2,206,-12.381074,96.526215
NSF,2022570,K01,K01.1|K01.2,76,-22.200333,52.282032
NSF,2022571,K03,K03.1,545,-65.5746,30.950304
NSF,2022583,K01,K01.2,206,-12.38102,96.52651
NSF,2022587,K01,K01.1|K01.2,76,-22.200333,52.282032
NSF,2022588,K03,K03.1,545,-65.526794,30.931822
NSF,2022589,K05,K05.1,1287,-27.864838,7.5782847
NSF,2022599,K03,K03.1,545,-65.56937,30.950384
NSF,2022628,K05,K05.1,1287,-27.864836,7.578335
NSF,2022641,K02,K02.1,412,46.829624,11.391252
NSF,2022666,K01,K01.1|K01.2,166,-24.659256,51.479282
NSF,2022687,K01,K01.1|K01.2,76,-22.200333,52.282032
NSF,2022699,K05,K05.2,1457,5.602589,-1.6493834
NSF,2022705,K05,K05.1,1194,-14.737679,6.9971986
NSF,2022707,K01,K01.2,233,-33.010555,52.921886
NSF,2022716,K01,K01.1,55,1.5746405,64.52694
NSF,2022717,K04,K04.1|K04.3,968,-14.197158,-46.970367
NSF,2022720,K04,K04.1,835,-35.965317,-58.348408
NSF,2022740,K03,K03.1|K03.3,649,-81.97497,-0.043795675
NSF,2022778,K05,K05.1,1251,-12.689384,23.377615
NSF,2022842,K03,K03.2|K03.3,718,-95.755356,10.578615
NSF,2022871,K05,K05.1,1251,-12.642244,23.231232
NSF,2022874,K03,K03.2|K03.3,718,-95.60288,10.434782
NSF,2022876,K02,K02.1,415,48.14838,4.041072
NSF,2022885,K04,K04.1,885,-31.757647,-54.66687
NSF,2022889,K02,K02.1,416,56.931976,16.84182
NSF,2022921,K04,K04.1,885,-31.75719,-54.66837
NSF,2022934,K02,K02.1,298,55.45742,18.853218
NSF,2022967,K04,K04.1|K04.3,1049,-49.336266,-27.804758
NSF,2022970,K04,K04.1|K04.3,953,-12.436125,-82.14071
NSF,2022971,K04,K04.1|K04.3,953,-12.439477,-82.14581
NSF,2022977,K01,K01.1,39,18.825724,80.12582
NSF,2022982,K02,K02.1,298,55.45742,18.853218
NSF,2022987,K02,K02.1,298,55.45742,18.853218
NSF,2022991,K02,K02.1,417,46.04289,28.759943
NSF,2023018,K02,K02.1,416,57.334206,16.335169
NSF,2023112,K03,K03.3,750,-74.55725,-14.270098
NSF,2023155,K02,K02.1|K02.2,440,78.73425,-22.329296
NSF,2023205,K02,K02.1,416,56.931976,16.84182
NSF,2023211,K01,K01.1,12,12.310276,51.00657
NSF,2023248,K04,K04.1|K04.3,953,-12.437049,-82.1421
NSF,2023269,K02,K02.1,316,18.776417,29.321875
NSF,2023297,K02,K02.1|K02.2,451,83.686264,8.018227
NSF,2023319,K02,K02.1,316,18.776417,29.321875
NSF,2023351,K02,K02.1,364,36.368603,-29.859005
NSF,2023367,K02,K02.1,316,18.776417,29.321875
NSF,2023376,K02,K02.1,411,67.104164,8.208388
NSF,2023408,K04,K04.1|K04.3,1049,-49.336266,-27.804758
NSF,2023424,K02,K02.1|K02.2,481,66.02665,-2.4997387
NSF,2023425,K02,K02.1,415,48.666935,2.8472948
NSF,2023474,K02,K02.1,305,6.3670063,-25.712444
NSF,2023523,K02,K02.1,305,6.3670063,-25.712444
NSF,2023531,K04,K04.3,1172,-70.292336,-54.518402
NSF,2023536,K03,K03.1|K03.2,606,-63.871403,6.268612
NSF,2023554,K02,K02.1,370,49.219093,-18.757904
NSF,2023555,K02,K02.1,295,0.09985375,-32.30974
NSF,2023638,K01,K01.1|K01.2,78,-33.24493,77.11314
NSF,2023649,K02,K02.1,417,46.04289,28.759943
NSF,2023664,K02,K02.1,417,46.04289,28.759943
NSF,2023674,K02,K02.1,316,18.776417,29.321875
NSF,2023693,K02,K02.1,417,46.04289,28.759943
NSF,2023701,K02,K02.1|K02.2,446,77.83186,-19.352842
NSF,2023712,K02,K02.1,386,24.984362,-18.87554
NSF,2023718,K02,K02.1,305,6.3670063,-25.712444
NSF,2023841,K05,K05.1,1206,-16.334597,12.014396
NSF,2023857,K02,K02.1,360,43.295387,-37.07581
NSF,2023900,K05,K05.1|K05.3,1388,-7.659869,3.8819804
NSF,2023961,K04,K04.1|K04.3,1008,-49.136826,-61.057674
NSF,2023974,K04,K04.3,1155,-20.161411,-99.65173
NSF,2024004,K05,K05.1|K05.2,1293,3.7149785,4.8771977
NSF,2024103,K04,K04.1|K04.3,1009,-58.997524,-54.230038
NSF,2024139,K01,K01.2,223,-15.626548,62.78469
NSF,2024166,K01,K01.1,39,18.825724,80.12582
NSF,2024170,K02,K02.1,285,41.370483,51.843845
NSF,2024178,K02,K02.1,285,41.370483,51.843845
NSF,2024183,K04,K04.1|K04.3,983,8.827075,-78.45932
NSF,2024208,K01,K01.1,12,12.310276,51.00657
NSF,2024338,K01,K01.1,36,14.095772,68.45971
NSF,2024378,K04,K04.3,1155,-20.161411,-99.65173
NSF,2024388,K02,K02.1,295,0.09985375,-32.30974
NSF,2024411,K01,K01.1,36,14.095754,68.45933
NSF,2024421,K01,K01.1,36,14.095772,68.45971
NSF,2025022,K02,K02.1,415,48.666935,2.8472948
NSF,2025106,K02,K02.1,285,41.370483,51.843845
NSF,2025152,K04,K04.3,1172,-70.29205,-54.518887
NSF,2025156,K01,K01.2,233,-33.01267,52.921246
NSF,2025178,K02,K02.1,235,27.903152,-60.25136
NSF,2025215,K01,K01.1|K01.2,99,-32.06305,32.60475
NSF,2025234,K05,K05.1,1215,-21.78536,2.9124818
NSF,2025285,K02,K02.1,250,22.102356,-41.826546
NSF,2025310,K03,K03.1|K03.3,646,-85.92865,1.480359
NSF,2025372,K04,K04.1,780,-23.633009,-47.055954
NSF,2025374,K04,K04.1|K04.3,983,8.827075,-78.45932
NSF,2025377,K01,K01.1,13,-6.2306414,41.88243
NSF,2025449,K05,K05.2,1426,3.1276906,8.885488
NSF,2025459,K01,K01.1,13,-6.2306414,41.88243
NSF,2025470,K03,K03.3,750,-74.55725,-14.270098
NSF,2025643,K02,K02.1,285,41.370483,51.843845
NSF,2025679,K04,K04.1|K04.3,958,-21.914862,-23.134228
NSF,2025726,K02,K02.1,316,18.776417,29.321875
NSF,2025727,K01,K01.1|K01.2,138,-1.8525108,77.486084
NSF,2025764,K03,K03.1,545,-65.371666,30.89789
NSF,2025795,K03,K03.1,545,-65.58607,30.958208
NSF,2025826,K05,K05.1,1231,-20.149208,13.530068
NSF,2025871,K04,K04.1|K04.3,1010,-61.795425,-43.677235
NSF,2025902,K04,K04.1|K04.3,1044,-35.752056,-66.03671
NSF,2025906,K03,K03.3,745,-91.148315,-1.221611
NSF,2025959,K03,K03.1,552,-56.339012,9.155662
NSF,2025989,K03,K03.1|K03.2,575,-58.464592,0.7835799
NSF,2025990,K02,K02.1,410,50.463116,-6.3372393
NSF,2026016,K04,K04.1|K04.3,983,8.827075,-78.45932
NSF,2026025,K03,K03.2,685,-80.93103,25.764767
NSF,2026035,K04,K04.1|K04.3,952,-24.112988,-16.429976
NSF,2026045,K02,K02.1,417,46.04289,28.759943
NSF,2026074,K04,K04.1|K04.3,992,-59.86398,-34.403297
NSF,2026075,K03,K03.1,552,-56.339203,9.155779
NSF,2026128,K04,K04.1|K04.3,952,-24.112988,-16.429976
NSF,2026167,K04,K04.1|K04.3,1086,-22.26518,-65.40511
NSF,2026276,K04,K04.1|K04.3,1021,-55.300938,-38.05236
NSF,2026311,K02,K02.1,285,41.370483,51.843845
NSF,2026345,K02,K02.1,397,32.95486,-0.73791236
NSF,2026357,K04,K04.1|K04.3,1009,-59.08542,-54.257668
NSF,2026431,K04,K04.1,842,-33.413654,-55.419453
NSF,2026445,K04,K04.1|K04.3,1009,-58.997524,-54.230038
NSF,2026533,K04,K04.1|K04.3,1021,-55.300938,-38.05236
NSF,2026599,K01,K01.1|K01.2,164,-13.0135565,62.112633
NSF,2026780,K02,K02.1,250,22.102356,-41.826546
NSF,2026789,K02,K02.1,250,22.334753,-42.230137
NSF,2026795,K03,K03.2|K03.3,714,-91.86016,15.661049
NSF,2026814,K02,K02.1,275,77.93738,50.04157
NSF,2026821,K01,K01.1,51,-52.185402,85.776695
NSF,2026824,K01,K01.1,51,-52.185402,85.776695
NSF,2026874,K03,K03.2|K03.3,718,-95.53807,9.99549
NSF,2026924,K01,K01.2,207,-42.613335,46.51445
NSF,2027024,K03,K03.2|K03.3,714,-91.85983,15.661093
NSF,2027185,K01,K01.2,233,-33.013474,52.9212
NSF,2027199,K02,K02.1|K02.2,475,68.17251,-5.432696
NSF,2027233,K02,K02.1|K02.2,464,71.34738,32.361897
NSF,2027288,K02,K02.1|K02.2,464,71.34738,32.361897
NSF,2027444,K03,K03.2,685,-80.72974,24.690348
NSF,2027552,K04,K04.1|K04.3,952,-24.112988,-16.429976
NSF,2027600,K01,K01.1|K01.2,164,-12.625728,62.492023
NSF,2028065,K04,K04.1,885,-31.757442,-54.66702
NSF,2028098,K03,K03.2,699,-49.453846,2.4812288
NSF,2028110,K03,K03.2,699,-49.45359,2.481188
NSF,2028151,K02,K02.1,285,41.370483,51.843845
NSF,2028371,K03,K03.1,566,-75.87507,8.884868
NSF,2028464,K02,K02.1,265,51.32184,-59.314228
NSF,2028504,K02,K02.1,265,51.297913,-59.33551
NSF,2028541,K03,K03.1,566,-75.875084,8.884864
NSF,2028564,K01,K01.1|K01.2,99,-33.29183,33.69884
NSF,2028598,K02,K02.1|K02.2,454,83.44631,11.679398
NSF,2028633,K02,K02.1,386,26.683926,-20.883156
NSF,2028644,K02,K02.1,386,24.984362,-18.87554
NSF,2028762,K04,K04.1|K04.3,952,-24.112988,-16.429976
NSF,2028764,K01,K01.1|K01.2,175,-21.33334,83.96139
NSF,2028842,K04,K04.1|K04.2,905,-9.073242,-55.58166
NSF,2028868,K04,K04.1|K04.2,905,-9.0733795,-55.581535
NSF,2028968,K02,K02.1,360,43.295387,-37.07581
NSF,2028998,K04,K04.1|K04.3,976,-26.463278,-20.583008
NSF,2029017,K01,K01.1|K01.2,175,-21.066868,83.54935
NSF,2029158,K03,K03.1|K03.3,636,-63.248287,-2.6400366
NSF,2029205,K06,K06.2,1551,15.249323,-5.8097434
NSF,2029251,K04,K04.1|K04.2|K04.3,924,-2.1933417,-75.5928
NSF,2029301,K02,K02.1,316,18.776417,29.321875
NSF,2029326,K04,K04.1|K04.3,952,-24.112988,-16.429976
NSF,2029354,K04,K04.1|K04.3,952,-24.112988,-16.429976
NSF,2029374,K04,K04.1|K04.2,886,-21.446945,-30.578749
NSF,2029397,K04,K04.1|K04.2|K04.3,923,-24.69844,-28.680468
NSF,2029442,K04,K04.1,780,-23.072165,-47.207146
NSF,2029511,K01,K01.1|K01.2,173,-31.146706,38.89066
NSF,2029515,K01,K01.1|K01.2,121,-55.006493,62.2094
NSF,2029518,K01,K01.2,223,-15.626439,62.785862
NSF,2029682,K04,K04.1,780,-23.093796,-47.21336
NSF,2029684,K02,K02.1,405,47.61374,-8.043673
NSF,2029686,K02,K02.1,295,0.09985375,-32.30974
NSF,2029710,K03,K03.1|K03.2,610,-70.70583,14.253304
NSF,2029730,K02,K02.1,386,24.685783,-20.834702
NSF,2029747,K02,K02.1,386,24.685783,-20.834702
NSF,2029764,K02,K02.1,250,22.334753,-42.230137
NSF,2029770,K02,K02.1,386,24.685783,-20.834702
NSF,2029775,K02,K02.1,295,0.09985375,-32.30974
NSF,2029799,K04,K04.1|K04.3,952,-24.112988,-16.429976
NSF,2029850,K02,K02.1,360,43.295387,-37.07581
NSF,2029918,K02,K02.1,356,37.83149,-31.516039
NSF,2029950,K04,K04.1|K04.3,1025,-45.47209,-61.105854
NSF,2029952,K04,K04.1|K04.3,1025,-45.47209,-61.105854
NSF,2030049,K02,K02.1,386,24.685783,-20.834702
NSF,2030112,K02,K02.1,386,24.685783,-20.834702
NSF,2030130,K02,K02.1,250,22.334753,-42.230137
NSF,2030139,K02,K02.1,370,49.90747,-19.204302
NSF,2030241,K02,K02.1|K02.2,481,66.02665,-2.4997387
NSF,2030254,K01,K01.1|K01.2,164,-12.4849825,62.481865
NSF,2030362,K02,K02.1,370,49.90747,-19.204302
NSF,2030375,K01,K01.1,6,-39.9483,72.45772
NSF,2030411,K01,K01.1,6,-39.9483,72.45772
NSF,2030416,K02,K02.1,370,49.90747,-19.204302
NSF,2030474,K02,K02.1,386,24.685783,-20.834702
NSF,2031072,K03,K03.2,703,-71.00664,14.950743
NSF,2031217,K02,K02.1,370,49.713303,-18.928057
NSF,2031238,K03,K03.2,703,-71.00664,14.950743
NSF,2031253,K03,K03.2,706,-72.082695,8.797559
NSF,2031261,K02,K02.1,316,18.776417,29.321875
NSF,2031472,K02,K02.1,285,41.370483,51.843845
NSF,2031532,K02,K02.1,316,18.776417,29.321875
NSF,2031535,K03,K03.2|K03.3,718,-95.60288,10.434782
NSF,2031566,K04,K04.1|K04.3,1045,-42.782444,-25.635094
NSF,2031614,K02,K02.2,510,57.00277,-14.136645
NSF,2031710,K02,K02.1,415,48.284218,2.8264108
NSF,2031916,K02,K02.1,415,47.886265,2.904633
NSF,2032130,K02,K02.1,308,64.21277,-39.53488
NSF,2032200,K02,K02.1|K02.2,475,68.17251,-5.432696
NSF,2032211,K02,K02.1,386,24.685783,-20.834702
NSF,2032308,K02,K02.1,360,43.295387,-37.07581
NSF,2032313,K02,K02.1,360,43.295387,-37.07581
NSF,2032417,K05,K05.1,1223,-30.79201,7.1593094
NSF,2032419,K05,K05.1,1223,-30.791819,7.1592665
NSF,2032429,K01,K01.1|K01.2,164,-12.04657,62.24556
NSF,2032434,K01,K01.1|K01.2,164,-12.4849825,62.481865
NSF,2032532,K01,K01.1,27,-75.66801,50.64134
NSF,2032542,K01,K01.1,27,-75.58461,49.768772
NSF,2032590,K02,K02.1,265,51.846493,-59.891644
NSF,2032621,K03,K03.1|K03.3,630,-59.068356,-2.2487142
NSF,2032838,K02,K02.1,353,69.321304,10.373286
NSF,2032974,K02,K02.1,316,18.776417,29.321875
NSF,2033577,K01,K01.1,1,-34.62806,68.9483
NSF,2033607,K05,K05.1,1215,-21.785433,2.9123669
NSF,2033822,K04,K04.1|K04.3,983,8.827075,-78.45932
NSF,2033855,K02,K02.1,397,32.941277,-2.0225039
NSF,2033891,K02,K02.1,360,43.295387,-37.07581
NSF,2033910,K04,K04.1|K04.3,1045,-42.86258,-26.05683
NSF,2033927,K04,K04.1,835,-35.9658,-58.349117
NSF,2033929,K02,K02.1,387,39.600754,-11.534459
NSF,2033956,K04,K04.1,835,-35.965614,-58.348885
NSF,2033966,K04,K04.1|K04.3,952,-24.112988,-16.429976
NSF,2033995,K01,K01.2,207,-42.613377,46.514423
NSF,2034111,K02,K02.1,235,27.903152,-60.25136
NSF,2034160,K02,K02.1,235,27.903152,-60.25136
NSF,2034204,K02,K02.1,235,27.903152,-60.25136
NSF,2034214,K02,K02.1,285,41.370483,51.843845
NSF,2034232,K02,K02.1,285,41.370483,51.843845
NSF,2034308,K02,K02.1,387,39.600754,-11.534459
NSF,2034312,K02,K02.1,274,61.474297,54.04965
NSF,2034363,K03,K03.2,676,-59.852123,1.9846169
NSF,2034366,K03,K03.2,676,-59.852093,1.984665
NSF,2034373,K03,K03.3,750,-74.55725,-14.270098
NSF,2034380,K03,K03.2,676,-59.852093,1.984665
NSF,2034385,K01,K01.1|K01.2,100,-52.13527,45.09965
NSF,2034630,K03,K03.1|K03.3,663,-49.30827,8.623249
NSF,2034656,K04,K04.1,780,-23.633009,-47.055954
NSF,2034698,K01,K01.1|K01.2,99,-32.406586,32.860134
NSF,2034732,K04,K04.1|K04.3,953,-12.430512,-82.13836
NSF,2034778,K04,K04.1,853,-31.386389,-54.95301
NSF,2034812,K02,K02.1,250,22.334753,-42.230137
NSF,2034855,K02,K02.1,386,24.685783,-20.834702
NSF,2034938,K02,K02.1,250,22.334753,-42.230137
NSF,2034999,K03,K03.1|K03.2,615,-73.22253,9.439704
NSF,2035032,K05,K05.3,1495,-16.827578,1.2739464
NSF,2035080,K01,K01.1,39,18.825724,80.12582
NSF,2035143,K05,K05.3,1529,-15.402729,-5.182079
NSF,2035150,K03,K03.1,532,-64.330345,4.1564293
NSF,2035153,K02,K02.1|K02.2,475,68.17251,-5.432696
NSF,2035161,K01,K01.1|K01.2,198,-27.089691,58.860584
NSF,2035176,K03,K03.1,532,-64.330414,4.1567745
NSF,2035233,K01,K01.1|K01.2,198,-27.083277,58.850414
NSF,2035534,K01,K01.1|K01.2,198,-27.08381,58.851143
NSF,2035623,K02,K02.1,386,24.685783,-20.834702
NSF,2035685,K01,K01.1|K01.2,121,-55.006493,62.2094
NSF,2035688,K02,K02.2,501,82.946335,47.881588
NSF,2035690,K04,K04.1|K04.3,952,-24.112988,-16.429976
NSF,2035792,K04,K04.1|K04.3,960,-61.902096,-42.999023
NSF,2035845,K04,K04.1|K04.3,1045,-42.86258,-26.05683
NSF,2035899,K04,K04.1|K04.3,1001,6.90049,-56.17977
NSF,2035927,K04,K04.1|K04.3,952,-24.112988,-16.429976
NSF,2035954,K04,K04.3,1159,-10.502279,-93.18906
NSF,2036078,K04,K04.1|K04.3,952,-24.112988,-16.429976
NSF,2036131,K04,K04.1|K04.3,1001,7.3627763,-55.948906
NSF,2036193,K02,K02.1,386,24.685783,-20.834702
NSF,2036232,K04,K04.1|K04.3,1008,-49.150093,-60.35595
NSF,2036258,K04,K04.1|K04.3,952,-24.112988,-16.429976
NSF,2036354,K04,K04.2|K04.3,1135,-3.5043383,-76.51126
NSF,2036470,K04,K04.1|K04.2|K04.3,918,-23.065779,-29.372501
NSF,2036665,K04,K04.3,1167,-72.614265,-65.46601
NSF,2036867,K04,K04.1,780,-23.681677,-46.163765
NSF,2036982,K04,K04.1|K04.2|K04.3,929,-0.6209548,-73.7841
NSF,2037091,K02,K02.1,386,24.685783,-20.834702
NSF,2037539,K04,K04.3,1172,-70.29226,-54.518433
NSF,2037540,K04,K04.1|K04.3,997,1.8440173,-80.505615
NSF,2037545,K03,K03.3,750,-74.55725,-14.270098
NSF,2037631,K04,K04.1|K04.3,952,-24.112988,-16.429976
NSF,2037677,K02,K02.1,417,47.512535,29.974957
NSF,2037694,K04,K04.1|K04.2,895,-41.95539,-54.30155
NSF,2037776,K04,K04.1,789,-25.56975,-45.978107
NSF,2037900,K01,K01.1|K01.2,70,-32.986988,72.244545
NSF,2038072,K01,K01.1,39,18.825724,80.12582
NSF,2038215,K04,K04.1|K04.3,1016,-56.296345,-39.887516
NSF,2038246,K03,K03.1,558,-69.98363,13.574584
NSF,2038325,K05,K05.1,1273,-24.681437,18.015245
NSF,2038410,K04,K04.1|K04.3,1045,-42.775967,-25.688248
NSF,2038416,K04,K04.1|K04.3,1053,-38.54718,-30.883507
NSF,2038439,K03,K03.1,525,-58.54224,-0.7056841
NSF,2038474,K01,K01.1|K01.2,164,-12.4849825,62.481865
NSF,2038481,K02,K02.1,285,41.370483,51.843845
NSF,2038495,K02,K02.1,285,41.370483,51.843845
NSF,2038502,K04,K04.1,813,-39.53347,-53.72934
NSF,2038543,K04,K04.1|K04.3,983,8.827075,-78.45932
NSF,2038559,K04,K04.1|K04.3,1016,-56.285236,-39.88117
NSF,2038589,K04,K04.1,813,-39.533367,-53.728413
NSF,2038612,K01,K01.2,210,-41.65615,44.64567
NSF,2038637,K02,K02.1,370,49.90747,-19.204302
NSF,2038759,K04,K04.1,813,-39.532974,-53.72871
NSF,2038761,K01,K01.1|K01.2,99,-33.095024,33.09501
NSF,2038775,K04,K04.1,878,-32.451744,-39.141026
NSF,2038853,K04,K04.1|K04.3,1022,-47.502052,-59.520576
NSF,2038963,K04,K04.1,878,-32.451744,-39.141026
NSF,2039026,K04,K04.1,813,-39.531483,-53.72838
NSF,2039232,K04,K04.1|K04.3,952,-24.112988,-16.429976
NSF,2039234,K01,K01.1|K01.2,175,-20.65016,84.609406
NSF,2039276,K01,K01.1|K01.2,175,-20.762596,84.12097
NSF,2039482,K04,K04.1|K04.3,1053,-38.54718,-30.883507
NSF,2039498,K01,K01.1|K01.2,197,-19.349571,49.849476
NSF,2039564,K04,K04.1,798,-9.655702,-70.22493
NSF,2039823,K04,K04.1|K04.3,983,8.827075,-78.45932
NSF,2039883,K04,K04.1|K04.3,952,-24.112988,-16.429976
NSF,2039985,K02,K02.1,285,41.370483,51.843845
NSF,2040013,K01,K01.1|K01.2,189,-19.973618,54.804577
NSF,2040464,K04,K04.1|K04.3,952,-24.112988,-16.429976
NSF,2040488,K05,K05.1,1224,-21.35238,11.95773
NSF,2040537,K02,K02.1,416,56.931976,16.84182
NSF,2040542,K03,K03.2|K03.3,714,-91.86005,15.661076
NSF,2040599,K04,K04.1|K04.3,1045,-42.782444,-25.635094
NSF,2040613,K03,K03.2|K03.3,717,-92.53072,14.574294
NSF,2040665,K01,K01.1|K01.2,99,-32.66687,32.937798
NSF,2040676,K03,K03.2,683,-86.899,20.298677
NSF,2041002,K04,K04.1|K04.3,952,-24.112988,-16.429976
NSF,2041039,K05,K05.1,1270,-22.111214,20.448345
NSF,2041140,K04,K04.1,866,-22.586582,-59.25545
NSF,2041240,K03,K03.2,705,-71.77869,8.604664
NSF,2041250,K03,K03.2,706,-72.082695,8.797559
NSF,2041251,K03,K03.2,705,-71.77585,8.604506
NSF,2041325,K01,K01.1,39,18.83106,80.94315
NSF,2041446,K04,K04.1|K04.3,1009,-59.080444,-54.25809
NSF,2041553,K04,K04.1,780,-23.633009,-47.055954
NSF,2041666,K02,K02.1,265,51.846493,-59.891644
NSF,2041669,K02,K02.1,265,51.846493,-59.891644
NSF,2041859,K02,K02.1,316,18.776417,29.321875
NSF,2041968,K04,K04.1,812,-43.397465,-48.884327
NSF,2041980,K02,K02.1,386,24.685783,-20.834702
NSF,2041981,K02,K02.1,386,24.685783,-20.834702
NSF,2042016,K04,K04.3,1159,-10.502279,-93.18906
NSF,2042029,K04,K04.1,780,-23.633009,-47.055954
NSF,2042035,K04,K04.3,1159,-10.502279,-93.18906
NSF,2042060,K04,K04.3,1159,-10.228045,-93.27512
NSF,2042216,K05,K05.2,1453,5.4828625,0.47176555
NSF,2042600,K01,K01.1|K01.2,116,-22.728588,49.042564
NSF,2042619,K02,K02.1,285,41.370483,51.843845
NSF,2042661,K04,K04.1|K04.3,966,-35.723396,-27.82078
NSF,2042672,K03,K03.2|K03.3,734,-72.284,7.9018393
NSF,2042688,K02,K02.1,316,18.776417,29.321875
NSF,2042715,K04,K04.1,863,-21.86626,-60.022842
NSF,2042870,K01,K01.1|K01.2,154,-17.89099,50.749405
NSF,2042881,K01,K01.1|K01.2,100,-52.568203,44.94751
NSF,2042928,K01,K01.1,27,-75.66801,50.64134
NSF,2043000,K04,K04.1|K04.3,952,-24.112988,-16.429976
NSF,2043026,K05,K05.3,1526,-7.5357866,-3.9739258
NSF,2043060,K06,K06.2,1555,17.418499,-2.3203254
NSF,2043064,K02,K02.1,386,24.685783,-20.834702
NSF,2043075,K04,K04.1,866,-22.586838,-59.25575
NSF,2043142,K02,K02.1,316,18.776417,29.321875
NSF,2043150,K02,K02.1,360,43.295387,-37.07581
NSF,2043218,K06,K06.2,1558,18.403831,-2.9070318
NSF,2043272,K02,K02.1,316,18.776417,29.321875
NSF,2043282,K02,K02.1,316,18.776417,29.321875
NSF,2043301,K02,K02.1,376,46.83826,0.08649136
NSF,2043330,K04,K04.1,815,-34.04876,-53.28664
NSF,2043344,K02,K02.1,417,47.512535,29.974957
NSF,2043347,K02,K02.1,417,47.512535,29.974957
NSF,2043357,K04,K04.1,882,-31.566082,-53.37887
NSF,2043358,K05,K05.3,1498,-7.8751864,-6.915283
NSF,2043363,K02,K02.1,360,43.295387,-37.07581
NSF,2043385,K06,K06.2,1563,15.025593,-3.391819
NSF,2043412,K04,K04.1|K04.3,982,-30.654291,-49.42036
NSF,2043431,K04,K04.1|K04.3,1036,-28.705841,-73.41536
NSF,2043455,K05,K05.1,1287,-27.865007,7.5783243
NSF,2043494,K04,K04.1,830,-34.932156,-51.184265
NSF,2043506,K02,K02.1,360,43.295387,-37.07581
NSF,2043522,K02,K02.1,283,47.33885,17.470663
NSF,2043539,K01,K01.1|K01.2,99,-32.069447,32.61236
NSF,2043588,K02,K02.1,316,18.776417,29.321875
NSF,2043610,K02,K02.1,416,57.334206,16.335169
NSF,2043611,K03,K03.2,686,-81.50348,22.664146
NSF,2043618,K05,K05.1|K05.3,1381,-13.349629,1.1879582
NSF,2043634,K02,K02.2,507,77.76233,24.706577
NSF,2043697,K04,K04.1,813,-39.533794,-53.72864
NSF,2043710,K01,K01.1|K01.2,120,-22.07073,46.90528
NSF,2043727,K02,K02.1,316,18.776417,29.321875
NSF,2043736,K05,K05.1|K05.3,1383,-12.58617,1.8070239
NSF,2043847,K04,K04.1|K04.2,898,-44.25268,-52.375507
NSF,2043858,K05,K05.1,1251,-12.459428,22.868917
NSF,2043863,K04,K04.1,813,-39.53347,-53.72934
NSF,2043869,K04,K04.1|K04.3,1048,-27.926931,-74.11943
NSF,2043900,K01,K01.1|K01.2,99,-32.057777,32.598957
NSF,2043955,K05,K05.1|K05.2,1336,4.9983263,9.243397
NSF,2043981,K04,K04.1,843,-33.001877,-54.30278
NSF,2043988,K05,K05.1,1224,-21.35585,11.954088
NSF,2044013,K04,K04.1,877,-36.1637,-43.895805
NSF,2044022,K04,K04.1|K04.3,1026,-45.694695,-61.06184
NSF,2044026,K06,K06.2,1559,18.312391,-2.736107
NSF,2044034,K04,K04.1,822,-33.83147,-53.143345
NSF,2044051,K02,K02.1,360,43.295387,-37.07581
NSF,2044053,K05,K05.1,1220,-22.709253,3.3532465
NSF,2044055,K04,K04.1,812,-43.40891,-48.883286
NSF,2044056,K03,K03.3,745,-91.148315,-1.221611
NSF,2044098,K04,K04.1|K04.3,1111,-31.777784,-48.88712
NSF,2044107,K04,K04.1,812,-43.448265,-48.806007
NSF,2044111,K04,K04.1,812,-43.40807,-48.882404
NSF,2044340,K04,K04.1|K04.3,952,-24.112988,-16.429976
NSF,2044465,K04,K04.1|K04.3,952,-24.112988,-16.429976
NSF,2044692,K04,K04.1|K04.3,952,-24.112988,-16.429976
NSF,2044704,K01,K01.1,12,13.814735,49.190273
NSF,2044719,K04,K04.1|K04.3,952,-24.112988,-16.429976
NSF,2044729,K04,K04.1|K04.3,983,8.827075,-78.45932
NSF,2044760,K04,K04.1|K04.3,1008,-48.780804,-61.335026
NSF,2044836,K02,K02.1,265,51.846493,-59.891644
NSF,2044837,K02,K02.1,295,0.09985375,-32.30974
NSF,2044850,K02,K02.1,316,18.776417,29.321875
NSF,2044921,K03,K03.3,750,-74.55725,-14.270098
NSF,2044995,K04,K04.1,865,-31.291212,-53.333546
NSF,2045032,K04,K04.1|K04.3,952,-24.112988,-16.429976
NSF,2045075,K02,K02.1,316,18.776417,29.321875
NSF,2045129,K02,K02.1|K02.2,439,85.74276,44.895554
NSF,2045200,K03,K03.2,692,-46.49271,-7.636593
NSF,2045235,K02,K02.1|K02.2,470,64.932205,-7.4654455
NSF,2045340,K03,K03.1,554,-55.89253,2.4084332
NSF,2045346,K02,K02.1,295,0.09985375,-32.30974
NSF,2045860,K04,K04.3,1173,-72.860664,-48.996895
NSF,2045978,K01,K01.1,51,-52.185402,85.776695
NSF,2045983,K01,K01.1|K01.2,99,-32.038513,32.579876
NSF,2046240,K02,K02.1,316,18.776417,29.321875
NSF,2046243,K01,K01.1,51,-52.185402,85.776695
NSF,2046316,K02,K02.1,360,43.295387,-37.07581
NSF,2046367,K01,K01.1,55,1.5746405,64.52694
NSF,2046460,K02,K02.1,307,42.53234,24.78083
NSF,2046512,K01,K01.1,1,-34.62819,68.94749
NSF,2047062,K02,K02.1,265,51.846493,-59.891644
NSF,2047150,K01,K01.1|K01.2,198,-27.101656,58.878334
NSF,2047236,K05,K05.1,1270,-22.111214,20.448345
NSF,2047268,K03,K03.2,685,-80.83088,24.741745
NSF,2047832,K03,K03.2,675,-58.852886,1.9030297
NSF,2047940,K02,K02.1,316,18.776417,29.321875
NSF,2047961,K04,K04.1|K04.3,1069,-5.2888923,-51.10633
NSF,2048336,K02,K02.2,519,58.099686,-4.7889543
NSF,2048361,K04,K04.3,1167,-72.61175,-65.462395
NSF,2048449,K02,K02.1|K02.2,440,78.73425,-22.329296
NSF,2048457,K01,K01.1|K01.2,198,-27.090124,58.872856
NSF,2048505,K02,K02.1|K02.2,464,71.34738,32.361897
NSF,2048562,K01,K01.1|K01.2,175,-20.78106,84.2111
NSF,2048576,K02,K02.1,417,47.512535,29.974957
NSF,2048589,K02,K02.1|K02.2,440,78.73425,-22.329296
NSF,2048590,K02,K02.1,417,47.512535,29.974957
NSF,2048607,K03,K03.3,735,-59.277534,-3.7836635
NSF,2048634,K02,K02.1,349,69.42762,6.0203075
NSF,2048678,K02,K02.1|K02.2,440,78.73425,-22.329296
NSF,2048914,K02,K02.1,295,0.09985375,-32.30974
NSF,2048955,K02,K02.1,295,0.09985375,-32.30974
NSF,2049025,K03,K03.3,735,-59.277534,-3.7836635
NSF,2049073,K01,K01.1,68,-4.5629535,52.15365
NSF,2049094,K03,K03.3,735,-59.277534,-3.7836635
NSF,2049201,K02,K02.1,354,81.31574,23.687582
NSF,2049262,K02,K02.1,316,18.776417,29.321875
NSF,2049263,K02,K02.2,516,68.447784,-10.380081
NSF,2049304,K03,K03.1,543,-49.58635,-10.519455
NSF,2049308,K02,K02.1,417,46.808014,28.467892
NSF,2049360,K03,K03.1|K03.3,657,-46.250267,-10.841148
NSF,2049407,K02,K02.1,308,64.42352,-39.852592
NSF,2049446,K02,K02.2,516,68.44898,-10.380322
NSF,2049460,K02,K02.1,360,43.295387,-37.07581
NSF,2049491,K02,K02.1,370,49.300037,-19.44615
NSF,2049507,K02,K02.1,316,18.776417,29.321875
NSF,2049626,K02,K02.1,397,32.941277,-2.0225039
NSF,2049657,K02,K02.1,414,47.737934,18.219706
NSF,2049784,K04,K04.3,1183,-26.689983,-76.93934
NSF,2049796,K02,K02.1|K02.2,467,56.61752,-15.455557
NSF,2049834,K02,K02.1,405,47.61374,-8.043673
NSF,2049856,K02,K02.1|K02.2,467,56.61752,-15.455557
NSF,2049858,K03,K03.1|K03.2,590,-55.74823,22.58824
NSF,2049872,K03,K03.3,755,-71.12114,-13.588886
NSF,2049887,K05,K05.1,1262,-9.607462,20.709528
NSF,2049895,K06,K06.2,1552,17.482492,4.287844
NSF,2049902,K02,K02.2,517,66.42013,-11.41519
NSF,2049916,K02,K02.1,397,31.28345,-2.1379251
NSF,2049917,K02,K02.1,397,32.941277,-2.0225039
NSF,2049929,K02,K02.2,520,48.756565,-9.736767
NSF,2050030,K04,K04.1|K04.2|K04.3,924,-2.1932924,-75.59299
NSF,2050101,K04,K04.1|K04.3,983,8.827075,-78.45932
NSF,2050129,K02,K02.1,360,43.295387,-37.07581
NSF,2050152,K03,K03.3,735,-59.277534,-3.7836635
NSF,2050264,K02,K02.1,386,24.685783,-20.834702
NSF,2050273,K02,K02.1,360,43.295387,-37.07581
NSF,2050345,K02,K02.1,360,43.295387,-37.07581
NSF,2050357,K04,K04.1|K04.3,952,-24.112988,-16.429976
NSF,2050509,K01,K01.2,212,-50.51855,62.660133
NSF,2050518,K01,K01.1,32,17.662743,84.65178
NSF,2050798,K02,K02.1,235,27.52612,-60.119747
NSF,2050808,K02,K02.1,235,27.52612,-60.119747
NSF,2050854,K02,K02.1,235,27.903152,-60.25136
NSF,2050879,K04,K04.1,780,-23.633009,-47.055954
NSF,2050882,K04,K04.2|K04.3,1130,-23.701832,-30.940151
NSF,2050934,K04,K04.1|K04.2|K04.3,918,-23.065779,-29.372501
NSF,2050979,K02,K02.1,308,64.25823,-40.144062
NSF,2050986,K02,K02.1,265,51.846493,-59.891644
NSF,2051110,K03,K03.1|K03.2,590,-55.276253,22.528988
NSF,2051192,K01,K01.1,12,13.814735,49.190273
NSF,2051231,K04,K04.1|K04.3,952,-24.112988,-16.429976
NSF,2051253,K04,K04.1|K04.3,952,-24.112988,-16.429976
NSF,2051260,K04,K04.1|K04.3,952,-24.112988,-16.429976
NSF,2051264,K02,K02.1,417,47.512535,29.974957
NSF,2051270,K04,K04.1|K04.3,952,-24.112988,-16.429976
NSF,2051313,K01,K01.1|K01.2,164,-12.403659,62.46276
NSF,2051336,K02,K02.1|K02.2,464,71.34738,32.361897
NSF,2051350,K02,K02.1,295,0.09985375,-32.30974
NSF,2051419,K04,K04.1|K04.3,1016,-56.29127,-39.884975
NSF,2051578,K02,K02.1,361,44.103584,-29.442547
NSF,2051762,K03,K03.2|K03.3,719,-96.008316,8.190281
NSF,2051780,K04,K04.1|K04.3,1001,7.3627763,-55.948906
NSF,2051801,K03,K03.1,538,-81.80109,10.30961
NSF,2051888,K02,K02.1,295,0.09985375,-32.30974
NSF,2051902,K02,K02.1,285,41.370483,51.843845
NSF,2051951,K04,K04.1,837,-35.29846,-58.540432
NSF,2051953,K04,K04.3,1172,-70.2888,-54.51908
NSF,2051966,K03,K03.1,525,-58.54265,-0.7078573
NSF,2051981,K04,K04.1,846,-46.606083,-38.36062
NSF,2051992,K01,K01.1|K01.2,113,-33.809383,36.59684
NSF,2051995,K04,K04.3,1155,-20.161411,-99.65173
NSF,2052004,K02,K02.1,295,0.09985375,-32.30974
NSF,2052019,K04,K04.2,1115,-22.236042,-31.771282
NSF,2052046,K02,K02.1,316,18.776417,29.321875
NSF,2052063,K01,K01.1|K01.2,99,-31.722694,32.324543
NSF,2052102,K04,K04.2|K04.3,1142,-67.2495,-55.08464
NSF,2052107,K01,K01.2,207,-42.613377,46.514423
NSF,2052127,K04,K04.1|K04.3,952,-24.112988,-16.429976
NSF,2052170,K04,K04.1,812,-43.40456,-48.84375
NSF,2052174,K04,K04.3,1155,-20.161411,-99.65173
NSF,2052257,K04,K04.1|K04.3,1034,-68.99462,-41.4231
NSF,2052268,K01,K01.1,53,-18.120981,39.430138
NSF,2052271,K01,K01.1,27,-75.66801,50.64134
NSF,2052302,K04,K04.1,780,-23.10829,-47.2189
NSF,2052337,K02,K02.1,407,49.345997,-7.029584
NSF,2052390,K04,K04.1|K04.3,952,-24.112988,-16.429976
NSF,2052407,K03,K03.2,682,-87.37853,19.874975
NSF,2052443,K01,K01.1,39,18.825724,80.12582
NSF,2052512,K02,K02.1,407,49.345997,-7.029584
NSF,2052585,K04,K04.1|K04.2,909,-24.535667,-60.554268
NSF,2052589,K02,K02.1,370,49.90747,-19.204302
NSF,2052598,K02,K02.1,308,64.25823,-40.144062
NSF,2052656,K01,K01.1,39,18.825724,80.12582
NSF,2052794,K01,K01.1,1,-34.62819,68.94749
NSF,2052834,K02,K02.1,386,24.685783,-20.834702
NSF,2052844,K02,K02.1,316,18.776417,29.321875
NSF,2052956,K02,K02.1,417,47.512535,29.974957
NSF,2052958,K01,K01.1,10,-9.378735,97.45452
NSF,2053009,K02,K02.1,360,43.295387,-37.07581
NSF,2053014,K03,K03.1,545,-65.093925,31.055025
NSF,2053016,K04,K04.2|K04.3,1135,-3.5043383,-76.51126
NSF,2053091,K04,K04.1|K04.3,983,8.827075,-78.45932
NSF,2053163,K02,K02.1,316,18.776417,29.321875
NSF,2053267,K04,K04.3,1155,-20.161411,-99.65173
NSF,2053358,K03,K03.3,750,-74.55725,-14.270098
NSF,2053429,K03,K03.3,750,-74.55725,-14.270098
NSF,2053494,K03,K03.3,772,-65.0869,9.510841
NSF,2053545,K01,K01.2,206,-12.38102,96.52651
NSF,2053560,K04,K04.3,1172,-70.2888,-54.51908
NSF,2053588,K01,K01.1|K01.2,195,-24.451145,50.416737
NSF,2053637,K03,K03.1,559,-69.85198,13.233917
NSF,2053694,K04,K04.1,781,-11.059427,-76.25347
NSF,2053726,K02,K02.1,295,0.09985375,-32.30974
NSF,2053741,K03,K03.3,762,-48.9224,14.856573
NSF,2053836,K04,K04.1,781,-11.059427,-76.25347
NSF,2053856,K04,K04.1|K04.3,952,-24.112988,-16.429976
NSF,2053857,K02,K02.1|K02.2,451,83.686264,8.018227
NSF,2053935,K01,K01.1,55,1.5746405,64.52694
NSF,2054170,K02,K02.1|K02.2,451,83.686264,8.018227
NSF,2054360,K04,K04.1|K04.3,952,-24.112988,-16.429976
NSF,2054506,K03,K03.1,538,-81.80748,10.338851
NSF,2054677,K02,K02.1,285,41.370483,51.843845
NSF,2054688,K02,K02.1,285,41.370483,51.843845
NSF,2054706,K02,K02.1,285,41.370483,51.843845
NSF,2054713,K03,K03.1|K03.2,585,-49.016308,-8.908421
NSF,2054807,K04,K04.1|K04.3,1008,-48.092976,-61.18853
NSF,2054885,K01,K01.1,12,12.383069,51.41314
NSF,2054927,K02,K02.1,417,47.512535,29.974957
NSF,2054933,K02,K02.1,235,27.903152,-60.25136
NSF,2054942,K04,K04.1|K04.3,952,-24.112988,-16.429976
NSF,2055100,K02,K02.1,295,0.09985375,-32.30974
NSF,2055121,K02,K02.1|K02.2,437,85.43243,46.95762
NSF,2055236,K02,K02.1|K02.2,437,85.43243,46.95762
NSF,2055257,K02,K02.1,235,27.254688,-59.914215
NSF,2055474,K02,K02.1,417,47.512535,29.974957
NSF,2055602,K05,K05.1|K05.3,1421,-11.633272,1.8326218
NSF,2100092,K04,K04.2,1119,-4.520035,-75.43233
NSF,2100393,K03,K03.1|K03.2,585,-49.016174,-8.908561
NSF,2100520,K03,K03.3,737,-63.06006,-4.3811646
NSF,2100760,K02,K02.1,417,47.512535,29.974957
NSF,2100773,K02,K02.1|K02.2,440,78.73425,-22.329296
NSF,2100801,K02,K02.1,360,43.295387,-37.07581
NSF,2100837,K02,K02.1,360,43.295387,-37.07581
NSF,2101053,K02,K02.1,360,43.295387,-37.07581
NSF,2101068,K01,K01.1|K01.2,92,-11.063541,96.5762
NSF,2101129,K04,K04.1|K04.3,983,8.827075,-78.45932
NSF,2101320,K04,K04.1,798,-9.655702,-70.22493
NSF,2101885,K02,K02.1,360,43.295387,-37.07581
NSF,2101904,K01,K01.1,6,-39.947567,72.45773
NSF,2101934,K01,K01.1,12,12.383069,51.41314
NSF,2101961,K02,K02.1,235,27.52612,-60.119747
NSF,2101983,K01,K01.1,6,-39.947575,72.45793
NSF,2102121,K02,K02.1,417,47.512535,29.974957
NSF,2102126,K06,K06.2,1567,17.983217,-0.4886883
NSF,2102193,K05,K05.3,1529,-15.403169,-5.1828327
NSF,2102285,K02,K02.1,295,0.09985375,-32.30974
NSF,2102338,K02,K02.1,417,47.512535,29.974957
NSF,2102422,K02,K02.1,360,43.295387,-37.07581
NSF,2102434,K02,K02.1,360,43.295387,-37.07581
NSF,2102457,K02,K02.1,360,43.295387,-37.07581
NSF,2102530,K01,K01.1,6,-39.9483,72.45772
NSF,2102762,K01,K01.1|K01.2,164,-12.4849825,62.481865
NSF,2102812,K02,K02.1,285,41.370483,51.843845
NSF,2102814,K02,K02.1,285,41.370483,51.843845
NSF,2102853,K02,K02.1,360,43.295387,-37.07581
NSF,2102884,K01,K01.1,67,-10.781879,47.44983
NSF,2102885,K01,K01.1,67,-10.782883,47.450577
NSF,2102886,K01,K01.1|K01.2,138,-1.4978101,76.94748
NSF,2102888,K01,K01.1|K01.2,138,-1.0394365,76.503365
NSF,2102901,K01,K01.1,67,-10.782883,47.450577
NSF,2102917,K02,K02.1,308,64.24605,-39.547874
NSF,2102919,K02,K02.1,354,80.690254,23.83249
NSF,2102956,K02,K02.1,360,43.295387,-37.07581
NSF,2102986,K01,K01.1,68,-4.5629535,52.15365
NSF,2102989,K02,K02.1|K02.2,440,78.73425,-22.329296
NSF,2103020,K01,K01.1,66,-12.568347,48.571762
NSF,2103049,K01,K01.1,68,-4.5629535,52.15365
NSF,2103067,K02,K02.1|K02.2,440,78.73425,-22.329296
NSF,2103081,K01,K01.1,68,-4.5629535,52.15365
NSF,2103084,K01,K01.1,67,-10.782883,47.450577
NSF,2103119,K05,K05.1,1273,-24.681437,18.015245
NSF,2103125,K04,K04.1|K04.3,952,-24.112988,-16.429976
NSF,2103426,K04,K04.1|K04.3,952,-24.112988,-16.429976
NSF,2103442,K04,K04.1|K04.3,952,-24.112988,-16.429976
NSF,2103490,K05,K05.1,1202,-13.172195,6.8874965
NSF,2103514,K02,K02.1,285,41.370483,51.843845
NSF,2103714,K02,K02.1,316,18.776417,29.321875
NSF,2103794,K01,K01.1|K01.2,100,-52.13527,45.09965
NSF,2103836,K03,K03.2,682,-87.37847,19.874977
NSF,2103845,K03,K03.2,682,-87.37845,19.874838
NSF,2103937,K03,K03.3,745,-91.31115,-1.3628235
NSF,2104191,K04,K04.1|K04.2|K04.3,948,-25.755627,-68.79805
NSF,2104205,K04,K04.1|K04.3,1008,-48.36968,-61.937954
NSF,2104240,K01,K01.1,55,1.5746405,64.52694
NSF,2104243,K04,K04.1|K04.3,1016,-56.296345,-39.887516
NSF,2104292,K04,K04.1|K04.3,1016,-56.290886,-39.88495
NSF,2104299,K01,K01.1,27,-75.66801,50.64134
NSF,2104398,K04,K04.1|K04.3,1016,-56.296345,-39.887516
NSF,2104537,K01,K01.1,55,1.5746405,64.52694
NSF,2104548,K04,K04.1|K04.3,1016,-56.2874,-39.885914
NSF,2104600,K01,K01.1|K01.2,96,-1.1743406,74.6974
NSF,2104611,K02,K02.1,412,46.829624,11.391252
NSF,2104829,K02,K02.1,397,32.8937,-0.65962374
NSF,2104950,K02,K02.1,397,32.941277,-2.0225039
NSF,2105317,K02,K02.1,375,47.913456,18.686024
NSF,2105320,K03,K03.1|K03.3,636,-63.248142,-2.6406043
NSF,2105358,K03,K03.1|K03.3,636,-63.24855,-2.6400979
NSF,2105394,K02,K02.1,343,44.875477,23.75312
NSF,2105418,K02,K02.1,400,45.167587,10.391605
NSF,2105494,K04,K04.1,846,-46.606083,-38.36062
NSF,2105514,K04,K04.1|K04.2|K04.3,948,-25.755627,-68.79805
NSF,2105564,K04,K04.1,846,-46.606083,-38.36062
NSF,2105625,K04,K04.1|K04.3,983,8.827075,-78.45932
NSF,2105648,K04,K04.1,846,-46.606007,-38.360054
NSF,2105798,K04,K04.1|K04.3,1001,6.90049,-56.17977
NSF,2105887,K01,K01.2,199,-31.45052,68.08453
NSF,2105995,K04,K04.3,1170,-75.52666,-49.893353
NSF,2106046,K02,K02.1,397,32.8937,-0.65962374
NSF,2106190,K02,K02.1,285,41.370483,51.843845
NSF,2106461,K01,K01.1,13,-6.2306414,41.88243
NSF,2106594,K04,K04.1,823,-47.69857,-44.472343
NSF,2106726,K05,K05.1,1194,-14.737679,6.9971986
NSF,2107530,K01,K01.1,13,-6.2306395,41.882435
NSF,2107792,K02,K02.1,285,41.370483,51.843845
NSF,2107946,K01,K01.1,6,-39.9483,72.45772
NSF,2108286,K05,K05.1,1290,-30.673796,8.34416
NSF,2108452,K03,K03.1|K03.3,669,-68.02134,13.959305
NSF,2108984,K03,K03.1,555,-64.85494,5.100372
NSF,2109005,K02,K02.1,285,41.370483,51.843845
NSF,2109011,K02,K02.1,386,24.685783,-20.834702
NSF,2109023,K02,K02.1,386,24.685783,-20.834702
NSF,2109098,K02,K02.1,386,24.685783,-20.834702
NSF,2109134,K02,K02.1,386,24.685783,-20.834702
NSF,2109240,K02,K02.1,386,24.685783,-20.834702
NSF,2109500,K04,K04.1|K04.3,983,8.827075,-78.45932
NSF,2109685,K04,K04.1,866,-22.587019,-59.255505
NSF,2109842,K04,K04.1|K04.3,952,-24.112988,-16.429976
NSF,2109946,K02,K02.1,295,0.09985375,-32.30974
NSF,2110138,K04,K04.1,780,-23.853506,-46.526478
NSF,2110171,K05,K05.1,1205,-14.454366,11.584092
NSF,2110211,K04,K04.1|K04.3,1045,-43.489548,-25.451105
NSF,2110243,K03,K03.1|K03.2,576,-61.432274,1.6597221
NSF,2110262,K02,K02.1,269,54.05155,-54.90884
NSF,2110275,K04,K04.1|K04.3,1016,-56.285236,-39.88117
NSF,2110439,K02,K02.1,245,32.429455,-60.257687
NSF,2110709,K02,K02.1,285,41.370483,51.843845
NSF,2110817,K05,K05.1,1288,-27.30127,8.60267
NSF,2110880,K02,K02.1|K02.2,493,50.352345,-7.6290994
NSF,2110986,K02,K02.1|K02.2,465,50.51058,-7.7879567
NSF,2111353,K04,K04.1|K04.3,952,-24.112988,-16.429976
NSF,2111430,K04,K04.1|K04.3,983,8.827075,-78.45932
NSF,2111718,K04,K04.1|K04.3,1055,-12.842013,-47.27488
NSF,2111838,K04,K04.3,1155,-20.161411,-99.65173
NSF,2111941,K04,K04.1|K04.3,952,-24.112988,-16.429976
NSF,2112072,K04,K04.1|K04.2|K04.3,918,-23.065653,-29.37246
NSF,2112137,K04,K04.1|K04.3,952,-24.112988,-16.429976
NSF,2112199,K01,K01.2,207,-42.613377,46.514423
NSF,2112201,K02,K02.1,250,22.58937,-43.05733
NSF,2112228,K01,K01.1,12,14.375579,51.123745
NSF,2112245,K03,K03.2,685,-79.37404,25.028816
NSF,2112314,K02,K02.1,417,47.512535,29.974957
NSF,2112321,K04,K04.2,1125,-11.476387,-53.46683
NSF,2112419,K01,K01.1,12,14.375579,51.123745
NSF,2112424,K04,K04.1|K04.3,952,-24.112988,-16.429976
NSF,2112642,K02,K02.1,295,0.09985375,-32.30974
NSF,2112651,K02,K02.1,250,22.58937,-43.05733
NSF,2112863,K02,K02.1,417,47.512535,29.974957
NSF,2112895,K04,K04.1|K04.3,952,-24.112988,-16.429976
NSF,2113333,K02,K02.1,354,80.60268,23.76373
NSF,2113338,K02,K02.1,354,80.60268,23.76373
NSF,2113399,K02,K02.1,397,32.052372,-1.3850027
NSF,2113705,K04,K04.1|K04.3,983,8.827075,-78.45932
NSF,2113789,K04,K04.1|K04.3,952,-24.112988,-16.429976
NSF,2113843,K05,K05.1,1244,-29.632074,4.5366964
NSF,2113889,K05,K05.1,1289,-29.470392,4.656029
NSF,2113891,K05,K05.1|K05.2,1344,7.4568205,3.714371
NSF,2113896,K05,K05.3,1529,-15.404715,-5.1816525
NSF,2113902,K01,K01.2,203,-35.03843,78.91438
NSF,2113938,K02,K02.1,386,24.685783,-20.834702
NSF,2113984,K02,K02.1,235,27.120789,-59.87018
NSF,2113987,K02,K02.1,235,27.120789,-59.87018
NSF,2114015,K02,K02.1|K02.2,451,83.686264,8.018227
NSF,2114036,K02,K02.1,360,43.295387,-37.07581
NSF,2114041,K04,K04.1|K04.3,1008,-48.36968,-61.937954
NSF,2114098,K01,K01.1,2,-36.287766,70.56263
NSF,2114100,K04,K04.1|K04.3,1086,-22.973753,-66.95797
NSF,2114164,K02,K02.1|K02.2,498,61.89951,21.411112
NSF,2114198,K02,K02.1,316,18.776417,29.321875
NSF,2114251,K02,K02.1,360,43.295387,-37.07581
NSF,2114442,K04,K04.1,835,-35.962772,-58.352123
NSF,2114454,K02,K02.1,316,18.776417,29.321875
NSF,2114573,K01,K01.1|K01.2,119,-20.397644,48.35369
NSF,2114630,K01,K01.1,68,-4.5629535,52.15365
NSF,2114634,K01,K01.1,68,-4.5629535,52.15365
NSF,2114657,K02,K02.1,417,47.512535,29.974957
NSF,2114722,K03,K03.3,742,-70.29056,-15.176678
NSF,2114748,K02,K02.1,316,18.776417,29.321875
NSF,2114781,K02,K02.1,414,47.741325,18.210396
NSF,2114786,K02,K02.1,316,18.776417,29.321875
NSF,2114810,K02,K02.1,316,18.776417,29.321875
NSF,2114864,K04,K04.1|K04.3,1061,-31.658678,-47.98499
NSF,2115080,K02,K02.1|K02.2,475,68.17251,-5.432696
NSF,2115124,K01,K01.1|K01.2,193,-22.104595,51.71612
NSF,2115259,K03,K03.1|K03.2,597,-57.457844,24.422695
NSF,2115275,K05,K05.3,1526,-7.535134,-3.9743989
NSF,2115293,K05,K05.3,1529,-15.402889,-5.1823916
NSF,2115295,K05,K05.3,1530,-8.5225315,-9.54183
NSF,2115302,K05,K05.1|K05.2,1345,-27.11404,5.624955
NSF,2115322,K01,K01.2,231,-31.077911,52.295418
NSF,2115333,K05,K05.1|K05.3,1422,-10.951195,0.7953965
NSF,2115335,K05,K05.3,1529,-15.402996,-5.182214
NSF,2115367,K05,K05.3,1527,-7.724479,-5.711264
NSF,2115392,K05,K05.3,1530,-8.52237,-9.540833
NSF,2115414,K01,K01.1,64,-13.310186,48.98946
NSF,2115427,K05,K05.1,1286,-26.881437,6.033984
NSF,2115431,K05,K05.3,1529,-15.402893,-5.182096
NSF,2115432,K05,K05.3,1529,-15.402625,-5.181569
NSF,2115442,K04,K04.1,782,-30.640789,-52.582413
NSF,2115447,K01,K01.1|K01.2,179,-22.053825,51.75983
NSF,2115453,K02,K02.1,412,46.82955,11.391539
NSF,2115457,K01,K01.2,233,-33.018238,52.9222
NSF,2116186,K02,K02.1,417,47.512535,29.974957
NSF,2116197,K02,K02.1,397,32.34471,-0.9524724
NSF,2116479,K02,K02.1,316,18.776417,29.321875
NSF,2116488,K02,K02.1,316,18.776417,29.321875
NSF,2116570,K02,K02.1,397,31.963263,-1.5187652
NSF,2116571,K02,K02.1,417,47.512535,29.974957
NSF,2116759,K02,K02.1,386,24.685783,-20.834702
NSF,2116799,K02,K02.1,397,31.963263,-1.5187652
NSF,2116945,K02,K02.1,295,0.09985375,-32.30974
NSF,2117049,K02,K02.1,274,60.83287,54.668453
NSF,2117118,K02,K02.1,411,67.15129,8.196464
NSF,2117158,K06,K06.2,1561,20.588331,-5.384162
NSF,2117219,K01,K01.1|K01.2,92,-11.063541,96.5762
NSF,2117222,K01,K01.1|K01.2,134,15.433399,68.48935
NSF,2117239,K01,K01.1|K01.2,78,-33.07378,77.285934
NSF,2117393,K02,K02.1,360,43.295387,-37.07581
NSF,2117404,K06,K06.2,1552,17.482492,4.287844
NSF,2117405,K02,K02.1,316,18.776417,29.321875
NSF,2117505,K02,K02.1,316,18.776417,29.321875
NSF,2117693,K01,K01.1|K01.2,138,-2.1622853,77.110886
NSF,2117722,K01,K01.1|K01.2,187,-24.29594,68.064766
NSF,2117865,K05,K05.1,1215,-21.785828,2.9111624
NSF,2117908,K02,K02.1,250,22.06092,-41.801243
NSF,2117917,K01,K01.1,10,-9.378735,97.45452
NSF,2117987,K02,K02.1,417,47.512535,29.974957
NSF,2118202,K04,K04.1|K04.3,1016,-56.232197,-39.92333
NSF,2118234,K04,K04.1|K04.3,1016,-56.29127,-39.884975
NSF,2118491,K04,K04.1|K04.3,1016,-56.282135,-39.88326
NSF,2118515,K04,K04.1|K04.3,952,-24.112988,-16.429976
NSF,2119433,K04,K04.1|K04.3,983,8.827075,-78.45932
NSF,2119465,K01,K01.1,63,-3.4693887,48.12898
NSF,2119541,K01,K01.1,63,-3.4695258,48.128475
NSF,2120155,K01,K01.1|K01.2,70,-32.986988,72.244545
NSF,2120238,K04,K04.1,835,-35.96557,-58.348965
NSF,2120366,K02,K02.1|K02.2,475,67.337296,-5.3894286
NSF,2120619,K02,K02.1|K02.2,437,85.43243,46.95762
NSF,2120656,K04,K04.1|K04.3,952,-24.112988,-16.429976
NSF,2120683,K04,K04.3,1159,-10.502279,-93.18906
NSF,2120684,K04,K04.3,1159,-10.502279,-93.18906
NSF,2120692,K04,K04.3,1159,-10.502279,-93.18906
NSF,2120829,K04,K04.1|K04.2,910,-25.77373,-59.1323
NSF,2120880,K01,K01.1,65,-2.871822,49.009575
NSF,2120881,K01,K01.1,65,-2.871822,49.009575
NSF,2120906,K04,K04.1|K04.2,900,-37.176346,-59.782696
NSF,2121160,K04,K04.1|K04.3,983,8.827075,-78.45932
NSF,2121169,K03,K03.3,736,-60.868565,-3.945162
NSF,2121238,K01,K01.1,12,14.375579,51.123745
NSF,2121491,K02,K02.1,265,51.846493,-59.891644
NSF,2121528,K02,K02.1,285,41.370483,51.843845
NSF,2121585,K02,K02.1|K02.2,426,28.5162,-44.625496
NSF,2121616,K02,K02.1,285,41.370483,51.843845
NSF,2121641,K01,K01.1|K01.2,176,-18.690506,81.422325
NSF,2121674,K04,K04.1|K04.3,983,8.827075,-78.45932
NSF,2121730,K05,K05.1,1285,-25.278278,7.1176815
NSF,2121739,K01,K01.1,55,1.5746405,64.52694
NSF,2121788,K01,K01.1,12,14.375579,51.123745
NSF,2121875,K05,K05.1,1224,-21.710903,12.581203
NSF,2121904,K05,K05.3,1489,-16.330868,-3.192926
NSF,2121909,K05,K05.3,1489,-16.330778,-3.1926835
NSF,2121931,K01,K01.1|K01.2,192,-26.08277,50.091164
NSF,2121967,K04,K04.1|K04.3,954,-13.148732,-80.80273
NSF,2121977,K01,K01.1,39,18.825724,80.12582
NSF,2121986,K04,K04.1|K04.2,910,-25.77373,-59.1323
NSF,2121991,K04,K04.1|K04.2,910,-25.77373,-59.1323
NSF,2122014,K04,K04.1|K04.3,983,8.827075,-78.45932
NSF,2122042,K02,K02.1,285,41.370483,51.843845
NSF,2122054,K05,K05.1,1217,-21.268343,2.239311
NSF,2122080,K04,K04.1,812,-43.410824,-48.87588
NSF,2122117,K02,K02.1,259,24.741982,-40.98571
NSF,2122130,K05,K05.1,1194,-14.737701,6.997204
NSF,2122174,K02,K02.1|K02.2,444,77.07154,-20.12497
NSF,2122186,K01,K01.1|K01.2,78,-33.294437,77.13407
NSF,2122247,K02,K02.1,415,48.284218,2.8264108
NSF,2122808,K04,K04.1|K04.3,953,-12.430512,-82.13836
NSF,2123372,K02,K02.1,285,41.370483,51.843845
NSF,2123495,K04,K04.1,812,-43.315964,-48.944252
NSF,2123540,K01,K01.1,60,-20.180399,71.100716
NSF,2123682,K02,K02.1,386,24.685783,-20.834702
NSF,2123699,K03,K03.2,685,-80.76108,24.703545
NSF,2123768,K01,K01.1|K01.2,198,-27.102337,58.880184
NSF,2123794,K01,K01.1,13,-6.2306414,41.88243
NSF,2123852,K01,K01.2,233,-33.018238,52.9222
NSF,2124088,K05,K05.3,1490,-9.564836,-9.61445
NSF,2124210,K03,K03.3,750,-74.55725,-14.270098
NSF,2124211,K03,K03.3,750,-74.55725,-14.270098
NSF,2124215,K03,K03.1|K03.2,582,-82.95524,17.102467
NSF,2124284,K04,K04.1|K04.3,984,2.2555227,-72.36042
NSF,2124332,K04,K04.1|K04.3,983,8.827075,-78.45932
NSF,2124455,K05,K05.3,1502,-16.835596,1.3352444
NSF,2124735,K04,K04.1|K04.3,983,8.827075,-78.45932
NSF,2124739,K02,K02.1,413,48.92198,14.910779
NSF,2124824,K02,K02.1,295,0.09985375,-32.30974
NSF,2124837,K04,K04.1|K04.3,981,-32.983753,-48.526485
NSF,2124849,K04,K04.1|K04.3,1045,-43.489548,-25.451105
NSF,2124858,K05,K05.1|K05.3,1409,1.1813391,19.592648
NSF,2124885,K02,K02.1,295,0.09985375,-32.30974
NSF,2125196,K02,K02.1|K02.2,496,48.010517,9.825888
NSF,2125200,K04,K04.1,813,-39.531815,-53.728043
NSF,2125234,K04,K04.1|K04.3,1031,-32.73204,-49.10897
NSF,2125259,K01,K01.2,212,-50.51855,62.660133
NSF,2125264,K02,K02.1,411,67.15129,8.196464
NSF,2125279,K04,K04.1,823,-47.69857,-44.472343
NSF,2125283,K04,K04.1,844,-33.65678,-53.35306
NSF,2125285,K01,K01.1|K01.2,104,-20.388475,48.19056
NSF,2125288,K04,K04.1,816,-34.0098,-53.293053
NSF,2125293,K02,K02.1,285,41.370483,51.843845
NSF,2125337,K02,K02.1,386,24.685783,-20.834702
NSF,2125350,K05,K05.1|K05.3,1413,-11.569535,1.8624258
NSF,2125361,K05,K05.1,1237,-25.823137,11.317883
NSF,2125375,K05,K05.1,1228,-17.508833,17.409245
NSF,2125407,K02,K02.1,295,0.09985375,-32.30974
NSF,2125409,K05,K05.1|K05.3,1379,-13.006834,1.752115
NSF,2125426,K04,K04.1|K04.3,1112,-31.032553,-49.431633
NSF,2125427,K01,K01.1|K01.2,102,-50.570137,46.676212
NSF,2125447,K01,K01.1,29,-74.19922,48.76944
NSF,2125472,K05,K05.1,1233,-23.400883,9.690529
NSF,2125516,K01,K01.1,12,14.375579,51.123745
NSF,2125526,K04,K04.1,830,-34.932156,-51.184265
NSF,2125548,K05,K05.1|K05.3,1415,-8.172035,3.5117636
NSF,2125616,K01,K01.1|K01.2,99,-32.75894,32.979694
NSF,2125633,K05,K05.2|K05.3,1460,-0.28779283,1.2646661
NSF,2125671,K04,K04.1|K04.3,952,-24.112988,-16.429976
NSF,2125672,K05,K05.3,1526,-7.534209,-3.9743006
NSF,2125908,K04,K04.1|K04.3,1086,-21.712341,-65.46554
NSF,2126069,K02,K02.1,295,0.09985375,-32.30974
NSF,2126096,K02,K02.1|K02.2,464,71.34738,32.361897
NSF,2126097,K02,K02.1,386,24.685783,-20.834702
NSF,2126112,K01,K01.1|K01.2,138,-2.1316397,77.09113
NSF,2126127,K04,K04.1|K04.3,983,8.827075,-78.45932
NSF,2126156,K03,K03.2|K03.3,714,-91.86005,15.661076
NSF,2126167,K02,K02.1|K02.2,441,76.0081,-25.121264
NSF,2126187,K04,K04.1|K04.3,983,8.827075,-78.45932
NSF,2126193,K02,K02.1,386,24.685783,-20.834702
NSF,2126206,K02,K02.1,308,63.526524,-40.53105
NSF,2126467,K02,K02.1,285,41.370483,51.843845
NSF,2126468,K01,K01.1,39,18.825724,80.12582
NSF,2126514,K02,K02.1,285,41.370483,51.843845
NSF,2126524,K02,K02.1,295,0.09985375,-32.30974
NSF,2126533,K02,K02.1|K02.2,440,78.73425,-22.329296
NSF,2126537,K02,K02.1,386,24.685783,-20.834702
NSF,2126564,K04,K04.1|K04.3,952,-24.112988,-16.429976
NSF,2126583,K03,K03.2,702,-63.3782,7.2299047
NSF,2126607,K02,K02.1|K02.2,440,78.73425,-22.329296
NSF,2126633,K05,K05.1|K05.2,1294,3.7413867,4.3190727
NSF,2126701,K05,K05.1,1226,-17.668123,17.006918
NSF,2126729,K01,K01.1,31,14.822793,94.195984
NSF,2126742,K03,K03.3,750,-74.55725,-14.270098
NSF,2126765,K04,K04.1|K04.3,953,-12.430512,-82.13836
NSF,2126770,K04,K04.1|K04.3,983,8.827075,-78.45932
NSF,2126828,K04,K04.1|K04.3,952,-24.112988,-16.429976
NSF,2126844,K01,K01.1,13,-6.2306414,41.88243
NSF,2127092,K04,K04.3,1159,-10.502279,-93.18906
NSF,2127095,K03,K03.3,750,-74.55725,-14.270098
NSF,2127096,K04,K04.3,1168,-64.35982,-56.200222
NSF,2127105,K04,K04.1|K04.3,952,-24.112988,-16.429976
NSF,2127147,K04,K04.3,1161,-8.749533,-91.93633
NSF,2127171,K01,K01.2,229,-27.060686,50.312153
NSF,2127172,K01,K01.2,229,-27.060692,50.312084
NSF,2127177,K04,K04.3,1155,-20.161411,-99.65173
NSF,2127220,K01,K01.1,23,5.88845,49.172436
NSF,2127221,K01,K01.1,23,5.88845,49.172436
NSF,2127272,K02,K02.1,397,32.77185,-0.5513525
NSF,2127273,K02,K02.1,397,32.77185,-0.5513525
NSF,2127282,K01,K01.1|K01.2,153,-18.235981,50.521587
NSF,2127285,K04,K04.2|K04.3,1145,-12.745338,-46.553577
NSF,2127329,K01,K01.1|K01.2,112,-24.120749,47.94629
NSF,2127333,K03,K03.3,766,-50.057766,14.385297
NSF,2127354,K04,K04.1,885,-31.75721,-54.66703
NSF,2127357,K02,K02.1,354,80.79976,23.882973
NSF,2127424,K02,K02.1,410,50.4626,-6.3373137
NSF,2127439,K01,K01.1|K01.2,121,-55.006493,62.2094
NSF,2127461,K04,K04.1|K04.3,1001,7.3627763,-55.948906
NSF,2127466,K02,K02.1,386,24.685783,-20.834702
NSF,2127476,K02,K02.1,285,41.370483,51.843845
NSF,2127606,K01,K01.1,39,18.825724,80.12582
NSF,2127607,K01,K01.1|K01.2,138,-1.3531255,76.954124
NSF,2127643,K03,K03.1|K03.2,599,-49.212437,3.9726064
NSF,2127677,K02,K02.1,360,43.295387,-37.07581
NSF,2127678,K02,K02.1,360,43.295387,-37.07581
NSF,2127684,K02,K02.1,316,18.776417,29.321875
NSF,2127727,K04,K04.1|K04.3,1009,-59.179745,-54.411636
NSF,2127775,K02,K02.1|K02.2,437,85.43243,46.95762
NSF,2127861,K02,K02.1,316,18.776417,29.321875
NSF,2127932,K02,K02.1,397,32.048985,-1.3903842
NSF,2127941,K02,K02.1,397,32.34258,-0.96433836
NSF,2128030,K01,K01.1|K01.2,69,-32.390087,68.93073
NSF,2128035,K04,K04.1|K04.3,1001,7.3627763,-55.948906
NSF,2128365,K02,K02.1,235,27.120789,-59.87018
NSF,2128431,K04,K04.1|K04.3,952,-24.112988,-16.429976
NSF,2128561,K04,K04.1|K04.3,1009,-58.855232,-54.745285
NSF,2128592,K02,K02.1|K02.2,440,78.73425,-22.329296
NSF,2128617,K01,K01.1,55,1.5746405,64.52694
NSF,2128782,K04,K04.1|K04.3,1108,-31.949434,-37.82047
NSF,2128856,K04,K04.1|K04.3,1108,-31.949408,-37.82007
NSF,2129083,K02,K02.1,285,41.370483,51.843845
NSF,2129120,K02,K02.1,417,47.512535,29.974957
NSF,2129137,K01,K01.1|K01.2,127,-28.069199,59.18917
NSF,2129228,K02,K02.1,295,0.09985375,-32.30974
NSF,2129363,K02,K02.1,295,0.09985375,-32.30974
NSF,2129383,K03,K03.1,545,-65.01299,31.360283
NSF,2129531,K02,K02.1|K02.2,475,68.17251,-5.432696
NSF,2129570,K04,K04.1,798,-9.655702,-70.22493
NSF,2129602,K04,K04.1,809,-46.650127,-40.059284
NSF,2129627,K03,K03.1,566,-75.87915,8.885165
NSF,2129631,K04,K04.1|K04.3,1053,-38.54718,-30.883507
NSF,2129801,K01,K01.2,234,-30.729856,56.53702
NSF,2129833,K02,K02.1,285,41.370483,51.843845
NSF,2129835,K02,K02.1,285,41.370483,51.843845
NSF,2130675,K02,K02.1,360,43.295387,-37.07581
NSF,2130718,K04,K04.1|K04.3,1045,-43.489548,-25.451105
NSF,2130734,K04,K04.1|K04.3,1045,-43.489548,-25.451105
NSF,2130945,K04,K04.2,1119,-4.520035,-75.43233
NSF,2131070,K04,K04.1|K04.2|K04.3,937,-68.282364,-42.963543
NSF,2131161,K04,K04.1|K04.3,1078,-5.283545,-59.32432
NSF,2131163,K04,K04.1|K04.2|K04.3,937,-68.282364,-42.963543
NSF,2131175,K04,K04.1|K04.3,1045,-43.489548,-25.451105
NSF,2131193,K04,K04.1,812,-43.40878,-48.87716
NSF,2131199,K02,K02.1,386,24.685783,-20.834702
NSF,2131201,K04,K04.1,823,-47.69857,-44.47224
NSF,2131222,K02,K02.1,265,51.846493,-59.891644
NSF,2131369,K02,K02.1,285,41.370483,51.843845
NSF,2131370,K02,K02.1,285,41.370483,51.843845
NSF,2131373,K04,K04.1|K04.3,1009,-58.726994,-54.30519
NSF,2131621,K03,K03.1|K03.2,599,-49.210854,3.9729958
NSF,2131645,K02,K02.1,360,43.295387,-37.07581
NSF,2131678,K05,K05.1,1286,-26.88114,6.0339785
NSF,2131745,K02,K02.1,235,27.120789,-59.87018
NSF,2131749,K02,K02.1,354,81.31574,23.687582
NSF,2131848,K05,K05.3,1528,-7.0261946,-5.9726005
NSF,2131855,K01,K01.1,14,-5.7523375,41.076195
NSF,2132026,K01,K01.1,12,12.39364,51.40705
NSF,2132089,K02,K02.1,386,24.685783,-20.834702
NSF,2132324,K01,K01.1|K01.2,197,-19.348436,49.84861
NSF,2132385,K02,K02.1,293,39.632145,-19.24301
NSF,2132419,K04,K04.1|K04.3,961,-58.295326,-38.570282
NSF,2132487,K03,K03.1,526,-59.613003,-0.6619788
NSF,2132729,K03,K03.1|K03.3,649,-81.910736,-0.49904373
NSF,2133029,K04,K04.1|K04.3,1016,-56.285236,-39.88117
NSF,2133233,K05,K05.3,1528,-7.0251956,-5.974619
NSF,2133256,K04,K04.1,879,-32.872322,-52.13883
NSF,2133279,K01,K01.1|K01.2,100,-52.13527,45.09965
NSF,2133297,K01,K01.1|K01.2,143,4.509292,75.8448
NSF,2133302,K06,K06.2,1557,17.551538,-2.241801
NSF,2133308,K04,K04.1,864,-31.089512,-53.27123
NSF,2133309,K04,K04.1,830,-34.932156,-51.184265
NSF,2133334,K01,K01.1,18,-1.6834168,48.290462
NSF,2133337,K06,K06.2,1556,18.045214,-2.7132156
NSF,2133342,K06,K06.2,1545,17.232025,-2.0445054
NSF,2133352,K05,K05.1,1224,-21.758097,12.527101
NSF,2133356,K04,K04.1,832,-35.00425,-51.20786
NSF,2133379,K06,K06.2,1558,18.405325,-2.9056778
NSF,2133384,K04,K04.1|K04.3,1028,-46.599003,-60.677437
NSF,2133398,K05,K05.3,1499,-8.105376,-7.474463
NSF,2133474,K04,K04.1,855,-16.760859,-47.89759
NSF,2133512,K04,K04.1|K04.3,952,-24.112988,-16.429976
NSF,2133549,K04,K04.1|K04.3,952,-24.112988,-16.429976
NSF,2133553,K04,K04.1,855,-16.760859,-47.89759
NSF,2133700,K04,K04.3,1175,-78.67302,-48.361004
NSF,2133960,K03,K03.2,688,-77.02707,24.855907
NSF,2134375,K02,K02.1,250,22.334753,-42.230137
NSF,2134564,K04,K04.1|K04.3,1086,-23.096376,-66.43567
NSF,2134600,K01,K01.1|K01.2,198,-27.091082,58.87081
NSF,2134658,K04,K04.1|K04.3,1054,-55.077137,-37.71133
NSF,2134840,K04,K04.1|K04.3,1045,-43.489548,-25.451105
NSF,2134864,K01,K01.1,67,-10.781879,47.44983
NSF,2134865,K02,K02.1,411,67.15249,8.196134
NSF,2134904,K05,K05.1,1215,-21.785734,2.9120538
NSF,2135018,K01,K01.1,68,-4.5629535,52.15365
NSF,2135218,K02,K02.1,386,24.685783,-20.834702
NSF,2135440,K02,K02.1,316,18.776417,29.321875
NSF,2135468,K02,K02.2,500,32.506992,-55.389168
NSF,2135530,K04,K04.1|K04.3,952,-24.112988,-16.429976
NSF,2135579,K04,K04.1|K04.3,1045,-42.80562,-25.536972
NSF,2135669,K04,K04.2,1120,-4.5001183,-75.367065
NSF,2135713,K01,K01.1,46,8.961066,79.66487
NSF,2135732,K04,K04.1|K04.3,1008,-48.36968,-61.937954
NSF,2135761,K05,K05.1,1286,-26.880983,6.03388
NSF,2135771,K05,K05.1|K05.3,1424,-11.260942,-0.83291525
NSF,2135783,K01,K01.1|K01.2,69,-32.390324,68.93111
NSF,2135879,K05,K05.1,1258,-17.21141,20.492842
NSF,2136006,K04,K04.1|K04.3,952,-24.112988,-16.429976
NSF,2136085,K01,K01.2,233,-33.013527,52.921192
NSF,2136118,K04,K04.3,1155,-20.161411,-99.65173
NSF,2136214,K04,K04.1|K04.3,952,-24.112988,-16.429976
NSF,2136220,K04,K04.1|K04.3,952,-24.112988,-16.429976
NSF,2136225,K01,K01.1,33,13.08624,95.21298
NSF,2136230,K01,K01.2,233,-33.018238,52.9222
NSF,2136302,K04,K04.1|K04.3,952,-24.112988,-16.429976
NSF,2136377,K02,K02.1,295,0.09985375,-32.30974
NSF,2136505,K03,K03.3,745,-91.148315,-1.221611
NSF,2136511,K04,K04.1|K04.3,952,-24.112988,-16.429976
NSF,2136584,K04,K04.1,829,-42.70735,-47.01334
NSF,2136680,K04,K04.1,812,-43.410114,-48.876785
NSF,2136735,K04,K04.1|K04.3,1008,-48.879555,-62.271362
NSF,2136751,K04,K04.1|K04.3,983,8.827075,-78.45932
NSF,2136763,K04,K04.1|K04.3,952,-24.112988,-16.429976
NSF,2136818,K02,K02.1,295,0.09985375,-32.30974
NSF,2136934,K02,K02.1,316,18.776417,29.321875
NSF,2137033,K01,K01.1,64,-13.310186,48.98946
NSF,2137274,K04,K04.1|K04.3,974,-25.328278,-21.039864
NSF,2137275,K04,K04.1|K04.3,1034,-69.0096,-41.44403
NSF,2137561,K04,K04.1|K04.3,1100,-27.817991,-39.434105
NSF,2137582,K04,K04.1|K04.3,1032,-31.754446,-47.95249
NSF,2137684,K05,K05.1,1224,-21.729713,12.544707
NSF,2137701,K03,K03.2,691,-82.22083,25.81545
NSF,2137730,K04,K04.1|K04.3,1001,7.3627763,-55.948906
NSF,2137745,K04,K04.1,811,-8.784746,-58.242683
NSF,2137766,K04,K04.1|K04.3,1029,-51.255337,-61.97923
NSF,2137798,K04,K04.1|K04.3,1010,-61.795425,-43.677235
NSF,2137826,K01,K01.1|K01.2,120,-22.07204,46.905228
NSF,2137882,K03,K03.1,536,-83.937386,8.082594
NSF,2137891,K05,K05.1|K05.3,1383,-12.58587,1.8070713
NSF,2137970,K01,K01.1,3,5.9096456,49.177696
NSF,2137977,K01,K01.1,12,12.383069,51.41314
NSF,2138057,K01,K01.1|K01.2,198,-27.100155,58.874886
NSF,2138186,K04,K04.1|K04.3,1108,-31.949375,-37.820045
NSF,2138293,K05,K05.1,1237,-25.823124,11.317469
NSF,2138318,K02,K02.1,386,24.685783,-20.834702
NSF,2138346,K02,K02.1,386,24.685783,-20.834702
NSF,2138380,K04,K04.3,1159,-10.502279,-93.18906
NSF,2138408,K04,K04.1|K04.3,952,-24.112988,-16.429976
NSF,2138414,K02,K02.1,250,22.334753,-42.230137
NSF,2138438,K04,K04.1,798,-9.607636,-70.04601
NSF,2138449,K01,K01.1,10,-9.378735,97.45452
NSF,2138539,K02,K02.2,514,64.415474,-21.44738
NSF,2138549,K03,K03.1|K03.3,649,-82.08611,-0.093363464
NSF,2138553,K02,K02.1,250,22.069399,-41.801537
NSF,2138584,K02,K02.1,393,41.77962,-10.186249
NSF,2138619,K02,K02.1,285,41.370483,51.843845
NSF,2138631,K03,K03.3,741,-61.67414,-12.347317
NSF,2138647,K05,K05.1,1273,-24.681437,18.015245
NSF,2138701,K01,K01.1,12,12.383069,51.41314
NSF,2138785,K03,K03.2,694,-43.875904,20.697796
NSF,2138786,K03,K03.2,694,-43.875904,20.697796
NSF,2138787,K03,K03.2,694,-43.875904,20.697796
NSF,2138801,K02,K02.1,285,41.370483,51.843845
NSF,2138809,K01,K01.1,1,-34.628174,68.946976
NSF,2138893,K02,K02.1,417,47.512535,29.974957
NSF,2138912,K04,K04.1|K04.3,957,-13.381025,-82.51136
NSF,2138937,K02,K02.1,417,47.512535,29.974957
NSF,2139002,K03,K03.2,694,-43.875904,20.697796
NSF,2139025,K04,K04.1|K04.3,1008,-48.879555,-62.271362
NSF,2139300,K02,K02.1,295,0.09985375,-32.30974
NSF,2139301,K02,K02.1,295,0.09985375,-32.30974
NSF,2139649,K03,K03.2|K03.3,714,-91.86005,15.661076
NSF,2139663,K03,K03.3,750,-74.55725,-14.270098
NSF,2139809,K01,K01.1,27,-75.66801,50.64134
NSF,2139836,K01,K01.1,27,-75.66801,50.64134
NSF,2139882,K02,K02.1,269,54.05155,-54.90884
NSF,2139883,K02,K02.1,269,54.05155,-54.90884
NSF,2140146,K04,K04.3,1159,-10.502279,-93.18906
NSF,2140296,K04,K04.1|K04.3,952,-24.112988,-16.429976
NSF,2140306,K04,K04.1|K04.3,1008,-48.36968,-61.937954
NSF,2140335,K02,K02.1,305,6.366996,-25.711927
NSF,2140489,K04,K04.1,805,3.8496146,-56.150692
NSF,2140523,K04,K04.1|K04.3,952,-24.112988,-16.429976
NSF,2140723,K04,K04.3,1172,-70.2888,-54.51908
NSF,2140820,K04,K04.1|K04.3,952,-24.112988,-16.429976
NSF,2140988,K04,K04.1|K04.3,953,-12.432945,-82.14205
NSF,2140999,K01,K01.1|K01.2,115,-24.782873,47.21434
NSF,2141017,K04,K04.1|K04.3,1008,-48.36968,-61.937954
NSF,2141035,K04,K04.1|K04.3,952,-24.112988,-16.429976
NSF,2141056,K04,K04.3,1164,8.226209,-59.43357
NSF,2141073,K04,K04.1|K04.3,1001,7.3627763,-55.948906
NSF,2141092,K01,K01.1|K01.2,78,-33.07378,77.285934
NSF,2141122,K04,K04.3,1155,-20.161411,-99.65173
NSF,2141162,K04,K04.1|K04.3,952,-24.112988,-16.429976
NSF,2141184,K04,K04.1,812,-43.40159,-48.88556
NSF,2141193,K02,K02.1,265,51.846493,-59.891644
NSF,2141203,K01,K01.1|K01.2,78,-33.07378,77.285934
NSF,2141243,K01,K01.1,68,-4.5629535,52.15365
NSF,2141278,K01,K01.1|K01.2,198,-27.10029,58.874096
NSF,2141382,K02,K02.1|K02.2,437,85.43243,46.95762
NSF,2141503,K02,K02.1,360,43.295387,-37.07581
NSF,2141763,K02,K02.1,308,63.525555,-40.5382
NSF,2141804,K01,K01.1,31,14.822793,94.195984
NSF,2142003,K04,K04.1|K04.3,952,-24.112988,-16.429976
NSF,2142165,K02,K02.1,360,43.295387,-37.07581
NSF,2142686,K02,K02.1,360,43.295387,-37.07581
NSF,2142967,K02,K02.1|K02.2,499,64.77853,25.079782
NSF,2143021,K01,K01.1,12,14.375579,51.123745
NSF,2143379,K02,K02.1,360,43.295387,-37.07581
NSF,2143410,K02,K02.1|K02.2,464,71.34738,32.361897
NSF,2143902,K01,K01.1|K01.2,78,-33.196075,77.38372
NSF,2143970,K02,K02.1,250,22.58937,-43.05733
NSF,2144299,K02,K02.1|K02.2,418,32.49717,-55.52365
NSF,2144406,K01,K01.2,212,-50.51855,62.660133
NSF,2145134,K04,K04.1|K04.3,1047,-39.12027,-30.467863
NSF,2145137,K02,K02.1,360,43.295387,-37.07581
NSF,2145472,K02,K02.1|K02.2,440,77.58707,-22.273842
NSF,2145627,K02,K02.1,360,43.295387,-37.07581
NSF,2145665,K02,K02.1,265,51.846493,-59.891644
NSF,2146490,K04,K04.1|K04.3,952,-24.112988,-16.429976
NSF,2146640,K02,K02.1,386,24.685783,-20.834702
NSF,2146704,K03,K03.2,680,-58.30891,-12.312012
NSF,2146711,K04,K04.3,1155,-20.161411,-99.65173
NSF,2146929,K01,K01.1,27,-75.66801,50.64134
NSF,2147025,K03,K03.3,750,-74.55725,-14.270098
NSF,2147052,K02,K02.1,236,29.137192,-52.050907
NSF,2147070,K03,K03.3,750,-74.55725,-14.270098
NSF,2147106,K03,K03.3,750,-74.55725,-14.270098
NSF,2147117,K04,K04.1|K04.3,992,-59.86398,-34.403297
NSF,2147431,K04,K04.1|K04.3,983,8.827075,-78.45932
NSF,2147716,K02,K02.1,415,48.284218,2.8264108
NSF,2147781,K03,K03.1|K03.3,641,-60.159885,-13.415741
NSF,2147782,K03,K03.1|K03.3,641,-60.159885,-13.415741
NSF,2147832,K02,K02.1|K02.2,425,27.516665,-44.25981
NSF,2147919,K02,K02.2,519,58.099236,-4.7889104
NSF,2148184,K02,K02.1,397,32.8937,-0.65962374
NSF,2148407,K02,K02.1|K02.2,475,67.337296,-5.3894286
NSF,2148468,K02,K02.1|K02.2,499,64.77853,25.079782
NSF,2148507,K01,K01.2,218,-1.3787869,85.43857
NSF,2148673,K02,K02.1,397,32.052372,-1.3850027
NSF,2148783,K02,K02.1,415,48.284218,2.8264108
NSF,2148865,K01,K01.1,31,14.822793,94.195984
NSF,2148871,K01,K01.1,39,18.81882,80.939255
NSF,2148879,K02,K02.1,394,36.07797,-4.0629354
NSF,2149103,K02,K02.1,235,27.163996,-61.750576
NSF,2149106,K01,K01.1|K01.2,193,-22.104595,51.71612
NSF,2149113,K02,K02.2,516,68.44865,-10.38025
NSF,2149158,K02,K02.1,370,49.446877,-19.791237
NSF,2149191,K02,K02.1,417,47.512535,29.974957
NSF,2149223,K02,K02.1|K02.2,475,67.337296,-5.3894286
NSF,2149224,K02,K02.1|K02.2,475,67.337296,-5.3894286
NSF,2149244,K02,K02.1,316,18.776417,29.321875
NSF,2149329,K02,K02.1,370,49.97664,-19.520102
NSF,2149335,K02,K02.2,516,68.44926,-10.380212
NSF,2149435,K02,K02.1|K02.2,468,55.865288,-17.34832
NSF,2149909,K02,K02.1,316,18.776417,29.321875
NSF,2150093,K02,K02.1,316,18.776417,29.321875
NSF,2150163,K02,K02.1,417,47.512535,29.974957
NSF,2150387,K01,K01.1|K01.2,198,-27.106718,58.88529
NSF,2150596,K04,K04.3,1168,-64.36006,-56.20057
NSF,2150704,K02,K02.1,235,27.163996,-61.750576
NSF,2150725,K02,K02.1|K02.2,464,71.34738,32.361897
NSF,2150932,K03,K03.1,545,-65.01299,31.360283
NSF,2150965,K02,K02.1,275,77.93738,50.04157
NSF,2151256,K04,K04.1,780,-23.853506,-46.526478
NSF,2151392,K04,K04.1|K04.3,1045,-44.095512,-25.38758
NSF,2151428,K04,K04.3,1155,-20.161411,-99.65173
NSF,2151435,K04,K04.1|K04.3,1045,-44.095512,-25.38758
NSF,2151454,K04,K04.1|K04.3,983,8.827075,-78.45932
NSF,2151516,K01,K01.1|K01.2,100,-52.70916,45.427357
NSF,2151551,K04,K04.1|K04.3,1062,-13.274075,-51.79692
NSF,2151571,K04,K04.1|K04.3,1045,-44.095512,-25.38758
NSF,2151576,K04,K04.1,798,-9.607636,-70.04601
NSF,2151594,K02,K02.1,275,77.93738,50.04157
NSF,2151599,K04,K04.3,1155,-20.518133,-99.82441
NSF,2151637,K01,K01.1|K01.2,99,-33.68071,33.170105
NSF,2151666,K04,K04.1|K04.3,983,8.827075,-78.45932
NSF,2151668,K04,K04.1|K04.3,983,8.827075,-78.45932
NSF,2151688,K04,K04.1|K04.3,1001,7.3627763,-55.948906
NSF,2151904,K04,K04.1|K04.3,952,-24.112988,-16.429976
NSF,2152000,K04,K04.1,841,-35.901485,-57.691334
NSF,2152491,K01,K01.1|K01.2,175,-19.728945,84.121796
NSF,2152622,K03,K03.2,694,-43.875904,20.697796
NSF,2152649,K02,K02.1,386,24.685783,-20.834702
NSF,2152834,K03,K03.2,687,-78.41183,26.434175
NSF,2152928,K01,K01.1|K01.2,99,-33.089325,33.054157
NSF,2153163,K01,K01.1|K01.2,164,-12.042008,62.242374
NSF,2153229,K04,K04.1|K04.3,1045,-42.92158,-25.32931
NSF,2153370,K02,K02.1,265,50.667454,-59.091686
NSF,2153426,K01,K01.1,51,-52.185402,85.776695
NSF,2153438,K04,K04.1|K04.3,1034,-69.171005,-41.398697
NSF,2153689,K06,K06.2,1558,18.405325,-2.9056778
NSF,2153778,K01,K01.1,12,14.375579,51.123745
NSF,2153779,K01,K01.1,12,14.375579,51.123745
NSF,2153880,K04,K04.1|K04.3,952,-24.112988,-16.429976
NSF,2153913,K02,K02.1,360,43.295387,-37.07581
NSF,2153919,K02,K02.1,360,43.295387,-37.07581
NSF,2154013,K02,K02.1|K02.2,499,64.77853,25.079782
NSF,2154295,K02,K02.1,235,27.120789,-59.87018
NSF,2154345,K04,K04.1|K04.3,983,8.827075,-78.45932
NSF,2155110,K04,K04.1,813,-39.531532,-53.728302
NSF,2155193,K02,K02.1,274,61.839836,54.416603
NSF,2200023,K05,K05.3,1531,-7.946884,-8.626218
NSF,2200648,K02,K02.1|K02.2,475,67.337296,-5.3894286
NSF,2201638,K04,K04.1|K04.3,952,-24.112988,-16.429976
NSF,2201653,K01,K01.1|K01.2,138,-1.6193715,77.293915
NSF,2202061,K05,K05.3,1529,-15.406084,-5.181826
NSF,2202071,K04,K04.1|K04.3,952,-24.112988,-16.429976
NSF,2202113,K01,K01.1|K01.2,89,-39.726227,63.078007
NSF,2202126,K04,K04.1|K04.3,1095,-34.638157,-37.34787
NSF,2202313,K01,K01.1|K01.2,134,15.433142,68.48929
NSF,2202706,K04,K04.1,842,-33.413685,-55.419083
NSF,2202783,K02,K02.1|K02.2,437,85.43243,46.95762
NSF,2202784,K02,K02.1|K02.2,437,85.43243,46.95762
NSF,2202785,K02,K02.1|K02.2,437,85.43243,46.95762
NSF,2202875,K02,K02.1,285,41.370483,51.843845
NSF,2203053,K02,K02.1|K02.2,451,83.686264,8.018227
NSF,2203111,K01,K01.1|K01.2,92,-11.063541,96.5762
NSF,2203165,K01,K01.1,12,14.375579,51.123745
NSF,2203180,K02,K02.1,250,22.307907,-41.384895
NSF,2203204,K02,K02.1,397,32.052372,-1.3850027
NSF,2203235,K03,K03.3,750,-73.63334,-14.892893
NSF,2203357,K01,K01.2,207,-42.613377,46.514423
NSF,2203485,K01,K01.2,207,-42.613377,46.514423
NSF,2203497,K01,K01.2,207,-42.613377,46.514423
NSF,2203516,K03,K03.1|K03.2,616,-72.89884,9.215295
NSF,2203731,K04,K04.1|K04.3,1086,-22.034744,-66.076775
NSF,2203821,K03,K03.3,750,-73.32832,-13.186829
NSF,2203898,K02,K02.1,295,0.09985375,-32.30974
NSF,2204138,K02,K02.1,285,41.370483,51.843845
NSF,2204308,K02,K02.1,370,49.951206,-19.7618
NSF,2204433,K01,K01.1,49,-5.713903,65.471756
NSF,2204484,K01,K01.1,27,-75.66801,50.64134
NSF,2204489,K02,K02.1,295,0.09985375,-32.30974
NSF,2204523,K02,K02.1,275,77.93738,50.04157
NSF,2204584,K02,K02.1,417,47.512535,29.974957
NSF,2204589,K03,K03.1|K03.3,656,-46.35131,-11.056258
NSF,2204594,K03,K03.2|K03.3,718,-95.60288,10.434782
NSF,2204689,K01,K01.1|K01.2,78,-33.1659,77.391
NSF,2204852,K02,K02.1,295,0.09985375,-32.30974
NSF,2204893,K04,K04.1|K04.3,1045,-43.489548,-25.451105
NSF,2205596,K02,K02.1,285,41.370483,51.843845
NSF,2205604,K02,K02.1,417,47.512535,29.974957
NSF,2205637,K02,K02.1,295,0.09985375,-32.30974
NSF,2205794,K02,K02.1,295,0.09985375,-32.30974
NSF,2205819,K01,K01.1|K01.2,99,-33.546837,33.473995
NSF,2205848,K02,K02.1,316,18.776417,29.321875
NSF,2205892,K02,K02.1,393,41.77962,-10.186249
NSF,2205966,K02,K02.1,417,47.512535,29.974957
NSF,2205984,K01,K01.1|K01.2,175,-20.766249,84.114494
NSF,2205990,K01,K01.1,12,14.375579,51.123745
NSF,2207119,K02,K02.1,316,18.776417,29.321875
NSF,2207191,K04,K04.1|K04.3,1001,7.3627763,-55.948906
NSF,2207235,K04,K04.1|K04.3,1001,7.3627763,-55.948906
NSF,2208348,K04,K04.1|K04.3,983,8.827075,-78.45932
NSF,2208396,K02,K02.1,296,7.3137255,-26.873999
NSF,2208697,K04,K04.1|K04.2,891,-5.7374783,-74.63813
NSF,2208725,K04,K04.1,812,-43.405693,-48.842464
NSF,2208779,K04,K04.1|K04.3,952,-24.112988,-16.429976
NSF,2208794,K04,K04.1|K04.3,1094,-36.23508,-40.375687
NSF,2208859,K03,K03.1,555,-64.85494,5.100372
NSF,2209620,K05,K05.3,1530,-8.51562,-9.551174
NSF,2209775,K01,K01.1,31,14.822793,94.195984
NSF,2209829,K04,K04.1|K04.3,961,-58.295326,-38.570282
NSF,2209899,K04,K04.1|K04.3,966,-35.723076,-27.82056
NSF,2210046,K04,K04.1|K04.3,1009,-59.09229,-54.689407
NSF,2210200,K02,K02.1,397,32.21557,-1.116775
NSF,2210201,K02,K02.1,397,32.21557,-1.116775
NSF,2210202,K02,K02.1,397,32.287285,-0.96286726
NSF,2210497,K01,K01.2,203,-35.03843,78.91438
NSF,2210615,K02,K02.1,285,41.370483,51.843845
NSF,2211691,K02,K02.1,417,47.512535,29.974957
NSF,2212482,K01,K01.1,12,14.375579,51.123745
NSF,2212545,K04,K04.1|K04.3,952,-24.112988,-16.429976
NSF,2212614,K04,K04.1,823,-47.69861,-44.47238
NSF,2212643,K04,K04.1|K04.3,952,-24.112988,-16.429976
NSF,2212767,K01,K01.1,12,14.375579,51.123745
NSF,2212882,K04,K04.1|K04.3,953,-12.438632,-82.1784
NSF,2212894,K04,K04.3,1159,-10.502279,-93.18906
NSF,2212919,K01,K01.1|K01.2,100,-52.568203,44.94751
NSF,2212998,K02,K02.1,274,61.839836,54.416603
NSF,2213114,K04,K04.1|K04.3,952,-24.112988,-16.429976
NSF,2213136,K03,K03.2,682,-87.378235,19.875303
NSF,2213149,K03,K03.3,750,-74.55725,-14.270098
NSF,2213218,K04,K04.1|K04.3,952,-24.112988,-16.429976
NSF,2213220,K04,K04.1|K04.3,983,8.827075,-78.45932
NSF,2213359,K04,K04.1,845,-33.307602,-55.247787
NSF,2213714,K02,K02.1,250,22.307907,-41.384895
NSF,2213715,K02,K02.1,250,22.538105,-42.782158
NSF,2213731,K04,K04.3,1173,-72.86071,-48.997158
NSF,2213768,K02,K02.1,250,22.538105,-42.782158
NSF,2213894,K04,K04.1|K04.3,952,-24.112988,-16.429976
NSF,2213895,K04,K04.1|K04.3,953,-12.439361,-82.17775
NSF,2214063,K04,K04.1|K04.3,952,-24.112988,-16.429976
NSF,2214135,K02,K02.1,411,67.25735,7.722131
NSF,2214240,K02,K02.2,510,57.00262,-14.133731
NSF,2214346,K02,K02.1|K02.2,499,64.77853,25.079782
NSF,2214580,K02,K02.1,360,43.295387,-37.07581
NSF,2214958,K02,K02.2,513,55.76299,-18.02573
NSF,2214972,K02,K02.1,417,47.512535,29.974957
NSF,2215063,K05,K05.2,1449,3.0525165,1.3083836
NSF,2215409,K02,K02.1,400,45.167587,10.391605
NSF,2215426,K02,K02.2,510,57.001133,-14.134274
NSF,2215639,K04,K04.1|K04.2,916,-26.385607,-58.460865
NSF,2215652,K02,K02.1|K02.2,467,56.617794,-15.455518
NSF,2216294,K03,K03.1,527,-83.90242,8.109707
NSF,2216455,K01,K01.1,12,14.375579,51.123745
NSF,2216541,K05,K05.1,1224,-21.708344,12.56754
NSF,2216888,K01,K01.1,12,14.375579,51.123745
NSF,2216962,K01,K01.1|K01.2,175,-19.88472,83.228264
NSF,2216980,K01,K01.1|K01.2,175,-20.766304,84.114975
NSF,2217410,K05,K05.1,1205,-14.454366,11.584092
NSF,2217526,K01,K01.1|K01.2,195,-24.452116,50.415997
NSF,2217990,K05,K05.1|K05.3,1421,-11.633522,1.8327844
NSF,2218009,K01,K01.1|K01.2,99,-33.089325,33.054157
NSF,2218499,K04,K04.1|K04.3,1062,-13.274075,-51.79692
NSF,2218551,K02,K02.1,236,29.137192,-52.050907
NSF,2218553,K02,K02.1,401,48.65266,18.404884
NSF,2218617,K02,K02.1|K02.2,440,77.58707,-22.273842
NSF,2218737,K03,K03.2|K03.3,727,-47.312485,2.2887108
NSF,2218748,K01,K01.1|K01.2,99,-32.70561,32.94549
NSF,2218834,K01,K01.1|K01.2,105,-40.38642,42.229603
NSF,2218835,K01,K01.1|K01.2,105,-40.38642,42.229603
NSF,2218932,K03,K03.2,681,-88.22277,19.58043
NSF,2219078,K01,K01.1|K01.2,175,-21.201708,83.730576
NSF,2219086,K04,K04.1|K04.3,983,8.827075,-78.45932
NSF,2219107,K02,K02.1,417,47.512535,29.974957
NSF,2219242,K02,K02.1,308,64.332016,-39.9767
NSF,2219243,K01,K01.1,58,-10.461941,48.00328
NSF,2219248,K03,K03.1,543,-49.58566,-10.520268
NSF,2219505,K05,K05.1|K05.2,1303,3.4120183,8.839079
NSF,2219506,K05,K05.1|K05.2,1303,3.41197,8.839135
NSF,2219616,K04,K04.1|K04.3,952,-24.112988,-16.429976
NSF,2219702,K04,K04.1|K04.3,963,-66.74716,-41.326214
NSF,2219826,K04,K04.1|K04.3,952,-24.112988,-16.429976
NSF,2219832,K02,K02.1|K02.2,425,27.516665,-44.25981
NSF,2219953,K04,K04.3,1160,-10.664704,-94.89031
NSF,2220221,K05,K05.1,1261,-16.574306,20.25365
NSF,2220553,K02,K02.1,411,67.25735,7.722131
NSF,2220555,K05,K05.1,1260,-15.806323,20.12918
NSF,2220556,K05,K05.1,1260,-15.806553,20.128809
NSF,2220557,K05,K05.1,1260,-15.806553,20.128809
NSF,2220589,K02,K02.1,386,24.685783,-20.834702
NSF,2220685,K05,K05.1,1206,-16.334526,12.014683
NSF,2220792,K03,K03.2|K03.3,718,-95.60288,10.434782
NSF,2220811,K04,K04.3,1168,-64.36006,-56.20057
NSF,2221731,K01,K01.1|K01.2,195,-24.451212,50.41659
NSF,2221894,K02,K02.1,386,24.685783,-20.834702
NSF,2221915,K04,K04.1,798,-9.607636,-70.04601
NSF,2221922,K02,K02.1,386,24.685783,-20.834702
NSF,2221974,K02,K02.1,272,49.818913,-55.66393
NSF,2221975,K02,K02.1,272,49.818913,-55.66393
NSF,2221976,K02,K02.1,272,49.818913,-55.66393
NSF,2221977,K02,K02.1,272,49.818913,-55.66393
NSF,2222091,K05,K05.1,1290,-30.67431,8.344142
NSF,2222092,K05,K05.1,1290,-30.673899,8.344192
NSF,2222096,K04,K04.1|K04.3,1090,-24.704718,-69.918396
NSF,2222097,K04,K04.1|K04.3,1090,-24.704718,-69.918396
NSF,2222232,K04,K04.1|K04.3,952,-24.112988,-16.429976
NSF,2222498,K05,K05.1,1237,-25.822935,11.317546
NSF,2222557,K04,K04.1|K04.3,952,-24.112988,-16.429976
NSF,2222588,K04,K04.1|K04.3,952,-24.112988,-16.429976
NSF,2222849,K01,K01.1|K01.2,88,-24.612394,81.452095
NSF,2222965,K04,K04.1|K04.3,952,-24.112988,-16.429976
NSF,2223070,K03,K03.1|K03.2,590,-55.39252,22.508566
NSF,2223083,K04,K04.1|K04.3,952,-24.112988,-16.429976
NSF,2223098,K03,K03.2|K03.3,718,-95.60288,10.434782
NSF,2223128,K01,K01.1,27,-75.66801,50.64134
NSF,2223141,K01,K01.1|K01.2,184,-21.693172,71.90416
NSF,2223166,K04,K04.1|K04.3,1009,-58.689194,-54.36193
NSF,2223186,K04,K04.1|K04.3,1045,-43.489548,-25.451105
NSF,2223197,K04,K04.1|K04.3,952,-24.112988,-16.429976
NSF,2223204,K01,K01.1,36,14.095698,68.45747
NSF,2223439,K04,K04.3,1172,-70.29328,-54.518356
NSF,2223467,K04,K04.1|K04.3,952,-24.112988,-16.429976
NSF,2223581,K04,K04.1|K04.3,983,8.827075,-78.45932
NSF,2223710,K02,K02.1,386,24.685783,-20.834702
NSF,2223751,K04,K04.1,846,-46.606056,-38.35992
NSF,2223894,K02,K02.1,316,18.776417,29.321875
NSF,2223911,K02,K02.1,416,57.334206,16.335169
NSF,2223944,K04,K04.1|K04.3,1001,7.3627763,-55.948906
NSF,2223980,K04,K04.1|K04.3,953,-12.439361,-82.17775
NSF,2224086,K02,K02.1,405,47.61318,-8.043613
NSF,2224177,K02,K02.1,416,57.334206,16.335169
NSF,2224282,K04,K04.1,805,3.8496146,-56.150692
NSF,2224742,K02,K02.1,397,32.21557,-1.116775
NSF,2224841,K01,K01.1|K01.2,194,-21.911146,50.474247
NSF,2224871,K05,K05.3,1530,-8.5155735,-9.551458
NSF,2224894,K02,K02.1,295,0.09985375,-32.30974
NSF,2224973,K03,K03.3,759,-77.256905,-11.139539
NSF,2225087,K04,K04.1|K04.3,1086,-23.086569,-66.55365
NSF,2225395,K01,K01.1|K01.2,197,-19.34925,49.849087
NSF,2225626,K02,K02.1|K02.2,473,55.6762,-18.136097
NSF,2225982,K01,K01.1|K01.2,193,-22.10478,51.715908
NSF,2226053,K02,K02.1,293,39.632145,-19.24301
NSF,2226154,K04,K04.1|K04.2,891,-5.7374783,-74.63813
NSF,2226162,K04,K04.1|K04.3,1008,-49.135693,-61.34199
NSF,2226223,K02,K02.1,417,47.512535,29.974957
NSF,2226224,K02,K02.1,417,47.512535,29.974957
NSF,2226389,K04,K04.1|K04.3,952,-24.112988,-16.429976
NSF,2226505,K04,K04.1|K04.3,983,8.827075,-78.45932
NSF,2227014,K05,K05.1,1280,-26.85478,5.9670477
NSF,2227054,K04,K04.1,780,-23.853506,-46.526478
NSF,2227160,K04,K04.1|K04.3,952,-24.112988,-16.429976
NSF,2227161,K04,K04.1|K04.3,952,-24.112988,-16.429976
NSF,2227263,K02,K02.1,235,27.120789,-59.87018
NSF,2227273,K04,K04.1,780,-23.853506,-46.526478
NSF,2227275,K03,K03.2,689,-80.06705,27.428679
NSF,2227357,K02,K02.1,417,47.512535,29.974957
NSF,2227821,K02,K02.1,417,47.512535,29.974957
NSF,2227928,K05,K05.3,1500,-7.8776317,-6.3043795
NSF,2227942,K04,K04.1|K04.3,952,-24.112988,-16.429976
NSF,2228004,K02,K02.1,285,41.370483,51.843845
NSF,2228035,K05,K05.1,1238,-26.907894,6.016922
NSF,2228047,K03,K03.2|K03.3,718,-95.60288,10.434782
NSF,2228064,K05,K05.3,1527,-7.7230644,-5.7106285
NSF,2228128,K03,K03.1,539,-81.91639,8.382193
NSF,2228149,K01,K01.1|K01.2,100,-52.48663,45.601883
NSF,2228205,K06,K06.2,1566,18.021164,-0.81767225
NSF,2228251,K02,K02.1,360,43.295387,-37.07581
NSF,2228263,K02,K02.1,285,41.370483,51.843845
NSF,2228274,K04,K04.1,867,-23.134483,-58.474487
NSF,2228307,K05,K05.3,1527,-7.722785,-5.7113476
NSF,2228311,K04,K04.1|K04.3,952,-24.112988,-16.429976
NSF,2228314,K04,K04.1|K04.2,895,-41.955738,-54.301872
NSF,2228343,K04,K04.1|K04.3,1034,-69.17099,-41.398834
NSF,2228345,K04,K04.1|K04.3,964,-33.471325,-47.840935
NSF,2228351,K04,K04.1|K04.3,952,-24.112988,-16.429976
NSF,2228360,K04,K04.1|K04.2,899,-44.21741,-52.433743
NSF,2228377,K04,K04.1|K04.3,1112,-31.033094,-49.432243
NSF,2228427,K02,K02.1,360,43.295387,-37.07581
NSF,2228444,K04,K04.1,783,-29.51738,-52.05929
NSF,2228457,K04,K04.1,868,-39.929176,-40.08871
NSF,2228468,K04,K04.2,1126,-11.501644,-53.55888
NSF,2228479,K06,K06.1|K06.2,1534,15.2621355,-5.8450375
NSF,2228490,K04,K04.1|K04.3,1006,5.887772,-54.68262
NSF,2228492,K01,K01.1|K01.2,119,-20.397644,48.35369
NSF,2228530,K01,K01.1|K01.2,111,-24.386232,47.467033
NSF,2228535,K03,K03.1|K03.3,649,-82.16952,-0.2419009
NSF,2228544,K04,K04.1|K04.2|K04.3,934,-58.458866,-52.20324
NSF,2228553,K05,K05.1|K05.3,1380,-13.65216,1.5834832
NSF,2228555,K05,K05.1,1251,-11.697098,22.525908
NSF,2228562,K04,K04.1|K04.3,1009,-59.13943,-54.637943
NSF,2228568,K01,K01.1|K01.2,78,-33.147556,77.38139
NSF,2228584,K01,K01.1|K01.2,87,-21.694925,50.282387
NSF,2228587,K03,K03.3,745,-91.148315,-1.221611
NSF,2228591,K05,K05.1,1208,-0.14009944,23.724707
NSF,2228600,K03,K03.3,745,-91.148315,-1.221611
NSF,2228601,K04,K04.1,788,-31.179995,-53.161522
NSF,2228607,K04,K04.1,814,-40.249264,-52.433537
NSF,2228614,K01,K01.1,17,-8.163995,44.766853
NSF,2228652,K04,K04.1|K04.3,1016,-56.353977,-39.85102
NSF,2228662,K05,K05.1|K05.3,1392,-11.707346,1.7639602
NSF,2228671,K04,K04.1|K04.3,1058,-13.411464,-49.271706
NSF,2228679,K04,K04.1,839,-34.496338,-53.572433
NSF,2228687,K02,K02.1,281,62.379093,50.770855
NSF,2228697,K05,K05.1|K05.3,1414,-6.285502,4.9375196
NSF,2228698,K05,K05.1|K05.3,1414,-6.285141,4.9375167
NSF,2228699,K05,K05.1|K05.3,1414,-6.2851415,4.937648
NSF,2228703,K05,K05.1|K05.2|K05.3,1364,-8.701238,-0.7587752
NSF,2228709,K06,K06.2,1553,17.98469,-1.2074376
NSF,2228718,K05,K05.1|K05.2|K05.3,1353,-4.7022867,1.6649408
NSF,2228728,K06,K06.2|K06.3,1569,18.11676,-0.11878847
NSF,2228731,K05,K05.3,1527,-7.723923,-5.710986
NSF,2228743,K02,K02.1,392,28.551617,-15.695841
NSF,2228757,K03,K03.1|K03.3,649,-82.15607,-0.3707771
NSF,2228765,K05,K05.3,1506,-6.5897985,-4.4867315
NSF,2228783,K05,K05.1,1233,-23.400196,9.690311
NSF,2228923,K02,K02.1,285,41.370483,51.843845
NSF,2228928,K04,K04.1|K04.3,952,-24.112988,-16.429976
NSF,2228957,K04,K04.1,869,-39.223965,-40.381924
NSF,2228959,K05,K05.3,1496,-8.057026,-7.5376077
NSF,2229006,K04,K04.3,1159,-10.502279,-93.18906
NSF,2229056,K01,K01.1|K01.2,128,25.076313,66.24464
NSF,2229091,K04,K04.1|K04.3,983,8.827075,-78.45932
NSF,2229228,K04,K04.1|K04.3,952,-24.112988,-16.429976
NSF,2229267,K04,K04.1,780,-22.826862,-47.06857
NSF,2229439,K05,K05.3,1529,-15.402943,-5.181817
NSF,2229608,K03,K03.1,567,-75.14218,9.044484
NSF,2229743,K01,K01.1|K01.2,99,-33.201427,33.130554
NSF,2229857,K05,K05.3,1530,-8.516182,-9.556111
NSF,2229904,K04,K04.1,798,-9.607636,-70.04601
NSF,2230357,K04,K04.1|K04.3,1078,-5.283514,-59.324852
NSF,2230479,K04,K04.1,784,-29.83399,-52.189728
NSF,2230595,K02,K02.1,362,44.114056,-29.411032
NSF,2230710,K05,K05.1,1287,-27.864656,7.5781436
NSF,2230734,K05,K05.1,1215,-21.785591,2.9096916
NSF,2230769,K04,K04.1|K04.3,1055,-12.842013,-47.27488
NSF,2230776,K01,K01.1,12,14.375579,51.123745
NSF,2230960,K05,K05.1,1289,-29.470226,4.6556973
NSF,2231429,K05,K05.1|K05.3,1424,-11.260277,-0.83399403
NSF,2231454,K04,K04.1|K04.3,952,-24.112988,-16.429976
NSF,2231566,K04,K04.1,780,-23.853506,-46.526478
NSF,2231617,K04,K04.1|K04.3,952,-24.112988,-16.429976
NSF,2231632,K01,K01.1,26,-0.27373913,48.54564
NSF,2231646,K01,K01.1|K01.2,103,-51.4275,43.57934
NSF,2231649,K04,K04.1,780,-23.844343,-46.5226
NSF,2231659,K02,K02.1,275,77.93738,50.04157
NSF,2231665,K04,K04.1|K04.3,1010,-61.795425,-43.677235
NSF,2231677,K04,K04.2,1124,-45.591354,-30.462456
NSF,2231695,K03,K03.3,750,-74.55725,-14.270098
NSF,2231699,K03,K03.3,750,-74.55725,-14.270098
NSF,2231723,K05,K05.1,1290,-30.673994,8.344284
NSF,2231916,K05,K05.1,1289,-29.470238,4.656009
NSF,2232206,K01,K01.1,12,14.375579,51.123745
NSF,2232247,K02,K02.1,397,32.052372,-1.3850027
NSF,2232410,K04,K04.1,813,-39.531532,-53.728302
NSF,2232494,K01,K01.1|K01.2,99,-33.51391,33.50893
NSF,2232533,K01,K01.2,233,-33.018238,52.9222
NSF,2232875,K02,K02.1,235,27.163996,-61.750576
NSF,2232899,K04,K04.1|K04.3,1009,-59.088463,-54.692448
NSF,2232908,K04,K04.1,798,-9.607636,-70.04601
NSF,2232922,K05,K05.1,1205,-14.454277,11.584041
NSF,2233057,K05,K05.1,1251,-11.263117,22.617453
NSF,2233177,K04,K04.1|K04.3,983,8.827075,-78.45932
NSF,2233187,K05,K05.1|K05.3,1424,-11.26029,-0.83406466
NSF,2233237,K04,K04.1,812,-43.45557,-48.801834
NSF,2233387,K03,K03.2|K03.3,718,-96.034805,10.712711
NSF,2233458,K02,K02.1|K02.2,478,65.8682,-2.5467095
NSF,2233583,K01,K01.1,12,14.375579,51.123745
NSF,2233584,K04,K04.1|K04.3,983,8.827075,-78.45932
NSF,2233585,K04,K04.1|K04.3,1001,7.3627763,-55.948906
NSF,2233612,K04,K04.1|K04.3,983,8.827075,-78.45932
NSF,2233640,K02,K02.1,250,22.538105,-42.782158
NSF,2233674,K02,K02.1,386,24.685783,-20.834702
NSF,2233680,K01,K01.1,12,14.375579,51.123745
NSF,2234001,K01,K01.1|K01.2,99,-33.089325,33.054157
NSF,2234002,K01,K01.1|K01.2,99,-33.607204,33.237988
NSF,2234003,K01,K01.1|K01.2,99,-33.607204,33.237988
NSF,2234077,K01,K01.1,12,14.375579,51.123745
NSF,2234121,K02,K02.1,274,61.839836,54.416603
NSF,2234450,K04,K04.1,780,-23.681677,-46.163765
NSF,2234562,K04,K04.1|K04.3,952,-24.112988,-16.429976
NSF,2234676,K01,K01.2,210,-41.65615,44.64567
NSF,2234815,K02,K02.1|K02.2,437,85.43243,46.95762
NSF,2234855,K01,K01.1|K01.2,138,-2.558449,76.75964
NSF,2234856,K01,K01.1|K01.2,138,-1.2317517,77.459885
NSF,2235051,K02,K02.1,274,61.839836,54.416603
NSF,2235052,K02,K02.1,274,60.83287,54.668453
NSF,2235138,K02,K02.1|K02.2,440,77.58707,-22.273842
NSF,2235390,K05,K05.1,1291,-28.98201,10.587186
NSF,2235678,K04,K04.1,819,-35.1796,-51.539
NSF,2235871,K03,K03.3,748,-90.07277,-2.1848762
NSF,2236021,K03,K03.2|K03.3,718,-95.60288,10.434782
NSF,2236036,K04,K04.1,780,-23.681677,-46.163765
NSF,2236058,K01,K01.1|K01.2,161,-6.420356,65.35958
NSF,2236080,K05,K05.1,1275,-24.303694,18.057602
NSF,2236099,K04,K04.1|K04.3,952,-24.112988,-16.429976
NSF,2236100,K04,K04.1,797,-32.051186,-51.930214
NSF,2236137,K03,K03.1|K03.2,580,-86.283356,16.758646
NSF,2236146,K04,K04.1|K04.2,911,-40.759045,-40.157112
NSF,2236235,K04,K04.1|K04.3,952,-24.112988,-16.429976
NSF,2236277,K01,K01.1|K01.2,138,-1.2780856,77.055695
NSF,2236305,K05,K05.1,1218,-30.35071,6.7883253
NSF,2236331,K04,K04.1|K04.3,983,8.827075,-78.45932
NSF,2236389,K04,K04.1|K04.2,895,-41.955738,-54.301872
NSF,2236852,K01,K01.1|K01.2,128,24.930847,64.93414
NSF,2236926,K05,K05.1,1224,-21.08238,12.043722
NSF,2237413,K05,K05.1|K05.2,1344,7.4568977,3.714355
NSF,2238051,K04,K04.3,1172,-70.2888,-54.51908
NSF,2238381,K02,K02.1,294,39.716255,-19.23909
NSF,2238414,K04,K04.1|K04.3,1086,-22.953846,-66.93757
NSF,2238552,K03,K03.2,703,-71.00664,14.950743
NSF,2238620,K01,K01.1,12,14.375579,51.123745
NSF,2238639,K03,K03.1|K03.3,638,-80.58585,-1.3203573
NSF,2238894,K02,K02.1,285,41.370483,51.843845
NSF,2239755,K04,K04.1|K04.3,962,-29.925592,-20.70118
NSF,2240343,K02,K02.1,411,67.25735,7.722131
NSF,2240347,K01,K01.2,233,-33.018238,52.9222
NSF,2240463,K05,K05.1,1285,-25.278439,7.1176987
NSF,2240660,K02,K02.1,394,36.07797,-4.0629354
NSF,2240748,K02,K02.1,411,67.25735,7.722131
NSF,2240844,K01,K01.2,234,-30.729856,56.53702
NSF,2240858,K02,K02.1,415,48.284218,2.8264108
NSF,2240912,K01,K01.2,206,-12.38102,96.52651
NSF,2240982,K04,K04.1,846,-46.606056,-38.35992
NSF,2241213,K01,K01.1|K01.2,198,-27.106272,58.884666
NSF,2241214,K01,K01.1|K01.2,198,-27.106272,58.884666
NSF,2241361,K01,K01.1,13,-6.2306395,41.882435
NSF,2241462,K01,K01.2,233,-33.018238,52.9222
NSF,2241633,K04,K04.1|K04.3,983,8.827075,-78.45932
NSF,2241946,K02,K02.1,397,32.052372,-1.3850027
NSF,2241947,K02,K02.1,411,67.25735,7.722131
NSF,2242009,K02,K02.1,344,87.874954,-4.705299
NSF,2242120,K01,K01.1|K01.2,161,-6.420313,65.36111
NSF,2242124,K01,K01.1,65,-2.871822,49.009575
NSF,2242263,K02,K02.1|K02.2,467,56.617626,-15.45559
NSF,2242302,K01,K01.1,12,14.375579,51.123745
NSF,2242590,K01,K01.1,27,-75.66801,50.64134
NSF,2242636,K02,K02.1,360,43.295387,-37.07581
NSF,2242643,K04,K04.1|K04.3,1001,7.3627763,-55.948906
NSF,2242668,K03,K03.3,745,-90.96563,-1.248634
NSF,2242705,K04,K04.2,1119,-4.5198903,-75.43254
NSF,2242931,K04,K04.1|K04.3,1033,-36.86791,-66.07751
NSF,2243301,K04,K04.1|K04.3,952,-24.112988,-16.429976
NSF,2243588,K01,K01.1|K01.2,108,-31.26793,38.371033
NSF,2243641,K04,K04.3,1172,-70.28889,-54.51905
NSF,2243646,K01,K01.1|K01.2,99,-33.69881,33.174995
NSF,2243776,K03,K03.3,750,-73.63334,-14.892893
NSF,2243827,K06,K06.2|K06.3,1569,18.11676,-0.11878847
NSF,2243860,K01,K01.2,233,-33.018238,52.9222
NSF,2244380,K02,K02.1,417,47.512535,29.974957
NSF,2244695,K03,K03.1|K03.3,636,-63.24786,-2.6399517
NSF,2244696,K03,K03.1|K03.3,636,-63.24786,-2.6399517
NSF,2244715,K02,K02.1,354,80.67938,23.81371
NSF,2245265,K04,K04.1|K04.3,983,8.827075,-78.45932
NSF,2245484,K03,K03.2,675,-58.855396,1.9026004
NSF,2245498,K01,K01.1,27,-75.66801,50.64134
NSF,2246032,K03,K03.1|K03.3,649,-82.08611,-0.093363464
NSF,2246411,K02,K02.1|K02.2,429,70.40621,-5.2020836
NSF,2246584,K02,K02.1,368,46.243813,-31.584303
NSF,2246608,K04,K04.1|K04.3,952,-24.112988,-16.429976
NSF,2246700,K02,K02.1,417,47.512535,29.974957
NSF,2246965,K04,K04.1|K04.3,1056,-12.843798,-49.31369
NSF,2247351,K03,K03.3,745,-91.148315,-1.221611
NSF,2300039,K01,K01.1,68,-4.5629535,52.15365
NSF,2300040,K01,K01.1,68,-4.5629535,52.15365
NSF,2300627,K02,K02.1,285,41.370483,51.843845
NSF,2301378,K01,K01.1|K01.2,92,-11.063541,96.5762
NSF,2301379,K01,K01.1|K01.2,92,-11.063541,96.5762
NSF,2301392,K03,K03.2,678,-61.05991,2.130235
NSF,2301446,K02,K02.1,360,43.295387,-37.07581
NSF,2301488,K04,K04.3,1155,-20.161411,-99.65173
NSF,2301815,K02,K02.1,360,43.295387,-37.07581
NSF,2301824,K04,K04.3,1155,-20.161411,-99.65173
NSF,2301858,K01,K01.1,25,-9.401276,46.239655
NSF,2301938,K04,K04.1|K04.3,1045,-43.489548,-25.451105
NSF,2302043,K04,K04.1|K04.3,983,8.827075,-78.45932
NSF,2302105,K01,K01.1|K01.2,138,-0.83045954,76.68331
NSF,2302106,K01,K01.1|K01.2,138,-2.5176613,76.75777
NSF,2302107,K01,K01.1|K01.2,138,-1.3307928,76.95257
NSF,2302205,K02,K02.1,354,80.82974,22.994652
NSF,2302301,K02,K02.1,285,41.370483,51.843845
NSF,2302650,K04,K04.3,1172,-70.2888,-54.51908
NSF,2302731,K01,K01.1|K01.2,78,-33.294437,77.13407
NSF,2302785,K04,K04.1,812,-43.401337,-48.84933
NSF,2302845,K01,K01.1,12,14.375579,51.123745
NSF,2302896,K05,K05.1|K05.2|K05.3,1363,-11.108224,-1.1830668
NSF,2302898,K04,K04.1|K04.3,1114,-31.710638,-48.034035
NSF,2302937,K05,K05.1|K05.3,1420,-11.229897,-0.9590618
NSF,2302943,K05,K05.3,1530,-8.516418,-9.557882
NSF,2303014,K01,K01.1|K01.2,100,-52.568203,44.94751
NSF,2303097,K02,K02.1,370,49.446877,-19.791237
NSF,2303493,K05,K05.1|K05.3,1424,-11.260149,-0.83366114
NSF,2303575,K05,K05.1,1270,-22.11141,20.448294
NSF,2303578,K02,K02.1,370,49.97664,-19.520102
NSF,2303579,K02,K02.1,370,49.446877,-19.791237
NSF,2303637,K04,K04.1,795,-31.78337,-52.123028
NSF,2303870,K01,K01.1|K01.2,121,-55.006493,62.2094
NSF,2304047,K05,K05.3,1530,-8.516418,-9.557882
NSF,2304058,K05,K05.2|K05.3,1486,-8.305251,-0.9875593
NSF,2304153,K05,K05.3,1530,-8.51572,-9.5525465
NSF,2304339,K04,K04.1|K04.3,989,-58.562202,-36.76948
NSF,2304384,K04,K04.1|K04.3,952,-24.112988,-16.429976
NSF,2304402,K02,K02.1,417,47.512535,29.974957
NSF,2304408,K04,K04.1,780,-23.451244,-46.02087
NSF,2304412,K04,K04.1|K04.3,952,-24.112988,-16.429976
NSF,2304417,K01,K01.1,27,-75.66801,50.64134
NSF,2304482,K04,K04.1|K04.3,983,8.827075,-78.45932
NSF,2304536,K04,K04.3,1155,-20.518133,-99.82441
NSF,2304544,K01,K01.1,12,14.375579,51.123745
NSF,2304639,K01,K01.1,22,10.065881,48.987534
NSF,2304819,K01,K01.1|K01.2,86,-13.543619,65.9815
NSF,2304820,K01,K01.1|K01.2,86,-13.54339,65.98124
NSF,2304871,K03,K03.2|K03.3,718,-96.034805,10.712711
NSF,2304933,K05,K05.1|K05.3,1422,-10.951166,0.79540014
NSF,2305113,K01,K01.1|K01.2,164,-12.042008,62.242374
NSF,2305157,K05,K05.1,1289,-29.470371,4.655665
NSF,2305226,K01,K01.1|K01.2,100,-52.70675,45.42943
NSF,2305325,K02,K02.1,316,18.776417,29.321875
NSF,2305449,K02,K02.1,360,43.295387,-37.07581
NSF,2305455,K05,K05.3,1530,-8.516332,-9.5571995
NSF,2305505,K01,K01.2,233,-33.018238,52.9222
NSF,2305578,K03,K03.1|K03.2,586,-50.110176,-8.372143
NSF,2305615,K05,K05.3,1524,-8.693863,-10.566424
NSF,2305616,K02,K02.1,360,43.295387,-37.07581
NSF,2305683,K01,K01.1,19,-8.729089,45.415
NSF,2306041,K01,K01.2,230,-30.054243,50.84136
NSF,2306046,K02,K02.1,417,47.512535,29.974957
NSF,2306048,K02,K02.1,269,54.05155,-54.90884
NSF,2306067,K01,K01.1,23,5.88947,49.171688
NSF,2306135,K05,K05.3,1527,-7.722607,-5.7117505
NSF,2306180,K01,K01.1|K01.2,100,-52.70675,45.42943
NSF,2306194,K01,K01.1|K01.2,153,-18.235758,50.52152
NSF,2306215,K02,K02.1,386,24.685783,-20.834702
NSF,2306229,K02,K02.1,386,24.685783,-20.834702
NSF,2306373,K02,K02.1,295,0.09985375,-32.30974
NSF,2306453,K01,K01.1|K01.2,99,-33.089325,33.054157
NSF,2306454,K01,K01.1,39,18.825724,80.12582
NSF,2306993,K02,K02.1,285,41.370483,51.843845
NSF,2307277,K01,K01.1|K01.2,99,-33.72278,33.11703
NSF,2307526,K02,K02.1,313,33.62211,-5.579867
NSF,2307830,K02,K02.1,308,64.40268,-40.513367
NSF,2307870,K02,K02.1,378,48.59912,24.546522
NSF,2308277,K05,K05.1,1229,-29.565052,9.033339
NSF,2308524,K01,K01.1|K01.2,78,-33.22856,77.39251
NSF,2308573,K04,K04.1|K04.2,910,-25.773722,-59.132305
NSF,2308692,K03,K03.1|K03.3,649,-82.16146,-0.3546509
NSF,2308711,K04,K04.1|K04.3,983,8.827075,-78.45932
NSF,2308838,K01,K01.1,68,-4.5382333,52.248928
NSF,2309082,K03,K03.3,750,-73.792076,-15.084216
NSF,2309107,K04,K04.1,805,3.8496664,-56.15065
NSF,2309263,K04,K04.1,781,-11.059427,-76.25347
NSF,2309312,K05,K05.1|K05.3,1424,-11.260944,-0.8329126
NSF,2309475,K02,K02.1,250,21.790583,-41.506252
NSF,2309500,K05,K05.3,1491,-11.555968,-5.2248197
NSF,2309648,K01,K01.1,67,-10.779611,47.449234
NSF,2309659,K02,K02.1,308,64.784256,-40.962887
NSF,2309829,K04,K04.1,805,3.8496146,-56.150692
NSF,2309957,K01,K01.1|K01.2,128,24.474894,65.58749
NSF,2310201,K04,K04.1|K04.3,952,-24.112988,-16.429976
NSF,2310413,K03,K03.3,750,-74.55725,-14.270098
NSF,2310630,K01,K01.1|K01.2,175,-20.594624,84.7224
NSF,2311208,K03,K03.1|K03.3,661,-63.608936,17.665539
NSF,2311256,K02,K02.1,285,41.370483,51.843845
NSF,2311319,K01,K01.1,26,-0.27373913,48.54564
NSF,2311324,K04,K04.1|K04.3,983,8.827075,-78.45932
NSF,2311638,K04,K04.1|K04.3,1008,-48.879555,-62.271362
NSF,2312081,K04,K04.1|K04.3,1008,-48.879555,-62.271362
NSF,2312305,K03,K03.1,566,-75.87915,8.885165
NSF,2312602,K03,K03.3,778,-74.1157,6.3592663
NSF,2312633,K04,K04.1|K04.3,952,-24.112988,-16.429976
NSF,2312684,K05,K05.2,1450,-1.1414511,4.1917295
NSF,2313192,K04,K04.1|K04.3,1033,-36.96801,-65.7743
NSF,2313340,K03,K03.2|K03.3,714,-91.86047,15.661419
NSF,2313578,K04,K04.1|K04.3,1086,-22.930138,-66.98531
NSF,2313689,K03,K03.2|K03.3,718,-95.53807,9.99549
NSF,2313785,K01,K01.1,12,14.375579,51.123745
NSF,2313803,K01,K01.2,225,-18.73515,88.1062
NSF,2313835,K04,K04.1|K04.3,1049,-49.336266,-27.804758
NSF,2313938,K02,K02.1,416,57.37241,16.39783
NSF,2314018,K04,K04.1|K04.3,952,-24.112988,-16.429976
NSF,2314032,K02,K02.1,397,32.263054,-0.85584116
NSF,2314036,K04,K04.1|K04.3,983,8.827075,-78.45932
NSF,2314154,K04,K04.3,1155,-20.518133,-99.82441
NSF,2314242,K04,K04.1|K04.3,952,-24.112988,-16.429976
NSF,2314315,K01,K01.1|K01.2,107,-30.534693,34.774487
NSF,2314519,K02,K02.1,360,43.295387,-37.07581
NSF,2314709,K01,K01.1|K01.2,138,-1.2317517,77.459885
NSF,2314791,K02,K02.1,397,32.263054,-0.85584116
NSF,2314800,K02,K02.1|K02.2,467,56.617794,-15.455518
NSF,2314980,K02,K02.1,411,67.25735,7.722131
NSF,2315247,K05,K05.3,1529,-15.407773,-5.1822352
NSF,2315257,K02,K02.1,299,10.0415,-19.107157
NSF,2315399,K05,K05.3,1527,-7.722607,-5.7117505
NSF,2315824,K01,K01.1|K01.2,99,-33.089325,33.054157
NSF,2315860,K01,K01.1|K01.2,197,-19.348436,49.84861
NSF,2315875,K04,K04.1,798,-9.607636,-70.04601
NSF,2315876,K04,K04.1,798,-9.607636,-70.04601
NSF,2316154,K04,K04.1|K04.3,1104,-31.760557,-48.89466
NSF,2316578,K03,K03.2,685,-80.936165,25.778812
NSF,2316579,K03,K03.2,685,-81.03495,25.199106
NSF,2316580,K03,K03.2,685,-80.76108,24.703545
NSF,2316675,K04,K04.3,1172,-70.290146,-54.518738
NSF,2317097,K01,K01.1,39,18.825724,80.12582
NSF,2317154,K03,K03.1|K03.3,636,-63.24786,-2.6399517
NSF,2317176,K02,K02.1,250,22.307907,-41.384895
NSF,2317424,K05,K05.1,1216,-22.675646,2.194097
NSF,2317659,K02,K02.1,235,27.163996,-61.750576
NSF,2317660,K02,K02.1,235,27.163996,-61.750576
NSF,2317774,K02,K02.1,417,47.512535,29.974957
NSF,2317834,K02,K02.1,250,22.307907,-41.384895
NSF,2317873,K01,K01.1,12,14.375579,51.123745
NSF,2317971,K01,K01.1|K01.2,175,-19.728945,84.121796
NSF,2317990,K03,K03.1|K03.3,640,-64.08043,-2.3478634
NSF,2318137,K04,K04.1,879,-32.872345,-52.13926
NSF,2318216,K02,K02.1,367,47.584496,18.756231
NSF,2318348,K01,K01.1|K01.2,164,-12.021274,62.206936
NSF,2318420,K03,K03.3,776,-74.70802,5.930646
NSF,2318481,K01,K01.1|K01.2,92,-11.063541,96.5762
NSF,2318513,K02,K02.1,413,48.922707,14.910772
NSF,2318717,K02,K02.1,295,0.09985375,-32.30974
NSF,2318739,K02,K02.1,274,61.839836,54.416603
NSF,2318903,K03,K03.1,554,-55.892498,2.40839
NSF,2319007,K02,K02.1|K02.2,464,71.34738,32.361897
NSF,2319109,K03,K03.2,680,-58.30891,-12.312012
NSF,2319723,K02,K02.1,265,51.846493,-59.891644
NSF,2319900,K02,K02.1,397,32.263054,-0.85584116
NSF,2319994,K04,K04.1|K04.3,1043,-35.766796,-64.85256
NSF,2320391,K02,K02.1,250,22.307907,-41.384895
NSF,2320707,K04,K04.1,885,-31.756876,-54.67065
NSF,2320884,K01,K01.2,231,-31.078062,52.295166
NSF,2320966,K02,K02.1,265,51.846493,-59.891644
NSF,2321022,K05,K05.3,1530,-8.516332,-9.5571995
NSF,2321162,K06,K06.2,1551,15.247435,-5.811109
NSF,2321315,K04,K04.1|K04.3,1001,7.451502,-56.746746
NSF,2321329,K03,K03.3,750,-74.55725,-14.270098
NSF,2321446,K04,K04.1|K04.3,983,8.827075,-78.45932
NSF,2321506,K03,K03.2|K03.3,716,-92.54879,14.483629
NSF,2321572,K04,K04.1|K04.3,982,-30.654291,-49.42036
NSF,2321842,K04,K04.1|K04.3,952,-24.112988,-16.429976
NSF,2321969,K04,K04.1,830,-34.932686,-51.18425
NSF,2321985,K05,K05.1|K05.3,1422,-10.951146,0.7954434
NSF,2322062,K01,K01.1|K01.2,80,-24.275345,48.563477
NSF,2322095,K01,K01.2,234,-30.729856,56.53702
NSF,2322198,K01,K01.1|K01.2,81,-31.716087,35.891666
NSF,2322210,K04,K04.1|K04.2|K04.3,936,-38.732964,-64.47715
NSF,2322221,K01,K01.1,12,14.375579,51.123745
NSF,2322242,K04,K04.1|K04.3,1008,-49.146694,-61.688206
NSF,2322261,K04,K04.3,1159,-10.228045,-93.27512
NSF,2322281,K02,K02.1,274,61.670166,55.240562
NSF,2322329,K06,K06.2,1554,17.955912,-1.3043338
NSF,2322355,K04,K04.1|K04.3,952,-24.112988,-16.429976
NSF,2322603,K02,K02.1,295,0.09985375,-32.30974
NSF,2322741,K04,K04.1|K04.3,1114,-31.710646,-48.03401
NSF,2322916,K01,K01.1,12,14.375579,51.123745
NSF,2322934,K02,K02.1,405,47.614555,-8.043268
NSF,2323050,K04,K04.1|K04.3,961,-58.295326,-38.570282
NSF,2323110,K05,K05.1,1290,-30.67417,8.3443575
NSF,2323562,K01,K01.1,67,-10.779611,47.449234
NSF,2323629,K04,K04.1,798,-9.607636,-70.04601
NSF,2323732,K05,K05.1,1251,-12.010941,22.575815
NSF,2324528,K02,K02.1,344,87.88129,-4.7046785
NSF,2324616,K05,K05.1,1224,-21.014341,12.118818
NSF,2324744,K04,K04.1,812,-43.376114,-48.89582
NSF,2324785,K02,K02.1,316,18.776417,29.321875
NSF,2324810,K04,K04.1,854,-12.412602,-51.506786
NSF,2324850,K04,K04.1|K04.3,952,-24.112988,-16.429976
NSF,2324901,K01,K01.1|K01.2,175,-19.728945,84.121796
NSF,2324949,K05,K05.1|K05.2,1304,3.6578243,4.9003763
NSF,2324972,K03,K03.1,536,-83.937386,8.082594
NSF,2325081,K04,K04.1,880,-34.190002,-50.924038
NSF,2325126,K04,K04.1|K04.3,983,8.827075,-78.45932
NSF,2325166,K02,K02.1,383,63.429333,-22.400452
NSF,2325290,K02,K02.1,411,67.25735,7.722131
NSF,2325291,K02,K02.1,411,67.25735,7.722131
NSF,2325430,K03,K03.2,694,-43.875904,20.697796
NSF,2325467,K05,K05.1|K05.3,1423,-13.786806,-1.2905315
NSF,2325719,K02,K02.1,295,0.09985375,-32.30974
NSF,2325761,K02,K02.1,417,47.512535,29.974957
NSF,2325764,K04,K04.1,812,-43.32426,-48.94154
NSF,2326171,K02,K02.1,274,61.839836,54.416603
NSF,2326446,K05,K05.1,1224,-21.712229,12.578128
NSF,2326679,K04,K04.1|K04.3,952,-24.112988,-16.429976
NSF,2326833,K01,K01.2,234,-30.729856,56.53702
NSF,2326861,K04,K04.1|K04.3,1001,7.3627763,-55.948906
NSF,2326943,K02,K02.1,285,41.370483,51.843845
NSF,2327538,K04,K04.1|K04.3,1009,-58.96228,-54.753933
NSF,2329250,K02,K02.1,360,43.295387,-37.07581
NSF,2329323,K05,K05.3,1488,-17.46288,-2.0886483
NSF,2329409,K01,K01.1|K01.2,170,-18.768747,40.140335
NSF,2329800,K03,K03.2,682,-87.37846,19.874857
NSF,2329802,K03,K03.2,682,-87.37846,19.874857
NSF,2330004,K02,K02.1,360,43.295387,-37.07581
NSF,2330013,K04,K04.1,780,-23.503695,-46.04519
NSF,2330068,K02,K02.1,265,51.846493,-59.891644
NSF,2330126,K03,K03.1|K03.2,581,-83.04245,16.620886
NSF,2330152,K01,K01.1,55,1.5746405,64.52694
NSF,2330153,K01,K01.1,55,1.5746405,64.52694
NSF,2330271,K02,K02.1,360,43.295387,-37.07581
NSF,2330597,K04,K04.1,831,-32.49587,-53.459576
NSF,2330630,K04,K04.1|K04.3,983,8.827075,-78.45932
NSF,2330685,K04,K04.1|K04.3,952,-24.112988,-16.429976
NSF,2330702,K04,K04.1|K04.3,952,-24.112988,-16.429976
NSF,2330829,K05,K05.3,1521,-4.8970675,-2.3756905
NSF,2330851,K02,K02.1,295,0.09985375,-32.30974
NSF,2330923,K02,K02.1,412,46.824253,11.382704
NSF,2330924,K02,K02.1,412,46.824253,11.382704
NSF,2331127,K01,K01.1,6,-39.948326,72.45777
NSF,2331168,K04,K04.1|K04.3,1008,-48.879555,-62.271362
NSF,2331765,K04,K04.1|K04.3,952,-24.112988,-16.429976
NSF,2331818,K02,K02.1,415,48.284218,2.8264108
NSF,2332113,K04,K04.3,1159,-10.2693,-92.876434
NSF,2332142,K01,K01.2,218,-1.3787869,85.43857
NSF,2332253,K05,K05.1,1287,-27.864439,7.5781984
NSF,2332262,K05,K05.1|K05.2,1297,-13.850415,11.689155
NSF,2332339,K05,K05.1|K05.3,1379,-13.0068655,1.7521609
NSF,2332346,K05,K05.1,1249,-31.042463,8.873069
NSF,2332417,K01,K01.2,234,-30.729856,56.53702
NSF,2332849,K04,K04.3,1155,-20.629759,-99.72133
NSF,2332985,K05,K05.1,1289,-29.470371,4.655665
NSF,2333548,K01,K01.1,51,-52.185402,85.776695
NSF,2333604,K01,K01.1|K01.2,99,-33.089325,33.054157
NSF,2334072,K02,K02.1,360,43.295387,-37.07581
NSF,2334084,K01,K01.2,232,-31.471725,49.625008
NSF,2334097,K05,K05.3,1514,8.919459,-0.7925946
NSF,2334144,K05,K05.3,1529,-15.408406,-5.182202
NSF,2334216,K02,K02.1,416,57.37241,16.39783
NSF,2334233,K05,K05.2|K05.3,1469,-2.703269,1.7942148
NSF,2334272,K01,K01.1|K01.2,194,-21.910921,50.474304
NSF,2334276,K05,K05.3,1527,-7.7224946,-5.7116737
NSF,2334298,K01,K01.1|K01.2,194,-21.910595,50.47448
NSF,2334311,K01,K01.1|K01.2,193,-22.10478,51.715908
NSF,2334340,K05,K05.1|K05.3,1422,-10.95111,0.7955206
NSF,2334370,K05,K05.3,1527,-7.722607,-5.7117505
NSF,2334438,K04,K04.1|K04.3,1045,-42.925755,-25.28484
NSF,2334667,K04,K04.1,850,-11.8082,-48.61719
NSF,2334880,K02,K02.1|K02.2,418,32.49717,-55.52365
NSF,2335104,K04,K04.1|K04.3,952,-24.112988,-16.429976
NSF,2335210,K03,K03.2|K03.3,718,-95.91241,9.541205
NSF,2335229,K04,K04.1|K04.3,952,-24.112988,-16.429976
NSF,2335238,K04,K04.1|K04.3,1009,-58.96228,-54.753933
NSF,2335269,K01,K01.1,13,-6.2306414,41.88243
NSF,2335370,K03,K03.1,538,-81.8066,10.335673
NSF,2335379,K04,K04.1|K04.3,952,-24.112988,-16.429976
NSF,2335438,K01,K01.1,12,14.375579,51.123745
NSF,2335500,K04,K04.1|K04.3,983,8.827075,-78.45932
NSF,2335514,K04,K04.1|K04.3,1045,-44.7767,-25.188618
NSF,2335596,K04,K04.3,1155,-20.518133,-99.82441
NSF,2335773,K03,K03.1,538,-81.8065,10.334848
NSF,2335795,K01,K01.1,27,-75.66801,50.64134
NSF,2335872,K04,K04.1|K04.3,952,-24.112988,-16.429976
NSF,2336001,K04,K04.3,1173,-72.86091,-48.996742
NSF,2336328,K02,K02.1,316,18.776417,29.321875
NSF,2336354,K02,K02.1,295,0.09985375,-32.30974
NSF,2336773,K03,K03.3,777,-74.62996,6.004182
NSF,2337109,K02,K02.1,386,24.685783,-20.834702
NSF,2337246,K04,K04.2|K04.3,1146,-12.790074,-50.02156
NSF,2337277,K04,K04.1|K04.3,1009,-58.96228,-54.753933
NSF,2338023,K01,K01.1|K01.2,78,-33.30601,77.340904
NSF,2338024,K01,K01.1|K01.2,78,-33.32111,77.163635
NSF,2338025,K01,K01.1|K01.2,78,-33.257877,77.37781
NSF,2338026,K01,K01.1|K01.2,78,-33.23132,77.39148
NSF,2338313,K03,K03.1,533,-59.14168,-13.6035795
NSF,2338480,K02,K02.1,250,22.623405,-43.375565
NSF,2338556,K02,K02.1|K02.2,455,66.097145,-2.4247289
NSF,2338563,K03,K03.1,538,-81.8065,10.334848
NSF,2338755,K04,K04.1|K04.3,952,-24.112988,-16.429976
NSF,2339062,K02,K02.1,274,60.62823,54.673374
NSF,2339462,K03,K03.1,538,-81.8065,10.334848
NSF,2340161,K01,K01.1|K01.2,121,-55.626812,61.800545
NSF,2340510,K02,K02.1,250,21.803154,-41.50002
NSF,2340946,K01,K01.1|K01.2,196,-19.710339,53.215
NSF,2341214,K04,K04.1|K04.3,952,-24.112988,-16.429976
NSF,2341290,K02,K02.1,417,47.512535,29.974957
NSF,2341739,K01,K01.1|K01.2,114,-29.797308,36.21878
NSF,2341740,K01,K01.1|K01.2,114,-29.797308,36.21878
NSF,2341996,K04,K04.1|K04.3,1014,-56.784595,-54.16054
NSF,2342497,K05,K05.2,1427,6.8474298,8.463313
NSF,2342842,K03,K03.1|K03.3,670,-69.13723,14.356521
NSF,2342887,K02,K02.1,411,67.25735,7.722131
NSF,2343285,K04,K04.1|K04.3,1033,-36.86791,-66.07751
NSF,2343289,K04,K04.1|K04.3,952,-24.112988,-16.429976
NSF,2343530,K01,K01.1|K01.2,77,-27.659893,60.54124
NSF,2343706,K04,K04.1|K04.2,911,-40.759792,-40.157413
NSF,2343837,K02,K02.1,415,48.284218,2.8264108
NSF,2343972,K02,K02.1|K02.2,499,64.78613,25.09019
NSF,2344042,K05,K05.1,1215,-21.78595,2.9101708
NSF,2344105,K02,K02.1,285,41.370483,51.843845
NSF,2344120,K01,K01.1,27,-75.66801,50.64134
NSF,2344174,K05,K05.1,1215,-21.78574,2.910723
NSF,2344205,K03,K03.1,567,-75.14218,9.044484
NSF,2344228,K04,K04.1|K04.3,952,-24.112988,-16.429976
NSF,2344230,K04,K04.1,791,-24.476862,-44.088715
NSF,2344289,K04,K04.1,780,-22.78111,-46.968304
NSF,2344305,K04,K04.1,780,-22.767847,-46.94089
NSF,2344337,K05,K05.1,1215,-21.786003,2.9101834
NSF,2344357,K03,K03.2|K03.3,716,-92.54879,14.483629
NSF,2344359,K04,K04.1|K04.3,1008,-49.51173,-60.51
NSF,2344374,K05,K05.1|K05.3,1369,-9.442585,2.2893643
NSF,2344375,K04,K04.1,833,-33.4141,-52.648464
NSF,2344395,K04,K04.1|K04.3,1008,-48.55001,-62.201454
NSF,2344398,K04,K04.1|K04.3,959,-27.315056,-26.438725
NSF,2344418,K04,K04.1|K04.3,952,-24.112988,-16.429976
NSF,2344424,K04,K04.1|K04.3,1078,-5.2842445,-59.323837
NSF,2344487,K05,K05.1,1224,-20.959204,12.187577
NSF,2344558,K01,K01.1,12,14.375579,51.123745
NSF,2344690,K02,K02.1,274,61.839836,54.416603
NSF,2344982,K01,K01.1|K01.2,128,24.652288,66.01764
NSF,2344994,K01,K01.1,27,-75.66801,50.64134
NSF,2345201,K02,K02.1|K02.2,464,71.34738,32.361897
NSF,2345255,K03,K03.3,750,-74.07699,-15.140858
NSF,2345256,K03,K03.3,750,-74.55725,-14.270098
NSF,2345257,K03,K03.3,750,-74.55725,-14.270098
NSF,2345272,K01,K01.1,27,-75.58461,49.768772
NSF,2345468,K01,K01.1|K01.2,169,-24.664766,52.026505
NSF,2345478,K04,K04.1|K04.3,1008,-48.59843,-62.20611
NSF,2345601,K04,K04.1|K04.3,952,-24.112988,-16.429976
NSF,2345641,K01,K01.1|K01.2,164,-12.042008,62.242374
NSF,2345642,K01,K01.1|K01.2,164,-12.042008,62.242374
NSF,2345643,K01,K01.1|K01.2,164,-12.042008,62.242374
NSF,2345775,K04,K04.1|K04.3,1009,-58.96228,-54.753933
NSF,2345878,K02,K02.1,415,48.284218,2.8264108
NSF,2346163,K04,K04.1|K04.3,952,-24.112988,-16.429976
NSF,2346179,K01,K01.1,1,-34.62806,68.9483
NSF,2346411,K01,K01.2,199,-31.450163,68.08318
NSF,2346425,K05,K05.1,1290,-30.673899,8.344192
NSF,2346568,K06,K06.1|K06.3,1537,6.757668,44.5472
NSF,2346763,K04,K04.1|K04.3,952,-24.112988,-16.429976
NSF,2346839,K04,K04.1|K04.3,983,8.827075,-78.45932
NSF,2347106,K04,K04.1|K04.3,953,-12.438632,-82.1784
NSF,2347307,K03,K03.2,685,-81.03495,25.199106
NSF,2347372,K01,K01.1,12,14.375579,51.123745
NSF,2347450,K02,K02.1,295,0.09985375,-32.30974
NSF,2347805,K02,K02.1,295,0.09985375,-32.30974
NSF,2347845,K02,K02.1|K02.2,431,46.721706,-59.91029
NSF,2347951,K04,K04.1,780,-23.726328,-46.220333
NSF,2348284,K05,K05.1|K05.3,1373,-10.633622,-0.57119846
NSF,2348548,K01,K01.1|K01.2,175,-19.728945,84.121796
NSF,2348674,K01,K01.1,31,14.822793,94.195984
NSF,2348705,K02,K02.1,412,46.824253,11.382704
NSF,2348772,K04,K04.1,812,-43.46024,-48.801113
NSF,2348964,K05,K05.1,1291,-28.982285,10.587188
NSF,2348965,K05,K05.1,1290,-30.673899,8.344192
NSF,2349605,K05,K05.1,1265,1.9716344,20.12911
NSF,2349825,K02,K02.1,386,24.685783,-20.834702
NSF,2349882,K03,K03.3,755,-71.12114,-13.588886
NSF,2349890,K05,K05.1,1277,4.588465,10.373508
NSF,2350521,K05,K05.1,1237,-25.822533,11.319616
NSF,2350541,K02,K02.1|K02.2,497,50.883045,6.124842
NSF,2350542,K02,K02.1|K02.2,497,50.883045,6.124842
NSF,2400107,K03,K03.3,735,-59.277534,-3.7836635
NSF,2400991,K02,K02.1,399,43.60345,10.196636
NSF,2401036,K04,K04.1|K04.3,1045,-42.925755,-25.28484
NSF,2401101,K02,K02.1,303,29.636635,-10.992385
NSF,2401476,K02,K02.1,293,39.632145,-19.24301
NSF,2401545,K05,K05.1|K05.2,1297,-13.850415,11.689155
NSF,2401551,K02,K02.1|K02.2,464,71.34738,32.361897
NSF,2401864,K02,K02.1,236,29.137192,-52.050907
NSF,2402003,K02,K02.1,405,47.61379,-8.043612
NSF,2402390,K05,K05.3,1519,-3.5164857,-1.2131124
NSF,2402495,K04,K04.1|K04.3,1045,-42.902485,-25.308958
NSF,2403646,K01,K01.1|K01.2,100,-52.48663,45.601883
NSF,2403660,K04,K04.1|K04.3,966,-35.723076,-27.82056
NSF,2403765,K02,K02.1,285,41.370483,51.843845
NSF,2403830,K02,K02.1,405,47.613766,-8.043708
NSF,2403834,K02,K02.2,522,63.75506,23.61831
NSF,2404156,K04,K04.1|K04.3,952,-24.112988,-16.429976
NSF,2404228,K04,K04.3,1172,-70.2888,-54.51908
NSF,2404520,K04,K04.1|K04.3,952,-24.112988,-16.429976
NSF,2404531,K04,K04.1,880,-34.19002,-50.9241
NSF,2404540,K03,K03.3,745,-91.148315,-1.221611
NSF,2404686,K01,K01.2,233,-33.018238,52.9222
NSF,2404712,K04,K04.3,1167,-72.61171,-65.46303
NSF,2404728,K02,K02.1,250,22.307907,-41.384895
NSF,2404872,K04,K04.1,835,-35.964108,-58.353905
NSF,2405214,K01,K01.1|K01.2,99,-33.089325,33.054157
NSF,2405325,K04,K04.1,780,-22.767847,-46.94089
NSF,2406002,K04,K04.1|K04.3,952,-24.112988,-16.429976
NSF,2406176,K01,K01.1|K01.2,128,24.652288,66.01764
NSF,2406295,K03,K03.2|K03.3,718,-96.034805,10.712711
NSF,2406786,K05,K05.1,1290,-30.673899,8.344192
NSF,2408853,K02,K02.1,295,0.09985375,-32.30974
NSF,2408854,K02,K02.1,295,0.09985375,-32.30974
NSF,2408967,K03,K03.3,762,-48.922363,14.856566
NSF,2409271,K04,K04.1|K04.3,1016,-56.200138,-39.820663
NSF,2409276,K05,K05.1|K05.3,1370,-13.976087,-1.2567309
NSF,2409408,K01,K01.1|K01.2,175,-19.728945,84.121796
NSF,2409879,K02,K02.1,417,47.512535,29.974957
NSF,2410910,K05,K05.3,1502,-16.836336,1.3358421
NSF,2411614,K02,K02.1,285,41.370483,51.843845
NSF,2411761,K01,K01.2,206,-12.38102,96.52651
NSF,2412340,K01,K01.1,51,-52.185402,85.776695
NSF,2412419,K04,K04.1|K04.3,1086,-21.974588,-65.380356
NSF,2412557,K04,K04.2,1119,-4.5198903,-75.43254
NSF,2413165,K03,K03.2|K03.3,718,-96.392654,10.626396
NSF,2413246,K03,K03.2|K03.3,718,-96.034805,10.712711
NSF,2413267,K05,K05.2|K05.3,1480,0.07716048,2.2352016
NSF,2413323,K01,K01.1|K01.2,78,-33.24224,77.38055
NSF,2413348,K03,K03.3,775,-68.8558,0.13450688
NSF,2413382,K03,K03.3,775,-68.85599,0.13450992
NSF,2413384,K04,K04.1,878,-32.45167,-39.141197
NSF,2413870,K04,K04.1|K04.3,1008,-49.146694,-61.688206
NSF,2414139,K04,K04.1|K04.3,983,8.827075,-78.45932
NSF,2414567,K04,K04.1,798,-9.607636,-70.04601
NSF,2414769,K05,K05.3,1526,-7.533552,-3.9741793
NSF,2414963,K04,K04.1,780,-22.802967,-47.046616
NSF,2415132,K01,K01.2,212,-50.51855,62.660133
NSF,2415488,K01,K01.2,232,-31.471785,49.624832
NSF,2415650,K04,K04.1|K04.3,983,8.827075,-78.45932
NSF,2415744,K04,K04.1|K04.3,952,-24.112988,-16.429976
NSF,2416604,K02,K02.1,409,45.741726,-6.143064
NSF,2416663,K05,K05.1,1286,-26.8819,6.0335236
NSF,2417006,K02,K02.1|K02.2,458,81.92786,8.820477
NSF,2417042,K02,K02.1,415,48.284218,2.8264108
NSF,2417322,K02,K02.1,416,56.26877,16.488243
NSF,2417586,K02,K02.1,406,46.41884,-6.9017715
NSF,2417594,K02,K02.2,512,56.98869,-13.891263
NSF,2417903,K02,K02.2,521,51.714924,-6.611371
NSF,2418579,K01,K01.2,233,-33.018238,52.9222
NSF,2419076,K04,K04.1|K04.3,983,8.827075,-78.45932
NSF,2419971,K01,K01.1|K01.2,194,-21.911,50.474266
NSF,2419995,K02,K02.1,417,47.512535,29.974957
NSF,2420344,K03,K03.1,555,-64.85494,5.100372
NSF,2420364,K02,K02.1|K02.2,475,67.684044,-5.0065513
NSF,2420488,K04,K04.1|K04.3,1016,-56.15918,-39.853653
NSF,2420587,K05,K05.1,1233,-23.398296,9.689572
NSF,2420601,K01,K01.1|K01.2,100,-52.70675,45.42943
NSF,2420676,K04,K04.1|K04.3,952,-24.112988,-16.429976
NSF,2420677,K04,K04.1|K04.3,952,-24.112988,-16.429976
NSF,2421234,K02,K02.1,285,41.370483,51.843845
NSF,2421291,K01,K01.1|K01.2,164,-12.021274,62.206936
NSF,2421980,K04,K04.1,812,-43.362564,-48.864944
NSF,2422579,K01,K01.1,6,-39.9483,72.45772
NSF,2422601,K01,K01.1,67,-10.779611,47.449234
NSF,2422680,K02,K02.1,354,81.34246,23.634567
NSF,2422906,K04,K04.1|K04.3,952,-24.112988,-16.429976
NSF,2423008,K03,K03.2|K03.3,730,-66.3063,8.540331
NSF,2423048,K05,K05.2,1456,7.999365,2.1794226
NSF,2423166,K04,K04.1,780,-23.451244,-46.02087
NSF,2423254,K02,K02.1,285,41.370483,51.843845
NSF,2423301,K04,K04.1|K04.3,983,8.827075,-78.45932
NSF,2423304,K04,K04.3,1164,8.226209,-59.43357
NSF,2423352,K04,K04.1|K04.3,1008,-49.588528,-60.521072
NSF,2423377,K04,K04.1|K04.2|K04.3,931,-48.546776,-57.86237
NSF,2423448,K04,K04.1|K04.3,952,-24.112988,-16.429976
NSF,2423491,K04,K04.1|K04.2|K04.3,924,-2.1933167,-75.59311
NSF,2423538,K04,K04.1|K04.3,1086,-23.06698,-66.6228
NSF,2423575,K04,K04.1,781,-11.059427,-76.25347
NSF,2423576,K04,K04.1|K04.3,983,8.827075,-78.45932
NSF,2423700,K03,K03.2,685,-81.03495,25.199106
NSF,2423862,K03,K03.1|K03.2,581,-83.04248,16.620668
NSF,2425429,K01,K01.1,31,14.081165,94.5465
NSF,2425430,K01,K01.1,31,14.081165,94.5465
NSF,2425431,K01,K01.1,31,14.822793,94.195984
NSF,2426085,K05,K05.3,1527,-7.722405,-5.712047
NSF,2426102,K04,K04.3,1159,-10.2693,-92.876434
NSF,2426219,K02,K02.1,411,67.25735,7.722131
NSF,2426287,K01,K01.1,51,-52.185402,85.776695
NSF,2426624,K01,K01.2,233,-33.018238,52.9222
NSF,2426735,K05,K05.1,1290,-30.67417,8.3443575
NSF,2426947,K01,K01.1,12,14.375579,51.123745
NSF,2426993,K01,K01.1,39,18.81882,80.939255
NSF,2427231,K01,K01.1|K01.2,196,-19.710989,53.214714
NSF,2427232,K01,K01.1|K01.2,198,-27.109907,58.901257
NSF,2427233,K01,K01.1|K01.2,198,-27.109299,58.897644
NSF,2427238,K02,K02.1,235,27.163996,-61.750576
NSF,2427291,K01,K01.1|K01.2,170,-18.768747,40.140335
NSF,2427345,K02,K02.1,355,37.849483,-31.540384
NSF,2427554,K04,K04.3,1167,-72.61175,-65.462395
NSF,2427579,K03,K03.2|K03.3,725,-46.922222,18.081724
NSF,2427769,K05,K05.3,1527,-7.7224946,-5.7116737
NSF,2427875,K04,K04.1|K04.3,1045,-42.94063,-25.327091
NSF,2428217,K02,K02.1|K02.2,440,77.58707,-22.273842
NSF,2428625,K03,K03.1|K03.3,648,-88.36671,1.5426098
NSF,2428634,K02,K02.1,235,27.163996,-61.750576
NSF,2428805,K03,K03.2|K03.3,708,-60.8395,-3.6654434
NSF,2428903,K03,K03.2|K03.3,718,-95.91231,9.547071
NSF,2428909,K03,K03.1|K03.3,646,-85.92936,1.4803712
NSF,2429040,K04,K04.1|K04.3,1034,-69.171875,-41.39273
NSF,2429912,K05,K05.1|K05.3,1421,-11.633555,1.8326267
NSF,2430074,K05,K05.1,1215,-21.785486,2.9106154
NSF,2430376,K04,K04.1|K04.3,983,8.827075,-78.45932
NSF,2430700,K03,K03.1,537,-83.4482,8.092562
NSF,2430807,K05,K05.1|K05.2,1309,2.2674315,7.268848
NSF,2430862,K04,K04.1|K04.3,999,-31.736755,-47.456486
NSF,2430937,K04,K04.1|K04.3,952,-24.112988,-16.429976
NSF,2430978,K01,K01.1|K01.2,163,-15.276669,58.36601
NSF,2431053,K03,K03.3,757,-77.24274,-11.144621
NSF,2431089,K05,K05.1,1210,-27.224869,8.640703
NSF,2431141,K04,K04.2,1117,-22.124695,-32.08674
NSF,2431163,K01,K01.2,213,-30.117172,52.82815
NSF,2431169,K01,K01.1,7,11.064228,47.236042
NSF,2431193,K01,K01.1|K01.2,100,-52.48663,45.601883
NSF,2431213,K03,K03.1|K03.3,652,-81.53965,0.99669045
NSF,2431225,K04,K04.1|K04.3,965,-33.263794,-48.149654
NSF,2431228,K05,K05.1,1215,-21.785591,2.9096916
NSF,2431246,K04,K04.3,1168,-64.35972,-56.200615
NSF,2431262,K04,K04.1,785,-30.719954,-52.591724
NSF,2431268,K04,K04.1|K04.3,985,2.3851097,-70.943474
NSF,2431301,K05,K05.3,1497,-7.9673085,-6.9333405
NSF,2431309,K05,K05.1|K05.3,1374,-17.403656,3.2471642
NSF,2431326,K04,K04.1|K04.3,1112,-31.033094,-49.432243
NSF,2431342,K04,K04.1|K04.3,1034,-69.171875,-41.39273
NSF,2431345,K05,K05.1|K05.3,1380,-13.652198,1.5835236
NSF,2431384,K05,K05.1,1246,-13.585602,17.244455
NSF,2431391,K02,K02.1,255,6.1262383,31.94891
NSF,2431395,K04,K04.1|K04.3,1010,-61.795425,-43.677235
NSF,2431415,K04,K04.1|K04.3,1084,-26.113901,-73.63356
NSF,2431420,K04,K04.1|K04.3,1112,-31.033094,-49.432243
NSF,2431423,K05,K05.1|K05.3,1379,-13.0068655,1.7521609
NSF,2431443,K04,K04.1|K04.3,1024,-49.310658,-63.66935
NSF,2431451,K04,K04.1|K04.2,917,-32.802177,-52.09049
NSF,2431452,K04,K04.1,818,-38.63339,-53.04704
NSF,2431456,K01,K01.1|K01.2,115,-24.783401,47.21324
NSF,2431463,K04,K04.1,881,-32.43047,-52.142876
NSF,2431468,K05,K05.1,1234,-25.904018,6.071704
NSF,2431470,K05,K05.1|K05.2,1306,6.909812,4.7511096
NSF,2431474,K04,K04.1,831,-32.49587,-53.459576
NSF,2431624,K02,K02.1,386,24.685783,-20.834702
NSF,2431910,K04,K04.1|K04.3,983,8.827075,-78.45932
NSF,2431983,K02,K02.1,417,47.512535,29.974957
NSF,2432108,K01,K01.2,203,-35.03843,78.91438
NSF,2432110,K05,K05.1,1194,-14.737679,6.9971986
NSF,2432226,K05,K05.1,1226,-17.667458,17.008614
NSF,2432707,K04,K04.1|K04.3,983,8.827075,-78.45932
NSF,2432851,K04,K04.1|K04.3,952,-24.112988,-16.429976
NSF,2432928,K04,K04.1|K04.3,983,8.827075,-78.45932
NSF,2432964,K04,K04.1|K04.3,952,-24.112988,-16.429976
NSF,2432982,K04,K04.1|K04.3,952,-24.112988,-16.429976
NSF,2433265,K04,K04.1|K04.2|K04.3,923,-24.69844,-28.680468
NSF,2433700,K01,K01.1|K01.2,72,-11.293688,95.33718
NSF,2433711,K01,K01.2,203,-35.03826,78.91336
NSF,2434527,K01,K01.2,199,-31.450163,68.08318
NSF,2434543,K04,K04.1|K04.2,886,-21.446943,-30.57885
NSF,2434980,K02,K02.2,516,68.44804,-10.380326
NSF,2435190,K03,K03.3,775,-68.855705,0.13471563
NSF,2435274,K01,K01.2,234,-30.729856,56.53702
NSF,2435284,K03,K03.2|K03.3,732,-68.864105,0.1960439
NSF,2435436,K03,K03.2|K03.3,718,-96.392654,10.626396
NSF,2436273,K02,K02.1,411,67.25735,7.722131
NSF,2436970,K05,K05.1,1276,-17.615986,20.39378
NSF,2436996,K03,K03.2,675,-58.855396,1.9026004
NSF,2437086,K05,K05.1|K05.3,1414,-6.2853093,4.937491
NSF,2437386,K01,K01.1|K01.2,165,-12.374692,59.6349
NSF,2437479,K02,K02.1,249,27.471323,-56.650593
NSF,2437668,K03,K03.2,676,-59.85419,1.9843625
NSF,2437724,K02,K02.1,285,41.370483,51.843845
NSF,2437727,K02,K02.1,285,41.370483,51.843845
NSF,2440615,K01,K01.1|K01.2,100,-52.70675,45.42943
NSF,2444043,K01,K01.1|K01.2,121,-55.626812,61.800545
NSF,2444461,K05,K05.1|K05.3,1422,-10.951216,0.7955175
NSF,2445015,K05,K05.1,1224,-21.581547,12.714251
NSF,2445783,K05,K05.1|K05.2,1311,6.971435,4.5843844
NSF,2448113,K05,K05.1,1265,1.9707804,20.135666
NSF,2452296,K01,K01.1|K01.2,193,-22.104517,51.716278
NSF,2500434,K01,K01.1|K01.2,99,-31.595097,32.097103
NSF,2500968,K01,K01.1,39,19.25644,81.10934
NSF,2500969,K01,K01.1,39,19.25644,81.10934
NSF,2501467,K01,K01.1,10,-9.378735,97.45452
NSF,2501470,K02,K02.1,370,49.407246,-20.324265
NSF,2501471,K02,K02.1,370,49.326817,-19.454964
NSF,2502554,K02,K02.1,417,47.512535,29.974957
NSF,2502654,K02,K02.1,360,43.295387,-37.07581
NSF,2505344,K02,K02.1,295,0.09985375,-32.30974
NSF,2505675,K01,K01.1|K01.2,121,-55.626812,61.800545
NSF,2506500,K04,K04.1|K04.3,952,-24.112988,-16.429976
NSF,2514412,K04,K04.1|K04.3,952,-24.112988,-16.429976
NSF,2514683,K04,K04.1|K04.3,1045,-43.849434,-23.783655
NSF,2525905,K02,K02.1,370,49.510338,-20.276676
NSF,2530272,K03,K03.2,685,-81.03495,25.199106
NSF,49100421C0038,K04,K04.1,885,-31.756876,-54.67065
NSF,49100421C0039,K05,K05.1,1195,-14.505226,9.701754
NSFC,31560084,K02,K02.1,295,0.09985375,-32.30974
NSFC,31560127,K03,K03.2,694,-43.875904,20.697796
NSFC,31560156,K02,K02.1,295,0.09985375,-32.30974
NSFC,31560187,K02,K02.1,295,0.09985375,-32.30974
NSFC,31560233,K01,K01.1|K01.2,128,24.652288,66.01764
NSFC,31560236,K02,K02.1,295,0.09985375,-32.30974
NSFC,31560237,K02,K02.1,316,18.776417,29.321875
NSFC,31560337,K02,K02.1,370,49.97664,-19.520102
NSFC,31560372,K04,K04.1|K04.2|K04.3,950,-36.59686,-36.134464
NSFC,31560378,K02,K02.1,308,64.40268,-40.513367
NSFC,31560601,K02,K02.1,316,18.776417,29.321875
NSFC,31570229,K02,K02.1|K02.2,440,77.658646,-22.815
NSFC,31570337,K02,K02.1,308,64.40268,-40.513367
NSFC,31570394,K02,K02.1,295,0.09985375,-32.30974
NSFC,31570400,K02,K02.1,295,0.09985375,-32.30974
NSFC,31570408,K02,K02.1,386,24.685783,-20.834702
NSFC,31570412,K02,K02.1,386,24.685783,-20.834702
NSFC,31570435,K02,K02.1,386,24.685783,-20.834702
NSFC,31570449,K02,K02.1,295,0.09985375,-32.30974
NSFC,31570458,K02,K02.1,295,0.09985375,-32.30974
NSFC,31570460,K03,K03.1|K03.2,587,-49.480015,-7.9751506
NSFC,31570467,K02,K02.1|K02.2,440,77.83912,-23.103977
NSFC,31570470,K02,K02.1,295,0.09985375,-32.30974
NSFC,31570472,K02,K02.1,343,44.875477,23.75312
NSFC,31570474,K02,K02.1,314,11.0151,-17.829403
NSFC,31570477,K02,K02.1,295,0.09985375,-32.30974
NSFC,31570480,K02,K02.1,295,0.09985375,-32.30974
NSFC,31570484,K02,K02.1,295,0.09985375,-32.30974
NSFC,31570498,K02,K02.1,295,0.09985375,-32.30974
NSFC,31570507,K02,K02.1,386,24.685783,-20.834702
NSFC,31570511,K02,K02.1,386,24.685783,-20.834702
NSFC,31570528,K02,K02.1|K02.2,440,77.83912,-23.103977
NSFC,31570529,K02,K02.1,295,0.09985375,-32.30974
NSFC,31570536,K06,K06.1|K06.2,1533,14.401596,-6.597344
NSFC,31570546,K01,K01.1,12,14.375579,51.123745
NSFC,31570627,K04,K04.1|K04.3,1062,-13.274075,-51.79692
NSFC,31570630,K02,K02.1,308,64.74695,-39.538563
NSFC,31570632,K02,K02.1,360,43.295387,-37.07581
NSFC,31570699,K02,K02.1,308,64.74695,-39.538563
NSFC,31570701,K04,K04.1,851,-11.124885,-48.735622
NSFC,31570703,K03,K03.2,694,-43.876656,20.697956
NSFC,31571565,K01,K01.1|K01.2,99,-33.77932,33.10337
NSFC,31572028,K02,K02.1,386,24.685783,-20.834702
NSFC,31572250,K02,K02.1,386,24.685783,-20.834702
NSFC,31572290,K02,K02.1,316,18.776417,29.321875
NSFC,31572443,K03,K03.3,773,-69.872444,-8.105224
NSFC,31572595,K02,K02.1,295,0.09985375,-32.30974
NSFC,31572623,K02,K02.1,393,41.779507,-10.188074
NSFC,31600298,K02,K02.1,235,27.163996,-61.750576
NSFC,31600309,K02,K02.1,285,41.370483,51.843845
NSFC,31600315,K02,K02.1|K02.2,464,71.34738,32.361897
NSFC,31600325,K02,K02.1,295,0.09985375,-32.30974
NSFC,31600331,K02,K02.1,295,0.09985375,-32.30974
NSFC,31600333,K02,K02.1,316,18.776417,29.321875
NSFC,31600366,K02,K02.1|K02.2,440,78.86862,-23.438627
NSFC,31600368,K02,K02.1,274,61.670166,55.240562
NSFC,31600373,K04,K04.1|K04.2,903,-11.860595,-47.00904
NSFC,31600374,K02,K02.1,316,18.776417,29.321875
NSFC,31600375,K02,K02.1,344,87.71577,-4.1879163
NSFC,31600380,K02,K02.1,316,18.776417,29.321875
NSFC,31600381,K02,K02.1,386,24.685783,-20.834702
NSFC,31600395,K02,K02.1,295,0.09985375,-32.30974
NSFC,31600397,K02,K02.1|K02.2,475,67.337296,-5.3894286
NSFC,31600418,K02,K02.1,344,87.71577,-4.1879163
NSFC,31600420,K03,K03.3,772,-65.0869,9.510841
NSFC,31600426,K02,K02.1|K02.2,440,80.5774,-22.91089
NSFC,31600432,K02,K02.1,295,0.09985375,-32.30974
NSFC,31600442,K02,K02.1|K02.2,440,80.5774,-22.91089
NSFC,31600447,K02,K02.1,295,0.09985375,-32.30974
NSFC,31600571,K03,K03.1|K03.3,659,-59.78744,16.813444
NSFC,31600577,K05,K05.1,1254,-4.7990475,20.185955
NSFC,31600579,K02,K02.1,316,18.776417,29.321875
NSFC,31600580,K01,K01.1|K01.2,138,-0.6371072,76.972466
NSFC,31601872,K02,K02.1,314,11.0151,-17.829403
NSFC,31601874,K02,K02.1,316,18.776417,29.321875
NSFC,31630009,K02,K02.1,295,0.09985375,-32.30974
NSFC,31660054,K02,K02.1,295,0.09985375,-32.30974
NSFC,31660105,K02,K02.1,295,0.09985375,-32.30974
NSFC,31660118,K02,K02.1,295,0.09985375,-32.30974
NSFC,31660122,K02,K02.1,295,0.09985375,-32.30974
NSFC,31660125,K02,K02.1,295,0.09985375,-32.30974
NSFC,31660127,K02,K02.1,295,0.09985375,-32.30974
NSFC,31660135,K02,K02.1,250,21.763258,-41.5183
NSFC,31660137,K01,K01.1|K01.2,99,-33.77932,33.10337
NSFC,31660138,K02,K02.1,285,41.370483,51.843845
NSFC,31660155,K02,K02.1|K02.2,440,78.392166,-23.463676
NSFC,31660198,K02,K02.1,295,0.09985375,-32.30974
NSFC,31660203,K04,K04.1|K04.2|K04.3,939,-12.500043,-46.872383
NSFC,31660210,K02,K02.1,397,32.43084,-0.34834328
NSFC,31660236,K01,K01.1,12,14.375579,51.123745
NSFC,31660237,K02,K02.1,295,0.09985375,-32.30974
NSFC,31670105,K02,K02.1|K02.2,475,67.684044,-5.0065513
NSFC,31670229,K02,K02.1,295,0.09985375,-32.30974
NSFC,31670384,K02,K02.1,285,41.370483,51.843845
NSFC,31670397,K02,K02.1,316,18.776417,29.321875
NSFC,31670428,K02,K02.1,295,0.09985375,-32.30974
NSFC,31670452,K02,K02.1,295,0.09985375,-32.30974
NSFC,31670454,K01,K01.1,31,15.377417,94.65245
NSFC,31670470,K04,K04.3,1177,-14.005958,-52.75618
NSFC,31670475,K03,K03.1|K03.2|K03.3,622,-46.407627,-10.055321
NSFC,31670476,K02,K02.1,295,0.09985375,-32.30974
NSFC,31670480,K02,K02.1,295,0.09985375,-32.30974
NSFC,31670501,K02,K02.1,397,32.43084,-0.34834328
NSFC,31670539,K05,K05.1,1251,-11.137181,22.66286
NSFC,31670615,K02,K02.1,295,0.09985375,-32.30974
NSFC,31670620,K02,K02.1,397,32.43084,-0.34834328
NSFC,31670634,K02,K02.1,360,43.295387,-37.07581
NSFC,31670635,K02,K02.1,295,0.09985375,-32.30974
NSFC,31670664,K02,K02.1,295,0.09985375,-32.30974
NSFC,31670699,K01,K01.1|K01.2,99,-31.595097,32.097103
NSFC,31670702,K01,K01.1|K01.2,138,-0.8833188,76.55875
NSFC,31670704,K03,K03.1|K03.3,660,-62.5237,19.073715
NSFC,31670705,K02,K02.1,317,35.238163,20.82134
NSFC,31670708,K02,K02.1|K02.2,440,78.89822,-23.43222
NSFC,31670715,K02,K02.1,295,0.09985375,-32.30974
NSFC,31671575,K01,K01.2,218,-1.3787869,85.43857
NSFC,31671622,K02,K02.1,295,0.09985375,-32.30974
NSFC,31672054,K02,K02.1,386,24.685783,-20.834702
NSFC,31672319,K02,K02.1,314,11.0151,-17.829403
NSFC,31700362,K02,K02.1|K02.2,440,78.89822,-23.43222
NSFC,31700363,K02,K02.1,316,18.776417,29.321875
NSFC,31700388,K02,K02.1|K02.2,440,78.88174,-23.444118
NSFC,31700394,K02,K02.1,300,3.9471705,-15.864502
NSFC,31700399,K02,K02.1,295,0.09985375,-32.30974
NSFC,31700419,K02,K02.1,295,0.09985375,-32.30974
NSFC,31700433,K02,K02.1,360,43.295387,-37.07581
NSFC,31700439,K02,K02.1,344,87.716125,-4.1876855
NSFC,31700453,K02,K02.1,295,0.09985375,-32.30974
NSFC,31700465,K02,K02.1,316,18.776417,29.321875
NSFC,31700467,K03,K03.2,694,-43.877182,20.698122
NSFC,31700536,K02,K02.1,295,0.09985375,-32.30974
NSFC,31700541,K04,K04.1|K04.2|K04.3,939,-12.500064,-46.87272
NSFC,31700544,K02,K02.1,295,0.09985375,-32.30974
NSFC,31700561,K01,K01.1,12,14.375579,51.123745
NSFC,31700629,K05,K05.1|K05.2,1315,0.6783702,15.81388
NSFC,31700630,K01,K01.1|K01.2,158,-10.576066,61.793163
NSFC,31700631,K02,K02.1,308,64.40268,-40.513367
NSFC,31700632,K02,K02.1,308,64.40268,-40.513367
NSFC,31701313,K02,K02.1,370,49.317184,-19.464262
NSFC,31701387,K02,K02.1,370,49.317184,-19.464262
NSFC,31730105,K02,K02.1,295,0.09985375,-32.30974
NSFC,31760058,K02,K02.1,295,0.09985375,-32.30974
NSFC,31760112,K02,K02.1,295,0.09985375,-32.30974
NSFC,31760132,K02,K02.1,295,0.09985375,-32.30974
NSFC,31760143,K02,K02.1,383,63.428856,-22.40053
NSFC,31760147,K03,K03.1|K03.2,585,-49.013214,-8.913674
NSFC,31760151,K03,K03.1|K03.2,590,-55.928383,23.05921
NSFC,31760154,K02,K02.1,295,0.09985375,-32.30974
NSFC,31760155,K02,K02.1,295,0.09985375,-32.30974
NSFC,31760181,K01,K01.1|K01.2,138,-0.8833188,76.55875
NSFC,31760199,K02,K02.1,316,18.776417,29.321875
NSFC,31760228,K01,K01.1|K01.2,155,7.6010776,79.319405
NSFC,31760234,K01,K01.2,220,7.0522146,79.0554
NSFC,31770358,K02,K02.1,295,0.09985375,-32.30974
NSFC,31770359,K02,K02.1,295,0.09985375,-32.30974
NSFC,31770372,K03,K03.2|K03.3,723,-45.143467,-9.262073
NSFC,31770374,K02,K02.1,314,11.0151,-17.829403
NSFC,31770394,K02,K02.1,386,24.685783,-20.834702
NSFC,31770442,K02,K02.1,295,0.09985375,-32.30974
NSFC,31770449,K02,K02.1,295,0.09985375,-32.30974
NSFC,31770450,K02,K02.1,295,0.09985375,-32.30974
NSFC,31770454,K02,K02.1|K02.2,440,78.92277,-23.42302
NSFC,31770459,K02,K02.1,386,24.685783,-20.834702
NSFC,31770461,K02,K02.1,295,0.09985375,-32.30974
NSFC,31770464,K02,K02.1,295,0.09985375,-32.30974
NSFC,31770468,K02,K02.1,295,0.09985375,-32.30974
NSFC,31770472,K02,K02.1|K02.2,440,78.79129,-23.466236
NSFC,31770487,K02,K02.1,295,0.09985375,-32.30974
NSFC,31770490,K02,K02.1,295,0.09985375,-32.30974
NSFC,31770492,K02,K02.1,308,64.40268,-40.513367
NSFC,31770499,K02,K02.1,295,0.09985375,-32.30974
NSFC,31770502,K02,K02.1,295,0.09985375,-32.30974
NSFC,31770515,K02,K02.1,316,18.776417,29.321875
NSFC,31770516,K02,K02.1,295,0.09985375,-32.30974
NSFC,31770517,K02,K02.1,295,0.09985375,-32.30974
NSFC,31770518,K02,K02.1,295,0.09985375,-32.30974
NSFC,31770524,K02,K02.1,295,0.09985375,-32.30974
NSFC,31770528,K02,K02.1,295,0.09985375,-32.30974
NSFC,31770534,K02,K02.1,295,0.09985375,-32.30974
NSFC,31770554,K02,K02.1,386,24.685783,-20.834702
NSFC,31770563,K02,K02.1,316,18.776417,29.321875
NSFC,31770568,K02,K02.1,316,18.776417,29.321875
NSFC,31770585,K02,K02.1|K02.2,440,78.092766,-23.292301
NSFC,31770651,K02,K02.1,295,0.09985375,-32.30974
NSFC,31770677,K01,K01.1,12,14.375579,51.123745
NSFC,31770701,K02,K02.1,316,18.776417,29.321875
NSFC,31770747,K05,K05.1,1245,-13.292281,17.532162
NSFC,31770748,K02,K02.1,295,0.09985375,-32.30974
NSFC,31770750,K02,K02.1,308,64.40268,-40.513367
NSFC,31770752,K04,K04.1|K04.3,1023,-47.302753,-63.016727
NSFC,31770753,K05,K05.1,1247,-12.984665,18.51341
NSFC,31770760,K01,K01.1,31,14.822793,94.195984
NSFC,31770762,K02,K02.1,295,0.09985375,-32.30974
NSFC,31772855,K04,K04.1|K04.3,1067,-13.778265,-51.40075
NSFC,31772899,K01,K01.1|K01.2,182,-40.22291,61.845802
NSFC,31800276,K02,K02.1,295,0.09985375,-32.30974
NSFC,31800307,K02,K02.1,295,0.09985375,-32.30974
NSFC,31800343,K02,K02.1,295,0.09985375,-32.30974
NSFC,31800346,K02,K02.1,295,0.09985375,-32.30974
NSFC,31800347,K02,K02.1,295,0.09985375,-32.30974
NSFC,31800350,K02,K02.1,308,63.526558,-40.552383
NSFC,31800359,K02,K02.1,285,41.370483,51.843845
NSFC,31800363,K02,K02.1,295,0.09985375,-32.30974
NSFC,31800377,K02,K02.1,295,0.09985375,-32.30974
NSFC,31800379,K02,K02.1|K02.2,445,75.085335,-22.936512
NSFC,31800382,K02,K02.1|K02.2,440,77.83912,-23.103977
NSFC,31800396,K02,K02.1,316,18.776417,29.321875
NSFC,31800408,K03,K03.1|K03.2,585,-49.013214,-8.913674
NSFC,31800409,K02,K02.1,295,0.09985375,-32.30974
NSFC,31800410,K02,K02.1,386,24.685783,-20.834702
NSFC,31800412,K02,K02.1,295,0.09985375,-32.30974
NSFC,31800438,K02,K02.1,295,0.09985375,-32.30974
NSFC,31800448,K02,K02.1,308,63.526558,-40.552383
NSFC,31800465,K01,K01.1,55,1.7528757,64.476685
NSFC,31800469,K01,K01.1|K01.2,128,25.076363,66.24468
NSFC,31800513,K02,K02.1,295,0.09985375,-32.30974
NSFC,31800536,K02,K02.1,316,18.776417,29.321875
NSFC,31800538,K02,K02.1,386,24.685783,-20.834702
NSFC,31800542,K02,K02.1,295,0.09985375,-32.30974
NSFC,31800551,K02,K02.1,295,0.09985375,-32.30974
NSFC,31800604,K04,K04.1|K04.2|K04.3,941,-12.086742,-46.275337
NSFC,31800605,K04,K04.1|K04.3,1056,-12.843796,-49.31369
NSFC,31800606,K04,K04.1|K04.2|K04.3,942,-12.774153,-52.376823
NSFC,31800609,K02,K02.1,295,0.09985375,-32.30974
NSFC,31801315,K01,K01.1|K01.2,147,-12.5133095,66.39647
NSFC,31801964,K01,K01.2,218,-1.3787869,85.43857
NSFC,31801986,K01,K01.1,62,-20.157494,70.90525
NSFC,31801987,K03,K03.2|K03.3,729,-64.52842,8.516488
NSFC,31801991,K02,K02.1,397,32.43084,-0.34834328
NSFC,31802107,K02,K02.1,235,27.163996,-61.750576
NSFC,31830005,K02,K02.1,308,63.526558,-40.552383
NSFC,31830012,K02,K02.1,308,64.74695,-39.538563
NSFC,31860116,K02,K02.1,295,0.09985375,-32.30974
NSFC,31860145,K01,K01.1,31,14.822793,94.195984
NSFC,31860174,K02,K02.1,295,0.09985375,-32.30974
NSFC,31860197,K02,K02.1|K02.2,440,78.43329,-23.464724
NSFC,31860200,K02,K02.1,295,0.09985375,-32.30974
NSFC,31860205,K01,K01.1,12,14.375579,51.123745
NSFC,31860207,K01,K01.1|K01.2,99,-31.590233,32.111626
NSFC,31860211,K02,K02.1,290,41.49843,-30.81632
NSFC,31860213,K01,K01.2,207,-42.613377,46.514423
NSFC,31860232,K02,K02.1,310,5.444364,32.476498
NSFC,31860233,K04,K04.1|K04.3,1078,-5.2842865,-59.32413
NSFC,31860620,K02,K02.1,295,0.09985375,-32.30974
NSFC,31870307,K02,K02.1,360,43.295387,-37.07581
NSFC,31870369,K02,K02.1,300,3.9471705,-15.864502
NSFC,31870374,K02,K02.1,295,0.09985375,-32.30974
NSFC,31870385,K03,K03.2,692,-46.49271,-7.636593
NSFC,31870396,K02,K02.1,295,0.09985375,-32.30974
NSFC,31870412,K02,K02.1,295,0.09985375,-32.30974
NSFC,31870416,K02,K02.1,295,0.09985375,-32.30974
NSFC,31870425,K03,K03.1|K03.2,590,-54.956127,23.12476
NSFC,31870433,K02,K02.1,295,0.09985375,-32.30974
NSFC,31870451,K02,K02.1,295,0.09985375,-32.30974
NSFC,31870453,K02,K02.1,316,18.776417,29.321875
NSFC,31870454,K02,K02.1|K02.2,440,77.58593,-22.507689
NSFC,31870455,K02,K02.1,295,0.09985375,-32.30974
NSFC,31870459,K02,K02.1,316,18.776417,29.321875
NSFC,31870460,K01,K01.2,215,22.6461,65.346016
NSFC,31870462,K01,K01.1,12,14.375579,51.123745
NSFC,31870463,K02,K02.1|K02.2,440,77.658646,-22.815
NSFC,31870471,K02,K02.1,295,0.09985375,-32.30974
NSFC,31870487,K02,K02.1,386,24.685783,-20.834702
NSFC,31870489,K02,K02.1,364,36.368603,-29.859005
NSFC,31870502,K02,K02.1,295,0.09985375,-32.30974
NSFC,31870514,K02,K02.1,314,11.0151,-17.829403
NSFC,31870525,K02,K02.1,386,24.685783,-20.834702
NSFC,31870530,K01,K01.1,39,19.632627,80.67692
NSFC,31870534,K03,K03.3,750,-73.77538,-15.019923
NSFC,31870603,K02,K02.1,295,0.09985375,-32.30974
NSFC,31870618,K02,K02.1,302,29.40587,-11.321083
NSFC,31870699,K05,K05.1,1265,1.9714091,20.134602
NSFC,31870700,K02,K02.1,317,35.238163,20.82134
NSFC,31870702,K02,K02.1,310,5.444364,32.476498
NSFC,31870705,K04,K04.1|K04.2|K04.3,940,-12.815521,-49.6279
NSFC,31870712,K02,K02.1,295,0.09985375,-32.30974
NSFC,31871516,K03,K03.3,745,-91.148315,-1.221611
NSFC,31871518,K03,K03.1|K03.2,590,-55.928383,23.05921
NSFC,31872004,K02,K02.1,386,24.685783,-20.834702
NSFC,31872179,K02,K02.1,386,24.685783,-20.834702
NSFC,31872246,K02,K02.1,295,0.09985375,-32.30974
NSFC,31872248,K03,K03.1|K03.2,590,-55.928383,23.05921
NSFC,31872252,K02,K02.1,316,18.776417,29.321875
NSFC,31872688,K02,K02.1|K02.2,451,83.3295,8.6683655
NSFC,31872692,K03,K03.1|K03.2,610,-70.70835,14.25368
NSFC,31900191,K02,K02.1,316,18.776417,29.321875
NSFC,31900281,K02,K02.1,295,0.09985375,-32.30974
NSFC,31900373,K01,K01.1|K01.2,128,25.076363,66.24468
NSFC,31901079,K02,K02.1,295,0.09985375,-32.30974
NSFC,31901093,K02,K02.1,295,0.09985375,-32.30974
NSFC,31901099,K02,K02.1,314,11.0151,-17.829403
NSFC,31901128,K02,K02.1,295,0.09985375,-32.30974
NSFC,31901143,K02,K02.1,383,63.429207,-22.400599
NSFC,31901151,K01,K01.1|K01.2,138,-2.4907012,76.8406
NSFC,31901152,K02,K02.1,295,0.09985375,-32.30974
NSFC,31901153,K04,K04.1|K04.2,903,-11.860612,-47.009056
NSFC,31901155,K02,K02.1,386,24.685783,-20.834702
NSFC,31901167,K01,K01.1|K01.2,128,24.652288,66.01764
NSFC,31901172,K02,K02.1,295,0.09985375,-32.30974
NSFC,31901181,K02,K02.1,386,24.685783,-20.834702
NSFC,31901240,K01,K01.2,207,-42.613377,46.514423
NSFC,31901284,K02,K02.1,360,43.295387,-37.07581
NSFC,31901298,K02,K02.1,295,0.09985375,-32.30974
NSFC,31901311,K04,K04.1|K04.2|K04.3,931,-48.546806,-57.862526
NSFC,31901360,K02,K02.1,308,64.731834,-39.54344
NSFC,31901361,K02,K02.1,308,63.526558,-40.552383
NSFC,31901363,K05,K05.1,1251,-12.06933,23.425268
NSFC,31902425,K04,K04.1|K04.3,952,-24.112988,-16.429976
NSFC,31930070,K02,K02.1,295,0.09985375,-32.30974
NSFC,31930072,K02,K02.1,295,0.09985375,-32.30974
NSFC,31960099,K02,K02.1,314,11.0151,-17.829403
NSFC,31960252,K02,K02.1,316,18.776417,29.321875
NSFC,31960257,K02,K02.1,299,10.0415,-19.107157
NSFC,31960258,K02,K02.1|K02.2,475,67.337296,-5.3894286
NSFC,31960261,K01,K01.1|K01.2,99,-33.72278,33.11703
NSFC,31960263,K01,K01.1|K01.2,128,24.652288,66.01764
NSFC,31960284,K02,K02.1,295,0.09985375,-32.30974
NSFC,31960304,K02,K02.1,295,0.09985375,-32.30974
NSFC,31960328,K05,K05.1,1265,1.9714091,20.134602
NSFC,31970233,K01,K01.1,31,14.822793,94.195984
NSFC,31970495,K02,K02.1,386,24.685783,-20.834702
NSFC,31971395,K02,K02.1,295,0.09985375,-32.30974
NSFC,31971396,K02,K02.1,295,0.09985375,-32.30974
NSFC,31971400,K02,K02.1|K02.2,449,69.15581,-38.93935
NSFC,31971423,K03,K03.2|K03.3,722,-45.245045,-9.401258
NSFC,31971455,K02,K02.1,295,0.09985375,-32.30974
NSFC,31971463,K02,K02.1,316,18.776417,29.321875
NSFC,31971476,K02,K02.1,295,0.09985375,-32.30974
NSFC,31971481,K02,K02.1,308,64.731834,-39.54344
NSFC,31971482,K05,K05.1|K05.3,1423,-13.786802,-1.2905266
NSFC,31971485,K02,K02.1,316,18.776417,29.321875
NSFC,31971486,K03,K03.1|K03.2,606,-63.87329,6.2688293
NSFC,31971488,K03,K03.2|K03.3,722,-45.245045,-9.401258
NSFC,31971490,K02,K02.1,405,47.61639,-8.045724
NSFC,31971492,K03,K03.2,692,-46.49271,-7.636593
NSFC,31971502,K02,K02.1|K02.2,440,78.092766,-23.292301
NSFC,31971509,K02,K02.1,386,24.685783,-20.834702
NSFC,31971540,K02,K02.1,295,0.09985375,-32.30974
NSFC,31971542,K03,K03.1|K03.3,660,-62.523666,19.073654
NSFC,31971559,K02,K02.1,308,65.2612,-40.31205
NSFC,31971560,K03,K03.1,545,-65.07992,31.074078
NSFC,31971575,K01,K01.1,12,14.375579,51.123745
NSFC,31971580,K02,K02.1,308,65.35123,-39.532486
NSFC,31971629,K01,K01.1|K01.2,175,-19.728945,84.121796
NSFC,31971713,K02,K02.1,295,0.09985375,-32.30974
NSFC,31971715,K02,K02.1,316,18.776417,29.321875
NSFC,31971717,K05,K05.1,1251,-12.051619,23.394669
NSFC,31971720,K02,K02.1,312,33.648754,-5.6208615
NSFC,31971721,K02,K02.1,316,18.776417,29.321875
NSFC,31971722,K05,K05.1,1252,-0.387466,23.057775
NSFC,31971723,K01,K01.1,36,14.09575,68.45977
NSFC,31971773,K02,K02.1,360,43.295387,-37.07581
NSFC,31972312,K02,K02.1,273,30.959892,-20.565794
NSFC,31972793,K02,K02.1,386,24.685783,-20.834702
NSFC,31972945,K02,K02.1,295,0.09985375,-32.30974
NSFC,32000269,K02,K02.1,295,0.09985375,-32.30974
NSFC,32000316,K02,K02.1,295,0.09985375,-32.30974
NSFC,32001086,K02,K02.1,397,32.43084,-0.34834328
NSFC,32001087,K02,K02.1,393,41.781704,-10.18864
NSFC,32001114,K02,K02.1,295,0.09985375,-32.30974
NSFC,32001119,K03,K03.2,692,-46.49271,-7.636593
NSFC,32001136,K02,K02.1,295,0.09985375,-32.30974
NSFC,32001145,K02,K02.1,295,0.09985375,-32.30974
NSFC,32001155,K02,K02.1,295,0.09985375,-32.30974
NSFC,32001159,K02,K02.1,386,24.685783,-20.834702
NSFC,32001160,K02,K02.1,308,65.2612,-40.31205
NSFC,32001161,K02,K02.1,316,18.776417,29.321875
NSFC,32001162,K02,K02.1,308,64.94837,-39.543633
NSFC,32001163,K03,K03.1|K03.2,588,-59.702236,14.251718
NSFC,32001166,K02,K02.1,295,0.09985375,-32.30974
NSFC,32001168,K01,K01.1,31,15.377417,94.65245
NSFC,32001171,K01,K01.1|K01.2,128,24.652288,66.01764
NSFC,32001177,K02,K02.1,295,0.09985375,-32.30974
NSFC,32001179,K02,K02.1,386,24.685783,-20.834702
NSFC,32001181,K02,K02.1,295,0.09985375,-32.30974
NSFC,32001182,K02,K02.1,295,0.09985375,-32.30974
NSFC,32001188,K01,K01.1|K01.2,128,24.652288,66.01764
NSFC,32001225,K02,K02.1,295,0.09985375,-32.30974
NSFC,32001230,K02,K02.1|K02.2,451,83.68095,8.638089
NSFC,32001236,K03,K03.3,750,-73.71861,-15.054333
NSFC,32001239,K02,K02.1|K02.2,440,77.64091,-22.67496
NSFC,32001240,K01,K01.1|K01.2,138,-1.19305,77.23732
NSFC,32001241,K05,K05.2|K05.3,1468,-2.5145173,1.8715775
NSFC,32001251,K02,K02.1,295,0.09985375,-32.30974
NSFC,32001327,K02,K02.1,316,18.776417,29.321875
NSFC,32001360,K05,K05.1|K05.2,1317,-0.5049502,12.432701
NSFC,32001361,K02,K02.1,345,84.91933,-3.49873
NSFC,32001362,K02,K02.1,308,65.2612,-40.31205
NSFC,32001364,K01,K01.1,48,7.981141,75.73546
NSFC,32001365,K02,K02.1,308,64.94837,-39.543633
NSFC,32001367,K02,K02.1,308,64.40268,-40.513367
NSFC,32001368,K05,K05.1,1252,-0.38737574,23.05803
NSFC,32001415,K04,K04.1|K04.3,1045,-43.849434,-23.783655
NSFC,32001946,K03,K03.3,772,-65.0869,9.510841
NSFC,32001949,K02,K02.1,370,49.703228,-18.922705
NSFC,32002379,K02,K02.1,386,24.685783,-20.834702
NSFC,32060051,K02,K02.1,295,0.09985375,-32.30974
NSFC,32060068,K02,K02.1,295,0.09985375,-32.30974
NSFC,32060239,K01,K01.1|K01.2,175,-19.728945,84.121796
NSFC,32060244,K02,K02.1,295,0.09985375,-32.30974
NSFC,32060274,K01,K01.1|K01.2,128,24.652288,66.01764
NSFC,32060280,K02,K02.1,295,0.09985375,-32.30974
NSFC,32060290,K01,K01.1|K01.2,121,-55.626812,61.800545
NSFC,32060292,K02,K02.1,295,0.09985375,-32.30974
NSFC,32060316,K02,K02.1|K02.2,440,77.58593,-22.507689
NSFC,32060317,K02,K02.1,295,0.09985375,-32.30974
NSFC,32060318,K05,K05.2|K05.3,1465,2.0827644,0.3561838
NSFC,32060320,K01,K01.1|K01.2,99,-33.77932,33.10337
NSFC,32060346,K03,K03.3,769,-44.68506,2.9994094
NSFC,32060367,K01,K01.1|K01.2,138,-0.62912446,76.946465
NSFC,32060373,K01,K01.1|K01.2,99,-33.77932,33.10337
NSFC,32060448,K04,K04.1|K04.3,983,8.827075,-78.45932
NSFC,32060629,K02,K02.1,370,49.703228,-18.922705
NSFC,32070240,K02,K02.1,295,0.09985375,-32.30974
NSFC,32070462,K02,K02.1,314,11.0151,-17.829403
NSFC,32070519,K01,K01.1|K01.2,184,-21.693523,71.905426
NSFC,32070521,K04,K04.1,849,-11.872896,-47.543705
NSFC,32071494,K02,K02.1|K02.2,440,78.89822,-23.43222
NSFC,32071513,K02,K02.1|K02.2,475,67.337296,-5.3894286
NSFC,32071515,K02,K02.1,295,0.09985375,-32.30974
NSFC,32071529,K02,K02.1,295,0.09985375,-32.30974
NSFC,32071573,K02,K02.1,295,0.09985375,-32.30974
NSFC,32071578,K02,K02.1|K02.2,448,69.160324,-38.952698
NSFC,32071579,K02,K02.1,397,32.43084,-0.34834328
NSFC,32071580,K04,K04.1|K04.3,1069,-5.288851,-51.10789
NSFC,32071586,K01,K01.1,31,15.377417,94.65245
NSFC,32071590,K02,K02.1|K02.2,440,77.83912,-23.103977
NSFC,32071597,K02,K02.1|K02.2,448,69.16013,-38.951675
NSFC,32071604,K02,K02.1|K02.2,440,77.658646,-22.815
NSFC,32071605,K02,K02.1|K02.2,440,77.645485,-22.025585
NSFC,32071606,K02,K02.1|K02.2,440,78.285255,-23.411259
NSFC,32071608,K02,K02.1,360,43.295387,-37.07581
NSFC,32071622,K02,K02.1,295,0.09985375,-32.30974
NSFC,32071647,K02,K02.1,295,0.09985375,-32.30974
NSFC,32071654,K01,K01.1|K01.2,138,-0.8833188,76.55875
NSFC,32071655,K03,K03.1,543,-49.58566,-10.520268
NSFC,32071663,K02,K02.1,295,0.09985375,-32.30974
NSFC,32071664,K02,K02.1,339,26.034813,23.176586
NSFC,32071668,K02,K02.1|K02.2,440,78.09169,-23.334091
NSFC,32071683,K03,K03.3,750,-75.50612,-13.882421
NSFC,32071735,K02,K02.1,295,0.09985375,-32.30974
NSFC,32071744,K02,K02.1,295,0.09985375,-32.30974
NSFC,32071758,K04,K04.1|K04.3,1033,-36.86791,-66.07751
NSFC,32071759,K02,K02.1,316,18.776417,29.321875
NSFC,32071760,K02,K02.1,295,0.09985375,-32.30974
NSFC,32071762,K02,K02.1|K02.2,440,78.392166,-23.463676
NSFC,32071783,K03,K03.1|K03.2|K03.3,624,-59.43089,19.89501
NSFC,32071830,K04,K04.1|K04.3,1078,-5.2842865,-59.32413
NSFC,32071832,K02,K02.1,295,0.09985375,-32.30974
NSFC,32071836,K02,K02.1,295,0.09985375,-32.30974
NSFC,32071843,K02,K02.1,295,0.09985375,-32.30974
NSFC,32071894,K02,K02.1,285,41.370483,51.843845
NSFC,32071949,K02,K02.1,417,47.512535,29.974957
NSFC,32071972,K02,K02.1,235,27.163996,-61.750576
NSFC,32072468,K03,K03.3,753,-72.787994,-11.156728
NSFC,32072666,K02,K02.1,295,0.09985375,-32.30974
NSFC,32072946,K02,K02.1,360,43.295387,-37.07581
NSFC,32100086,K02,K02.1,250,21.763258,-41.5183
NSFC,32100188,K02,K02.1|K02.2,475,67.337296,-5.3894286
NSFC,32100304,K02,K02.1,295,0.09985375,-32.30974
NSFC,32100373,K02,K02.1,316,18.776417,29.321875
NSFC,32100393,K02,K02.1,316,18.776417,29.321875
NSFC,32100400,K02,K02.1,295,0.09985375,-32.30974
NSFC,32100401,K03,K03.2|K03.3,729,-64.52842,8.516488
NSFC,32100403,K02,K02.1,295,0.09985375,-32.30974
NSFC,32101253,K02,K02.1,295,0.09985375,-32.30974
NSFC,32101292,K01,K01.1,39,19.934034,79.79828
NSFC,32101301,K01,K01.1,12,14.375579,51.123745
NSFC,32101304,K02,K02.1,295,0.09985375,-32.30974
NSFC,32101318,K02,K02.1,308,64.78575,-40.954887
NSFC,32101322,K01,K01.1|K01.2,138,-0.6904194,77.96034
NSFC,32101325,K02,K02.1,344,87.57673,-4.3350744
NSFC,32101326,K03,K03.1|K03.2,590,-54.956127,23.12476
NSFC,32101327,K03,K03.1|K03.2,606,-63.873055,6.2687984
NSFC,32101340,K02,K02.1,308,65.2612,-40.31205
NSFC,32101347,K02,K02.1,316,18.776417,29.321875
NSFC,32101351,K02,K02.1,295,0.09985375,-32.30974
NSFC,32101357,K02,K02.1,295,0.09985375,-32.30974
NSFC,32101359,K02,K02.1,360,43.295387,-37.07581
NSFC,32101399,K02,K02.1|K02.2,440,80.5774,-22.91089
NSFC,32101400,K01,K01.1,32,17.66307,84.65246
NSFC,32101402,K03,K03.3,765,-49.82695,15.478048
NSFC,32101404,K05,K05.1,1242,-11.375757,19.033646
NSFC,32101416,K03,K03.2|K03.3,714,-91.860504,15.661465
NSFC,32101480,K02,K02.1,295,0.09985375,-32.30974
NSFC,32101494,K02,K02.1,308,65.2612,-40.31205
NSFC,32101500,K02,K02.1,308,64.875854,-41.05782
NSFC,32101514,K02,K02.1,295,0.09985375,-32.30974
NSFC,32101522,K01,K01.1,31,14.085506,94.65085
NSFC,32101523,K01,K01.1,12,14.375579,51.123745
NSFC,32101525,K01,K01.1|K01.2,128,25.368574,65.552765
NSFC,32101573,K02,K02.1,316,18.776417,29.321875
NSFC,32101576,K02,K02.1,308,65.55173,-41.07963
NSFC,32101578,K02,K02.1,316,18.776417,29.321875
NSFC,32101582,K02,K02.1,308,65.2612,-40.31205
NSFC,32102795,K01,K01.1|K01.2,85,-24.631763,81.424286
NSFC,41530528,K03,K03.3,760,-44.926617,-10.429467
NSFC,41530529,K02,K02.1,386,24.685783,-20.834702
NSFC,41530532,K02,K02.1|K02.2,451,83.3295,8.6683655
NSFC,41530635,K02,K02.1,311,63.803585,-36.53334
NSFC,41530747,K02,K02.1,295,0.09985375,-32.30974
NSFC,41530752,K02,K02.1,295,0.09985375,-32.30974
NSFC,41531176,K03,K03.1|K03.2,590,-54.956127,23.12476
NSFC,41561002,K02,K02.1,295,0.09985375,-32.30974
NSFC,41561004,K02,K02.1,285,41.370483,51.843845
NSFC,41561007,K02,K02.1,316,18.776417,29.321875
NSFC,41561008,K01,K01.1|K01.2,138,-0.52528226,77.56936
NSFC,41561016,K03,K03.2,685,-81.03495,25.199106
NSFC,41561017,K04,K04.3,1167,-72.614265,-65.46601
NSFC,41561019,K02,K02.1,316,18.776417,29.321875
NSFC,41561020,K01,K01.1|K01.2,138,-0.91214633,76.60216
NSFC,41561024,K02,K02.1,411,67.25735,7.722131
NSFC,41561025,K02,K02.1,316,18.776417,29.321875
NSFC,41561035,K02,K02.1|K02.2,422,84.52453,5.320264
NSFC,41561036,K02,K02.1,397,30.570475,-0.4237033
NSFC,41561037,K02,K02.1,316,18.776417,29.321875
NSFC,41561038,K03,K03.1|K03.2,590,-54.956127,23.12476
NSFC,41561039,K02,K02.1,316,18.776417,29.321875
NSFC,41561040,K05,K05.1,1259,-9.311523,22.595572
NSFC,41561043,K02,K02.1,316,18.776417,29.321875
NSFC,41561054,K02,K02.1,295,0.09985375,-32.30974
NSFC,41561073,K03,K03.3,760,-44.926617,-10.429467
NSFC,41561081,K01,K01.1,12,14.375579,51.123745
NSFC,41561086,K02,K02.1,316,18.776417,29.321875
NSFC,41561087,K01,K01.1|K01.2,138,-1.1865808,77.54984
NSFC,41561089,K03,K03.3,760,-44.926617,-10.429467
NSFC,41561099,K03,K03.3,745,-91.28543,-1.3138227
NSFC,41561105,K02,K02.1,316,18.776417,29.321875
NSFC,41561111,K01,K01.1|K01.2,175,-19.728945,84.121796
NSFC,41562009,K01,K01.1,31,14.822793,94.195984
NSFC,41571019,K02,K02.1,235,27.163996,-61.750576
NSFC,41571021,K02,K02.1,308,65.2612,-40.31205
NSFC,41571023,K02,K02.1,360,43.295387,-37.07581
NSFC,41571026,K02,K02.1|K02.2,440,80.5774,-22.91089
NSFC,41571030,K02,K02.1|K02.2,440,80.5774,-22.91089
NSFC,41571033,K03,K03.2,698,-50.07427,8.95942
NSFC,41571036,K02,K02.1,354,81.34246,23.634567
NSFC,41571038,K02,K02.1,295,0.09985375,-32.30974
NSFC,41571041,K02,K02.1,316,18.776417,29.321875
NSFC,41571042,K02,K02.1|K02.2,447,76.23976,-21.8185
NSFC,41571046,K02,K02.1,295,0.09985375,-32.30974
NSFC,41571047,K01,K01.1,36,14.09575,68.45977
NSFC,41571048,K02,K02.1,383,63.429333,-22.400452
NSFC,41571051,K02,K02.1,316,18.776417,29.321875
NSFC,41571053,K02,K02.1,258,34.061687,-39.9671
NSFC,41571058,K02,K02.1,386,24.685783,-20.834702
NSFC,41571061,K03,K03.3,745,-91.28543,-1.3138227
NSFC,41571062,K03,K03.1|K03.2,598,-49.856,8.842554
NSFC,41571067,K02,K02.1|K02.2,464,71.34738,32.361897
NSFC,41571068,K01,K01.1|K01.2,99,-33.29918,31.227846
NSFC,41571069,K01,K01.1,31,14.822793,94.195984
NSFC,41571070,K04,K04.1|K04.3,984,2.2555282,-72.36051
NSFC,41571071,K02,K02.1,295,0.09985375,-32.30974
NSFC,41571077,K03,K03.1|K03.2|K03.3,624,-59.43071,19.895033
NSFC,41571079,K01,K01.1|K01.2,139,4.8061056,79.004364
NSFC,41571080,K02,K02.1,316,18.776417,29.321875
NSFC,41571084,K02,K02.1,397,30.570475,-0.4237033
NSFC,41571087,K05,K05.1,1251,-11.688334,23.173916
NSFC,41571088,K04,K04.1|K04.3,1092,-40.03367,-39.313046
NSFC,41571089,K02,K02.1,308,65.2612,-40.31205
NSFC,41571090,K02,K02.1,295,0.09985375,-32.30974
NSFC,41571091,K02,K02.1,316,18.776417,29.321875
NSFC,41571093,K03,K03.1|K03.2,571,-55.9499,21.325453
NSFC,41571094,K01,K01.1|K01.2,138,-1.6978927,77.71902
NSFC,41571096,K02,K02.1,316,18.776417,29.321875
NSFC,41571098,K02,K02.1,316,18.776417,29.321875
NSFC,41571101,K02,K02.1,295,0.09985375,-32.30974
NSFC,41571103,K03,K03.1|K03.2,585,-49.013214,-8.913674
NSFC,41571104,K03,K03.1|K03.3,673,-75.88527,8.195012
NSFC,41571105,K01,K01.1|K01.2,138,-0.52528226,77.56936
NSFC,41571118,K02,K02.1,333,30.285156,14.30456
NSFC,41571121,K05,K05.2,1448,-1.1237566,4.5921702
NSFC,41571123,K03,K03.1,545,-65.74184,31.24648
NSFC,41571126,K02,K02.1,316,18.776417,29.321875
NSFC,41571131,K01,K01.1|K01.2,170,-18.768747,40.140335
NSFC,41571138,K02,K02.1,316,18.776417,29.321875
NSFC,41571144,K02,K02.1,316,18.776417,29.321875
NSFC,41571146,K02,K02.1,325,29.29835,20.931166
NSFC,41571147,K02,K02.1,316,18.776417,29.321875
NSFC,41571150,K02,K02.1,316,18.776417,29.321875
NSFC,41571152,K02,K02.1,351,74.02276,15.10955
NSFC,41571153,K02,K02.1|K02.2,499,64.78604,25.089891
NSFC,41571155,K02,K02.1,316,18.776417,29.321875
NSFC,41571156,K05,K05.1|K05.3,1393,-7.4329305,13.487035
NSFC,41571159,K02,K02.1,333,30.285156,14.30456
NSFC,41571160,K02,K02.1,316,18.776417,29.321875
NSFC,41571162,K02,K02.1,397,30.570475,-0.4237033
NSFC,41571163,K01,K01.1,39,19.934034,79.79828
NSFC,41571165,K04,K04.1|K04.2,906,-7.2730694,-53.291878
NSFC,41571166,K02,K02.1,333,30.285156,14.30456
NSFC,41571170,K02,K02.1,316,18.776417,29.321875
NSFC,41571172,K05,K05.1,1250,-11.061452,20.199156
NSFC,41571176,K04,K04.1|K04.3,1069,-5.288851,-51.10789
NSFC,41571180,K03,K03.1|K03.2,590,-54.956127,23.12476
NSFC,41571182,K01,K01.1,31,14.822793,94.195984
NSFC,41571193,K02,K02.1|K02.2,474,64.08986,-21.765759
NSFC,41571195,K02,K02.1,295,0.09985375,-32.30974
NSFC,41571197,K02,K02.1,314,11.0151,-17.829403
NSFC,41571199,K02,K02.1,386,24.685783,-20.834702
NSFC,41571204,K02,K02.1|K02.2,485,56.37586,-4.0797777
NSFC,41571213,K03,K03.2|K03.3,722,-45.245045,-9.401258
NSFC,41571252,K02,K02.1,295,0.09985375,-32.30974
NSFC,41571301,K04,K04.1|K04.3,1055,-12.842013,-47.27488
NSFC,41571323,K01,K01.2,207,-42.613377,46.514423
NSFC,41571324,K01,K01.1,12,14.375579,51.123745
NSFC,41571327,K02,K02.1,274,61.670166,55.240562
NSFC,41571328,K01,K01.1,31,14.822793,94.195984
NSFC,41571332,K02,K02.1,275,77.93738,50.04157
NSFC,41571339,K01,K01.1,31,15.369617,94.69457
NSFC,41571350,K01,K01.1|K01.2,138,-1.7657757,77.58191
NSFC,41571351,K04,K04.1|K04.3,1008,-49.146694,-61.688206
NSFC,41571353,K01,K01.1,12,14.375579,51.123745
NSFC,41571356,K01,K01.1,12,14.375579,51.123745
NSFC,41571367,K01,K01.1,12,14.375579,51.123745
NSFC,41571373,K01,K01.1,39,19.25644,81.10934
NSFC,41571374,K04,K04.3,1167,-72.614265,-65.46601
NSFC,41571375,K01,K01.1,49,-5.7139554,65.47188
NSFC,41571377,K01,K01.1|K01.2,138,-0.5344876,77.54029
NSFC,41571378,K01,K01.2,207,-42.613377,46.514423
NSFC,41571384,K03,K03.1,545,-65.006546,31.287125
NSFC,41571385,K01,K01.1|K01.2,138,-0.52254725,77.50953
NSFC,41571405,K01,K01.1|K01.2,128,25.368574,65.552765
NSFC,41571406,K01,K01.1|K01.2,128,25.368574,65.552765
NSFC,41571411,K01,K01.1|K01.2,138,-0.7355971,77.772026
NSFC,41571412,K04,K04.1|K04.3,1009,-58.96228,-54.753933
NSFC,41571415,K01,K01.1|K01.2,128,25.368574,65.552765
NSFC,41571417,K01,K01.1|K01.2,99,-33.29918,31.227846
NSFC,41571418,K02,K02.1,344,87.57673,-4.3350744
NSFC,41571419,K04,K04.3,1179,-2.0647874,-51.93116
NSFC,41571421,K01,K01.1|K01.2,128,24.531525,65.31963
NSFC,41571423,K01,K01.1,39,19.934034,79.79828
NSFC,41571425,K01,K01.1,27,-75.58461,49.768772
NSFC,41571427,K02,K02.1,270,17.858717,21.573122
NSFC,41571429,K01,K01.1,12,14.375579,51.123745
NSFC,41571431,K01,K01.1,39,19.934034,79.79828
NSFC,41571455,K02,K02.1,250,21.763258,-41.5183
NSFC,41571474,K03,K03.3,770,-56.94748,7.977145
NSFC,41571475,K01,K01.1|K01.2,170,-18.768747,40.140335
NSFC,41571477,K03,K03.1|K03.2,585,-49.013214,-8.913674
NSFC,41571478,K03,K03.3,774,-68.61189,15.051659
NSFC,41571479,K01,K01.1|K01.2,128,25.368574,65.552765
NSFC,41571482,K04,K04.1|K04.2,908,-7.3474646,-57.92488
NSFC,41571483,K02,K02.1,316,18.776417,29.321875
NSFC,41571485,K01,K01.1|K01.2,175,-19.728945,84.121796
NSFC,41571488,K01,K01.1|K01.2,168,-19.407146,50.497807
NSFC,41571489,K02,K02.1,360,43.295387,-37.07581
NSFC,41571491,K03,K03.3,762,-48.92114,14.857235
NSFC,41571493,K03,K03.1|K03.3,671,-68.53449,0.49541542
NSFC,41571494,K03,K03.3,762,-48.92114,14.857235
NSFC,41571507,K04,K04.1,854,-12.412051,-51.506603
NSFC,41571511,K02,K02.1,310,5.444364,32.476498
NSFC,41571515,K02,K02.1,407,49.345997,-7.029584
NSFC,41571519,K05,K05.1|K05.2,1341,3.9893124,2.6486564
NSFC,41571520,K05,K05.1|K05.2|K05.3,1357,-4.0844064,2.797011
NSFC,41571521,K02,K02.1,386,24.685783,-20.834702
NSFC,41571523,K02,K02.1|K02.2,451,83.3295,8.6683655
NSFC,41571524,K02,K02.1,397,30.570475,-0.4237033
NSFC,41572082,K02,K02.1,295,0.09985375,-32.30974
NSFC,41572153,K02,K02.1,295,0.09985375,-32.30974
NSFC,41572161,K01,K01.1,53,-18.121021,39.430004
NSFC,41572222,K03,K03.3,750,-74.123566,-15.16603
NSFC,41572287,K02,K02.1,265,50.95586,-60.770424
NSFC,41572353,K02,K02.1,295,0.09985375,-32.30974
NSFC,41573069,K03,K03.1|K03.2,604,-55.768986,2.3847792
NSFC,41573077,K02,K02.1|K02.2,448,69.160324,-38.952698
NSFC,41573085,K01,K01.1|K01.2,175,-19.728945,84.121796
NSFC,41573131,K02,K02.1,295,0.09985375,-32.30974
NSFC,41573136,K01,K01.1|K01.2,175,-19.728945,84.121796
NSFC,41574001,K01,K01.1,12,14.375579,51.123745
NSFC,41574003,K01,K01.1,13,-6.2306395,41.882435
NSFC,41575001,K02,K02.1,397,30.570475,-0.4237033
NSFC,41575003,K02,K02.2,505,87.34892,9.311244
NSFC,41575011,K02,K02.1,285,41.370483,51.843845
NSFC,41575018,K01,K01.1|K01.2,99,-33.29918,31.227846
NSFC,41575021,K01,K01.1,59,-40.66166,61.13559
NSFC,41575034,K04,K04.3,1167,-72.614265,-65.46601
NSFC,41575109,K02,K02.1,397,32.424534,-0.3252192
NSFC,41575120,K02,K02.1,285,41.370483,51.843845
NSFC,41575141,K02,K02.1,308,65.2612,-40.31205
NSFC,41575145,K02,K02.1,386,24.685783,-20.834702
NSFC,41575148,K02,K02.1|K02.2,451,83.3295,8.6683655
NSFC,41575149,K02,K02.1,316,18.776417,29.321875
NSFC,41575151,K04,K04.3,1172,-70.293625,-54.51813
NSFC,41575153,K01,K01.1,36,14.09575,68.45977
NSFC,41576042,K02,K02.1,316,18.776417,29.321875
NSFC,41576043,K02,K02.1|K02.2,440,80.5774,-22.91089
NSFC,41576058,K02,K02.1,316,18.776417,29.321875
NSFC,41576110,K02,K02.1,386,24.685783,-20.834702
NSFC,41576120,K03,K03.3,772,-65.086945,9.510655
NSFC,41576121,K02,K02.1,285,41.370483,51.843845
NSFC,41576169,K01,K01.1|K01.2,99,-31.595097,32.097103
NSFC,41576172,K01,K01.1|K01.2,99,-31.595097,32.097103
NSFC,41576175,K01,K01.1,12,14.375579,51.123745
NSFC,41601001,K02,K02.1,296,7.3135004,-26.874002
NSFC,41601015,K01,K01.1|K01.2,164,-12.743891,61.302505
NSFC,41601018,K02,K02.1,265,50.95586,-60.770424
NSFC,41601019,K04,K04.1|K04.2|K04.3,947,-24.198029,-62.707684
NSFC,41601024,K02,K02.1,316,18.776417,29.321875
NSFC,41601025,K03,K03.2,699,-49.453102,2.481177
NSFC,41601033,K01,K01.1,12,14.375579,51.123745
NSFC,41601036,K02,K02.1,397,30.570475,-0.4237033
NSFC,41601039,K02,K02.1,316,18.776417,29.321875
NSFC,41601040,K04,K04.1|K04.3,1062,-13.274135,-51.797436
NSFC,41601049,K03,K03.1|K03.2,590,-54.956127,23.12476
NSFC,41601062,K02,K02.1,285,41.370483,51.843845
NSFC,41601064,K01,K01.1|K01.2,99,-33.29918,31.227846
NSFC,41601069,K02,K02.1,316,18.776417,29.321875
NSFC,41601073,K02,K02.1,308,65.2612,-40.31205
NSFC,41601077,K02,K02.1,417,47.512535,29.974957
NSFC,41601080,K01,K01.1|K01.2,99,-33.29918,31.227846
NSFC,41601082,K03,K03.1|K03.2,590,-55.15861,22.562325
NSFC,41601086,K02,K02.1|K02.2,425,27.516665,-44.25981
NSFC,41601087,K05,K05.1,1251,-11.5596,23.070026
NSFC,41601089,K02,K02.1,397,30.570475,-0.4237033
NSFC,41601093,K02,K02.1,316,18.776417,29.321875
NSFC,41601094,K02,K02.1,308,65.2612,-40.31205
NSFC,41601095,K01,K01.1|K01.2,128,25.368574,65.552765
NSFC,41601099,K03,K03.1,544,-59.37421,14.099417
NSFC,41601108,K02,K02.1,374,48.440804,-16.284716
NSFC,41601115,K02,K02.1,316,18.776417,29.321875
NSFC,41601116,K02,K02.1,316,18.776417,29.321875
NSFC,41601117,K02,K02.1,397,30.570475,-0.4237033
NSFC,41601125,K02,K02.1,316,18.776417,29.321875
NSFC,41601148,K02,K02.1,328,22.695848,17.566027
NSFC,41601149,K02,K02.1,316,18.776417,29.321875
NSFC,41601150,K02,K02.1,317,35.238163,20.82134
NSFC,41601151,K05,K05.1,1251,-12.047595,22.700022
NSFC,41601153,K02,K02.1,397,32.424534,-0.3252192
NSFC,41601154,K05,K05.1|K05.2,1331,-2.8166828,18.546614
NSFC,41601155,K02,K02.1,316,18.776417,29.321875
NSFC,41601156,K02,K02.1,316,18.776417,29.321875
NSFC,41601157,K02,K02.1,415,48.558605,4.066028
NSFC,41601159,K02,K02.1,316,18.776417,29.321875
NSFC,41601160,K05,K05.1,1251,-11.657422,22.513601
NSFC,41601162,K03,K03.1|K03.2,590,-54.956127,23.12476
NSFC,41601164,K02,K02.1,351,74.02282,15.109549
NSFC,41601165,K01,K01.1,39,19.934034,79.79828
NSFC,41601166,K02,K02.1,322,27.69136,17.136131
NSFC,41601167,K03,K03.1|K03.2,590,-54.956127,23.12476
NSFC,41601169,K02,K02.1,397,30.570475,-0.4237033
NSFC,41601170,K02,K02.1,351,74.02282,15.109549
NSFC,41601171,K01,K01.2,219,-1.9058353,85.487656
NSFC,41601176,K02,K02.1,397,30.570475,-0.4237033
NSFC,41601178,K02,K02.1,316,18.776417,29.321875
NSFC,41601182,K01,K01.1|K01.2,187,-24.29587,68.06483
NSFC,41601184,K05,K05.1,1251,-12.029292,23.236391
NSFC,41601185,K04,K04.3,1179,-2.0647874,-51.93116
NSFC,41601190,K01,K01.1,31,14.085506,94.65085
NSFC,41601192,K02,K02.1,295,0.09985375,-32.30974
NSFC,41601198,K02,K02.1,360,43.295387,-37.07581
NSFC,41601202,K02,K02.1,295,0.09985375,-32.30974
NSFC,41601203,K02,K02.1,360,43.295387,-37.07581
NSFC,41601206,K02,K02.1,295,0.09985375,-32.30974
NSFC,41601208,K02,K02.1,316,18.776417,29.321875
NSFC,41601210,K01,K01.1,39,19.934034,79.79828
NSFC,41601213,K01,K01.1,12,14.375579,51.123745
NSFC,41601214,K01,K01.1,12,14.375579,51.123745
NSFC,41601274,K01,K01.1,31,14.085506,94.65085
NSFC,41601279,K02,K02.1,360,43.295387,-37.07581
NSFC,41601327,K02,K02.1|K02.2,440,80.5774,-22.91089
NSFC,41601349,K02,K02.1,274,61.670166,55.240562
NSFC,41601351,K01,K01.1,59,-40.66166,61.13559
NSFC,41601356,K01,K01.1|K01.2,99,-33.29918,31.227846
NSFC,41601362,K01,K01.1|K01.2,128,25.368574,65.552765
NSFC,41601364,K01,K01.1|K01.2,161,-6.420356,65.35958
NSFC,41601367,K01,K01.1,12,14.375579,51.123745
NSFC,41601368,K01,K01.1|K01.2,99,-33.29918,31.227846
NSFC,41601373,K01,K01.1,27,-75.58461,49.768772
NSFC,41601376,K01,K01.2,207,-42.613377,46.514423
NSFC,41601385,K01,K01.1,12,14.375579,51.123745
NSFC,41601386,K01,K01.1,12,14.375579,51.123745
NSFC,41601387,K01,K01.1,12,14.375579,51.123745
NSFC,41601397,K01,K01.1,12,14.375579,51.123745
NSFC,41601404,K03,K03.1,545,-65.0704,31.080671
NSFC,41601415,K04,K04.1,856,-7.374926,-52.172443
NSFC,41601420,K03,K03.1,545,-65.01936,31.391787
NSFC,41601423,K01,K01.1,13,-6.2306395,41.882435
NSFC,41601426,K01,K01.1,12,14.375579,51.123745
NSFC,41601431,K05,K05.1,1215,-21.785591,2.9096916
NSFC,41601434,K03,K03.2,685,-81.03495,25.199106
NSFC,41601435,K02,K02.1,295,0.09985375,-32.30974
NSFC,41601437,K04,K04.3,1167,-72.614265,-65.46601
NSFC,41601442,K02,K02.1,360,43.295387,-37.07581
NSFC,41601445,K01,K01.1|K01.2,99,-33.29918,31.227846
NSFC,41601447,K01,K01.2,220,7.0522327,79.055176
NSFC,41601449,K01,K01.1,39,19.25644,81.10934
NSFC,41601450,K04,K04.2|K04.3,1139,-70.89373,-64.39891
NSFC,41601453,K01,K01.1|K01.2,99,-33.29918,31.227846
NSFC,41601456,K02,K02.1,274,61.670166,55.240562
NSFC,41601457,K01,K01.1|K01.2,175,-19.728945,84.121796
NSFC,41601458,K03,K03.3,762,-48.92145,14.857293
NSFC,41601460,K01,K01.1|K01.2,138,-2.2877657,77.0717
NSFC,41601462,K02,K02.1,344,87.77063,-4.146589
NSFC,41601464,K01,K01.1|K01.2,138,-1.191921,77.55694
NSFC,41601466,K01,K01.1|K01.2,99,-33.29918,31.227846
NSFC,41601471,K02,K02.1|K02.2,451,83.3295,8.6683655
NSFC,41601473,K01,K01.1|K01.2,99,-33.29918,31.227846
NSFC,41601480,K01,K01.1,39,19.693708,81.25444
NSFC,41601481,K01,K01.1,13,-6.2306395,41.882435
NSFC,41601482,K02,K02.1,295,0.09985375,-32.30974
NSFC,41601484,K02,K02.1,316,18.776417,29.321875
NSFC,41601510,K02,K02.1,360,43.295387,-37.07581
NSFC,41601513,K02,K02.1,250,21.763258,-41.5183
NSFC,41601514,K02,K02.1,386,24.685783,-20.834702
NSFC,41601526,K03,K03.2|K03.3,718,-96.392654,10.626396
NSFC,41601527,K02,K02.1,386,24.685783,-20.834702
NSFC,41601546,K01,K01.1|K01.2,175,-19.728945,84.121796
NSFC,41601547,K03,K03.3,772,-65.086914,9.510734
NSFC,41601550,K01,K01.1|K01.2,175,-19.728945,84.121796
NSFC,41601552,K01,K01.1|K01.2,175,-20.60616,84.716774
NSFC,41601555,K01,K01.1,12,14.375579,51.123745
NSFC,41601556,K01,K01.1|K01.2,138,-0.6143326,77.06543
NSFC,41601557,K03,K03.3,750,-74.05965,-15.19132
NSFC,41601561,K03,K03.1|K03.3,660,-62.523693,19.073696
NSFC,41601565,K03,K03.3,750,-74.13608,-15.2225065
NSFC,41601566,K03,K03.1,551,-48.13504,5.2557573
NSFC,41601568,K04,K04.1|K04.3,1086,-22.05649,-65.46136
NSFC,41601570,K05,K05.1,1251,-11.611688,23.075314
NSFC,41601571,K05,K05.3,1516,-6.8610964,-5.975893
NSFC,41601575,K02,K02.1,316,18.776417,29.321875
NSFC,41601587,K01,K01.1|K01.2,133,-3.9297347,73.09774
NSFC,41601592,K02,K02.1,263,26.332928,-38.239975
NSFC,41601593,K05,K05.1,1270,-22.111412,20.448256
NSFC,41601599,K05,K05.3,1507,-6.1567445,13.87693
NSFC,41601600,K02,K02.1,316,18.776417,29.321875
NSFC,41601602,K02,K02.1,370,49.262188,-20.392288
NSFC,41601606,K02,K02.1,386,24.685783,-20.834702
NSFC,41601610,K05,K05.3,1525,-6.6038923,-4.4240613
NSFC,41601616,K02,K02.1,388,29.966434,-10.533526
NSFC,41602260,K03,K03.1|K03.2,608,-60.722065,13.62966
NSFC,41602265,K02,K02.1|K02.2,461,78.03837,24.561842
NSFC,41602275,K02,K02.1,316,18.776417,29.321875
NSFC,41602355,K01,K01.2,212,-50.51855,62.660133
NSFC,41602362,K01,K01.1|K01.2,99,-33.29918,31.227846
NSFC,41603001,K01,K01.1|K01.2,175,-19.728945,84.121796
NSFC,41603068,K02,K02.1,295,0.09985375,-32.30974
NSFC,41603073,K02,K02.1,308,65.2612,-40.31205
NSFC,41603077,K02,K02.1,295,0.09985375,-32.30974
NSFC,41603082,K02,K02.1,295,0.09985375,-32.30974
NSFC,41603104,K02,K02.1,386,24.685783,-20.834702
NSFC,41603112,K02,K02.1,386,24.685783,-20.834702
NSFC,41603126,K02,K02.1,386,24.685783,-20.834702
NSFC,41604023,K01,K01.1|K01.2,138,-1.759143,77.60157
NSFC,41604040,K01,K01.1,12,14.375579,51.123745
NSFC,41605012,K02,K02.1,286,31.966864,14.469629
NSFC,41605036,K01,K01.2,226,-22.24051,72.885155
NSFC,41605042,K02,K02.1|K02.2,431,46.7218,-59.910496
NSFC,41605063,K03,K03.2,694,-43.87643,20.69796
NSFC,41605084,K03,K03.2|K03.3,718,-96.392654,10.626396
NSFC,41605088,K03,K03.1|K03.2,590,-54.956127,23.12476
NSFC,41605089,K02,K02.1,397,30.570475,-0.4237033
NSFC,41605090,K03,K03.2|K03.3,718,-96.635124,10.507757
NSFC,41605091,K02,K02.1,386,24.685783,-20.834702
NSFC,41605094,K03,K03.2,682,-87.374954,19.878286
NSFC,41605103,K02,K02.1,386,24.685783,-20.834702
NSFC,41605113,K01,K01.1|K01.2,175,-19.728945,84.121796
NSFC,41605115,K02,K02.1,316,18.776417,29.321875
NSFC,41605116,K02,K02.1|K02.2,431,46.7218,-59.910496
NSFC,41606197,K04,K04.1|K04.3,1008,-49.11742,-62.298435
NSFC,41606198,K01,K01.1,12,14.375579,51.123745
NSFC,41630421,K02,K02.1,285,41.370483,51.843845
NSFC,41630531,K01,K01.1,39,19.693708,81.25444
NSFC,41630635,K02,K02.1,411,67.25735,7.722131
NSFC,41630640,K03,K03.1|K03.3,646,-85.92936,1.4803712
NSFC,41630856,K03,K03.1|K03.2,599,-49.210854,3.9729958
NSFC,41630859,K02,K02.1,397,30.570475,-0.4237033
NSFC,41630963,K02,K02.1,274,61.670166,55.240562
NSFC,41631176,K01,K01.1,12,14.375579,51.123745
NSFC,41631178,K01,K01.1,55,1.7528757,64.476685
NSFC,41631179,K04,K04.3,1167,-72.614265,-65.46601
NSFC,41631180,K01,K01.1,12,14.375579,51.123745
NSFC,41661003,K02,K02.1,295,0.09985375,-32.30974
NSFC,41661007,K04,K04.1|K04.3,952,-24.112988,-16.429976
NSFC,41661014,K02,K02.1,295,0.09985375,-32.30974
NSFC,41661015,K02,K02.1,316,18.776417,29.321875
NSFC,41661020,K02,K02.1,316,18.776417,29.321875
NSFC,41661021,K03,K03.1|K03.3,662,-63.843082,17.566969
NSFC,41661026,K04,K04.1|K04.3,1062,-13.274135,-51.797436
NSFC,41661028,K01,K01.1|K01.2,82,-4.0054684,73.06641
NSFC,41661035,K02,K02.1,316,18.776417,29.321875
NSFC,41661037,K05,K05.1,1251,-11.486605,22.109179
NSFC,41661038,K02,K02.1,319,35.17347,19.589378
NSFC,41661039,K02,K02.1,354,81.34246,23.634567
NSFC,41661050,K02,K02.1,316,18.776417,29.321875
NSFC,41661079,K03,K03.1|K03.2,585,-49.013214,-8.913674
NSFC,41661084,K02,K02.1,295,0.09985375,-32.30974
NSFC,41661085,K01,K01.1|K01.2,138,-0.5402007,77.17923
NSFC,41661090,K03,K03.3,750,-74.143906,-15.251601
NSFC,41661096,K02,K02.1,295,0.09985375,-32.30974
NSFC,41661100,K03,K03.2|K03.3,722,-45.245045,-9.401258
NSFC,41661106,K05,K05.3,1513,-26.31025,17.926758
NSFC,41661109,K02,K02.1,333,30.285156,14.30456
NSFC,41661111,K05,K05.2|K05.3,1480,0.07724556,2.2350566
NSFC,41661112,K04,K04.1|K04.2|K04.3,945,-26.757137,-76.18884
NSFC,41661113,K05,K05.1,1251,-11.128936,22.668247
NSFC,41661114,K02,K02.1,386,24.685783,-20.834702
NSFC,41661115,K02,K02.1,397,30.570475,-0.4237033
NSFC,41662013,K01,K01.1,31,15.377417,94.65245
NSFC,41665002,K01,K01.1|K01.2,138,-0.6011556,77.01487
NSFC,41665004,K01,K01.1|K01.2,164,-12.743891,61.302505
NSFC,41665006,K03,K03.2|K03.3,718,-96.392654,10.626396
NSFC,41665007,K02,K02.1,300,3.9471705,-15.864502
NSFC,41671013,K01,K01.2,212,-50.51855,62.660133
NSFC,41671018,K04,K04.1|K04.3,1033,-36.902466,-66.13255
NSFC,41671022,K02,K02.1,265,50.95586,-60.770424
NSFC,41671031,K02,K02.1,295,0.09985375,-32.30974
NSFC,41671034,K01,K01.1,12,14.375579,51.123745
NSFC,41671035,K03,K03.3,750,-74.04791,-15.274414
NSFC,41671039,K02,K02.1,295,0.09985375,-32.30974
NSFC,41671042,K02,K02.1,295,0.09985375,-32.30974
NSFC,41671063,K01,K01.1,55,1.7528757,64.476685
NSFC,41671065,K01,K01.1|K01.2,138,-1.7642446,77.594864
NSFC,41671066,K02,K02.1,354,81.34246,23.634567
NSFC,41671068,K03,K03.1|K03.2,585,-49.013214,-8.913674
NSFC,41671075,K01,K01.1,27,-75.58461,49.768772
NSFC,41671079,K02,K02.1,295,0.09985375,-32.30974
NSFC,41671080,K05,K05.1|K05.2,1326,-0.417327,11.040932
NSFC,41671081,K02,K02.1,295,0.09985375,-32.30974
NSFC,41671082,K01,K01.1,39,19.693708,81.25444
NSFC,41671084,K01,K01.1|K01.2,132,-4.0818458,73.024925
NSFC,41671085,K03,K03.1|K03.3,655,-46.216934,-10.74943
NSFC,41671086,K03,K03.1|K03.2,590,-54.956127,23.12476
NSFC,41671087,K03,K03.1|K03.2|K03.3,622,-46.407795,-10.05551
NSFC,41671089,K02,K02.1,386,24.685783,-20.834702
NSFC,41671093,K01,K01.1|K01.2,75,-31.814535,69.25753
NSFC,41671098,K02,K02.1,295,0.09985375,-32.30974
NSFC,41671102,K02,K02.1,295,0.09985375,-32.30974
NSFC,41671104,K02,K02.1,383,63.429333,-22.400452
NSFC,41671105,K02,K02.1,295,0.09985375,-32.30974
NSFC,41671113,K05,K05.1,1211,-13.404623,19.929766
NSFC,41671114,K02,K02.1,295,0.09985375,-32.30974
NSFC,41671115,K02,K02.1|K02.2,440,80.5774,-22.91089
NSFC,41671120,K02,K02.1,316,18.776417,29.321875
NSFC,41671123,K02,K02.1,397,30.570475,-0.4237033
NSFC,41671125,K01,K01.1|K01.2,138,-0.6532802,76.77244
NSFC,41671132,K02,K02.1,316,18.776417,29.321875
NSFC,41671138,K02,K02.1,316,18.776417,29.321875
NSFC,41671143,K02,K02.1,411,67.25735,7.722131
NSFC,41671151,K05,K05.3,1507,-6.156572,13.874599
NSFC,41671153,K02,K02.1,354,81.35445,23.600368
NSFC,41671154,K02,K02.1,344,87.57673,-4.3350744
NSFC,41671155,K02,K02.1,316,18.776417,29.321875
NSFC,41671156,K05,K05.1,1251,-11.410454,22.623692
NSFC,41671157,K02,K02.1,351,74.02276,15.10955
NSFC,41671158,K02,K02.1,351,74.02282,15.109549
NSFC,41671159,K01,K01.1,39,19.25644,81.10934
NSFC,41671160,K02,K02.1|K02.2,427,27.498924,-44.316742
NSFC,41671161,K02,K02.1,316,18.776417,29.321875
NSFC,41671163,K02,K02.1,316,18.776417,29.321875
NSFC,41671164,K02,K02.1,316,18.776417,29.321875
NSFC,41671165,K01,K01.1,39,19.25644,81.10934
NSFC,41671166,K03,K03.1|K03.2,590,-54.956127,23.12476
NSFC,41671167,K01,K01.1,39,19.75702,80.70627
NSFC,41671168,K02,K02.1,354,81.35445,23.600368
NSFC,41671170,K02,K02.1,370,49.973095,-19.751604
NSFC,41671174,K05,K05.1,1251,-11.927154,23.209122
NSFC,41671175,K02,K02.1,316,18.776417,29.321875
NSFC,41671176,K02,K02.1,397,30.570475,-0.4237033
NSFC,41671177,K05,K05.1,1251,-11.993636,22.84434
NSFC,41671180,K01,K01.2,218,-1.3787869,85.43857
NSFC,41671182,K02,K02.1,308,65.2612,-40.31205
NSFC,41671184,K01,K01.1|K01.2,135,1.0954608,76.59653
NSFC,41671185,K02,K02.1,344,87.46768,-5.495571
NSFC,41671186,K02,K02.1,316,18.776417,29.321875
NSFC,41671192,K02,K02.1,295,0.09985375,-32.30974
NSFC,41671195,K02,K02.1,308,65.55173,-41.07963
NSFC,41671203,K02,K02.1,316,18.776417,29.321875
NSFC,41671206,K02,K02.1|K02.2,448,69.160324,-38.952698
NSFC,41671207,K02,K02.1,295,0.09985375,-32.30974
NSFC,41671208,K02,K02.1,295,0.09985375,-32.30974
NSFC,41671209,K02,K02.1,295,0.09985375,-32.30974
NSFC,41671211,K03,K03.2,699,-49.453102,2.481177
NSFC,41671241,K01,K01.1,54,-10.4648285,54.49286
NSFC,41671246,K02,K02.1,295,0.09985375,-32.30974
NSFC,41671284,K02,K02.1,316,18.776417,29.321875
NSFC,41671289,K02,K02.1,295,0.09985375,-32.30974
NSFC,41671331,K01,K01.1,39,19.934034,79.79828
NSFC,41671332,K01,K01.1,31,14.476121,95.10782
NSFC,41671334,K01,K01.1,12,14.375579,51.123745
NSFC,41671335,K01,K01.1,12,14.375579,51.123745
NSFC,41671338,K02,K02.1,295,0.09985375,-32.30974
NSFC,41671339,K01,K01.1,46,8.960025,79.664856
NSFC,41671340,K02,K02.1,274,61.670166,55.240562
NSFC,41671350,K01,K01.1|K01.2,128,25.368574,65.552765
NSFC,41671358,K01,K01.1,12,14.375579,51.123745
NSFC,41671359,K01,K01.1,39,19.934034,79.79828
NSFC,41671361,K01,K01.1,13,-6.2306414,41.88243
NSFC,41671364,K01,K01.1,12,14.375579,51.123745
NSFC,41671367,K01,K01.1,12,14.375579,51.123745
NSFC,41671376,K01,K01.1|K01.2,99,-33.29918,31.227846
NSFC,41671378,K01,K01.1,46,8.960025,79.664856
NSFC,41671379,K01,K01.1|K01.2,121,-55.626812,61.800545
NSFC,41671385,K03,K03.1,545,-65.03917,31.439764
NSFC,41671386,K03,K03.1,545,-65.01299,31.360283
NSFC,41671392,K05,K05.1,1251,-11.546393,23.131378
NSFC,41671396,K04,K04.3,1179,-2.064955,-51.931355
NSFC,41671398,K04,K04.3,1179,-2.064955,-51.931355
NSFC,41671403,K02,K02.1,344,87.46769,-5.49557
NSFC,41671406,K02,K02.1,316,18.776417,29.321875
NSFC,41671412,K01,K01.1,39,19.934034,79.79828
NSFC,41671416,K01,K01.1,12,14.375579,51.123745
NSFC,41671417,K02,K02.1,285,41.370483,51.843845
NSFC,41671418,K03,K03.2|K03.3,718,-96.392654,10.626396
NSFC,41671420,K01,K01.1|K01.2,138,-0.7018266,78.02418
NSFC,41671423,K01,K01.1,51,-52.14721,85.10136
NSFC,41671429,K01,K01.1,39,19.934034,79.79828
NSFC,41671430,K01,K01.1|K01.2,138,-2.1429887,77.16061
NSFC,41671432,K01,K01.1|K01.2,99,-33.29918,31.227846
NSFC,41671436,K01,K01.1,39,19.934034,79.79828
NSFC,41671438,K05,K05.1,1224,-21.716991,12.57006
NSFC,41671444,K02,K02.1,329,23.539268,16.94197
NSFC,41671450,K01,K01.1,12,14.375579,51.123745
NSFC,41671451,K01,K01.1|K01.2,99,-33.29918,31.227846
NSFC,41671460,K02,K02.1,386,24.685783,-20.834702
NSFC,41671467,K03,K03.1,538,-81.806305,10.333762
NSFC,41671483,K02,K02.1,386,24.685783,-20.834702
NSFC,41671490,K02,K02.1,383,63.429333,-22.400452
NSFC,41671492,K02,K02.1,386,24.685783,-20.834702
NSFC,41671493,K01,K01.1|K01.2,88,-24.612394,81.452095
NSFC,41671495,K02,K02.1,386,24.685783,-20.834702
NSFC,41671501,K05,K05.3,1529,-15.408402,-5.182381
NSFC,41671502,K03,K03.3,750,-74.13576,-15.2806
NSFC,41671503,K03,K03.1|K03.3,660,-62.5237,19.073715
NSFC,41671505,K03,K03.3,771,-72.600815,-10.829973
NSFC,41671510,K02,K02.1,295,0.09985375,-32.30974
NSFC,41671515,K02,K02.1,327,28.90042,24.884512
NSFC,41671517,K01,K01.1|K01.2,170,-18.768747,40.140335
NSFC,41671518,K02,K02.1,316,18.776417,29.321875
NSFC,41671520,K05,K05.1,1199,-16.001812,23.122059
NSFC,41671522,K02,K02.1,409,45.74001,-6.1407895
NSFC,41671524,K04,K04.1|K04.3,1063,-13.4374695,-51.489887
NSFC,41671525,K02,K02.1,328,22.695848,17.566027
NSFC,41671526,K05,K05.2,1451,3.79877,0.42755285
NSFC,41671527,K03,K03.1|K03.2,590,-55.595863,23.529802
NSFC,41671529,K02,K02.1,316,18.776417,29.321875
NSFC,41671530,K03,K03.1,530,-63.109585,-1.1687781
NSFC,41671531,K02,K02.1,316,18.776417,29.321875
NSFC,41671533,K03,K03.1,545,-65.066864,31.08098
NSFC,41671534,K05,K05.1,1251,-11.1261835,22.644426
NSFC,41671536,K02,K02.1,344,87.716125,-4.1876855
NSFC,41672171,K02,K02.1,370,49.973095,-19.751604
NSFC,41672172,K01,K01.1|K01.2,121,-55.626812,61.800545
NSFC,41672174,K01,K01.1|K01.2,138,-1.1758231,77.672455
NSFC,41672180,K02,K02.1,295,0.09985375,-32.30974
NSFC,41672182,K02,K02.1,295,0.09985375,-32.30974
NSFC,41672230,K02,K02.1,308,65.2612,-40.31205
NSFC,41672231,K02,K02.1,386,24.685783,-20.834702
NSFC,41672293,K02,K02.1,265,50.95586,-60.770424
NSFC,41672340,K01,K01.1|K01.2,134,15.433488,68.48948
NSFC,41672346,K01,K01.1|K01.2,164,-12.743891,61.302505
NSFC,41672355,K02,K02.1,285,41.370483,51.843845
NSFC,41673093,K02,K02.1,265,50.95586,-60.770424
NSFC,41673097,K02,K02.1,308,65.55173,-41.07963
NSFC,41673105,K03,K03.2|K03.3,728,-56.838364,8.042309
NSFC,41673113,K02,K02.1,386,24.685783,-20.834702
NSFC,41673120,K02,K02.1,250,21.763258,-41.5183
NSFC,41673129,K02,K02.1,316,18.776417,29.321875
NSFC,41673136,K02,K02.1,308,65.32674,-41.18005
NSFC,41674142,K01,K01.1|K01.2,69,-32.38874,68.92956
NSFC,41675008,K02,K02.1,285,41.370483,51.843845
NSFC,41675011,K04,K04.3,1172,-70.29369,-54.518105
NSFC,41675016,K04,K04.2|K04.3,1135,-3.5043237,-76.511986
NSFC,41675033,K01,K01.1,12,14.375579,51.123745
NSFC,41675046,K02,K02.1,360,43.295387,-37.07581
NSFC,41675063,K02,K02.1,265,50.95586,-60.770424
NSFC,41675065,K03,K03.3,762,-48.92137,14.857279
NSFC,41675070,K02,K02.1,417,47.512535,29.974957
NSFC,41675074,K02,K02.2,505,87.34882,9.3116255
NSFC,41675076,K02,K02.1|K02.2,437,85.43243,46.95762
NSFC,41675079,K02,K02.1|K02.2,451,83.548035,9.139453
NSFC,41675084,K02,K02.1|K02.2,451,83.548035,9.139453
NSFC,41675103,K03,K03.2|K03.3,718,-96.392654,10.626396
NSFC,41675113,K03,K03.3,750,-74.13576,-15.2806
NSFC,41675125,K01,K01.1|K01.2,175,-19.728945,84.121796
NSFC,41675132,K02,K02.1,386,24.685783,-20.834702
NSFC,41675139,K03,K03.1,555,-64.85494,5.100372
NSFC,41675144,K02,K02.1,308,65.2612,-40.31205
NSFC,41675153,K02,K02.1,308,65.32674,-41.18005
NSFC,41676049,K02,K02.1,295,0.09985375,-32.30974
NSFC,41676086,K02,K02.1,295,0.09985375,-32.30974
NSFC,41676093,K02,K02.1,386,24.685783,-20.834702
NSFC,41676156,K02,K02.1,295,0.09985375,-32.30974
NSFC,41676163,K02,K02.1,295,0.09985375,-32.30974
NSFC,41676171,K01,K01.1|K01.2,99,-33.29918,31.227846
NSFC,41676172,K01,K01.1|K01.2,99,-33.29918,31.227846
NSFC,41701005,K01,K01.1,12,14.375579,51.123745
NSFC,41701022,K01,K01.1|K01.2,164,-11.930727,61.804245
NSFC,41701023,K02,K02.1,383,63.429207,-22.400599
NSFC,41701024,K02,K02.1,360,43.295387,-37.07581
NSFC,41701025,K02,K02.1,295,0.09985375,-32.30974
NSFC,41701030,K02,K02.1,316,18.776417,29.321875
NSFC,41701032,K02,K02.1,295,0.09985375,-32.30974
NSFC,41701033,K02,K02.1,316,18.776417,29.321875
NSFC,41701038,K02,K02.1,265,50.95586,-60.770424
NSFC,41701039,K02,K02.1|K02.2,497,50.883045,6.124842
NSFC,41701048,K03,K03.1|K03.2,585,-49.013214,-8.913674
NSFC,41701052,K02,K02.1,295,0.09985375,-32.30974
NSFC,41701062,K03,K03.1|K03.2,594,-55.176796,20.25404
NSFC,41701069,K01,K01.1,51,-52.14721,85.10136
NSFC,41701075,K02,K02.1,354,81.35896,23.277626
NSFC,41701079,K01,K01.1,51,-52.14721,85.10136
NSFC,41701087,K02,K02.1,274,61.670166,55.240562
NSFC,41701089,K02,K02.1|K02.2,440,80.5774,-22.91089
NSFC,41701094,K02,K02.1,417,47.512535,29.974957
NSFC,41701100,K03,K03.1|K03.2,585,-49.013214,-8.913674
NSFC,41701103,K03,K03.2|K03.3,725,-46.92288,18.08205
NSFC,41701104,K02,K02.1|K02.2,440,80.5774,-22.91089
NSFC,41701106,K02,K02.1|K02.2,440,80.5774,-22.91089
NSFC,41701108,K02,K02.1,316,18.776417,29.321875
NSFC,41701111,K02,K02.1,316,18.776417,29.321875
NSFC,41701114,K02,K02.1,316,18.776417,29.321875
NSFC,41701116,K05,K05.1|K05.3,1416,-10.566727,2.1090784
NSFC,41701119,K02,K02.1,316,18.776417,29.321875
NSFC,41701122,K02,K02.1,316,18.776417,29.321875
NSFC,41701126,K02,K02.1,246,17.150871,17.441986
NSFC,41701127,K02,K02.1,316,18.776417,29.321875
NSFC,41701132,K02,K02.1,316,18.776417,29.321875
NSFC,41701134,K05,K05.1,1194,-14.7377405,6.9972095
NSFC,41701143,K02,K02.1,316,18.776417,29.321875
NSFC,41701144,K02,K02.1,413,48.922707,14.910772
NSFC,41701153,K02,K02.1,397,30.570475,-0.4237033
NSFC,41701170,K02,K02.1,338,26.023104,23.136272
NSFC,41701171,K02,K02.1,316,18.776417,29.321875
NSFC,41701172,K01,K01.1|K01.2,138,-0.6428417,77.874054
NSFC,41701173,K03,K03.1|K03.2,590,-54.956127,23.12476
NSFC,41701174,K02,K02.1,316,18.776417,29.321875
NSFC,41701175,K02,K02.1,351,74.02282,15.109549
NSFC,41701176,K02,K02.1,386,24.685783,-20.834702
NSFC,41701178,K02,K02.1,316,18.776417,29.321875
NSFC,41701179,K04,K04.1|K04.2|K04.3,944,-5.862119,-58.57596
NSFC,41701181,K02,K02.1,316,18.776417,29.321875
NSFC,41701183,K02,K02.1,316,18.776417,29.321875
NSFC,41701184,K02,K02.1,316,18.776417,29.321875
NSFC,41701186,K02,K02.1,316,18.776417,29.321875
NSFC,41701187,K01,K01.1|K01.2,138,-0.6318879,77.84807
NSFC,41701188,K02,K02.1,352,79.59546,21.481544
NSFC,41701191,K05,K05.1|K05.3,1398,-6.021169,10.542622
NSFC,41701192,K02,K02.1,316,18.776417,29.321875
NSFC,41701193,K02,K02.1,322,27.69136,17.136131
NSFC,41701194,K02,K02.1,316,18.776417,29.321875
NSFC,41701198,K02,K02.1,316,18.776417,29.321875
NSFC,41701204,K02,K02.1,344,87.46769,-5.4955873
NSFC,41701205,K01,K01.1|K01.2,137,-1.0582185,56.851326
NSFC,41701206,K02,K02.1,308,65.2612,-40.31205
NSFC,41701209,K02,K02.1,316,18.776417,29.321875
NSFC,41701210,K02,K02.1,308,65.2612,-40.31205
NSFC,41701211,K01,K01.1|K01.2,138,-1.2143472,77.24949
NSFC,41701218,K02,K02.1,295,0.09985375,-32.30974
NSFC,41701219,K02,K02.1,386,24.685783,-20.834702
NSFC,41701226,K02,K02.1,316,18.776417,29.321875
NSFC,41701236,K01,K01.1|K01.2,99,-33.29918,31.227846
NSFC,41701283,K01,K01.1|K01.2,134,15.433488,68.48948
NSFC,41701298,K02,K02.1|K02.2,440,80.5774,-22.91089
NSFC,41701329,K02,K02.1,370,49.260983,-20.39271
NSFC,41701377,K01,K01.1|K01.2,99,-33.29918,31.227846
NSFC,41701378,K01,K01.1,12,14.375579,51.123745
NSFC,41701388,K02,K02.1,316,18.776417,29.321875
NSFC,41701389,K04,K04.1|K04.3,1008,-49.927742,-61.06891
NSFC,41701405,K04,K04.1|K04.3,1008,-49.368275,-62.285355
NSFC,41701408,K01,K01.1,12,14.375579,51.123745
NSFC,41701412,K01,K01.1,13,-6.2306395,41.882435
NSFC,41701416,K04,K04.3,1167,-72.61467,-65.46665
NSFC,41701422,K04,K04.1|K04.3,1008,-49.927742,-61.06891
NSFC,41701426,K01,K01.1|K01.2,164,-12.743891,61.302505
NSFC,41701428,K02,K02.1,383,63.429207,-22.400599
NSFC,41701433,K01,K01.1,12,14.375579,51.123745
NSFC,41701438,K01,K01.1,39,19.934034,79.79828
NSFC,41701439,K01,K01.1,39,19.934034,79.79828
NSFC,41701447,K01,K01.1|K01.2,121,-55.626812,61.800545
NSFC,41701451,K01,K01.1|K01.2,99,-33.29918,31.227846
NSFC,41701452,K04,K04.1|K04.3,1086,-22.38421,-66.668686
NSFC,41701455,K01,K01.1|K01.2,138,-0.845769,78.17376
NSFC,41701462,K03,K03.3,762,-48.92137,14.857279
NSFC,41701469,K01,K01.1,4,15.022451,80.044945
NSFC,41701470,K01,K01.1|K01.2,70,-32.986824,72.24458
NSFC,41701471,K02,K02.1,316,18.776417,29.321875
NSFC,41701473,K01,K01.1,27,-75.58461,49.768772
NSFC,41701474,K01,K01.1,12,14.375579,51.123745
NSFC,41701475,K01,K01.1,59,-40.66166,61.13559
NSFC,41701476,K01,K01.1,12,14.375579,51.123745
NSFC,41701477,K03,K03.1,545,-65.066864,31.08098
NSFC,41701482,K01,K01.1,12,14.375579,51.123745
NSFC,41701484,K03,K03.2,694,-43.875904,20.697796
NSFC,41701485,K01,K01.1,12,14.375579,51.123745
NSFC,41701486,K02,K02.1,274,61.394325,55.95255
NSFC,41701487,K01,K01.1,49,-5.713709,65.47189
NSFC,41701493,K02,K02.1,295,0.09985375,-32.30974
NSFC,41701494,K01,K01.1,12,14.375579,51.123745
NSFC,41701495,K01,K01.1,12,14.375579,51.123745
NSFC,41701496,K01,K01.1|K01.2,99,-33.29918,31.227846
NSFC,41701498,K01,K01.1|K01.2,175,-19.728945,84.121796
NSFC,41701500,K01,K01.1,39,19.934034,79.79828
NSFC,41701501,K02,K02.1,310,5.444364,32.476498
NSFC,41701505,K02,K02.1,397,30.570475,-0.4237033
NSFC,41701507,K01,K01.1|K01.2,121,-55.626812,61.800545
NSFC,41701509,K01,K01.1,31,14.476121,95.10782
NSFC,41701510,K01,K01.1|K01.2,138,-0.50297433,77.17667
NSFC,41701514,K01,K01.1,12,14.375579,51.123745
NSFC,41701516,K04,K04.3,1167,-72.614265,-65.46601
NSFC,41701517,K02,K02.1,295,0.09985375,-32.30974
NSFC,41701521,K03,K03.2,685,-80.49445,25.41564
NSFC,41701543,K01,K01.1|K01.2,182,-40.22291,61.845802
NSFC,41701544,K02,K02.1,250,22.614004,-43.655056
NSFC,41701552,K02,K02.1,347,86.57637,-6.6323485
NSFC,41701553,K02,K02.1,360,43.295387,-37.07581
NSFC,41701569,K02,K02.1,295,0.09985375,-32.30974
NSFC,41701574,K01,K01.1|K01.2,175,-19.728945,84.121796
NSFC,41701576,K01,K01.1|K01.2,78,-33.232113,77.39167
NSFC,41701579,K02,K02.1|K02.2,475,67.340416,-6.277324
NSFC,41701580,K02,K02.1,386,24.685783,-20.834702
NSFC,41701582,K01,K01.1|K01.2,175,-19.728945,84.121796
NSFC,41701583,K01,K01.1|K01.2,175,-19.728945,84.121796
NSFC,41701590,K04,K04.1|K04.3,1069,-5.288851,-51.10789
NSFC,41701598,K01,K01.1,37,17.515247,78.56001
NSFC,41701601,K02,K02.1|K02.2,440,80.5774,-22.91089
NSFC,41701604,K05,K05.2,1454,3.755031,0.298671
NSFC,41701611,K04,K04.3,1179,-2.064955,-51.931355
NSFC,41701614,K01,K01.1|K01.2,170,-18.768747,40.140335
NSFC,41701618,K05,K05.1|K05.2,1336,4.9985533,9.242916
NSFC,41701620,K01,K01.1|K01.2,171,-18.70902,49.195538
NSFC,41701627,K01,K01.1|K01.2,175,-19.728945,84.121796
NSFC,41701629,K02,K02.1,316,18.776417,29.321875
NSFC,41701630,K02,K02.1,397,30.570475,-0.4237033
NSFC,41701634,K02,K02.1,316,18.776417,29.321875
NSFC,41701635,K05,K05.1|K05.2,1297,-13.850328,11.6891775
NSFC,41701638,K05,K05.1,1240,-12.302304,18.548285
NSFC,41701639,K01,K01.1|K01.2,152,1.3342682,74.72082
NSFC,41701640,K01,K01.1|K01.2,184,-21.694143,71.90568
NSFC,41702034,K02,K02.1,360,43.295387,-37.07581
NSFC,41702280,K04,K04.1,866,-22.587019,-59.255505
NSFC,41702303,K03,K03.3,741,-61.670895,-12.346128
NSFC,41702376,K01,K01.1|K01.2,99,-33.29918,31.227846
NSFC,41702377,K02,K02.1,275,77.93738,50.04157
NSFC,41703084,K02,K02.1,250,21.763258,-41.5183
NSFC,41703099,K01,K01.1|K01.2,138,-1.1465387,78.32389
NSFC,41703104,K01,K01.1|K01.2,175,-19.847883,85.19227
NSFC,41704022,K04,K04.1|K04.3,1008,-49.927742,-61.06891
NSFC,41704067,K01,K01.1,51,-52.14721,85.10136
NSFC,41704147,K01,K01.2,207,-42.613377,46.514423
NSFC,41705034,K02,K02.1,285,41.370483,51.843845
NSFC,41705060,K02,K02.1,285,41.370483,51.843845
NSFC,41705061,K02,K02.1|K02.2,451,83.548035,9.139453
NSFC,41705062,K02,K02.1,285,41.370483,51.843845
NSFC,41705066,K02,K02.1,285,41.370483,51.843845
NSFC,41705070,K03,K03.1|K03.2,585,-49.013214,-8.913674
NSFC,41705072,K02,K02.1,360,43.295387,-37.07581
NSFC,41705073,K02,K02.1,285,41.370483,51.843845
NSFC,41705080,K02,K02.1,316,18.776417,29.321875
NSFC,41705088,K02,K02.1,285,41.370483,51.843845
NSFC,41705090,K02,K02.1,285,41.370483,51.843845
NSFC,41705100,K01,K01.2,224,-18.756405,88.07167
NSFC,41705104,K04,K04.3,1172,-70.293625,-54.51813
NSFC,41705105,K01,K01.1|K01.2,175,-20.591293,84.84192
NSFC,41705113,K02,K02.1,386,24.685783,-20.834702
NSFC,41705124,K03,K03.1|K03.2,589,-60.111652,13.983456
NSFC,41705127,K01,K01.1|K01.2,175,-19.164396,84.8135
NSFC,41706020,K02,K02.1,246,17.150871,17.441986
NSFC,41706027,K02,K02.1,417,47.512535,29.974957
NSFC,41706094,K02,K02.1|K02.2,464,71.34738,32.361897
NSFC,41706105,K01,K01.1,59,-40.66166,61.13559
NSFC,41706134,K01,K01.1,12,14.375579,51.123745
NSFC,41706155,K02,K02.1,265,50.95586,-60.770424
NSFC,41706162,K01,K01.1,55,1.6717364,64.2797
NSFC,41706207,K04,K04.3,1167,-72.614265,-65.46601
NSFC,41706208,K04,K04.1|K04.3,1008,-49.927742,-61.06891
NSFC,41706209,K01,K01.1,12,14.375579,51.123745
NSFC,41730102,K01,K01.1|K01.2,100,-52.48663,45.601883
NSFC,41730108,K01,K01.1|K01.2,175,-19.847883,85.19227
NSFC,41730109,K01,K01.1,27,-75.58461,49.768772
NSFC,41730319,K02,K02.1,316,18.776417,29.321875
NSFC,41730642,K01,K01.1|K01.2,138,-2.0377836,77.3705
NSFC,41730643,K02,K02.1,295,0.09985375,-32.30974
NSFC,41730645,K03,K03.1|K03.3,663,-49.30861,8.623417
NSFC,41730646,K03,K03.1|K03.2,606,-63.87329,6.2688293
NSFC,41730647,K02,K02.1,317,35.238163,20.82134
NSFC,41730857,K02,K02.1,316,18.776417,29.321875
NSFC,41731175,K02,K02.1,295,0.09985375,-32.30974
NSFC,41731283,K03,K03.3,742,-70.29056,-15.176678
NSFC,41731286,K02,K02.1,316,18.776417,29.321875
NSFC,41731288,K03,K03.3,769,-44.68506,2.9994094
NSFC,41731289,K04,K04.1|K04.3,990,3.5978005,-76.33755
NSFC,41761006,K02,K02.1,295,0.09985375,-32.30974
NSFC,41761007,K02,K02.1,415,48.777683,3.4641762
NSFC,41761013,K03,K03.1|K03.2,585,-49.013214,-8.913674
NSFC,41761021,K03,K03.1,558,-69.98453,13.572079
NSFC,41761022,K02,K02.1,316,18.776417,29.321875
NSFC,41761024,K02,K02.1,316,18.776417,29.321875
NSFC,41761028,K01,K01.1|K01.2,138,-1.1140773,78.37334
NSFC,41761030,K02,K02.1,316,18.776417,29.321875
NSFC,41761031,K02,K02.1,316,18.776417,29.321875
NSFC,41761032,K05,K05.1,1251,-12.0283,23.38947
NSFC,41761033,K01,K01.1|K01.2,138,-1.1241667,78.37765
NSFC,41761035,K02,K02.1,316,18.776417,29.321875
NSFC,41761039,K01,K01.1|K01.2,128,25.368574,65.552765
NSFC,41761042,K01,K01.1,31,14.103058,94.76138
NSFC,41761043,K02,K02.1,295,0.09985375,-32.30974
NSFC,41761046,K02,K02.1|K02.2,440,80.5774,-22.91089
NSFC,41761047,K02,K02.1,316,18.776417,29.321875
NSFC,41761077,K01,K01.1,31,14.476121,95.10782
NSFC,41761081,K04,K04.3,1179,-2.064955,-51.931355
NSFC,41761082,K02,K02.1,274,61.670166,55.240562
NSFC,41761083,K01,K01.1|K01.2,128,25.368574,65.552765
NSFC,41761099,K01,K01.1|K01.2,175,-19.847883,85.19227
NSFC,41761100,K02,K02.1,386,24.685783,-20.834702
NSFC,41761110,K02,K02.1,397,30.570475,-0.4237033
NSFC,41761112,K04,K04.1|K04.3,1069,-5.288851,-51.10789
NSFC,41761113,K03,K03.1|K03.3,660,-62.5237,19.073715
NSFC,41761116,K03,K03.1|K03.2,590,-55.595863,23.529802
NSFC,41761118,K02,K02.1,257,35.104145,19.647087
NSFC,41763019,K02,K02.1,316,18.776417,29.321875
NSFC,41765006,K02,K02.1,285,41.370483,51.843845
NSFC,41765007,K02,K02.1,316,18.776417,29.321875
NSFC,41765011,K03,K03.1|K03.2,590,-54.956127,23.12476
NSFC,41766007,K01,K01.1|K01.2,99,-33.29918,31.227846
NSFC,41771027,K01,K01.1,49,-5.713709,65.47189
NSFC,41771029,K02,K02.1,316,18.776417,29.321875
NSFC,41771032,K02,K02.1,360,43.295387,-37.07581
NSFC,41771036,K02,K02.1,316,18.776417,29.321875
NSFC,41771045,K03,K03.2|K03.3,712,-59.69737,-12.075475
NSFC,41771046,K02,K02.1,308,65.41205,-41.213036
NSFC,41771048,K02,K02.1|K02.2,451,83.3295,8.6683655
NSFC,41771049,K02,K02.1,295,0.09985375,-32.30974
NSFC,41771050,K03,K03.1|K03.2|K03.3,629,-70.06175,14.546459
NSFC,41771052,K02,K02.1,316,18.776417,29.321875
NSFC,41771068,K03,K03.1|K03.2,599,-49.21178,3.9731677
NSFC,41771069,K02,K02.1,316,18.776417,29.321875
NSFC,41771071,K01,K01.1|K01.2,99,-33.29918,31.227846
NSFC,41771080,K02,K02.1,295,0.09985375,-32.30974
NSFC,41771088,K02,K02.1,275,77.93738,50.04157
NSFC,41771090,K02,K02.1,360,43.295387,-37.07581
NSFC,41771093,K05,K05.1,1247,-12.984665,18.51341
NSFC,41771094,K05,K05.1,1251,-11.6071,22.521576
NSFC,41771096,K04,K04.1|K04.3,1069,-5.288851,-51.10789
NSFC,41771097,K02,K02.1,316,18.776417,29.321875
NSFC,41771099,K02,K02.1,295,0.09985375,-32.30974
NSFC,41771102,K03,K03.1|K03.2,585,-49.013214,-8.913674
NSFC,41771104,K01,K01.1|K01.2,170,-18.768747,40.140335
NSFC,41771109,K02,K02.1,316,18.776417,29.321875
NSFC,41771112,K03,K03.1|K03.3,674,-73.93352,7.75154
NSFC,41771115,K02,K02.1,316,18.776417,29.321875
NSFC,41771117,K02,K02.1,295,0.09985375,-32.30974
NSFC,41771119,K02,K02.1,295,0.09985375,-32.30974
NSFC,41771121,K02,K02.1,316,18.776417,29.321875
NSFC,41771125,K05,K05.1,1257,-16.148674,23.396673
NSFC,41771130,K02,K02.1,316,18.776417,29.321875
NSFC,41771134,K02,K02.1,316,18.776417,29.321875
NSFC,41771135,K02,K02.1,397,30.570475,-0.4237033
NSFC,41771140,K02,K02.1,330,24.39686,16.413551
NSFC,41771147,K05,K05.2|K05.3,1484,2.1676755,0.39848456
NSFC,41771149,K02,K02.1,397,30.570475,-0.4237033
NSFC,41771151,K02,K02.1,410,50.463245,-6.3373923
NSFC,41771163,K02,K02.1,382,45.623196,25.888464
NSFC,41771164,K02,K02.1,316,18.776417,29.321875
NSFC,41771167,K02,K02.1,344,87.46768,-5.495571
NSFC,41771171,K02,K02.1,316,18.776417,29.321875
NSFC,41771172,K05,K05.1|K05.3,1393,-7.4329305,13.487035
NSFC,41771173,K02,K02.1,397,30.570475,-0.4237033
NSFC,41771174,K02,K02.1,397,30.570475,-0.4237033
NSFC,41771175,K02,K02.1,415,48.777683,3.4641762
NSFC,41771176,K02,K02.1,331,29.54677,13.925185
NSFC,41771177,K02,K02.1,317,35.238163,20.82134
NSFC,41771178,K03,K03.1,545,-65.06478,31.083797
NSFC,41771180,K05,K05.1|K05.2,1317,-0.50466347,12.432763
NSFC,41771181,K02,K02.1,397,30.570475,-0.4237033
NSFC,41771184,K02,K02.1,397,30.570475,-0.4237033
NSFC,41771185,K02,K02.1,351,74.02282,15.109549
NSFC,41771187,K02,K02.1,316,18.776417,29.321875
NSFC,41771189,K02,K02.1|K02.2,499,64.78597,25.090298
NSFC,41771192,K04,K04.2,1128,-7.435091,-53.61176
NSFC,41771195,K04,K04.1,856,-7.3752246,-52.172306
NSFC,41771196,K02,K02.1,316,18.776417,29.321875
NSFC,41771197,K04,K04.1|K04.3,1069,-5.287316,-51.104954
NSFC,41771198,K03,K03.1|K03.2,590,-55.595863,23.529802
NSFC,41771201,K02,K02.1,316,18.776417,29.321875
NSFC,41771202,K02,K02.1,316,18.776417,29.321875
NSFC,41771204,K02,K02.1,310,5.444364,32.476498
NSFC,41771206,K03,K03.2|K03.3,725,-46.92288,18.08205
NSFC,41771207,K02,K02.1,300,3.9471705,-15.864502
NSFC,41771215,K01,K01.1|K01.2,170,-18.768747,40.140335
NSFC,41771222,K02,K02.1,295,0.09985375,-32.30974
NSFC,41771233,K02,K02.1,295,0.09985375,-32.30974
NSFC,41771234,K01,K01.1,39,19.934034,79.79828
NSFC,41771237,K02,K02.1,295,0.09985375,-32.30974
NSFC,41771238,K02,K02.1,316,18.776417,29.321875
NSFC,41771259,K02,K02.1,300,3.9471705,-15.864502
NSFC,41771268,K02,K02.1,360,43.295387,-37.07581
NSFC,41771285,K02,K02.1,386,24.685783,-20.834702
NSFC,41771291,K02,K02.1,295,0.09985375,-32.30974
NSFC,41771339,K02,K02.1,316,18.776417,29.321875
NSFC,41771351,K02,K02.1|K02.2,475,67.337296,-5.3894286
NSFC,41771355,K02,K02.1,295,0.09985375,-32.30974
NSFC,41771360,K01,K01.1|K01.2,99,-33.29918,31.227846
NSFC,41771366,K01,K01.1|K01.2,99,-33.29918,31.227846
NSFC,41771369,K04,K04.1|K04.3,1008,-49.368275,-62.285355
NSFC,41771371,K01,K01.1|K01.2,99,-33.29918,31.227846
NSFC,41771372,K04,K04.1|K04.3,1069,-5.288851,-51.10789
NSFC,41771373,K01,K01.1,12,14.375579,51.123745
NSFC,41771376,K01,K01.1|K01.2,99,-33.29918,31.227846
NSFC,41771378,K01,K01.1,12,14.375579,51.123745
NSFC,41771380,K01,K01.1,12,14.375579,51.123745
NSFC,41771381,K01,K01.1,12,14.375579,51.123745
NSFC,41771383,K01,K01.1,12,14.375579,51.123745
NSFC,41771386,K01,K01.1|K01.2,138,-0.49093187,77.22534
NSFC,41771392,K01,K01.1,12,14.375579,51.123745
NSFC,41771393,K03,K03.2,685,-81.03495,25.199106
NSFC,41771406,K04,K04.1,835,-35.964027,-58.35402
NSFC,41771408,K01,K01.1,12,14.375579,51.123745
NSFC,41771409,K02,K02.1,274,61.670166,55.240562
NSFC,41771422,K01,K01.1|K01.2,99,-33.29918,31.227846
NSFC,41771424,K03,K03.1,538,-81.8065,10.334848
NSFC,41771429,K04,K04.3,1179,-2.064955,-51.931355
NSFC,41771438,K04,K04.1|K04.3,1069,-5.288851,-51.10789
NSFC,41771446,K01,K01.1|K01.2,134,15.433488,68.48948
NSFC,41771447,K01,K01.1,39,19.934034,79.79828
NSFC,41771448,K02,K02.1,274,61.670166,55.240562
NSFC,41771450,K02,K02.1,386,24.685783,-20.834702
NSFC,41771451,K01,K01.2,207,-42.613377,46.514423
NSFC,41771454,K01,K01.1,39,19.934034,79.79828
NSFC,41771457,K01,K01.1|K01.2,100,-52.48663,45.601883
NSFC,41771459,K05,K05.1|K05.3,1389,-11.143913,18.051653
NSFC,41771460,K02,K02.1,295,0.09985375,-32.30974
NSFC,41771461,K02,K02.1,285,41.370483,51.843845
NSFC,41771464,K01,K01.1,12,14.375579,51.123745
NSFC,41771465,K01,K01.1,12,14.375579,51.123745
NSFC,41771468,K01,K01.1|K01.2,128,25.368574,65.552765
NSFC,41771470,K02,K02.1,274,61.670166,55.240562
NSFC,41771475,K04,K04.1|K04.3,1033,-36.86791,-66.07751
NSFC,41771499,K01,K01.1|K01.2,138,-1.1162018,78.327225
NSFC,41771527,K01,K01.1,55,1.6717364,64.2797
NSFC,41771528,K03,K03.3,772,-65.0869,9.510841
NSFC,41771529,K02,K02.1,308,65.32674,-41.18005
NSFC,41771532,K03,K03.3,762,-48.915928,14.855669
NSFC,41771533,K03,K03.2|K03.3,718,-96.392654,10.626396
NSFC,41771534,K03,K03.1,545,-65.73404,31.357132
NSFC,41771535,K02,K02.1,316,18.776417,29.321875
NSFC,41771536,K03,K03.1|K03.3,660,-62.523693,19.073696
NSFC,41771537,K03,K03.3,762,-48.92161,14.857319
NSFC,41771538,K03,K03.1|K03.3,641,-60.159885,-13.415741
NSFC,41771541,K03,K03.3,774,-68.61189,15.051659
NSFC,41771546,K05,K05.1,1242,-11.375757,19.033646
NSFC,41771563,K02,K02.1,333,30.285156,14.30456
NSFC,41771567,K02,K02.1,316,18.776417,29.321875
NSFC,41771568,K01,K01.1|K01.2,138,-0.7198506,78.02604
NSFC,41771570,K02,K02.1,316,18.776417,29.321875
NSFC,41771571,K04,K04.1|K04.3,1097,-36.479107,-36.181244
NSFC,41771574,K02,K02.1,316,18.776417,29.321875
NSFC,41771576,K02,K02.1,295,0.09985375,-32.30974
NSFC,41772372,K02,K02.1,295,0.09985375,-32.30974
NSFC,41772379,K02,K02.1,295,0.09985375,-32.30974
NSFC,41773006,K01,K01.1|K01.2,175,-19.728945,84.121796
NSFC,41773068,K02,K02.1,316,18.776417,29.321875
NSFC,41773117,K02,K02.1,397,30.570475,-0.4237033
NSFC,41773121,K02,K02.1,250,20.815762,-43.169292
NSFC,41773130,K02,K02.1,250,22.614004,-43.655056
NSFC,41774006,K01,K01.1|K01.2,99,-33.29918,31.227846
NSFC,41774026,K01,K01.1,12,14.375579,51.123745
NSFC,41774094,K02,K02.1,386,24.685783,-20.834702
NSFC,41774155,K03,K03.3,750,-75.82528,-15.6539345
NSFC,41775019,K02,K02.1,285,41.370483,51.843845
NSFC,41775021,K01,K01.1|K01.2,175,-19.728945,84.121796
NSFC,41775022,K01,K01.1|K01.2,99,-33.29918,31.227846
NSFC,41775028,K01,K01.1|K01.2,99,-33.29918,31.227846
NSFC,41775075,K01,K01.1,27,-75.58461,49.768772
NSFC,41775078,K02,K02.1,285,41.370483,51.843845
NSFC,41775091,K02,K02.1,360,43.295387,-37.07581
NSFC,41775094,K02,K02.1,285,41.370483,51.843845
NSFC,41775115,K01,K01.1,55,1.6717364,64.2797
NSFC,41775148,K02,K02.1|K02.2,475,67.337296,-5.3894286
NSFC,41775152,K02,K02.1|K02.2,475,67.337296,-5.3894286
NSFC,41775153,K01,K01.1|K01.2,175,-19.728945,84.121796
NSFC,41775155,K01,K01.1,12,14.375579,51.123745
NSFC,41775156,K02,K02.1,386,24.685783,-20.834702
NSFC,41775159,K03,K03.1|K03.2,585,-49.013214,-8.913674
NSFC,41775160,K01,K01.1|K01.2,99,-33.29918,31.227846
NSFC,41775161,K02,K02.1,274,60.085648,54.80682
NSFC,41775162,K01,K01.1|K01.2,182,-40.22291,61.845802
NSFC,41776044,K01,K01.1,12,14.375579,51.123745
NSFC,41776118,K02,K02.1|K02.2,475,67.40474,-6.3791757
NSFC,41776135,K02,K02.1,314,11.014498,-17.82665
NSFC,41776181,K01,K01.1|K01.2,99,-33.29918,31.227846
NSFC,41776188,K01,K01.1,1,-34.62806,68.9483
NSFC,41776191,K02,K02.1,316,18.776417,29.321875
NSFC,41776200,K02,K02.1,274,60.71663,55.56429
NSFC,41801006,K01,K01.1|K01.2,138,-1.5655023,78.05203
NSFC,41801007,K02,K02.2,503,74.65065,-19.692532
NSFC,41801013,K02,K02.1,274,60.085648,54.80682
NSFC,41801014,K02,K02.1|K02.2,451,83.548035,9.139453
NSFC,41801015,K02,K02.1,316,18.776417,29.321875
NSFC,41801016,K02,K02.1,295,0.09985375,-32.30974
NSFC,41801017,K02,K02.1,354,80.98547,22.98587
NSFC,41801023,K01,K01.1,31,14.476121,95.10782
NSFC,41801024,K02,K02.1,295,0.09985375,-32.30974
NSFC,41801025,K01,K01.1,12,14.375579,51.123745
NSFC,41801028,K01,K01.1|K01.2,69,-32.38874,68.92956
NSFC,41801035,K01,K01.1|K01.2,161,-6.4213643,65.35862
NSFC,41801037,K02,K02.1,235,27.163996,-61.750576
NSFC,41801046,K04,K04.3,1155,-20.555613,-99.80776
NSFC,41801057,K02,K02.1,386,24.685783,-20.834702
NSFC,41801058,K02,K02.1,316,18.776417,29.321875
NSFC,41801059,K03,K03.1|K03.2,590,-55.928383,23.05921
NSFC,41801060,K02,K02.1,265,50.95586,-60.770424
NSFC,41801061,K02,K02.2,505,87.34883,9.311638
NSFC,41801064,K02,K02.1|K02.2,431,46.7218,-59.910496
NSFC,41801066,K02,K02.1,386,24.685783,-20.834702
NSFC,41801067,K02,K02.1,300,3.9471705,-15.864502
NSFC,41801068,K02,K02.2,505,87.34884,9.31168
NSFC,41801071,K02,K02.1,295,0.09985375,-32.30974
NSFC,41801072,K01,K01.1|K01.2,138,-1.5655023,78.05203
NSFC,41801073,K02,K02.1,295,0.09985375,-32.30974
NSFC,41801074,K03,K03.1,545,-65.48287,31.65686
NSFC,41801075,K01,K01.1,49,-5.713709,65.47189
NSFC,41801077,K02,K02.1|K02.2,475,67.40474,-6.3791757
NSFC,41801083,K02,K02.1|K02.2,440,80.5774,-22.91089
NSFC,41801085,K04,K04.1|K04.3,1060,-11.4598675,-48.91888
NSFC,41801088,K02,K02.1,316,18.776417,29.321875
NSFC,41801089,K02,K02.1,250,20.815762,-43.169292
NSFC,41801097,K01,K01.1,12,14.375579,51.123745
NSFC,41801099,K02,K02.1|K02.2,440,80.5774,-22.91089
NSFC,41801100,K01,K01.2,215,22.6461,65.346016
NSFC,41801101,K02,K02.1,332,21.640139,24.389404
NSFC,41801105,K05,K05.3,1519,-3.5169573,-1.213317
NSFC,41801107,K02,K02.1,316,18.776417,29.321875
NSFC,41801114,K02,K02.1,316,18.776417,29.321875
NSFC,41801121,K01,K01.1|K01.2,149,-3.368225,73.10609
NSFC,41801122,K02,K02.1,316,18.776417,29.321875
NSFC,41801137,K05,K05.2,1440,4.656102,-0.737607
NSFC,41801138,K02,K02.1,415,48.777683,3.4641762
NSFC,41801146,K02,K02.1,316,18.776417,29.321875
NSFC,41801148,K01,K01.1|K01.2,131,-4.1255875,73.41761
NSFC,41801150,K02,K02.1,316,18.776417,29.321875
NSFC,41801151,K02,K02.1,316,18.776417,29.321875
NSFC,41801152,K02,K02.1,316,18.776417,29.321875
NSFC,41801153,K02,K02.1,316,18.776417,29.321875
NSFC,41801154,K02,K02.1,344,87.35569,-5.0151176
NSFC,41801156,K02,K02.1,358,36.263283,0.113718346
NSFC,41801157,K01,K01.1|K01.2,138,-1.3157815,78.37995
NSFC,41801158,K02,K02.1,316,18.776417,29.321875
NSFC,41801159,K04,K04.1|K04.3,1069,-5.288851,-51.10789
NSFC,41801160,K05,K05.1,1256,-9.677891,20.813354
NSFC,41801162,K02,K02.1,354,80.98547,22.98587
NSFC,41801163,K02,K02.1,316,18.776417,29.321875
NSFC,41801164,K02,K02.1,387,39.600754,-11.534459
NSFC,41801165,K05,K05.1|K05.3,1393,-7.4329305,13.487035
NSFC,41801166,K01,K01.1,48,7.980318,75.73478
NSFC,41801168,K03,K03.1|K03.2,592,-53.715176,24.582922
NSFC,41801169,K02,K02.1,316,18.776417,29.321875
NSFC,41801172,K05,K05.1|K05.3,1393,-7.432945,13.486987
NSFC,41801174,K04,K04.1|K04.2|K04.3,921,-27.166296,-26.614988
NSFC,41801175,K04,K04.1|K04.3,1069,-5.288851,-51.10789
NSFC,41801178,K01,K01.1|K01.2,99,-33.29918,31.227846
NSFC,41801179,K03,K03.1,545,-65.1622,31.588364
NSFC,41801180,K02,K02.1,295,0.09985375,-32.30974
NSFC,41801181,K03,K03.1|K03.2,590,-55.595863,23.529802
NSFC,41801182,K02,K02.1,316,18.776417,29.321875
NSFC,41801184,K03,K03.1,545,-65.07992,31.074078
NSFC,41801185,K03,K03.1|K03.2,585,-49.013214,-8.913674
NSFC,41801186,K01,K01.1|K01.2,128,25.368574,65.552765
NSFC,41801187,K04,K04.1|K04.3,1078,-5.2836995,-59.32487
NSFC,41801189,K02,K02.1,333,30.285156,14.30456
NSFC,41801193,K02,K02.1,316,18.776417,29.321875
NSFC,41801197,K05,K05.1,1251,-10.947322,22.784964
NSFC,41801201,K01,K01.1|K01.2,138,-1.5655023,78.05203
NSFC,41801203,K05,K05.1,1270,-22.111486,20.448317
NSFC,41801206,K05,K05.1,1251,-11.062054,22.686937
NSFC,41801207,K02,K02.1,386,24.685783,-20.834702
NSFC,41801209,K05,K05.2|K05.3,1474,0.15739162,0.9478753
NSFC,41801214,K02,K02.1,386,24.685783,-20.834702
NSFC,41801215,K05,K05.2,1439,6.3553123,8.539694
NSFC,41801218,K02,K02.1|K02.2,451,84.381294,8.2966175
NSFC,41801221,K02,K02.1,370,49.81332,-20.039185
NSFC,41801222,K02,K02.1,316,18.776417,29.321875
NSFC,41801224,K01,K01.1|K01.2,138,-1.5655023,78.05203
NSFC,41801230,K01,K01.1,12,14.375579,51.123745
NSFC,41801234,K02,K02.1|K02.2,451,83.548035,9.139453
NSFC,41801239,K01,K01.1,39,19.934034,79.79828
NSFC,41801244,K01,K01.1,39,19.934034,79.79828
NSFC,41801246,K01,K01.1|K01.2,121,-55.626812,61.800545
NSFC,41801250,K01,K01.1,39,19.934034,79.79828
NSFC,41801254,K04,K04.1|K04.2,894,-44.480824,-52.213844
NSFC,41801260,K01,K01.1|K01.2,99,-33.29918,31.227846
NSFC,41801262,K01,K01.1|K01.2,128,25.368574,65.552765
NSFC,41801264,K01,K01.1,12,14.375579,51.123745
NSFC,41801269,K02,K02.1,285,41.370483,51.843845
NSFC,41801271,K01,K01.1,27,-75.58461,49.768772
NSFC,41801277,K01,K01.1,12,14.375579,51.123745
NSFC,41801281,K01,K01.1,12,14.375579,51.123745
NSFC,41801282,K02,K02.1,274,60.085648,54.80682
NSFC,41801283,K01,K01.1|K01.2,99,-33.29918,31.227846
NSFC,41801285,K01,K01.1,39,19.934034,79.79828
NSFC,41801291,K01,K01.1,12,14.375579,51.123745
NSFC,41801292,K01,K01.1|K01.2,128,25.368574,65.552765
NSFC,41801297,K03,K03.1|K03.3,649,-82.175804,-0.26748845
NSFC,41801299,K02,K02.1,316,18.776417,29.321875
NSFC,41801304,K03,K03.1|K03.2,590,-55.928383,23.05921
NSFC,41801306,K01,K01.1|K01.2,143,4.5092983,75.8448
NSFC,41801307,K03,K03.1|K03.2,590,-55.595863,23.529802
NSFC,41801311,K03,K03.2|K03.3,718,-96.26975,9.591977
NSFC,41801314,K03,K03.1|K03.2,590,-55.595863,23.529802
NSFC,41801326,K02,K02.1,316,18.776417,29.321875
NSFC,41801329,K01,K01.1|K01.2,99,-33.29918,31.227846
NSFC,41801334,K01,K01.1|K01.2,175,-19.847883,85.19227
NSFC,41801336,K03,K03.3,769,-44.68506,2.9994094
NSFC,41801338,K03,K03.3,745,-90.94958,-1.596146
NSFC,41801340,K01,K01.1|K01.2,121,-55.626812,61.800545
NSFC,41801341,K01,K01.1|K01.2,128,25.368574,65.552765
NSFC,41801343,K01,K01.1|K01.2,138,-1.5655023,78.05203
NSFC,41801344,K01,K01.1,12,14.375579,51.123745
NSFC,41801346,K01,K01.1,12,14.375579,51.123745
NSFC,41801347,K01,K01.1,12,14.375579,51.123745
NSFC,41801350,K02,K02.1,316,18.776417,29.321875
NSFC,41801354,K01,K01.1,39,19.934034,79.79828
NSFC,41801359,K04,K04.1|K04.3,1008,-49.927742,-61.06891
NSFC,41801360,K01,K01.1,12,14.375579,51.123745
NSFC,41801364,K01,K01.1|K01.2,99,-33.29918,31.227846
NSFC,41801366,K02,K02.1,295,0.09985375,-32.30974
NSFC,41801367,K02,K02.1,317,35.238163,20.82134
NSFC,41801370,K03,K03.1|K03.2,590,-55.928383,23.05921
NSFC,41801372,K03,K03.2,685,-80.49445,25.41564
NSFC,41801373,K03,K03.2,695,-43.886818,19.3968
NSFC,41802041,K02,K02.1,250,20.815762,-43.169292
NSFC,41803016,K01,K01.1|K01.2,164,-11.930727,61.804245
NSFC,41805007,K02,K02.1,344,87.35569,-5.0151176
NSFC,41805011,K04,K04.1|K04.3,1033,-37.174526,-66.21732
NSFC,41805043,K02,K02.1|K02.2,437,85.4325,46.95821
NSFC,41805063,K03,K03.1|K03.2,581,-83.04252,16.620718
NSFC,41805073,K02,K02.1,244,10.121869,-34.630127
NSFC,41805074,K02,K02.1|K02.2,418,32.49717,-55.52365
NSFC,41805082,K02,K02.1,316,18.776417,29.321875
NSFC,41805086,K01,K01.1,12,14.375579,51.123745
NSFC,41805089,K05,K05.1,1251,-12.556908,23.36122
NSFC,41805095,K02,K02.1,386,24.685783,-20.834702
NSFC,41805102,K02,K02.1,344,87.35569,-5.0151176
NSFC,41805106,K02,K02.1,386,24.685783,-20.834702
NSFC,41805117,K01,K01.1|K01.2,182,-40.22291,61.845802
NSFC,41805120,K02,K02.1,354,80.98547,22.98587
NSFC,41805130,K01,K01.1,27,-75.58461,49.768772
NSFC,41806043,K02,K02.1,285,41.370483,51.843845
NSFC,41806045,K03,K03.1|K03.3,641,-60.159885,-13.415741
NSFC,41806118,K01,K01.1|K01.2,99,-33.29918,31.227846
NSFC,41806134,K01,K01.1|K01.2,128,25.368574,65.552765
NSFC,41806139,K02,K02.1,285,41.370483,51.843845
NSFC,41806141,K02,K02.1,295,0.09985375,-32.30974
NSFC,41806195,K02,K02.1,393,41.781555,-10.1886015
NSFC,41806207,K01,K01.1,12,14.375579,51.123745
NSFC,41806208,K01,K01.1,12,14.375579,51.123745
NSFC,41806216,K02,K02.1,285,41.370483,51.843845
NSFC,41806224,K02,K02.1,314,11.014498,-17.82665
NSFC,41806227,K01,K01.1|K01.2,196,-19.710245,53.214897
NSFC,41807031,K02,K02.1,295,0.09985375,-32.30974
NSFC,41807049,K02,K02.1,295,0.09985375,-32.30974
NSFC,41807116,K02,K02.1|K02.2,431,46.7218,-59.910496
NSFC,41807149,K02,K02.1,360,43.295387,-37.07581
NSFC,41807155,K03,K03.1|K03.2,606,-63.87329,6.2688293
NSFC,41807156,K02,K02.1|K02.2,440,80.5774,-22.91089
NSFC,41807159,K02,K02.1,360,43.295387,-37.07581
NSFC,41807161,K02,K02.1,386,24.685783,-20.834702
NSFC,41807163,K02,K02.1,285,41.370483,51.843845
NSFC,41807169,K01,K01.1,12,14.375579,51.123745
NSFC,41807172,K02,K02.1,295,0.09985375,-32.30974
NSFC,41807293,K01,K01.1|K01.2,99,-33.29918,31.227846
NSFC,41807311,K01,K01.1|K01.2,175,-19.847883,85.19227
NSFC,41807321,K02,K02.1,295,0.09985375,-32.30974
NSFC,41807326,K02,K02.1,295,0.09985375,-32.30974
NSFC,41807331,K02,K02.1,295,0.09985375,-32.30974
NSFC,41807354,K02,K02.1,386,24.685783,-20.834702
NSFC,41807366,K02,K02.1,308,64.86802,-41.58454
NSFC,41807393,K02,K02.1,386,24.685783,-20.834702
NSFC,41807398,K02,K02.1,295,0.09985375,-32.30974
NSFC,41807402,K02,K02.1,386,24.685783,-20.834702
NSFC,41807404,K02,K02.1|K02.2,440,80.5774,-22.91089
NSFC,41807429,K01,K01.1,27,-75.58461,49.768772
NSFC,41807449,K02,K02.1,370,49.81332,-20.039185
NSFC,41807456,K02,K02.1,386,24.685783,-20.834702
NSFC,41807460,K02,K02.1,360,43.295387,-37.07581
NSFC,41807462,K02,K02.1,250,20.815762,-43.169292
NSFC,41807471,K03,K03.2|K03.3,718,-96.26975,9.591977
NSFC,41807480,K02,K02.1,386,24.685783,-20.834702
NSFC,41807481,K01,K01.1|K01.2,175,-19.847883,85.19227
NSFC,41807493,K02,K02.1,235,27.163996,-61.750576
NSFC,41807494,K02,K02.1,308,64.86802,-41.58454
NSFC,41807497,K01,K01.1|K01.2,175,-19.847883,85.19227
NSFC,41807498,K03,K03.3,762,-48.921288,14.857263
NSFC,41807503,K03,K03.1|K03.3,665,-46.4583,4.966161
NSFC,41807504,K01,K01.1|K01.2,185,-22.048592,70.86932
NSFC,41807505,K02,K02.1,416,56.26877,16.488243
NSFC,41807507,K03,K03.3,762,-48.92139,14.857279
NSFC,41807510,K03,K03.1|K03.3,649,-82.175804,-0.26748845
NSFC,41807514,K02,K02.1,308,64.86802,-41.58454
NSFC,41807517,K02,K02.1,316,18.776417,29.321875
NSFC,41807519,K02,K02.1,333,30.285156,14.30456
NSFC,41830102,K01,K01.1,12,14.375579,51.123745
NSFC,41830105,K01,K01.1,12,14.375579,51.123745
NSFC,41830109,K01,K01.1,12,14.375579,51.123745
NSFC,41830641,K01,K01.1|K01.2,78,-33.354725,77.21784
NSFC,41830649,K02,K02.1|K02.2,440,80.5774,-22.91089
NSFC,41830752,K03,K03.3,750,-75.82528,-15.6539345
NSFC,41830965,K02,K02.1|K02.2,475,67.40474,-6.3791757
NSFC,41830966,K02,K02.1,386,24.685783,-20.834702
NSFC,41831177,K02,K02.1|K02.2,434,82.35677,48.103886
NSFC,41831287,K02,K02.1,386,24.685783,-20.834702
NSFC,41831288,K02,K02.1,235,27.163996,-61.750576
NSFC,41831291,K02,K02.1,316,18.776417,29.321875
NSFC,41861006,K02,K02.1,295,0.09985375,-32.30974
NSFC,41861010,K04,K04.1|K04.2,890,-21.409712,-29.84145
NSFC,41861014,K02,K02.1,295,0.09985375,-32.30974
NSFC,41861018,K02,K02.1,295,0.09985375,-32.30974
NSFC,41861020,K01,K01.1,31,14.476121,95.10782
NSFC,41861021,K02,K02.1,274,60.085648,54.80682
NSFC,41861024,K01,K01.1|K01.2,128,25.368574,65.552765
NSFC,41861033,K02,K02.1,316,18.776417,29.321875
NSFC,41861034,K02,K02.1,316,18.776417,29.321875
NSFC,41861035,K02,K02.1,316,18.776417,29.321875
NSFC,41861039,K02,K02.1,397,30.570475,-0.4237033
NSFC,41861040,K04,K04.1|K04.2,906,-7.2730694,-53.291878
NSFC,41861043,K05,K05.2|K05.3,1474,0.15739162,0.9478753
NSFC,41861046,K01,K01.1|K01.2,184,-21.693825,71.9065
NSFC,41861051,K03,K03.1,545,-65.1622,31.588364
NSFC,41861052,K02,K02.1,274,60.085648,54.80682
NSFC,41861054,K01,K01.1|K01.2,99,-33.29918,31.227846
NSFC,41861056,K03,K03.2|K03.3,714,-91.860504,15.661465
NSFC,41863004,K01,K01.1|K01.2,164,-12.743891,61.302505
NSFC,41866006,K01,K01.1|K01.2,128,25.368574,65.552765
NSFC,41867008,K02,K02.1,295,0.09985375,-32.30974
NSFC,41867012,K01,K01.1|K01.2,94,22.179325,67.0681
NSFC,41867029,K02,K02.1,316,18.776417,29.321875
NSFC,41867031,K03,K03.3,773,-69.87295,-8.105227
NSFC,41867054,K02,K02.1,295,0.09985375,-32.30974
NSFC,41867059,K02,K02.1|K02.2,440,80.5774,-22.91089
NSFC,41867064,K02,K02.1,393,41.781555,-10.1886015
NSFC,41867067,K01,K01.1|K01.2,175,-19.847883,85.19227
NSFC,41867071,K02,K02.1,330,24.39686,16.413551
NSFC,41871024,K03,K03.1|K03.3,649,-82.175804,-0.26748845
NSFC,41871028,K01,K01.1|K01.2,198,-27.118286,58.896458
NSFC,41871029,K02,K02.1,386,24.685783,-20.834702
NSFC,41871033,K03,K03.1|K03.2|K03.3,627,-47.777294,3.7884893
NSFC,41871037,K02,K02.1,295,0.09985375,-32.30974
NSFC,41871045,K03,K03.2,694,-43.875904,20.697796
NSFC,41871047,K02,K02.1,295,0.09985375,-32.30974
NSFC,41871053,K02,K02.1,285,41.370483,51.843845
NSFC,41871057,K02,K02.1,354,80.98547,22.98587
NSFC,41871058,K01,K01.1|K01.2,100,-52.48663,45.601883
NSFC,41871059,K03,K03.2,685,-80.91495,25.797888
NSFC,41871060,K02,K02.1,295,0.09985375,-32.30974
NSFC,41871064,K02,K02.1,295,0.09985375,-32.30974
NSFC,41871066,K02,K02.1,295,0.09985375,-32.30974
NSFC,41871067,K02,K02.1,295,0.09985375,-32.30974
NSFC,41871075,K06,K06.2,1549,14.459766,-6.522267
NSFC,41871080,K02,K02.1,308,64.86802,-41.58454
NSFC,41871086,K02,K02.1,316,18.776417,29.321875
NSFC,41871091,K02,K02.1,295,0.09985375,-32.30974
NSFC,41871094,K02,K02.1,323,26.77432,16.877798
NSFC,41871098,K02,K02.1,360,43.295387,-37.07581
NSFC,41871101,K02,K02.1,295,0.09985375,-32.30974
NSFC,41871111,K02,K02.1,397,30.570475,-0.4237033
NSFC,41871119,K02,K02.1,316,18.776417,29.321875
NSFC,41871122,K02,K02.1,316,18.776417,29.321875
NSFC,41871135,K02,K02.1,246,17.150871,17.441986
NSFC,41871140,K02,K02.1,316,18.776417,29.321875
NSFC,41871148,K02,K02.1,354,81.35445,23.600368
NSFC,41871150,K02,K02.1,386,24.685783,-20.834702
NSFC,41871153,K02,K02.1|K02.2,453,82.38446,9.972804
NSFC,41871154,K02,K02.1,397,30.570475,-0.4237033
NSFC,41871155,K03,K03.1,545,-65.1622,31.588364
NSFC,41871156,K02,K02.1,353,69.32138,10.373289
NSFC,41871158,K02,K02.1,316,18.776417,29.321875
NSFC,41871159,K05,K05.1|K05.3,1396,-6.1766615,11.916553
NSFC,41871161,K01,K01.1|K01.2,99,-33.29918,31.227846
NSFC,41871162,K02,K02.1,316,18.776417,29.321875
NSFC,41871163,K01,K01.1|K01.2,138,-1.5655023,78.05203
NSFC,41871164,K03,K03.3,750,-75.82528,-15.6539345
NSFC,41871165,K02,K02.1,397,30.570475,-0.4237033
NSFC,41871167,K01,K01.1|K01.2,161,-6.42117,65.35899
NSFC,41871168,K02,K02.1,316,18.776417,29.321875
NSFC,41871169,K02,K02.1,316,18.776417,29.321875
NSFC,41871170,K01,K01.1|K01.2,159,-21.113615,72.73229
NSFC,41871172,K02,K02.1|K02.2,451,83.548035,9.139453
NSFC,41871174,K01,K01.1|K01.2,124,-55.228077,60.06315
NSFC,41871176,K05,K05.1,1251,-11.347989,22.5946
NSFC,41871180,K02,K02.1|K02.2,485,56.372875,-4.080618
NSFC,41871184,K02,K02.1,316,18.776417,29.321875
NSFC,41871185,K03,K03.1|K03.2,592,-53.715176,24.582922
NSFC,41871187,K02,K02.1,316,18.776417,29.321875
NSFC,41871189,K02,K02.1,310,5.444364,32.476498
NSFC,41871191,K02,K02.1,308,64.86802,-41.58454
NSFC,41871192,K02,K02.1,310,5.444364,32.476498
NSFC,41871194,K02,K02.1,316,18.776417,29.321875
NSFC,41871196,K02,K02.1|K02.2,451,83.548035,9.139453
NSFC,41871200,K02,K02.1,316,18.776417,29.321875
NSFC,41871206,K01,K01.1,8,13.371256,92.02797
NSFC,41871209,K02,K02.1,316,18.776417,29.321875
NSFC,41871211,K05,K05.2|K05.3,1484,2.1677284,0.39857805
NSFC,41871213,K02,K02.1,397,30.570475,-0.4237033
NSFC,41871214,K05,K05.2,1439,6.3552785,8.539833
NSFC,41871216,K02,K02.1,310,5.444364,32.476498
NSFC,41871217,K04,K04.3,1179,-2.064955,-51.931355
NSFC,41871218,K06,K06.2,1549,14.459766,-6.522267
NSFC,41871219,K05,K05.2|K05.3,1480,0.07724556,2.2350566
NSFC,41871224,K01,K01.2,218,-1.3787869,85.43857
NSFC,41871226,K01,K01.1|K01.2,99,-33.29918,31.227846
NSFC,41871228,K01,K01.1,12,14.375579,51.123745
NSFC,41871230,K01,K01.1,12,14.375579,51.123745
NSFC,41871234,K01,K01.1|K01.2,99,-33.29918,31.227846
NSFC,41871235,K01,K01.1,39,19.772741,80.66607
NSFC,41871238,K01,K01.1,12,14.375579,51.123745
NSFC,41871250,K01,K01.1,31,14.476121,95.10782
NSFC,41871253,K02,K02.1,285,41.370483,51.843845
NSFC,41871255,K02,K02.1,295,0.09985375,-32.30974
NSFC,41871260,K01,K01.1|K01.2,99,-33.29918,31.227846
NSFC,41871261,K01,K01.1,12,14.375579,51.123745
NSFC,41871262,K01,K01.1,12,14.375579,51.123745
NSFC,41871263,K03,K03.2|K03.3,718,-96.26975,9.591977
NSFC,41871266,K01,K01.1,12,14.375579,51.123745
NSFC,41871268,K01,K01.1,27,-75.58461,49.768772
NSFC,41871269,K01,K01.1,12,14.375579,51.123745
NSFC,41871270,K01,K01.1|K01.2,99,-33.29918,31.227846
NSFC,41871273,K01,K01.1,12,14.375579,51.123745
NSFC,41871281,K01,K01.1|K01.2,99,-33.29918,31.227846
NSFC,41871282,K03,K03.3,750,-75.82528,-15.6539345
NSFC,41871283,K04,K04.1|K04.3,1008,-49.927742,-61.06891
NSFC,41871289,K04,K04.1|K04.3,1033,-37.174526,-66.21732
NSFC,41871292,K04,K04.1|K04.3,1069,-5.288851,-51.10789
NSFC,41871297,K03,K03.1,545,-65.1622,31.588364
NSFC,41871299,K03,K03.1,538,-81.80077,10.307721
NSFC,41871301,K03,K03.1,545,-65.1622,31.588364
NSFC,41871306,K03,K03.1|K03.2,590,-55.595863,23.529802
NSFC,41871308,K01,K01.1|K01.2,138,-2.513632,76.98367
NSFC,41871309,K03,K03.1,545,-65.1622,31.588364
NSFC,41871316,K01,K01.1|K01.2,99,-33.29918,31.227846
NSFC,41871317,K01,K01.1,27,-75.58461,49.768772
NSFC,41871318,K03,K03.1|K03.2|K03.3,624,-59.43064,19.895008
NSFC,41871319,K05,K05.1|K05.2,1317,-0.5047632,12.432513
NSFC,41871326,K01,K01.1,12,14.375579,51.123745
NSFC,41871330,K03,K03.1|K03.2,612,-68.04386,1.0955263
NSFC,41871331,K01,K01.1,39,20.519373,80.48602
NSFC,41871333,K01,K01.1|K01.2,100,-52.48663,45.601883
NSFC,41871334,K02,K02.1,274,61.670166,55.240562
NSFC,41871335,K01,K01.2,207,-42.613377,46.514423
NSFC,41871337,K01,K01.1,12,14.375579,51.123745
NSFC,41871338,K01,K01.1,12,14.375579,51.123745
NSFC,41871346,K02,K02.1,274,61.670166,55.240562
NSFC,41871348,K03,K03.3,769,-44.68506,2.9994094
NSFC,41871352,K01,K01.1,12,14.375579,51.123745
NSFC,41871353,K01,K01.1,12,14.375579,51.123745
NSFC,41871354,K01,K01.1,12,14.375579,51.123745
NSFC,41871357,K01,K01.1,31,14.476121,95.10782
NSFC,41871358,K02,K02.1,316,18.776417,29.321875
NSFC,41871359,K02,K02.1,316,18.776417,29.321875
NSFC,41871360,K02,K02.1,354,80.98547,22.98587
NSFC,41871367,K01,K01.1|K01.2,99,-33.29918,31.227846
NSFC,41872031,K02,K02.1,295,0.09985375,-32.30974
NSFC,41874169,K01,K01.1,12,14.375579,51.123745
NSFC,41875007,K02,K02.1,285,41.370483,51.843845
NSFC,41875010,K02,K02.1,344,88.31449,-4.3073583
NSFC,41875013,K01,K01.1|K01.2,121,-55.626812,61.800545
NSFC,41875014,K01,K01.1|K01.2,121,-55.626812,61.800545
NSFC,41875015,K02,K02.1,308,64.86802,-41.58454
NSFC,41875016,K02,K02.1,386,24.685783,-20.834702
NSFC,41875026,K01,K01.1|K01.2,175,-19.847883,85.19227
NSFC,41875027,K03,K03.3,745,-91.148315,-1.221611
NSFC,41875031,K01,K01.1,12,14.375579,51.123745
NSFC,41875041,K01,K01.1,12,14.375579,51.123745
NSFC,41875050,K02,K02.1,285,41.370483,51.843845
NSFC,41875059,K02,K02.1|K02.2,437,85.43243,46.95762
NSFC,41875082,K02,K02.1,386,24.685783,-20.834702
NSFC,41875105,K02,K02.1|K02.2,437,85.43243,46.95762
NSFC,41875106,K02,K02.1|K02.2,451,83.548035,9.139453
NSFC,41875115,K02,K02.1,316,18.776417,29.321875
NSFC,41875117,K03,K03.2,685,-80.49445,25.41564
NSFC,41875134,K02,K02.1,285,41.370483,51.843845
NSFC,41875137,K02,K02.1|K02.2,475,67.40474,-6.3791757
NSFC,41875141,K02,K02.1,360,43.295387,-37.07581
NSFC,41875149,K02,K02.1,386,24.685783,-20.834702
NSFC,41875157,K02,K02.1,397,30.570475,-0.4237033
NSFC,41875160,K01,K01.1,27,-75.58461,49.768772
NSFC,41875176,K01,K01.1|K01.2,121,-55.626812,61.800545
NSFC,41875177,K02,K02.1,354,80.98547,22.98587
NSFC,41876058,K01,K01.1,39,20.48452,80.46342
NSFC,41876107,K03,K03.3,750,-75.82528,-15.6539345
NSFC,41876136,K02,K02.1,386,24.685783,-20.834702
NSFC,41876141,K02,K02.1,397,30.570475,-0.4237033
NSFC,41876173,K02,K02.1,295,0.09985375,-32.30974
NSFC,41876200,K02,K02.1,274,61.670166,55.240562
NSFC,41876203,K01,K01.1,12,14.375579,51.123745
NSFC,41876206,K01,K01.1|K01.2,99,-33.29918,31.227846
NSFC,41876207,K01,K01.1|K01.2,99,-33.29918,31.227846
NSFC,41876208,K01,K01.1,12,14.375579,51.123745
NSFC,41876210,K02,K02.1,285,41.370483,51.843845
NSFC,41877005,K01,K01.1|K01.2,175,-19.847883,85.19227
NSFC,41877014,K01,K01.1|K01.2,164,-11.930727,61.804245
NSFC,41877021,K01,K01.1,12,14.375579,51.123745
NSFC,41877034,K02,K02.1,295,0.09985375,-32.30974
NSFC,41877039,K02,K02.1,386,24.685783,-20.834702
NSFC,41877044,K02,K02.1,360,43.295387,-37.07581
NSFC,41877048,K02,K02.1,308,64.07929,-41.266254
NSFC,41877050,K02,K02.1,295,0.09985375,-32.30974
NSFC,41877053,K02,K02.1,295,0.09985375,-32.30974
NSFC,41877083,K02,K02.1|K02.2,440,80.5774,-22.91089
NSFC,41877127,K01,K01.1|K01.2,128,25.368574,65.552765
NSFC,41877136,K02,K02.1,295,0.09985375,-32.30974
NSFC,41877151,K02,K02.1,295,0.09985375,-32.30974
NSFC,41877152,K02,K02.1,295,0.09985375,-32.30974
NSFC,41877155,K03,K03.1|K03.2,585,-49.013214,-8.913674
NSFC,41877158,K03,K03.1|K03.3,664,-46.987274,5.797869
NSFC,41877159,K02,K02.1|K02.2,440,80.5774,-22.91089
NSFC,41877164,K03,K03.1|K03.2,599,-49.210854,3.9729958
NSFC,41877168,K02,K02.1|K02.2,499,64.78597,25.090298
NSFC,41877213,K02,K02.1,265,50.95586,-60.770424
NSFC,41877232,K02,K02.1,265,50.95586,-60.770424
NSFC,41877234,K02,K02.1,267,39.14316,46.055496
NSFC,41877248,K02,K02.1,265,50.95586,-60.770424
NSFC,41877266,K06,K06.2,1541,17.457928,-8.595195
NSFC,41877286,K02,K02.1,265,50.95586,-60.770424
NSFC,41877291,K04,K04.3,1164,8.226209,-59.43357
NSFC,41877297,K02,K02.1,316,18.776417,29.321875
NSFC,41877304,K02,K02.1,262,24.237913,-36.675396
NSFC,41877306,K02,K02.1,386,24.685783,-20.834702
NSFC,41877308,K01,K01.1|K01.2,175,-19.847883,85.19227
NSFC,41877312,K02,K02.1,415,48.777683,3.4641762
NSFC,41877314,K01,K01.1,27,-75.58461,49.768772
NSFC,41877328,K02,K02.1,295,0.09985375,-32.30974
NSFC,41877358,K02,K02.1,250,20.815762,-43.169292
NSFC,41877375,K02,K02.1,386,24.685783,-20.834702
NSFC,41877376,K02,K02.1,383,63.429207,-22.400599
NSFC,41877383,K02,K02.1,285,41.370483,51.843845
NSFC,41877397,K01,K01.1|K01.2,175,-19.847883,85.19227
NSFC,41877399,K01,K01.1,27,-75.58461,49.768772
NSFC,41877416,K02,K02.1,295,0.09985375,-32.30974
NSFC,41877419,K02,K02.1,295,0.09985375,-32.30974
NSFC,41877439,K02,K02.1,295,0.09985375,-32.30974
NSFC,41877441,K02,K02.2,505,87.34884,9.31168
NSFC,41877444,K02,K02.1,386,24.685783,-20.834702
NSFC,41877454,K03,K03.1|K03.3,670,-69.13723,14.356521
NSFC,41877458,K02,K02.1,295,0.09985375,-32.30974
NSFC,41877459,K01,K01.1|K01.2,128,25.368574,65.552765
NSFC,41877466,K03,K03.3,750,-75.82528,-15.6539345
NSFC,41877471,K02,K02.1,386,24.685783,-20.834702
NSFC,41877476,K02,K02.1,386,24.685783,-20.834702
NSFC,41877477,K02,K02.1,258,34.061687,-39.9671
NSFC,41877507,K03,K03.3,772,-65.086945,9.510655
NSFC,41877508,K01,K01.1|K01.2,182,-40.22291,61.845802
NSFC,41877509,K02,K02.1,316,18.776417,29.321875
NSFC,41877515,K01,K01.1|K01.2,138,-1.339799,78.38206
NSFC,41877516,K01,K01.1|K01.2,175,-20.56642,85.47093
NSFC,41877517,K03,K03.3,750,-75.82528,-15.6539345
NSFC,41877520,K03,K03.1|K03.3,660,-62.523666,19.073654
NSFC,41877521,K03,K03.2|K03.3,725,-46.92288,18.08205
NSFC,41877523,K05,K05.1|K05.3,1414,-6.285223,4.9375796
NSFC,41877526,K03,K03.3,769,-44.68506,2.9994094
NSFC,41877527,K03,K03.3,750,-75.82528,-15.6539345
NSFC,41877529,K03,K03.3,762,-48.915886,14.855659
NSFC,41877546,K01,K01.1|K01.2,134,15.434038,68.48908
NSFC,41901013,K02,K02.1,360,43.295387,-37.07581
NSFC,41901016,K03,K03.1|K03.3,660,-62.523205,19.073639
NSFC,41901021,K02,K02.1,295,0.09985375,-32.30974
NSFC,41901023,K02,K02.1|K02.2,485,56.375107,-4.0801525
NSFC,41901026,K02,K02.1|K02.2,451,84.381294,8.2966175
NSFC,41901027,K02,K02.1,295,0.09985375,-32.30974
NSFC,41901040,K01,K01.1,51,-52.14721,85.10136
NSFC,41901041,K02,K02.1|K02.2,431,46.7218,-59.910496
NSFC,41901043,K02,K02.2,509,72.38376,31.542952
NSFC,41901046,K03,K03.1|K03.2,569,-58.457535,0.7169811
NSFC,41901055,K03,K03.1|K03.2,585,-49.013214,-8.913674
NSFC,41901057,K02,K02.1,295,0.09985375,-32.30974
NSFC,41901060,K03,K03.1|K03.3,660,-62.5237,19.073715
NSFC,41901065,K01,K01.1,31,14.476121,95.10782
NSFC,41901068,K03,K03.1|K03.2,585,-49.013214,-8.913674
NSFC,41901076,K04,K04.3,1167,-72.614265,-65.46601
NSFC,41901078,K02,K02.1,397,30.570475,-0.4237033
NSFC,41901080,K01,K01.1,55,1.6717364,64.2797
NSFC,41901082,K02,K02.1,265,50.95586,-60.770424
NSFC,41901087,K03,K03.3,750,-75.82528,-15.6539345
NSFC,41901088,K03,K03.1|K03.2,598,-49.856182,8.842515
NSFC,41901103,K02,K02.1,295,0.09985375,-32.30974
NSFC,41901105,K02,K02.1,370,49.81332,-20.039185
NSFC,41901111,K02,K02.1,295,0.09985375,-32.30974
NSFC,41901112,K02,K02.1,295,0.09985375,-32.30974
NSFC,41901113,K02,K02.1,295,0.09985375,-32.30974
NSFC,41901115,K02,K02.2,505,87.34884,9.311654
NSFC,41901117,K02,K02.1,295,0.09985375,-32.30974
NSFC,41901122,K03,K03.1|K03.2,610,-70.70835,14.25368
NSFC,41901125,K02,K02.1|K02.2,440,80.5774,-22.91089
NSFC,41901127,K03,K03.2,685,-80.49445,25.41564
NSFC,41901128,K04,K04.3,1183,-26.690033,-76.9394
NSFC,41901129,K02,K02.1,274,61.670166,55.240562
NSFC,41901153,K02,K02.1,316,18.776417,29.321875
NSFC,41901167,K02,K02.1,414,47.737648,18.220306
NSFC,41901168,K02,K02.1,397,30.570475,-0.4237033
NSFC,41901184,K02,K02.1|K02.2,451,84.381294,8.2966175
NSFC,41901185,K02,K02.1,328,22.695848,17.566027
NSFC,41901186,K02,K02.1,316,18.776417,29.321875
NSFC,41901190,K02,K02.1,397,30.570475,-0.4237033
NSFC,41901191,K02,K02.1,325,29.29835,20.931166
NSFC,41901192,K02,K02.1,316,18.776417,29.321875
NSFC,41901193,K02,K02.1,357,28.471832,-17.672462
NSFC,41901195,K02,K02.1,316,18.776417,29.321875
NSFC,41901196,K02,K02.1,325,29.29835,20.931166
NSFC,41901198,K02,K02.1,317,35.23826,20.821253
NSFC,41901199,K02,K02.1,386,24.685783,-20.834702
NSFC,41901200,K05,K05.1,1251,-11.352215,23.569365
NSFC,41901203,K04,K04.1|K04.3,1069,-5.2886834,-51.105503
NSFC,41901204,K02,K02.1,316,18.776417,29.321875
NSFC,41901205,K02,K02.1,316,18.776417,29.321875
NSFC,41901209,K02,K02.1|K02.2,499,64.785965,25.090591
NSFC,41901210,K02,K02.1,316,18.776417,29.321875
NSFC,41901219,K01,K01.1|K01.2,138,-3.161143,78.53111
NSFC,41901220,K02,K02.1,310,5.444364,32.476498
NSFC,41901222,K02,K02.1,316,18.776417,29.321875
NSFC,41901223,K02,K02.1,316,18.776417,29.321875
NSFC,41901227,K02,K02.1,316,18.776417,29.321875
NSFC,41901230,K01,K01.1|K01.2,138,-3.161143,78.53111
NSFC,41901233,K05,K05.1,1251,-11.864404,23.564741
NSFC,41901234,K02,K02.1,295,0.09985375,-32.30974
NSFC,41901236,K01,K01.1|K01.2,143,4.5085063,75.844604
NSFC,41901237,K04,K04.1|K04.3,1069,-5.288851,-51.10789
NSFC,41901238,K04,K04.1|K04.3,1069,-5.288851,-51.10789
NSFC,41901240,K05,K05.2,1451,3.799168,0.4277385
NSFC,41901242,K04,K04.1|K04.2|K04.3,942,-12.774211,-52.37666
NSFC,41901245,K05,K05.2,1429,-0.036040124,12.465548
NSFC,41901246,K03,K03.1,560,-70.31571,12.938511
NSFC,41901248,K02,K02.1,316,18.776417,29.321875
NSFC,41901249,K03,K03.2,696,-44.12897,21.688276
NSFC,41901250,K05,K05.1|K05.2|K05.3,1361,-4.1430874,3.0042045
NSFC,41901254,K02,K02.1,316,18.776417,29.321875
NSFC,41901255,K02,K02.1,397,30.570475,-0.4237033
NSFC,41901256,K05,K05.1|K05.3,1404,-5.662971,9.37464
NSFC,41901257,K04,K04.1|K04.3,1069,-5.287826,-51.10624
NSFC,41901258,K02,K02.1,337,21.285528,20.974422
NSFC,41901259,K02,K02.1,316,18.776417,29.321875
NSFC,41901260,K02,K02.1,337,21.285528,20.974422
NSFC,41901261,K02,K02.1,316,18.776417,29.321875
NSFC,41901262,K04,K04.2,1129,-41.198483,-40.28717
NSFC,41901266,K01,K01.1,36,14.095393,68.45841
NSFC,41901278,K04,K04.3,1167,-72.61467,-65.46665
NSFC,41901281,K01,K01.1,12,14.375579,51.123745
NSFC,41901283,K02,K02.1,274,60.71663,55.56429
NSFC,41901294,K01,K01.1,12,14.375579,51.123745
NSFC,41901299,K01,K01.1|K01.2,99,-33.29918,31.227846
NSFC,41901300,K01,K01.1,12,14.375579,51.123745
NSFC,41901305,K01,K01.1,12,14.375579,51.123745
NSFC,41901310,K01,K01.1|K01.2,99,-33.29918,31.227846
NSFC,41901311,K03,K03.1|K03.2,590,-55.595863,23.529802
NSFC,41901321,K01,K01.1,39,19.484108,82.52426
NSFC,41901322,K03,K03.1|K03.3,660,-62.523666,19.073654
NSFC,41901327,K02,K02.1|K02.2,451,84.381294,8.2966175
NSFC,41901332,K03,K03.1|K03.2,590,-55.928383,23.05921
NSFC,41901333,K02,K02.1,316,18.776417,29.321875
NSFC,41901340,K01,K01.1|K01.2,138,-3.161143,78.53111
NSFC,41901342,K01,K01.1,51,-52.14721,85.10136
NSFC,41901343,K01,K01.1,12,14.375579,51.123745
NSFC,41901345,K01,K01.1|K01.2,175,-19.847883,85.19227
NSFC,41901349,K02,K02.1,355,37.849483,-31.540384
NSFC,41901351,K03,K03.2,702,-63.3782,7.2299047
NSFC,41901352,K02,K02.1,274,60.085648,54.80682
NSFC,41901353,K01,K01.1,12,14.375579,51.123745
NSFC,41901357,K01,K01.1,31,14.476121,95.10782
NSFC,41901358,K01,K01.1,31,14.476121,95.10782
NSFC,41901365,K02,K02.1,316,18.776417,29.321875
NSFC,41901367,K02,K02.1,316,18.776417,29.321875
NSFC,41901369,K01,K01.1,53,-18.121021,39.430004
NSFC,41901371,K04,K04.1|K04.3,1008,-49.927742,-61.06891
NSFC,41901375,K01,K01.1|K01.2,106,-51.135193,43.120926
NSFC,41901379,K01,K01.1,12,14.375579,51.123745
NSFC,41901380,K01,K01.1,12,14.375579,51.123745
NSFC,41901382,K04,K04.2,1123,-44.900433,-52.764038
NSFC,41901383,K02,K02.2,503,74.65089,-19.692719
NSFC,41901384,K01,K01.1,51,-52.14721,85.10136
NSFC,41901385,K02,K02.1,295,0.09985375,-32.30974
NSFC,41901386,K01,K01.1|K01.2,99,-33.29918,31.227846
NSFC,41901387,K03,K03.3,760,-44.926617,-10.429467
NSFC,41901390,K03,K03.2,685,-80.91495,25.797888
NSFC,41901391,K01,K01.1|K01.2,122,-50.271366,47.103264
NSFC,41901396,K03,K03.2,685,-80.3981,26.16524
NSFC,41902028,K02,K02.1,316,18.776417,29.321875
NSFC,41902038,K02,K02.1,295,0.09985375,-32.30974
NSFC,41902256,K02,K02.1,354,81.3154,23.180264
NSFC,41902304,K01,K01.1,39,20.536978,80.49479
NSFC,41903070,K02,K02.1,295,0.09985375,-32.30974
NSFC,41904008,K01,K01.1|K01.2,121,-55.626812,61.800545
NSFC,41904024,K04,K04.1|K04.3,1008,-49.927742,-61.06891
NSFC,41905010,K01,K01.1|K01.2,174,-10.530542,54.517075
NSFC,41905082,K02,K02.1|K02.2,451,84.381294,8.2966175
NSFC,41905110,K01,K01.2,224,-18.756405,88.07167
NSFC,41905117,K01,K01.1|K01.2,99,-33.29918,31.227846
NSFC,41905121,K03,K03.3,750,-75.82528,-15.6539345
NSFC,41906002,K02,K02.1,417,47.512535,29.974957
NSFC,41906073,K03,K03.2,690,-79.06242,23.560898
NSFC,41906152,K01,K01.1|K01.2,99,-33.29918,31.227846
NSFC,41906156,K01,K01.1,12,14.375579,51.123745
NSFC,41906159,K01,K01.1|K01.2,99,-33.29918,31.227846
NSFC,41906182,K02,K02.1,308,64.07929,-41.266254
NSFC,41906185,K03,K03.2|K03.3,718,-96.26975,9.591977
NSFC,41906191,K02,K02.1,316,18.776417,29.321875
NSFC,41907106,K03,K03.1|K03.3,668,-65.3767,7.637455
NSFC,41907118,K01,K01.1,10,-9.378735,97.45452
NSFC,41907127,K02,K02.1,295,0.09985375,-32.30974
NSFC,41907149,K04,K04.1|K04.3,1064,-10.288831,-50.8383
NSFC,41907157,K02,K02.1,285,41.370483,51.843845
NSFC,41907181,K01,K01.1|K01.2,175,-20.587795,85.46487
NSFC,41907187,K01,K01.1|K01.2,182,-40.222748,61.845222
NSFC,41907192,K03,K03.1,555,-64.854965,5.1000943
NSFC,41907199,K02,K02.1,386,24.685783,-20.834702
NSFC,41907203,K02,K02.1,295,0.09985375,-32.30974
NSFC,41907217,K02,K02.1,386,24.685783,-20.834702
NSFC,41907243,K02,K02.1,285,41.370483,51.843845
NSFC,41907252,K02,K02.1,308,64.07929,-41.266254
NSFC,41907313,K02,K02.1,386,24.685783,-20.834702
NSFC,41907327,K01,K01.1|K01.2,70,-32.986824,72.24458
NSFC,41907342,K04,K04.1|K04.3,1055,-12.842013,-47.27488
NSFC,41907354,K01,K01.1|K01.2,175,-20.619318,85.43626
NSFC,41907363,K02,K02.1,386,24.685783,-20.834702
NSFC,41907369,K02,K02.1,370,49.81332,-20.039185
NSFC,41907375,K02,K02.1,295,0.09985375,-32.30974
NSFC,41907381,K02,K02.1,295,0.09985375,-32.30974
NSFC,41907384,K01,K01.1|K01.2,100,-52.13527,45.09965
NSFC,41907387,K02,K02.1|K02.2,440,80.5774,-22.91089
NSFC,41907388,K03,K03.1|K03.3,665,-46.4583,4.966161
NSFC,41907392,K02,K02.1,250,20.815762,-43.169292
NSFC,41907393,K03,K03.1|K03.3,673,-75.884995,8.194684
NSFC,41907394,K01,K01.1|K01.2,121,-55.626812,61.800545
NSFC,41907395,K01,K01.1|K01.2,164,-11.930727,61.804245
NSFC,41907396,K01,K01.1|K01.2,97,-10.707525,95.78803
NSFC,41907397,K01,K01.1|K01.2,192,-26.08936,50.09431
NSFC,41907398,K03,K03.1|K03.2|K03.3,618,-59.445507,-12.9054985
NSFC,41907403,K04,K04.1|K04.3,1055,-12.842013,-47.27488
NSFC,41930111,K01,K01.1|K01.2,99,-33.29918,31.227846
NSFC,41930534,K02,K02.1,285,41.370483,51.843845
NSFC,41930642,K02,K02.1,386,24.685783,-20.834702
NSFC,41930644,K02,K02.1,316,18.776417,29.321875
NSFC,41930646,K02,K02.1,316,18.776417,29.321875
NSFC,41930652,K02,K02.1|K02.2,440,80.5774,-22.91089
NSFC,41930759,K02,K02.1,393,41.781555,-10.1886015
NSFC,41930970,K01,K01.1|K01.2,99,-33.29918,31.227846
NSFC,41931179,K02,K02.1,417,47.512535,29.974957
NSFC,41931180,K02,K02.1,285,41.370483,51.843845
NSFC,41931182,K02,K02.1,285,41.370483,51.843845
NSFC,41931292,K02,K02.1,265,50.95586,-60.770424
NSFC,41931298,K01,K01.1|K01.2,175,-20.587795,85.46487
NSFC,41961002,K02,K02.1,285,41.370483,51.843845
NSFC,41961012,K02,K02.1,295,0.09985375,-32.30974
NSFC,41961015,K02,K02.1,316,18.776417,29.321875
NSFC,41961017,K02,K02.1,295,0.09985375,-32.30974
NSFC,41961020,K01,K01.1|K01.2,138,-3.161143,78.53111
NSFC,41961027,K03,K03.1|K03.2,590,-55.091408,22.592583
NSFC,41961028,K02,K02.1,354,81.3154,23.180264
NSFC,41961029,K02,K02.1,316,18.776417,29.321875
NSFC,41961030,K02,K02.1,316,18.776417,29.321875
NSFC,41961034,K05,K05.1,1251,-12.547022,23.843908
NSFC,41961037,K02,K02.1,295,0.09985375,-32.30974
NSFC,41961038,K05,K05.1|K05.3,1404,-5.662849,9.374646
NSFC,41961039,K01,K01.1|K01.2,138,-3.161143,78.53111
NSFC,41961040,K05,K05.1,1251,-12.346297,24.07015
NSFC,41961042,K04,K04.1|K04.3,1069,-5.2886834,-51.105503
NSFC,41961044,K01,K01.1|K01.2,92,-11.063787,96.5767
NSFC,41961046,K05,K05.3,1519,-3.5169284,-1.2115787
NSFC,41961048,K02,K02.1,316,18.776417,29.321875
NSFC,41961051,K01,K01.1,12,14.375579,51.123745
NSFC,41961052,K03,K03.2|K03.3,718,-96.26975,9.591977
NSFC,41961058,K02,K02.1,285,41.370483,51.843845
NSFC,41961059,K01,K01.1,12,14.375579,51.123745
NSFC,41964005,K01,K01.1|K01.2,147,-12.513054,66.396454
NSFC,41966007,K01,K01.1|K01.2,184,-21.693825,71.9065
NSFC,41966008,K01,K01.1,68,-4.515907,52.310905
NSFC,41967005,K02,K02.1,295,0.09985375,-32.30974
NSFC,41967024,K01,K01.1|K01.2,128,25.368574,65.552765
NSFC,41967031,K01,K01.1,55,1.6717364,64.2797
NSFC,41967032,K02,K02.1,295,0.09985375,-32.30974
NSFC,41967043,K04,K04.2,1126,-11.501689,-53.55902
NSFC,41967051,K02,K02.1,386,24.685783,-20.834702
NSFC,41967052,K02,K02.1,316,18.776417,29.321875
NSFC,41967056,K04,K04.1|K04.3,983,8.827075,-78.45932
NSFC,41967057,K02,K02.1,295,0.09985375,-32.30974
NSFC,41971007,K02,K02.1,295,0.09985375,-32.30974
NSFC,41971019,K03,K03.1,531,-63.20068,-0.47680157
NSFC,41971031,K01,K01.1,12,14.375579,51.123745
NSFC,41971033,K01,K01.1,12,14.375579,51.123745
NSFC,41971040,K01,K01.1|K01.2,92,-11.063787,96.5767
NSFC,41971052,K02,K02.1,295,0.09985375,-32.30974
NSFC,41971060,K03,K03.1|K03.2,590,-55.928383,23.05921
NSFC,41971061,K03,K03.1|K03.3,655,-46.216934,-10.74943
NSFC,41971065,K03,K03.1|K03.2,585,-49.013214,-8.913674
NSFC,41971071,K05,K05.1|K05.3,1414,-6.2851415,4.937648
NSFC,41971072,K02,K02.1,417,47.512535,29.974957
NSFC,41971074,K03,K03.1|K03.2,590,-55.928383,23.05921
NSFC,41971091,K02,K02.1,295,0.09985375,-32.30974
NSFC,41971094,K02,K02.1,360,43.295387,-37.07581
NSFC,41971104,K02,K02.1,295,0.09985375,-32.30974
NSFC,41971105,K02,K02.1|K02.2,475,67.40474,-6.3791757
NSFC,41971108,K02,K02.1,285,41.370483,51.843845
NSFC,41971114,K02,K02.1,316,18.776417,29.321875
NSFC,41971117,K02,K02.1,316,18.776417,29.321875
NSFC,41971121,K02,K02.1,295,0.09985375,-32.30974
NSFC,41971127,K03,K03.2,703,-71.00664,14.950743
NSFC,41971129,K02,K02.1,244,10.121869,-34.630127
NSFC,41971130,K02,K02.1,316,18.776417,29.321875
NSFC,41971131,K01,K01.1,12,14.375579,51.123745
NSFC,41971141,K02,K02.1|K02.2,440,80.5774,-22.91089
NSFC,41971143,K02,K02.1|K02.2,448,69.160324,-38.952698
NSFC,41971144,K02,K02.1,295,0.09985375,-32.30974
NSFC,41971145,K03,K03.2,694,-43.875904,20.697796
NSFC,41971146,K02,K02.1|K02.2,475,67.340416,-6.277324
NSFC,41971148,K02,K02.1,295,0.09985375,-32.30974
NSFC,41971152,K02,K02.1,316,18.776417,29.321875
NSFC,41971153,K03,K03.3,745,-90.94958,-1.596146
NSFC,41971156,K02,K02.1|K02.2,451,84.381294,8.2966175
NSFC,41971167,K02,K02.1,316,18.776417,29.321875
NSFC,41971168,K02,K02.1,316,18.776417,29.321875
NSFC,41971178,K02,K02.1,317,35.23826,20.821253
NSFC,41971179,K02,K02.1,317,35.238163,20.82134
NSFC,41971180,K02,K02.1,316,18.776417,29.321875
NSFC,41971194,K02,K02.1,316,18.776417,29.321875
NSFC,41971195,K02,K02.1,295,0.09985375,-32.30974
NSFC,41971196,K02,K02.1,351,74.02288,15.109548
NSFC,41971199,K04,K04.3,1184,-26.397755,-77.989716
NSFC,41971202,K05,K05.1|K05.3,1407,-6.141009,9.765001
NSFC,41971205,K02,K02.1,324,29.219711,15.378133
NSFC,41971206,K02,K02.1,316,18.776417,29.321875
NSFC,41971207,K02,K02.1,316,18.776417,29.321875
NSFC,41971208,K03,K03.1|K03.2,590,-55.928383,23.05921
NSFC,41971210,K02,K02.1,316,18.776417,29.321875
NSFC,41971217,K04,K04.1,849,-11.872896,-47.543705
NSFC,41971218,K03,K03.1,545,-65.73048,31.373583
NSFC,41971221,K02,K02.1,316,18.776417,29.321875
NSFC,41971225,K03,K03.1,545,-65.73048,31.373583
NSFC,41971230,K02,K02.1,316,18.776417,29.321875
NSFC,41971231,K02,K02.1,397,30.570475,-0.4237033
NSFC,41971233,K02,K02.1,292,42.03513,45.180817
NSFC,41971235,K01,K01.2,218,-1.3787869,85.43857
NSFC,41971237,K02,K02.1,381,33.90047,-3.355393
NSFC,41971239,K05,K05.1|K05.2,1316,-0.9618797,12.49086
NSFC,41971240,K02,K02.1,316,18.776417,29.321875
NSFC,41971241,K05,K05.1,1251,-11.316304,23.482582
NSFC,41971243,K02,K02.1,316,18.776417,29.321875
NSFC,41971247,K05,K05.1|K05.2,1324,-2.4836373,9.191081
NSFC,41971249,K05,K05.1|K05.3,1404,-5.6629195,9.37473
NSFC,41971251,K02,K02.1,235,27.163996,-61.750576
NSFC,41971252,K05,K05.1|K05.2,1317,-0.5047542,12.432501
NSFC,41971253,K03,K03.1|K03.2,585,-49.013214,-8.913674
NSFC,41971254,K02,K02.1,415,48.777683,3.4641762
NSFC,41971257,K04,K04.1|K04.2|K04.3,924,-2.1932924,-75.59299
NSFC,41971259,K03,K03.2,699,-49.453102,2.481177
NSFC,41971260,K02,K02.1,295,0.09985375,-32.30974
NSFC,41971262,K01,K01.1|K01.2,99,-33.29918,31.227846
NSFC,41971264,K02,K02.1,411,67.25735,7.722131
NSFC,41971265,K04,K04.1|K04.2|K04.3,936,-38.733894,-64.47736
NSFC,41971266,K05,K05.1,1278,4.6736794,10.416946
NSFC,41971268,K02,K02.1,397,30.570475,-0.4237033
NSFC,41971269,K02,K02.1,316,18.776417,29.321875
NSFC,41971270,K03,K03.1,545,-65.73048,31.373583
NSFC,41971271,K02,K02.1,316,18.776417,29.321875
NSFC,41971273,K04,K04.1|K04.2,906,-7.2736535,-53.2911
NSFC,41971274,K02,K02.1,316,18.776417,29.321875
NSFC,41971278,K03,K03.2,682,-87.37512,19.87828
NSFC,41971280,K01,K01.1|K01.2,138,-3.161143,78.53111
NSFC,41971283,K01,K01.1,12,14.375579,51.123745
NSFC,41971285,K01,K01.1,12,14.375579,51.123745
NSFC,41971286,K01,K01.1|K01.2,99,-33.29918,31.227846
NSFC,41971287,K01,K01.1,12,14.375579,51.123745
NSFC,41971291,K01,K01.1,12,14.375579,51.123745
NSFC,41971292,K01,K01.1,39,20.261984,81.01796
NSFC,41971293,K01,K01.1,12,14.375579,51.123745
NSFC,41971295,K01,K01.1,39,20.261984,81.01796
NSFC,41971296,K01,K01.1|K01.2,99,-33.29918,31.227846
NSFC,41971303,K04,K04.1|K04.3,1008,-49.927742,-61.06891
NSFC,41971304,K01,K01.1|K01.2,99,-33.29918,31.227846
NSFC,41971305,K01,K01.1|K01.2,99,-33.29918,31.227846
NSFC,41971308,K01,K01.1,12,14.375579,51.123745
NSFC,41971309,K01,K01.1|K01.2,99,-33.29918,31.227846
NSFC,41971310,K04,K04.1|K04.2,894,-44.480824,-52.213844
NSFC,41971313,K01,K01.1,12,14.375579,51.123745
NSFC,41971319,K01,K01.1,12,14.375579,51.123745
NSFC,41971323,K01,K01.1,12,14.375579,51.123745
NSFC,41971328,K01,K01.1,12,14.375579,51.123745
NSFC,41971331,K02,K02.1,316,18.776417,29.321875
NSFC,41971332,K01,K01.1,39,20.261984,81.01796
NSFC,41971335,K01,K01.1|K01.2,99,-33.29918,31.227846
NSFC,41971336,K05,K05.1,1251,-11.196939,23.351313
NSFC,41971344,K01,K01.1,39,20.261984,81.01796
NSFC,41971345,K03,K03.1|K03.2,590,-55.595863,23.529802
NSFC,41971347,K04,K04.1,835,-35.96376,-58.353996
NSFC,41971351,K03,K03.2|K03.3,718,-96.26975,9.591977
NSFC,41971368,K03,K03.1,545,-65.73048,31.373583
NSFC,41971369,K05,K05.1,1226,-17.667458,17.008614
NSFC,41971372,K01,K01.1,60,-20.180223,71.100494
NSFC,41971373,K01,K01.1|K01.2,99,-33.29918,31.227846
NSFC,41971374,K01,K01.1,31,14.476121,95.10782
NSFC,41971378,K01,K01.1,39,20.261984,81.01796
NSFC,41971379,K01,K01.1,39,20.261984,81.01796
NSFC,41971381,K01,K01.1,31,14.476121,95.10782
NSFC,41971382,K03,K03.1|K03.2,585,-49.013214,-8.913674
NSFC,41971383,K03,K03.2,685,-80.91495,25.797888
NSFC,41971384,K01,K01.1,12,14.375579,51.123745
NSFC,41971386,K01,K01.1|K01.2,164,-11.930727,61.804245
NSFC,41971387,K02,K02.1,386,24.685783,-20.834702
NSFC,41971389,K02,K02.1,344,87.35569,-5.0151176
NSFC,41971390,K01,K01.1|K01.2,99,-33.29918,31.227846
NSFC,41971391,K01,K01.1|K01.2,99,-33.29918,31.227846
NSFC,41971392,K01,K01.2,207,-42.613377,46.514423
NSFC,41971394,K01,K01.1|K01.2,128,25.368574,65.552765
NSFC,41971399,K02,K02.1,274,60.085648,54.80682
NSFC,41971400,K01,K01.1,12,14.375579,51.123745
NSFC,41971403,K01,K01.1,12,14.375579,51.123745
NSFC,41971404,K03,K03.1|K03.2,598,-49.856182,8.842515
NSFC,41971405,K01,K01.1,12,14.375579,51.123745
NSFC,41971408,K01,K01.1|K01.2,138,-3.161143,78.53111
NSFC,41971409,K01,K01.1,27,-75.58461,49.768772
NSFC,41971413,K01,K01.1,12,14.375579,51.123745
NSFC,41971423,K01,K01.1,12,14.375579,51.123745
NSFC,41972030,K01,K01.1,39,20.5524,80.55298
NSFC,41972189,K01,K01.1,39,20.261984,81.01796
NSFC,41974003,K02,K02.1,360,43.295387,-37.07581
NSFC,41974067,K01,K01.1,39,20.261984,81.01796
NSFC,41974105,K03,K03.3,750,-75.82528,-15.6539345
NSFC,41974167,K01,K01.1|K01.2,78,-33.354725,77.21784
NSFC,41975004,K02,K02.1,285,41.370483,51.843845
NSFC,41975006,K01,K01.1,12,14.375579,51.123745
NSFC,41975011,K02,K02.1,285,41.370483,51.843845
NSFC,41975012,K02,K02.1|K02.2,464,71.34738,32.361897
NSFC,41975041,K01,K01.1|K01.2,99,-33.29918,31.227846
NSFC,41975095,K01,K01.1,39,20.52403,80.49218
NSFC,41975110,K02,K02.1,417,47.512535,29.974957
NSFC,41975112,K02,K02.1,386,24.685783,-20.834702
NSFC,41975113,K01,K01.1|K01.2,78,-33.354725,77.21784
NSFC,41975118,K01,K01.1,12,14.375579,51.123745
NSFC,41975120,K03,K03.1|K03.2|K03.3,628,-64.493454,7.39203
NSFC,41975139,K01,K01.1|K01.2,182,-40.222725,61.845383
NSFC,41975141,K03,K03.1|K03.3,663,-49.30861,8.623417
NSFC,41975147,K02,K02.1,295,0.09985375,-32.30974
NSFC,41975159,K02,K02.1,386,24.685783,-20.834702
NSFC,41975165,K02,K02.1,386,24.685783,-20.834702
NSFC,41975170,K01,K01.1|K01.2,175,-19.847883,85.19227
NSFC,41975178,K02,K02.2,502,84.232315,47.414974
NSFC,41976014,K02,K02.1,386,24.685783,-20.834702
NSFC,41976127,K02,K02.1,295,0.09985375,-32.30974
NSFC,41976134,K01,K01.1|K01.2,182,-40.22291,61.845802
NSFC,41976159,K02,K02.1,295,0.09985375,-32.30974
NSFC,41976163,K01,K01.1,12,14.375579,51.123745
NSFC,41976164,K01,K01.1|K01.2,99,-33.29918,31.227846
NSFC,41976166,K04,K04.3,1167,-72.614265,-65.46601
NSFC,41976170,K01,K01.1,12,14.375579,51.123745
NSFC,41976174,K01,K01.1,12,14.375579,51.123745
NSFC,41976190,K01,K01.1,51,-52.14721,85.10136
NSFC,41976199,K04,K04.1|K04.3,952,-24.112988,-16.429976
NSFC,41976206,K05,K05.1,1251,-11.439795,23.57318
NSFC,41976210,K03,K03.1,545,-65.73048,31.373583
NSFC,41976212,K01,K01.1|K01.2,99,-33.29918,31.227846
NSFC,41977042,K02,K02.1,244,10.121869,-34.630127
NSFC,41977116,K02,K02.1,295,0.09985375,-32.30974
NSFC,41977143,K03,K03.1|K03.2|K03.3,628,-64.493454,7.39203
NSFC,41977154,K01,K01.1,12,14.375579,51.123745
NSFC,41977155,K02,K02.1,308,64.86802,-41.58454
NSFC,41977181,K01,K01.1|K01.2,182,-40.22291,61.845802
NSFC,41977182,K02,K02.1,317,35.238163,20.82134
NSFC,41977184,K01,K01.1|K01.2,99,-33.29918,31.227846
NSFC,41977191,K02,K02.1|K02.2,475,67.92708,-6.45441
NSFC,41977201,K02,K02.1,308,64.86802,-41.58454
NSFC,41977209,K02,K02.1,386,24.685783,-20.834702
NSFC,41977215,K03,K03.3,762,-48.92114,14.857235
NSFC,41977220,K01,K01.1|K01.2,99,-33.29918,31.227846
NSFC,41977242,K03,K03.3,745,-90.94958,-1.596146
NSFC,41977246,K03,K03.3,750,-75.82528,-15.6539345
NSFC,41977255,K03,K03.2|K03.3,718,-96.26975,9.591977
NSFC,41977279,K02,K02.1,308,64.07929,-41.266254
NSFC,41977303,K02,K02.1,386,24.685783,-20.834702
NSFC,41977308,K02,K02.1,265,50.95586,-60.770424
NSFC,41977343,K02,K02.1,393,41.781555,-10.1886015
NSFC,41977360,K03,K03.3,772,-65.08696,9.510556
NSFC,41977364,K03,K03.3,772,-65.086815,9.510553
NSFC,41977367,K02,K02.1|K02.2,475,67.92708,-6.45441
NSFC,41977369,K02,K02.1|K02.2,475,67.92708,-6.45441
NSFC,41977371,K02,K02.1,250,20.815762,-43.169292
NSFC,41977374,K02,K02.1|K02.2,439,85.74276,44.895554
NSFC,41977375,K02,K02.1,386,24.685783,-20.834702
NSFC,41977377,K04,K04.3,1189,-28.24966,-39.025593
NSFC,41977383,K02,K02.1,397,30.570475,-0.4237033
NSFC,41977395,K02,K02.1,295,0.09985375,-32.30974
NSFC,41977396,K02,K02.1,295,0.09985375,-32.30974
NSFC,41977399,K02,K02.1,386,24.685783,-20.834702
NSFC,41977400,K02,K02.1,316,18.776417,29.321875
NSFC,41977401,K02,K02.1,316,18.776417,29.321875
NSFC,41977405,K03,K03.3,756,-73.63876,-11.841252
NSFC,41977409,K02,K02.1|K02.2,451,84.381294,8.2966175
NSFC,41977410,K02,K02.1,370,49.81332,-20.039185
NSFC,41977411,K02,K02.1,333,30.285156,14.30456
NSFC,41977415,K02,K02.1,268,5.3673463,-29.56101
NSFC,41977419,K01,K01.1|K01.2,128,25.368574,65.552765
NSFC,42001013,K02,K02.1,316,18.776417,29.321875
NSFC,42001021,K02,K02.1|K02.2,440,80.5774,-22.91089
NSFC,42001022,K01,K01.1,36,14.095393,68.45841
NSFC,42001025,K02,K02.1,251,29.92323,-44.61452
NSFC,42001026,K03,K03.1|K03.3,632,-61.952744,17.841133
NSFC,42001031,K02,K02.1|K02.2,454,83.44631,11.679398
NSFC,42001034,K02,K02.1,397,30.570475,-0.4237033
NSFC,42001036,K02,K02.1,274,60.085648,54.80682
NSFC,42001039,K03,K03.2|K03.3,718,-96.26975,9.591977
NSFC,42001042,K02,K02.1|K02.2,464,71.34738,32.361897
NSFC,42001045,K03,K03.1|K03.2,585,-49.013214,-8.913674
NSFC,42001064,K02,K02.1,354,81.3154,23.180264
NSFC,42001068,K03,K03.1|K03.2,581,-83.04252,16.620718
NSFC,42001078,K02,K02.1,386,24.685783,-20.834702
NSFC,42001081,K02,K02.1,295,0.09985375,-32.30974
NSFC,42001084,K01,K01.1|K01.2,161,-6.421317,65.3589
NSFC,42001089,K02,K02.1,295,0.09985375,-32.30974
NSFC,42001090,K02,K02.1|K02.2,443,79.289505,-18.790674
NSFC,42001091,K02,K02.1,295,0.09985375,-32.30974
NSFC,42001096,K03,K03.1|K03.3,641,-60.159885,-13.415741
NSFC,42001097,K02,K02.1,316,18.776417,29.321875
NSFC,42001103,K02,K02.1,295,0.09985375,-32.30974
NSFC,42001105,K04,K04.1|K04.3,1069,-5.287826,-51.10624
NSFC,42001108,K02,K02.1,285,41.370483,51.843845
NSFC,42001113,K03,K03.1|K03.2,585,-49.013214,-8.913674
NSFC,42001115,K02,K02.1,295,0.09985375,-32.30974
NSFC,42001119,K02,K02.1,397,30.570475,-0.4237033
NSFC,42001120,K02,K02.1,316,18.776417,29.321875
NSFC,42001123,K02,K02.1,316,18.776417,29.321875
NSFC,42001129,K01,K01.1|K01.2,138,-3.161143,78.53111
NSFC,42001130,K02,K02.1,386,24.685783,-20.834702
NSFC,42001133,K02,K02.1,386,24.685783,-20.834702
NSFC,42001134,K02,K02.1,316,18.776417,29.321875
NSFC,42001147,K02,K02.1,316,18.776417,29.321875
NSFC,42001164,K02,K02.1,346,81.779854,21.13198
NSFC,42001170,K02,K02.1,322,27.69136,17.136131
NSFC,42001172,K03,K03.3,750,-75.82528,-15.6539345
NSFC,42001173,K02,K02.1|K02.2,463,65.794334,25.299093
NSFC,42001174,K02,K02.1,337,21.285528,20.974422
NSFC,42001175,K02,K02.1,397,30.570475,-0.4237033
NSFC,42001176,K02,K02.1,316,18.776417,29.321875
NSFC,42001179,K02,K02.1,324,29.219711,15.378133
NSFC,42001180,K02,K02.1,316,18.776417,29.321875
NSFC,42001181,K02,K02.1,322,27.69136,17.136131
NSFC,42001182,K02,K02.1,386,24.685783,-20.834702
NSFC,42001183,K02,K02.1,316,18.776417,29.321875
NSFC,42001184,K01,K01.1,39,20.507414,80.4863
NSFC,42001186,K01,K01.1,39,20.529575,80.49026
NSFC,42001187,K02,K02.1,386,24.685783,-20.834702
NSFC,42001188,K02,K02.1,351,74.02283,15.109549
NSFC,42001189,K05,K05.1,1251,-12.6392765,23.87396
NSFC,42001191,K02,K02.1,316,18.776417,29.321875
NSFC,42001193,K05,K05.1,1251,-10.772584,23.070066
NSFC,42001194,K02,K02.1,379,55.35659,-18.869081
NSFC,42001197,K02,K02.1,417,47.512535,29.974957
NSFC,42001199,K02,K02.1,316,18.776417,29.321875
NSFC,42001202,K02,K02.1,416,56.26877,16.488243
NSFC,42001209,K05,K05.1,1251,-10.778152,23.07871
NSFC,42001210,K05,K05.1,1252,-0.387466,23.057775
NSFC,42001212,K02,K02.1,308,64.07929,-41.266254
NSFC,42001215,K04,K04.1|K04.3,1069,-5.288851,-51.10789
NSFC,42001217,K01,K01.1|K01.2,138,-3.161143,78.53111
NSFC,42001218,K02,K02.1,300,3.9471705,-15.864502
NSFC,42001219,K04,K04.1|K04.3,1055,-12.842013,-47.27488
NSFC,42001220,K03,K03.1|K03.2|K03.3,626,-49.59404,8.747359
NSFC,42001222,K03,K03.1|K03.2|K03.3,617,-58.44004,-2.1822505
NSFC,42001224,K03,K03.1|K03.2,594,-55.176796,20.25404
NSFC,42001225,K05,K05.1,1251,-11.767707,23.397383
NSFC,42001226,K01,K01.1|K01.2,138,-3.161143,78.53111
NSFC,42001234,K02,K02.1,316,18.776417,29.321875
NSFC,42001235,K03,K03.1|K03.2,590,-55.928383,23.05921
NSFC,42001239,K02,K02.1,316,18.776417,29.321875
NSFC,42001240,K04,K04.1|K04.3,1069,-5.287826,-51.10624
NSFC,42001241,K05,K05.1,1240,-12.302304,18.548285
NSFC,42001244,K02,K02.1,265,50.95586,-60.770424
NSFC,42001245,K04,K04.1|K04.3,1086,-22.657454,-66.1063
NSFC,42001246,K04,K04.1|K04.2,891,-5.737453,-74.63817
NSFC,42001247,K01,K01.1|K01.2,138,-1.3757802,78.42654
NSFC,42001251,K02,K02.1,333,30.285156,14.30456
NSFC,42001252,K02,K02.1,386,24.685783,-20.834702
NSFC,42001253,K06,K06.2,1558,18.406982,-2.9066153
NSFC,42001255,K03,K03.1,566,-75.87915,8.885165
NSFC,42001259,K02,K02.1,316,18.776417,29.321875
NSFC,42001260,K02,K02.1,295,0.09985375,-32.30974
NSFC,42001262,K03,K03.1|K03.2,595,-53.68573,23.024544
NSFC,42001263,K05,K05.2,1451,3.798404,0.42761847
NSFC,42001264,K02,K02.1,383,63.429207,-22.400599
NSFC,42001265,K01,K01.1|K01.2,138,-2.513632,76.98367
NSFC,42001268,K02,K02.1,316,18.776417,29.321875
NSFC,42001270,K01,K01.1|K01.2,155,7.612607,79.31988
NSFC,42001274,K01,K01.1,12,14.375579,51.123745
NSFC,42001276,K01,K01.1,39,21.627583,79.368225
NSFC,42001277,K01,K01.1|K01.2,108,-31.26793,38.371033
NSFC,42001281,K04,K04.1,812,-43.40729,-48.890713
NSFC,42001282,K01,K01.1|K01.2,99,-33.29918,31.227846
NSFC,42001283,K01,K01.1,39,17.873379,81.777
NSFC,42001290,K02,K02.1,285,41.370483,51.843845
NSFC,42001296,K01,K01.1|K01.2,99,-33.29918,31.227846
NSFC,42001299,K01,K01.1,31,14.476121,95.10782
NSFC,42001300,K01,K01.1,13,-6.2306414,41.88243
NSFC,42001305,K01,K01.1,12,14.375579,51.123745
NSFC,42001306,K01,K01.1,51,-52.14721,85.10136
NSFC,42001308,K01,K01.1,12,14.375579,51.123745
NSFC,42001310,K01,K01.1|K01.2,164,-11.930727,61.804245
NSFC,42001311,K01,K01.1,12,14.375579,51.123745
NSFC,42001317,K01,K01.1,12,14.375579,51.123745
NSFC,42001321,K01,K01.1|K01.2,121,-55.626812,61.800545
NSFC,42001326,K03,K03.1|K03.3,660,-62.523666,19.073654
NSFC,42001327,K01,K01.1|K01.2,138,-3.161143,78.53111
NSFC,42001330,K01,K01.2,212,-50.51855,62.660133
NSFC,42001331,K04,K04.1|K04.3,1008,-49.927742,-61.06891
NSFC,42001334,K04,K04.1|K04.3,1070,-4.775208,-55.479412
NSFC,42001347,K01,K01.1,12,14.375579,51.123745
NSFC,42001349,K02,K02.1,295,0.09985375,-32.30974
NSFC,42001356,K01,K01.1,12,14.375579,51.123745
NSFC,42001359,K02,K02.1|K02.2,440,80.5774,-22.91089
NSFC,42001363,K02,K02.1,285,41.370483,51.843845
NSFC,42001365,K01,K01.1,12,14.375579,51.123745
NSFC,42001366,K01,K01.1|K01.2,99,-33.29918,31.227846
NSFC,42001371,K01,K01.1|K01.2,99,-33.29918,31.227846
NSFC,42001373,K02,K02.1,314,11.014498,-17.82665
NSFC,42001377,K02,K02.1,274,60.71663,55.56429
NSFC,42001379,K01,K01.1,12,14.375579,51.123745
NSFC,42001381,K01,K01.1|K01.2,121,-55.626812,61.800545
NSFC,42001382,K01,K01.1|K01.2,99,-33.29918,31.227846
NSFC,42001383,K03,K03.3,745,-90.94958,-1.596146
NSFC,42001385,K01,K01.1|K01.2,138,-3.161143,78.53111
NSFC,42001386,K01,K01.1,31,15.104554,95.05168
NSFC,42001387,K01,K01.1|K01.2,138,-3.161143,78.53111
NSFC,42001390,K01,K01.1|K01.2,138,-3.161143,78.53111
NSFC,42001393,K01,K01.1,12,14.375579,51.123745
NSFC,42001399,K03,K03.2,685,-80.3981,26.16524
NSFC,42001404,K01,K01.1,12,14.375579,51.123745
NSFC,42002202,K01,K01.1|K01.2,174,-10.530542,54.517075
NSFC,42002264,K02,K02.1,265,50.95586,-60.770424
NSFC,42002267,K04,K04.2,1115,-22.23599,-31.771988
NSFC,42002290,K02,K02.1,250,20.815762,-43.169292
NSFC,42002304,K02,K02.1,295,0.09985375,-32.30974
NSFC,42005008,K02,K02.1,285,41.370483,51.843845
NSFC,42005010,K02,K02.1,360,43.295387,-37.07581
NSFC,42005036,K02,K02.1|K02.2,451,84.381294,8.2966175
NSFC,42005067,K02,K02.1,386,24.685783,-20.834702
NSFC,42005074,K02,K02.1,265,50.95586,-60.770424
NSFC,42005076,K02,K02.1,250,20.815762,-43.169292
NSFC,42005104,K01,K01.1,12,14.375579,51.123745
NSFC,42005116,K03,K03.3,741,-61.670895,-12.346128
NSFC,42005125,K01,K01.1,31,15.104554,95.05168
NSFC,42005129,K01,K01.1,51,-52.14721,85.10136
NSFC,42005136,K03,K03.2|K03.3,728,-56.838364,8.042309
NSFC,42005138,K01,K01.1|K01.2,175,-21.444876,84.26391
NSFC,42005143,K01,K01.1|K01.2,134,15.434038,68.48908
NSFC,42006126,K02,K02.1,386,24.685783,-20.834702
NSFC,42006138,K02,K02.1,316,18.776417,29.321875
NSFC,42006151,K02,K02.1,285,41.370483,51.843845
NSFC,42006162,K01,K01.1,12,14.375579,51.123745
NSFC,42006165,K01,K01.1,12,14.375579,51.123745
NSFC,42006184,K03,K03.1|K03.2,610,-70.70835,14.25368
NSFC,42006192,K01,K01.1|K01.2,99,-33.29918,31.227846
NSFC,42007006,K02,K02.1,308,64.07929,-41.266254
NSFC,42007042,K02,K02.1,295,0.09985375,-32.30974
NSFC,42007048,K02,K02.1,295,0.09985375,-32.30974
NSFC,42007049,K02,K02.1,295,0.09985375,-32.30974
NSFC,42007063,K02,K02.1,295,0.09985375,-32.30974
NSFC,42007095,K01,K01.1|K01.2,148,-0.40174574,75.028244
NSFC,42007111,K01,K01.1|K01.2,92,-11.063315,96.577385
NSFC,42007146,K02,K02.1,295,0.09985375,-32.30974
NSFC,42007160,K02,K02.1,274,60.71663,55.56429
NSFC,42007182,K02,K02.1,308,64.07929,-41.266254
NSFC,42007188,K02,K02.1,393,41.779507,-10.188074
NSFC,42007200,K02,K02.1,386,24.685783,-20.834702
NSFC,42007203,K03,K03.1|K03.3,660,-62.522354,19.075521
NSFC,42007204,K01,K01.1|K01.2,175,-21.444876,84.26391
NSFC,42007205,K02,K02.1,274,60.71663,55.56429
NSFC,42007216,K02,K02.1,250,20.815762,-43.169292
NSFC,42007271,K03,K03.3,769,-44.68506,2.9994094
NSFC,42007287,K01,K01.1|K01.2,175,-21.011894,85.1704
NSFC,42007294,K01,K01.1,36,14.095393,68.45841
NSFC,42007300,K02,K02.1,360,43.295387,-37.07581
NSFC,42007378,K01,K01.1|K01.2,175,-21.169548,84.923164
NSFC,42007379,K03,K03.3,762,-48.92114,14.857235
NSFC,42007384,K01,K01.1|K01.2,175,-21.163383,85.009605
NSFC,42007385,K03,K03.1|K03.3,668,-65.37729,7.637077
NSFC,42007386,K01,K01.2,224,-18.756405,88.07167
NSFC,42007388,K03,K03.1|K03.3,636,-63.24786,-2.6399517
NSFC,42007391,K02,K02.1,370,49.410263,-20.322906
NSFC,42007394,K02,K02.1|K02.2,475,67.92708,-6.45441
NSFC,42007400,K01,K01.1,31,15.104554,95.05168
NSFC,42007405,K01,K01.1,39,21.627583,79.368225
NSFC,42007412,K04,K04.1|K04.3,969,-23.443518,-25.449526
NSFC,42007414,K02,K02.1,415,48.777683,3.4641762
NSFC,42007415,K02,K02.1,275,77.93738,50.04157
NSFC,42007416,K03,K03.1|K03.3,665,-46.4583,4.966161
NSFC,42007417,K03,K03.2|K03.3,729,-64.52842,8.516488
NSFC,42007418,K02,K02.1,360,43.295387,-37.07581
NSFC,42007420,K03,K03.3,774,-68.60822,15.052134
NSFC,42007421,K01,K01.1|K01.2,184,-21.69492,71.904144
NSFC,42007422,K01,K01.1,27,-75.58461,49.768772
NSFC,42007423,K04,K04.1|K04.3,970,-24.151907,-21.165464
NSFC,42007425,K04,K04.1|K04.3,1055,-12.842013,-47.27488
NSFC,42061007,K02,K02.1,360,43.295387,-37.07581
NSFC,42061014,K02,K02.1,274,60.71663,55.56429
NSFC,42061020,K02,K02.1,295,0.09985375,-32.30974
NSFC,42061028,K01,K01.1|K01.2,184,-21.693825,71.9065
NSFC,42061036,K02,K02.1,295,0.09985375,-32.30974
NSFC,42061039,K02,K02.1,316,18.776417,29.321875
NSFC,42061040,K03,K03.1|K03.2,590,-55.091408,22.592583
NSFC,42061041,K01,K01.1|K01.2,138,-3.161143,78.53111
NSFC,42061042,K03,K03.3,762,-48.920906,14.857197
NSFC,42061044,K02,K02.1,386,24.685783,-20.834702
NSFC,42061045,K05,K05.1,1251,-11.294268,23.494953
NSFC,42061047,K03,K03.3,762,-48.92114,14.857235
NSFC,42061048,K05,K05.1|K05.3,1414,-6.2846766,4.937462
NSFC,42061051,K03,K03.1,545,-65.72231,31.407001
NSFC,42061052,K05,K05.1,1251,-10.794552,23.003729
NSFC,42061053,K02,K02.1,316,18.776417,29.321875
NSFC,42061064,K01,K01.1,12,14.375579,51.123745
NSFC,42061066,K01,K01.1|K01.2,99,-33.29918,31.227846
NSFC,42061069,K02,K02.1|K02.2,440,80.5774,-22.91089
NSFC,42061070,K02,K02.1,295,0.09985375,-32.30974
NSFC,42061071,K03,K03.3,750,-75.82528,-15.6539345
NSFC,42061073,K01,K01.1|K01.2,100,-52.13527,45.09965
NSFC,42061074,K02,K02.1,256,6.568905,31.623854
NSFC,42063001,K02,K02.1,386,24.685783,-20.834702
NSFC,42065010,K02,K02.1,285,41.370483,51.843845
NSFC,42067003,K01,K01.1,12,14.375579,51.123745
NSFC,42067022,K02,K02.1,295,0.09985375,-32.30974
NSFC,42067029,K01,K01.1|K01.2,99,-33.29918,31.227846
NSFC,42067031,K04,K04.1|K04.3,983,8.827075,-78.45932
NSFC,42067044,K04,K04.1,798,-9.607636,-70.04601
NSFC,42067056,K04,K04.1|K04.3,983,8.827075,-78.45932
NSFC,42067065,K03,K03.3,762,-48.920906,14.857197
NSFC,42071010,K03,K03.3,750,-75.82528,-15.6539345
NSFC,42071022,K02,K02.1|K02.2,451,84.381294,8.2966175
NSFC,42071024,K03,K03.1|K03.3,660,-62.522354,19.075521
NSFC,42071027,K02,K02.1,354,81.3154,23.180264
NSFC,42071028,K02,K02.1|K02.2,464,71.34738,32.361897
NSFC,42071042,K02,K02.1,295,0.09985375,-32.30974
NSFC,42071046,K03,K03.1|K03.2|K03.3,627,-47.778023,3.7884727
NSFC,42071051,K03,K03.1,544,-59.374184,14.0991535
NSFC,42071054,K02,K02.1,316,18.776417,29.321875
NSFC,42071055,K03,K03.1|K03.3,631,-61.197235,-2.425028
NSFC,42071057,K02,K02.1,386,24.685783,-20.834702
NSFC,42071058,K02,K02.1,295,0.09985375,-32.30974
NSFC,42071061,K02,K02.1|K02.2,440,80.5774,-22.91089
NSFC,42071068,K03,K03.3,762,-48.915485,14.855603
NSFC,42071076,K01,K01.1,49,-5.7144537,65.47118
NSFC,42071082,K01,K01.1,55,1.6717364,64.2797
NSFC,42071084,K01,K01.1,12,14.375579,51.123745
NSFC,42071089,K01,K01.1|K01.2,99,-33.29918,31.227846
NSFC,42071102,K02,K02.1,295,0.09985375,-32.30974
NSFC,42071104,K02,K02.1,295,0.09985375,-32.30974
NSFC,42071110,K02,K02.1,316,18.776417,29.321875
NSFC,42071115,K02,K02.1,295,0.09985375,-32.30974
NSFC,42071117,K02,K02.1,295,0.09985375,-32.30974
NSFC,42071120,K02,K02.1,308,64.07929,-41.266254
NSFC,42071123,K02,K02.1,316,18.776417,29.321875
NSFC,42071126,K02,K02.1|K02.2,440,80.5774,-22.91089
NSFC,42071131,K02,K02.1,295,0.09985375,-32.30974
NSFC,42071132,K02,K02.1,295,0.09985375,-32.30974
NSFC,42071133,K02,K02.1,370,48.66689,-19.956219
NSFC,42071135,K02,K02.1,295,0.09985375,-32.30974
NSFC,42071153,K03,K03.1|K03.2,590,-55.091408,22.592583
NSFC,42071156,K01,K01.1|K01.2,138,-3.161143,78.53111
NSFC,42071159,K02,K02.1,397,30.570475,-0.4237033
NSFC,42071171,K02,K02.1,417,47.512535,29.974957
NSFC,42071172,K01,K01.1,12,14.375579,51.123745
NSFC,42071176,K02,K02.1,351,74.02283,15.109549
NSFC,42071200,K01,K01.1,9,-11.192757,47.06905
NSFC,42071202,K02,K02.1,316,18.776417,29.321875
NSFC,42071203,K05,K05.1,1251,-11.800476,23.95223
NSFC,42071206,K02,K02.1,415,48.777683,3.4641762
NSFC,42071208,K02,K02.1,316,18.776417,29.321875
NSFC,42071209,K02,K02.1,316,18.776417,29.321875
NSFC,42071210,K02,K02.1|K02.2,452,84.6176,5.2965555
NSFC,42071212,K02,K02.1,316,18.776417,29.321875
NSFC,42071214,K05,K05.3,1523,-7.6221704,-10.070406
NSFC,42071215,K02,K02.1,316,18.776417,29.321875
NSFC,42071217,K02,K02.1,316,18.776417,29.321875
NSFC,42071219,K02,K02.1,316,18.776417,29.321875
NSFC,42071221,K02,K02.1,330,24.39686,16.413551
NSFC,42071222,K02,K02.1|K02.2,438,79.960464,7.3828506
NSFC,42071224,K02,K02.1,316,18.776417,29.321875
NSFC,42071225,K05,K05.1,1251,-10.690853,23.12185
NSFC,42071226,K02,K02.1,386,24.685783,-20.834702
NSFC,42071229,K02,K02.1,316,18.776417,29.321875
NSFC,42071230,K05,K05.1|K05.3,1393,-7.43284,13.486788
NSFC,42071232,K01,K01.1|K01.2,138,-3.161143,78.53111
NSFC,42071233,K03,K03.1|K03.2,606,-63.87329,6.2688293
NSFC,42071235,K02,K02.1,316,18.776417,29.321875
NSFC,42071238,K02,K02.1,295,0.09985375,-32.30974
NSFC,42071239,K02,K02.1,316,18.776417,29.321875
NSFC,42071241,K03,K03.1|K03.2,590,-55.928383,23.05921
NSFC,42071245,K05,K05.1,1270,-22.111357,20.448408
NSFC,42071247,K05,K05.3,1519,-3.5162182,-1.2123077
NSFC,42071248,K05,K05.1|K05.2,1339,-2.2840643,6.0672646
NSFC,42071251,K05,K05.1,1254,-4.7988906,20.185926
NSFC,42071252,K02,K02.1,295,0.09985375,-32.30974
NSFC,42071254,K05,K05.1|K05.3,1393,-7.43284,13.486788
NSFC,42071255,K01,K01.1|K01.2,138,-3.161143,78.53111
NSFC,42071256,K01,K01.1|K01.2,138,-3.161143,78.53111
NSFC,42071257,K05,K05.1|K05.3,1408,-7.527687,11.425606
NSFC,42071262,K05,K05.1,1251,-10.607774,23.465487
NSFC,42071263,K02,K02.1,316,18.776417,29.321875
NSFC,42071267,K04,K04.1|K04.3,1078,-5.2843385,-59.324284
NSFC,42071268,K02,K02.1,295,0.09985375,-32.30974
NSFC,42071273,K05,K05.1|K05.3,1378,-18.147272,2.4124627
NSFC,42071274,K02,K02.1|K02.2,459,87.29394,-2.372548
NSFC,42071278,K03,K03.3,774,-68.60822,15.052134
NSFC,42071280,K02,K02.1,316,18.776417,29.321875
NSFC,42071281,K05,K05.1|K05.2,1301,-2.318425,6.4265447
NSFC,42071283,K05,K05.2,1451,3.7995145,0.4278215
NSFC,42071284,K05,K05.1,1251,-10.777541,23.113005
NSFC,42071285,K05,K05.2|K05.3,1484,2.167114,0.3982699
NSFC,42071286,K01,K01.1|K01.2,121,-55.626812,61.800545
NSFC,42071287,K05,K05.1|K05.2,1325,-0.40248084,11.056342
NSFC,42071288,K02,K02.1,295,0.09985375,-32.30974
NSFC,42071290,K02,K02.1,316,18.776417,29.321875
NSFC,42071293,K03,K03.1|K03.2,596,-56.733707,21.870283
NSFC,42071294,K02,K02.1,316,18.776417,29.321875
NSFC,42071298,K01,K01.1,12,14.375579,51.123745
NSFC,42071300,K03,K03.1,538,-81.80077,10.307721
NSFC,42071303,K01,K01.1,12,14.375579,51.123745
NSFC,42071305,K01,K01.1,12,14.375579,51.123745
NSFC,42071307,K01,K01.1|K01.2,138,-3.161143,78.53111
NSFC,42071311,K01,K01.1,12,14.375579,51.123745
NSFC,42071312,K01,K01.1,12,14.375579,51.123745
NSFC,42071314,K01,K01.1|K01.2,99,-33.29918,31.227846
NSFC,42071316,K01,K01.1,12,14.375579,51.123745
NSFC,42071325,K04,K04.1|K04.2|K04.3,931,-48.546803,-57.86253
NSFC,42071327,K03,K03.1,538,-81.80077,10.307721
NSFC,42071332,K04,K04.3,1167,-72.62503,-65.479195
NSFC,42071333,K01,K01.1,13,-6.2306414,41.88243
NSFC,42071336,K01,K01.1|K01.2,99,-33.29918,31.227846
NSFC,42071337,K01,K01.1,12,14.375579,51.123745
NSFC,42071338,K01,K01.1|K01.2,99,-33.29918,31.227846
NSFC,42071341,K01,K01.1|K01.2,99,-33.29918,31.227846
NSFC,42071342,K01,K01.1|K01.2,175,-21.444876,84.26391
NSFC,42071344,K01,K01.1,38,-1.047483,56.81852
NSFC,42071345,K01,K01.1,12,14.375579,51.123745
NSFC,42071346,K01,K01.1,12,14.375579,51.123745
NSFC,42071347,K01,K01.1,12,14.375579,51.123745
NSFC,42071348,K01,K01.1,12,14.375579,51.123745
NSFC,42071349,K01,K01.1,12,14.375579,51.123745
NSFC,42071352,K01,K01.1,12,14.375579,51.123745
NSFC,42071353,K01,K01.1|K01.2,99,-33.29918,31.227846
NSFC,42071356,K03,K03.1|K03.2,590,-55.928383,23.05921
NSFC,42071358,K02,K02.1,316,18.776417,29.321875
NSFC,42071359,K01,K01.1|K01.2,164,-11.930727,61.804245
NSFC,42071364,K03,K03.3,750,-75.82528,-15.6539345
NSFC,42071373,K01,K01.1,60,-20.180399,71.100716
NSFC,42071378,K02,K02.1|K02.2,451,84.381294,8.2966175
NSFC,42071380,K04,K04.1|K04.3,1008,-49.46272,-62.276188
NSFC,42071385,K02,K02.1,275,77.93738,50.04157
NSFC,42071386,K04,K04.1|K04.3,1008,-49.56196,-61.703064
NSFC,42071387,K01,K01.1|K01.2,99,-33.29918,31.227846
NSFC,42071388,K01,K01.1,31,15.104554,95.05168
NSFC,42071390,K02,K02.1,274,60.71663,55.56429
NSFC,42071391,K01,K01.1|K01.2,99,-33.29918,31.227846
NSFC,42071392,K01,K01.1|K01.2,100,-52.13527,45.09965
NSFC,42071393,K01,K01.1|K01.2,99,-33.29918,31.227846
NSFC,42071394,K02,K02.1,344,87.35569,-5.0151176
NSFC,42071398,K03,K03.1|K03.2,606,-63.871628,6.2685175
NSFC,42071399,K01,K01.1,12,14.375579,51.123745
NSFC,42071401,K02,K02.1,285,41.370483,51.843845
NSFC,42071409,K01,K01.1|K01.2,99,-33.29918,31.227846
NSFC,42071415,K02,K02.1|K02.2,451,84.381294,8.2966175
NSFC,42071417,K01,K01.1,12,14.375579,51.123745
NSFC,42071418,K01,K01.1,39,21.627583,79.368225
NSFC,42071419,K01,K01.1|K01.2,138,-3.161143,78.53111
NSFC,42071421,K03,K03.2|K03.3,710,-62.64734,-4.2446156
NSFC,42071422,K03,K03.2,682,-87.37512,19.87828
NSFC,42071424,K01,K01.1,39,21.627583,79.368225
NSFC,42071425,K01,K01.1|K01.2,99,-33.29918,31.227846
NSFC,42071432,K01,K01.1,12,14.375579,51.123745
NSFC,42071433,K01,K01.1,55,1.6717364,64.2797
NSFC,42071434,K04,K04.1|K04.3,1009,-58.96228,-54.753933
NSFC,42071441,K04,K04.1|K04.3,1008,-49.46272,-62.276188
NSFC,42071453,K04,K04.1,813,-39.533604,-53.728546
NSFC,42072249,K03,K03.3,762,-48.915485,14.855603
NSFC,42072279,K01,K01.1|K01.2,92,-11.063315,96.577385
NSFC,42072302,K03,K03.3,741,-61.670895,-12.346128
NSFC,42072319,K02,K02.1,250,20.815762,-43.169292
NSFC,42074041,K01,K01.1,12,14.375579,51.123745
NSFC,42074054,K03,K03.1|K03.2|K03.3,620,-91.77283,9.497683
NSFC,42074176,K01,K01.1,10,-9.378735,97.45452
NSFC,42075023,K02,K02.1|K02.2,475,67.92708,-6.45441
NSFC,42075044,K03,K03.1|K03.2,610,-70.70835,14.25368
NSFC,42075061,K03,K03.1,535,-84.78861,7.366097
NSFC,42075070,K02,K02.1,285,41.370483,51.843845
NSFC,42075090,K02,K02.1,295,0.09985375,-32.30974
NSFC,42075097,K02,K02.1,274,60.71663,55.56429
NSFC,42075111,K02,K02.1,386,24.685783,-20.834702
NSFC,42075118,K02,K02.1,310,5.444364,32.476498
NSFC,42075119,K02,K02.1,295,0.09985375,-32.30974
NSFC,42075126,K01,K01.1,12,14.375579,51.123745
NSFC,42075144,K02,K02.1,386,24.685783,-20.834702
NSFC,42075147,K01,K01.1,11,1.546894,65.96808
NSFC,42075164,K03,K03.1|K03.2,585,-49.013214,-8.913674
NSFC,42075167,K03,K03.1|K03.3,649,-82.157364,-0.36845645
NSFC,42075170,K03,K03.1|K03.3,649,-82.157364,-0.36845645
NSFC,42075171,K02,K02.1,354,81.3154,23.180264
NSFC,42075172,K02,K02.1,415,48.777683,3.4641762
NSFC,42075173,K03,K03.2|K03.3,718,-96.26975,9.591977
NSFC,42075174,K02,K02.1,316,18.776417,29.321875
NSFC,42075176,K01,K01.1|K01.2,175,-21.011894,85.1704
NSFC,42075178,K02,K02.1|K02.2,475,67.92708,-6.45441
NSFC,42075179,K02,K02.1,344,87.35569,-5.0151176
NSFC,42075182,K01,K01.2,207,-42.613377,46.514423
NSFC,42076058,K01,K01.1|K01.2,138,-3.161143,78.53111
NSFC,42076065,K01,K01.1|K01.2,128,25.368574,65.552765
NSFC,42076097,K02,K02.1,316,18.776417,29.321875
NSFC,42076117,K02,K02.1,316,18.776417,29.321875
NSFC,42076128,K02,K02.1,308,64.07929,-41.266254
NSFC,42076138,K02,K02.1,360,43.295387,-37.07581
NSFC,42076154,K02,K02.1,285,41.370483,51.843845
NSFC,42076163,K06,K06.2,1549,14.4595585,-6.522608
NSFC,42076181,K02,K02.1,275,77.93738,50.04157
NSFC,42076186,K01,K01.1,13,-6.2306414,41.88243
NSFC,42076187,K02,K02.1,274,60.71663,55.56429
NSFC,42076188,K01,K01.1,12,14.375579,51.123745
NSFC,42076201,K03,K03.3,745,-90.94958,-1.596146
NSFC,42076207,K02,K02.1,316,18.776417,29.321875
NSFC,42076208,K02,K02.1,386,24.685783,-20.834702
NSFC,42076221,K05,K05.1|K05.2,1295,3.9977732,3.7652054
NSFC,42076233,K02,K02.1,316,18.776417,29.321875
NSFC,42076235,K01,K01.1|K01.2,99,-33.29918,31.227846
NSFC,42077043,K02,K02.1,370,49.410263,-20.322906
NSFC,42077080,K02,K02.1,386,24.685783,-20.834702
NSFC,42077086,K02,K02.1,295,0.09985375,-32.30974
NSFC,42077118,K02,K02.1,265,50.95586,-60.770424
NSFC,42077129,K02,K02.1,295,0.09985375,-32.30974
NSFC,42077140,K01,K01.1|K01.2,182,-40.222748,61.845222
NSFC,42077154,K02,K02.1,397,30.570475,-0.4237033
NSFC,42077194,K02,K02.1|K02.2,475,67.92708,-6.45441
NSFC,42077196,K02,K02.1,344,87.35569,-5.0151176
NSFC,42077204,K01,K01.2,224,-18.756405,88.07167
NSFC,42077207,K02,K02.1,316,18.776417,29.321875
NSFC,42077223,K02,K02.1,386,24.685783,-20.834702
NSFC,42077225,K02,K02.1,386,24.685783,-20.834702
NSFC,42077227,K02,K02.1,386,24.685783,-20.834702
NSFC,42077232,K03,K03.2|K03.3,714,-91.86555,15.656811
NSFC,42077233,K01,K01.1|K01.2,99,-33.29918,31.227846
NSFC,42077245,K03,K03.1,533,-59.14168,-13.603583
NSFC,42077318,K01,K01.1|K01.2,175,-20.648441,85.50569
NSFC,42077338,K02,K02.1,360,43.295387,-37.07581
NSFC,42077356,K02,K02.1,386,24.685783,-20.834702
NSFC,42077366,K02,K02.1,285,41.370483,51.843845
NSFC,42077375,K02,K02.1,387,39.600754,-11.534459
NSFC,42077377,K02,K02.1|K02.2,448,69.160324,-38.952698
NSFC,42077380,K02,K02.1,240,33.5258,-58.960106
NSFC,42077383,K03,K03.3,741,-61.67101,-12.346121
NSFC,42077384,K01,K01.1|K01.2,175,-21.011894,85.1704
NSFC,42077387,K02,K02.2,515,67.28554,-11.280662
NSFC,42077389,K01,K01.1|K01.2,175,-21.011894,85.1704
NSFC,42077392,K01,K01.1|K01.2,183,-22.913275,71.708
NSFC,42077398,K02,K02.2,515,67.28554,-11.280662
NSFC,42077418,K03,K03.1,535,-84.78861,7.366097
NSFC,42077420,K02,K02.1|K02.2,474,64.08986,-21.765759
NSFC,42077421,K01,K01.1|K01.2,175,-20.655478,85.49853
NSFC,42077429,K02,K02.1,386,24.685783,-20.834702
NSFC,42077431,K02,K02.1,288,38.658134,47.970825
NSFC,42077432,K04,K04.1|K04.3,1069,-5.287856,-51.107937
NSFC,42077436,K03,K03.2|K03.3,707,-58.966606,-3.4093258
NSFC,42077438,K01,K01.1|K01.2,100,-52.568203,44.94751
NSFC,42077442,K05,K05.1|K05.3,1383,-12.58587,1.8070713
NSFC,42077443,K03,K03.3,745,-90.94958,-1.596146
NSFC,42077445,K04,K04.1|K04.2,909,-24.534143,-60.555508
NSFC,42077451,K03,K03.2,692,-46.49271,-7.636593
NSFC,42101020,K02,K02.1|K02.2,431,46.7218,-59.910496
NSFC,42101023,K03,K03.1|K03.2|K03.3,622,-46.407608,-10.0553255
NSFC,42101030,K03,K03.1|K03.3,644,-83.5963,0.8593297
NSFC,42101032,K02,K02.1,308,64.07929,-41.266254
NSFC,42101033,K01,K01.1,51,-52.14721,85.10136
NSFC,42101034,K03,K03.2,694,-43.875904,20.697796
NSFC,42101035,K03,K03.1|K03.3,649,-82.15795,-0.36691606
NSFC,42101037,K02,K02.1|K02.2,440,80.5774,-22.91089
NSFC,42101040,K01,K01.1,51,-52.14721,85.10136
NSFC,42101041,K02,K02.1,386,24.685783,-20.834702
NSFC,42101049,K02,K02.1,317,35.23826,20.821253
NSFC,42101054,K01,K01.1|K01.2,121,-55.626812,61.800545
NSFC,42101056,K02,K02.1,360,43.295387,-37.07581
NSFC,42101063,K02,K02.1,295,0.09985375,-32.30974
NSFC,42101064,K01,K01.1,27,-75.58461,49.768772
NSFC,42101072,K02,K02.1,295,0.09985375,-32.30974
NSFC,42101075,K03,K03.1|K03.2|K03.3,627,-47.778023,3.7884727
NSFC,42101082,K01,K01.1|K01.2,128,25.368574,65.552765
NSFC,42101091,K02,K02.1,317,35.23826,20.821253
NSFC,42101093,K02,K02.1,316,18.776417,29.321875
NSFC,42101094,K02,K02.1,316,18.776417,29.321875
NSFC,42101095,K04,K04.1|K04.2,915,-36.15911,-43.92254
NSFC,42101096,K02,K02.1,316,18.776417,29.321875
NSFC,42101097,K02,K02.1,295,0.09985375,-32.30974
NSFC,42101107,K03,K03.1|K03.2|K03.3,622,-46.407795,-10.05551
NSFC,42101109,K02,K02.1|K02.2,440,80.5774,-22.91089
NSFC,42101110,K02,K02.1,304,4.2151175,-28.48531
NSFC,42101113,K05,K05.1,1241,-11.226876,19.441597
NSFC,42101115,K02,K02.1|K02.2,440,80.5774,-22.91089
NSFC,42101116,K02,K02.1,344,87.35569,-5.0151176
NSFC,42101117,K02,K02.1,308,64.07929,-41.266254
NSFC,42101122,K02,K02.1,316,18.776417,29.321875
NSFC,42101124,K01,K01.1|K01.2,175,-21.447084,84.27143
NSFC,42101128,K03,K03.3,772,-65.08696,9.510556
NSFC,42101135,K02,K02.1,354,81.3154,23.180264
NSFC,42101138,K02,K02.1,295,0.09985375,-32.30974
NSFC,42101141,K02,K02.1,285,41.370483,51.843845
NSFC,42101149,K02,K02.1,295,0.09985375,-32.30974
NSFC,42101157,K02,K02.1,285,41.370483,51.843845
NSFC,42101160,K02,K02.1|K02.2,451,84.381294,8.2966175
NSFC,42101167,K02,K02.1,405,47.614323,-8.042907
NSFC,42101169,K02,K02.1,351,74.02283,15.109549
NSFC,42101170,K05,K05.1,1251,-10.6568365,23.520134
NSFC,42101174,K02,K02.1,354,81.3154,23.180264
NSFC,42101183,K02,K02.1|K02.2,451,84.381294,8.2966175
NSFC,42101184,K02,K02.1,344,87.35569,-5.0151176
NSFC,42101187,K02,K02.1,397,30.570475,-0.4237033
NSFC,42101189,K01,K01.1|K01.2,161,-6.421317,65.3589
NSFC,42101190,K02,K02.1,316,18.776417,29.321875
NSFC,42101191,K02,K02.1,370,49.410263,-20.322906
NSFC,42101193,K01,K01.1|K01.2,160,7.3153043,76.12972
NSFC,42101194,K02,K02.1,344,87.35569,-5.0151176
NSFC,42101195,K02,K02.1,415,48.777683,3.4641762
NSFC,42101196,K02,K02.1,397,30.570475,-0.4237033
NSFC,42101199,K02,K02.1|K02.2,435,58.000957,-15.824079
NSFC,42101200,K02,K02.1,316,18.776417,29.321875
NSFC,42101202,K04,K04.1,856,-7.3752246,-52.172306
NSFC,42101206,K02,K02.1,316,18.776417,29.321875
NSFC,42101208,K02,K02.1,383,63.4271,-22.402346
NSFC,42101210,K02,K02.1,316,18.776417,29.321875
NSFC,42101211,K02,K02.1,316,18.776417,29.321875
NSFC,42101215,K01,K01.1|K01.2,138,-3.161143,78.53111
NSFC,42101216,K05,K05.1|K05.2,1335,1.894366,7.0647235
NSFC,42101217,K02,K02.1,316,18.776417,29.321875
NSFC,42101219,K02,K02.1,351,74.02283,15.109549
NSFC,42101242,K01,K01.1|K01.2,139,4.8050323,79.007835
NSFC,42101243,K01,K01.1,39,21.627583,79.368225
NSFC,42101244,K01,K01.1|K01.2,146,-2.8922288,73.07097
NSFC,42101250,K05,K05.1,1251,-12.637454,23.83309
NSFC,42101251,K03,K03.1|K03.3,660,-62.522354,19.075521
NSFC,42101253,K02,K02.1,405,47.614323,-8.042907
NSFC,42101256,K01,K01.1,46,8.955781,79.66593
NSFC,42101257,K02,K02.1,316,18.776417,29.321875
NSFC,42101264,K02,K02.1,334,30.100164,14.369863
NSFC,42101265,K02,K02.1,316,18.776417,29.321875
NSFC,42101267,K02,K02.1,316,18.776417,29.321875
NSFC,42101268,K02,K02.1,397,30.570475,-0.4237033
NSFC,42101269,K04,K04.1|K04.3,1055,-12.842013,-47.27488
NSFC,42101271,K02,K02.1,316,18.776417,29.321875
NSFC,42101272,K02,K02.1,316,18.776417,29.321875
NSFC,42101273,K04,K04.1|K04.3,1062,-13.274135,-51.797436
NSFC,42101274,K05,K05.1,1194,-14.737679,6.9971986
NSFC,42101275,K03,K03.1|K03.2,590,-55.091408,22.592583
NSFC,42101276,K01,K01.1|K01.2,131,-4.1255875,73.41761
NSFC,42101278,K02,K02.1,397,30.570475,-0.4237033
NSFC,42101280,K02,K02.1|K02.2,430,27.710907,-43.984592
NSFC,42101282,K05,K05.1,1251,-11.247544,23.468864
NSFC,42101284,K05,K05.1,1251,-10.591144,23.52533
NSFC,42101288,K05,K05.1,1251,-12.593228,23.84971
NSFC,42101290,K01,K01.1,36,14.095393,68.45841
NSFC,42101292,K02,K02.1,316,18.776417,29.321875
NSFC,42101293,K01,K01.1|K01.2,190,-19.793913,53.842712
NSFC,42101295,K02,K02.1,386,24.685783,-20.834702
NSFC,42101296,K03,K03.1,545,-65.73048,31.373583
NSFC,42101298,K05,K05.2,1451,3.7993176,0.42696384
NSFC,42101299,K04,K04.1|K04.3,1069,-5.288851,-51.10789
NSFC,42101301,K02,K02.1,397,30.570475,-0.4237033
NSFC,42101303,K05,K05.1,1242,-11.375757,19.033646
NSFC,42101304,K04,K04.1|K04.3,1097,-36.479107,-36.181244
NSFC,42101306,K02,K02.1,316,18.776417,29.321875
NSFC,42101309,K01,K01.1|K01.2,138,-3.161143,78.53111
NSFC,42101311,K02,K02.1,285,41.370483,51.843845
NSFC,42101312,K05,K05.2,1451,3.7994142,0.42699674
NSFC,42101314,K01,K01.1|K01.2,134,15.434038,68.48908
NSFC,42101319,K01,K01.1|K01.2,99,-33.29918,31.227846
NSFC,42101320,K01,K01.1,12,14.375579,51.123745
NSFC,42101322,K01,K01.1|K01.2,138,-3.161143,78.53111
NSFC,42101323,K01,K01.1,31,15.104554,95.05168
NSFC,42101324,K01,K01.1,21,-4.4883776,42.757767
NSFC,42101326,K02,K02.1,316,18.776417,29.321875
NSFC,42101328,K01,K01.1,31,15.104554,95.05168
NSFC,42101330,K01,K01.1,12,14.375579,51.123745
NSFC,42101331,K02,K02.1,308,64.07929,-41.266254
NSFC,42101333,K04,K04.1|K04.3,1008,-49.46272,-62.276188
NSFC,42101336,K01,K01.1|K01.2,121,-55.626812,61.800545
NSFC,42101337,K04,K04.3,1167,-72.61467,-65.46665
NSFC,42101339,K02,K02.1,316,18.776417,29.321875
NSFC,42101343,K01,K01.1,39,21.627583,79.368225
NSFC,42101345,K02,K02.1|K02.2,451,84.381294,8.2966175
NSFC,42101347,K01,K01.1,12,14.375579,51.123745
NSFC,42101352,K03,K03.2,682,-87.37512,19.87828
NSFC,42101353,K01,K01.1,39,21.627583,79.368225
NSFC,42101354,K02,K02.1,344,88.31449,-4.3073583
NSFC,42101355,K01,K01.1|K01.2,174,-10.529931,54.513634
NSFC,42101362,K01,K01.1,12,14.375579,51.123745
NSFC,42101365,K01,K01.1,12,14.375579,51.123745
NSFC,42101366,K01,K01.1|K01.2,99,-33.29918,31.227846
NSFC,42101367,K01,K01.1|K01.2,100,-52.56035,44.935486
NSFC,42101370,K03,K03.2,682,-87.374374,19.878603
NSFC,42101377,K01,K01.1,12,14.375579,51.123745
NSFC,42101378,K01,K01.1,12,14.375579,51.123745
NSFC,42101379,K01,K01.1|K01.2,137,-1.0582185,56.851326
NSFC,42101382,K01,K01.1,12,14.375579,51.123745
NSFC,42101383,K04,K04.3,1167,-72.62503,-65.479195
NSFC,42101384,K01,K01.1,12,14.375579,51.123745
NSFC,42101387,K01,K01.1,12,14.375579,51.123745
NSFC,42101388,K01,K01.1|K01.2,99,-33.29918,31.227846
NSFC,42101391,K01,K01.1|K01.2,129,21.974234,66.728584
NSFC,42101393,K02,K02.1,295,0.09985375,-32.30974
NSFC,42101396,K01,K01.1,12,14.375579,51.123745
NSFC,42101399,K01,K01.1,31,15.104554,95.05168
NSFC,42101402,K02,K02.1,274,60.71663,55.56429
NSFC,42101405,K02,K02.1,274,60.71663,55.56429
NSFC,42101406,K04,K04.1|K04.2|K04.3,945,-26.757105,-76.1889
NSFC,42101407,K01,K01.1|K01.2,128,25.368574,65.552765
NSFC,42101412,K01,K01.1|K01.2,128,25.368574,65.552765
NSFC,42101414,K01,K01.1|K01.2,100,-52.13527,45.09965
NSFC,42101416,K03,K03.1|K03.3,649,-82.15795,-0.36691606
NSFC,42101417,K03,K03.1|K03.2,590,-55.091408,22.592583
NSFC,42101418,K01,K01.1|K01.2,138,-3.161143,78.53111
NSFC,42101422,K03,K03.1|K03.3,660,-62.526184,19.078377
NSFC,42101427,K05,K05.1,1251,-10.80251,23.061625
NSFC,42101430,K03,K03.1,545,-65.72231,31.407001
NSFC,42101437,K01,K01.1|K01.2,145,-2.4193459,73.108025
NSFC,42101438,K05,K05.1,1251,-12.046268,23.683077
NSFC,42101450,K01,K01.1|K01.2,99,-33.29918,31.227846
NSFC,42101456,K01,K01.1,12,14.375579,51.123745
NSFC,42101459,K01,K01.1|K01.2,160,7.315313,76.13038
NSFC,42101460,K02,K02.1,360,43.295387,-37.07581
NSFC,42101462,K03,K03.2,694,-43.875904,20.697796
NSFC,42101463,K03,K03.2,685,-80.3981,26.16524
NSFC,42101464,K01,K01.1,27,-75.58461,49.768772
NSFC,42101465,K02,K02.1,322,27.69136,17.136131
NSFC,42101469,K01,K01.1,12,14.375579,51.123745
NSFC,42101472,K01,K01.1,39,21.627583,79.368225
NSFC,42101475,K01,K01.1,12,14.375579,51.123745
NSFC,42104016,K03,K03.3,750,-75.82528,-15.6539345
NSFC,42105035,K02,K02.1|K02.2,437,85.4325,46.95821
NSFC,42105040,K02,K02.1,316,18.776417,29.321875
NSFC,42105071,K02,K02.1,386,24.685783,-20.834702
NSFC,42105083,K02,K02.1,285,41.370483,51.843845
NSFC,42105093,K02,K02.1,344,88.31449,-4.3073583
NSFC,42105094,K01,K01.1|K01.2,99,-33.29918,31.227846
NSFC,42105098,K02,K02.1,274,60.71663,55.56429
NSFC,42105100,K01,K01.1|K01.2,121,-55.626812,61.800545
NSFC,42105103,K02,K02.1,386,24.685783,-20.834702
NSFC,42105104,K02,K02.1,316,18.776417,29.321875
NSFC,42105116,K02,K02.1,295,0.09985375,-32.30974
NSFC,42105123,K01,K01.1,12,14.375579,51.123745
NSFC,42105124,K01,K01.1,12,14.375579,51.123745
NSFC,42105128,K01,K01.1|K01.2,99,-33.29918,31.227846
NSFC,42105129,K04,K04.3,1167,-72.62503,-65.479195
NSFC,42105147,K02,K02.1,386,24.685783,-20.834702
NSFC,42105155,K01,K01.1,39,21.627583,79.368225
NSFC,42105157,K03,K03.1|K03.2,577,-63.307053,5.4015923
NSFC,42105158,K03,K03.1|K03.2,581,-83.0411,16.622158
NSFC,42105159,K01,K01.1|K01.2,184,-21.69492,71.904144
NSFC,42105160,K02,K02.1,308,62.616093,-41.798744
NSFC,42105166,K02,K02.1,386,24.685783,-20.834702
NSFC,42105168,K02,K02.1,386,24.685783,-20.834702
NSFC,42105169,K06,K06.2,1563,15.023125,-3.3893137
NSFC,42105170,K02,K02.1,316,18.776417,29.321875
NSFC,42105174,K01,K01.1,51,-52.14721,85.10136
NSFC,42106092,K02,K02.1,295,0.09985375,-32.30974
NSFC,42106112,K03,K03.2,685,-80.3981,26.16524
NSFC,42106141,K02,K02.1,295,0.09985375,-32.30974
NSFC,42106169,K02,K02.1,285,41.370483,51.843845
NSFC,42106173,K01,K01.1|K01.2,99,-33.29918,31.227846
NSFC,42106174,K01,K01.1|K01.2,99,-33.29918,31.227846
NSFC,42106176,K01,K01.1,12,14.375579,51.123745
NSFC,42106179,K01,K01.1,12,14.375579,51.123745
NSFC,42106197,K02,K02.1,386,24.685783,-20.834702
NSFC,42106200,K03,K03.3,762,-48.915485,14.855603
NSFC,42106204,K03,K03.1,545,-65.47673,31.658333
NSFC,42106215,K02,K02.1,300,3.9471705,-15.864502
NSFC,42106221,K02,K02.1,274,60.71663,55.56429
NSFC,42106225,K04,K04.3,1167,-72.62503,-65.479195
NSFC,42107004,K02,K02.1,295,0.09985375,-32.30974
NSFC,42107021,K05,K05.2,1439,6.356313,8.536934
NSFC,42107045,K02,K02.1,265,50.95586,-60.770424
NSFC,42107065,K02,K02.1,235,27.163996,-61.750576
NSFC,42107087,K04,K04.2,1126,-11.501689,-53.55902
NSFC,42107106,K03,K03.2,685,-80.3981,26.16524
NSFC,42107110,K02,K02.1,360,43.295387,-37.07581
NSFC,42107119,K01,K01.1|K01.2,121,-55.626812,61.800545
NSFC,42107120,K02,K02.1,386,24.685783,-20.834702
NSFC,42107127,K01,K01.1,55,1.6717364,64.2797
NSFC,42107129,K02,K02.1,265,50.95586,-60.770424
NSFC,42107130,K02,K02.1,397,30.570475,-0.4237033
NSFC,42107131,K02,K02.1,285,41.370483,51.843845
NSFC,42107150,K02,K02.1,265,50.95586,-60.770424
NSFC,42107165,K01,K01.1|K01.2,99,-33.29918,31.227846
NSFC,42107176,K03,K03.3,741,-61.670895,-12.346128
NSFC,42107189,K03,K03.3,750,-75.82528,-15.6539345
NSFC,42107204,K03,K03.3,762,-48.915485,14.855603
NSFC,42107268,K02,K02.1,262,24.237913,-36.675396
NSFC,42107274,K01,K01.2,218,-1.3787869,85.43857
NSFC,42107280,K02,K02.1,386,24.685783,-20.834702
NSFC,42107287,K02,K02.1,386,24.685783,-20.834702
NSFC,42107299,K03,K03.3,767,-70.95446,-11.580265
NSFC,42107308,K02,K02.1,386,24.685783,-20.834702
NSFC,42107316,K02,K02.1,383,63.4271,-22.402346
NSFC,42107317,K02,K02.1,316,18.776417,29.321875
NSFC,42107391,K02,K02.1,386,24.685783,-20.834702
NSFC,42107396,K02,K02.1,250,20.815762,-43.169292
NSFC,42107400,K02,K02.1,386,24.685783,-20.834702
NSFC,42107404,K03,K03.1,555,-64.854965,5.1000943
NSFC,42107408,K02,K02.1,386,24.685783,-20.834702
NSFC,42107421,K02,K02.1,360,43.295387,-37.07581
NSFC,42107427,K02,K02.1,235,27.163996,-61.750576
NSFC,42107437,K02,K02.1,250,20.815762,-43.169292
NSFC,42107454,K03,K03.1|K03.3,641,-60.159885,-13.415741
NSFC,42107455,K02,K02.1,386,24.685783,-20.834702
NSFC,42107457,K02,K02.1,360,43.295387,-37.07581
NSFC,42107461,K02,K02.1,386,24.685783,-20.834702
NSFC,42107462,K05,K05.2,1439,6.3562217,8.537277
NSFC,42107466,K02,K02.1,360,43.295387,-37.07581
NSFC,42107479,K02,K02.1,337,21.285528,20.974422
NSFC,42107494,K01,K01.1,31,15.104554,95.05168
NSFC,42107495,K05,K05.1|K05.2,1336,4.998813,9.243377
NSFC,42107496,K01,K01.1|K01.2,128,25.368574,65.552765
NSFC,42107497,K02,K02.1,308,62.616093,-41.798744
NSFC,42107499,K01,K01.1|K01.2,128,25.074694,66.2427
NSFC,42107501,K03,K03.2|K03.3,729,-64.527176,8.516048
NSFC,42107508,K02,K02.1,386,24.685783,-20.834702
NSFC,42107512,K02,K02.1|K02.2,440,80.5774,-22.91089
NSFC,42107514,K04,K04.1|K04.2|K04.3,922,-23.384104,-26.178476
NSFC,42176199,K02,K02.1,386,24.685783,-20.834702
NSFC,42201145,K02,K02.1,295,0.09985375,-32.30974
NSFC,42201320,K02,K02.1,295,0.09985375,-32.30974
NSFC,42201507,K02,K02.1,316,18.776417,29.321875
NSFC,42204054,K03,K03.1|K03.3,660,-62.522354,19.075521
NSFC,42205094,K01,K01.1|K01.2,175,-21.372236,84.67458
NSFC,42207515,K03,K03.3,772,-65.08696,9.510556
NSFC,42207540,K02,K02.1,386,24.685783,-20.834702
NSFC,51537010,K04,K04.1|K04.3,1039,-68.88592,-39.464348
NSFC,51538001,K04,K04.1,807,-40.006294,-53.22075
NSFC,51538004,K02,K02.1,317,35.23826,20.821253
NSFC,51538005,K02,K02.1,317,35.23826,20.821253
NSFC,51538009,K04,K04.1|K04.2|K04.3,927,-1.1019117,-76.536255
NSFC,51538011,K04,K04.1|K04.3,983,8.827075,-78.45932
NSFC,51539003,K02,K02.1|K02.2,464,71.34738,32.361897
NSFC,51568022,K03,K03.3,741,-61.670895,-12.346128
NSFC,51568025,K05,K05.1|K05.2,1319,0.56075066,15.699969
NSFC,51568026,K02,K02.1,250,20.815762,-43.169292
NSFC,51568033,K02,K02.1,316,18.776417,29.321875
NSFC,51568039,K04,K04.1|K04.3,1086,-21.670874,-65.9257
NSFC,51568059,K04,K04.3,1185,-25.128271,-83.43539
NSFC,51568063,K05,K05.1,1209,-14.908504,12.143715
NSFC,51568066,K02,K02.1,250,20.815762,-43.169292
NSFC,51569003,K04,K04.3,1185,-25.128271,-83.43539
NSFC,51569006,K02,K02.1,295,0.09985375,-32.30974
NSFC,51569018,K01,K01.1|K01.2,99,-33.29918,31.227846
NSFC,51569022,K02,K02.1,295,0.09985375,-32.30974
NSFC,51569027,K03,K03.1|K03.3,665,-46.4583,4.966161
NSFC,51569031,K02,K02.1|K02.2,461,78.038345,24.561901
NSFC,51575071,K04,K04.1|K04.3,1009,-58.678406,-54.60885
NSFC,51576040,K04,K04.1|K04.3,1045,-43.849434,-23.783655
NSFC,51577028,K04,K04.1|K04.3,1097,-36.47952,-36.181576
NSFC,51577034,K04,K04.1|K04.3,952,-24.112988,-16.429976
NSFC,51577116,K04,K04.1|K04.3,1090,-24.704718,-69.918396
NSFC,51578002,K02,K02.1,360,43.295387,-37.07581
NSFC,51578010,K06,K06.2,1547,16.309494,-1.3776397
NSFC,51578016,K02,K02.1,250,20.815762,-43.169292
NSFC,51578027,K02,K02.1,235,27.163996,-61.750576
NSFC,51578041,K02,K02.1,321,34.903175,21.55255
NSFC,51578057,K03,K03.2,699,-49.453102,2.481177
NSFC,51578074,K02,K02.1,251,29.92323,-44.61452
NSFC,51578084,K05,K05.1|K05.2|K05.3,1350,0.36635548,15.810893
NSFC,51578086,K02,K02.1,250,20.815762,-43.169292
NSFC,51578101,K05,K05.1,1252,-0.387466,23.057775
NSFC,51578103,K01,K01.1,13,-6.2306414,41.88243
NSFC,51578111,K04,K04.1|K04.3,997,1.8433404,-80.50067
NSFC,51578123,K04,K04.1|K04.3,1080,-4.6500235,-58.759975
NSFC,51578125,K04,K04.1|K04.2,907,-7.8034296,-55.210613
NSFC,51578128,K02,K02.1,276,78.17075,49.189686
NSFC,51578144,K04,K04.1|K04.3,1009,-58.678406,-54.60885
NSFC,51578159,K04,K04.1|K04.2|K04.3,930,5.5684867,-58.390274
NSFC,51578170,K02,K02.1,265,50.95586,-60.770424
NSFC,51578171,K03,K03.3,760,-44.926617,-10.429467
NSFC,51578172,K04,K04.3,1181,-4.4008865,-60.4077
NSFC,51578174,K04,K04.1|K04.3,1078,-5.28422,-59.324116
NSFC,51578190,K02,K02.1,274,60.71663,55.56429
NSFC,51578207,K04,K04.1|K04.3,984,2.2555282,-72.36051
NSFC,51578232,K04,K04.1,805,3.849773,-56.150833
NSFC,51578243,K03,K03.2,697,-55.575024,25.864393
NSFC,51578250,K05,K05.1,1251,-11.194562,24.032606
NSFC,51578276,K05,K05.1|K05.3,1398,-6.021169,10.542622
NSFC,51578277,K04,K04.1,859,-7.8777966,-58.62964
NSFC,51578282,K05,K05.1,1251,-11.193223,24.03162
NSFC,51578295,K02,K02.1,250,20.815762,-43.169292
NSFC,51578296,K05,K05.1|K05.2,1317,-0.50469935,12.433154
NSFC,51578302,K05,K05.1|K05.2|K05.3,1352,-4.017336,8.669416
NSFC,51578304,K04,K04.1,825,-35.6407,-51.23924
NSFC,51578308,K04,K04.1|K04.3,983,8.827075,-78.45932
NSFC,51578312,K04,K04.1|K04.3,983,8.827075,-78.45932
NSFC,51578319,K01,K01.1|K01.2,170,-18.768747,40.140335
NSFC,51578320,K03,K03.1|K03.2,581,-83.0411,16.622158
NSFC,51578327,K02,K02.1,265,50.95586,-60.770424
NSFC,51578344,K04,K04.1,856,-7.3752246,-52.172306
NSFC,51578352,K05,K05.1,1254,-4.7989864,20.185972
NSFC,51578363,K04,K04.1|K04.3,1070,-4.775206,-55.479305
NSFC,51578367,K05,K05.1,1252,-0.38745928,23.057943
NSFC,51578380,K05,K05.1,1269,-3.1695294,18.96148
NSFC,51578381,K02,K02.1,351,74.02288,15.109548
NSFC,51578382,K05,K05.1,1251,-10.797889,24.017025
NSFC,51578383,K05,K05.1,1252,-0.387466,23.057775
NSFC,51578384,K05,K05.1,1252,-0.38745928,23.057943
NSFC,51578385,K04,K04.3,1181,-4.4010777,-60.4086
NSFC,51578387,K04,K04.1|K04.3,983,8.827075,-78.45932
NSFC,51578419,K04,K04.1|K04.3,952,-24.112988,-16.429976
NSFC,51578425,K02,K02.1,265,50.95586,-60.770424
NSFC,51578432,K04,K04.1|K04.3,1045,-43.849434,-23.783655
NSFC,51578435,K05,K05.1|K05.2,1321,-1.0871253,14.033225
NSFC,51578436,K05,K05.1|K05.2,1322,-0.63793665,13.853327
NSFC,51578437,K05,K05.1,1251,-11.834709,24.138136
NSFC,51578438,K05,K05.2,1439,6.35613,8.537841
NSFC,51578439,K04,K04.1|K04.3,1078,-5.28422,-59.324116
NSFC,51578441,K03,K03.3,737,-63.059273,-4.380488
NSFC,51578451,K05,K05.3,1511,-4.4150248,14.809188
NSFC,51578453,K04,K04.1|K04.3,1078,-5.28422,-59.324116
NSFC,51578454,K02,K02.1,316,18.776417,29.321875
NSFC,51578474,K01,K01.1,46,8.955781,79.66593
NSFC,51578482,K05,K05.1,1251,-11.870492,24.121288
NSFC,51578483,K05,K05.1|K05.2,1317,-0.5050179,12.433219
NSFC,51578507,K05,K05.1,1224,-21.606344,12.012356
NSFC,51578515,K03,K03.3,741,-61.67101,-12.346121
NSFC,51578526,K04,K04.1|K04.3,952,-24.112988,-16.429976
NSFC,51578531,K04,K04.1|K04.3,983,8.827075,-78.45932
NSFC,51578537,K02,K02.1,250,20.815762,-43.169292
NSFC,51579001,K02,K02.1,295,0.09985375,-32.30974
NSFC,51579007,K03,K03.1,531,-63.202293,-0.47681785
NSFC,51579008,K02,K02.1,308,64.07929,-41.266254
NSFC,51579012,K02,K02.1,295,0.09985375,-32.30974
NSFC,51579059,K04,K04.1|K04.3,1033,-37.21193,-66.20245
NSFC,51579060,K03,K03.3,750,-75.82528,-15.6539345
NSFC,51579066,K03,K03.1|K03.2|K03.3,620,-91.77255,9.497687
NSFC,51579068,K03,K03.1|K03.3,649,-81.914894,-0.49412775
NSFC,51579105,K03,K03.1|K03.3,649,-81.914894,-0.49412775
NSFC,51579107,K04,K04.1|K04.3,1086,-21.7862,-66.339935
NSFC,51579128,K01,K01.1|K01.2,121,-55.626812,61.800545
NSFC,51579129,K04,K04.1|K04.3,1086,-22.056248,-66.25245
NSFC,51579157,K02,K02.1,295,0.09985375,-32.30974
NSFC,51579161,K02,K02.1|K02.2,445,75.085335,-22.936512
NSFC,51579162,K02,K02.1,295,0.09985375,-32.30974
NSFC,51579169,K04,K04.1,874,-37.207718,-36.233017
NSFC,51579182,K05,K05.1,1251,-11.887696,24.123976
NSFC,51579190,K03,K03.3,741,-61.670895,-12.346128
NSFC,51579201,K03,K03.2|K03.3,718,-96.64164,9.801442
NSFC,51579203,K02,K02.1,285,41.370483,51.843845
NSFC,51579208,K03,K03.1|K03.3,645,-45.9661,5.799783
NSFC,51602217,K04,K04.1|K04.3,983,8.827075,-78.45932
NSFC,51604031,K02,K02.1,265,50.95586,-60.770424
NSFC,51606039,K02,K02.1,235,27.163996,-61.750576
NSFC,51606075,K04,K04.1,798,-9.607636,-70.04601
NSFC,51606200,K02,K02.1,250,20.815762,-43.169292
NSFC,51607051,K04,K04.1|K04.3,1094,-36.23423,-40.376934
NSFC,51607098,K04,K04.1|K04.3,1075,-26.019371,-65.34718
NSFC,51607148,K04,K04.3,1159,-10.141949,-93.10396
NSFC,51607160,K02,K02.1,360,43.295387,-37.07581
NSFC,51607170,K04,K04.1|K04.3,1086,-22.659933,-66.37759
NSFC,51608002,K02,K02.1,360,43.295387,-37.07581
NSFC,51608012,K02,K02.1,344,88.31449,-4.3073583
NSFC,51608013,K04,K04.1|K04.3,1086,-22.130678,-66.076485
NSFC,51608021,K02,K02.1,344,88.31449,-4.3073583
NSFC,51608022,K04,K04.1|K04.2,887,-8.61586,-76.19234
NSFC,51608030,K01,K01.2,222,6.8360405,76.46625
NSFC,51608035,K01,K01.1|K01.2,138,-3.161143,78.53111
NSFC,51608049,K03,K03.1|K03.3,646,-85.92936,1.4803712
NSFC,51608054,K01,K01.1,12,14.375579,51.123745
NSFC,51608064,K05,K05.1,1250,-11.061452,20.199156
NSFC,51608106,K04,K04.3,1179,-2.0649493,-51.931557
NSFC,51608107,K02,K02.1,316,18.776417,29.321875
NSFC,51608118,K04,K04.1,800,-9.279995,-68.792625
NSFC,51608144,K02,K02.1,316,18.776417,29.321875
NSFC,51608145,K05,K05.1,1265,1.9708203,20.135714
NSFC,51608147,K02,K02.1,344,88.31449,-4.3073583
NSFC,51608160,K02,K02.1,235,27.163996,-61.750576
NSFC,51608161,K04,K04.1|K04.3,1001,7.451502,-56.746746
NSFC,51608171,K02,K02.1|K02.2,474,64.0895,-21.765783
NSFC,51608175,K04,K04.1|K04.3,1086,-21.585396,-65.491
NSFC,51608209,K02,K02.1,316,18.776417,29.321875
NSFC,51608213,K05,K05.1,1251,-12.574576,24.090824
NSFC,51608224,K04,K04.3,1184,-26.396769,-77.995735
NSFC,51608240,K05,K05.1,1251,-11.643166,24.090162
NSFC,51608242,K04,K04.1|K04.3,983,8.827075,-78.45932
NSFC,51608251,K02,K02.1,322,27.69136,17.136131
NSFC,51608252,K02,K02.1,316,18.776417,29.321875
NSFC,51608259,K01,K01.1|K01.2,160,7.315313,76.13038
NSFC,51608260,K02,K02.1,235,27.163996,-61.750576
NSFC,51608268,K04,K04.3,1159,-10.141949,-93.10396
NSFC,51608292,K02,K02.1,316,18.776417,29.321875
NSFC,51608294,K05,K05.1,1265,1.9708203,20.135714
NSFC,51608295,K01,K01.1|K01.2,143,4.5085063,75.844604
NSFC,51608307,K04,K04.1|K04.3,1070,-4.7756257,-55.479267
NSFC,51608309,K05,K05.1|K05.2,1327,1.6914335,17.670298
NSFC,51608310,K03,K03.1,546,-66.417534,28.746355
NSFC,51608313,K04,K04.3,1185,-25.128271,-83.43539
NSFC,51608321,K01,K01.1|K01.2,139,4.8050323,79.007835
NSFC,51608326,K05,K05.1,1269,-3.1691663,18.96189
NSFC,51608328,K02,K02.1|K02.2,456,82.567116,7.209157
NSFC,51608329,K02,K02.1,360,43.295387,-37.07581
NSFC,51608338,K02,K02.1,351,74.02288,15.109548
NSFC,51608344,K04,K04.1,798,-9.607636,-70.04601
NSFC,51608348,K02,K02.1,316,18.776417,29.321875
NSFC,51608355,K01,K01.1|K01.2,136,15.684484,68.90138
NSFC,51608356,K02,K02.1,316,18.776417,29.321875
NSFC,51608357,K04,K04.1,857,-7.3326902,-56.060623
NSFC,51608363,K05,K05.1,1252,-0.387466,23.057775
NSFC,51608365,K01,K01.1,48,7.9789977,75.73433
NSFC,51608366,K02,K02.1,322,27.69136,17.136131
NSFC,51608367,K05,K05.1,1264,-17.012291,20.454803
NSFC,51608368,K05,K05.1|K05.2,1323,-0.20052494,13.262953
NSFC,51608382,K04,K04.1|K04.3,983,8.827075,-78.45932
NSFC,51608386,K02,K02.1,360,43.295387,-37.07581
NSFC,51608387,K02,K02.1,271,34.589043,-40.29809
NSFC,51608395,K05,K05.1,1251,-10.623595,23.439127
NSFC,51608403,K01,K01.1|K01.2,143,4.5085063,75.844604
NSFC,51608404,K02,K02.1,316,18.776417,29.321875
NSFC,51608405,K02,K02.1,344,88.31449,-4.3073583
NSFC,51608415,K05,K05.2,1439,6.35636,8.538003
NSFC,51608416,K05,K05.1,1266,-1.4046737,19.622856
NSFC,51608417,K05,K05.1,1194,-14.737679,6.9971986
NSFC,51608418,K05,K05.1|K05.2,1318,0.6491558,15.829545
NSFC,51608423,K01,K01.1,46,8.955781,79.66593
NSFC,51608426,K04,K04.1|K04.2|K04.3,944,-5.8622637,-58.575977
NSFC,51608438,K05,K05.1,1255,-10.044808,21.241516
NSFC,51608439,K02,K02.1,317,35.238163,20.82134
NSFC,51608443,K02,K02.1,316,18.776417,29.321875
NSFC,51608444,K02,K02.1,360,43.295387,-37.07581
NSFC,51608449,K02,K02.1,317,35.238163,20.82134
NSFC,51608467,K04,K04.1|K04.2|K04.3,930,5.5685015,-58.390133
NSFC,51608473,K02,K02.1,360,43.295387,-37.07581
NSFC,51608497,K02,K02.1,265,50.95586,-60.770424
NSFC,51608506,K01,K01.1|K01.2,92,-11.063315,96.577385
NSFC,51608527,K05,K05.1,1251,-11.526758,23.921043
NSFC,51608535,K02,K02.1,316,18.776417,29.321875
NSFC,51609039,K05,K05.1|K05.2,1342,5.5416512,3.0818388
NSFC,51609041,K03,K03.3,750,-75.82528,-15.6539345
NSFC,51609043,K03,K03.3,744,-62.78371,-11.627543
NSFC,51609061,K05,K05.1|K05.3,1412,-25.740938,17.896856
NSFC,51609083,K01,K01.1,49,-5.7144537,65.47118
NSFC,51609085,K04,K04.1,866,-22.587019,-59.255505
NSFC,51609086,K01,K01.1|K01.2,99,-33.29918,31.227846
NSFC,51609122,K02,K02.1|K02.2,464,71.34738,32.361897
NSFC,51609139,K02,K02.1|K02.2,440,80.5774,-22.91089
NSFC,51609192,K03,K03.3,772,-65.086815,9.510553
NSFC,51609199,K03,K03.1|K03.3,649,-81.914894,-0.49412775
NSFC,51609200,K03,K03.3,774,-68.60822,15.052134
NSFC,51609204,K02,K02.1,265,50.95586,-60.770424
NSFC,51609213,K01,K01.1,27,-75.58461,49.768772
NSFC,51609241,K02,K02.1,360,43.295387,-37.07581
NSFC,51609242,K02,K02.1,316,18.776417,29.321875
NSFC,51609245,K03,K03.1|K03.2,590,-55.217297,23.554068
NSFC,51609254,K03,K03.2|K03.3,727,-47.312042,2.288831
NSFC,51609256,K04,K04.1|K04.3,1086,-22.38421,-66.668686
NSFC,51609259,K01,K01.1|K01.2,99,-33.29918,31.227846
NSFC,51637008,K01,K01.1|K01.2,71,-32.86225,72.29691
NSFC,51638003,K04,K04.1|K04.3,983,8.827075,-78.45932
NSFC,51638004,K05,K05.1|K05.3,1393,-7.43284,13.486788
NSFC,51638005,K04,K04.1,798,-9.607636,-70.04601
NSFC,51638006,K02,K02.1,308,64.07929,-41.266254
NSFC,51638008,K04,K04.1,780,-22.651276,-46.296204
NSFC,51664007,K02,K02.1,235,27.163996,-61.750576
NSFC,51667002,K04,K04.1,846,-46.605515,-38.351948
NSFC,51667007,K04,K04.1|K04.3,953,-12.440306,-82.17566
NSFC,51668003,K04,K04.1,801,-8.7855,-69.13055
NSFC,51668024,K05,K05.3,1512,-7.6347136,-3.9485161
NSFC,51668039,K02,K02.1,333,30.285156,14.30456
NSFC,51668046,K02,K02.1,250,20.815762,-43.169292
NSFC,51668058,K02,K02.1,344,88.31449,-4.3073583
NSFC,51668065,K04,K04.1,856,-7.375219,-52.172302
NSFC,51668066,K05,K05.1|K05.3,1404,-5.6630073,9.374603
NSFC,51669003,K04,K04.1|K04.2|K04.3,947,-24.19805,-62.707825
NSFC,51669015,K03,K03.1|K03.2,602,-56.02237,9.08106
NSFC,51669021,K01,K01.1,31,15.104554,95.05168
NSFC,51669026,K02,K02.1,235,27.163996,-61.750576
NSFC,51676026,K02,K02.1,250,20.815762,-43.169292
NSFC,51676131,K02,K02.1,250,20.815762,-43.169292
NSFC,51677025,K04,K04.1|K04.3,1045,-43.849434,-23.783655
NSFC,51677071,K04,K04.1|K04.3,1086,-22.388493,-65.89939
NSFC,51677085,K04,K04.1|K04.3,952,-24.112988,-16.429976
NSFC,51677121,K04,K04.1|K04.3,1034,-69.171875,-41.39273
NSFC,51677153,K01,K01.1|K01.2,105,-40.38642,42.229603
NSFC,51678002,K06,K06.2,1552,17.482384,4.2899942
NSFC,51678004,K02,K02.1,316,18.776417,29.321875
NSFC,51678017,K05,K05.1,1205,-14.454327,11.584049
NSFC,51678029,K04,K04.1,813,-39.53368,-53.728428
NSFC,51678042,K04,K04.1,780,-22.651276,-46.296204
NSFC,51678045,K04,K04.1|K04.2,901,-41.052456,-40.174786
NSFC,51678058,K05,K05.1|K05.2,1307,1.6582899,17.595394
NSFC,51678076,K02,K02.1,360,43.295387,-37.07581
NSFC,51678084,K04,K04.1,859,-7.8783507,-58.629185
NSFC,51678086,K04,K04.1|K04.3,1064,-10.288805,-50.838974
NSFC,51678087,K05,K05.1,1251,-11.974664,24.027052
NSFC,51678089,K02,K02.1,344,88.31449,-4.3073583
NSFC,51678103,K01,K01.1|K01.2,138,-3.161143,78.53111
NSFC,51678118,K04,K04.1|K04.3,983,8.827075,-78.45932
NSFC,51678126,K04,K04.1,860,-8.346064,-60.44709
NSFC,51678147,K04,K04.1|K04.3,1001,7.451502,-56.746746
NSFC,51678177,K04,K04.1|K04.3,1078,-5.28422,-59.324116
NSFC,51678178,K05,K05.1,1226,-17.667458,17.008614
NSFC,51678180,K02,K02.1,316,18.776417,29.321875
NSFC,51678203,K01,K01.1,12,14.375579,51.123745
NSFC,51678209,K04,K04.1,875,-27.42877,-39.92771
NSFC,51678211,K04,K04.3,1159,-10.141949,-93.10396
NSFC,51678229,K04,K04.1,798,-9.607636,-70.04601
NSFC,51678241,K05,K05.1,1269,-3.1603155,18.953346
NSFC,51678242,K01,K01.1,46,8.955781,79.66593
NSFC,51678258,K05,K05.1,1253,-1.8964784,21.01974
NSFC,51678259,K05,K05.1,1251,-11.5422735,23.926168
NSFC,51678261,K01,K01.1|K01.2,83,4.80519,79.09944
NSFC,51678281,K04,K04.1|K04.3,952,-24.112988,-16.429976
NSFC,51678330,K02,K02.1,250,20.815762,-43.169292
NSFC,51678333,K04,K04.1|K04.3,983,8.827075,-78.45932
NSFC,51678335,K02,K02.1,250,20.815762,-43.169292
NSFC,51678336,K02,K02.1,360,43.295387,-37.07581
NSFC,51678337,K02,K02.1,360,43.295387,-37.07581
NSFC,51678370,K04,K04.1|K04.3,1079,-6.2017403,-61.05542
NSFC,51678380,K02,K02.1,316,18.776417,29.321875
NSFC,51678390,K02,K02.1,386,24.685783,-20.834702
NSFC,51678392,K04,K04.1,859,-7.8783507,-58.629185
NSFC,51678394,K05,K05.1,1265,1.9744743,20.132135
NSFC,51678400,K02,K02.1,386,24.685783,-20.834702
NSFC,51678401,K05,K05.1,1252,-0.38742805,23.057793
NSFC,51678412,K04,K04.1,860,-8.346064,-60.44709
NSFC,51678413,K04,K04.3,1182,-4.8711057,-60.896503
NSFC,51678417,K02,K02.1,316,18.776417,29.321875
NSFC,51678421,K04,K04.1|K04.3,1086,-21.640478,-66.19576
NSFC,51678426,K02,K02.1,250,20.815762,-43.169292
NSFC,51678461,K04,K04.1|K04.3,1074,-26.259258,-65.58323
NSFC,51678470,K04,K04.3,1175,-78.67367,-48.360985
NSFC,51678496,K02,K02.1,235,27.163996,-61.750576
NSFC,51678520,K02,K02.1,360,43.295387,-37.07581
NSFC,51678526,K05,K05.1|K05.2,1330,-0.53592277,18.067915
NSFC,51678535,K04,K04.1|K04.3,984,2.2555232,-72.360405
NSFC,51678544,K01,K01.1|K01.2,78,-33.354725,77.21784
NSFC,51678549,K02,K02.1,308,64.07929,-41.266254
NSFC,51678577,K02,K02.1,322,27.69136,17.136131
NSFC,51679007,K04,K04.1|K04.3,1062,-13.274135,-51.797436
NSFC,51679020,K04,K04.1,780,-22.622673,-46.60108
NSFC,51679023,K02,K02.1,250,20.815762,-43.169292
NSFC,51679026,K04,K04.1,866,-22.587019,-59.255505
NSFC,51679040,K04,K04.1|K04.3,1100,-27.817991,-39.434105
NSFC,51679066,K02,K02.1,267,39.14316,46.055496
NSFC,51679082,K04,K04.1|K04.3,1069,-5.2884965,-51.107666
NSFC,51679088,K04,K04.1|K04.3,1086,-22.802034,-65.73018
NSFC,51679089,K03,K03.1|K03.2,599,-49.210854,3.9729958
NSFC,51679094,K03,K03.3,769,-44.685078,2.9993844
NSFC,51679115,K03,K03.3,769,-44.685078,2.9993844
NSFC,51679116,K03,K03.2|K03.3,718,-96.692406,10.19579
NSFC,51679117,K03,K03.3,750,-75.82528,-15.6539345
NSFC,51679120,K02,K02.1|K02.2,474,64.08986,-21.765759
NSFC,51679121,K02,K02.1,265,50.95586,-60.770424
NSFC,51679136,K03,K03.2,675,-58.855396,1.9026004
NSFC,51679144,K03,K03.1|K03.2|K03.3,624,-59.43071,19.895033
NSFC,51679151,K05,K05.1,1277,4.5889935,10.37316
NSFC,51679159,K05,K05.1,1205,-14.4543085,11.584065
NSFC,51679160,K02,K02.1,360,43.295387,-37.07581
NSFC,51679186,K03,K03.2,685,-80.3981,26.16524
NSFC,51679222,K03,K03.3,741,-61.670895,-12.346128
NSFC,51704054,K03,K03.1|K03.3,649,-81.914894,-0.49412775
NSFC,51704259,K01,K01.1|K01.2,100,-52.568203,44.94751
NSFC,51705263,K04,K04.1|K04.3,1045,-43.849434,-23.783655
NSFC,51705428,K04,K04.3,1175,-78.67367,-48.360985
NSFC,51706066,K04,K04.1|K04.3,1045,-43.849434,-23.783655
NSFC,51706108,K02,K02.1,235,27.163996,-61.750576
NSFC,51706139,K02,K02.1,250,20.815762,-43.169292
NSFC,51707069,K04,K04.1|K04.3,1033,-37.174526,-66.21732
NSFC,51707070,K04,K04.1|K04.3,1086,-22.93536,-65.92765
NSFC,51707115,K04,K04.1|K04.3,1086,-22.130678,-66.076485
NSFC,51708001,K05,K05.1,1251,-11.663709,23.959227
NSFC,51708004,K04,K04.1,856,-7.3749337,-52.17545
NSFC,51708023,K02,K02.1,360,43.295387,-37.07581
NSFC,51708028,K02,K02.1,316,18.776417,29.321875
NSFC,51708030,K01,K01.1|K01.2,140,5.4440827,77.99241
NSFC,51708033,K02,K02.1,295,0.09985375,-32.30974
NSFC,51708076,K02,K02.1,250,20.815762,-43.169292
NSFC,51708078,K04,K04.3,1164,8.226209,-59.43357
NSFC,51708090,K05,K05.1|K05.2,1318,0.6490614,15.829693
NSFC,51708094,K02,K02.1,250,20.815762,-43.169292
NSFC,51708098,K04,K04.3,1179,-2.0647874,-51.93116
NSFC,51708099,K05,K05.1,1265,1.9731456,20.132805
NSFC,51708102,K02,K02.1,344,88.31449,-4.3073583
NSFC,51708103,K02,K02.1,316,18.776417,29.321875
NSFC,51708117,K05,K05.1|K05.3,1393,-7.4329057,13.486966
NSFC,51708123,K05,K05.1,1251,-10.646465,23.887657
NSFC,51708129,K03,K03.1|K03.2,590,-55.091408,22.592583
NSFC,51708134,K05,K05.1|K05.2|K05.3,1356,-0.82517064,10.700082
NSFC,51708138,K02,K02.1,351,74.02288,15.109548
NSFC,51708141,K02,K02.1,360,43.295387,-37.07581
NSFC,51708150,K05,K05.1,1251,-10.644956,23.726078
NSFC,51708151,K02,K02.1,344,88.31449,-4.3073583
NSFC,51708167,K02,K02.1,235,27.163996,-61.750576
NSFC,51708169,K04,K04.1|K04.3,1011,-59.35928,-55.704914
NSFC,51708192,K04,K04.1,857,-7.3326902,-56.060623
NSFC,51708193,K05,K05.1|K05.3,1414,-6.2858024,4.937299
NSFC,51708218,K02,K02.1|K02.2,452,84.6176,5.2965555
NSFC,51708224,K02,K02.1,360,43.295387,-37.07581
NSFC,51708225,K05,K05.1|K05.3,1393,-7.43284,13.486788
NSFC,51708227,K05,K05.1,1269,-3.1603074,18.954443
NSFC,51708233,K05,K05.1|K05.2,1317,-0.50493664,12.432837
NSFC,51708234,K05,K05.1,1252,-0.38742805,23.057793
NSFC,51708237,K05,K05.1,1252,-0.387466,23.057775
NSFC,51708246,K04,K04.1|K04.3,952,-24.112988,-16.429976
NSFC,51708274,K05,K05.2,1430,2.1165757,16.879004
NSFC,51708276,K05,K05.1,1251,-10.623041,23.883238
NSFC,51708284,K05,K05.1|K05.3,1372,-14.227791,11.323777
NSFC,51708294,K02,K02.1,235,27.163996,-61.750576
NSFC,51708296,K01,K01.1|K01.2,138,-3.161143,78.53111
NSFC,51708303,K03,K03.1|K03.2,590,-55.091408,22.592583
NSFC,51708311,K04,K04.1|K04.3,983,8.827075,-78.45932
NSFC,51708320,K02,K02.1,344,88.31449,-4.3073583
NSFC,51708324,K05,K05.1,1265,1.9714389,20.134663
NSFC,51708325,K04,K04.1|K04.3,983,8.827075,-78.45932
NSFC,51708326,K02,K02.1,250,20.815762,-43.169292
NSFC,51708335,K05,K05.1,1243,-3.3793416,19.025871
NSFC,51708338,K02,K02.1,235,27.163996,-61.750576
NSFC,51708339,K04,K04.1|K04.3,952,-24.112988,-16.429976
NSFC,51708343,K01,K01.1|K01.2,155,7.6130033,79.323654
NSFC,51708347,K02,K02.1,386,24.685783,-20.834702
NSFC,51708351,K02,K02.1,317,35.23826,20.821253
NSFC,51708357,K04,K04.1|K04.2|K04.3,924,-2.1933484,-75.59297
NSFC,51708361,K03,K03.1|K03.2,576,-61.42965,1.6592959
NSFC,51708370,K05,K05.1,1265,1.9717159,20.13554
NSFC,51708375,K01,K01.2,221,7.0137916,77.63296
NSFC,51708379,K02,K02.1,336,30.737694,13.697641
NSFC,51708387,K05,K05.1,1252,-0.38745928,23.057943
NSFC,51708395,K04,K04.1,862,-8.78265,-61.257713
NSFC,51708396,K04,K04.1|K04.3,983,8.827075,-78.45932
NSFC,51708398,K01,K01.1,46,8.955781,79.66593
NSFC,51708408,K04,K04.1|K04.3,983,8.827075,-78.45932
NSFC,51708421,K04,K04.3,1159,-10.141949,-93.10396
NSFC,51708425,K04,K04.1,862,-8.782483,-61.25753
NSFC,51708426,K04,K04.1|K04.3,1065,-4.939778,-55.392204
NSFC,51708449,K02,K02.1,351,74.02283,15.109549
NSFC,51708452,K04,K04.1|K04.2|K04.3,942,-12.77422,-52.376625
NSFC,51708471,K05,K05.1,1251,-10.653496,23.885576
NSFC,51708473,K05,K05.1,1265,1.9741063,20.132498
NSFC,51708491,K02,K02.1,245,32.429455,-60.257687
NSFC,51708515,K04,K04.1|K04.3,952,-24.112988,-16.429976
NSFC,51708527,K02,K02.1,235,27.163996,-61.750576
NSFC,51708554,K04,K04.3,1185,-25.128271,-83.43539
NSFC,51708567,K01,K01.1,40,15.046959,79.9606
NSFC,51709008,K03,K03.3,769,-44.685078,2.9993844
NSFC,51709009,K03,K03.1|K03.3,649,-81.914894,-0.49412775
NSFC,51709022,K02,K02.1,308,62.616093,-41.798744
NSFC,51709044,K02,K02.1,354,81.00997,23.927158
NSFC,51709074,K02,K02.1|K02.2,434,82.35677,48.103886
NSFC,51709090,K03,K03.3,735,-59.277534,-3.7836695
NSFC,51709105,K03,K03.3,769,-44.685078,2.9993844
NSFC,51709109,K04,K04.1|K04.3,1086,-22.30736,-67.18292
NSFC,51709117,K02,K02.1,265,50.95586,-60.770424
NSFC,51709151,K02,K02.1,316,18.776417,29.321875
NSFC,51709168,K03,K03.3,769,-44.685078,2.9993844
NSFC,51709178,K01,K01.1|K01.2,164,-12.067659,61.398296
NSFC,51709179,K01,K01.1|K01.2,100,-52.568203,44.94751
NSFC,51709218,K02,K02.1,289,37.43446,-31.08743
NSFC,51709239,K05,K05.2,1439,6.3563533,8.536928
NSFC,51709270,K02,K02.1|K02.2,461,78.038345,24.561901
NSFC,51709286,K01,K01.1|K01.2,192,-26.089287,50.094177
NSFC,51737001,K04,K04.1|K04.3,983,8.827075,-78.45932
NSFC,51738001,K03,K03.3,772,-65.086815,9.510553
NSFC,51738002,K02,K02.1,285,41.370483,51.843845
NSFC,51738005,K02,K02.1,250,20.815762,-43.169292
NSFC,51738010,K02,K02.1,266,78.20442,50.922073
NSFC,51739009,K03,K03.3,750,-75.82528,-15.6539345
NSFC,51739011,K03,K03.1,538,-81.80077,10.307721
NSFC,51764019,K02,K02.1,250,20.815762,-43.169292
NSFC,51765006,K04,K04.1|K04.3,1086,-22.557394,-67.384766
NSFC,51765010,K04,K04.1|K04.3,1033,-37.200027,-65.74255
NSFC,51767003,K04,K04.3,1185,-25.128271,-83.43539
NSFC,51767005,K04,K04.1|K04.3,992,-59.86413,-34.400654
NSFC,51768001,K01,K01.1|K01.2,139,4.8050323,79.007835
NSFC,51768029,K02,K02.1,351,74.02288,15.109548
NSFC,51768071,K01,K01.1|K01.2,175,-21.372236,84.67458
NSFC,51769013,K02,K02.1,265,52.087364,-60.74736
NSFC,51769021,K01,K01.1|K01.2,164,-12.067659,61.398296
NSFC,51769023,K01,K01.1,51,-52.14721,85.10136
NSFC,51769027,K01,K01.1,12,14.375579,51.123745
NSFC,51769029,K03,K03.3,769,-44.685078,2.9993844
NSFC,51774089,K04,K04.1|K04.3,1086,-22.085384,-66.86414
NSFC,51774135,K03,K03.3,745,-91.304596,-1.5009216
NSFC,51775162,K04,K04.1|K04.3,983,8.827075,-78.45932
NSFC,51775178,K03,K03.3,751,-75.43441,-10.256476
NSFC,51775247,K04,K04.1|K04.3,1045,-43.849434,-23.783655
NSFC,51775466,K04,K04.3,1164,8.226209,-59.43357
NSFC,51776133,K04,K04.1|K04.2|K04.3,918,-23.065886,-29.37243
NSFC,51776205,K01,K01.1,1,-34.62806,68.9483
NSFC,51777037,K03,K03.3,745,-90.94958,-1.596146
NSFC,51777105,K05,K05.1|K05.2,1296,7.155185,3.790974
NSFC,51777116,K04,K04.1,780,-22.635828,-46.86807
NSFC,51777133,K05,K05.1,1273,-24.683191,18.014101
NSFC,51777185,K04,K04.1|K04.3,1086,-21.920591,-65.39046
NSFC,51778001,K04,K04.1|K04.3,1078,-5.2814407,-59.325626
NSFC,51778005,K05,K05.1|K05.2,1320,-0.9446673,14.01764
NSFC,51778025,K02,K02.1,265,52.087364,-60.74736
NSFC,51778029,K03,K03.3,741,-61.67101,-12.346121
NSFC,51778039,K05,K05.1,1251,-10.865436,24.140095
NSFC,51778076,K04,K04.1|K04.3,1079,-6.2017884,-61.057117
NSFC,51778077,K05,K05.1,1251,-10.827224,24.158518
NSFC,51778078,K05,K05.1,1269,-3.160259,18.954569
NSFC,51778079,K05,K05.1,1265,1.9741063,20.132498
NSFC,51778109,K02,K02.1,235,27.163996,-61.750576
NSFC,51778121,K02,K02.1,351,74.02288,15.109548
NSFC,51778124,K04,K04.1|K04.3,983,8.827075,-78.45932
NSFC,51778125,K05,K05.1|K05.3,1394,-5.19307,15.794958
NSFC,51778160,K03,K03.3,741,-61.67101,-12.346121
NSFC,51778169,K04,K04.1,861,-8.143918,-58.658165
NSFC,51778178,K04,K04.1|K04.3,1086,-22.547478,-67.26517
NSFC,51778198,K03,K03.3,737,-63.059273,-4.380488
NSFC,51778230,K02,K02.1,360,43.295387,-37.07581
NSFC,51778233,K05,K05.1,1265,1.9741063,20.132498
NSFC,51778235,K04,K04.1|K04.3,975,-27.927376,-22.859396
NSFC,51778236,K05,K05.1|K05.2,1317,-0.50493014,12.433161
NSFC,51778237,K02,K02.1,250,20.815762,-43.169292
NSFC,51778249,K02,K02.1,270,17.858717,21.573122
NSFC,51778251,K04,K04.1|K04.3,1078,-5.28422,-59.324116
NSFC,51778253,K05,K05.1,1251,-11.393431,24.211596
NSFC,51778254,K05,K05.1,1248,-1.173533,23.293861
NSFC,51778261,K04,K04.1|K04.3,1001,7.451502,-56.746746
NSFC,51778262,K03,K03.3,750,-75.82528,-15.6539345
NSFC,51778263,K05,K05.1|K05.2,1317,-0.5048945,12.433154
NSFC,51778266,K04,K04.1,859,-7.8783507,-58.629185
NSFC,51778277,K05,K05.1,1272,-22.066454,20.477571
NSFC,51778278,K05,K05.1,1247,-12.984665,18.51341
NSFC,51778319,K05,K05.1|K05.3,1409,1.179413,19.597311
NSFC,51778325,K02,K02.1,360,43.295387,-37.07581
NSFC,51778326,K04,K04.1|K04.3,952,-24.112988,-16.429976
NSFC,51778327,K04,K04.1|K04.3,1045,-43.849434,-23.783655
NSFC,51778340,K04,K04.2|K04.3,1132,-67.115295,-55.226498
NSFC,51778341,K04,K04.1,780,-22.651276,-46.296204
NSFC,51778349,K04,K04.1|K04.3,956,-11.990804,-83.05314
NSFC,51778364,K04,K04.1|K04.2,893,-8.597123,-55.37579
NSFC,51778366,K02,K02.1,325,29.29835,20.931166
NSFC,51778375,K05,K05.1,1265,1.9741063,20.132498
NSFC,51778384,K02,K02.1,344,88.162346,-5.3961053
NSFC,51778387,K02,K02.1,326,30.543558,15.308063
NSFC,51778388,K04,K04.1,859,-7.8783507,-58.629185
NSFC,51778389,K02,K02.1,316,18.776417,29.321875
NSFC,51778408,K02,K02.1,250,20.815762,-43.169292
NSFC,51778419,K04,K04.1,862,-8.782633,-61.25807
NSFC,51778420,K05,K05.1|K05.3,1375,-11.279,11.989873
NSFC,51778427,K02,K02.1,316,18.776417,29.321875
NSFC,51778431,K05,K05.1,1252,-0.387466,23.057775
NSFC,51778432,K01,K01.1|K01.2,138,-3.161143,78.53111
NSFC,51778433,K02,K02.1,320,35.219936,19.877523
NSFC,51778434,K05,K05.1,1253,-1.8964784,21.01974
NSFC,51778435,K02,K02.1,295,0.09985375,-32.30974
NSFC,51778437,K02,K02.1,330,24.39686,16.413551
NSFC,51778447,K02,K02.1,250,20.815762,-43.169292
NSFC,51778452,K02,K02.1,285,41.370483,51.843845
NSFC,51778453,K02,K02.1,360,43.295387,-37.07581
NSFC,51778503,K05,K05.1,1251,-10.953032,24.21254
NSFC,51778504,K02,K02.1,308,62.616093,-41.798744
NSFC,51778510,K03,K03.1|K03.2,590,-55.217297,23.554068
NSFC,51778511,K02,K02.1,344,88.162346,-5.3961053
NSFC,51778517,K01,K01.1,42,15.122934,80.01075
NSFC,51778518,K05,K05.1,1251,-11.439301,25.700047
NSFC,51778519,K05,K05.1|K05.2,1318,0.65134734,15.836701
NSFC,51778520,K04,K04.1|K04.3,983,8.827075,-78.45932
NSFC,51778523,K02,K02.1,265,52.087364,-60.74736
NSFC,51778526,K04,K04.1,859,-7.8783507,-58.629185
NSFC,51778529,K04,K04.1|K04.3,1078,-5.282069,-59.32459
NSFC,51778530,K05,K05.1,1251,-11.439301,25.700047
NSFC,51778549,K04,K04.1,859,-7.8783507,-58.629185
NSFC,51778552,K05,K05.1,1253,-1.8965119,21.019714
NSFC,51778555,K02,K02.1,344,88.162346,-5.3961053
NSFC,51778559,K05,K05.1,1251,-9.122925,24.03135
NSFC,51778560,K05,K05.1|K05.2|K05.3,1354,-4.1078305,8.957258
NSFC,51778596,K01,K01.1|K01.2,175,-21.372236,84.67458
NSFC,51778601,K05,K05.1,1251,-11.439301,25.700047
NSFC,51778614,K05,K05.1,1254,-4.7988906,20.185926
NSFC,51778630,K04,K04.1,780,-22.570576,-46.63653
NSFC,51778643,K02,K02.1,235,27.163996,-61.750576
NSFC,51779006,K02,K02.1,354,81.00997,23.927158
NSFC,51779008,K05,K05.1,1270,-22.112646,20.448345
NSFC,51779009,K03,K03.2,685,-80.3981,26.16524
NSFC,51779047,K02,K02.1,285,41.370483,51.843845
NSFC,51779048,K03,K03.1,545,-65.47673,31.658333
NSFC,51779070,K02,K02.1|K02.2,420,33.286663,-56.13007
NSFC,51779073,K04,K04.1|K04.2,913,-36.870613,-36.127316
NSFC,51779093,K03,K03.1|K03.2,581,-83.0411,16.622158
NSFC,51779114,K03,K03.3,762,-48.915485,14.855603
NSFC,51779119,K02,K02.1,250,20.815762,-43.169292
NSFC,51779124,K03,K03.3,745,-91.14339,-1.6421233
NSFC,51779127,K02,K02.1,295,0.09985375,-32.30974
NSFC,51779132,K03,K03.1|K03.2,599,-49.21178,3.9731677
NSFC,51779145,K04,K04.1|K04.3,1033,-37.201004,-65.74331
NSFC,51779165,K04,K04.1|K04.2,904,-12.091782,-52.714546
NSFC,51779189,K03,K03.3,741,-61.67101,-12.346121
NSFC,51779196,K04,K04.1|K04.3,1049,-49.336266,-27.804758
NSFC,51779210,K02,K02.1,386,24.685783,-20.834702
NSFC,51779229,K02,K02.1,285,41.370483,51.843845
NSFC,51779253,K04,K04.1|K04.3,1001,7.741645,-56.18869
NSFC,51779270,K03,K03.1|K03.3,635,-59.075905,-2.2220905
NSFC,51779279,K03,K03.3,750,-75.82528,-15.6539345
NSFC,51802106,K04,K04.3,1185,-25.128271,-83.43539
NSFC,51803027,K04,K04.3,1159,-10.141949,-93.10396
NSFC,51804018,K02,K02.1,285,41.370483,51.843845
NSFC,51804024,K02,K02.1,250,20.815762,-43.169292
NSFC,51805213,K04,K04.1|K04.3,1010,-61.795395,-43.677254
NSFC,51806217,K02,K02.1,250,20.815762,-43.169292
NSFC,51806226,K02,K02.1,250,20.815762,-43.169292
NSFC,51807004,K04,K04.1|K04.3,1086,-22.590143,-67.36086
NSFC,51807009,K01,K01.2,212,-50.51855,62.660133
NSFC,51807066,K04,K04.1|K04.3,1086,-22.576721,-67.35972
NSFC,51807067,K04,K04.1,846,-46.605515,-38.351948
NSFC,51807071,K04,K04.1|K04.3,1045,-43.849434,-23.783655
NSFC,51807102,K04,K04.3,1155,-20.64389,-99.69776
NSFC,51807115,K05,K05.1,1194,-14.737545,6.995537
NSFC,51807117,K04,K04.1|K04.3,1045,-43.849434,-23.783655
NSFC,51807120,K04,K04.1|K04.3,1045,-43.849434,-23.783655
NSFC,51807127,K04,K04.1|K04.3,977,-36.061478,-34.504528
NSFC,51807129,K03,K03.3,769,-44.685078,2.9993844
NSFC,51807168,K04,K04.1|K04.3,1002,-57.37666,-56.47527
NSFC,51808005,K05,K05.1,1251,-12.39817,24.343365
NSFC,51808009,K02,K02.1,344,88.162346,-5.3961053
NSFC,51808012,K02,K02.1,235,27.163996,-61.750576
NSFC,51808024,K01,K01.1|K01.2,138,-3.161143,78.53111
NSFC,51808030,K02,K02.1,311,63.803585,-36.53334
NSFC,51808039,K04,K04.1|K04.3,983,8.827075,-78.45932
NSFC,51808050,K01,K01.1|K01.2,99,-33.29918,31.227846
NSFC,51808059,K01,K01.1,39,21.627583,79.368225
NSFC,51808063,K04,K04.1|K04.3,952,-24.112988,-16.429976
NSFC,51808065,K04,K04.1|K04.3,1056,-12.843825,-49.31409
NSFC,51808067,K04,K04.1|K04.3,1055,-12.842454,-47.27442
NSFC,51808075,K04,K04.1|K04.3,1001,7.514274,-56.719986
NSFC,51808090,K02,K02.1,344,88.162346,-5.3961053
NSFC,51808107,K02,K02.1,265,50.95586,-60.770424
NSFC,51808123,K04,K04.1,862,-8.782633,-61.25807
NSFC,51808137,K04,K04.3,1178,-1.9716568,-51.269497
NSFC,51808139,K02,K02.1,344,88.162346,-5.3961053
NSFC,51808155,K04,K04.1|K04.3,1001,7.514274,-56.719986
NSFC,51808187,K04,K04.1|K04.3,1074,-26.25926,-65.58275
NSFC,51808198,K02,K02.1,310,5.444364,32.476498
NSFC,51808200,K02,K02.1,360,43.295387,-37.07581
NSFC,51808222,K04,K04.1|K04.2|K04.3,947,-24.198015,-62.70831
NSFC,51808237,K04,K04.1,859,-7.8783507,-58.629185
NSFC,51808245,K05,K05.1,1245,-13.29779,17.521534
NSFC,51808256,K02,K02.1,250,20.815762,-43.169292
NSFC,51808281,K04,K04.1|K04.3,1086,-22.607079,-66.407455
NSFC,51808295,K02,K02.1,344,88.162346,-5.3961053
NSFC,51808305,K02,K02.1,351,74.02288,15.109548
NSFC,51808312,K04,K04.1|K04.3,983,8.827075,-78.45932
NSFC,51808314,K01,K01.1|K01.2,100,-52.755844,45.239037
NSFC,51808318,K05,K05.1,1207,-1.436102,19.607899
NSFC,51808320,K03,K03.1|K03.2,590,-55.217297,23.554068
NSFC,51808330,K03,K03.1|K03.2,590,-55.217297,23.554068
NSFC,51808361,K02,K02.1,250,20.815762,-43.169292
NSFC,51808365,K05,K05.1,1266,-1.4046737,19.622856
NSFC,51808366,K05,K05.1|K05.2,1324,-2.4883177,9.183801
NSFC,51808377,K01,K01.1,40,15.046959,79.9606
NSFC,51808384,K05,K05.1,1251,-14.05731,23.951305
NSFC,51808385,K04,K04.3,1179,-2.06478,-51.931522
NSFC,51808392,K05,K05.1,1251,-14.05731,23.951305
NSFC,51808393,K05,K05.1|K05.3,1391,-5.252804,15.832041
NSFC,51808409,K01,K01.1|K01.2,155,7.6130033,79.323654
NSFC,51808410,K02,K02.1,344,88.162346,-5.3961053
NSFC,51808413,K05,K05.1,1251,-9.774881,22.102842
NSFC,51808422,K03,K03.1|K03.3,665,-46.4583,4.966161
NSFC,51808425,K05,K05.1,1198,-15.6960535,22.851067
NSFC,51808433,K04,K04.1|K04.3,952,-24.112988,-16.429976
NSFC,51808451,K02,K02.1,344,88.162346,-5.3961053
NSFC,51808452,K02,K02.1,351,74.02288,15.109548
NSFC,51808463,K02,K02.1,344,88.162346,-5.3961053
NSFC,51808476,K03,K03.3,737,-63.059273,-4.380488
NSFC,51808486,K04,K04.1|K04.3,1078,-5.283783,-59.324177
NSFC,51808495,K01,K01.2,218,-1.3787869,85.43857
NSFC,51808498,K02,K02.1,360,43.295387,-37.07581
NSFC,51808520,K03,K03.3,772,-65.086815,9.510553
NSFC,51808524,K04,K04.1|K04.3,983,8.827075,-78.45932
NSFC,51808533,K04,K04.1|K04.2|K04.3,918,-23.065653,-29.37246
NSFC,51808536,K02,K02.1,360,43.295387,-37.07581
NSFC,51808543,K05,K05.1|K05.3,1396,-6.170166,11.905248
NSFC,51808548,K02,K02.1,265,50.95586,-60.770424
NSFC,51808549,K02,K02.1|K02.2,475,67.92708,-6.45441
NSFC,51809007,K03,K03.1|K03.2|K03.3,620,-91.77276,9.497699
NSFC,51809008,K02,K02.1|K02.2,464,71.34738,32.361897
NSFC,51809047,K04,K04.3,1165,8.174492,-59.935085
NSFC,51809049,K03,K03.1|K03.3,649,-81.914894,-0.49412775
NSFC,51809073,K02,K02.1,360,43.295387,-37.07581
NSFC,51809078,K04,K04.3,1155,-20.64389,-99.69776
NSFC,51809098,K05,K05.1,1273,-24.683191,18.014101
NSFC,51809103,K02,K02.1,240,33.5258,-58.960106
NSFC,51809143,K03,K03.2|K03.3,712,-59.697163,-12.075473
NSFC,51809145,K05,K05.1|K05.2,1342,5.541872,3.0817716
NSFC,51809172,K02,K02.1,235,27.163996,-61.750576
NSFC,51809174,K03,K03.1|K03.3,641,-60.159885,-13.415741
NSFC,51809192,K02,K02.1,360,43.295387,-37.07581
NSFC,51809207,K03,K03.3,750,-75.82528,-15.6539345
NSFC,51809240,K02,K02.1,265,50.95586,-60.770424
NSFC,51809242,K03,K03.2|K03.3,718,-96.692406,10.19579
NSFC,51809252,K03,K03.2|K03.3,718,-96.692406,10.19579
NSFC,51809254,K02,K02.1,360,43.295387,-37.07581
NSFC,51809283,K04,K04.1,866,-22.587019,-59.255505
NSFC,51809295,K02,K02.1,285,41.370483,51.843845
NSFC,51809297,K03,K03.3,750,-75.82528,-15.6539345
NSFC,51834007,K02,K02.1,274,60.71663,55.56429
NSFC,51838002,K05,K05.3,1503,-5.545408,14.3629055
NSFC,51838003,K05,K05.1,1251,-11.439301,25.700047
NSFC,51838007,K04,K04.1|K04.3,1078,-5.283783,-59.324177
NSFC,51838009,K02,K02.1,250,20.815762,-43.169292
NSFC,51838013,K02,K02.1,235,27.163996,-61.750576
NSFC,51865049,K04,K04.1|K04.3,983,8.827075,-78.45932
NSFC,51868011,K02,K02.1,360,43.295387,-37.07581
NSFC,51868018,K04,K04.1,860,-8.346064,-60.44709
NSFC,51868025,K02,K02.1,250,20.815762,-43.169292
NSFC,51868058,K01,K01.1,1,-34.62806,68.9483
NSFC,51868060,K05,K05.1,1252,-0.387466,23.057775
NSFC,51868064,K05,K05.2,1430,2.1177132,16.879776
NSFC,51869023,K02,K02.1,295,0.09985375,-32.30974
NSFC,51871129,K02,K02.1,265,50.95586,-60.770424
NSFC,51875049,K04,K04.1|K04.3,1034,-69.171875,-41.39273
NSFC,51875149,K04,K04.1|K04.3,1045,-43.849434,-23.783655
NSFC,51875261,K04,K04.1|K04.3,966,-35.723064,-27.820154
NSFC,51875314,K04,K04.1|K04.3,952,-24.112988,-16.429976
NSFC,51876164,K02,K02.1,250,20.815762,-43.169292
NSFC,51877181,K01,K01.1|K01.2,121,-55.626812,61.800545
NSFC,51877185,K04,K04.1|K04.3,983,8.827075,-78.45932
NSFC,51877190,K04,K04.1|K04.3,1086,-22.469738,-67.45508
NSFC,51878024,K02,K02.1,265,50.95586,-60.770424
NSFC,51878048,K02,K02.1,250,20.815762,-43.169292
NSFC,51878050,K04,K04.1|K04.3,983,8.827075,-78.45932
NSFC,51878052,K05,K05.1|K05.2,1324,-2.4879131,9.184062
NSFC,51878069,K04,K04.1|K04.3,983,8.827075,-78.45932
NSFC,51878070,K02,K02.1,265,52.087364,-60.74736
NSFC,51878086,K04,K04.1,859,-7.8783507,-58.629185
NSFC,51878087,K02,K02.1,316,18.776417,29.321875
NSFC,51878094,K02,K02.1,250,20.815762,-43.169292
NSFC,51878132,K02,K02.1,250,20.815762,-43.169292
NSFC,51878138,K05,K05.1,1252,-0.387466,23.057775
NSFC,51878142,K01,K01.1|K01.2,138,-3.161143,78.53111
NSFC,51878165,K04,K04.3,1159,-10.141949,-93.10396
NSFC,51878205,K05,K05.2,1430,2.1177237,16.879774
NSFC,51878208,K04,K04.1|K04.3,1070,-4.775208,-55.479412
NSFC,51878210,K02,K02.1|K02.2,452,84.6176,5.2965555
NSFC,51878252,K02,K02.1,316,18.776417,29.321875
NSFC,51878258,K02,K02.1,250,20.815762,-43.169292
NSFC,51878279,K05,K05.1,1252,-0.387466,23.057775
NSFC,51878284,K01,K01.1|K01.2,139,4.8050323,79.007835
NSFC,51878285,K05,K05.1|K05.3,1414,-6.285858,4.937138
NSFC,51878286,K04,K04.1,859,-7.8777966,-58.62964
NSFC,51878288,K02,K02.1,308,62.616093,-41.798744
NSFC,51878306,K05,K05.1,1251,-11.393431,24.211596
NSFC,51878327,K05,K05.1|K05.2,1329,-0.48796657,18.010403
NSFC,51878329,K05,K05.1,1251,-12.349863,24.306906
NSFC,51878330,K02,K02.1,333,30.285156,14.30456
NSFC,51878333,K02,K02.1,360,43.295387,-37.07581
NSFC,51878336,K02,K02.1,250,20.815762,-43.169292
NSFC,51878339,K05,K05.1,1266,-1.4046737,19.622856
NSFC,51878362,K04,K04.1|K04.3,952,-24.112988,-16.429976
NSFC,51878368,K02,K02.1,301,4.1634316,-15.483717
NSFC,51878373,K04,K04.1|K04.3,1009,-58.678406,-54.60885
NSFC,51878392,K02,K02.1,351,74.02288,15.109548
NSFC,51878393,K02,K02.1,316,18.776417,29.321875
NSFC,51878394,K02,K02.1,250,20.815762,-43.169292
NSFC,51878406,K02,K02.1,360,43.295387,-37.07581
NSFC,51878409,K05,K05.1,1251,-11.439301,25.700047
NSFC,51878418,K05,K05.1,1251,-9.168372,23.286383
NSFC,51878420,K02,K02.1,235,27.163996,-61.750576
NSFC,51878421,K03,K03.2,675,-58.855396,1.9026004
NSFC,51878428,K01,K01.1,41,14.577399,79.33098
NSFC,51878429,K02,K02.1,318,33.79881,20.447557
NSFC,51878441,K05,K05.3,1507,-6.1411543,13.882871
NSFC,51878452,K01,K01.1,48,7.9789977,75.73433
NSFC,51878453,K05,K05.1,1269,-3.160259,18.954569
NSFC,51878455,K05,K05.1|K05.3,1411,-9.431485,2.2626963
NSFC,51878456,K05,K05.1,1254,-4.7988906,20.185926
NSFC,51878457,K02,K02.1,316,18.776417,29.321875
NSFC,51878458,K05,K05.1,1265,1.9741063,20.132498
NSFC,51878461,K01,K01.1|K01.2,156,7.262948,77.74062
NSFC,51878470,K02,K02.1,235,27.163996,-61.750576
NSFC,51878502,K04,K04.1|K04.3,1001,7.627358,-56.62735
NSFC,51878509,K04,K04.1|K04.3,1009,-58.678406,-54.60885
NSFC,51878510,K01,K01.1|K01.2,99,-33.29918,31.227846
NSFC,51878531,K04,K04.1|K04.3,1056,-12.843825,-49.31409
NSFC,51878536,K04,K04.1|K04.3,983,8.827075,-78.45932
NSFC,51878537,K02,K02.1,308,62.616093,-41.798744
NSFC,51878538,K02,K02.1,250,20.815762,-43.169292
NSFC,51878558,K05,K05.1,1251,-12.369603,24.357712
NSFC,51878591,K05,K05.1,1266,-1.4046737,19.622856
NSFC,51878593,K05,K05.1|K05.3,1404,-5.660462,9.368626
NSFC,51878613,K05,K05.1,1251,-14.05731,23.951305
NSFC,51878629,K04,K04.1|K04.3,1001,7.7461066,-56.372074
NSFC,51878635,K04,K04.1|K04.3,983,8.827075,-78.45932
NSFC,51878638,K02,K02.1,360,43.295387,-37.07581
NSFC,51878652,K04,K04.1|K04.3,983,8.827075,-78.45932
NSFC,51878653,K04,K04.1|K04.2,891,-5.7373543,-74.63806
NSFC,51878660,K05,K05.1,1251,-12.628884,21.449026
NSFC,51879006,K02,K02.1,295,0.09985375,-32.30974
NSFC,51879007,K03,K03.1|K03.2|K03.3,626,-49.59404,8.747359
NSFC,51879008,K02,K02.1,285,41.370483,51.843845
NSFC,51879010,K03,K03.3,768,-49.15328,8.665893
NSFC,51879068,K01,K01.1,13,-6.2306414,41.88243
NSFC,51879069,K02,K02.1,236,29.137192,-52.050907
NSFC,51879073,K04,K04.1|K04.3,1045,-43.849434,-23.783655
NSFC,51879077,K02,K02.1,386,24.685783,-20.834702
NSFC,51879079,K02,K02.1,360,43.295387,-37.07581
NSFC,51879106,K02,K02.1,295,0.09985375,-32.30974
NSFC,51879107,K04,K04.1|K04.2|K04.3,943,-5.5081716,-52.168102
NSFC,51879108,K03,K03.3,743,-62.303055,-12.484466
NSFC,51879133,K02,K02.1,250,20.815762,-43.169292
NSFC,51879162,K02,K02.1|K02.2,451,84.381294,8.2966175
NSFC,51879164,K02,K02.1|K02.2,451,84.381294,8.2966175
NSFC,51879203,K03,K03.3,772,-65.086815,9.510553
NSFC,51879213,K04,K04.1|K04.3,1086,-21.490797,-65.6446
NSFC,51879214,K04,K04.1|K04.3,1086,-21.771902,-65.46107
NSFC,51879215,K03,K03.1|K03.3,641,-60.159885,-13.415741
NSFC,51879239,K02,K02.1,360,43.295387,-37.07581
NSFC,51879272,K01,K01.1,10,-9.378735,97.45452
NSFC,51879274,K02,K02.1,285,41.370483,51.843845
NSFC,51879276,K02,K02.1,285,41.370483,51.843845
NSFC,51879285,K03,K03.1|K03.3,637,-63.74008,-2.9667783
NSFC,51879288,K02,K02.1,285,41.370483,51.843845
NSFC,51904284,K03,K03.3,737,-63.059273,-4.380488
NSFC,51905392,K04,K04.1|K04.3,1010,-61.795395,-43.677254
NSFC,51905469,K04,K04.1,780,-22.651276,-46.296204
NSFC,51905481,K04,K04.3,1159,-10.141949,-93.10396
NSFC,51906081,K02,K02.1,235,27.163996,-61.750576
NSFC,51906175,K02,K02.1,250,20.815762,-43.169292
NSFC,51906264,K02,K02.1,250,20.815762,-43.169292
NSFC,51907025,K04,K04.1|K04.3,1086,-22.844143,-67.05032
NSFC,51907045,K04,K04.1|K04.3,1045,-43.849434,-23.783655
NSFC,51907092,K04,K04.1,878,-32.45148,-39.14119
NSFC,51907097,K03,K03.3,750,-75.82528,-15.6539345
NSFC,51907106,K04,K04.1|K04.3,1008,-49.56196,-61.703064
NSFC,51907138,K04,K04.1|K04.3,1108,-31.949196,-37.82038
NSFC,51907140,K04,K04.1|K04.3,1090,-24.704744,-69.918205
NSFC,51907143,K01,K01.1,1,-34.62806,68.9483
NSFC,51907151,K03,K03.2,682,-87.37512,19.87828
NSFC,51907166,K01,K01.2,223,-15.626439,62.785862
NSFC,51908002,K01,K01.1|K01.2,155,7.6130033,79.323654
NSFC,51908004,K05,K05.1,1254,-4.7991433,20.186007
NSFC,51908019,K04,K04.1|K04.3,1078,-5.28422,-59.324116
NSFC,51908028,K01,K01.1|K01.2,114,-29.797308,36.21878
NSFC,51908034,K04,K04.1,859,-7.8783507,-58.629185
NSFC,51908036,K04,K04.3,1179,-2.06478,-51.931522
NSFC,51908039,K05,K05.1,1252,-0.38737574,23.05803
NSFC,51908054,K04,K04.1|K04.3,1045,-43.849434,-23.783655
NSFC,51908060,K04,K04.1|K04.3,1001,7.514274,-56.719986
NSFC,51908063,K04,K04.2|K04.3,1147,-12.897207,-52.948162
NSFC,51908078,K05,K05.1,1253,-1.8964784,21.01974
NSFC,51908102,K02,K02.1,344,88.162346,-5.3961053
NSFC,51908109,K02,K02.1|K02.2,428,70.93462,33.529713
NSFC,51908113,K01,K01.1,39,21.627583,79.368225
NSFC,51908114,K02,K02.1|K02.2,451,84.381294,8.2966175
NSFC,51908115,K05,K05.1,1266,-1.4046737,19.622856
NSFC,51908135,K02,K02.1,344,88.162346,-5.3961053
NSFC,51908145,K02,K02.1,265,52.087364,-60.74736
NSFC,51908199,K02,K02.1,250,20.815762,-43.169292
NSFC,51908202,K01,K01.1,39,21.627583,79.368225
NSFC,51908203,K02,K02.1,383,63.427055,-22.402374
NSFC,51908204,K04,K04.2|K04.3,1135,-3.5043237,-76.511986
NSFC,51908205,K04,K04.1,781,-11.059428,-76.25337
NSFC,51908221,K01,K01.2,218,-1.3787869,85.43857
NSFC,51908238,K02,K02.1,265,52.087364,-60.74736
NSFC,51908249,K01,K01.1|K01.2,123,-56.249985,63.287308
NSFC,51908269,K04,K04.1|K04.3,983,8.827075,-78.45932
NSFC,51908279,K04,K04.3,1181,-4.4008865,-60.4077
NSFC,51908289,K02,K02.1,317,35.23826,20.821253
NSFC,51908299,K04,K04.1|K04.3,983,8.827075,-78.45932
NSFC,51908303,K04,K04.1|K04.3,1045,-43.849434,-23.783655
NSFC,51908310,K02,K02.1,344,88.73216,-4.863309
NSFC,51908311,K03,K03.2,702,-63.3782,7.2299047
NSFC,51908316,K04,K04.1|K04.3,983,8.827075,-78.45932
NSFC,51908332,K01,K01.1|K01.2,130,4.2993383,79.11649
NSFC,51908346,K02,K02.1,316,18.776417,29.321875
NSFC,51908350,K01,K01.1|K01.2,138,-3.161143,78.53111
NSFC,51908362,K05,K05.1|K05.3,1393,-7.43301,13.487077
NSFC,51908363,K04,K04.1,862,-8.782633,-61.25807
NSFC,51908376,K01,K01.1,47,9.028555,78.52985
NSFC,51908407,K01,K01.1,1,-34.62806,68.9483
NSFC,51908410,K04,K04.1|K04.3,1078,-5.282069,-59.32459
NSFC,51908411,K05,K05.1,1253,-1.8965119,21.019714
NSFC,51908413,K01,K01.1,46,8.955781,79.66593
NSFC,51908435,K05,K05.1|K05.3,1410,-3.497854,18.337608
NSFC,51908443,K02,K02.1,311,63.803585,-36.53334
NSFC,51908452,K04,K04.1,813,-39.533405,-53.72874
NSFC,51908462,K02,K02.1|K02.2,423,84.40714,5.3379116
NSFC,51908463,K04,K04.1|K04.3,1078,-5.283783,-59.324177
NSFC,51908467,K03,K03.3,773,-69.872444,-8.105224
NSFC,51908469,K05,K05.1,1251,-12.331132,24.341679
NSFC,51908475,K05,K05.1,1251,-10.9283285,24.200306
NSFC,51908483,K02,K02.1,351,74.02288,15.109548
NSFC,51908488,K05,K05.1,1227,-5.0732503,20.206717
NSFC,51908489,K02,K02.1,316,18.776417,29.321875
NSFC,51908490,K05,K05.1,1251,-13.640513,22.193521
NSFC,51908504,K04,K04.1|K04.3,1100,-27.817991,-39.434105
NSFC,51908519,K04,K04.1|K04.3,1001,7.5223427,-56.721394
NSFC,51908523,K03,K03.1|K03.3,646,-85.92936,1.4803712
NSFC,51908530,K02,K02.1,250,20.815762,-43.169292
NSFC,51908531,K04,K04.1,798,-9.607636,-70.04601
NSFC,51908540,K02,K02.1,360,43.295387,-37.07581
NSFC,51908544,K02,K02.1,344,88.162346,-5.3961053
NSFC,51908566,K02,K02.1,250,20.815762,-43.169292
NSFC,51909006,K02,K02.1,295,0.09985375,-32.30974
NSFC,51909013,K03,K03.3,741,-61.67101,-12.346121
NSFC,51909017,K01,K01.1|K01.2,121,-55.626812,61.800545
NSFC,51909033,K04,K04.3,1185,-25.128271,-83.43539
NSFC,51909052,K05,K05.1|K05.2,1341,3.9890616,2.6487312
NSFC,51909058,K02,K02.1,310,5.444364,32.476498
NSFC,51909061,K03,K03.1,545,-65.47673,31.658333
NSFC,51909062,K04,K04.1|K04.3,1086,-22.92082,-66.98612
NSFC,51909067,K04,K04.1|K04.3,952,-24.112988,-16.429976
NSFC,51909081,K04,K04.1|K04.3,1062,-13.274135,-51.797436
NSFC,51909106,K02,K02.1,285,41.370483,51.843845
NSFC,51909112,K03,K03.3,750,-75.82528,-15.6539345
NSFC,51909117,K03,K03.2,685,-80.3981,26.16524
NSFC,51909176,K03,K03.1|K03.2,599,-49.21178,3.9731677
NSFC,51909191,K02,K02.1,310,5.444364,32.476498
NSFC,51909207,K05,K05.1,1273,-24.683191,18.014101
NSFC,51909233,K04,K04.3,1183,-26.690006,-76.939476
NSFC,51909239,K04,K04.1|K04.3,1082,-26.767342,-76.12203
NSFC,51909261,K02,K02.1,327,28.90042,24.884512
NSFC,51909272,K02,K02.1,285,41.370483,51.843845
NSFC,51909273,K02,K02.1,254,26.503986,-41.006073
NSFC,51909275,K02,K02.1,360,43.295387,-37.07581
NSFC,51909278,K02,K02.1,252,34.349384,-40.23251
NSFC,51909286,K02,K02.1,285,41.370483,51.843845
NSFC,51938001,K04,K04.1|K04.3,952,-24.112988,-16.429976
NSFC,51938004,K04,K04.1,802,-10.263878,-71.01724
NSFC,51938005,K02,K02.1,250,20.815762,-43.169292
NSFC,51938007,K02,K02.1,235,27.163996,-61.750576
NSFC,51938008,K04,K04.1|K04.2,887,-8.615076,-76.19319
NSFC,51938010,K04,K04.1|K04.3,983,8.827075,-78.45932
NSFC,51938013,K04,K04.1,781,-11.059428,-76.25337
NSFC,51939006,K02,K02.1,295,0.09985375,-32.30974
NSFC,51968003,K03,K03.1,549,-66.82962,27.798197
NSFC,51968012,K02,K02.1,316,18.776417,29.321875
NSFC,51968017,K04,K04.1|K04.3,983,8.827075,-78.45932
NSFC,51968027,K05,K05.1,1251,-12.150788,24.290777
NSFC,51968063,K02,K02.1,247,30.657293,-59.22272
NSFC,51969016,K04,K04.1,875,-27.42877,-39.92771
NSFC,51969018,K03,K03.2|K03.3,727,-47.312042,2.288831
NSFC,51974022,K02,K02.1|K02.2,418,32.49712,-55.5237
NSFC,51974267,K04,K04.1|K04.2,909,-24.534119,-60.556164
NSFC,51975066,K03,K03.3,750,-75.82528,-15.6539345
NSFC,51975407,K04,K04.1|K04.2|K04.3,933,-62.152588,-44.172436
NSFC,51975434,K04,K04.1|K04.2|K04.3,938,-45.519257,-30.245174
NSFC,51976027,K04,K04.1|K04.3,983,8.827075,-78.45932
NSFC,51976069,K02,K02.1,250,20.815762,-43.169292
NSFC,51976101,K02,K02.1,250,20.815762,-43.169292
NSFC,51976229,K04,K04.3,1175,-78.673935,-48.361103
NSFC,51977012,K02,K02.1,360,43.295387,-37.07581
NSFC,51977062,K04,K04.1|K04.3,1086,-22.322838,-66.71996
NSFC,51977067,K04,K04.1|K04.3,952,-24.112988,-16.429976
NSFC,51978007,K04,K04.1|K04.3,983,8.827075,-78.45932
NSFC,51978008,K04,K04.3,1185,-25.128271,-83.43539
NSFC,51978009,K04,K04.1|K04.3,1086,-21.8229,-65.416595
NSFC,51978023,K04,K04.1,803,-12.044018,-68.952354
NSFC,51978032,K02,K02.1,235,27.163996,-61.750576
NSFC,51978044,K04,K04.3,1179,-2.06478,-51.931522
NSFC,51978049,K03,K03.1|K03.3,649,-82.032394,-0.4956932
NSFC,51978050,K05,K05.1,1251,-11.439301,25.700047
NSFC,51978089,K03,K03.1|K03.3,665,-46.457485,4.966372
NSFC,51978090,K01,K01.1|K01.2,144,4.3255167,75.719986
NSFC,51978091,K05,K05.1,1254,-4.7991433,20.186007
NSFC,51978092,K02,K02.1,351,74.02122,15.112664
NSFC,51978093,K05,K05.1,1265,1.9746654,20.133028
NSFC,51978131,K04,K04.1|K04.3,1086,-22.18115,-67.05137
NSFC,51978140,K04,K04.1|K04.3,1070,-4.775142,-55.47927
NSFC,51978141,K02,K02.1,318,33.79881,20.447557
NSFC,51978142,K05,K05.1,1267,-1.4043058,19.641739
NSFC,51978144,K04,K04.1|K04.3,1078,-5.2814407,-59.325626
NSFC,51978145,K01,K01.1,39,21.627583,79.368225
NSFC,51978146,K02,K02.1,316,18.776417,29.321875
NSFC,51978147,K04,K04.1|K04.3,1069,-5.286675,-51.104786
NSFC,51978164,K04,K04.1|K04.3,1041,-30.382961,-70.96966
NSFC,51978173,K05,K05.1|K05.2,1327,1.6915337,17.67032
NSFC,51978180,K03,K03.3,741,-61.67101,-12.346121
NSFC,51978191,K04,K04.1|K04.3,1078,-5.2814407,-59.325626
NSFC,51978192,K05,K05.1,1251,-11.439301,25.700047
NSFC,51978200,K02,K02.1,235,27.163996,-61.750576
NSFC,51978223,K03,K03.1|K03.3,630,-59.067944,-2.2488768
NSFC,51978267,K05,K05.1|K05.2|K05.3,1347,-3.8175654,6.3502617
NSFC,51978269,K04,K04.1|K04.3,1078,-5.2809176,-59.326874
NSFC,51978270,K02,K02.1,349,69.42762,6.0203075
NSFC,51978273,K05,K05.2,1441,5.51019,8.080523
NSFC,51978274,K01,K01.1,39,21.627583,79.368225
NSFC,51978276,K02,K02.1,316,18.776417,29.321875
NSFC,51978283,K03,K03.3,750,-75.82528,-15.6539345
NSFC,51978287,K02,K02.1,295,0.09985375,-32.30974
NSFC,51978296,K05,K05.1,1252,-0.3874206,23.057777
NSFC,51978299,K05,K05.1,1251,-11.439301,25.700047
NSFC,51978327,K02,K02.1,250,20.815762,-43.169292
NSFC,51978329,K05,K05.3,1507,-6.1411543,13.882871
NSFC,51978348,K04,K04.1|K04.3,1086,-22.050186,-66.822914
NSFC,51978361,K02,K02.1,316,18.776417,29.321875
NSFC,51978363,K04,K04.1,860,-8.346329,-60.44641
NSFC,51978369,K04,K04.1|K04.3,983,8.827075,-78.45932
NSFC,51978378,K04,K04.1|K04.3,1001,7.7461066,-56.372074
NSFC,51978399,K02,K02.1,235,27.163996,-61.750576
NSFC,51978419,K05,K05.1|K05.3,1396,-6.170166,11.905248
NSFC,51978421,K04,K04.1|K04.3,1068,-4.832047,-50.345203
NSFC,51978443,K05,K05.1,1265,1.9741063,20.132498
NSFC,51978447,K02,K02.1,316,18.776417,29.321875
NSFC,51978453,K01,K01.1,46,8.955781,79.66593
NSFC,51978454,K01,K01.1|K01.2,175,-22.29692,85.68103
NSFC,51978474,K05,K05.1,1252,-0.38733646,23.058298
NSFC,51978477,K02,K02.1,309,63.798927,-36.531998
NSFC,51978479,K02,K02.1,317,35.238163,20.82134
NSFC,51978480,K05,K05.1,1251,-11.439301,25.700047
NSFC,51978492,K04,K04.1,780,-22.605713,-46.804573
NSFC,51978493,K01,K01.2,207,-42.613377,46.514423
NSFC,51978530,K03,K03.3,745,-91.14339,-1.6421233
NSFC,51978535,K01,K01.1,39,21.627583,79.368225
NSFC,51978573,K02,K02.1,344,88.73216,-4.863309
NSFC,51978592,K04,K04.1|K04.3,1045,-43.849434,-23.783655
NSFC,51978594,K02,K02.1,316,18.776417,29.321875
NSFC,51978607,K04,K04.1,780,-22.570576,-46.63653
NSFC,51978617,K05,K05.1,1252,-0.387466,23.057775
NSFC,51978642,K02,K02.1,386,24.685783,-20.834702
NSFC,51978647,K04,K04.1|K04.3,952,-24.112988,-16.429976
NSFC,51978655,K03,K03.3,750,-75.82528,-15.6539345
NSFC,51979005,K03,K03.1|K03.2,570,-60.056946,1.3920203
NSFC,51979011,K02,K02.1,265,52.087364,-60.74736
NSFC,51979040,K02,K02.1,250,20.815762,-43.169292
NSFC,51979066,K02,K02.1|K02.2,425,27.516665,-44.25981
NSFC,51979071,K02,K02.1,285,41.370483,51.843845
NSFC,51979080,K02,K02.1,393,41.779507,-10.188074
NSFC,51979105,K02,K02.1,285,41.370483,51.843845
NSFC,51979107,K02,K02.1|K02.2,448,69.160324,-38.952698
NSFC,51979114,K04,K04.3,1162,-13.227467,-90.32351
NSFC,51979158,K03,K03.3,750,-75.82528,-15.6539345
NSFC,51979176,K03,K03.3,750,-75.82528,-15.6539345
NSFC,51979184,K02,K02.1,265,51.678894,-62.45558
NSFC,51979195,K02,K02.1,386,24.685783,-20.834702
NSFC,51979198,K02,K02.1,354,81.00997,23.927158
NSFC,51979201,K02,K02.1|K02.2,451,83.983894,9.034555
NSFC,51979221,K05,K05.2,1446,3.6672735,-0.56490225
NSFC,51979232,K02,K02.1,360,43.295387,-37.07581
NSFC,51979233,K04,K04.1,835,-35.964027,-58.35402
NSFC,51979239,K01,K01.1|K01.2,164,-12.071604,61.388172
NSFC,51979262,K02,K02.1|K02.2,464,71.34694,32.36294
NSFC,51979271,K02,K02.1,316,18.776417,29.321875
NSFC,51979296,K02,K02.1,265,51.678894,-62.45558
NSFC,52000021,K02,K02.1,360,43.295387,-37.07581
NSFC,52000026,K02,K02.1,250,20.815762,-43.169292
NSFC,52000043,K02,K02.1,250,20.815762,-43.169292
NSFC,52000078,K04,K04.3,1175,-78.673935,-48.361103
NSFC,52000080,K04,K04.1,798,-9.607636,-70.04601
NSFC,52000085,K03,K03.3,769,-44.685078,2.9993844
NSFC,52000103,K02,K02.1,250,20.815762,-43.169292
NSFC,52000109,K02,K02.1,250,20.815762,-43.169292
NSFC,52000117,K01,K01.1|K01.2,92,-11.063443,96.57638
NSFC,52000127,K03,K03.3,773,-69.87295,-8.105227
NSFC,52000130,K03,K03.1|K03.2|K03.3,621,-59.46168,16.687386
NSFC,52000146,K02,K02.1,265,51.678894,-62.45558
NSFC,52000154,K04,K04.1|K04.3,983,8.827075,-78.45932
NSFC,52000157,K02,K02.1,250,20.815762,-43.169292
NSFC,52000168,K03,K03.1|K03.2,604,-55.769344,2.384789
NSFC,52000177,K04,K04.1|K04.3,952,-24.112988,-16.429976
NSFC,52000180,K05,K05.1,1277,4.5889935,10.37316
NSFC,52000183,K02,K02.1,250,20.815762,-43.169292
NSFC,52000185,K02,K02.1,285,41.370483,51.843845
NSFC,52000186,K02,K02.1,250,20.815762,-43.169292
NSFC,52000187,K04,K04.1|K04.3,952,-24.112988,-16.429976
NSFC,52001050,K02,K02.1,265,51.678894,-62.45558
NSFC,52001134,K03,K03.3,750,-75.82528,-15.6539345
NSFC,52002045,K01,K01.1,51,-52.14721,85.10136
NSFC,52002065,K04,K04.1|K04.3,1045,-43.849434,-23.783655
NSFC,52002127,K04,K04.1|K04.3,1041,-30.382961,-70.96966
NSFC,52002144,K02,K02.1,235,27.163996,-61.750576
NSFC,52002154,K04,K04.1|K04.3,1034,-69.171875,-41.39273
NSFC,52002177,K03,K03.2,694,-43.875904,20.697796
NSFC,52002184,K03,K03.2,685,-79.67066,25.725273
NSFC,52002282,K02,K02.1,360,43.295387,-37.07581
NSFC,52002319,K04,K04.1|K04.3,1033,-37.35162,-65.953224
NSFC,52004095,K02,K02.1,250,20.815762,-43.169292
NSFC,52004114,K02,K02.1,250,20.815762,-43.169292
NSFC,52004258,K03,K03.3,763,-48.934456,13.858019
NSFC,52004314,K02,K02.1,386,24.685783,-20.834702
NSFC,52005062,K04,K04.3,1175,-78.673935,-48.361103
NSFC,52005068,K04,K04.1|K04.3,1045,-43.849434,-23.783655
NSFC,52005442,K04,K04.3,1173,-72.860664,-48.996895
NSFC,52006078,K02,K02.1,250,20.815762,-43.169292
NSFC,52006106,K02,K02.1,250,20.815762,-43.169292
NSFC,52006114,K04,K04.1|K04.3,983,8.827075,-78.45932
NSFC,52007004,K04,K04.3,1188,-36.274094,-36.055614
NSFC,52007026,K04,K04.1|K04.3,1086,-21.557364,-66.57936
NSFC,52007029,K04,K04.1|K04.3,1045,-43.849434,-23.783655
NSFC,52007051,K05,K05.2,1456,8.000571,2.1780694
NSFC,52007128,K04,K04.1|K04.3,1045,-43.849434,-23.783655
NSFC,52007131,K04,K04.1|K04.3,1045,-43.849434,-23.783655
NSFC,52007143,K04,K04.1|K04.3,1045,-43.849434,-23.783655
NSFC,52007173,K04,K04.1|K04.3,1033,-37.35162,-65.953224
NSFC,52008001,K03,K03.1,549,-66.82962,27.798197
NSFC,52008005,K02,K02.1,316,18.776417,29.321875
NSFC,52008006,K03,K03.2,694,-43.875904,20.697796
NSFC,52008014,K02,K02.1,386,24.685783,-20.834702
NSFC,52008015,K02,K02.2,506,87.13179,-1.8777066
NSFC,52008016,K02,K02.1,316,18.776417,29.321875
NSFC,52008017,K05,K05.1,1266,-1.4046737,19.622856
NSFC,52008024,K01,K01.1|K01.2,139,4.8050323,79.007835
NSFC,52008025,K02,K02.1,344,88.73216,-4.863309
NSFC,52008030,K04,K04.1|K04.3,1086,-21.820547,-66.751816
NSFC,52008034,K02,K02.1,344,88.162346,-5.3961053
NSFC,52008049,K02,K02.1,351,74.02288,15.109548
NSFC,52008051,K02,K02.1,316,18.776417,29.321875
NSFC,52008052,K05,K05.1|K05.2,1320,-0.9450466,14.018502
NSFC,52008065,K04,K04.1|K04.3,983,8.827075,-78.45932
NSFC,52008075,K01,K01.1|K01.2,78,-33.363117,77.24456
NSFC,52008084,K05,K05.1,1266,-1.4046737,19.622856
NSFC,52008085,K01,K01.1,46,8.955781,79.66593
NSFC,52008086,K01,K01.1,43,14.52313,79.01397
NSFC,52008099,K03,K03.3,750,-75.82528,-15.6539345
NSFC,52008110,K05,K05.1|K05.3,1404,-5.660203,9.368808
NSFC,52008111,K05,K05.1,1224,-21.685736,12.102914
NSFC,52008112,K01,K01.1|K01.2,145,-2.4193459,73.108025
NSFC,52008114,K05,K05.2,1439,6.3567085,8.537719
NSFC,52008115,K03,K03.1,549,-66.82962,27.798197
NSFC,52008122,K04,K04.1|K04.3,952,-24.112988,-16.429976
NSFC,52008128,K01,K01.1|K01.2,155,7.6130033,79.323654
NSFC,52008129,K04,K04.1|K04.3,1078,-5.2814407,-59.325626
NSFC,52008130,K01,K01.1,48,7.9789977,75.73433
NSFC,52008131,K02,K02.1,344,88.162346,-5.3961053
NSFC,52008132,K04,K04.1|K04.3,983,8.827075,-78.45932
NSFC,52008142,K04,K04.1|K04.2,891,-5.7373543,-74.63806
NSFC,52008143,K02,K02.1,344,88.162346,-5.3961053
NSFC,52008155,K01,K01.1,55,1.6717364,64.2797
NSFC,52008156,K02,K02.1,250,20.815762,-43.169292
NSFC,52008167,K05,K05.3,1508,-5.889412,13.206337
NSFC,52008177,K02,K02.1,353,69.32138,10.373289
NSFC,52008178,K02,K02.1,351,74.02122,15.112664
NSFC,52008180,K05,K05.1,1251,-11.439301,25.700047
NSFC,52008181,K05,K05.1,1251,-11.439301,25.700047
NSFC,52008195,K02,K02.1,316,18.776417,29.321875
NSFC,52008200,K02,K02.1,316,18.776417,29.321875
NSFC,52008201,K04,K04.1|K04.3,1069,-5.2871857,-51.106075
NSFC,52008204,K01,K01.1|K01.2,142,4.63609,78.87988
NSFC,52008226,K05,K05.1|K05.3,1402,-8.051448,12.919046
NSFC,52008227,K01,K01.1|K01.2,156,7.262948,77.74062
NSFC,52008237,K02,K02.1,351,74.02122,15.112664
NSFC,52008245,K02,K02.1,250,20.815762,-43.169292
NSFC,52008263,K02,K02.1,250,20.815762,-43.169292
NSFC,52008267,K05,K05.1|K05.2,1318,0.6512386,15.83671
NSFC,52008275,K03,K03.1,538,-81.80077,10.307721
NSFC,52008276,K02,K02.1,344,88.73216,-4.863309
NSFC,52008278,K01,K01.1|K01.2,138,-3.161143,78.53111
NSFC,52008281,K05,K05.1,1251,-11.439301,25.700047
NSFC,52008289,K05,K05.1,1252,-0.38737574,23.05803
NSFC,52008295,K02,K02.1,348,34.71111,-2.268682
NSFC,52008299,K05,K05.1,1269,-3.160259,18.954569
NSFC,52008301,K02,K02.1,316,18.776417,29.321875
NSFC,52008308,K05,K05.1,1205,-14.454327,11.584049
NSFC,52008324,K04,K04.1|K04.3,1079,-6.201654,-61.056538
NSFC,52008329,K02,K02.1,344,88.73216,-4.863309
NSFC,52008336,K02,K02.1|K02.2,451,83.983894,9.034555
NSFC,52008345,K04,K04.1|K04.3,1062,-13.274375,-51.797386
NSFC,52008346,K02,K02.1,316,18.776417,29.321875
NSFC,52008362,K01,K01.1|K01.2,73,-31.48679,69.531525
NSFC,52008380,K05,K05.1|K05.3,1393,-7.43284,13.486788
NSFC,52008388,K02,K02.1,235,27.163996,-61.750576
NSFC,52008389,K02,K02.1,316,18.776417,29.321875
NSFC,52008393,K04,K04.1|K04.3,1034,-69.171875,-41.39273
NSFC,52009005,K04,K04.3,1185,-25.128271,-83.43539
NSFC,52009007,K03,K03.1,538,-81.80077,10.307721
NSFC,52009022,K04,K04.1|K04.3,952,-24.112988,-16.429976
NSFC,52009026,K04,K04.3,1185,-25.128271,-83.43539
NSFC,52009029,K04,K04.1,866,-22.587019,-59.255505
NSFC,52009030,K04,K04.1|K04.3,1086,-21.639097,-66.287735
NSFC,52009055,K02,K02.1,316,18.776417,29.321875
NSFC,52009091,K02,K02.1,285,41.370483,51.843845
NSFC,52009092,K04,K04.1|K04.3,1062,-13.274392,-51.79747
NSFC,52009098,K04,K04.3,1185,-25.128271,-83.43539
NSFC,52009099,K02,K02.1,269,54.05155,-54.90884
NSFC,52009100,K03,K03.3,750,-75.82528,-15.6539345
NSFC,52009116,K02,K02.1,360,43.295387,-37.07581
NSFC,52009121,K04,K04.1|K04.3,1086,-21.31307,-65.605316
NSFC,52009139,K02,K02.1,344,88.73216,-4.863309
NSFC,52009141,K03,K03.1|K03.2,604,-55.769344,2.384789
NSFC,52009143,K04,K04.1|K04.3,1086,-22.172962,-67.548996
NSFC,52060017,K01,K01.1,55,1.6717364,64.2797
NSFC,52062014,K02,K02.1,274,60.71663,55.56429
NSFC,52062016,K03,K03.2|K03.3,714,-91.86555,15.656811
NSFC,52062024,K02,K02.1,250,20.815762,-43.169292
NSFC,52062026,K05,K05.2,1448,-1.12342,4.5889435
NSFC,52062027,K04,K04.1|K04.3,1045,-43.849434,-23.783655
NSFC,52062039,K03,K03.1|K03.2,599,-49.21178,3.9731677
NSFC,52063029,K04,K04.1|K04.3,983,8.827075,-78.45932
NSFC,52068017,K04,K04.1|K04.3,972,-4.6781206,-55.467793
NSFC,52068036,K02,K02.1,250,20.815762,-43.169292
NSFC,52068040,K02,K02.1,316,18.776417,29.321875
NSFC,52068057,K05,K05.3,1510,-4.406612,14.917403
NSFC,52068067,K05,K05.1,1251,-11.439301,25.700047
NSFC,52069012,K01,K01.1|K01.2,164,-12.071604,61.388172
NSFC,52069015,K03,K03.2|K03.3,727,-47.312103,2.2887917
NSFC,52069020,K01,K01.1|K01.2,99,-33.29918,31.227846
NSFC,52070003,K02,K02.1,308,62.616093,-41.798744
NSFC,52070004,K02,K02.1,360,43.295387,-37.07581
NSFC,52070014,K02,K02.1,360,43.295387,-37.07581
NSFC,52070017,K02,K02.1,397,30.570475,-0.4237033
NSFC,52070022,K03,K03.1|K03.2,599,-49.21178,3.9731677
NSFC,52070027,K03,K03.3,741,-61.67101,-12.346121
NSFC,52070034,K01,K01.1|K01.2,175,-21.372236,84.67458
NSFC,52070052,K04,K04.1|K04.3,952,-24.112988,-16.429976
NSFC,52070059,K04,K04.2|K04.3,1137,-1.1876179,-73.92167
NSFC,52070065,K02,K02.1,250,20.815762,-43.169292
NSFC,52070067,K02,K02.1,250,20.815762,-43.169292
NSFC,52070075,K04,K04.1|K04.2,909,-24.542906,-60.561916
NSFC,52070083,K02,K02.1,250,20.815762,-43.169292
NSFC,52070087,K04,K04.3,1155,-20.64389,-99.69776
NSFC,52070091,K04,K04.2|K04.3,1153,-28.474485,-38.832233
NSFC,52070102,K02,K02.1,360,43.295387,-37.07581
NSFC,52070105,K02,K02.1,250,20.815762,-43.169292
NSFC,52070107,K04,K04.1|K04.3,952,-24.112988,-16.429976
NSFC,52070112,K04,K04.1,866,-22.587019,-59.255505
NSFC,52070119,K01,K01.1|K01.2,90,-31.423971,76.6005
NSFC,52070126,K02,K02.1,250,20.815762,-43.169292
NSFC,52070130,K02,K02.1,250,20.815762,-43.169292
NSFC,52070132,K02,K02.1,386,24.685783,-20.834702
NSFC,52070133,K04,K04.1|K04.2|K04.3,924,-2.193266,-75.59107
NSFC,52070140,K02,K02.1,360,43.295387,-37.07581
NSFC,52070145,K02,K02.1,360,43.295387,-37.07581
NSFC,52070157,K02,K02.1,308,62.616093,-41.798744
NSFC,52070172,K02,K02.1,235,27.163996,-61.750576
NSFC,52070186,K02,K02.1,360,43.295387,-37.07581
NSFC,52070187,K02,K02.1,258,34.061687,-39.9671
NSFC,52070192,K03,K03.1|K03.3,665,-46.45806,4.9665256
NSFC,52070193,K01,K01.1|K01.2,78,-33.363117,77.24456
NSFC,52071248,K03,K03.3,752,-75.08255,-10.205956
NSFC,52072012,K02,K02.1|K02.2,474,64.08929,-21.765842
NSFC,52072025,K02,K02.1,316,18.776417,29.321875
NSFC,52072044,K03,K03.2,677,-50.15652,2.2511833
NSFC,52072045,K02,K02.1,361,44.103584,-29.442547
NSFC,52072068,K04,K04.1|K04.3,1083,-27.02845,-74.6724
NSFC,52072069,K01,K01.2,212,-50.51855,62.660133
NSFC,52072071,K03,K03.3,745,-91.3053,-1.5033962
NSFC,52072129,K01,K01.1,39,21.627583,79.368225
NSFC,52072216,K03,K03.3,751,-75.43441,-10.256476
NSFC,52072263,K05,K05.1|K05.3,1396,-6.1701155,11.905278
NSFC,52072286,K03,K03.1|K03.2,593,-53.620884,21.977053
NSFC,52072290,K02,K02.1,253,24.159191,-40.085957
NSFC,52072340,K01,K01.1|K01.2,109,-31.188,38.684265
NSFC,52074035,K02,K02.1,250,20.815762,-43.169292
NSFC,52074064,K02,K02.1,295,0.09985375,-32.30974
NSFC,52074118,K03,K03.3,750,-75.82528,-15.6539345
NSFC,52074292,K02,K02.1,265,51.678894,-62.45558
NSFC,52075303,K04,K04.1|K04.3,1033,-37.35162,-65.953224
NSFC,52075312,K04,K04.1,835,-35.964027,-58.35402
NSFC,52076067,K04,K04.1|K04.2|K04.3,930,5.5685797,-58.390633
NSFC,52076090,K04,K04.1|K04.3,983,8.827075,-78.45932
NSFC,52076163,K04,K04.1|K04.2|K04.3,918,-23.065796,-29.372425
NSFC,52076202,K03,K03.2,680,-58.30891,-12.312012
NSFC,52077035,K04,K04.1|K04.3,1038,-70.08946,-40.603836
NSFC,52077075,K04,K04.3,1185,-25.128271,-83.43539
NSFC,52077106,K04,K04.1|K04.3,1034,-69.174034,-41.394524
NSFC,52077108,K03,K03.2,685,-79.67066,25.725273
NSFC,52077144,K02,K02.1,275,77.93738,50.04157
NSFC,52077150,K04,K04.1|K04.3,983,8.827075,-78.45932
NSFC,52077189,K04,K04.1|K04.3,998,1.8066967,-80.497536
NSFC,52078004,K02,K02.1,310,5.444364,32.476498
NSFC,52078006,K04,K04.1|K04.3,1066,-6.241823,-61.07763
NSFC,52078007,K05,K05.1|K05.2,1318,0.65129334,15.836555
NSFC,52078023,K02,K02.1,386,24.685783,-20.834702
NSFC,52078027,K03,K03.1|K03.2,583,-57.294678,22.55761
NSFC,52078033,K02,K02.1,235,27.163996,-61.750576
NSFC,52078036,K04,K04.1|K04.3,952,-24.112988,-16.429976
NSFC,52078069,K05,K05.1|K05.2,1328,-0.5614597,18.16605
NSFC,52078074,K02,K02.1,315,19.916882,23.933283
NSFC,52078076,K02,K02.1|K02.2,429,70.406265,-5.2022543
NSFC,52078104,K03,K03.3,735,-59.277534,-3.7836695
NSFC,52078114,K05,K05.1,1254,-4.7990475,20.185955
NSFC,52078115,K05,K05.1|K05.3,1393,-7.43284,13.486788
NSFC,52078131,K04,K04.1|K04.2,891,-5.7373543,-74.63806
NSFC,52078150,K03,K03.2|K03.3,712,-59.69737,-12.075475
NSFC,52078157,K04,K04.1|K04.3,983,8.827075,-78.45932
NSFC,52078160,K02,K02.1,316,18.776417,29.321875
NSFC,52078176,K03,K03.3,737,-63.059273,-4.380488
NSFC,52078193,K03,K03.1|K03.3,660,-62.526184,19.078377
NSFC,52078197,K05,K05.1|K05.3,1394,-5.193085,15.794888
NSFC,52078198,K04,K04.1|K04.3,983,8.827075,-78.45932
NSFC,52078222,K02,K02.1,310,5.444364,32.476498
NSFC,52078224,K01,K01.1|K01.2,139,4.8050323,79.007835
NSFC,52078229,K02,K02.1,344,88.73216,-4.863309
NSFC,52078237,K05,K05.1|K05.3,1399,-6.2195663,10.569171
NSFC,52078243,K04,K04.1|K04.3,983,8.827075,-78.45932
NSFC,52078244,K02,K02.1,344,88.162346,-5.3961053
NSFC,52078245,K05,K05.1|K05.3,1393,-7.43284,13.486788
NSFC,52078246,K05,K05.1,1251,-11.439301,25.700047
NSFC,52078254,K05,K05.1|K05.3,1397,-6.164767,11.941771
NSFC,52078263,K05,K05.1,1269,-3.160259,18.954569
NSFC,52078296,K04,K04.1|K04.3,959,-27.315035,-26.438501
NSFC,52078307,K04,K04.1|K04.3,1057,-11.9278755,-49.33584
NSFC,52078311,K04,K04.1|K04.3,1001,7.7461066,-56.372074
NSFC,52078315,K04,K04.1|K04.3,1081,-33.287483,-49.289856
NSFC,52078322,K04,K04.1|K04.3,996,-6.2434607,-61.359684
NSFC,52078327,K05,K05.1,1252,-0.38733646,23.058298
NSFC,52078328,K05,K05.1,1251,-11.439301,25.700047
NSFC,52078330,K05,K05.1,1251,-11.439301,25.700047
NSFC,52078335,K04,K04.1|K04.3,952,-24.112988,-16.429976
NSFC,52078346,K02,K02.1,317,35.238163,20.82134
NSFC,52078347,K05,K05.1,1251,-11.439301,25.700047
NSFC,52078349,K03,K03.1,545,-65.47673,31.658333
NSFC,52078351,K01,K01.1,16,-5.142035,42.43621
NSFC,52078352,K05,K05.1,1251,-11.439301,25.700047
NSFC,52078353,K02,K02.1,344,88.73216,-4.863309
NSFC,52078357,K05,K05.1,1268,2.6369996,19.729351
NSFC,52078366,K04,K04.1|K04.3,1001,7.7461066,-56.372074
NSFC,52078388,K02,K02.1,345,84.91933,-3.49873
NSFC,52078403,K05,K05.1,1251,-11.439301,25.700047
NSFC,52078404,K05,K05.1,1269,-3.160259,18.954569
NSFC,52078405,K05,K05.1,1251,-11.439301,25.700047
NSFC,52078409,K02,K02.1,250,20.815762,-43.169292
NSFC,52078416,K05,K05.1,1252,-0.38733697,23.057856
NSFC,52078419,K04,K04.1,859,-7.8780622,-58.62956
NSFC,52078422,K05,K05.2,1430,2.1177042,16.880022
NSFC,52078423,K02,K02.1,325,29.29835,20.931166
NSFC,52078436,K04,K04.1|K04.3,952,-24.112988,-16.429976
NSFC,52078440,K04,K04.1|K04.2,907,-7.8034167,-55.2108
NSFC,52078443,K04,K04.1|K04.3,953,-12.443459,-82.17437
NSFC,52078444,K05,K05.1,1252,-0.38733697,23.057856
NSFC,52078446,K05,K05.2,1451,3.7990966,0.42895117
NSFC,52078447,K05,K05.1|K05.3,1395,-11.526877,2.6123307
NSFC,52078448,K04,K04.1|K04.3,952,-24.112988,-16.429976
NSFC,52078471,K05,K05.2,1439,6.3564034,8.537437
NSFC,52078472,K04,K04.1|K04.2|K04.3,924,-2.1932826,-75.59305
NSFC,52078474,K04,K04.1|K04.3,952,-24.112988,-16.429976
NSFC,52078475,K02,K02.1,316,18.776417,29.321875
NSFC,52078481,K05,K05.1,1198,-15.6960535,22.851067
NSFC,52078484,K04,K04.1|K04.3,983,8.827075,-78.45932
NSFC,52078505,K04,K04.1|K04.3,1001,7.7461066,-56.372074
NSFC,52079005,K03,K03.1|K03.3,658,-59.052406,14.758731
NSFC,52079010,K02,K02.1,295,0.09985375,-32.30974
NSFC,52079026,K03,K03.2,685,-79.67066,25.725273
NSFC,52079037,K05,K05.1,1224,-21.583445,11.997261
NSFC,52079039,K02,K02.1,265,52.087364,-60.74736
NSFC,52079046,K03,K03.3,739,-72.36119,-12.660629
NSFC,52079065,K03,K03.1|K03.2,572,-49.886948,3.897189
NSFC,52079079,K05,K05.1|K05.2,1337,3.644106,8.7955475
NSFC,52079086,K02,K02.1,360,43.295387,-37.07581
NSFC,52079087,K05,K05.1,1194,-14.737568,6.995543
NSFC,52079088,K04,K04.1|K04.3,1033,-37.35162,-65.953224
NSFC,52079090,K02,K02.1,237,29.38775,-52.145775
NSFC,52079099,K02,K02.1,360,43.295387,-37.07581
NSFC,52079101,K02,K02.1,384,30.940323,-20.563046
NSFC,52079103,K02,K02.1,316,18.776417,29.321875
NSFC,52079106,K03,K03.1|K03.3,643,-83.94943,0.9018506
NSFC,52079111,K03,K03.2|K03.3,718,-96.692406,10.19579
NSFC,52079112,K03,K03.2|K03.3,709,-47.536106,1.9802964
NSFC,52079115,K03,K03.1|K03.2,573,-56.756958,1.7584628
NSFC,52079130,K04,K04.2|K04.3,1152,-25.428537,-80.9836
NSFC,52079136,K01,K01.1|K01.2,164,-12.067659,61.398296
NSFC,52079146,K02,K02.1,386,24.685783,-20.834702
NSFC,52079151,K03,K03.2,685,-80.3981,26.16524
NSFC,52100022,K04,K04.3,1159,-10.141949,-93.10396
NSFC,52100024,K04,K04.1|K04.2|K04.3,924,-2.1933324,-75.592995
NSFC,52100028,K02,K02.1,250,20.815762,-43.169292
NSFC,52100032,K02,K02.1,250,20.815762,-43.169292
NSFC,52100035,K04,K04.1|K04.3,952,-24.112988,-16.429976
NSFC,52100040,K02,K02.1,360,43.295387,-37.07581
NSFC,52100043,K04,K04.1|K04.3,952,-24.112988,-16.429976
NSFC,52100045,K04,K04.1|K04.3,1086,-21.803867,-66.96071
NSFC,52100049,K04,K04.1|K04.3,983,8.827075,-78.45932
NSFC,52100059,K02,K02.1,360,43.295387,-37.07581
NSFC,52100061,K02,K02.1,360,43.295387,-37.07581
NSFC,52100065,K02,K02.1,250,20.815762,-43.169292
NSFC,52100125,K02,K02.1,265,51.678894,-62.45558
NSFC,52100141,K02,K02.1,235,27.163996,-61.750576
NSFC,52100208,K02,K02.1,393,41.77966,-10.188095
NSFC,52100212,K02,K02.1,295,0.09985375,-32.30974
NSFC,52100214,K04,K04.1|K04.2|K04.3,947,-24.19818,-62.707794
NSFC,52100217,K02,K02.1,360,43.295387,-37.07581
NSFC,52100218,K02,K02.1,360,43.295387,-37.07581
NSFC,52100220,K01,K01.1|K01.2,175,-22.29692,85.68103
NSFC,52101402,K01,K01.2,212,-50.51855,62.660133
NSFC,52101405,K03,K03.2|K03.3,718,-96.692406,10.19579
NSFC,52102027,K02,K02.1,235,27.163996,-61.750576
NSFC,52102367,K04,K04.1|K04.3,983,8.827075,-78.45932
NSFC,52102374,K04,K04.3,1159,-10.141949,-93.10396
NSFC,52102383,K02,K02.1,293,39.632362,-19.24267
NSFC,52102389,K04,K04.1,835,-35.964027,-58.35402
NSFC,52102398,K04,K04.1|K04.3,1045,-43.849434,-23.783655
NSFC,52102402,K02,K02.1,316,18.776417,29.321875
NSFC,52102406,K03,K03.3,764,-47.96287,13.399799
NSFC,52102408,K04,K04.1,868,-39.927956,-40.08921
NSFC,52102411,K03,K03.2|K03.3,718,-96.692406,10.19579
NSFC,52102413,K03,K03.3,750,-75.82528,-15.6539345
NSFC,52102415,K02,K02.1,285,41.370483,51.843845
NSFC,52102427,K03,K03.2,685,-80.3981,26.16524
NSFC,52102453,K04,K04.1|K04.3,1033,-37.35162,-65.953224
NSFC,52104149,K04,K04.3,1155,-20.64389,-99.69776
NSFC,52106135,K02,K02.1,274,60.71663,55.56429
NSFC,52106146,K02,K02.1,265,51.678894,-62.45558
NSFC,52106168,K02,K02.1,265,52.087364,-60.74736
NSFC,52106170,K02,K02.1,250,20.815762,-43.169292
NSFC,52106235,K02,K02.1,250,20.815762,-43.169292
NSFC,52106257,K02,K02.1,250,20.815762,-43.169292
NSFC,52107067,K04,K04.1|K04.3,1083,-27.02845,-74.6724
NSFC,52107085,K04,K04.1|K04.3,1049,-49.336266,-27.804758
NSFC,52107092,K04,K04.3,1185,-25.128271,-83.43539
NSFC,52107106,K04,K04.1|K04.2|K04.3,947,-24.198029,-62.708263
NSFC,52107118,K03,K03.3,769,-44.685078,2.9993844
NSFC,52107191,K04,K04.1|K04.3,952,-24.112988,-16.429976
NSFC,52107199,K04,K04.1,846,-46.606277,-38.351658
NSFC,52107212,K04,K04.1|K04.3,952,-24.112988,-16.429976
NSFC,52108003,K02,K02.1,388,29.966434,-10.533526
NSFC,52108006,K03,K03.1|K03.3,636,-63.247463,-2.6405857
NSFC,52108009,K04,K04.3,1181,-4.4008427,-60.40883
NSFC,52108011,K04,K04.1|K04.3,995,6.4995117,-72.82426
NSFC,52108012,K01,K01.1,27,-75.58461,49.768772
NSFC,52108019,K01,K01.1|K01.2,157,7.261967,77.664665
NSFC,52108021,K02,K02.1,344,88.162346,-5.3961053
NSFC,52108023,K04,K04.1|K04.3,1078,-5.280763,-59.32653
NSFC,52108025,K04,K04.2|K04.3,1136,-66.92322,-54.76571
NSFC,52108027,K01,K01.1|K01.2,156,7.262948,77.74062
NSFC,52108035,K05,K05.1|K05.3,1400,-6.157938,11.938937
NSFC,52108036,K04,K04.3,1177,-14.006021,-52.755894
NSFC,52108037,K05,K05.1,1251,-11.439301,25.700047
NSFC,52108038,K05,K05.1,1251,-11.439301,25.700047
NSFC,52108040,K05,K05.1|K05.3,1406,-5.868987,9.256612
NSFC,52108042,K02,K02.1,317,35.238163,20.82134
NSFC,52108043,K01,K01.1|K01.2,138,-3.161143,78.53111
NSFC,52108044,K05,K05.1|K05.3,1396,-6.170166,11.905248
NSFC,52108045,K02,K02.1,344,88.73216,-4.863309
NSFC,52108046,K03,K03.1,549,-66.82962,27.798197
NSFC,52108048,K02,K02.1,316,18.776417,29.321875
NSFC,52108050,K05,K05.1|K05.3,1403,-5.416076,9.0825205
NSFC,52108051,K03,K03.1,546,-66.417534,28.746355
NSFC,52108052,K05,K05.1|K05.3,1408,-7.5275126,11.412548
NSFC,52108053,K04,K04.1|K04.3,1072,-5.5836344,-49.69387
NSFC,52108056,K02,K02.1,397,30.570475,-0.4237033
NSFC,52108059,K01,K01.1,46,8.955781,79.66593
NSFC,52108060,K02,K02.1,317,35.238163,20.82134
NSFC,52108064,K02,K02.1,316,18.776417,29.321875
NSFC,52108069,K02,K02.1,250,20.815762,-43.169292
NSFC,52108073,K02,K02.1,250,20.815762,-43.169292
NSFC,52108074,K04,K04.1|K04.3,988,-60.244843,-54.66707
NSFC,52108152,K04,K04.1|K04.2|K04.3,918,-23.065807,-29.372395
NSFC,52108245,K04,K04.1|K04.3,983,8.827075,-78.45932
NSFC,52108255,K04,K04.3,1155,-20.64389,-99.69776
NSFC,52108264,K02,K02.1,250,20.815762,-43.169292
NSFC,52108353,K03,K03.1,545,-65.47673,31.658333
NSFC,52108360,K04,K04.1|K04.3,994,6.509667,-72.860916
NSFC,52108411,K01,K01.1,12,14.375579,51.123745
NSFC,52108441,K04,K04.1|K04.3,952,-24.112988,-16.429976
NSFC,52108457,K04,K04.3,1164,8.226209,-59.43357
NSFC,52108459,K04,K04.1|K04.3,952,-24.112988,-16.429976
NSFC,52108469,K03,K03.1|K03.3,630,-59.067554,-2.248864
NSFC,52108482,K04,K04.1,780,-22.635828,-46.86807
NSFC,52109001,K03,K03.1|K03.3,650,-83.04162,0.5726596
NSFC,52109004,K03,K03.2|K03.3,718,-96.692406,10.19579
NSFC,52109007,K02,K02.1,295,0.09985375,-32.30974
NSFC,52109008,K03,K03.3,750,-75.82528,-15.6539345
NSFC,52109010,K01,K01.1|K01.2,162,-8.69199,64.02383
NSFC,52109011,K05,K05.1|K05.3,1412,-25.740938,17.896856
NSFC,52109018,K01,K01.1|K01.2,134,15.43325,68.48948
NSFC,52109023,K02,K02.1|K02.2,464,71.34694,32.36294
NSFC,52109025,K03,K03.3,761,-59.040115,15.059977
NSFC,52109026,K01,K01.1|K01.2,99,-33.29918,31.227846
NSFC,52109028,K05,K05.1,1277,4.589118,10.372973
NSFC,52109033,K02,K02.1,360,43.295387,-37.07581
NSFC,52109034,K05,K05.1,1273,-24.683191,18.014101
NSFC,52109035,K02,K02.1,355,37.849483,-31.540384
NSFC,52109040,K02,K02.1,360,43.295387,-37.07581
NSFC,52109042,K04,K04.2|K04.3,1150,-26.072426,-78.647026
NSFC,52109057,K04,K04.1|K04.3,1083,-27.02845,-74.6724
NSFC,52109071,K04,K04.1|K04.3,1097,-36.47952,-36.181576
NSFC,52109099,K03,K03.3,760,-44.926617,-10.429467
NSFC,52109144,K03,K03.3,741,-61.67101,-12.346121
NSFC,52109150,K04,K04.1,803,-12.044018,-68.952354
NSFC,52208483,K04,K04.1|K04.3,1001,7.7461066,-56.372074
NSFC,52302423,K03,K03.3,745,-91.14339,-1.6421233
NSFC,61533002,K04,K04.1|K04.3,1045,-43.849434,-23.783655
NSFC,61572059,K01,K01.1,27,-75.58461,49.768772
NSFC,61572069,K03,K03.2,685,-79.67066,25.725273
NSFC,61572208,K04,K04.1|K04.3,1034,-69.171875,-41.39273
NSFC,61572212,K01,K01.1|K01.2,84,-13.13429,66.222534
NSFC,61572437,K03,K03.1,538,-81.80077,10.307721
NSFC,61573054,K04,K04.1|K04.3,1045,-43.849434,-23.783655
NSFC,61573076,K04,K04.1|K04.3,1034,-69.171875,-41.39273
NSFC,61573098,K04,K04.1|K04.3,1041,-30.382961,-70.96966
NSFC,61573106,K04,K04.1|K04.3,1045,-43.849434,-23.783655
NSFC,61573110,K04,K04.1|K04.3,1093,-37.076862,-36.771545
NSFC,61573299,K04,K04.3,1175,-78.68189,-48.357662
NSFC,61573317,K04,K04.3,1167,-72.623405,-65.486496
NSFC,61601133,K01,K01.1|K01.2,99,-33.29918,31.227846
NSFC,61601229,K01,K01.2,207,-42.613377,46.514423
NSFC,61601333,K04,K04.3,1167,-72.623405,-65.486496
NSFC,61603005,K03,K03.2|K03.3,714,-91.86555,15.6568165
NSFC,61603009,K01,K01.1,12,14.375579,51.123745
NSFC,61603012,K01,K01.1,12,14.375579,51.123745
NSFC,61603030,K04,K04.1|K04.3,1016,-56.19122,-39.81306
NSFC,61603031,K01,K01.1,30,-35.702602,67.26062
NSFC,61603176,K04,K04.3,1185,-25.128271,-83.43539
NSFC,61604108,K04,K04.1|K04.3,1008,-49.803818,-62.19321
NSFC,61631011,K03,K03.2|K03.3,714,-91.86555,15.6568165
NSFC,61661009,K03,K03.1|K03.2,580,-86.290184,16.74926
NSFC,61663007,K01,K01.1|K01.2,99,-33.29918,31.227846
NSFC,61663021,K04,K04.3,1175,-78.68189,-48.357662
NSFC,61663047,K01,K01.1|K01.2,138,-3.161143,78.53111
NSFC,61671425,K01,K01.1,12,14.375579,51.123745
NSFC,61671451,K01,K01.1,12,14.375579,51.123745
NSFC,61672069,K03,K03.2,685,-79.67066,25.725273
NSFC,61672399,K03,K03.2|K03.3,718,-96.64164,9.801442
NSFC,61673181,K01,K01.1|K01.2,100,-52.755844,45.239037
NSFC,61673232,K04,K04.1|K04.3,1045,-43.849434,-23.783655
NSFC,61673355,K04,K04.3,1172,-70.30408,-54.51574
NSFC,61673366,K04,K04.3,1175,-78.68189,-48.357662
NSFC,61675167,K01,K01.1,12,14.375579,51.123745
NSFC,61701031,K01,K01.1|K01.2,138,-3.161143,78.53111
NSFC,61701233,K02,K02.1,274,60.71663,55.56429
NSFC,61701265,K01,K01.1,51,-52.14721,85.10136
NSFC,61703034,K04,K04.1|K04.3,1045,-43.849434,-23.783655
NSFC,61703064,K02,K02.1,360,43.295387,-37.07581
NSFC,61703068,K04,K04.1|K04.3,1051,-43.11052,-29.688072
NSFC,61703145,K04,K04.1|K04.3,1045,-43.849434,-23.783655
NSFC,61703164,K04,K04.1|K04.3,1034,-69.07366,-41.24787
NSFC,61703165,K04,K04.1|K04.3,1086,-21.211351,-65.67018
NSFC,61703236,K04,K04.1|K04.3,1045,-43.849434,-23.783655
NSFC,61703300,K04,K04.1|K04.3,1045,-43.849434,-23.783655
NSFC,61703349,K02,K02.1,360,43.295387,-37.07581
NSFC,61731022,K04,K04.1,812,-43.402584,-48.857395
NSFC,61762057,K01,K01.2,207,-42.613377,46.514423
NSFC,61763040,K01,K01.1|K01.2,126,-40.863907,43.10684
NSFC,61765013,K01,K01.1|K01.2,100,-52.755844,45.239037
NSFC,61773056,K04,K04.1|K04.3,1045,-43.849434,-23.783655
NSFC,61773168,K04,K04.1|K04.3,1086,-21.211351,-65.67018
NSFC,61773195,K02,K02.1,293,39.632362,-19.24267
NSFC,61773243,K04,K04.1|K04.3,1086,-21.29027,-67.21182
NSFC,61773313,K01,K01.1,28,-73.19309,50.86996
NSFC,61773338,K05,K05.1|K05.2,1332,-23.814476,17.12935
NSFC,61773348,K04,K04.1|K04.3,1083,-27.02845,-74.6724
NSFC,61773381,K04,K04.3,1175,-78.673935,-48.361103
NSFC,61801213,K01,K01.1,12,14.375579,51.123745
NSFC,61802010,K04,K04.1|K04.3,1008,-49.723316,-60.536346
NSFC,61802261,K01,K01.1,12,14.375579,51.123745
NSFC,61802325,K04,K04.3,1185,-25.128271,-83.43539
NSFC,61802380,K04,K04.1|K04.3,1008,-49.9273,-61.881836
NSFC,61802387,K03,K03.2,699,-49.453102,2.481177
NSFC,61803051,K04,K04.3,1172,-70.30408,-54.51574
NSFC,61803091,K04,K04.1|K04.3,1083,-27.02847,-74.67262
NSFC,61803284,K04,K04.1|K04.3,1045,-43.849434,-23.783655
NSFC,61806068,K03,K03.3,750,-75.82528,-15.6539345
NSFC,61833002,K04,K04.1|K04.3,1086,-21.528898,-66.571655
NSFC,61863019,K04,K04.1,866,-22.586582,-59.25545
NSFC,61871020,K01,K01.1|K01.2,74,-8.709025,64.028175
NSFC,61871278,K03,K03.2,694,-43.875904,20.697796
NSFC,61871295,K04,K04.1,812,-43.4,-48.86144
NSFC,61872037,K02,K02.1,275,77.93738,50.04157
NSFC,61872306,K03,K03.2|K03.3,718,-96.692406,10.19579
NSFC,61873009,K04,K04.3,1175,-78.673935,-48.361103
NSFC,61873018,K04,K04.1|K04.3,1086,-21.945623,-67.52268
NSFC,61873084,K05,K05.2|K05.3,1487,7.1188912,2.1209805
NSFC,61873098,K04,K04.1|K04.3,1049,-49.336266,-27.804758
NSFC,61873225,K04,K04.1|K04.3,1088,-25.430061,-64.93971
NSFC,61876138,K01,K01.1|K01.2,101,-50.531086,46.734802
NSFC,61876218,K03,K03.2,685,-79.67066,25.725273
NSFC,61902154,K04,K04.2|K04.3,1139,-70.89373,-64.39891
NSFC,61902232,K03,K03.2,685,-79.67066,25.725273
NSFC,61902296,K04,K04.1|K04.3,1008,-49.9273,-61.881836
NSFC,61903004,K04,K04.1|K04.3,1045,-43.849434,-23.783655
NSFC,61903010,K04,K04.1|K04.3,1045,-43.849434,-23.783655
NSFC,61903012,K04,K04.1|K04.3,1008,-50.073265,-61.70222
NSFC,61903020,K02,K02.1,316,18.776417,29.321875
NSFC,61903229,K04,K04.1|K04.3,1019,-54.237896,-39.704105
NSFC,61906191,K03,K03.2,685,-79.67066,25.725273
NSFC,61962024,K04,K04.1|K04.3,1045,-43.849434,-23.783655
NSFC,61963011,K04,K04.1|K04.3,1050,-53.665073,-39.558193
NSFC,61963020,K04,K04.1|K04.3,1045,-43.849434,-23.783655
NSFC,61963022,K04,K04.1|K04.3,1033,-37.32921,-65.87729
NSFC,61966013,K01,K01.1|K01.2,128,25.074694,66.2427
NSFC,61966040,K03,K03.3,745,-91.14339,-1.6421233
NSFC,61971317,K01,K01.1,39,21.627583,79.368225
NSFC,61971363,K03,K03.2,685,-79.67066,25.725273
NSFC,61972044,K04,K04.1|K04.3,1008,-49.803818,-62.19321
NSFC,61973009,K01,K01.2,207,-42.613377,46.514423
NSFC,61973010,K04,K04.3,1173,-72.86091,-48.996742
NSFC,61973028,K01,K01.1,27,-75.58461,49.768772
NSFC,61973070,K04,K04.3,1175,-78.68606,-48.359722
NSFC,61973107,K03,K03.3,737,-63.059273,-4.380488
NSFC,61973110,K04,K04.3,1175,-78.68606,-48.359722
NSFC,61973171,K04,K04.1,866,-22.586521,-59.255466
NSFC,61973265,K04,K04.1|K04.3,1045,-43.849434,-23.783655
NSFC,61973310,K04,K04.1|K04.3,975,-27.927427,-22.859312
NSFC,61975106,K04,K04.1|K04.3,952,-24.112988,-16.429976
NSFC,61976087,K03,K03.2,685,-79.67066,25.725273
NSFC,61976226,K01,K01.1|K01.2,121,-55.479034,61.10009
NSFC,61976234,K01,K01.1,12,14.375579,51.123745
NSFC,61977022,K04,K04.3,1167,-72.623405,-65.486496
NSFC,62001175,K04,K04.1|K04.3,1008,-49.9273,-61.881836
NSFC,62002101,K01,K01.1|K01.2,99,-33.29918,31.227846
NSFC,62002117,K04,K04.1|K04.3,1033,-37.32921,-65.87729
NSFC,62002286,K03,K03.2,685,-79.67066,25.725273
NSFC,62003126,K04,K04.1|K04.3,1045,-43.849434,-23.783655
NSFC,62003185,K01,K01.1,12,14.375579,51.123745
NSFC,62003376,K04,K04.1|K04.3,1045,-43.849434,-23.783655
NSFC,62063014,K03,K03.3,750,-75.82528,-15.6539345
NSFC,62063023,K04,K04.1|K04.3,1034,-69.171875,-41.39273
NSFC,62066030,K01,K01.2,223,-15.626439,62.785862
NSFC,62071006,K01,K01.2,207,-42.613377,46.514423
NSFC,62071439,K01,K01.1|K01.2,100,-52.568203,44.94751
NSFC,62071457,K01,K01.1,12,14.375579,51.123745
NSFC,62072235,K03,K03.2,685,-79.67066,25.725273
NSFC,62072258,K04,K04.3,1172,-70.30408,-54.51574
NSFC,62072391,K01,K01.1,12,14.375579,51.123745
NSFC,62072409,K01,K01.1,27,-75.58461,49.768772
NSFC,62072429,K01,K01.1,13,-6.2306395,41.882435
NSFC,62073006,K01,K01.1,12,14.375579,51.123745
NSFC,62073025,K04,K04.1,846,-46.606277,-38.351658
NSFC,62073074,K04,K04.1|K04.3,1045,-43.849434,-23.783655
NSFC,62073095,K04,K04.1|K04.3,1045,-43.849434,-23.783655
NSFC,62073304,K03,K03.3,745,-91.14339,-1.6421233
NSFC,62076047,K01,K01.1,39,21.627583,79.368225
NSFC,62101458,K04,K04.1|K04.3,1008,-50.073265,-61.70222
NSFC,62102110,K04,K04.3,1172,-70.30401,-54.51578
NSFC,62102246,K04,K04.1|K04.3,1045,-43.849434,-23.783655
NSFC,62102258,K03,K03.2,700,-49.81189,2.2764556
NSFC,62103012,K04,K04.1|K04.3,1045,-43.849434,-23.783655
NSFC,62103056,K01,K01.2,214,-41.121162,43.632133
NSFC,62103124,K01,K01.1|K01.2,182,-40.22289,61.845257
NSFC,62103246,K01,K01.1|K01.2,164,-12.8522835,61.278645
NSFC,62103260,K04,K04.1|K04.3,1045,-43.849434,-23.783655
NSFC,62103321,K04,K04.1|K04.3,997,1.8440173,-80.505615
NSFC,62103345,K03,K03.2,685,-79.67066,25.725273
NSFC,62103350,K04,K04.1|K04.3,1008,-50.073265,-61.70222
NSFC,62105248,K01,K01.1|K01.2,100,-52.755844,45.239037
NSFC,62106168,K03,K03.1,550,-48.150795,5.888604
NSFC,62302261,K02,K02.1,363,42.614742,-32.586926
NSFC,71531011,K04,K04.1|K04.3,1076,-34.303528,-37.062428
NSFC,71533003,K05,K05.1|K05.3,1385,-20.57323,10.048436
NSFC,71533004,K05,K05.1|K05.3,1403,-5.4158473,9.08188
NSFC,71533005,K02,K02.1,287,31.02072,14.341588
NSFC,71533007,K02,K02.1,398,46.234066,-6.7705803
NSFC,71561024,K04,K04.1|K04.3,1074,-26.2593,-65.58299
NSFC,71563018,K05,K05.2,1455,4.794798,-0.41710374
NSFC,71563049,K01,K01.1|K01.2,138,-3.161143,78.53111
NSFC,71563052,K02,K02.1,397,30.570475,-0.4237033
NSFC,71563060,K05,K05.2,1436,4.072633,0.90588146
NSFC,71571013,K04,K04.1|K04.3,1085,-25.862135,-73.53662
NSFC,71571015,K04,K04.1|K04.3,1086,-21.609083,-66.746
NSFC,71571016,K04,K04.1|K04.3,1074,-26.259338,-65.58431
NSFC,71571017,K01,K01.1|K01.2,164,-12.071604,61.388172
NSFC,71571042,K04,K04.1|K04.3,1107,-32.42155,-37.46343
NSFC,71571061,K04,K04.1|K04.3,983,8.827075,-78.45932
NSFC,71571078,K03,K03.3,750,-75.82528,-15.6539345
NSFC,71571109,K04,K04.1|K04.3,1034,-69.171875,-41.39273
NSFC,71571171,K05,K05.2,1451,3.799186,0.42882007
NSFC,71572058,K04,K04.3,1191,-30.72976,-37.805824
NSFC,71572115,K02,K02.1,402,43.215046,7.1972737
NSFC,71573015,K05,K05.2,1432,8.750213,-0.18370542
NSFC,71573016,K02,K02.1,397,30.570475,-0.4237033
NSFC,71573021,K01,K01.1,49,-5.7144537,65.47118
NSFC,71573029,K03,K03.1|K03.2,609,-70.86093,14.235745
NSFC,71573045,K02,K02.1,316,18.776417,29.321875
NSFC,71573063,K02,K02.1|K02.2,485,56.372875,-4.080618
NSFC,71573070,K02,K02.1,316,18.776417,29.321875
NSFC,71573081,K02,K02.1|K02.2,418,32.49712,-55.5237
NSFC,71573114,K01,K01.1|K01.2,184,-21.69492,71.904144
NSFC,71573116,K01,K01.1|K01.2,93,-54.486614,63.870533
NSFC,71573119,K01,K01.1|K01.2,184,-21.69492,71.904144
NSFC,71573127,K02,K02.1,374,48.440804,-16.284716
NSFC,71573131,K05,K05.1|K05.2|K05.3,1358,-4.1459846,4.6864657
NSFC,71573135,K02,K02.1,397,30.570475,-0.4237033
NSFC,71573144,K05,K05.2,1451,3.79916,0.42844656
NSFC,71573149,K05,K05.1|K05.2|K05.3,1349,-3.7322953,5.5683737
NSFC,71573157,K02,K02.1,391,31.042915,-18.11896
NSFC,71573166,K02,K02.1|K02.2,485,56.372875,-4.080618
NSFC,71573205,K02,K02.1,413,48.92171,14.91045
NSFC,71573212,K02,K02.1,405,47.61438,-8.042913
NSFC,71573213,K02,K02.1,370,48.66689,-19.956219
NSFC,71573217,K02,K02.1|K02.2,469,57.13035,-16.153982
NSFC,71573231,K05,K05.1|K05.3,1414,-6.285442,4.936955
NSFC,71573235,K05,K05.1|K05.3,1419,-6.048967,3.613194
NSFC,71573237,K01,K01.1|K01.2,184,-21.69492,71.904144
NSFC,71573242,K03,K03.1|K03.2,605,-71.01345,14.140093
NSFC,71573248,K02,K02.1|K02.2,475,67.92708,-6.45441
NSFC,71573249,K04,K04.3,1189,-28.24966,-39.025593
NSFC,71573252,K02,K02.1,397,30.570475,-0.4237033
NSFC,71573270,K01,K01.1|K01.2,121,-55.626812,61.800545
NSFC,71573291,K05,K05.1|K05.2,1341,3.9898047,2.6470807
NSFC,71601020,K03,K03.2,685,-79.67066,25.725273
NSFC,71601024,K04,K04.1|K04.3,1086,-21.485807,-67.27497
NSFC,71601042,K01,K01.1|K01.2,138,-3.161143,78.53111
NSFC,71601050,K04,K04.1|K04.3,1069,-5.2854443,-51.10267
NSFC,71601070,K05,K05.1,1251,-11.439301,25.700047
NSFC,71601088,K04,K04.1|K04.3,1086,-21.261189,-66.56071
NSFC,71601118,K02,K02.1,366,41.51225,-30.865849
NSFC,71601126,K04,K04.1|K04.3,1083,-27.02847,-74.67262
NSFC,71601142,K04,K04.1,873,-36.954918,-36.19261
NSFC,71601143,K03,K03.3,742,-70.29031,-15.176732
NSFC,71601154,K04,K04.1|K04.3,1086,-21.29027,-67.21182
NSFC,71601155,K05,K05.1,1291,-28.983278,10.58666
NSFC,71601163,K01,K01.2,212,-50.51855,62.660133
NSFC,71601165,K01,K01.1|K01.2,164,-12.06982,61.38375
NSFC,71601167,K04,K04.1|K04.3,978,-31.802765,-34.433613
NSFC,71601187,K04,K04.1|K04.3,980,-32.024746,-34.53313
NSFC,71601192,K05,K05.1,1273,-24.683191,18.014101
NSFC,71602008,K04,K04.1|K04.3,979,-32.035416,-34.80983
NSFC,71602014,K04,K04.1|K04.3,1084,-26.113901,-73.63356
NSFC,71603016,K05,K05.1,1284,8.075318,4.5177574
NSFC,71603020,K02,K02.1,370,48.66689,-19.956219
NSFC,71603024,K01,K01.1,44,14.496051,78.93523
NSFC,71603048,K02,K02.1,397,30.570475,-0.4237033
NSFC,71603050,K02,K02.1,397,30.570475,-0.4237033
NSFC,71603062,K01,K01.1|K01.2,138,-3.161143,78.53111
NSFC,71603070,K02,K02.1,292,42.03513,45.180817
NSFC,71603074,K02,K02.1,415,48.777683,3.4641762
NSFC,71603124,K02,K02.1|K02.2,462,56.692047,-2.8608878
NSFC,71603126,K02,K02.1,370,48.66689,-19.956219
NSFC,71603134,K05,K05.2|K05.3,1477,-1.9047953,2.622698
NSFC,71603135,K04,K04.1|K04.3,1086,-21.233555,-67.15106
NSFC,71603140,K02,K02.1,397,30.570475,-0.4237033
NSFC,71603143,K04,K04.1|K04.3,1086,-21.261189,-66.56071
NSFC,71603158,K02,K02.1|K02.2,451,83.983894,9.034555
NSFC,71603165,K02,K02.1,280,62.37511,50.80131
NSFC,71603168,K04,K04.2,1127,-11.214187,-53.65051
NSFC,71603185,K05,K05.2,1448,-1.1239381,4.589006
NSFC,71603197,K03,K03.1|K03.3,649,-82.032394,-0.4956932
NSFC,71603201,K02,K02.1,388,29.965883,-10.533637
NSFC,71603206,K02,K02.1,412,46.824253,11.382704
NSFC,71603227,K05,K05.2|K05.3,1467,-2.9193108,1.9799415
NSFC,71603247,K02,K02.1|K02.2,485,56.372875,-4.080618
NSFC,71603255,K02,K02.1,370,48.66689,-19.956219
NSFC,71603267,K05,K05.2,1451,3.7991676,0.42856976
NSFC,71603282,K02,K02.1|K02.2,451,83.983894,9.034555
NSFC,71603288,K02,K02.1,389,29.990839,-10.508014
NSFC,71631007,K05,K05.1|K05.3,1366,-15.001243,5.539152
NSFC,71632007,K04,K04.1|K04.3,1113,-33.187023,-49.3762
NSFC,71661019,K02,K02.1,316,18.776417,29.321875
NSFC,71662008,K02,K02.1,415,48.777683,3.4641762
NSFC,71662010,K05,K05.2,1439,6.3566623,8.538381
NSFC,71663004,K05,K05.3,1519,-3.5167024,-1.2133855
NSFC,71663017,K05,K05.1,1251,-11.439301,25.700047
NSFC,71663039,K04,K04.1|K04.3,1074,-26.259394,-65.58299
NSFC,71663051,K05,K05.1|K05.2,1314,-0.3594289,11.1278105
NSFC,71663052,K05,K05.3,1519,-3.5166407,-1.2136691
NSFC,71671001,K04,K04.1,869,-39.223965,-40.381924
NSFC,71671015,K03,K03.2,701,-55.46151,2.44882
NSFC,71671022,K04,K04.3,1179,-2.06478,-51.931522
NSFC,71671023,K04,K04.1,872,-36.234497,-43.589916
NSFC,71671025,K04,K04.1|K04.3,1033,-37.35162,-65.953224
NSFC,71671058,K04,K04.1|K04.3,1087,-20.959082,-68.5763
NSFC,71671065,K02,K02.1,360,43.295387,-37.07581
NSFC,71671072,K02,K02.1,275,77.93738,50.04157
NSFC,71671074,K04,K04.1|K04.2|K04.3,928,-30.243097,-70.40379
NSFC,71671080,K05,K05.3,1515,-4.876227,-2.4315352
NSFC,71671109,K04,K04.1|K04.3,1092,-40.033947,-39.312923
NSFC,71671123,K02,K02.1,380,62.920746,-22.435213
NSFC,71671127,K05,K05.1,1257,-16.1485,23.396881
NSFC,71671139,K04,K04.1|K04.3,1105,-32.496204,-36.021168
NSFC,71671190,K05,K05.2|K05.3,1484,2.167328,0.39849567
NSFC,71672180,K05,K05.3,1521,-4.896796,-2.3757577
NSFC,71672189,K02,K02.1,417,47.512535,29.974957
NSFC,71672193,K04,K04.1,858,-7.843271,-51.911587
NSFC,71673010,K02,K02.1,316,18.776417,29.321875
NSFC,71673014,K01,K01.1|K01.2,138,-3.161143,78.53111
NSFC,71673017,K05,K05.1,1279,-7.5449667,6.215592
NSFC,71673019,K05,K05.1|K05.2,1344,7.45739,3.712321
NSFC,71673027,K04,K04.2|K04.3,1148,-2.7086568,-52.567192
NSFC,71673029,K05,K05.2|K05.3,1468,-2.5151634,1.8721619
NSFC,71673051,K02,K02.1,260,26.382973,-38.14315
NSFC,71673076,K05,K05.3,1519,-3.5167506,-1.2133365
NSFC,71673085,K05,K05.1|K05.2|K05.3,1360,0.075152814,2.4119773
NSFC,71673092,K01,K01.1,60,-20.180399,71.100716
NSFC,71673105,K02,K02.1,316,18.776417,29.321875
NSFC,71673107,K06,K06.2,1565,16.148005,-2.452118
NSFC,71673113,K02,K02.1,316,18.776417,29.321875
NSFC,71673116,K02,K02.1,407,49.345997,-7.029584
NSFC,71673117,K05,K05.2|K05.3,1478,0.5003903,1.6754626
NSFC,71673120,K02,K02.1|K02.2,495,51.291668,-6.4576964
NSFC,71673130,K01,K01.1|K01.2,198,-27.119843,58.905888
NSFC,71673137,K05,K05.2,1428,4.825748,-0.6855574
NSFC,71673161,K04,K04.1,866,-22.586521,-59.255466
NSFC,71673162,K03,K03.1|K03.2|K03.3,628,-64.493454,7.39203
NSFC,71673188,K05,K05.1|K05.3,1386,-25.866549,17.362143
NSFC,71673198,K05,K05.2,1448,-1.1246088,4.589434
NSFC,71673200,K02,K02.1,397,30.570475,-0.4237033
NSFC,71673207,K05,K05.1|K05.2,1324,-2.4904554,9.184752
NSFC,71673219,K02,K02.1|K02.2,491,48.298283,-9.10487
NSFC,71673228,K02,K02.1|K02.2,488,53.071033,-5.639082
NSFC,71673232,K05,K05.1|K05.3,1401,-6.5495987,11.494976
NSFC,71673247,K02,K02.1,316,18.776417,29.321875
NSFC,71673258,K01,K01.1|K01.2,150,-23.662619,68.48203
NSFC,71673262,K05,K05.1|K05.2,1338,6.77918,5.878568
NSFC,71673263,K03,K03.1|K03.3,671,-68.5346,0.49533397
NSFC,71673266,K04,K04.1|K04.3,1100,-27.817991,-39.434105
NSFC,71673267,K03,K03.3,769,-44.685078,2.9993844
NSFC,71673268,K01,K01.1|K01.2,138,-3.161143,78.53111
NSFC,71673270,K02,K02.1,316,18.776417,29.321875
NSFC,71673285,K02,K02.1,397,30.570475,-0.4237033
NSFC,71673308,K06,K06.2,1561,20.590502,-5.384985
NSFC,71701009,K04,K04.3,1185,-25.128271,-83.43539
NSFC,71701011,K04,K04.1|K04.3,1094,-36.234318,-40.376785
NSFC,71701013,K04,K04.1|K04.3,1086,-21.485807,-67.27497
NSFC,71701030,K04,K04.1|K04.3,1108,-31.949379,-37.82058
NSFC,71701041,K04,K04.1|K04.3,1073,-5.6171947,-49.569294
NSFC,71701045,K01,K01.1|K01.2,172,-19.024145,40.51165
NSFC,71701055,K03,K03.3,750,-75.82528,-15.6539345
NSFC,71701056,K04,K04.1|K04.3,1102,-32.381683,-36.064335
NSFC,71701064,K04,K04.1|K04.3,1033,-37.32921,-65.87729
NSFC,71701070,K04,K04.1,870,-39.62813,-40.27046
NSFC,71701077,K05,K05.1|K05.2,1336,5.0000343,9.245774
NSFC,71701079,K04,K04.1|K04.2|K04.3,951,-31.586918,-38.022743
NSFC,71701087,K05,K05.1,1201,-14.329497,7.8203063
NSFC,71701101,K04,K04.1,840,-36.51757,-57.86995
NSFC,71701107,K04,K04.3,1172,-70.29806,-54.52933
NSFC,71701146,K05,K05.2,1451,3.7970624,0.42960402
NSFC,71701152,K01,K01.1,51,-52.14721,85.10136
NSFC,71701155,K03,K03.3,745,-91.14339,-1.6421233
NSFC,71701173,K04,K04.1|K04.3,1108,-31.949453,-37.820084
NSFC,71701215,K03,K03.2,685,-79.67066,25.725273
NSFC,71702073,K04,K04.1|K04.3,1083,-27.02847,-74.67262
NSFC,71703009,K01,K01.1|K01.2,191,-23.461222,68.07802
NSFC,71703039,K05,K05.2,1444,6.7644906,7.61101
NSFC,71703048,K02,K02.1,405,47.615368,-8.043048
NSFC,71703110,K05,K05.2,1451,3.7997086,0.42845017
NSFC,71703149,K02,K02.2,515,67.28555,-11.280278
NSFC,71703153,K02,K02.1,397,30.570475,-0.4237033
NSFC,71703167,K05,K05.2|K05.3,1477,-1.9044602,2.6231558
NSFC,71704002,K05,K05.2,1448,-1.12397,4.588561
NSFC,71704005,K06,K06.2,1562,21.507961,-3.9988813
NSFC,71704009,K03,K03.2|K03.3,731,-69.65729,15.108194
NSFC,71704011,K05,K05.2|K05.3,1485,1.7923855,1.4199551
NSFC,71704015,K05,K05.3,1519,-3.5162585,-1.2127585
NSFC,71704028,K02,K02.1|K02.2,485,56.372875,-4.080618
NSFC,71704029,K04,K04.3,1185,-25.128271,-83.43539
NSFC,71704034,K02,K02.1|K02.2,485,56.372875,-4.080618
NSFC,71704045,K02,K02.1|K02.2,467,56.616844,-15.455578
NSFC,71704052,K02,K02.1,370,48.66689,-19.956219
NSFC,71704065,K02,K02.1|K02.2,486,52.717297,-5.809995
NSFC,71704081,K02,K02.1,386,24.685783,-20.834702
NSFC,71704089,K05,K05.1,1251,-11.439301,25.700047
NSFC,71704094,K02,K02.1,373,33.67242,-5.617318
NSFC,71704097,K05,K05.2|K05.3,1462,-2.3118727,3.3516765
NSFC,71704103,K03,K03.3,773,-69.87295,-8.105227
NSFC,71704124,K02,K02.1,416,56.26877,16.488243
NSFC,71704126,K02,K02.1|K02.2,485,56.372875,-4.080618
NSFC,71704129,K03,K03.1|K03.2,590,-55.217297,23.554068
NSFC,71704134,K02,K02.1,316,18.776417,29.321875
NSFC,71704142,K02,K02.1,370,48.66689,-19.956219
NSFC,71704148,K05,K05.1,1194,-14.737568,6.995543
NSFC,71704162,K02,K02.1,400,45.167587,10.391605
NSFC,71704167,K02,K02.1,235,27.163996,-61.750576
NSFC,71704171,K02,K02.1,402,43.215046,7.1972737
NSFC,71704177,K05,K05.1,1251,-11.439301,25.700047
NSFC,71704178,K01,K01.1|K01.2,184,-21.69404,71.90434
NSFC,71734001,K05,K05.2|K05.3,1482,-3.2211394,2.47464
NSFC,71734004,K05,K05.2|K05.3,1461,-3.1890028,1.7942693
NSFC,71734006,K05,K05.1|K05.2|K05.3,1349,-3.7326462,5.5693727
NSFC,71761025,K04,K04.1|K04.3,1086,-21.945623,-67.52268
NSFC,71761031,K01,K01.1,13,-6.2306395,41.882435
NSFC,71763001,K05,K05.1,1279,-7.5449624,6.2160177
NSFC,71764010,K05,K05.2,1451,3.7969484,0.42933196
NSFC,71764018,K02,K02.1|K02.2,485,56.372875,-4.080618
NSFC,71764024,K02,K02.1,316,18.776417,29.321875
NSFC,71764027,K03,K03.1,562,-67.448654,2.0356562
NSFC,71764032,K05,K05.2|K05.3,1468,-2.515008,1.8720928
NSFC,71764034,K04,K04.1,852,-10.968769,-48.569267
NSFC,71771009,K02,K02.1,285,41.370483,51.843845
NSFC,71771010,K05,K05.1,1224,-21.662983,12.0689335
NSFC,71771014,K04,K04.1|K04.3,1034,-69.07366,-41.24787
NSFC,71771015,K04,K04.1|K04.2,912,-36.613434,-40.731342
NSFC,71771017,K04,K04.1|K04.3,1086,-21.64839,-67.44645
NSFC,71771018,K04,K04.1|K04.3,1086,-21.815788,-67.47627
NSFC,71771019,K04,K04.1|K04.3,1089,-25.354496,-64.864914
NSFC,71771021,K04,K04.1|K04.3,1034,-69.07366,-41.24787
NSFC,71771047,K04,K04.1|K04.3,983,8.827075,-78.45932
NSFC,71771049,K02,K02.1,322,27.69136,17.136131
NSFC,71771061,K02,K02.1,370,48.66689,-19.956219
NSFC,71771067,K01,K01.1|K01.2,186,-22.351109,71.43213
NSFC,71771113,K03,K03.1,551,-48.13504,5.2557573
NSFC,71771137,K04,K04.1|K04.3,1083,-27.02845,-74.6724
NSFC,71771174,K04,K04.1|K04.2|K04.3,937,-68.282364,-42.963543
NSFC,71771194,K04,K04.1|K04.3,975,-27.927427,-22.859312
NSFC,71771209,K02,K02.1,370,48.66689,-19.956219
NSFC,71772106,K04,K04.3,1186,-40.042736,-38.96014
NSFC,71772123,K02,K02.1,386,24.685783,-20.834702
NSFC,71773016,K02,K02.1,397,30.570475,-0.4237033
NSFC,71773043,K02,K02.1|K02.2,480,65.87814,-5.617434
NSFC,71773050,K06,K06.2,1562,21.512941,-3.9997053
NSFC,71773062,K05,K05.1|K05.2,1337,3.6461658,8.797717
NSFC,71773083,K02,K02.1|K02.2,485,56.372875,-4.080618
NSFC,71773096,K02,K02.2,515,67.28555,-11.280288
NSFC,71773114,K05,K05.3,1522,-6.696512,-3.3109193
NSFC,71773119,K06,K06.2,1538,-24.208967,-23.090273
NSFC,71773133,K05,K05.1|K05.2,1317,-0.50485086,12.433335
NSFC,71774014,K05,K05.1|K05.2,1334,1.995618,7.0337024
NSFC,71774019,K05,K05.3,1519,-3.5162423,-1.2130606
NSFC,71774022,K02,K02.1|K02.2,483,56.849274,-6.0888886
NSFC,71774023,K02,K02.1|K02.2,485,56.372875,-4.080618
NSFC,71774026,K02,K02.1,415,48.777683,3.4641762
NSFC,71774032,K01,K01.1,60,-20.180399,71.100716
NSFC,71774033,K04,K04.1|K04.2,914,-26.850548,-57.498585
NSFC,71774038,K05,K05.3,1526,-7.5330215,-3.9748137
NSFC,71774039,K05,K05.3,1519,-3.5166116,-1.2130989
NSFC,71774043,K02,K02.1,415,48.777683,3.4641762
NSFC,71774064,K05,K05.1|K05.2|K05.3,1362,5.4112344,2.8740113
NSFC,71774068,K04,K04.1,883,-33.596874,-50.73709
NSFC,71774070,K05,K05.2,1433,8.348023,1.2934741
NSFC,71774093,K04,K04.3,1185,-25.128271,-83.43539
NSFC,71774099,K05,K05.1|K05.2,1339,-2.284607,6.0675673
NSFC,71774105,K05,K05.2|K05.3,1477,-1.9043599,2.6228724
NSFC,71774124,K02,K02.1,397,30.570475,-0.4237033
NSFC,71774132,K05,K05.2,1443,6.682443,8.581178
NSFC,71774133,K01,K01.1|K01.2,138,-3.161143,78.53111
NSFC,71774136,K05,K05.2,1437,3.9908686,0.837382
NSFC,71774142,K02,K02.1,316,18.776417,29.321875
NSFC,71774153,K05,K05.2,1456,7.999256,2.1786485
NSFC,71774162,K02,K02.1,405,47.615368,-8.043048
NSFC,71774170,K02,K02.1,325,29.29835,20.931166
NSFC,71774174,K05,K05.2,1452,5.513208,0.97250456
NSFC,71774175,K05,K05.1,1279,-7.5449667,6.215592
NSFC,71801020,K05,K05.2|K05.3,1464,1.808394,6.4191484
NSFC,71801026,K01,K01.2,223,-15.626439,62.785862
NSFC,71801030,K05,K05.1,1224,-21.685736,12.102914
NSFC,71801038,K05,K05.2,1452,5.513203,0.9724743
NSFC,71801039,K04,K04.1|K04.3,1083,-27.02847,-74.67262
NSFC,71801041,K04,K04.2|K04.3,1149,-2.7927663,-53.304745
NSFC,71801053,K04,K04.1,883,-33.596848,-50.737114
NSFC,71801067,K04,K04.1|K04.3,975,-27.927427,-22.859312
NSFC,71801079,K01,K01.2,218,-1.3787869,85.43857
NSFC,71801080,K04,K04.1|K04.3,1086,-21.29027,-67.21182
NSFC,71801082,K04,K04.1,866,-22.586521,-59.255466
NSFC,71801093,K04,K04.1|K04.3,1086,-21.827618,-67.51608
NSFC,71801101,K01,K01.1|K01.2,100,-52.755844,45.239037
NSFC,71801106,K02,K02.1,370,48.66689,-19.956219
NSFC,71801147,K04,K04.1|K04.3,1097,-36.47952,-36.181576
NSFC,71801161,K04,K04.1|K04.3,977,-36.061478,-34.504528
NSFC,71801172,K04,K04.3,1163,-13.537795,-90.13811
NSFC,71801214,K04,K04.1,814,-40.249264,-52.433537
NSFC,71802071,K05,K05.3,1522,-6.696513,-3.3109417
NSFC,71803007,K02,K02.1,235,27.163996,-61.750576
NSFC,71803050,K02,K02.1|K02.2,485,56.372875,-4.080618
NSFC,71803068,K02,K02.1,397,30.570475,-0.4237033
NSFC,71803087,K02,K02.1,316,18.776417,29.321875
NSFC,71803088,K05,K05.2,1448,-1.1234958,4.5894623
NSFC,71803119,K02,K02.2,511,66.246155,-11.461559
NSFC,71803130,K02,K02.1|K02.2,451,84.51874,9.003899
NSFC,71803149,K02,K02.1,393,41.77966,-10.188095
NSFC,71803189,K02,K02.1|K02.2,475,67.92708,-6.45441
NSFC,71804010,K02,K02.1,370,48.66689,-19.956219
NSFC,71804014,K05,K05.1,1251,-11.439301,25.700047
NSFC,71804018,K02,K02.1,391,31.042915,-18.11896
NSFC,71804019,K02,K02.1,397,30.570475,-0.4237033
NSFC,71804021,K02,K02.1|K02.2,451,83.983894,9.034555
NSFC,71804023,K01,K01.1|K01.2,121,-55.626812,61.800545
NSFC,71804033,K02,K02.1,316,18.776417,29.321875
NSFC,71804034,K04,K04.1|K04.3,1083,-27.02845,-74.6724
NSFC,71804038,K02,K02.1,316,18.776417,29.321875
NSFC,71804048,K05,K05.1|K05.2,1344,7.457495,3.7141447
NSFC,71804065,K05,K05.2,1439,6.3565836,8.538446
NSFC,71804071,K05,K05.1,1277,4.589118,10.372973
NSFC,71804085,K05,K05.1|K05.2|K05.3,1348,-3.234908,3.3691802
NSFC,71804099,K02,K02.1|K02.2,451,83.983894,9.034555
NSFC,71804113,K02,K02.1,351,74.02122,15.112664
NSFC,71804119,K01,K01.1|K01.2,184,-21.69492,71.904144
NSFC,71804127,K05,K05.2,1439,6.356451,8.538459
NSFC,71804138,K02,K02.1,354,81.00997,23.927158
NSFC,71804141,K02,K02.1|K02.2,467,56.616844,-15.455578
NSFC,71804174,K02,K02.1,410,50.46218,-6.3369694
NSFC,71804175,K05,K05.2|K05.3,1487,7.1178646,2.1215925
NSFC,71804178,K03,K03.1|K03.2,610,-70.70835,14.25368
NSFC,71804180,K05,K05.1|K05.3,1393,-7.4329057,13.486966
NSFC,71804182,K02,K02.1,370,48.66689,-19.956219
NSFC,71804188,K05,K05.2|K05.3,1471,1.6404893,0.15037861
NSFC,71834005,K05,K05.1|K05.3,1404,-5.660213,9.369107
NSFC,71861006,K02,K02.1,383,63.427055,-22.402374
NSFC,71861023,K04,K04.1|K04.3,1033,-37.35162,-65.953224
NSFC,71861026,K03,K03.2,698,-50.074524,8.959389
NSFC,71864002,K02,K02.1|K02.2,485,56.36975,-4.082233
NSFC,71864008,K04,K04.1|K04.3,1082,-26.765541,-76.13516
NSFC,71864011,K02,K02.1|K02.2,482,42.95292,-10.422674
NSFC,71864023,K02,K02.1,360,43.295387,-37.07581
NSFC,71864034,K05,K05.1|K05.2|K05.3,1359,-3.9850004,4.744169
NSFC,71864035,K05,K05.1,1271,-23.597645,19.135551
NSFC,71871010,K03,K03.1,551,-48.13504,5.2557573
NSFC,71871013,K02,K02.1,360,43.295387,-37.07581
NSFC,71871014,K05,K05.2|K05.3,1487,7.1178646,2.1215925
NSFC,71871027,K03,K03.2,701,-55.46151,2.44882
NSFC,71871028,K04,K04.1|K04.3,1045,-43.849434,-23.783655
NSFC,71871029,K05,K05.1,1270,-22.112646,20.448345
NSFC,71871037,K05,K05.1,1203,-14.371972,7.7144756
NSFC,71871039,K03,K03.1|K03.3,670,-69.13723,14.356521
NSFC,71871055,K01,K01.1|K01.2,164,-12.4290495,61.21347
NSFC,71871059,K02,K02.1,250,20.815762,-43.169292
NSFC,71871063,K04,K04.2|K04.3,1154,-29.378656,-38.465508
NSFC,71871077,K05,K05.1|K05.2,1313,7.5425954,3.77685
NSFC,71871078,K03,K03.3,737,-63.059273,-4.380488
NSFC,71871103,K04,K04.1|K04.3,1069,-5.2854443,-51.10267
NSFC,71871125,K04,K04.1|K04.3,1086,-21.187021,-65.72425
NSFC,71871126,K04,K04.1|K04.3,1046,-39.5976,-30.091515
NSFC,71871165,K01,K01.1|K01.2,121,-55.479034,61.10009
NSFC,71871174,K03,K03.3,750,-75.82528,-15.6539345
NSFC,71871192,K03,K03.3,746,-91.63608,-2.6036847
NSFC,71871206,K04,K04.1,876,-8.393518,-51.674046
NSFC,71871221,K01,K01.1|K01.2,138,-3.161143,78.53111
NSFC,71872031,K02,K02.1,415,48.777683,3.4641762
NSFC,71873003,K03,K03.2|K03.3,732,-68.86476,0.19603677
NSFC,71873009,K03,K03.1,566,-75.87915,8.885165
NSFC,71873021,K02,K02.1|K02.2,475,68.385475,-6.292966
NSFC,71873053,K05,K05.2|K05.3,1479,0.5858366,1.7779349
NSFC,71873062,K02,K02.1,333,30.284939,14.304666
NSFC,71873063,K03,K03.1|K03.2,602,-56.022438,9.081067
NSFC,71873078,K05,K05.2,1456,8.000237,2.1785698
NSFC,71873093,K02,K02.1,386,24.685783,-20.834702
NSFC,71873109,K02,K02.1|K02.2,475,68.385475,-6.292966
NSFC,71873116,K04,K04.1|K04.3,1103,-32.4613,-35.68998
NSFC,71873126,K02,K02.1,410,50.461414,-6.3369765
NSFC,71873143,K05,K05.1|K05.2,1342,5.5420036,3.0801818
NSFC,71874021,K01,K01.1|K01.2,175,-22.29692,85.68103
NSFC,71874041,K05,K05.1|K05.2,1317,-0.50591606,12.435062
NSFC,71874050,K02,K02.1,326,30.543558,15.308063
NSFC,71874065,K02,K02.1,386,24.685783,-20.834702
NSFC,71874069,K04,K04.1|K04.3,1083,-27.02847,-74.67262
NSFC,71874091,K02,K02.1,402,43.215046,7.1972737
NSFC,71874097,K02,K02.1,397,30.570475,-0.4237033
NSFC,71874098,K02,K02.1|K02.2,490,55.364517,-2.357069
NSFC,71874119,K05,K05.1|K05.3,1414,-6.2862363,4.937264
NSFC,71874120,K05,K05.1|K05.2|K05.3,1351,-2.0775797,13.762043
NSFC,71874123,K02,K02.1,365,40.51957,-28.07395
NSFC,71874135,K04,K04.1|K04.2,911,-40.760094,-40.157642
NSFC,71874136,K02,K02.1|K02.2,451,84.17968,9.267121
NSFC,71874151,K02,K02.1|K02.2,485,56.351677,-4.083561
NSFC,71874154,K02,K02.1,316,18.776417,29.321875
NSFC,71874155,K05,K05.1,1251,-11.439301,25.700047
NSFC,71874156,K02,K02.1|K02.2,457,80.138565,7.4037867
NSFC,71874161,K03,K03.1,562,-67.448654,2.0356562
NSFC,71874174,K03,K03.1|K03.2|K03.3,620,-91.77181,9.497658
NSFC,71874191,K05,K05.3,1519,-3.5174537,-1.2153407
NSFC,71874192,K05,K05.1|K05.2,1324,-2.4898336,9.184956
NSFC,71874203,K01,K01.1|K01.2,184,-21.69404,71.90434
NSFC,71901018,K03,K03.1,545,-65.47673,31.658333
NSFC,71901021,K04,K04.1|K04.3,1040,-28.353039,-73.60721
NSFC,71901022,K04,K04.1|K04.3,1083,-27.02847,-74.67262
NSFC,71901029,K03,K03.3,750,-75.82528,-15.6539345
NSFC,71901037,K04,K04.1|K04.3,975,-27.927427,-22.859312
NSFC,71901039,K04,K04.3,1185,-25.128271,-83.43539
NSFC,71901040,K04,K04.1|K04.3,1045,-43.849434,-23.783655
NSFC,71901043,K01,K01.1|K01.2,164,-12.4290495,61.21347
NSFC,71901047,K03,K03.1,558,-69.984825,13.574409
NSFC,71901048,K03,K03.2|K03.3,720,-94.73631,8.981143
NSFC,71901059,K04,K04.1|K04.3,1083,-27.02847,-74.67262
NSFC,71901060,K04,K04.1|K04.3,1018,-54.35352,-39.73437
NSFC,71901066,K04,K04.3,1190,-29.500322,-38.386158
NSFC,71901081,K03,K03.3,769,-44.685078,2.9993844
NSFC,71901120,K04,K04.1|K04.2|K04.3,946,-26.88645,-75.20883
NSFC,71901139,K01,K01.1|K01.2,164,-12.4290495,61.21347
NSFC,71901143,K04,K04.3,1191,-30.730164,-37.805695
NSFC,71901159,K02,K02.1,265,51.678894,-62.45558
NSFC,71901190,K04,K04.2|K04.3,1144,-45.648228,-31.004372
NSFC,71901196,K05,K05.2|K05.3,1477,-1.9047128,2.622684
NSFC,71901206,K04,K04.1|K04.3,1009,-58.678406,-54.60885
NSFC,71901224,K01,K01.1|K01.2,121,-55.479034,61.10009
NSFC,71902053,K05,K05.1|K05.2,1337,3.6458814,8.798221
NSFC,71902171,K04,K04.1|K04.3,975,-27.927427,-22.859312
NSFC,71903008,K02,K02.1|K02.2,477,63.925415,-3.9327166
NSFC,71903010,K03,K03.1,555,-64.854996,5.1000986
NSFC,71903014,K03,K03.1|K03.2,610,-70.70835,14.25368
NSFC,71903033,K06,K06.2,1562,21.512941,-3.9997053
NSFC,71903070,K02,K02.1|K02.2,451,84.51874,9.003899
NSFC,71903074,K02,K02.1|K02.2,475,68.411575,-6.2197385
NSFC,71903079,K02,K02.2,518,57.911583,-5.413043
NSFC,71903083,K02,K02.1|K02.2,451,84.51874,9.003899
NSFC,71903085,K02,K02.1|K02.2,485,56.351677,-4.083561
NSFC,71903129,K03,K03.1,556,-65.276375,4.653255
NSFC,71903162,K01,K01.2,215,22.6461,65.346016
NSFC,71903179,K02,K02.1|K02.2,485,56.351677,-4.083561
NSFC,71903192,K02,K02.2,510,57.00789,-14.118907
NSFC,71903201,K02,K02.1|K02.2,485,56.351677,-4.083561
NSFC,71904007,K03,K03.1,558,-69.984825,13.574409
NSFC,71904015,K02,K02.1,397,30.570475,-0.4237033
NSFC,71904031,K05,K05.1|K05.3,1405,-5.5517554,9.233635
NSFC,71904039,K04,K04.1|K04.3,1108,-31.94968,-37.8192
NSFC,71904041,K04,K04.1|K04.3,1107,-32.42155,-37.46343
NSFC,71904060,K05,K05.1|K05.3,1404,-5.6603537,9.369345
NSFC,71904072,K02,K02.1,388,29.965883,-10.533637
NSFC,71904077,K02,K02.1|K02.2,475,68.55606,-6.0399923
NSFC,71904087,K05,K05.1|K05.2|K05.3,1358,-4.1459846,4.6864657
NSFC,71904104,K01,K01.1,50,0.07379637,64.64375
NSFC,71904115,K06,K06.2,1564,16.922146,-3.2122025
NSFC,71904117,K02,K02.1,386,24.685783,-20.834702
NSFC,71904120,K04,K04.1|K04.3,1069,-5.2854443,-51.10267
NSFC,71904121,K05,K05.1|K05.3,1385,-20.573292,10.048448
NSFC,71904141,K05,K05.2,1448,-1.1243535,4.5902514
NSFC,71904150,K02,K02.1|K02.2,451,84.51874,9.003899
NSFC,71904151,K02,K02.1|K02.2,451,84.51874,9.003899
NSFC,71904175,K05,K05.1|K05.3,1421,-11.633539,1.8326951
NSFC,71904178,K02,K02.1,333,30.284939,14.304666
NSFC,71904184,K03,K03.1|K03.2,600,-55.28436,8.88815
NSFC,71904187,K05,K05.2,1432,8.75036,-0.18392293
NSFC,71904190,K02,K02.1,417,47.512535,29.974957
NSFC,71934004,K05,K05.1|K05.2,1344,7.456503,3.7129118
NSFC,71934006,K05,K05.2|K05.3,1479,0.585562,1.7777442
NSFC,71934007,K05,K05.1|K05.2,1344,7.456503,3.7129118
NSFC,71961002,K02,K02.1,383,63.427055,-22.402374
NSFC,71961006,K05,K05.1|K05.2,1343,8.935186,5.7282786
NSFC,71961015,K04,K04.1|K04.3,1086,-20.911688,-66.78624
NSFC,71961022,K02,K02.1,360,43.295387,-37.07581
NSFC,71963020,K02,K02.1,370,48.66689,-19.956219
NSFC,71963023,K02,K02.1|K02.2,492,51.24338,6.0813236
NSFC,71963029,K02,K02.1,397,30.570475,-0.4237033
NSFC,71963033,K02,K02.1,316,18.776417,29.321875
NSFC,71964019,K02,K02.1,415,48.777683,3.4641762
NSFC,71971005,K04,K04.1|K04.3,1042,-36.83611,-63.69744
NSFC,71971015,K02,K02.1,360,43.295387,-37.07581
NSFC,71971020,K02,K02.1,383,63.427055,-22.402374
NSFC,71971021,K05,K05.2|K05.3,1484,2.1651287,0.39871553
NSFC,71971022,K01,K01.1|K01.2,188,-23.874062,68.179634
NSFC,71971029,K02,K02.1,355,37.849483,-31.540384
NSFC,71971038,K04,K04.3,1191,-30.729948,-37.80599
NSFC,71971059,K04,K04.3,1174,-14.038668,-89.82925
NSFC,71971060,K01,K01.1|K01.2,121,-55.479034,61.10009
NSFC,71971061,K04,K04.1|K04.3,1045,-43.849434,-23.783655
NSFC,71971064,K04,K04.1|K04.3,1094,-36.234383,-40.376053
NSFC,71971073,K02,K02.1,370,48.66689,-19.956219
NSFC,71971107,K05,K05.1|K05.3,1414,-6.2862363,4.937264
NSFC,71971110,K02,K02.1,291,46.88667,11.842323
NSFC,71971114,K04,K04.1,856,-7.374926,-52.172443
NSFC,71971116,K03,K03.2,685,-79.67066,25.725273
NSFC,71971128,K01,K01.1|K01.2,69,-32.389847,68.93082
NSFC,71971138,K02,K02.1,344,88.73216,-4.863309
NSFC,71971147,K05,K05.3,1519,-3.517222,-1.2144006
NSFC,71971150,K04,K04.1|K04.3,1052,-41.547832,-28.318943
NSFC,71971167,K04,K04.1|K04.3,1086,-20.911688,-66.78624
NSFC,71971186,K02,K02.1,417,47.512535,29.974957
NSFC,71971214,K04,K04.1|K04.3,971,-23.488434,-25.52794
NSFC,71971220,K04,K04.1|K04.3,1086,-20.911688,-66.78624
NSFC,71972127,K02,K02.1,402,43.215046,7.1972737
NSFC,71972142,K04,K04.1|K04.3,1101,-27.905157,-39.33814
NSFC,71972172,K04,K04.1|K04.3,1106,-32.48175,-36.028687
NSFC,71973001,K05,K05.2|K05.3,1480,0.076797724,2.2356086
NSFC,71973003,K02,K02.2,515,67.28555,-11.280288
NSFC,71973009,K05,K05.1|K05.3,1414,-6.2860394,4.9370675
NSFC,71973021,K02,K02.1|K02.2,485,56.36975,-4.082233
NSFC,71973065,K02,K02.1,410,50.461414,-6.3369765
NSFC,71973100,K02,K02.1|K02.2,485,56.36975,-4.082233
NSFC,71973104,K02,K02.1|K02.2,485,56.372875,-4.080618
NSFC,71973114,K02,K02.1|K02.2,418,32.49712,-55.5237
NSFC,71973138,K02,K02.1|K02.2,495,51.292336,-6.4576473
NSFC,71973158,K02,K02.1|K02.2,477,63.92519,-3.9325771
NSFC,71974013,K02,K02.1|K02.2,470,64.93331,-7.4643526
NSFC,71974022,K02,K02.1,316,18.776417,29.321875
NSFC,71974043,K02,K02.1,248,29.892632,-58.16212
NSFC,71974047,K04,K04.1,868,-39.927956,-40.08921
NSFC,71974053,K05,K05.3,1519,-3.5174537,-1.2153407
NSFC,71974056,K02,K02.1,408,49.29163,-6.946362
NSFC,71974057,K02,K02.1,415,48.777683,3.4641762
NSFC,71974092,K03,K03.1|K03.3,667,-65.55526,7.548421
NSFC,71974100,K04,K04.1,817,-39.54051,-54.283073
NSFC,71974105,K03,K03.2,685,-79.67066,25.725273
NSFC,71974110,K01,K01.1,12,14.375579,51.123745
NSFC,71974122,K05,K05.3,1519,-3.5169573,-1.2142135
NSFC,71974125,K02,K02.1|K02.2,477,63.92519,-3.9325771
NSFC,71974126,K03,K03.1,550,-48.150795,5.888604
NSFC,71974132,K05,K05.1|K05.2,1333,2.500418,7.4385514
NSFC,71974144,K04,K04.1|K04.3,1077,-32.532738,-35.866978
NSFC,71974146,K05,K05.2,1438,8.177767,2.0865889
NSFC,71974151,K04,K04.3,1185,-25.128271,-83.43539
NSFC,71974153,K05,K05.3,1519,-3.5166245,-1.2139717
NSFC,71974190,K02,K02.1,372,31.184443,-18.069435
NSFC,72001003,K05,K05.2,1442,4.4559875,-0.24668244
NSFC,72001008,K04,K04.3,1175,-78.69315,-48.35624
NSFC,72001017,K04,K04.3,1185,-25.128271,-83.43539
NSFC,72001018,K04,K04.2|K04.3,1152,-25.428593,-80.98562
NSFC,72001029,K04,K04.3,1157,-21.166327,-97.65544
NSFC,72001053,K04,K04.3,1179,-2.06478,-51.931522
NSFC,72001055,K02,K02.1|K02.2,468,55.861557,-17.357635
NSFC,72001060,K03,K03.3,750,-75.82528,-15.6539345
NSFC,72001137,K04,K04.1|K04.3,1086,-20.911688,-66.78624
NSFC,72001161,K01,K01.1|K01.2,164,-12.4290495,61.21347
NSFC,72001194,K04,K04.1|K04.3,973,-23.605202,-25.490547
NSFC,72002019,K05,K05.1,1224,-21.685736,12.102914
NSFC,72002152,K04,K04.1|K04.3,1071,-4.7342596,-55.51027
NSFC,72002161,K02,K02.1,265,51.678894,-62.45558
NSFC,72003002,K05,K05.2,1449,3.0514486,1.3083626
NSFC,72003014,K02,K02.2,515,67.28641,-11.28002
NSFC,72003023,K02,K02.1,397,30.570475,-0.4237033
NSFC,72003049,K05,K05.3,1519,-3.5166245,-1.2139717
NSFC,72003057,K02,K02.1|K02.2,424,32.877346,-55.120495
NSFC,72003058,K02,K02.1,397,30.570475,-0.4237033
NSFC,72003079,K02,K02.1|K02.2,475,68.38609,-6.253722
NSFC,72003105,K02,K02.1|K02.2,485,56.351677,-4.083561
NSFC,72003148,K06,K06.2,1542,17.066504,-1.6682303
NSFC,72003182,K02,K02.1|K02.2,483,56.849274,-6.0888886
NSFC,72003202,K02,K02.1|K02.2,475,68.411575,-6.2197385
NSFC,72004024,K02,K02.1|K02.2,489,48.039417,9.600539
NSFC,72004037,K02,K02.1,358,36.263283,0.113718346
NSFC,72004049,K02,K02.1,397,30.570475,-0.4237033
NSFC,72004067,K04,K04.2|K04.3,1151,-26.042395,-78.73132
NSFC,72004092,K02,K02.2,515,67.28641,-11.28002
NSFC,72004093,K03,K03.1|K03.3,660,-62.526184,19.078377
NSFC,72004096,K04,K04.3,1185,-25.128271,-83.43539
NSFC,72004100,K02,K02.1,397,30.570475,-0.4237033
NSFC,72004105,K02,K02.1|K02.2,483,56.849762,-6.0889196
NSFC,72004114,K05,K05.1|K05.2,1344,7.4561596,3.712862
NSFC,72004115,K01,K01.1|K01.2,164,-12.4290495,61.21347
NSFC,72004124,K02,K02.1|K02.2,451,84.51874,9.003899
NSFC,72004125,K05,K05.3,1519,-3.5174537,-1.2153407
NSFC,72004126,K05,K05.1,1251,-11.439301,25.700047
NSFC,72004130,K05,K05.1|K05.2,1340,-2.1911726,6.1965446
NSFC,72004134,K03,K03.1|K03.2,603,-55.661133,9.024304
NSFC,72004155,K05,K05.2,1447,3.6427193,-0.6248485
NSFC,72004159,K03,K03.1,563,-67.94674,1.2913545
NSFC,72004170,K04,K04.2|K04.3,1142,-67.24918,-55.084614
NSFC,72004176,K02,K02.1,403,54.851505,16.542414
NSFC,72004184,K05,K05.2|K05.3,1485,1.7923621,1.4199632
NSFC,72004187,K05,K05.1|K05.2,1317,-0.50591606,12.435062
NSFC,72004188,K02,K02.1,370,48.66689,-19.956219
NSFC,72004191,K02,K02.1,402,43.215046,7.1972737
NSFC,72004200,K03,K03.1,558,-69.984825,13.574409
NSFC,72004209,K02,K02.1,316,18.776417,29.321875
NSFC,72004210,K02,K02.1|K02.2,484,43.60659,-10.117453
NSFC,72004213,K02,K02.1|K02.2,482,42.95292,-10.422674
NSFC,72004215,K05,K05.1|K05.3,1414,-6.2860556,4.9373345
NSFC,72004216,K05,K05.1|K05.2,1302,6.988677,4.1473293
NSFC,72004218,K05,K05.2|K05.3,1487,7.11895,2.1210992
NSFC,72004229,K02,K02.1,416,56.26877,16.488243
NSFC,72061003,K02,K02.1,379,55.353737,-18.876595
NSFC,72061016,K02,K02.1,285,41.370483,51.843845
NSFC,72061023,K04,K04.1,835,-35.963867,-58.354107
NSFC,72062023,K04,K04.1|K04.3,1113,-33.187454,-49.375908
NSFC,72063023,K02,K02.1|K02.2,487,52.786324,-5.7688646
NSFC,72063033,K02,K02.1,316,18.776417,29.321875
NSFC,72063034,K05,K05.1|K05.2,1317,-0.50591606,12.435062
NSFC,72064044,K02,K02.1|K02.2,451,83.983894,9.034555
NSFC,72071006,K02,K02.1|K02.2,475,68.582306,-5.970998
NSFC,72071010,K04,K04.1,835,-35.96376,-58.354115
NSFC,72071013,K05,K05.2,1435,8.327732,1.360858
NSFC,72071014,K04,K04.1|K04.3,1083,-27.02847,-74.67262
NSFC,72071015,K04,K04.1|K04.3,1086,-20.911688,-66.78624
NSFC,72071025,K04,K04.1|K04.3,1034,-69.07723,-41.248215
NSFC,72071066,K01,K01.1,27,-75.58461,49.768772
NSFC,72071088,K04,K04.3,1166,8.294897,-59.4257
NSFC,72071100,K04,K04.1|K04.3,953,-12.44583,-82.177956
NSFC,72071115,K04,K04.1|K04.3,1034,-69.07366,-41.24787
NSFC,72071147,K02,K02.1,275,77.93738,50.04157
NSFC,72071174,K04,K04.1|K04.3,952,-24.112988,-16.429976
NSFC,72071219,K05,K05.1,1273,-24.683191,18.014101
NSFC,72071220,K02,K02.1,385,49.332767,1.6092068
NSFC,72072131,K02,K02.1,354,81.00997,23.927158
NSFC,72072165,K02,K02.1,415,48.777683,3.4641762
NSFC,72073010,K02,K02.1,274,59.973618,55.238796
NSFC,72073059,K05,K05.2|K05.3,1466,8.861328,-0.52875537
NSFC,72073094,K05,K05.1|K05.3,1376,-6.0662813,10.561936
NSFC,72074001,K05,K05.1|K05.3,1412,-25.740938,17.896856
NSFC,72074013,K04,K04.3,1185,-25.128271,-83.43539
NSFC,72074021,K05,K05.1,1277,4.589118,10.372973
NSFC,72074022,K05,K05.1|K05.2|K05.3,1365,7.279174,3.164467
NSFC,72074034,K05,K05.1,1224,-21.723406,12.16161
NSFC,72074046,K02,K02.1,370,48.66689,-19.956219
NSFC,72074077,K05,K05.1|K05.3,1414,-6.2862363,4.937264
NSFC,72074089,K01,K01.2,226,-22.24051,72.885155
NSFC,72074097,K02,K02.1|K02.2,460,74.96146,14.807293
NSFC,72074107,K05,K05.1|K05.3,1393,-7.43301,13.487077
NSFC,72074116,K02,K02.1|K02.2,451,84.17968,9.267121
NSFC,72074119,K05,K05.2,1452,5.514072,0.9707545
NSFC,72074121,K05,K05.2|K05.3,1473,-1.1246825,1.6230296
NSFC,72074127,K01,K01.1,39,21.627583,79.368225
NSFC,72074129,K02,K02.1,415,48.54767,4.0679007
NSFC,72074140,K02,K02.1,397,30.570475,-0.4237033
NSFC,72074151,K04,K04.1|K04.2|K04.3,949,-40.499233,-39.6902
NSFC,72074154,K03,K03.1|K03.2|K03.3,625,-63.644108,17.439686
NSFC,72074165,K06,K06.2,1552,17.483572,4.294267
NSFC,72074175,K02,K02.1|K02.2,457,80.13958,7.4036107
NSFC,72074183,K01,K01.1|K01.2,184,-21.69404,71.90434
NSFC,72074184,K02,K02.1|K02.2,475,68.56849,-6.0198536
NSFC,72074192,K02,K02.1,415,48.54767,4.0679007
NSFC,72074202,K04,K04.3,1159,-10.141949,-93.10396
NSFC,72074207,K03,K03.1,551,-48.13504,5.2557573
NSFC,72074211,K02,K02.1,371,51.5826,-19.189135
NSFC,72074215,K02,K02.1|K02.2,454,83.44631,11.679398
NSFC,72074232,K05,K05.1|K05.2,1334,1.9951376,7.033807
NSFC,72074237,K02,K02.1|K02.2,476,69.08549,-8.6067705
NSFC,72074240,K02,K02.1,412,46.824253,11.382704
NSFC,72101017,K04,K04.1|K04.3,1083,-27.028467,-74.67267
NSFC,72101018,K02,K02.1,410,50.46387,-6.3359623
NSFC,72101019,K04,K04.3,1185,-25.128271,-83.43539
NSFC,72101022,K04,K04.1,866,-22.586521,-59.255466
NSFC,72101028,K04,K04.1|K04.3,952,-24.112988,-16.429976
NSFC,72101042,K04,K04.1|K04.3,1086,-20.952845,-66.109566
NSFC,72101043,K04,K04.1|K04.3,1098,-33.27572,-36.308613
NSFC,72101054,K04,K04.1|K04.3,1009,-58.678406,-54.60885
NSFC,72101114,K03,K03.1,538,-81.80077,10.307721
NSFC,72101126,K04,K04.1|K04.3,1083,-27.028467,-74.67267
NSFC,72101127,K04,K04.1|K04.3,1086,-20.952845,-66.109566
NSFC,72101174,K02,K02.1,396,42.718754,-9.560417
NSFC,72101185,K04,K04.3,1188,-36.274094,-36.055614
NSFC,72101209,K02,K02.1,395,36.10036,-4.0709715
NSFC,72101222,K04,K04.1|K04.3,1086,-20.952845,-66.109566
NSFC,72101238,K04,K04.1|K04.3,1033,-37.20434,-65.747795
NSFC,72102029,K02,K02.1,417,47.512535,29.974957
NSFC,72102036,K05,K05.1|K05.3,1414,-6.2862678,4.9374313
NSFC,72103002,K02,K02.1|K02.2,457,80.13958,7.4036107
NSFC,72103019,K04,K04.1|K04.2|K04.3,951,-31.586918,-38.022743
NSFC,72103048,K02,K02.1|K02.2,475,68.56849,-6.0198536
NSFC,72103051,K02,K02.1|K02.2,451,84.17968,9.267121
NSFC,72103052,K02,K02.1|K02.2,485,56.351677,-4.083561
NSFC,72103057,K01,K01.1|K01.2,196,-19.710245,53.214897
NSFC,72103061,K01,K01.1|K01.2,184,-21.69404,71.90434
NSFC,72103065,K02,K02.1|K02.2,418,32.49712,-55.5237
NSFC,72103073,K02,K02.1|K02.2,461,78.038345,24.561901
NSFC,72103075,K02,K02.1|K02.2,497,50.883045,6.124842
NSFC,72103087,K05,K05.2,1434,4.283137,0.33328053
NSFC,72103096,K02,K02.1|K02.2,467,56.616844,-15.455578
NSFC,72103100,K05,K05.3,1519,-3.5174537,-1.2153407
NSFC,72103128,K05,K05.1,1279,-7.5450606,6.215865
NSFC,72103153,K05,K05.2|K05.3,1476,1.4289491,0.433151
NSFC,72103160,K02,K02.1,397,30.570475,-0.4237033
NSFC,72103163,K02,K02.1|K02.2,494,52.00401,-6.105641
NSFC,72103164,K02,K02.1,376,46.83826,0.08649136
NSFC,72103174,K02,K02.1|K02.2,482,42.95238,-10.422703
NSFC,72103194,K06,K06.2,1563,15.019422,-3.392658
NSFC,72103198,K02,K02.2,515,67.28641,-11.28002
NSFC,72103220,K02,K02.1|K02.2,485,56.351677,-4.083561
NSFC,72104014,K03,K03.1|K03.2,612,-68.04424,1.0954984
NSFC,72104018,K05,K05.3,1529,-15.40992,-5.185013
NSFC,72104023,K02,K02.1,397,30.570475,-0.4237033
NSFC,72104025,K03,K03.1|K03.2,569,-58.45732,0.7174945
NSFC,72104029,K03,K03.1|K03.2,610,-70.70685,14.253668
NSFC,72104046,K05,K05.1,1270,-22.112646,20.448345
NSFC,72104048,K01,K01.1,61,-20.028004,71.04245
NSFC,72104062,K05,K05.2,1456,8.000237,2.1785698
NSFC,72104069,K05,K05.2,1445,3.562069,-1.1149708
NSFC,72104075,K02,K02.1,386,24.685783,-20.834702
NSFC,72104090,K05,K05.2|K05.3,1481,-2.5460103,1.8995849
NSFC,72104096,K05,K05.1|K05.2,1341,3.9874766,2.6475568
NSFC,72104103,K06,K06.2,1563,15.019422,-3.392658
NSFC,72104114,K02,K02.1,386,24.685783,-20.834702
NSFC,72104116,K05,K05.1|K05.2,1292,5.203406,3.67736
NSFC,72104118,K04,K04.3,1159,-10.141949,-93.10396
NSFC,72104124,K05,K05.1,1205,-14.454446,11.584096
NSFC,72104126,K02,K02.1|K02.2,436,43.287777,-10.565394
NSFC,72104130,K05,K05.3,1507,-6.1411543,13.882871
NSFC,72104139,K05,K05.1|K05.2,1317,-0.50591606,12.435062
NSFC,72104149,K03,K03.1,568,-74.06017,8.728635
NSFC,72104164,K03,K03.2|K03.3,718,-96.640755,9.796172
NSFC,72104169,K02,K02.1,333,30.284939,14.304666
NSFC,72104178,K02,K02.1,407,49.345238,-7.0295506
NSFC,72104197,K05,K05.1,1279,-7.5458026,6.215912
NSFC,72104198,K04,K04.1|K04.3,979,-32.035416,-34.80983
NSFC,72104200,K02,K02.1|K02.2,468,55.861557,-17.357635
NSFC,72104209,K02,K02.1|K02.2,451,84.17968,9.267121
NSFC,72104219,K01,K01.1|K01.2,100,-52.639214,44.98675
NSFC,72104223,K05,K05.1|K05.2,1300,-0.4331607,11.039711
NSFC,72104225,K05,K05.2|K05.3,1475,-2.96703,1.9042088
NSFC,72104231,K05,K05.1|K05.3,1385,-20.573292,10.048448
NSFC,72104232,K01,K01.1|K01.2,151,1.2970374,74.71387
NSFC,72104233,K05,K05.1|K05.3,1387,-7.238517,4.163472
NSFC,72104234,K01,K01.1|K01.2,138,-3.161143,78.53111
NSFC,72104253,K05,K05.2,1448,-1.1230775,4.5903525
NSFC,72104257,K01,K01.1|K01.2,69,-32.389847,68.93082
NSFC,72104260,K02,K02.1|K02.2,485,56.351677,-4.083561
NSFC,72201014,K02,K02.1|K02.2,485,56.351677,-4.083561
NSFC,72203210,K05,K05.1|K05.2,1339,-2.2863069,6.0673943
NSFC,91544212,K01,K01.1,12,14.375579,51.123745
NSFC,91544213,K02,K02.1,386,24.685783,-20.834702
NSFC,91544216,K02,K02.1,285,41.370483,51.843845
NSFC,91544219,K02,K02.1|K02.2,475,68.56849,-6.0198536
NSFC,91544230,K02,K02.1,285,41.370483,51.843845
NSFC,91544231,K02,K02.1,386,24.685783,-20.834702
NSFC,91547201,K04,K04.1|K04.3,1086,-20.952845,-66.109566
NSFC,91547202,K04,K04.1|K04.3,1086,-20.952845,-66.109566
NSFC,91547208,K05,K05.1,1273,-24.683191,18.014101
NSFC,91547209,K02,K02.1,308,62.616093,-41.798744
NSFC,91547210,K01,K01.1,12,14.375579,51.123745
NSFC,91644104,K01,K01.1|K01.2,175,-22.29692,85.68103
NSFC,91644107,K02,K02.1,274,59.973618,55.238796
NSFC,91644221,K02,K02.1,285,41.370483,51.843845
NSFC,91644222,K02,K02.1,397,30.570475,-0.4237033
NSFC,91644225,K02,K02.1,386,24.685783,-20.834702
NSFC,91646124,K02,K02.1,360,43.295387,-37.07581
NSFC,91646207,K03,K03.2,685,-79.67066,25.725273
NSFC,91647101,K02,K02.1,354,81.00997,23.927158
NSFC,91647103,K02,K02.1,354,81.00997,23.927158
NSFC,91647104,K01,K01.1,12,14.375579,51.123745
NSFC,91647112,K04,K04.1|K04.3,1086,-20.952845,-66.109566
NSFC,91647202,K02,K02.1,360,43.295387,-37.07581
NSFC,91647204,K02,K02.1,360,43.295387,-37.07581
NSFC,91744208,K02,K02.1,386,24.685783,-20.834702
NSFC,91746105,K01,K01.1,27,-75.58461,49.768772
NSFC,91746201,K05,K05.1,1215,-21.787327,2.9098036
NSFC,91746207,K05,K05.3,1518,-3.044417,-0.2182689
NSFC,91746208,K02,K02.1,370,49.209705,-20.429861
NSFC,91747101,K02,K02.1,274,59.973618,55.238796
NSFC,91747201,K02,K02.1|K02.2,464,71.34694,32.36294
NSFC,91747202,K02,K02.1,235,27.163996,-61.750576
NSFC,91747208,K05,K05.2|K05.3,1477,-1.9047163,2.6227927
NSFC,91751203,K02,K02.1,285,41.370483,51.843845
NSFC,91837206,K02,K02.1|K02.2,437,85.4325,46.95821
NSFC,91846203,K03,K03.3,745,-91.322266,-1.5450878
NSFC,91847000,K05,K05.3,1529,-15.40992,-5.185013
NSFC,91851117,K02,K02.1,295,0.09985375,-32.30974
NSFC,91951110,K02,K02.1,295,0.09985375,-32.30974
NSFC,91951115,K02,K02.1,295,0.09985375,-32.30974
NSFC,92046022,K05,K05.2|K05.3,1463,6.9272857,2.030026
NSFC,92047000,K05,K05.1,1273,-24.683191,18.014101
NSFC,92047301,K02,K02.1,360,43.295387,-37.07581
NSFC,92047302,K04,K04.1|K04.3,1091,-24.687586,-69.92339
NSFC,92062111,K01,K01.1|K01.2,176,-18.690506,81.422325
NSFC,92247001,K01,K01.1|K01.2,197,-19.348436,49.84861
NSFC,92251305,K02,K02.1,386,24.685783,-20.834702
NSFC,U1509205,K04,K04.1,823,-47.699047,-44.47259
NSFC,U1509208,K03,K03.3,745,-91.322266,-1.5450878
NSFC,U1534208,K02,K02.1,275,77.93738,50.04157
NSFC,U1609202,K03,K03.2,682,-87.374954,19.878286
NSFC,U1609203,K01,K01.1,39,21.627583,79.368225
NSFC,U1609217,K05,K05.1,1224,-21.685736,12.102914
NSFC,U1633116,K03,K03.3,745,-91.3053,-1.5033962
NSFC,U1660106,K02,K02.1,250,20.815762,-43.169292
NSFC,U1709207,K04,K04.1|K04.3,1003,-57.765728,-56.022163
NSFC,U1709212,K03,K03.1|K03.3,646,-85.929306,1.48044
NSFC,U1709214,K04,K04.1|K04.3,1045,-43.849434,-23.783655
NSFC,U1709216,K03,K03.1|K03.3,642,-85.35037,1.3552179
NSFC,U1709217,K04,K04.1|K04.3,1009,-58.678406,-54.60885
NSFC,U1711264,K03,K03.2|K03.3,713,-97.7743,9.30683
NSFC,U1711265,K04,K04.1,823,-47.699345,-44.47214
NSFC,U1711266,K05,K05.1,1224,-21.723406,12.16161
NSFC,U1711267,K04,K04.1|K04.3,1009,-58.678406,-54.60885
NSFC,U1733113,K01,K01.2,218,-1.3787869,85.43857
NSFC,U1734208,K01,K01.1|K01.2,99,-33.29918,31.227846
NSFC,U1766208,K04,K04.1,808,-46.645996,-40.413956
NSFC,U1766212,K04,K04.1|K04.3,1096,-34.526577,-37.760086
NSFC,U1806212,K02,K02.1|K02.2,432,79.30531,-18.762049
NSFC,U1806214,K02,K02.1,397,30.570475,-0.4237033
NSFC,U1806227,K02,K02.1,265,51.678894,-62.45558
NSFC,U1808212,K04,K04.1|K04.3,953,-12.44583,-82.177956
NSFC,U1809208,K01,K01.1|K01.2,99,-33.29918,31.227846
NSFC,U1810101,K02,K02.1,300,3.9471705,-15.864502
NSFC,U1810107,K02,K02.1,300,3.9471705,-15.864502
NSFC,U1810128,K02,K02.1,235,27.163996,-61.750576
NSFC,U1839201,K03,K03.3,741,-61.67101,-12.346121
NSFC,U1865202,K04,K04.3,1185,-25.128271,-83.43539
NSFC,U1906231,K04,K04.1|K04.3,1001,7.7461066,-56.372074
NSFC,U1909204,K04,K04.1|K04.3,1010,-61.795425,-43.677235
NSFC,U1910214,K02,K02.1,265,51.678894,-62.45558
NSFC,U1911202,K05,K05.1,1215,-21.787327,2.9098036
NSFC,U1911204,K03,K03.2|K03.3,718,-96.64164,9.801442
NSFC,U1911205,K03,K03.1|K03.3,646,-85.92936,1.4803712
NSFC,U1939208,K04,K04.1|K04.3,1001,7.7461066,-56.372074
NSFC,U1939209,K03,K03.1|K03.3,660,-62.526184,19.078377
NSFC,U1939210,K03,K03.1|K03.3,668,-65.37729,7.637077
NSFC,U1960201,K04,K04.1|K04.3,952,-24.112988,-16.429976
NSFC,U1960205,K04,K04.1|K04.3,952,-24.112988,-16.429976
NSFC,U1964203,K01,K01.1,20,8.94339,47.229607
NSFC,U19A20111,K02,K02.1,265,51.678894,-62.45558
NSFC,U19A2023,K02,K02.1,295,0.09985375,-32.30974
NSFC,U19A2047,K02,K02.1,316,18.776417,29.321875
NSFC,U19A2049,K02,K02.1,265,51.678894,-62.45558
NSFC,U2006210,K03,K03.1|K03.3,649,-81.71751,-0.38883784
NSFC,U2006215,K02,K02.1,300,3.9471705,-15.864502
NSFC,U2039208,K05,K05.1|K05.2,1336,5.0002513,9.245933
NSFC,U2040209,K02,K02.1,295,0.09985375,-32.30974
NSFC,U2066207,K01,K01.1,12,14.375579,51.123745
NSFC,U20A2008,K02,K02.1,295,0.09985375,-32.30974
NSFC,U20A20112,K03,K03.3,750,-75.82528,-15.6539345
NSFC,U20A20116,K02,K02.1,295,0.09985375,-32.30974
NSFC,U20A20266,K03,K03.3,750,-75.82528,-15.6539345
NSFC,U20A20311,K04,K04.1|K04.3,952,-24.112988,-16.429976
NSFC,U20A20313,K04,K04.1|K04.3,952,-24.112988,-16.429976
NSFC,U20A20314,K01,K01.1|K01.2,99,-33.29918,31.227846
NSFC,U20A20320,K02,K02.1,265,51.678894,-62.45558
NSFC,U20A20322,K04,K04.1|K04.3,983,8.827075,-78.45932
NSFC,U20A20330,K04,K04.3,1180,-2.5224328,-53.168716
NSFC,U20A20334,K04,K04.1|K04.3,1045,-43.849434,-23.783655
NSFC,U20A2078,K02,K02.1,397,30.570475,-0.4237033
NSFC,U20A2079,K03,K03.2|K03.3,718,-96.64164,9.801442
NSFC,U20A2080,K02,K02.1,308,62.616093,-41.798744
NSFC,U20A2084,K02,K02.1,316,18.776417,29.321875
NSFC,U20A2090,K03,K03.3,745,-91.3053,-1.5033962
NSFC,U20A2091,K01,K01.1,12,14.375579,51.123745
NSFC,U20B2060,K03,K03.1|K03.2|K03.3,619,-90.24297,15.7059965
