agency,unit_id,unit_name,unit_type,state,short_name,task,location_supply,national_supply,task_supply,national_task_supply,overall_share_pct,task_share_pct,departure_pp,local_task_share_pct,national_task_mix_pct,family_n,task_family_n,overall_rank,highlight,task_leader,peak_task,peak_departure_pp,label_task,label_departure_pp,label_task_name,color
NSF,US_01015,Calhoun County,county_or_equivalent,AL,"Calhoun, AL",K01,1.166666666666,4999.999999999829,0.0,952.499999999969,0.0233333333333208,0.0,-0.0233333333333208,0.0,19.050000000000036,3,0,252,False,False,K02,0.047978810105924516,K02,0.047978810105924516,Mechanism analysis and causal identification,#CDD1D5
NSF,US_01015,Calhoun County,county_or_equivalent,AL,"Calhoun, AL",K02,1.166666666666,4999.999999999829,1.166666666666,1635.999999999925,0.0233333333333208,0.07131214343924532,0.047978810105924516,100.0,32.71999999999962,3,3,252,False,False,K02,0.047978810105924516,K02,0.047978810105924516,Mechanism analysis and causal identification,#CDD1D5
NSF,US_01015,Calhoun County,county_or_equivalent,AL,"Calhoun, AL",K03,1.166666666666,4999.999999999829,0.0,489.499999999976,0.0233333333333208,0.0,-0.0233333333333208,0.0,9.789999999999857,3,0,252,False,False,K02,0.047978810105924516,K02,0.047978810105924516,Mechanism analysis and causal identification,#CDD1D5
NSF,US_01015,Calhoun County,county_or_equivalent,AL,"Calhoun, AL",K04,1.166666666666,4999.999999999829,0.0,1428.999999999969,0.0233333333333208,0.0,-0.0233333333333208,0.0,28.580000000000364,3,0,252,False,False,K02,0.047978810105924516,K02,0.047978810105924516,Mechanism analysis and causal identification,#CDD1D5
NSF,US_01015,Calhoun County,county_or_equivalent,AL,"Calhoun, AL",K05,1.166666666666,4999.999999999829,0.0,450.99999999999,0.0233333333333208,0.0,-0.0233333333333208,0.0,9.02000000000011,3,0,252,False,False,K02,0.047978810105924516,K02,0.047978810105924516,Mechanism analysis and causal identification,#CDD1D5
NSF,US_01015,Calhoun County,county_or_equivalent,AL,"Calhoun, AL",K06,1.166666666666,4999.999999999829,0.0,41.999999999999,0.0233333333333208,0.0,-0.0233333333333208,0.0,0.8400000000000089,3,0,252,False,False,K02,0.047978810105924516,K02,0.047978810105924516,Mechanism analysis and causal identification,#CDD1D5
NSF,US_01073,Jefferson County,county_or_equivalent,AL,"Jefferson, AL",K01,5.0,4999.999999999829,0.5,952.499999999969,0.10000000000000343,0.05249343832021169,-0.047506561679791746,10.0,19.050000000000036,6,1,160,False,False,K03,0.20643513789582363,K03,0.20643513789582363,Scenario simulation and risk prediction,#CDD1D5
NSF,US_01073,Jefferson County,county_or_equivalent,AL,"Jefferson, AL",K02,5.0,4999.999999999829,1.0,1635.999999999925,0.10000000000000343,0.06112469437653092,-0.038875305623472516,20.0,32.71999999999962,6,1,160,False,False,K03,0.20643513789582363,K03,0.20643513789582363,Scenario simulation and risk prediction,#CDD1D5
NSF,US_01073,Jefferson County,county_or_equivalent,AL,"Jefferson, AL",K03,5.0,4999.999999999829,1.5,489.499999999976,0.10000000000000343,0.30643513789582705,0.20643513789582363,30.0,9.789999999999857,6,2,160,False,False,K03,0.20643513789582363,K03,0.20643513789582363,Scenario simulation and risk prediction,#CDD1D5
NSF,US_01073,Jefferson County,county_or_equivalent,AL,"Jefferson, AL",K04,5.0,4999.999999999829,2.0,1428.999999999969,0.10000000000000343,0.13995801259622417,0.03995801259622074,40.0,28.580000000000364,6,2,160,False,False,K03,0.20643513789582363,K03,0.20643513789582363,Scenario simulation and risk prediction,#CDD1D5
NSF,US_01073,Jefferson County,county_or_equivalent,AL,"Jefferson, AL",K05,5.0,4999.999999999829,0.0,450.99999999999,0.10000000000000343,0.0,-0.10000000000000343,0.0,9.02000000000011,6,0,160,False,False,K03,0.20643513789582363,K03,0.20643513789582363,Scenario simulation and risk prediction,#CDD1D5
NSF,US_01073,Jefferson County,county_or_equivalent,AL,"Jefferson, AL",K06,5.0,4999.999999999829,0.0,41.999999999999,0.10000000000000343,0.0,-0.10000000000000343,0.0,0.8400000000000089,6,0,160,False,False,K03,0.20643513789582363,K03,0.20643513789582363,Scenario simulation and risk prediction,#CDD1D5
NSF,US_01081,Lee County,county_or_equivalent,AL,"Lee, AL",K01,8.833333333333,4999.999999999829,1.0,952.499999999969,0.17666666666666606,0.10498687664042337,-0.07167979002624268,11.32075471698156,19.050000000000036,13,1,135,False,False,K02,0.22064384678078494,K02,0.22064384678078494,Mechanism analysis and causal identification,#CDD1D5
NSF,US_01081,Lee County,county_or_equivalent,AL,"Lee, AL",K02,8.833333333333,4999.999999999829,6.5,1635.999999999925,0.17666666666666606,0.397310513447451,0.22064384678078494,73.58490566038013,32.71999999999962,13,10,135,False,False,K02,0.22064384678078494,K02,0.22064384678078494,Mechanism analysis and causal identification,#CDD1D5
NSF,US_01081,Lee County,county_or_equivalent,AL,"Lee, AL",K03,8.833333333333,4999.999999999829,1.333333333333,489.499999999976,0.17666666666666606,0.27238678924066706,0.095720122574001,15.094339622638305,9.789999999999857,13,2,135,False,False,K02,0.22064384678078494,K02,0.22064384678078494,Mechanism analysis and causal identification,#CDD1D5
NSF,US_01081,Lee County,county_or_equivalent,AL,"Lee, AL",K04,8.833333333333,4999.999999999829,0.0,1428.999999999969,0.17666666666666606,0.0,-0.17666666666666606,0.0,28.580000000000364,13,0,135,False,False,K02,0.22064384678078494,K02,0.22064384678078494,Mechanism analysis and causal identification,#CDD1D5
NSF,US_01081,Lee County,county_or_equivalent,AL,"Lee, AL",K05,8.833333333333,4999.999999999829,0.0,450.99999999999,0.17666666666666606,0.0,-0.17666666666666606,0.0,9.02000000000011,13,0,135,False,False,K02,0.22064384678078494,K02,0.22064384678078494,Mechanism analysis and causal identification,#CDD1D5
NSF,US_01081,Lee County,county_or_equivalent,AL,"Lee, AL",K06,8.833333333333,4999.999999999829,0.0,41.999999999999,0.17666666666666606,0.0,-0.17666666666666606,0.0,0.8400000000000089,13,0,135,False,False,K02,0.22064384678078494,K02,0.22064384678078494,Mechanism analysis and causal identification,#CDD1D5
NSF,US_01089,Madison County,county_or_equivalent,AL,"Madison, AL",K01,5.25,4999.999999999829,0.0,952.499999999969,0.1050000000000036,0.0,-0.1050000000000036,0.0,19.050000000000036,6,0,157,False,False,K04,0.17491602519244476,K04,0.17491602519244476,Intervention design and performance optimization,#CDD1D5
NSF,US_01089,Madison County,county_or_equivalent,AL,"Madison, AL",K02,5.25,4999.999999999829,1.25,1635.999999999925,0.1050000000000036,0.07640586797066365,-0.028594132029339955,23.80952380952381,32.71999999999962,6,2,157,False,False,K04,0.17491602519244476,K04,0.17491602519244476,Intervention design and performance optimization,#CDD1D5
NSF,US_01089,Madison County,county_or_equivalent,AL,"Madison, AL",K03,5.25,4999.999999999829,0.0,489.499999999976,0.1050000000000036,0.0,-0.1050000000000036,0.0,9.789999999999857,6,0,157,False,False,K04,0.17491602519244476,K04,0.17491602519244476,Intervention design and performance optimization,#CDD1D5
NSF,US_01089,Madison County,county_or_equivalent,AL,"Madison, AL",K04,5.25,4999.999999999829,4.0,1428.999999999969,0.1050000000000036,0.27991602519244835,0.17491602519244476,76.19047619047619,28.580000000000364,6,4,157,False,False,K04,0.17491602519244476,K04,0.17491602519244476,Intervention design and performance optimization,#CDD1D5
NSF,US_01089,Madison County,county_or_equivalent,AL,"Madison, AL",K05,5.25,4999.999999999829,0.0,450.99999999999,0.1050000000000036,0.0,-0.1050000000000036,0.0,9.02000000000011,6,0,157,False,False,K04,0.17491602519244476,K04,0.17491602519244476,Intervention design and performance optimization,#CDD1D5
NSF,US_01089,Madison County,county_or_equivalent,AL,"Madison, AL",K06,5.25,4999.999999999829,0.0,41.999999999999,0.1050000000000036,0.0,-0.1050000000000036,0.0,0.8400000000000089,6,0,157,False,False,K04,0.17491602519244476,K04,0.17491602519244476,Intervention design and performance optimization,#CDD1D5
NSF,US_01097,Mobile County,county_or_equivalent,AL,"Mobile, AL",K01,2.333333333333,4999.999999999829,0.0,952.499999999969,0.0466666666666616,0.0,-0.0466666666666616,0.0,19.050000000000036,3,0,208,False,False,K02,0.09595762021189017,K02,0.09595762021189017,Mechanism analysis and causal identification,#CDD1D5
NSF,US_01097,Mobile County,county_or_equivalent,AL,"Mobile, AL",K02,2.333333333333,4999.999999999829,2.333333333333,1635.999999999925,0.0466666666666616,0.14262428687855178,0.09595762021189017,100.0,32.71999999999962,3,3,208,False,False,K02,0.09595762021189017,K02,0.09595762021189017,Mechanism analysis and causal identification,#CDD1D5
NSF,US_01097,Mobile County,county_or_equivalent,AL,"Mobile, AL",K03,2.333333333333,4999.999999999829,0.0,489.499999999976,0.0466666666666616,0.0,-0.0466666666666616,0.0,9.789999999999857,3,0,208,False,False,K02,0.09595762021189017,K02,0.09595762021189017,Mechanism analysis and causal identification,#CDD1D5
NSF,US_01097,Mobile County,county_or_equivalent,AL,"Mobile, AL",K04,2.333333333333,4999.999999999829,0.0,1428.999999999969,0.0466666666666616,0.0,-0.0466666666666616,0.0,28.580000000000364,3,0,208,False,False,K02,0.09595762021189017,K02,0.09595762021189017,Mechanism analysis and causal identification,#CDD1D5
NSF,US_01097,Mobile County,county_or_equivalent,AL,"Mobile, AL",K05,2.333333333333,4999.999999999829,0.0,450.99999999999,0.0466666666666616,0.0,-0.0466666666666616,0.0,9.02000000000011,3,0,208,False,False,K02,0.09595762021189017,K02,0.09595762021189017,Mechanism analysis and causal identification,#CDD1D5
NSF,US_01097,Mobile County,county_or_equivalent,AL,"Mobile, AL",K06,2.333333333333,4999.999999999829,0.0,41.999999999999,0.0466666666666616,0.0,-0.0466666666666616,0.0,0.8400000000000089,3,0,208,False,False,K02,0.09595762021189017,K02,0.09595762021189017,Mechanism analysis and causal identification,#CDD1D5
NSF,US_01125,Tuscaloosa County,county_or_equivalent,AL,"Tuscaloosa, AL",K01,27.783333333332003,4999.999999999829,3.866666666666,952.499999999969,0.5556666666666592,0.40594925634290036,-0.14971741032375885,13.91721655668693,19.050000000000036,35,7,60,False,False,K04,0.3715551667833259,K04,0.3715551667833259,Intervention design and performance optimization,#CDD1D5
NSF,US_01125,Tuscaloosa County,county_or_equivalent,AL,"Tuscaloosa, AL",K02,27.783333333332003,4999.999999999829,4.833333333333,1635.999999999925,0.5556666666666592,0.2954360228198791,-0.26023064384678013,17.39652069586046,32.71999999999962,35,6,60,False,False,K04,0.3715551667833259,K04,0.3715551667833259,Intervention design and performance optimization,#CDD1D5
NSF,US_01125,Tuscaloosa County,county_or_equivalent,AL,"Tuscaloosa, AL",K03,27.783333333332003,4999.999999999829,2.833333333333,489.499999999976,0.5556666666666592,0.5788219271364942,0.02315526046983496,10.197960407917705,9.789999999999857,35,4,60,False,False,K04,0.3715551667833259,K04,0.3715551667833259,Intervention design and performance optimization,#CDD1D5
NSF,US_01125,Tuscaloosa County,county_or_equivalent,AL,"Tuscaloosa, AL",K04,27.783333333332003,4999.999999999829,13.25,1428.999999999969,0.5556666666666592,0.9272218334499851,0.3715551667833259,47.69046190762076,28.580000000000364,35,15,60,False,False,K04,0.3715551667833259,K04,0.3715551667833259,Intervention design and performance optimization,#CDD1D5
NSF,US_01125,Tuscaloosa County,county_or_equivalent,AL,"Tuscaloosa, AL",K05,27.783333333332003,4999.999999999829,3.0,450.99999999999,0.5556666666666592,0.6651884700665336,0.10952180339987438,10.797840431914134,9.02000000000011,35,3,60,False,False,K04,0.3715551667833259,K04,0.3715551667833259,Intervention design and performance optimization,#CDD1D5
NSF,US_01125,Tuscaloosa County,county_or_equivalent,AL,"Tuscaloosa, AL",K06,27.783333333332003,4999.999999999829,0.0,41.999999999999,0.5556666666666592,0.0,-0.5556666666666592,0.0,0.8400000000000089,35,0,60,False,False,K04,0.3715551667833259,K04,0.3715551667833259,Intervention design and performance optimization,#CDD1D5
NSF,US_02020,Anchorage (county equivalent),county_or_equivalent,AK,"Anchorage (county equivalent), AK",K01,20.499999999998003,4999.999999999829,5.833333333333,952.499999999969,0.40999999999997416,0.6124234470691012,0.20242344706912707,28.45528455284667,19.050000000000036,29,8,80,False,False,K01,0.20242344706912707,K01,0.20242344706912707,State measurement and problem diagnosis,#CDD1D5
NSF,US_02020,Anchorage (county equivalent),county_or_equivalent,AK,"Anchorage (county equivalent), AK",K02,20.499999999998003,4999.999999999829,6.083333333332,1635.999999999925,0.40999999999997416,0.37184189079048163,-0.03815810920949253,29.674796747963867,32.71999999999962,29,10,80,False,False,K01,0.20242344706912707,K01,0.20242344706912707,State measurement and problem diagnosis,#CDD1D5
NSF,US_02020,Anchorage (county equivalent),county_or_equivalent,AK,"Anchorage (county equivalent), AK",K03,20.499999999998003,4999.999999999829,2.0,489.499999999976,0.40999999999997416,0.4085801838611028,-0.001419816138871377,9.75609756097656,9.789999999999857,29,2,80,False,False,K01,0.20242344706912707,K01,0.20242344706912707,State measurement and problem diagnosis,#CDD1D5
NSF,US_02020,Anchorage (county equivalent),county_or_equivalent,AK,"Anchorage (county equivalent), AK",K04,20.499999999998003,4999.999999999829,4.0,1428.999999999969,0.40999999999997416,0.27991602519244835,-0.13008397480752582,19.51219512195312,28.580000000000364,29,4,80,False,False,K01,0.20242344706912707,K01,0.20242344706912707,State measurement and problem diagnosis,#CDD1D5
NSF,US_02020,Anchorage (county equivalent),county_or_equivalent,AK,"Anchorage (county equivalent), AK",K05,20.499999999998003,4999.999999999829,2.583333333333,450.99999999999,0.40999999999997416,0.5728011825572189,0.16280118255724474,12.601626016259765,9.02000000000011,29,5,80,False,False,K01,0.20242344706912707,K01,0.20242344706912707,State measurement and problem diagnosis,#CDD1D5
NSF,US_02020,Anchorage (county equivalent),county_or_equivalent,AK,"Anchorage (county equivalent), AK",K06,20.499999999998003,4999.999999999829,0.0,41.999999999999,0.40999999999997416,0.0,-0.40999999999997416,0.0,0.8400000000000089,29,0,80,False,False,K01,0.20242344706912707,K01,0.20242344706912707,State measurement and problem diagnosis,#CDD1D5
NSF,US_02090,Fairbanks North Star Borough,county_or_equivalent,AK,"Fairbanks North Star Borough, AK",K01,49.75952380952,4999.999999999829,10.833333333333,952.499999999969,0.9951904761904341,1.1373578302712182,0.14216735408078407,21.77137662089195,19.050000000000036,79,15,27,False,False,K05,1.1925404920282392,K05,1.1925404920282392,Planning decision support and policy design,#CDD1D5
NSF,US_02090,Fairbanks North Star Borough,county_or_equivalent,AK,"Fairbanks North Star Borough, AK",K02,49.75952380952,4999.999999999829,22.149999999998,1635.999999999925,0.9951904761904341,1.3539119804400377,0.3587215042496036,44.514091583328735,32.71999999999962,79,35,27,False,False,K05,1.1925404920282392,K05,1.1925404920282392,Planning decision support and policy design,#CDD1D5
NSF,US_02090,Fairbanks North Star Borough,county_or_equivalent,AK,"Fairbanks North Star Borough, AK",K03,49.75952380952,4999.999999999829,4.909523809523,489.499999999976,0.9951904761904341,1.0029670703826845,0.007776594192250408,9.866500789510589,9.789999999999857,79,13,27,False,False,K05,1.1925404920282392,K05,1.1925404920282392,Planning decision support and policy design,#CDD1D5
NSF,US_02090,Fairbanks North Star Borough,county_or_equivalent,AK,"Fairbanks North Star Borough, AK",K04,49.75952380952,4999.999999999829,2.0,1428.999999999969,0.9951904761904341,0.13995801259622417,-0.8552324635942099,4.019331068472484,28.580000000000364,79,2,27,False,False,K05,1.1925404920282392,K05,1.1925404920282392,Planning decision support and policy design,#CDD1D5
NSF,US_02090,Fairbanks North Star Borough,county_or_equivalent,AK,"Fairbanks North Star Borough, AK",K05,49.75952380952,4999.999999999829,9.866666666666,450.99999999999,0.9951904761904341,2.1877309682186734,1.1925404920282392,19.828699937796245,9.02000000000011,79,14,27,False,False,K05,1.1925404920282392,K05,1.1925404920282392,Planning decision support and policy design,#CDD1D5
NSF,US_02090,Fairbanks North Star Borough,county_or_equivalent,AK,"Fairbanks North Star Borough, AK",K06,49.75952380952,4999.999999999829,0.0,41.999999999999,0.9951904761904341,0.0,-0.9951904761904341,0.0,0.8400000000000089,79,0,27,False,False,K05,1.1925404920282392,K05,1.1925404920282392,Planning decision support and policy design,#CDD1D5
NSF,US_02110,Juneau (county equivalent),county_or_equivalent,AK,"Juneau (county equivalent), AK",K01,7.809523809523,4999.999999999829,2.0,952.499999999969,0.15619047619046536,0.20997375328084675,0.05378327709038139,25.60975609756363,19.050000000000036,11,2,142,False,False,K03,0.07728391458727846,K03,0.07728391458727846,Scenario simulation and risk prediction,#CDD1D5
NSF,US_02110,Juneau (county equivalent),county_or_equivalent,AK,"Juneau (county equivalent), AK",K02,7.809523809523,4999.999999999829,2.833333333333,1635.999999999925,0.15619047619046536,0.17318663406681722,0.016996157876351864,36.28048780487754,32.71999999999962,11,4,142,False,False,K03,0.07728391458727846,K03,0.07728391458727846,Scenario simulation and risk prediction,#CDD1D5
NSF,US_02110,Juneau (county equivalent),county_or_equivalent,AK,"Juneau (county equivalent), AK",K03,7.809523809523,4999.999999999829,1.142857142857,489.499999999976,0.15619047619046536,0.23347439077774382,0.07728391458727846,14.6341463414631,9.789999999999857,11,2,142,False,False,K03,0.07728391458727846,K03,0.07728391458727846,Scenario simulation and risk prediction,#CDD1D5
NSF,US_02110,Juneau (county equivalent),county_or_equivalent,AK,"Juneau (county equivalent), AK",K04,7.809523809523,4999.999999999829,1.0,1428.999999999969,0.15619047619046536,0.06997900629811209,-0.08621146989235327,12.804878048781815,28.580000000000364,11,1,142,False,False,K03,0.07728391458727846,K03,0.07728391458727846,Scenario simulation and risk prediction,#CDD1D5
NSF,US_02110,Juneau (county equivalent),county_or_equivalent,AK,"Juneau (county equivalent), AK",K05,7.809523809523,4999.999999999829,0.833333333333,450.99999999999,0.15619047619046536,0.18477457501840766,0.0285840988279423,10.67073170731391,9.02000000000011,11,2,142,False,False,K03,0.07728391458727846,K03,0.07728391458727846,Scenario simulation and risk prediction,#CDD1D5
NSF,US_02110,Juneau (county equivalent),county_or_equivalent,AK,"Juneau (county equivalent), AK",K06,7.809523809523,4999.999999999829,0.0,41.999999999999,0.15619047619046536,0.0,-0.15619047619046536,0.0,0.8400000000000089,11,0,142,False,False,K03,0.07728391458727846,K03,0.07728391458727846,Scenario simulation and risk prediction,#CDD1D5
NSF,US_02290,Yukon-Koyukuk (county equivalent),county_or_equivalent,AK,"Yukon-Koyukuk (county equivalent), AK",K01,0.5,4999.999999999829,0.5,952.499999999969,0.010000000000000344,0.05249343832021169,0.042493438320211345,100.0,19.050000000000036,1,1,330,False,False,K01,0.042493438320211345,K01,0.042493438320211345,State measurement and problem diagnosis,#CDD1D5
NSF,US_02290,Yukon-Koyukuk (county equivalent),county_or_equivalent,AK,"Yukon-Koyukuk (county equivalent), AK",K02,0.5,4999.999999999829,0.0,1635.999999999925,0.010000000000000344,0.0,-0.010000000000000344,0.0,32.71999999999962,1,0,330,False,False,K01,0.042493438320211345,K01,0.042493438320211345,State measurement and problem diagnosis,#CDD1D5
NSF,US_02290,Yukon-Koyukuk (county equivalent),county_or_equivalent,AK,"Yukon-Koyukuk (county equivalent), AK",K03,0.5,4999.999999999829,0.0,489.499999999976,0.010000000000000344,0.0,-0.010000000000000344,0.0,9.789999999999857,1,0,330,False,False,K01,0.042493438320211345,K01,0.042493438320211345,State measurement and problem diagnosis,#CDD1D5
NSF,US_02290,Yukon-Koyukuk (county equivalent),county_or_equivalent,AK,"Yukon-Koyukuk (county equivalent), AK",K04,0.5,4999.999999999829,0.0,1428.999999999969,0.010000000000000344,0.0,-0.010000000000000344,0.0,28.580000000000364,1,0,330,False,False,K01,0.042493438320211345,K01,0.042493438320211345,State measurement and problem diagnosis,#CDD1D5
NSF,US_02290,Yukon-Koyukuk (county equivalent),county_or_equivalent,AK,"Yukon-Koyukuk (county equivalent), AK",K05,0.5,4999.999999999829,0.0,450.99999999999,0.010000000000000344,0.0,-0.010000000000000344,0.0,9.02000000000011,1,0,330,False,False,K01,0.042493438320211345,K01,0.042493438320211345,State measurement and problem diagnosis,#CDD1D5
NSF,US_02290,Yukon-Koyukuk (county equivalent),county_or_equivalent,AK,"Yukon-Koyukuk (county equivalent), AK",K06,0.5,4999.999999999829,0.0,41.999999999999,0.010000000000000344,0.0,-0.010000000000000344,0.0,0.8400000000000089,1,0,330,False,False,K01,0.042493438320211345,K01,0.042493438320211345,State measurement and problem diagnosis,#CDD1D5
NSF,US_04005,Coconino County,county_or_equivalent,AZ,"Coconino, AZ",K01,9.999999999999,4999.999999999829,4.166666666666,952.499999999969,0.19999999999998685,0.4374453193350274,0.23744531933504054,41.66666666666417,19.050000000000036,15,6,124,False,False,K01,0.23744531933504054,K01,0.23744531933504054,State measurement and problem diagnosis,#CDD1D5
NSF,US_04005,Coconino County,county_or_equivalent,AZ,"Coconino, AZ",K02,9.999999999999,4999.999999999829,5.5,1635.999999999925,0.19999999999998685,0.33618581907092004,0.1361858190709332,55.0000000000055,32.71999999999962,15,8,124,False,False,K01,0.23744531933504054,K01,0.23744531933504054,State measurement and problem diagnosis,#CDD1D5
NSF,US_04005,Coconino County,county_or_equivalent,AZ,"Coconino, AZ",K03,9.999999999999,4999.999999999829,0.0,489.499999999976,0.19999999999998685,0.0,-0.19999999999998685,0.0,9.789999999999857,15,0,124,False,False,K01,0.23744531933504054,K01,0.23744531933504054,State measurement and problem diagnosis,#CDD1D5
NSF,US_04005,Coconino County,county_or_equivalent,AZ,"Coconino, AZ",K04,9.999999999999,4999.999999999829,0.333333333333,1428.999999999969,0.19999999999998685,0.023326335432680704,-0.17667366456730615,3.3333333333303337,28.580000000000364,15,1,124,False,False,K01,0.23744531933504054,K01,0.23744531933504054,State measurement and problem diagnosis,#CDD1D5
NSF,US_04005,Coconino County,county_or_equivalent,AZ,"Coconino, AZ",K05,9.999999999999,4999.999999999829,0.0,450.99999999999,0.19999999999998685,0.0,-0.19999999999998685,0.0,9.02000000000011,15,0,124,False,False,K01,0.23744531933504054,K01,0.23744531933504054,State measurement and problem diagnosis,#CDD1D5
NSF,US_04005,Coconino County,county_or_equivalent,AZ,"Coconino, AZ",K06,9.999999999999,4999.999999999829,0.0,41.999999999999,0.19999999999998685,0.0,-0.19999999999998685,0.0,0.8400000000000089,15,0,124,False,False,K01,0.23744531933504054,K01,0.23744531933504054,State measurement and problem diagnosis,#CDD1D5
NSF,US_04013,Maricopa County,county_or_equivalent,AZ,"Maricopa, AZ",K01,90.033333333331,4999.999999999829,11.666666666666,952.499999999969,1.8006666666666817,1.2248468941382025,-0.5758197725284793,12.958163643094744,19.050000000000036,110,15,7,False,False,K06,4.151714285714413,K03,0.5827177391896148,Scenario simulation and risk prediction,#CDD1D5
NSF,US_04013,Maricopa County,county_or_equivalent,AZ,"Maricopa, AZ",K02,90.033333333331,4999.999999999829,25.249999999998998,1635.999999999925,1.8006666666666817,1.5433985330073445,-0.2572681336593372,28.045168456126977,32.71999999999962,110,30,7,False,False,K06,4.151714285714413,K03,0.5827177391896148,Scenario simulation and risk prediction,#CDD1D5
NSF,US_04013,Maricopa County,county_or_equivalent,AZ,"Maricopa, AZ",K03,90.033333333331,4999.999999999829,11.666666666666,489.499999999976,1.8006666666666817,2.3833844058562965,0.5827177391896148,12.958163643094744,9.789999999999857,110,16,7,False,False,K06,4.151714285714413,K03,0.5827177391896148,Scenario simulation and risk prediction,#CDD1D5
NSF,US_04013,Maricopa County,county_or_equivalent,AZ,"Maricopa, AZ",K04,90.033333333331,4999.999999999829,33.449999999999996,1428.999999999969,1.8006666666666817,2.340797760671849,0.5401310940051671,37.15290633098948,28.580000000000364,110,40,7,False,False,K06,4.151714285714413,K03,0.5827177391896148,Scenario simulation and risk prediction,#CDD1D5
NSF,US_04013,Maricopa County,county_or_equivalent,AZ,"Maricopa, AZ",K05,90.033333333331,4999.999999999829,5.5,450.99999999999,1.8006666666666817,1.2195121951219783,-0.5811544715447035,6.108848574602158,9.02000000000011,110,6,7,False,False,K06,4.151714285714413,K03,0.5827177391896148,Scenario simulation and risk prediction,#CDD1D5
NSF,US_04013,Maricopa County,county_or_equivalent,AZ,"Maricopa, AZ",K06,90.033333333331,4999.999999999829,2.5,41.999999999999,1.8006666666666817,5.952380952381095,4.151714285714413,2.77674935209189,0.8400000000000089,110,3,7,False,False,K06,4.151714285714413,K03,0.5827177391896148,Scenario simulation and risk prediction,#CDD1D5
NSF,US_04019,Pima County,county_or_equivalent,AZ,"Pima, AZ",K01,31.142857142856002,4999.999999999829,4.333333333333,952.499999999969,0.6228571428571414,0.45494313210846626,-0.16791401074867518,13.914373088684455,19.050000000000036,39,6,50,False,False,K06,1.7580952380952963,K02,0.24816975200842417,Mechanism analysis and causal identification,#CDD1D5
NSF,US_04019,Pima County,county_or_equivalent,AZ,"Pima, AZ",K02,31.142857142856002,4999.999999999829,14.25,1635.999999999925,0.6228571428571414,0.8710268948655656,0.24816975200842417,45.75688073394663,32.71999999999962,39,17,50,False,False,K06,1.7580952380952963,K02,0.24816975200842417,Mechanism analysis and causal identification,#CDD1D5
NSF,US_04019,Pima County,county_or_equivalent,AZ,"Pima, AZ",K03,31.142857142856002,4999.999999999829,1.72619047619,489.499999999976,0.6228571428571414,0.35264361107049735,-0.2702135317866441,5.542813455656166,9.789999999999857,39,4,50,False,False,K06,1.7580952380952963,K02,0.24816975200842417,Mechanism analysis and causal identification,#CDD1D5
NSF,US_04019,Pima County,county_or_equivalent,AZ,"Pima, AZ",K04,31.142857142856002,4999.999999999829,6.833333333333,1428.999999999969,0.6228571428571414,0.4781898763704092,-0.14466726648673223,21.941896024464565,28.580000000000364,39,8,50,False,False,K06,1.7580952380952963,K02,0.24816975200842417,Mechanism analysis and causal identification,#CDD1D5
NSF,US_04019,Pima County,county_or_equivalent,AZ,"Pima, AZ",K05,31.142857142856002,4999.999999999829,3.0,450.99999999999,0.6228571428571414,0.6651884700665336,0.042331327209392144,9.633027522936132,9.02000000000011,39,3,50,False,False,K06,1.7580952380952963,K02,0.24816975200842417,Mechanism analysis and causal identification,#CDD1D5
NSF,US_04019,Pima County,county_or_equivalent,AZ,"Pima, AZ",K06,31.142857142856002,4999.999999999829,1.0,41.999999999999,0.6228571428571414,2.3809523809524378,1.7580952380952963,3.211009174312044,0.8400000000000089,39,1,50,False,False,K06,1.7580952380952963,K02,0.24816975200842417,Mechanism analysis and causal identification,#CDD1D5
NSF,US_05007,Benton County,county_or_equivalent,AR,"Benton, AR",K01,1.0,4999.999999999829,0.0,952.499999999969,0.020000000000000687,0.0,-0.020000000000000687,0.0,19.050000000000036,1,0,253,False,False,K03,0.1842900919305507,K03,0.1842900919305507,Scenario simulation and risk prediction,#CDD1D5
NSF,US_05007,Benton County,county_or_equivalent,AR,"Benton, AR",K02,1.0,4999.999999999829,0.0,1635.999999999925,0.020000000000000687,0.0,-0.020000000000000687,0.0,32.71999999999962,1,0,253,False,False,K03,0.1842900919305507,K03,0.1842900919305507,Scenario simulation and risk prediction,#CDD1D5
NSF,US_05007,Benton County,county_or_equivalent,AR,"Benton, AR",K03,1.0,4999.999999999829,1.0,489.499999999976,0.020000000000000687,0.2042900919305514,0.1842900919305507,100.0,9.789999999999857,1,1,253,False,False,K03,0.1842900919305507,K03,0.1842900919305507,Scenario simulation and risk prediction,#CDD1D5
NSF,US_05007,Benton County,county_or_equivalent,AR,"Benton, AR",K04,1.0,4999.999999999829,0.0,1428.999999999969,0.020000000000000687,0.0,-0.020000000000000687,0.0,28.580000000000364,1,0,253,False,False,K03,0.1842900919305507,K03,0.1842900919305507,Scenario simulation and risk prediction,#CDD1D5
NSF,US_05007,Benton County,county_or_equivalent,AR,"Benton, AR",K05,1.0,4999.999999999829,0.0,450.99999999999,0.020000000000000687,0.0,-0.020000000000000687,0.0,9.02000000000011,1,0,253,False,False,K03,0.1842900919305507,K03,0.1842900919305507,Scenario simulation and risk prediction,#CDD1D5
NSF,US_05007,Benton County,county_or_equivalent,AR,"Benton, AR",K06,1.0,4999.999999999829,0.0,41.999999999999,0.020000000000000687,0.0,-0.020000000000000687,0.0,0.8400000000000089,1,0,253,False,False,K03,0.1842900919305507,K03,0.1842900919305507,Scenario simulation and risk prediction,#CDD1D5
NSF,US_05143,Washington County,county_or_equivalent,AR,"Washington, AR",K01,22.283333333332997,4999.999999999829,6.333333333333,952.499999999969,0.4456666666666753,0.6649168853893129,0.2192502187226376,28.421839940163476,19.050000000000036,26,8,72,False,False,K06,4.3162380952382,K01,0.2192502187226376,State measurement and problem diagnosis,#CDD1D5
NSF,US_05143,Washington County,county_or_equivalent,AR,"Washington, AR",K02,22.283333333332997,4999.999999999829,3.4499999999999997,1635.999999999925,0.4456666666666753,0.21088019559903168,-0.23478647106764364,15.482423335826711,32.71999999999962,26,5,72,False,False,K06,4.3162380952382,K01,0.2192502187226376,State measurement and problem diagnosis,#CDD1D5
NSF,US_05143,Washington County,county_or_equivalent,AR,"Washington, AR",K03,22.283333333332997,4999.999999999829,2.0,489.499999999976,0.4456666666666753,0.4085801838611028,-0.03708648280557253,8.975317875841572,9.789999999999857,26,2,72,False,False,K06,4.3162380952382,K01,0.2192502187226376,State measurement and problem diagnosis,#CDD1D5
NSF,US_05143,Washington County,county_or_equivalent,AR,"Washington, AR",K04,22.283333333332997,4999.999999999829,8.0,1428.999999999969,0.4456666666666753,0.5598320503848967,0.11416538371822138,35.90127150336629,28.580000000000364,26,8,72,False,False,K06,4.3162380952382,K01,0.2192502187226376,State measurement and problem diagnosis,#CDD1D5
NSF,US_05143,Washington County,county_or_equivalent,AR,"Washington, AR",K05,22.283333333332997,4999.999999999829,0.5,450.99999999999,0.4456666666666753,0.11086474501108894,-0.33480192165558637,2.243829468960393,9.02000000000011,26,1,72,False,False,K06,4.3162380952382,K01,0.2192502187226376,State measurement and problem diagnosis,#CDD1D5
NSF,US_05143,Washington County,county_or_equivalent,AR,"Washington, AR",K06,22.283333333332997,4999.999999999829,2.0,41.999999999999,0.4456666666666753,4.7619047619048755,4.3162380952382,8.975317875841572,0.8400000000000089,26,2,72,False,False,K06,4.3162380952382,K01,0.2192502187226376,State measurement and problem diagnosis,#CDD1D5
NSF,US_06001,Alameda County,county_or_equivalent,CA,"Alameda, CA",K01,74.66666666666501,4999.999999999829,7.999999999999,952.499999999969,1.4933333333333514,0.839895013123282,-0.6534383202100694,10.714285714284612,19.050000000000036,86,11,11,False,False,K03,0.7708818522301919,K03,0.7708818522301919,Scenario simulation and risk prediction,#CDD1D5
NSF,US_06001,Alameda County,county_or_equivalent,CA,"Alameda, CA",K02,74.66666666666501,4999.999999999829,22.583333333333,1635.999999999925,1.4933333333333514,1.380399348003303,-0.11293398533004839,30.245535714285943,32.71999999999962,86,26,11,False,False,K03,0.7708818522301919,K03,0.7708818522301919,Scenario simulation and risk prediction,#CDD1D5
NSF,US_06001,Alameda County,county_or_equivalent,CA,"Alameda, CA",K03,74.66666666666501,4999.999999999829,11.083333333333,489.499999999976,1.4933333333333514,2.2642151855635433,0.7708818522301919,14.843749999999885,9.789999999999857,86,13,11,False,False,K03,0.7708818522301919,K03,0.7708818522301919,Scenario simulation and risk prediction,#CDD1D5
NSF,US_06001,Alameda County,county_or_equivalent,CA,"Alameda, CA",K04,74.66666666666501,4999.999999999829,30.5,1428.999999999969,1.4933333333333514,2.1343596920924184,0.641026358759067,40.848214285715194,28.580000000000364,86,33,11,False,False,K03,0.7708818522301919,K03,0.7708818522301919,Scenario simulation and risk prediction,#CDD1D5
NSF,US_06001,Alameda County,county_or_equivalent,CA,"Alameda, CA",K05,74.66666666666501,4999.999999999829,2.5,450.99999999999,1.4933333333333514,0.5543237250554447,-0.9390096082779067,3.34821428571436,9.02000000000011,86,3,11,False,False,K03,0.7708818522301919,K03,0.7708818522301919,Scenario simulation and risk prediction,#CDD1D5
NSF,US_06001,Alameda County,county_or_equivalent,CA,"Alameda, CA",K06,74.66666666666501,4999.999999999829,0.0,41.999999999999,1.4933333333333514,0.0,-1.4933333333333514,0.0,0.8400000000000089,86,0,11,False,False,K03,0.7708818522301919,K03,0.7708818522301919,Scenario simulation and risk prediction,#CDD1D5
NSF,US_06007,Butte County,county_or_equivalent,CA,"Butte, CA",K01,1.5,4999.999999999829,1.5,952.499999999969,0.030000000000001033,0.15748031496063505,0.12748031496063403,100.0,19.050000000000036,2,2,242,False,False,K01,0.12748031496063403,K01,0.12748031496063403,State measurement and problem diagnosis,#CDD1D5
NSF,US_06007,Butte County,county_or_equivalent,CA,"Butte, CA",K02,1.5,4999.999999999829,0.0,1635.999999999925,0.030000000000001033,0.0,-0.030000000000001033,0.0,32.71999999999962,2,0,242,False,False,K01,0.12748031496063403,K01,0.12748031496063403,State measurement and problem diagnosis,#CDD1D5
NSF,US_06007,Butte County,county_or_equivalent,CA,"Butte, CA",K03,1.5,4999.999999999829,0.0,489.499999999976,0.030000000000001033,0.0,-0.030000000000001033,0.0,9.789999999999857,2,0,242,False,False,K01,0.12748031496063403,K01,0.12748031496063403,State measurement and problem diagnosis,#CDD1D5
NSF,US_06007,Butte County,county_or_equivalent,CA,"Butte, CA",K04,1.5,4999.999999999829,0.0,1428.999999999969,0.030000000000001033,0.0,-0.030000000000001033,0.0,28.580000000000364,2,0,242,False,False,K01,0.12748031496063403,K01,0.12748031496063403,State measurement and problem diagnosis,#CDD1D5
NSF,US_06007,Butte County,county_or_equivalent,CA,"Butte, CA",K05,1.5,4999.999999999829,0.0,450.99999999999,0.030000000000001033,0.0,-0.030000000000001033,0.0,9.02000000000011,2,0,242,False,False,K01,0.12748031496063403,K01,0.12748031496063403,State measurement and problem diagnosis,#CDD1D5
NSF,US_06007,Butte County,county_or_equivalent,CA,"Butte, CA",K06,1.5,4999.999999999829,0.0,41.999999999999,0.030000000000001033,0.0,-0.030000000000001033,0.0,0.8400000000000089,2,0,242,False,False,K01,0.12748031496063403,K01,0.12748031496063403,State measurement and problem diagnosis,#CDD1D5
NSF,US_06013,Contra Costa County,county_or_equivalent,CA,"Contra Costa, CA",K01,9.0,4999.999999999829,2.0,952.499999999969,0.18000000000000618,0.20997375328084675,0.029973753280840565,22.22222222222222,19.050000000000036,9,2,131,False,False,K04,0.1698950314905542,K04,0.1698950314905542,Intervention design and performance optimization,#CDD1D5
NSF,US_06013,Contra Costa County,county_or_equivalent,CA,"Contra Costa, CA",K02,9.0,4999.999999999829,0.0,1635.999999999925,0.18000000000000618,0.0,-0.18000000000000618,0.0,32.71999999999962,9,0,131,False,False,K04,0.1698950314905542,K04,0.1698950314905542,Intervention design and performance optimization,#CDD1D5
NSF,US_06013,Contra Costa County,county_or_equivalent,CA,"Contra Costa, CA",K03,9.0,4999.999999999829,1.0,489.499999999976,0.18000000000000618,0.2042900919305514,0.02429009193054521,11.11111111111111,9.789999999999857,9,1,131,False,False,K04,0.1698950314905542,K04,0.1698950314905542,Intervention design and performance optimization,#CDD1D5
NSF,US_06013,Contra Costa County,county_or_equivalent,CA,"Contra Costa, CA",K04,9.0,4999.999999999829,5.0,1428.999999999969,0.18000000000000618,0.3498950314905604,0.1698950314905542,55.55555555555556,28.580000000000364,9,5,131,False,False,K04,0.1698950314905542,K04,0.1698950314905542,Intervention design and performance optimization,#CDD1D5
NSF,US_06013,Contra Costa County,county_or_equivalent,CA,"Contra Costa, CA",K05,9.0,4999.999999999829,1.0,450.99999999999,0.18000000000000618,0.22172949002217787,0.04172949002217169,11.11111111111111,9.02000000000011,9,1,131,False,False,K04,0.1698950314905542,K04,0.1698950314905542,Intervention design and performance optimization,#CDD1D5
NSF,US_06013,Contra Costa County,county_or_equivalent,CA,"Contra Costa, CA",K06,9.0,4999.999999999829,0.0,41.999999999999,0.18000000000000618,0.0,-0.18000000000000618,0.0,0.8400000000000089,9,0,131,False,False,K04,0.1698950314905542,K04,0.1698950314905542,Intervention design and performance optimization,#CDD1D5
NSF,US_06019,Fresno County,county_or_equivalent,CA,"Fresno, CA",K01,2.5,4999.999999999829,0.0,952.499999999969,0.05000000000000172,0.0,-0.05000000000000172,0.0,19.050000000000036,3,0,200,False,False,K03,0.15429009193054968,K03,0.15429009193054968,Scenario simulation and risk prediction,#CDD1D5
NSF,US_06019,Fresno County,county_or_equivalent,CA,"Fresno, CA",K02,2.5,4999.999999999829,1.0,1635.999999999925,0.05000000000000172,0.06112469437653092,0.011124694376529201,40.0,32.71999999999962,3,1,200,False,False,K03,0.15429009193054968,K03,0.15429009193054968,Scenario simulation and risk prediction,#CDD1D5
NSF,US_06019,Fresno County,county_or_equivalent,CA,"Fresno, CA",K03,2.5,4999.999999999829,1.0,489.499999999976,0.05000000000000172,0.2042900919305514,0.15429009193054968,40.0,9.789999999999857,3,1,200,False,False,K03,0.15429009193054968,K03,0.15429009193054968,Scenario simulation and risk prediction,#CDD1D5
NSF,US_06019,Fresno County,county_or_equivalent,CA,"Fresno, CA",K04,2.5,4999.999999999829,0.5,1428.999999999969,0.05000000000000172,0.034989503149056043,-0.015010496850945673,20.0,28.580000000000364,3,1,200,False,False,K03,0.15429009193054968,K03,0.15429009193054968,Scenario simulation and risk prediction,#CDD1D5
NSF,US_06019,Fresno County,county_or_equivalent,CA,"Fresno, CA",K05,2.5,4999.999999999829,0.0,450.99999999999,0.05000000000000172,0.0,-0.05000000000000172,0.0,9.02000000000011,3,0,200,False,False,K03,0.15429009193054968,K03,0.15429009193054968,Scenario simulation and risk prediction,#CDD1D5
NSF,US_06019,Fresno County,county_or_equivalent,CA,"Fresno, CA",K06,2.5,4999.999999999829,0.0,41.999999999999,0.05000000000000172,0.0,-0.05000000000000172,0.0,0.8400000000000089,3,0,200,False,False,K03,0.15429009193054968,K03,0.15429009193054968,Scenario simulation and risk prediction,#CDD1D5
NSF,US_06023,Humboldt County,county_or_equivalent,CA,"Humboldt, CA",K01,1.0,4999.999999999829,0.0,952.499999999969,0.020000000000000687,0.0,-0.020000000000000687,0.0,19.050000000000036,1,0,254,False,False,K02,0.04112469437653023,K02,0.04112469437653023,Mechanism analysis and causal identification,#CDD1D5
NSF,US_06023,Humboldt County,county_or_equivalent,CA,"Humboldt, CA",K02,1.0,4999.999999999829,1.0,1635.999999999925,0.020000000000000687,0.06112469437653092,0.04112469437653023,100.0,32.71999999999962,1,1,254,False,False,K02,0.04112469437653023,K02,0.04112469437653023,Mechanism analysis and causal identification,#CDD1D5
NSF,US_06023,Humboldt County,county_or_equivalent,CA,"Humboldt, CA",K03,1.0,4999.999999999829,0.0,489.499999999976,0.020000000000000687,0.0,-0.020000000000000687,0.0,9.789999999999857,1,0,254,False,False,K02,0.04112469437653023,K02,0.04112469437653023,Mechanism analysis and causal identification,#CDD1D5
NSF,US_06023,Humboldt County,county_or_equivalent,CA,"Humboldt, CA",K04,1.0,4999.999999999829,0.0,1428.999999999969,0.020000000000000687,0.0,-0.020000000000000687,0.0,28.580000000000364,1,0,254,False,False,K02,0.04112469437653023,K02,0.04112469437653023,Mechanism analysis and causal identification,#CDD1D5
NSF,US_06023,Humboldt County,county_or_equivalent,CA,"Humboldt, CA",K05,1.0,4999.999999999829,0.0,450.99999999999,0.020000000000000687,0.0,-0.020000000000000687,0.0,9.02000000000011,1,0,254,False,False,K02,0.04112469437653023,K02,0.04112469437653023,Mechanism analysis and causal identification,#CDD1D5
NSF,US_06023,Humboldt County,county_or_equivalent,CA,"Humboldt, CA",K06,1.0,4999.999999999829,0.0,41.999999999999,0.020000000000000687,0.0,-0.020000000000000687,0.0,0.8400000000000089,1,0,254,False,False,K02,0.04112469437653023,K02,0.04112469437653023,Mechanism analysis and causal identification,#CDD1D5
NSF,US_06027,Inyo County,county_or_equivalent,CA,"Inyo, CA",K01,1.0,4999.999999999829,0.0,952.499999999969,0.020000000000000687,0.0,-0.020000000000000687,0.0,19.050000000000036,1,0,255,False,False,K02,0.04112469437653023,K02,0.04112469437653023,Mechanism analysis and causal identification,#CDD1D5
NSF,US_06027,Inyo County,county_or_equivalent,CA,"Inyo, CA",K02,1.0,4999.999999999829,1.0,1635.999999999925,0.020000000000000687,0.06112469437653092,0.04112469437653023,100.0,32.71999999999962,1,1,255,False,False,K02,0.04112469437653023,K02,0.04112469437653023,Mechanism analysis and causal identification,#CDD1D5
NSF,US_06027,Inyo County,county_or_equivalent,CA,"Inyo, CA",K03,1.0,4999.999999999829,0.0,489.499999999976,0.020000000000000687,0.0,-0.020000000000000687,0.0,9.789999999999857,1,0,255,False,False,K02,0.04112469437653023,K02,0.04112469437653023,Mechanism analysis and causal identification,#CDD1D5
NSF,US_06027,Inyo County,county_or_equivalent,CA,"Inyo, CA",K04,1.0,4999.999999999829,0.0,1428.999999999969,0.020000000000000687,0.0,-0.020000000000000687,0.0,28.580000000000364,1,0,255,False,False,K02,0.04112469437653023,K02,0.04112469437653023,Mechanism analysis and causal identification,#CDD1D5
NSF,US_06027,Inyo County,county_or_equivalent,CA,"Inyo, CA",K05,1.0,4999.999999999829,0.0,450.99999999999,0.020000000000000687,0.0,-0.020000000000000687,0.0,9.02000000000011,1,0,255,False,False,K02,0.04112469437653023,K02,0.04112469437653023,Mechanism analysis and causal identification,#CDD1D5
NSF,US_06027,Inyo County,county_or_equivalent,CA,"Inyo, CA",K06,1.0,4999.999999999829,0.0,41.999999999999,0.020000000000000687,0.0,-0.020000000000000687,0.0,0.8400000000000089,1,0,255,False,False,K02,0.04112469437653023,K02,0.04112469437653023,Mechanism analysis and causal identification,#CDD1D5
NSF,US_06037,Los Angeles County,county_or_equivalent,CA,"Los Angeles, CA",K01,132.933333333328,4999.999999999829,21.416666666665,952.499999999969,2.6586666666666514,2.2484689413822254,-0.410197725284426,16.11083249749187,19.050000000000036,161,26,1,True,False,K04,0.6653361324936022,K04,0.6653361324936022,Intervention design and performance optimization,#386087
NSF,US_06037,Los Angeles County,county_or_equivalent,CA,"Los Angeles, CA",K02,132.933333333328,4999.999999999829,47.616666666666,1635.999999999925,2.6586666666666514,2.9105541972291062,0.25188753056245483,35.81995987963985,32.71999999999962,161,58,1,True,False,K04,0.6653361324936022,K04,0.6653361324936022,Intervention design and performance optimization,#386087
NSF,US_06037,Los Angeles County,county_or_equivalent,CA,"Los Angeles, CA",K03,132.933333333328,4999.999999999829,11.866666666665,489.499999999976,2.6586666666666514,2.4242424242422023,-0.23442424242444915,8.926780341022173,9.789999999999857,161,18,1,True,False,K04,0.6653361324936022,K04,0.6653361324936022,Intervention design and performance optimization,#386087
NSF,US_06037,Los Angeles County,county_or_equivalent,CA,"Los Angeles, CA",K04,132.933333333328,4999.999999999829,47.499999999999,1428.999999999969,2.6586666666666514,3.3240027991602537,0.6653361324936022,35.73219658976999,28.580000000000364,161,52,1,True,False,K04,0.6653361324936022,K04,0.6653361324936022,Intervention design and performance optimization,#386087
NSF,US_06037,Los Angeles County,county_or_equivalent,CA,"Los Angeles, CA",K05,132.933333333328,4999.999999999829,4.533333333333,450.99999999999,2.6586666666666514,1.0051736881004658,-1.6534929785661856,3.410230692076115,9.02000000000011,161,7,1,True,False,K04,0.6653361324936022,K04,0.6653361324936022,Intervention design and performance optimization,#386087
NSF,US_06037,Los Angeles County,county_or_equivalent,CA,"Los Angeles, CA",K06,132.933333333328,4999.999999999829,0.0,41.999999999999,2.6586666666666514,0.0,-2.6586666666666514,0.0,0.8400000000000089,161,0,1,True,False,K04,0.6653361324936022,K04,0.6653361324936022,Intervention design and performance optimization,#386087
NSF,US_06041,Marin County,county_or_equivalent,CA,"Marin, CA",K01,3.0,4999.999999999829,1.0,952.499999999969,0.060000000000002066,0.10498687664042337,0.04498687664042131,33.333333333333336,19.050000000000036,3,1,187,False,False,K03,0.1442900919305493,K03,0.1442900919305493,Scenario simulation and risk prediction,#CDD1D5
NSF,US_06041,Marin County,county_or_equivalent,CA,"Marin, CA",K02,3.0,4999.999999999829,0.0,1635.999999999925,0.060000000000002066,0.0,-0.060000000000002066,0.0,32.71999999999962,3,0,187,False,False,K03,0.1442900919305493,K03,0.1442900919305493,Scenario simulation and risk prediction,#CDD1D5
NSF,US_06041,Marin County,county_or_equivalent,CA,"Marin, CA",K03,3.0,4999.999999999829,1.0,489.499999999976,0.060000000000002066,0.2042900919305514,0.1442900919305493,33.333333333333336,9.789999999999857,3,1,187,False,False,K03,0.1442900919305493,K03,0.1442900919305493,Scenario simulation and risk prediction,#CDD1D5
NSF,US_06041,Marin County,county_or_equivalent,CA,"Marin, CA",K04,3.0,4999.999999999829,1.0,1428.999999999969,0.060000000000002066,0.06997900629811209,0.009979006298110021,33.333333333333336,28.580000000000364,3,1,187,False,False,K03,0.1442900919305493,K03,0.1442900919305493,Scenario simulation and risk prediction,#CDD1D5
NSF,US_06041,Marin County,county_or_equivalent,CA,"Marin, CA",K05,3.0,4999.999999999829,0.0,450.99999999999,0.060000000000002066,0.0,-0.060000000000002066,0.0,9.02000000000011,3,0,187,False,False,K03,0.1442900919305493,K03,0.1442900919305493,Scenario simulation and risk prediction,#CDD1D5
NSF,US_06041,Marin County,county_or_equivalent,CA,"Marin, CA",K06,3.0,4999.999999999829,0.0,41.999999999999,0.060000000000002066,0.0,-0.060000000000002066,0.0,0.8400000000000089,3,0,187,False,False,K03,0.1442900919305493,K03,0.1442900919305493,Scenario simulation and risk prediction,#CDD1D5
NSF,US_06045,Mendocino County,county_or_equivalent,CA,"Mendocino, CA",K01,1.0,4999.999999999829,0.0,952.499999999969,0.020000000000000687,0.0,-0.020000000000000687,0.0,19.050000000000036,1,0,256,False,False,K04,0.0499790062981114,K04,0.0499790062981114,Intervention design and performance optimization,#CDD1D5
NSF,US_06045,Mendocino County,county_or_equivalent,CA,"Mendocino, CA",K02,1.0,4999.999999999829,0.0,1635.999999999925,0.020000000000000687,0.0,-0.020000000000000687,0.0,32.71999999999962,1,0,256,False,False,K04,0.0499790062981114,K04,0.0499790062981114,Intervention design and performance optimization,#CDD1D5
NSF,US_06045,Mendocino County,county_or_equivalent,CA,"Mendocino, CA",K03,1.0,4999.999999999829,0.0,489.499999999976,0.020000000000000687,0.0,-0.020000000000000687,0.0,9.789999999999857,1,0,256,False,False,K04,0.0499790062981114,K04,0.0499790062981114,Intervention design and performance optimization,#CDD1D5
NSF,US_06045,Mendocino County,county_or_equivalent,CA,"Mendocino, CA",K04,1.0,4999.999999999829,1.0,1428.999999999969,0.020000000000000687,0.06997900629811209,0.0499790062981114,100.0,28.580000000000364,1,1,256,False,False,K04,0.0499790062981114,K04,0.0499790062981114,Intervention design and performance optimization,#CDD1D5
NSF,US_06045,Mendocino County,county_or_equivalent,CA,"Mendocino, CA",K05,1.0,4999.999999999829,0.0,450.99999999999,0.020000000000000687,0.0,-0.020000000000000687,0.0,9.02000000000011,1,0,256,False,False,K04,0.0499790062981114,K04,0.0499790062981114,Intervention design and performance optimization,#CDD1D5
NSF,US_06045,Mendocino County,county_or_equivalent,CA,"Mendocino, CA",K06,1.0,4999.999999999829,0.0,41.999999999999,0.020000000000000687,0.0,-0.020000000000000687,0.0,0.8400000000000089,1,0,256,False,False,K04,0.0499790062981114,K04,0.0499790062981114,Intervention design and performance optimization,#CDD1D5
NSF,US_06047,Merced County,county_or_equivalent,CA,"Merced, CA",K01,7.499999999999,4999.999999999829,1.0,952.499999999969,0.14999999999998515,0.10498687664042337,-0.04501312335956177,13.333333333335112,19.050000000000036,10,1,143,False,False,K02,0.11487367563162848,K02,0.11487367563162848,Mechanism analysis and causal identification,#CDD1D5
NSF,US_06047,Merced County,county_or_equivalent,CA,"Merced, CA",K02,7.499999999999,4999.999999999829,4.333333333333,1635.999999999925,0.14999999999998515,0.2648736756316136,0.11487367563162848,57.77777777778104,32.71999999999962,10,5,143,False,False,K02,0.11487367563162848,K02,0.11487367563162848,Mechanism analysis and causal identification,#CDD1D5
NSF,US_06047,Merced County,county_or_equivalent,CA,"Merced, CA",K03,7.499999999999,4999.999999999829,0.5,489.499999999976,0.14999999999998515,0.1021450459652757,-0.04785495403470945,6.666666666667556,9.789999999999857,10,1,143,False,False,K02,0.11487367563162848,K02,0.11487367563162848,Mechanism analysis and causal identification,#CDD1D5
NSF,US_06047,Merced County,county_or_equivalent,CA,"Merced, CA",K04,7.499999999999,4999.999999999829,1.0,1428.999999999969,0.14999999999998515,0.06997900629811209,-0.08002099370187306,13.333333333335112,28.580000000000364,10,1,143,False,False,K02,0.11487367563162848,K02,0.11487367563162848,Mechanism analysis and causal identification,#CDD1D5
NSF,US_06047,Merced County,county_or_equivalent,CA,"Merced, CA",K05,7.499999999999,4999.999999999829,0.666666666666,450.99999999999,0.14999999999998515,0.14781966001463745,-0.0021803399853476957,8.888888888881187,9.02000000000011,10,2,143,False,False,K02,0.11487367563162848,K02,0.11487367563162848,Mechanism analysis and causal identification,#CDD1D5
NSF,US_06047,Merced County,county_or_equivalent,CA,"Merced, CA",K06,7.499999999999,4999.999999999829,0.0,41.999999999999,0.14999999999998515,0.0,-0.14999999999998515,0.0,0.8400000000000089,10,0,143,False,False,K02,0.11487367563162848,K02,0.11487367563162848,Mechanism analysis and causal identification,#CDD1D5
NSF,US_06053,Monterey County,county_or_equivalent,CA,"Monterey, CA",K01,5.2,4999.999999999829,4.0,952.499999999969,0.10400000000000358,0.4199475065616935,0.3159475065616899,76.92307692307692,19.050000000000036,6,4,159,False,False,K01,0.3159475065616899,K01,0.3159475065616899,State measurement and problem diagnosis,#CDD1D5
NSF,US_06053,Monterey County,county_or_equivalent,CA,"Monterey, CA",K02,5.2,4999.999999999829,1.2,1635.999999999925,0.10400000000000358,0.0733496332518371,-0.03065036674816647,23.076923076923077,32.71999999999962,6,2,159,False,False,K01,0.3159475065616899,K01,0.3159475065616899,State measurement and problem diagnosis,#CDD1D5
NSF,US_06053,Monterey County,county_or_equivalent,CA,"Monterey, CA",K03,5.2,4999.999999999829,0.0,489.499999999976,0.10400000000000358,0.0,-0.10400000000000358,0.0,9.789999999999857,6,0,159,False,False,K01,0.3159475065616899,K01,0.3159475065616899,State measurement and problem diagnosis,#CDD1D5
NSF,US_06053,Monterey County,county_or_equivalent,CA,"Monterey, CA",K04,5.2,4999.999999999829,0.0,1428.999999999969,0.10400000000000358,0.0,-0.10400000000000358,0.0,28.580000000000364,6,0,159,False,False,K01,0.3159475065616899,K01,0.3159475065616899,State measurement and problem diagnosis,#CDD1D5
NSF,US_06053,Monterey County,county_or_equivalent,CA,"Monterey, CA",K05,5.2,4999.999999999829,0.0,450.99999999999,0.10400000000000358,0.0,-0.10400000000000358,0.0,9.02000000000011,6,0,159,False,False,K01,0.3159475065616899,K01,0.3159475065616899,State measurement and problem diagnosis,#CDD1D5
NSF,US_06053,Monterey County,county_or_equivalent,CA,"Monterey, CA",K06,5.2,4999.999999999829,0.0,41.999999999999,0.10400000000000358,0.0,-0.10400000000000358,0.0,0.8400000000000089,6,0,159,False,False,K01,0.3159475065616899,K01,0.3159475065616899,State measurement and problem diagnosis,#CDD1D5
NSF,US_06055,Napa County,county_or_equivalent,CA,"Napa, CA",K01,1.0,4999.999999999829,0.0,952.499999999969,0.020000000000000687,0.0,-0.020000000000000687,0.0,19.050000000000036,1,0,257,False,False,K04,0.0499790062981114,K04,0.0499790062981114,Intervention design and performance optimization,#CDD1D5
NSF,US_06055,Napa County,county_or_equivalent,CA,"Napa, CA",K02,1.0,4999.999999999829,0.0,1635.999999999925,0.020000000000000687,0.0,-0.020000000000000687,0.0,32.71999999999962,1,0,257,False,False,K04,0.0499790062981114,K04,0.0499790062981114,Intervention design and performance optimization,#CDD1D5
NSF,US_06055,Napa County,county_or_equivalent,CA,"Napa, CA",K03,1.0,4999.999999999829,0.0,489.499999999976,0.020000000000000687,0.0,-0.020000000000000687,0.0,9.789999999999857,1,0,257,False,False,K04,0.0499790062981114,K04,0.0499790062981114,Intervention design and performance optimization,#CDD1D5
NSF,US_06055,Napa County,county_or_equivalent,CA,"Napa, CA",K04,1.0,4999.999999999829,1.0,1428.999999999969,0.020000000000000687,0.06997900629811209,0.0499790062981114,100.0,28.580000000000364,1,1,257,False,False,K04,0.0499790062981114,K04,0.0499790062981114,Intervention design and performance optimization,#CDD1D5
NSF,US_06055,Napa County,county_or_equivalent,CA,"Napa, CA",K05,1.0,4999.999999999829,0.0,450.99999999999,0.020000000000000687,0.0,-0.020000000000000687,0.0,9.02000000000011,1,0,257,False,False,K04,0.0499790062981114,K04,0.0499790062981114,Intervention design and performance optimization,#CDD1D5
NSF,US_06055,Napa County,county_or_equivalent,CA,"Napa, CA",K06,1.0,4999.999999999829,0.0,41.999999999999,0.020000000000000687,0.0,-0.020000000000000687,0.0,0.8400000000000089,1,0,257,False,False,K04,0.0499790062981114,K04,0.0499790062981114,Intervention design and performance optimization,#CDD1D5
NSF,US_06057,Nevada County,county_or_equivalent,CA,"Nevada, CA",K01,1.0,4999.999999999829,0.0,952.499999999969,0.020000000000000687,0.0,-0.020000000000000687,0.0,19.050000000000036,1,0,258,False,False,K05,0.2017294900221772,K05,0.2017294900221772,Planning decision support and policy design,#CDD1D5
NSF,US_06057,Nevada County,county_or_equivalent,CA,"Nevada, CA",K02,1.0,4999.999999999829,0.0,1635.999999999925,0.020000000000000687,0.0,-0.020000000000000687,0.0,32.71999999999962,1,0,258,False,False,K05,0.2017294900221772,K05,0.2017294900221772,Planning decision support and policy design,#CDD1D5
NSF,US_06057,Nevada County,county_or_equivalent,CA,"Nevada, CA",K03,1.0,4999.999999999829,0.0,489.499999999976,0.020000000000000687,0.0,-0.020000000000000687,0.0,9.789999999999857,1,0,258,False,False,K05,0.2017294900221772,K05,0.2017294900221772,Planning decision support and policy design,#CDD1D5
NSF,US_06057,Nevada County,county_or_equivalent,CA,"Nevada, CA",K04,1.0,4999.999999999829,0.0,1428.999999999969,0.020000000000000687,0.0,-0.020000000000000687,0.0,28.580000000000364,1,0,258,False,False,K05,0.2017294900221772,K05,0.2017294900221772,Planning decision support and policy design,#CDD1D5
NSF,US_06057,Nevada County,county_or_equivalent,CA,"Nevada, CA",K05,1.0,4999.999999999829,1.0,450.99999999999,0.020000000000000687,0.22172949002217787,0.2017294900221772,100.0,9.02000000000011,1,1,258,False,False,K05,0.2017294900221772,K05,0.2017294900221772,Planning decision support and policy design,#CDD1D5
NSF,US_06057,Nevada County,county_or_equivalent,CA,"Nevada, CA",K06,1.0,4999.999999999829,0.0,41.999999999999,0.020000000000000687,0.0,-0.020000000000000687,0.0,0.8400000000000089,1,0,258,False,False,K05,0.2017294900221772,K05,0.2017294900221772,Planning decision support and policy design,#CDD1D5
NSF,US_06059,Orange County,county_or_equivalent,CA,"Orange, CA",K01,49.416666666665996,4999.999999999829,5.0,952.499999999969,0.9883333333333539,0.5249343832021168,-0.4633989501312371,10.118043844856798,19.050000000000036,59,5,28,False,False,K06,1.3926190476190838,K03,0.4076489615253456,Scenario simulation and risk prediction,#CDD1D5
NSF,US_06059,Orange County,county_or_equivalent,CA,"Orange, CA",K02,49.416666666665996,4999.999999999829,17.083333333332998,1635.999999999925,0.9883333333333539,1.0442135289323828,0.0558801955990289,34.569983136593386,32.71999999999962,59,23,28,False,False,K06,1.3926190476190838,K03,0.4076489615253456,Scenario simulation and risk prediction,#CDD1D5
NSF,US_06059,Orange County,county_or_equivalent,CA,"Orange, CA",K03,49.416666666665996,4999.999999999829,6.833333333333,489.499999999976,0.9883333333333539,1.3959822948586995,0.4076489615253456,13.827993254636949,9.789999999999857,59,10,28,False,False,K06,1.3926190476190838,K03,0.4076489615253456,Scenario simulation and risk prediction,#CDD1D5
NSF,US_06059,Orange County,county_or_equivalent,CA,"Orange, CA",K04,49.416666666665996,4999.999999999829,14.5,1428.999999999969,0.9883333333333539,1.0146955913226252,0.026362257989271276,29.342327150084714,28.580000000000364,59,15,28,False,False,K06,1.3926190476190838,K03,0.4076489615253456,Scenario simulation and risk prediction,#CDD1D5
NSF,US_06059,Orange County,county_or_equivalent,CA,"Orange, CA",K05,49.416666666665996,4999.999999999829,5.0,450.99999999999,0.9883333333333539,1.1086474501108894,0.12031411677753545,10.118043844856798,9.02000000000011,59,5,28,False,False,K06,1.3926190476190838,K03,0.4076489615253456,Scenario simulation and risk prediction,#CDD1D5
NSF,US_06059,Orange County,county_or_equivalent,CA,"Orange, CA",K06,49.416666666665996,4999.999999999829,1.0,41.999999999999,0.9883333333333539,2.3809523809524378,1.3926190476190838,2.0236087689713598,0.8400000000000089,59,1,28,False,False,K06,1.3926190476190838,K03,0.4076489615253456,Scenario simulation and risk prediction,#CDD1D5
NSF,US_06065,Riverside County,county_or_equivalent,CA,"Riverside, CA",K01,18.666666666665,4999.999999999829,0.833333333333,952.499999999969,0.37333333333331287,0.08748906386698448,-0.2858442694663284,4.464285714284327,19.050000000000036,25,2,85,False,False,K02,0.17678891605540425,K02,0.17678891605540425,Mechanism analysis and causal identification,#CDD1D5
NSF,US_06065,Riverside County,county_or_equivalent,CA,"Riverside, CA",K02,18.666666666665,4999.999999999829,8.999999999999,1635.999999999925,0.37333333333331287,0.5501222493887171,0.17678891605540425,48.21428571428466,32.71999999999962,25,12,85,False,False,K02,0.17678891605540425,K02,0.17678891605540425,Mechanism analysis and causal identification,#CDD1D5
NSF,US_06065,Riverside County,county_or_equivalent,CA,"Riverside, CA",K03,18.666666666665,4999.999999999829,1.0,489.499999999976,0.37333333333331287,0.2042900919305514,-0.16904324140276147,5.357142857143335,9.789999999999857,25,1,85,False,False,K02,0.17678891605540425,K02,0.17678891605540425,Mechanism analysis and causal identification,#CDD1D5
NSF,US_06065,Riverside County,county_or_equivalent,CA,"Riverside, CA",K04,18.666666666665,4999.999999999829,6.833333333333,1428.999999999969,0.37333333333331287,0.4781898763704092,0.10485654303709635,36.60714285714433,28.580000000000364,25,9,85,False,False,K02,0.17678891605540425,K02,0.17678891605540425,Mechanism analysis and causal identification,#CDD1D5
NSF,US_06065,Riverside County,county_or_equivalent,CA,"Riverside, CA",K05,18.666666666665,4999.999999999829,1.0,450.99999999999,0.37333333333331287,0.22172949002217787,-0.151603843311135,5.357142857143335,9.02000000000011,25,1,85,False,False,K02,0.17678891605540425,K02,0.17678891605540425,Mechanism analysis and causal identification,#CDD1D5
NSF,US_06065,Riverside County,county_or_equivalent,CA,"Riverside, CA",K06,18.666666666665,4999.999999999829,0.0,41.999999999999,0.37333333333331287,0.0,-0.37333333333331287,0.0,0.8400000000000089,25,0,85,False,False,K02,0.17678891605540425,K02,0.17678891605540425,Mechanism analysis and causal identification,#CDD1D5
NSF,US_06067,Sacramento County,county_or_equivalent,CA,"Sacramento, CA",K01,3.0,4999.999999999829,0.0,952.499999999969,0.060000000000002066,0.0,-0.060000000000002066,0.0,19.050000000000036,3,0,188,False,False,K03,0.1442900919305493,K03,0.1442900919305493,Scenario simulation and risk prediction,#CDD1D5
NSF,US_06067,Sacramento County,county_or_equivalent,CA,"Sacramento, CA",K02,3.0,4999.999999999829,0.0,1635.999999999925,0.060000000000002066,0.0,-0.060000000000002066,0.0,32.71999999999962,3,0,188,False,False,K03,0.1442900919305493,K03,0.1442900919305493,Scenario simulation and risk prediction,#CDD1D5
NSF,US_06067,Sacramento County,county_or_equivalent,CA,"Sacramento, CA",K03,3.0,4999.999999999829,1.0,489.499999999976,0.060000000000002066,0.2042900919305514,0.1442900919305493,33.333333333333336,9.789999999999857,3,1,188,False,False,K03,0.1442900919305493,K03,0.1442900919305493,Scenario simulation and risk prediction,#CDD1D5
NSF,US_06067,Sacramento County,county_or_equivalent,CA,"Sacramento, CA",K04,3.0,4999.999999999829,2.0,1428.999999999969,0.060000000000002066,0.13995801259622417,0.07995801259622211,66.66666666666667,28.580000000000364,3,2,188,False,False,K03,0.1442900919305493,K03,0.1442900919305493,Scenario simulation and risk prediction,#CDD1D5
NSF,US_06067,Sacramento County,county_or_equivalent,CA,"Sacramento, CA",K05,3.0,4999.999999999829,0.0,450.99999999999,0.060000000000002066,0.0,-0.060000000000002066,0.0,9.02000000000011,3,0,188,False,False,K03,0.1442900919305493,K03,0.1442900919305493,Scenario simulation and risk prediction,#CDD1D5
NSF,US_06067,Sacramento County,county_or_equivalent,CA,"Sacramento, CA",K06,3.0,4999.999999999829,0.0,41.999999999999,0.060000000000002066,0.0,-0.060000000000002066,0.0,0.8400000000000089,3,0,188,False,False,K03,0.1442900919305493,K03,0.1442900919305493,Scenario simulation and risk prediction,#CDD1D5
NSF,US_06073,San Diego County,county_or_equivalent,CA,"San Diego, CA",K01,77.037301587299,4999.999999999829,17.449999999999,952.499999999969,1.5407460317460329,1.832020997375283,0.29127496562925015,22.65136452141251,19.050000000000036,90,22,9,False,False,K03,1.1612336365258051,K03,1.1612336365258051,Scenario simulation and risk prediction,#CDD1D5
NSF,US_06073,San Diego County,county_or_equivalent,CA,"San Diego, CA",K02,77.037301587299,4999.999999999829,26.027777777777,1635.999999999925,1.5407460317460329,1.5909399619668823,0.05019393022084939,33.785941669156486,32.71999999999962,90,32,9,False,False,K03,1.1612336365258051,K03,1.1612336365258051,Scenario simulation and risk prediction,#CDD1D5
NSF,US_06073,San Diego County,county_or_equivalent,CA,"San Diego, CA",K03,77.037301587299,4999.999999999829,13.22619047619,489.499999999976,1.5407460317460329,2.701979668271838,1.1612336365258051,17.16855367941727,9.789999999999857,90,15,9,False,False,K03,1.1612336365258051,K03,1.1612336365258051,Scenario simulation and risk prediction,#CDD1D5
NSF,US_06073,San Diego County,county_or_equivalent,CA,"San Diego, CA",K04,77.037301587299,4999.999999999829,15.0,1428.999999999969,1.5407460317460329,1.0496850944716811,-0.49106093727435174,19.471086981158,28.580000000000364,90,15,9,False,False,K03,1.1612336365258051,K03,1.1612336365258051,Scenario simulation and risk prediction,#CDD1D5
NSF,US_06073,San Diego County,county_or_equivalent,CA,"San Diego, CA",K05,77.037301587299,4999.999999999829,4.333333333333,450.99999999999,1.5407460317460329,0.9608277900960301,-0.5799182416500027,5.624980683445211,9.02000000000011,90,5,9,False,False,K03,1.1612336365258051,K03,1.1612336365258051,Scenario simulation and risk prediction,#CDD1D5
NSF,US_06073,San Diego County,county_or_equivalent,CA,"San Diego, CA",K06,77.037301587299,4999.999999999829,1.0,41.999999999999,1.5407460317460329,2.3809523809524378,0.8402063492064049,1.2980724654105333,0.8400000000000089,90,1,9,False,False,K03,1.1612336365258051,K03,1.1612336365258051,Scenario simulation and risk prediction,#CDD1D5
NSF,US_06075,San Francisco County,county_or_equivalent,CA,"San Francisco, CA",K01,12.5,4999.999999999829,4.0,952.499999999969,0.2500000000000086,0.4199475065616935,0.1699475065616849,32.0,19.050000000000036,13,4,111,False,False,K04,0.2048635409377199,K04,0.2048635409377199,Intervention design and performance optimization,#CDD1D5
NSF,US_06075,San Francisco County,county_or_equivalent,CA,"San Francisco, CA",K02,12.5,4999.999999999829,1.0,1635.999999999925,0.2500000000000086,0.06112469437653092,-0.18887530562347768,8.0,32.71999999999962,13,1,111,False,False,K04,0.2048635409377199,K04,0.2048635409377199,Intervention design and performance optimization,#CDD1D5
NSF,US_06075,San Francisco County,county_or_equivalent,CA,"San Francisco, CA",K03,12.5,4999.999999999829,1.0,489.499999999976,0.2500000000000086,0.2042900919305514,-0.04570990806945721,8.0,9.789999999999857,13,1,111,False,False,K04,0.2048635409377199,K04,0.2048635409377199,Intervention design and performance optimization,#CDD1D5
NSF,US_06075,San Francisco County,county_or_equivalent,CA,"San Francisco, CA",K04,12.5,4999.999999999829,6.5,1428.999999999969,0.2500000000000086,0.4548635409377285,0.2048635409377199,52.0,28.580000000000364,13,7,111,False,False,K04,0.2048635409377199,K04,0.2048635409377199,Intervention design and performance optimization,#CDD1D5
NSF,US_06075,San Francisco County,county_or_equivalent,CA,"San Francisco, CA",K05,12.5,4999.999999999829,0.0,450.99999999999,0.2500000000000086,0.0,-0.2500000000000086,0.0,9.02000000000011,13,0,111,False,False,K04,0.2048635409377199,K04,0.2048635409377199,Intervention design and performance optimization,#CDD1D5
NSF,US_06075,San Francisco County,county_or_equivalent,CA,"San Francisco, CA",K06,12.5,4999.999999999829,0.0,41.999999999999,0.2500000000000086,0.0,-0.2500000000000086,0.0,0.8400000000000089,13,0,111,False,False,K04,0.2048635409377199,K04,0.2048635409377199,Intervention design and performance optimization,#CDD1D5
NSF,US_06077,San Joaquin County,county_or_equivalent,CA,"San Joaquin, CA",K01,0.5,4999.999999999829,0.0,952.499999999969,0.010000000000000344,0.0,-0.010000000000000344,0.0,19.050000000000036,1,0,331,False,False,K02,0.020562347188265113,K02,0.020562347188265113,Mechanism analysis and causal identification,#CDD1D5
NSF,US_06077,San Joaquin County,county_or_equivalent,CA,"San Joaquin, CA",K02,0.5,4999.999999999829,0.5,1635.999999999925,0.010000000000000344,0.03056234718826546,0.020562347188265113,100.0,32.71999999999962,1,1,331,False,False,K02,0.020562347188265113,K02,0.020562347188265113,Mechanism analysis and causal identification,#CDD1D5
NSF,US_06077,San Joaquin County,county_or_equivalent,CA,"San Joaquin, CA",K03,0.5,4999.999999999829,0.0,489.499999999976,0.010000000000000344,0.0,-0.010000000000000344,0.0,9.789999999999857,1,0,331,False,False,K02,0.020562347188265113,K02,0.020562347188265113,Mechanism analysis and causal identification,#CDD1D5
NSF,US_06077,San Joaquin County,county_or_equivalent,CA,"San Joaquin, CA",K04,0.5,4999.999999999829,0.0,1428.999999999969,0.010000000000000344,0.0,-0.010000000000000344,0.0,28.580000000000364,1,0,331,False,False,K02,0.020562347188265113,K02,0.020562347188265113,Mechanism analysis and causal identification,#CDD1D5
NSF,US_06077,San Joaquin County,county_or_equivalent,CA,"San Joaquin, CA",K05,0.5,4999.999999999829,0.0,450.99999999999,0.010000000000000344,0.0,-0.010000000000000344,0.0,9.02000000000011,1,0,331,False,False,K02,0.020562347188265113,K02,0.020562347188265113,Mechanism analysis and causal identification,#CDD1D5
NSF,US_06077,San Joaquin County,county_or_equivalent,CA,"San Joaquin, CA",K06,0.5,4999.999999999829,0.0,41.999999999999,0.010000000000000344,0.0,-0.010000000000000344,0.0,0.8400000000000089,1,0,331,False,False,K02,0.020562347188265113,K02,0.020562347188265113,Mechanism analysis and causal identification,#CDD1D5
NSF,US_06079,San Luis Obispo County,county_or_equivalent,CA,"San Luis Obispo, CA",K01,3.9000000000000004,4999.999999999829,0.2,952.499999999969,0.07800000000000269,0.020997375328084673,-0.05700262467191802,5.128205128205128,19.050000000000036,6,1,177,False,False,K02,0.056474327628365364,K02,0.056474327628365364,Mechanism analysis and causal identification,#CDD1D5
NSF,US_06079,San Luis Obispo County,county_or_equivalent,CA,"San Luis Obispo, CA",K02,3.9000000000000004,4999.999999999829,2.2,1635.999999999925,0.07800000000000269,0.13447432762836806,0.056474327628365364,56.410256410256416,32.71999999999962,6,3,177,False,False,K02,0.056474327628365364,K02,0.056474327628365364,Mechanism analysis and causal identification,#CDD1D5
NSF,US_06079,San Luis Obispo County,county_or_equivalent,CA,"San Luis Obispo, CA",K03,3.9000000000000004,4999.999999999829,0.5,489.499999999976,0.07800000000000269,0.1021450459652757,0.024145045965273004,12.82051282051282,9.789999999999857,6,1,177,False,False,K02,0.056474327628365364,K02,0.056474327628365364,Mechanism analysis and causal identification,#CDD1D5
NSF,US_06079,San Luis Obispo County,county_or_equivalent,CA,"San Luis Obispo, CA",K04,3.9000000000000004,4999.999999999829,1.0,1428.999999999969,0.07800000000000269,0.06997900629811209,-0.008020993701890605,25.64102564102564,28.580000000000364,6,1,177,False,False,K02,0.056474327628365364,K02,0.056474327628365364,Mechanism analysis and causal identification,#CDD1D5
NSF,US_06079,San Luis Obispo County,county_or_equivalent,CA,"San Luis Obispo, CA",K05,3.9000000000000004,4999.999999999829,0.0,450.99999999999,0.07800000000000269,0.0,-0.07800000000000269,0.0,9.02000000000011,6,0,177,False,False,K02,0.056474327628365364,K02,0.056474327628365364,Mechanism analysis and causal identification,#CDD1D5
NSF,US_06079,San Luis Obispo County,county_or_equivalent,CA,"San Luis Obispo, CA",K06,3.9000000000000004,4999.999999999829,0.0,41.999999999999,0.07800000000000269,0.0,-0.07800000000000269,0.0,0.8400000000000089,6,0,177,False,False,K02,0.056474327628365364,K02,0.056474327628365364,Mechanism analysis and causal identification,#CDD1D5
NSF,US_06081,San Mateo County,county_or_equivalent,CA,"San Mateo, CA",K01,4.0,4999.999999999829,1.0,952.499999999969,0.08000000000000275,0.10498687664042337,0.024986876640420624,25.0,19.050000000000036,4,1,170,False,False,K04,0.1299370188943335,K04,0.1299370188943335,Intervention design and performance optimization,#CDD1D5
NSF,US_06081,San Mateo County,county_or_equivalent,CA,"San Mateo, CA",K02,4.0,4999.999999999829,0.0,1635.999999999925,0.08000000000000275,0.0,-0.08000000000000275,0.0,32.71999999999962,4,0,170,False,False,K04,0.1299370188943335,K04,0.1299370188943335,Intervention design and performance optimization,#CDD1D5
NSF,US_06081,San Mateo County,county_or_equivalent,CA,"San Mateo, CA",K03,4.0,4999.999999999829,0.0,489.499999999976,0.08000000000000275,0.0,-0.08000000000000275,0.0,9.789999999999857,4,0,170,False,False,K04,0.1299370188943335,K04,0.1299370188943335,Intervention design and performance optimization,#CDD1D5
NSF,US_06081,San Mateo County,county_or_equivalent,CA,"San Mateo, CA",K04,4.0,4999.999999999829,3.0,1428.999999999969,0.08000000000000275,0.20993701889433625,0.1299370188943335,75.0,28.580000000000364,4,3,170,False,False,K04,0.1299370188943335,K04,0.1299370188943335,Intervention design and performance optimization,#CDD1D5
NSF,US_06081,San Mateo County,county_or_equivalent,CA,"San Mateo, CA",K05,4.0,4999.999999999829,0.0,450.99999999999,0.08000000000000275,0.0,-0.08000000000000275,0.0,9.02000000000011,4,0,170,False,False,K04,0.1299370188943335,K04,0.1299370188943335,Intervention design and performance optimization,#CDD1D5
NSF,US_06081,San Mateo County,county_or_equivalent,CA,"San Mateo, CA",K06,4.0,4999.999999999829,0.0,41.999999999999,0.08000000000000275,0.0,-0.08000000000000275,0.0,0.8400000000000089,4,0,170,False,False,K04,0.1299370188943335,K04,0.1299370188943335,Intervention design and performance optimization,#CDD1D5
NSF,US_06083,Santa Barbara County,county_or_equivalent,CA,"Santa Barbara, CA",K01,31.2,4999.999999999829,1.5,952.499999999969,0.6240000000000214,0.15748031496063505,-0.46651968503938634,4.8076923076923075,19.050000000000036,38,3,49,False,False,K02,0.47624449877753516,K02,0.47624449877753516,Mechanism analysis and causal identification,#CDD1D5
NSF,US_06083,Santa Barbara County,county_or_equivalent,CA,"Santa Barbara, CA",K02,31.2,4999.999999999829,18.0,1635.999999999925,0.6240000000000214,1.1002444987775566,0.47624449877753516,57.69230769230769,32.71999999999962,38,21,49,False,False,K02,0.47624449877753516,K02,0.47624449877753516,Mechanism analysis and causal identification,#CDD1D5
NSF,US_06083,Santa Barbara County,county_or_equivalent,CA,"Santa Barbara, CA",K03,31.2,4999.999999999829,3.5,489.499999999976,0.6240000000000214,0.7150153217569298,0.09101532175690841,11.217948717948719,9.789999999999857,38,4,49,False,False,K02,0.47624449877753516,K02,0.47624449877753516,Mechanism analysis and causal identification,#CDD1D5
NSF,US_06083,Santa Barbara County,county_or_equivalent,CA,"Santa Barbara, CA",K04,31.2,4999.999999999829,5.0,1428.999999999969,0.6240000000000214,0.3498950314905604,-0.27410496850946103,16.025641025641026,28.580000000000364,38,6,49,False,False,K02,0.47624449877753516,K02,0.47624449877753516,Mechanism analysis and causal identification,#CDD1D5
NSF,US_06083,Santa Barbara County,county_or_equivalent,CA,"Santa Barbara, CA",K05,31.2,4999.999999999829,3.2,450.99999999999,0.6240000000000214,0.7095343680709691,0.08553436807094772,10.256410256410257,9.02000000000011,38,4,49,False,False,K02,0.47624449877753516,K02,0.47624449877753516,Mechanism analysis and causal identification,#CDD1D5
NSF,US_06083,Santa Barbara County,county_or_equivalent,CA,"Santa Barbara, CA",K06,31.2,4999.999999999829,0.0,41.999999999999,0.6240000000000214,0.0,-0.6240000000000214,0.0,0.8400000000000089,38,0,49,False,False,K02,0.47624449877753516,K02,0.47624449877753516,Mechanism analysis and causal identification,#CDD1D5
NSF,US_06085,Santa Clara County,county_or_equivalent,CA,"Santa Clara, CA",K01,65.533333333331,4999.999999999829,8.0,952.499999999969,1.310666666666665,0.839895013123387,-0.4707716535432781,12.207527975585378,19.050000000000036,78,9,16,False,False,K03,0.5347538304392474,K03,0.5347538304392474,Scenario simulation and risk prediction,#CDD1D5
NSF,US_06085,Santa Clara County,county_or_equivalent,CA,"Santa Clara, CA",K02,65.533333333331,4999.999999999829,23.499999999998998,1635.999999999925,1.310666666666665,1.4364303178484155,0.12576365118175037,35.859613428280525,32.71999999999962,78,29,16,False,False,K03,0.5347538304392474,K03,0.5347538304392474,Scenario simulation and risk prediction,#CDD1D5
NSF,US_06085,Santa Clara County,county_or_equivalent,CA,"Santa Clara, CA",K03,65.533333333331,4999.999999999829,9.033333333333,489.499999999976,1.310666666666665,1.8454204971059125,0.5347538304392474,13.784333672431314,9.789999999999857,78,11,16,False,False,K03,0.5347538304392474,K03,0.5347538304392474,Scenario simulation and risk prediction,#CDD1D5
NSF,US_06085,Santa Clara County,county_or_equivalent,CA,"Santa Clara, CA",K04,65.533333333331,4999.999999999829,20.833333333333,1428.999999999969,1.310666666666665,1.4578959645439786,0.14722929787731354,31.79043743641975,28.580000000000364,78,23,16,False,False,K03,0.5347538304392474,K03,0.5347538304392474,Scenario simulation and risk prediction,#CDD1D5
NSF,US_06085,Santa Clara County,county_or_equivalent,CA,"Santa Clara, CA",K05,65.533333333331,4999.999999999829,4.166666666666,450.99999999999,1.310666666666665,0.92387287509226,-0.3867937915744051,6.358087487283034,9.02000000000011,78,6,16,False,False,K03,0.5347538304392474,K03,0.5347538304392474,Scenario simulation and risk prediction,#CDD1D5
NSF,US_06085,Santa Clara County,county_or_equivalent,CA,"Santa Clara, CA",K06,65.533333333331,4999.999999999829,0.0,41.999999999999,1.310666666666665,0.0,-1.310666666666665,0.0,0.8400000000000089,78,0,16,False,False,K03,0.5347538304392474,K03,0.5347538304392474,Scenario simulation and risk prediction,#CDD1D5
NSF,US_06087,Santa Cruz County,county_or_equivalent,CA,"Santa Cruz, CA",K01,28.249999999999,4999.999999999829,4.5,952.499999999969,0.5649999999999994,0.47244094488190513,-0.09255905511809426,15.929203539823572,19.050000000000036,34,5,59,False,False,K02,0.17359005704972885,K02,0.17359005704972885,Mechanism analysis and causal identification,#CDD1D5
NSF,US_06087,Santa Cruz County,county_or_equivalent,CA,"Santa Cruz, CA",K02,28.249999999999,4999.999999999829,12.083333333333,1635.999999999925,0.5649999999999994,0.7385900570497282,0.17359005704972885,42.77286135693249,32.71999999999962,34,15,59,False,False,K02,0.17359005704972885,K02,0.17359005704972885,Mechanism analysis and causal identification,#CDD1D5
NSF,US_06087,Santa Cruz County,county_or_equivalent,CA,"Santa Cruz, CA",K03,28.249999999999,4999.999999999829,2.5,489.499999999976,0.5649999999999994,0.5107252298263785,-0.05427477017362092,8.849557522124206,9.789999999999857,34,3,59,False,False,K02,0.17359005704972885,K02,0.17359005704972885,Mechanism analysis and causal identification,#CDD1D5
NSF,US_06087,Santa Cruz County,county_or_equivalent,CA,"Santa Cruz, CA",K04,28.249999999999,4999.999999999829,7.666666666666,1428.999999999969,0.5649999999999994,0.5365057149521459,-0.02849428504785345,27.13864306784521,28.580000000000364,34,9,59,False,False,K02,0.17359005704972885,K02,0.17359005704972885,Mechanism analysis and causal identification,#CDD1D5
NSF,US_06087,Santa Cruz County,county_or_equivalent,CA,"Santa Cruz, CA",K05,28.249999999999,4999.999999999829,1.5,450.99999999999,0.5649999999999994,0.3325942350332668,-0.2324057649667326,5.309734513274524,9.02000000000011,34,2,59,False,False,K02,0.17359005704972885,K02,0.17359005704972885,Mechanism analysis and causal identification,#CDD1D5
NSF,US_06087,Santa Cruz County,county_or_equivalent,CA,"Santa Cruz, CA",K06,28.249999999999,4999.999999999829,0.0,41.999999999999,0.5649999999999994,0.0,-0.5649999999999994,0.0,0.8400000000000089,34,0,59,False,False,K02,0.17359005704972885,K02,0.17359005704972885,Mechanism analysis and causal identification,#CDD1D5
NSF,US_06095,Solano County,county_or_equivalent,CA,"Solano, CA",K01,1.0,4999.999999999829,0.0,952.499999999969,0.020000000000000687,0.0,-0.020000000000000687,0.0,19.050000000000036,1,0,259,False,False,K04,0.0499790062981114,K04,0.0499790062981114,Intervention design and performance optimization,#CDD1D5
NSF,US_06095,Solano County,county_or_equivalent,CA,"Solano, CA",K02,1.0,4999.999999999829,0.0,1635.999999999925,0.020000000000000687,0.0,-0.020000000000000687,0.0,32.71999999999962,1,0,259,False,False,K04,0.0499790062981114,K04,0.0499790062981114,Intervention design and performance optimization,#CDD1D5
NSF,US_06095,Solano County,county_or_equivalent,CA,"Solano, CA",K03,1.0,4999.999999999829,0.0,489.499999999976,0.020000000000000687,0.0,-0.020000000000000687,0.0,9.789999999999857,1,0,259,False,False,K04,0.0499790062981114,K04,0.0499790062981114,Intervention design and performance optimization,#CDD1D5
NSF,US_06095,Solano County,county_or_equivalent,CA,"Solano, CA",K04,1.0,4999.999999999829,1.0,1428.999999999969,0.020000000000000687,0.06997900629811209,0.0499790062981114,100.0,28.580000000000364,1,1,259,False,False,K04,0.0499790062981114,K04,0.0499790062981114,Intervention design and performance optimization,#CDD1D5
NSF,US_06095,Solano County,county_or_equivalent,CA,"Solano, CA",K05,1.0,4999.999999999829,0.0,450.99999999999,0.020000000000000687,0.0,-0.020000000000000687,0.0,9.02000000000011,1,0,259,False,False,K04,0.0499790062981114,K04,0.0499790062981114,Intervention design and performance optimization,#CDD1D5
NSF,US_06095,Solano County,county_or_equivalent,CA,"Solano, CA",K06,1.0,4999.999999999829,0.0,41.999999999999,0.020000000000000687,0.0,-0.020000000000000687,0.0,0.8400000000000089,1,0,259,False,False,K04,0.0499790062981114,K04,0.0499790062981114,Intervention design and performance optimization,#CDD1D5
NSF,US_06097,Sonoma County,county_or_equivalent,CA,"Sonoma, CA",K01,4.5,4999.999999999829,1.0,952.499999999969,0.09000000000000309,0.10498687664042337,0.014986876640420282,22.22222222222222,19.050000000000036,6,1,166,False,False,K04,0.04995801259622108,K04,0.04995801259622108,Intervention design and performance optimization,#CDD1D5
NSF,US_06097,Sonoma County,county_or_equivalent,CA,"Sonoma, CA",K02,4.5,4999.999999999829,1.5,1635.999999999925,0.09000000000000309,0.09168704156479639,0.0016870415647932957,33.333333333333336,32.71999999999962,6,3,166,False,False,K04,0.04995801259622108,K04,0.04995801259622108,Intervention design and performance optimization,#CDD1D5
NSF,US_06097,Sonoma County,county_or_equivalent,CA,"Sonoma, CA",K03,4.5,4999.999999999829,0.0,489.499999999976,0.09000000000000309,0.0,-0.09000000000000309,0.0,9.789999999999857,6,0,166,False,False,K04,0.04995801259622108,K04,0.04995801259622108,Intervention design and performance optimization,#CDD1D5
NSF,US_06097,Sonoma County,county_or_equivalent,CA,"Sonoma, CA",K04,4.5,4999.999999999829,2.0,1428.999999999969,0.09000000000000309,0.13995801259622417,0.04995801259622108,44.44444444444444,28.580000000000364,6,2,166,False,False,K04,0.04995801259622108,K04,0.04995801259622108,Intervention design and performance optimization,#CDD1D5
NSF,US_06097,Sonoma County,county_or_equivalent,CA,"Sonoma, CA",K05,4.5,4999.999999999829,0.0,450.99999999999,0.09000000000000309,0.0,-0.09000000000000309,0.0,9.02000000000011,6,0,166,False,False,K04,0.04995801259622108,K04,0.04995801259622108,Intervention design and performance optimization,#CDD1D5
NSF,US_06097,Sonoma County,county_or_equivalent,CA,"Sonoma, CA",K06,4.5,4999.999999999829,0.0,41.999999999999,0.09000000000000309,0.0,-0.09000000000000309,0.0,0.8400000000000089,6,0,166,False,False,K04,0.04995801259622108,K04,0.04995801259622108,Intervention design and performance optimization,#CDD1D5
NSF,US_06113,Yolo County,county_or_equivalent,CA,"Yolo, CA",K01,31.866666666666,4999.999999999829,1.0,952.499999999969,0.637333333333342,0.10498687664042337,-0.5323464566929186,3.138075313807597,19.050000000000036,41,1,44,False,False,K02,0.48022982885087795,K02,0.48022982885087795,Mechanism analysis and causal identification,#CDD1D5
NSF,US_06113,Yolo County,county_or_equivalent,CA,"Yolo, CA",K02,31.866666666666,4999.999999999829,18.283333333333,1635.999999999925,0.637333333333342,1.11756316218422,0.48022982885087795,57.374476987447856,32.71999999999962,41,23,44,False,False,K02,0.48022982885087795,K02,0.48022982885087795,Mechanism analysis and causal identification,#CDD1D5
NSF,US_06113,Yolo County,county_or_equivalent,CA,"Yolo, CA",K03,31.866666666666,4999.999999999829,3.5,489.499999999976,0.637333333333342,0.7150153217569298,0.07768198842358787,10.98326359832659,9.789999999999857,41,4,44,False,False,K02,0.48022982885087795,K02,0.48022982885087795,Mechanism analysis and causal identification,#CDD1D5
NSF,US_06113,Yolo County,county_or_equivalent,CA,"Yolo, CA",K04,31.866666666666,4999.999999999829,6.083333333333,1428.999999999969,0.637333333333342,0.4257056216468251,-0.21162771168651684,19.089958158995167,28.580000000000364,41,8,44,False,False,K02,0.48022982885087795,K02,0.48022982885087795,Mechanism analysis and causal identification,#CDD1D5
NSF,US_06113,Yolo County,county_or_equivalent,CA,"Yolo, CA",K05,31.866666666666,4999.999999999829,2.9999999999999996,450.99999999999,0.637333333333342,0.6651884700665335,0.02785513673319151,9.414225941422789,9.02000000000011,41,5,44,False,False,K02,0.48022982885087795,K02,0.48022982885087795,Mechanism analysis and causal identification,#CDD1D5
NSF,US_06113,Yolo County,county_or_equivalent,CA,"Yolo, CA",K06,31.866666666666,4999.999999999829,0.0,41.999999999999,0.637333333333342,0.0,-0.637333333333342,0.0,0.8400000000000089,41,0,44,False,False,K02,0.48022982885087795,K02,0.48022982885087795,Mechanism analysis and causal identification,#CDD1D5
NSF,US_08005,Arapahoe County,county_or_equivalent,CO,"Arapahoe, CO",K01,3.1428571428570002,4999.999999999829,0.0,952.499999999969,0.06285714285714217,0.0,-0.06285714285714217,0.0,19.050000000000036,4,0,186,False,False,K04,0.077100869739082,K04,0.077100869739082,Intervention design and performance optimization,#CDD1D5
NSF,US_08005,Arapahoe County,county_or_equivalent,CO,"Arapahoe, CO",K02,3.1428571428570002,4999.999999999829,1.0,1635.999999999925,0.06285714285714217,0.06112469437653092,-0.0017324484806112497,31.818181818183263,32.71999999999962,4,1,186,False,False,K04,0.077100869739082,K04,0.077100869739082,Intervention design and performance optimization,#CDD1D5
NSF,US_08005,Arapahoe County,county_or_equivalent,CO,"Arapahoe, CO",K03,3.1428571428570002,4999.999999999829,0.142857142857,489.499999999976,0.06285714285714217,0.02918429884719244,-0.03367284400994973,4.545454545450206,9.789999999999857,4,1,186,False,False,K04,0.077100869739082,K04,0.077100869739082,Intervention design and performance optimization,#CDD1D5
NSF,US_08005,Arapahoe County,county_or_equivalent,CO,"Arapahoe, CO",K04,3.1428571428570002,4999.999999999829,2.0,1428.999999999969,0.06285714285714217,0.13995801259622417,0.077100869739082,63.636363636366525,28.580000000000364,4,2,186,False,False,K04,0.077100869739082,K04,0.077100869739082,Intervention design and performance optimization,#CDD1D5
NSF,US_08005,Arapahoe County,county_or_equivalent,CO,"Arapahoe, CO",K05,3.1428571428570002,4999.999999999829,0.0,450.99999999999,0.06285714285714217,0.0,-0.06285714285714217,0.0,9.02000000000011,4,0,186,False,False,K04,0.077100869739082,K04,0.077100869739082,Intervention design and performance optimization,#CDD1D5
NSF,US_08005,Arapahoe County,county_or_equivalent,CO,"Arapahoe, CO",K06,3.1428571428570002,4999.999999999829,0.0,41.999999999999,0.06285714285714217,0.0,-0.06285714285714217,0.0,0.8400000000000089,4,0,186,False,False,K04,0.077100869739082,K04,0.077100869739082,Intervention design and performance optimization,#CDD1D5
NSF,US_08013,Boulder County,county_or_equivalent,CO,"Boulder, CO",K01,128.26666666666299,4999.999999999829,25.666666666666,952.499999999969,2.565333333333348,2.69466316710413,0.129329833770782,20.010395010395065,19.050000000000036,161,33,4,True,False,K03,1.6021845420496956,K03,1.6021845420496956,Scenario simulation and risk prediction,#396188
NSF,US_08013,Boulder County,county_or_equivalent,CO,"Boulder, CO",K02,128.26666666666299,4999.999999999829,41.999999999999,1635.999999999925,2.565333333333348,2.5672371638142377,0.0019038304808898232,32.744282744282906,32.71999999999962,161,51,4,True,False,K03,1.6021845420496956,K03,1.6021845420496956,Scenario simulation and risk prediction,#396188
NSF,US_08013,Boulder County,county_or_equivalent,CO,"Boulder, CO",K03,128.26666666666299,4999.999999999829,20.399999999999,489.499999999976,2.565333333333348,4.1675178753830435,1.6021845420496956,15.90436590436558,9.789999999999857,161,29,4,True,True,K03,1.6021845420496956,K03,1.6021845420496956,Scenario simulation and risk prediction,#396188
NSF,US_08013,Boulder County,county_or_equivalent,CO,"Boulder, CO",K04,128.26666666666299,4999.999999999829,23.666666666666,1428.999999999969,2.565333333333348,1.6561698157219393,-0.9091635176114086,18.451143451143462,28.580000000000364,161,26,4,True,False,K03,1.6021845420496956,K03,1.6021845420496956,Scenario simulation and risk prediction,#396188
NSF,US_08013,Boulder County,county_or_equivalent,CO,"Boulder, CO",K05,128.26666666666299,4999.999999999829,15.7,450.99999999999,2.565333333333348,3.4811529933481924,0.9158196600148445,12.240124740125092,9.02000000000011,161,20,4,True,False,K03,1.6021845420496956,K03,1.6021845420496956,Scenario simulation and risk prediction,#396188
NSF,US_08013,Boulder County,county_or_equivalent,CO,"Boulder, CO",K06,128.26666666666299,4999.999999999829,0.833333333333,41.999999999999,2.565333333333348,1.984126984126238,-0.58120634920711,0.6496881496879084,0.8400000000000089,161,2,4,True,False,K03,1.6021845420496956,K03,1.6021845420496956,Scenario simulation and risk prediction,#396188
NSF,US_08014,Broomfield County,county_or_equivalent,CO,"Broomfield, CO",K01,2.0,4999.999999999829,0.0,952.499999999969,0.040000000000001375,0.0,-0.040000000000001375,0.0,19.050000000000036,2,0,215,False,False,K04,0.029979006298110712,K04,0.029979006298110712,Intervention design and performance optimization,#CDD1D5
NSF,US_08014,Broomfield County,county_or_equivalent,CO,"Broomfield, CO",K02,2.0,4999.999999999829,1.0,1635.999999999925,0.040000000000001375,0.06112469437653092,0.021124694376529543,50.0,32.71999999999962,2,1,215,False,False,K04,0.029979006298110712,K04,0.029979006298110712,Intervention design and performance optimization,#CDD1D5
NSF,US_08014,Broomfield County,county_or_equivalent,CO,"Broomfield, CO",K03,2.0,4999.999999999829,0.0,489.499999999976,0.040000000000001375,0.0,-0.040000000000001375,0.0,9.789999999999857,2,0,215,False,False,K04,0.029979006298110712,K04,0.029979006298110712,Intervention design and performance optimization,#CDD1D5
NSF,US_08014,Broomfield County,county_or_equivalent,CO,"Broomfield, CO",K04,2.0,4999.999999999829,1.0,1428.999999999969,0.040000000000001375,0.06997900629811209,0.029979006298110712,50.0,28.580000000000364,2,1,215,False,False,K04,0.029979006298110712,K04,0.029979006298110712,Intervention design and performance optimization,#CDD1D5
NSF,US_08014,Broomfield County,county_or_equivalent,CO,"Broomfield, CO",K05,2.0,4999.999999999829,0.0,450.99999999999,0.040000000000001375,0.0,-0.040000000000001375,0.0,9.02000000000011,2,0,215,False,False,K04,0.029979006298110712,K04,0.029979006298110712,Intervention design and performance optimization,#CDD1D5
NSF,US_08014,Broomfield County,county_or_equivalent,CO,"Broomfield, CO",K06,2.0,4999.999999999829,0.0,41.999999999999,0.040000000000001375,0.0,-0.040000000000001375,0.0,0.8400000000000089,2,0,215,False,False,K04,0.029979006298110712,K04,0.029979006298110712,Intervention design and performance optimization,#CDD1D5
NSF,US_08031,Denver County,county_or_equivalent,CO,"Denver, CO",K01,15.333333333333,4999.999999999829,2.333333333333,952.499999999969,0.30666666666667053,0.24496937882761954,-0.061697287839050985,15.217391304345984,19.050000000000036,18,3,98,False,False,K02,0.15176854115731137,K02,0.15176854115731137,Mechanism analysis and causal identification,#CDD1D5
NSF,US_08031,Denver County,county_or_equivalent,CO,"Denver, CO",K02,15.333333333333,4999.999999999829,7.5,1635.999999999925,0.30666666666667053,0.4584352078239819,0.15176854115731137,48.91304347826193,32.71999999999962,18,9,98,False,False,K02,0.15176854115731137,K02,0.15176854115731137,Mechanism analysis and causal identification,#CDD1D5
NSF,US_08031,Denver County,county_or_equivalent,CO,"Denver, CO",K03,15.333333333333,4999.999999999829,0.0,489.499999999976,0.30666666666667053,0.0,-0.30666666666667053,0.0,9.789999999999857,18,0,98,False,False,K02,0.15176854115731137,K02,0.15176854115731137,Mechanism analysis and causal identification,#CDD1D5
NSF,US_08031,Denver County,county_or_equivalent,CO,"Denver, CO",K04,15.333333333333,4999.999999999829,4.0,1428.999999999969,0.30666666666667053,0.27991602519244835,-0.02675064147422218,26.086956521739697,28.580000000000364,18,4,98,False,False,K02,0.15176854115731137,K02,0.15176854115731137,Mechanism analysis and causal identification,#CDD1D5
NSF,US_08031,Denver County,county_or_equivalent,CO,"Denver, CO",K05,15.333333333333,4999.999999999829,1.5,450.99999999999,0.30666666666667053,0.3325942350332668,0.025927568366596265,9.782608695652387,9.02000000000011,18,2,98,False,False,K02,0.15176854115731137,K02,0.15176854115731137,Mechanism analysis and causal identification,#CDD1D5
NSF,US_08031,Denver County,county_or_equivalent,CO,"Denver, CO",K06,15.333333333333,4999.999999999829,0.0,41.999999999999,0.30666666666667053,0.0,-0.30666666666667053,0.0,0.8400000000000089,18,0,98,False,False,K02,0.15176854115731137,K02,0.15176854115731137,Mechanism analysis and causal identification,#CDD1D5
NSF,US_08037,Eagle County,county_or_equivalent,CO,"Eagle, CO",K01,2.5,4999.999999999829,0.5,952.499999999969,0.05000000000000172,0.05249343832021169,0.0024934383202099702,20.0,19.050000000000036,3,1,201,False,False,K05,0.17172949002217616,K05,0.17172949002217616,Planning decision support and policy design,#CDD1D5
NSF,US_08037,Eagle County,county_or_equivalent,CO,"Eagle, CO",K02,2.5,4999.999999999829,0.0,1635.999999999925,0.05000000000000172,0.0,-0.05000000000000172,0.0,32.71999999999962,3,0,201,False,False,K05,0.17172949002217616,K05,0.17172949002217616,Planning decision support and policy design,#CDD1D5
NSF,US_08037,Eagle County,county_or_equivalent,CO,"Eagle, CO",K03,2.5,4999.999999999829,1.0,489.499999999976,0.05000000000000172,0.2042900919305514,0.15429009193054968,40.0,9.789999999999857,3,1,201,False,False,K05,0.17172949002217616,K05,0.17172949002217616,Planning decision support and policy design,#CDD1D5
NSF,US_08037,Eagle County,county_or_equivalent,CO,"Eagle, CO",K04,2.5,4999.999999999829,0.0,1428.999999999969,0.05000000000000172,0.0,-0.05000000000000172,0.0,28.580000000000364,3,0,201,False,False,K05,0.17172949002217616,K05,0.17172949002217616,Planning decision support and policy design,#CDD1D5
NSF,US_08037,Eagle County,county_or_equivalent,CO,"Eagle, CO",K05,2.5,4999.999999999829,1.0,450.99999999999,0.05000000000000172,0.22172949002217787,0.17172949002217616,40.0,9.02000000000011,3,1,201,False,False,K05,0.17172949002217616,K05,0.17172949002217616,Planning decision support and policy design,#CDD1D5
NSF,US_08037,Eagle County,county_or_equivalent,CO,"Eagle, CO",K06,2.5,4999.999999999829,0.0,41.999999999999,0.05000000000000172,0.0,-0.05000000000000172,0.0,0.8400000000000089,3,0,201,False,False,K05,0.17172949002217616,K05,0.17172949002217616,Planning decision support and policy design,#CDD1D5
NSF,US_08041,El Paso County,county_or_equivalent,CO,"El Paso, CO",K01,1.0,4999.999999999829,0.0,952.499999999969,0.020000000000000687,0.0,-0.020000000000000687,0.0,19.050000000000036,1,0,260,False,False,K02,0.04112469437653023,K02,0.04112469437653023,Mechanism analysis and causal identification,#CDD1D5
NSF,US_08041,El Paso County,county_or_equivalent,CO,"El Paso, CO",K02,1.0,4999.999999999829,1.0,1635.999999999925,0.020000000000000687,0.06112469437653092,0.04112469437653023,100.0,32.71999999999962,1,1,260,False,False,K02,0.04112469437653023,K02,0.04112469437653023,Mechanism analysis and causal identification,#CDD1D5
NSF,US_08041,El Paso County,county_or_equivalent,CO,"El Paso, CO",K03,1.0,4999.999999999829,0.0,489.499999999976,0.020000000000000687,0.0,-0.020000000000000687,0.0,9.789999999999857,1,0,260,False,False,K02,0.04112469437653023,K02,0.04112469437653023,Mechanism analysis and causal identification,#CDD1D5
NSF,US_08041,El Paso County,county_or_equivalent,CO,"El Paso, CO",K04,1.0,4999.999999999829,0.0,1428.999999999969,0.020000000000000687,0.0,-0.020000000000000687,0.0,28.580000000000364,1,0,260,False,False,K02,0.04112469437653023,K02,0.04112469437653023,Mechanism analysis and causal identification,#CDD1D5
NSF,US_08041,El Paso County,county_or_equivalent,CO,"El Paso, CO",K05,1.0,4999.999999999829,0.0,450.99999999999,0.020000000000000687,0.0,-0.020000000000000687,0.0,9.02000000000011,1,0,260,False,False,K02,0.04112469437653023,K02,0.04112469437653023,Mechanism analysis and causal identification,#CDD1D5
NSF,US_08041,El Paso County,county_or_equivalent,CO,"El Paso, CO",K06,1.0,4999.999999999829,0.0,41.999999999999,0.020000000000000687,0.0,-0.020000000000000687,0.0,0.8400000000000089,1,0,260,False,False,K02,0.04112469437653023,K02,0.04112469437653023,Mechanism analysis and causal identification,#CDD1D5
NSF,US_08051,Gunnison County,county_or_equivalent,CO,"Gunnison, CO",K01,1.0,4999.999999999829,0.0,952.499999999969,0.020000000000000687,0.0,-0.020000000000000687,0.0,19.050000000000036,1,0,261,False,False,K02,0.04112469437653023,K02,0.04112469437653023,Mechanism analysis and causal identification,#CDD1D5
NSF,US_08051,Gunnison County,county_or_equivalent,CO,"Gunnison, CO",K02,1.0,4999.999999999829,1.0,1635.999999999925,0.020000000000000687,0.06112469437653092,0.04112469437653023,100.0,32.71999999999962,1,1,261,False,False,K02,0.04112469437653023,K02,0.04112469437653023,Mechanism analysis and causal identification,#CDD1D5
NSF,US_08051,Gunnison County,county_or_equivalent,CO,"Gunnison, CO",K03,1.0,4999.999999999829,0.0,489.499999999976,0.020000000000000687,0.0,-0.020000000000000687,0.0,9.789999999999857,1,0,261,False,False,K02,0.04112469437653023,K02,0.04112469437653023,Mechanism analysis and causal identification,#CDD1D5
NSF,US_08051,Gunnison County,county_or_equivalent,CO,"Gunnison, CO",K04,1.0,4999.999999999829,0.0,1428.999999999969,0.020000000000000687,0.0,-0.020000000000000687,0.0,28.580000000000364,1,0,261,False,False,K02,0.04112469437653023,K02,0.04112469437653023,Mechanism analysis and causal identification,#CDD1D5
NSF,US_08051,Gunnison County,county_or_equivalent,CO,"Gunnison, CO",K05,1.0,4999.999999999829,0.0,450.99999999999,0.020000000000000687,0.0,-0.020000000000000687,0.0,9.02000000000011,1,0,261,False,False,K02,0.04112469437653023,K02,0.04112469437653023,Mechanism analysis and causal identification,#CDD1D5
NSF,US_08051,Gunnison County,county_or_equivalent,CO,"Gunnison, CO",K06,1.0,4999.999999999829,0.0,41.999999999999,0.020000000000000687,0.0,-0.020000000000000687,0.0,0.8400000000000089,1,0,261,False,False,K02,0.04112469437653023,K02,0.04112469437653023,Mechanism analysis and causal identification,#CDD1D5
NSF,US_08059,Jefferson County,county_or_equivalent,CO,"Jefferson, CO",K01,24.309523809524002,4999.999999999829,6.0,952.499999999969,0.48619047619049677,0.6299212598425402,0.14373078365204345,24.68168462291851,19.050000000000036,30,7,67,False,False,K03,0.30908166739626336,K03,0.30908166739626336,Scenario simulation and risk prediction,#CDD1D5
NSF,US_08059,Jefferson County,county_or_equivalent,CO,"Jefferson, CO",K02,24.309523809524002,4999.999999999829,4.75,1635.999999999925,0.48619047619049677,0.29034229828852187,-0.1958481779019749,19.539666993143822,32.71999999999962,30,6,67,False,False,K03,0.30908166739626336,K03,0.30908166739626336,Scenario simulation and risk prediction,#CDD1D5
NSF,US_08059,Jefferson County,county_or_equivalent,CO,"Jefferson, CO",K03,24.309523809524002,4999.999999999829,3.8928571428570002,489.499999999976,0.48619047619049677,0.7952721435867601,0.30908166739626336,16.013712047012017,9.789999999999857,30,6,67,False,False,K03,0.30908166739626336,K03,0.30908166739626336,Scenario simulation and risk prediction,#CDD1D5
NSF,US_08059,Jefferson County,county_or_equivalent,CO,"Jefferson, CO",K04,24.309523809524002,4999.999999999829,8.666666666667,1428.999999999969,0.48619047619049677,0.606484721250328,0.12029424505983127,35.65132223310589,28.580000000000364,30,10,67,False,False,K03,0.30908166739626336,K03,0.30908166739626336,Scenario simulation and risk prediction,#CDD1D5
NSF,US_08059,Jefferson County,county_or_equivalent,CO,"Jefferson, CO",K05,24.309523809524002,4999.999999999829,1.0,450.99999999999,0.48619047619049677,0.22172949002217787,-0.2644609861683189,4.113614103819752,9.02000000000011,30,1,67,False,False,K03,0.30908166739626336,K03,0.30908166739626336,Scenario simulation and risk prediction,#CDD1D5
NSF,US_08059,Jefferson County,county_or_equivalent,CO,"Jefferson, CO",K06,24.309523809524002,4999.999999999829,0.0,41.999999999999,0.48619047619049677,0.0,-0.48619047619049677,0.0,0.8400000000000089,30,0,67,False,False,K03,0.30908166739626336,K03,0.30908166739626336,Scenario simulation and risk prediction,#CDD1D5
NSF,US_08069,Larimer County,county_or_equivalent,CO,"Larimer, CO",K01,59.416666666666,4999.999999999829,10.5,952.499999999969,1.188333333333361,1.1023622047244455,-0.08597112860891554,17.67180925666219,19.050000000000036,73,12,22,False,False,K06,2.3830952380952954,K02,0.37034637326817754,Mechanism analysis and causal identification,#CDD1D5
NSF,US_08069,Larimer County,county_or_equivalent,CO,"Larimer, CO",K02,59.416666666666,4999.999999999829,25.5,1635.999999999925,1.188333333333361,1.5586797066015385,0.37034637326817754,42.917251051893885,32.71999999999962,73,32,22,False,False,K06,2.3830952380952954,K02,0.37034637326817754,Mechanism analysis and causal identification,#CDD1D5
NSF,US_08069,Larimer County,county_or_equivalent,CO,"Larimer, CO",K03,59.416666666666,4999.999999999829,6.0,489.499999999976,1.188333333333361,1.2257405515833082,0.037407218249947194,10.09817671809268,9.789999999999857,73,7,22,False,False,K06,2.3830952380952954,K02,0.37034637326817754,Mechanism analysis and causal identification,#CDD1D5
NSF,US_08069,Larimer County,county_or_equivalent,CO,"Larimer, CO",K04,59.416666666666,4999.999999999829,12.666666666666,1428.999999999969,1.188333333333361,0.8864007464427063,-0.3019325868906547,21.318373071527866,28.580000000000364,73,16,22,False,False,K06,2.3830952380952954,K02,0.37034637326817754,Mechanism analysis and causal identification,#CDD1D5
NSF,US_08069,Larimer County,county_or_equivalent,CO,"Larimer, CO",K05,59.416666666666,4999.999999999829,3.25,450.99999999999,1.188333333333361,0.720620842572078,-0.46771249076128296,5.469845722300201,9.02000000000011,73,4,22,False,False,K06,2.3830952380952954,K02,0.37034637326817754,Mechanism analysis and causal identification,#CDD1D5
NSF,US_08069,Larimer County,county_or_equivalent,CO,"Larimer, CO",K06,59.416666666666,4999.999999999829,1.5,41.999999999999,1.188333333333361,3.5714285714286564,2.3830952380952954,2.52454417952317,0.8400000000000089,73,2,22,False,False,K06,2.3830952380952954,K02,0.37034637326817754,Mechanism analysis and causal identification,#CDD1D5
NSF,US_08077,Mesa County,county_or_equivalent,CO,"Mesa, CO",K01,1.0,4999.999999999829,0.0,952.499999999969,0.020000000000000687,0.0,-0.020000000000000687,0.0,19.050000000000036,1,0,262,False,False,K04,0.0499790062981114,K04,0.0499790062981114,Intervention design and performance optimization,#CDD1D5
NSF,US_08077,Mesa County,county_or_equivalent,CO,"Mesa, CO",K02,1.0,4999.999999999829,0.0,1635.999999999925,0.020000000000000687,0.0,-0.020000000000000687,0.0,32.71999999999962,1,0,262,False,False,K04,0.0499790062981114,K04,0.0499790062981114,Intervention design and performance optimization,#CDD1D5
NSF,US_08077,Mesa County,county_or_equivalent,CO,"Mesa, CO",K03,1.0,4999.999999999829,0.0,489.499999999976,0.020000000000000687,0.0,-0.020000000000000687,0.0,9.789999999999857,1,0,262,False,False,K04,0.0499790062981114,K04,0.0499790062981114,Intervention design and performance optimization,#CDD1D5
NSF,US_08077,Mesa County,county_or_equivalent,CO,"Mesa, CO",K04,1.0,4999.999999999829,1.0,1428.999999999969,0.020000000000000687,0.06997900629811209,0.0499790062981114,100.0,28.580000000000364,1,1,262,False,False,K04,0.0499790062981114,K04,0.0499790062981114,Intervention design and performance optimization,#CDD1D5
NSF,US_08077,Mesa County,county_or_equivalent,CO,"Mesa, CO",K05,1.0,4999.999999999829,0.0,450.99999999999,0.020000000000000687,0.0,-0.020000000000000687,0.0,9.02000000000011,1,0,262,False,False,K04,0.0499790062981114,K04,0.0499790062981114,Intervention design and performance optimization,#CDD1D5
NSF,US_08077,Mesa County,county_or_equivalent,CO,"Mesa, CO",K06,1.0,4999.999999999829,0.0,41.999999999999,0.020000000000000687,0.0,-0.020000000000000687,0.0,0.8400000000000089,1,0,262,False,False,K04,0.0499790062981114,K04,0.0499790062981114,Intervention design and performance optimization,#CDD1D5
NSF,US_09110,Capitol County,county_or_equivalent,CT,"Capitol, CT",K01,27.166666666667,4999.999999999829,5.166666666667,952.499999999969,0.5433333333333586,0.5424321959755558,-0.0009011373578028392,19.018404907976457,19.050000000000036,35,6,62,False,False,K04,0.08647772334965009,K04,0.08647772334965009,Intervention design and performance optimization,#CDD1D5
NSF,US_09110,Capitol County,county_or_equivalent,CT,"Capitol, CT",K02,27.166666666667,4999.999999999829,9.75,1635.999999999925,0.5433333333333586,0.5959657701711765,0.05263243683781782,35.8895705521468,32.71999999999962,35,12,62,False,False,K04,0.08647772334965009,K04,0.08647772334965009,Intervention design and performance optimization,#CDD1D5
NSF,US_09110,Capitol County,county_or_equivalent,CT,"Capitol, CT",K03,27.166666666667,4999.999999999829,1.25,489.499999999976,0.5433333333333586,0.25536261491318923,-0.2879707184201694,4.601226993864975,9.789999999999857,35,3,62,False,False,K04,0.08647772334965009,K04,0.08647772334965009,Intervention design and performance optimization,#CDD1D5
NSF,US_09110,Capitol County,county_or_equivalent,CT,"Capitol, CT",K04,27.166666666667,4999.999999999829,9.0,1428.999999999969,0.5433333333333586,0.6298110566830087,0.08647772334965009,33.12883435582782,28.580000000000364,35,12,62,False,False,K04,0.08647772334965009,K04,0.08647772334965009,Intervention design and performance optimization,#CDD1D5
NSF,US_09110,Capitol County,county_or_equivalent,CT,"Capitol, CT",K05,27.166666666667,4999.999999999829,2.0,450.99999999999,0.5433333333333586,0.44345898004435574,-0.0998743532890029,7.3619631901839595,9.02000000000011,35,2,62,False,False,K04,0.08647772334965009,K04,0.08647772334965009,Intervention design and performance optimization,#CDD1D5
NSF,US_09110,Capitol County,county_or_equivalent,CT,"Capitol, CT",K06,27.166666666667,4999.999999999829,0.0,41.999999999999,0.5433333333333586,0.0,-0.5433333333333586,0.0,0.8400000000000089,35,0,62,False,False,K04,0.08647772334965009,K04,0.08647772334965009,Intervention design and performance optimization,#CDD1D5
NSF,US_09120,Greater Bridgeport County,county_or_equivalent,CT,"Greater Bridgeport, CT",K01,1.0,4999.999999999829,0.0,952.499999999969,0.020000000000000687,0.0,-0.020000000000000687,0.0,19.050000000000036,1,0,263,False,False,K04,0.0499790062981114,K04,0.0499790062981114,Intervention design and performance optimization,#CDD1D5
NSF,US_09120,Greater Bridgeport County,county_or_equivalent,CT,"Greater Bridgeport, CT",K02,1.0,4999.999999999829,0.0,1635.999999999925,0.020000000000000687,0.0,-0.020000000000000687,0.0,32.71999999999962,1,0,263,False,False,K04,0.0499790062981114,K04,0.0499790062981114,Intervention design and performance optimization,#CDD1D5
NSF,US_09120,Greater Bridgeport County,county_or_equivalent,CT,"Greater Bridgeport, CT",K03,1.0,4999.999999999829,0.0,489.499999999976,0.020000000000000687,0.0,-0.020000000000000687,0.0,9.789999999999857,1,0,263,False,False,K04,0.0499790062981114,K04,0.0499790062981114,Intervention design and performance optimization,#CDD1D5
NSF,US_09120,Greater Bridgeport County,county_or_equivalent,CT,"Greater Bridgeport, CT",K04,1.0,4999.999999999829,1.0,1428.999999999969,0.020000000000000687,0.06997900629811209,0.0499790062981114,100.0,28.580000000000364,1,1,263,False,False,K04,0.0499790062981114,K04,0.0499790062981114,Intervention design and performance optimization,#CDD1D5
NSF,US_09120,Greater Bridgeport County,county_or_equivalent,CT,"Greater Bridgeport, CT",K05,1.0,4999.999999999829,0.0,450.99999999999,0.020000000000000687,0.0,-0.020000000000000687,0.0,9.02000000000011,1,0,263,False,False,K04,0.0499790062981114,K04,0.0499790062981114,Intervention design and performance optimization,#CDD1D5
NSF,US_09120,Greater Bridgeport County,county_or_equivalent,CT,"Greater Bridgeport, CT",K06,1.0,4999.999999999829,0.0,41.999999999999,0.020000000000000687,0.0,-0.020000000000000687,0.0,0.8400000000000089,1,0,263,False,False,K04,0.0499790062981114,K04,0.0499790062981114,Intervention design and performance optimization,#CDD1D5
NSF,US_09130,Lower Connecticut River Valley County,county_or_equivalent,CT,"Lower Connecticut River Valley, CT",K01,1.0,4999.999999999829,1.0,952.499999999969,0.020000000000000687,0.10498687664042337,0.08498687664042269,100.0,19.050000000000036,1,1,264,False,False,K01,0.08498687664042269,K01,0.08498687664042269,State measurement and problem diagnosis,#CDD1D5
NSF,US_09130,Lower Connecticut River Valley County,county_or_equivalent,CT,"Lower Connecticut River Valley, CT",K02,1.0,4999.999999999829,0.0,1635.999999999925,0.020000000000000687,0.0,-0.020000000000000687,0.0,32.71999999999962,1,0,264,False,False,K01,0.08498687664042269,K01,0.08498687664042269,State measurement and problem diagnosis,#CDD1D5
NSF,US_09130,Lower Connecticut River Valley County,county_or_equivalent,CT,"Lower Connecticut River Valley, CT",K03,1.0,4999.999999999829,0.0,489.499999999976,0.020000000000000687,0.0,-0.020000000000000687,0.0,9.789999999999857,1,0,264,False,False,K01,0.08498687664042269,K01,0.08498687664042269,State measurement and problem diagnosis,#CDD1D5
NSF,US_09130,Lower Connecticut River Valley County,county_or_equivalent,CT,"Lower Connecticut River Valley, CT",K04,1.0,4999.999999999829,0.0,1428.999999999969,0.020000000000000687,0.0,-0.020000000000000687,0.0,28.580000000000364,1,0,264,False,False,K01,0.08498687664042269,K01,0.08498687664042269,State measurement and problem diagnosis,#CDD1D5
NSF,US_09130,Lower Connecticut River Valley County,county_or_equivalent,CT,"Lower Connecticut River Valley, CT",K05,1.0,4999.999999999829,0.0,450.99999999999,0.020000000000000687,0.0,-0.020000000000000687,0.0,9.02000000000011,1,0,264,False,False,K01,0.08498687664042269,K01,0.08498687664042269,State measurement and problem diagnosis,#CDD1D5
NSF,US_09130,Lower Connecticut River Valley County,county_or_equivalent,CT,"Lower Connecticut River Valley, CT",K06,1.0,4999.999999999829,0.0,41.999999999999,0.020000000000000687,0.0,-0.020000000000000687,0.0,0.8400000000000089,1,0,264,False,False,K01,0.08498687664042269,K01,0.08498687664042269,State measurement and problem diagnosis,#CDD1D5
NSF,US_09170,South Central Connecticut County,county_or_equivalent,CT,"South Central Connecticut, CT",K01,32.499999999999,4999.999999999829,3.5,952.499999999969,0.6500000000000024,0.3674540682414818,-0.28254593175852055,10.7692307692311,19.050000000000036,37,4,42,False,False,K02,0.38911980440096205,K02,0.38911980440096205,Mechanism analysis and causal identification,#CDD1D5
NSF,US_09170,South Central Connecticut County,county_or_equivalent,CT,"South Central Connecticut, CT",K02,32.499999999999,4999.999999999829,16.999999999998998,1635.999999999925,0.6500000000000024,1.0391198044009644,0.38911980440096205,52.307692307690836,32.71999999999962,37,20,42,False,False,K02,0.38911980440096205,K02,0.38911980440096205,Mechanism analysis and causal identification,#CDD1D5
NSF,US_09170,South Central Connecticut County,county_or_equivalent,CT,"South Central Connecticut, CT",K03,32.499999999999,4999.999999999829,2.5,489.499999999976,0.6500000000000024,0.5107252298263785,-0.13927477017362389,7.69230769230793,9.789999999999857,37,3,42,False,False,K02,0.38911980440096205,K02,0.38911980440096205,Mechanism analysis and causal identification,#CDD1D5
NSF,US_09170,South Central Connecticut County,county_or_equivalent,CT,"South Central Connecticut, CT",K04,32.499999999999,4999.999999999829,8.5,1428.999999999969,0.6500000000000024,0.5948215535339527,-0.055178446466049635,26.15384615384696,28.580000000000364,37,9,42,False,False,K02,0.38911980440096205,K02,0.38911980440096205,Mechanism analysis and causal identification,#CDD1D5
NSF,US_09170,South Central Connecticut County,county_or_equivalent,CT,"South Central Connecticut, CT",K05,32.499999999999,4999.999999999829,1.0,450.99999999999,0.6500000000000024,0.22172949002217787,-0.42827050997782445,3.0769230769231717,9.02000000000011,37,1,42,False,False,K02,0.38911980440096205,K02,0.38911980440096205,Mechanism analysis and causal identification,#CDD1D5
NSF,US_09170,South Central Connecticut County,county_or_equivalent,CT,"South Central Connecticut, CT",K06,32.499999999999,4999.999999999829,0.0,41.999999999999,0.6500000000000024,0.0,-0.6500000000000024,0.0,0.8400000000000089,37,0,42,False,False,K02,0.38911980440096205,K02,0.38911980440096205,Mechanism analysis and causal identification,#CDD1D5
NSF,US_09190,Western Connecticut County,county_or_equivalent,CT,"Western Connecticut, CT",K01,2.0,4999.999999999829,0.0,952.499999999969,0.040000000000001375,0.0,-0.040000000000001375,0.0,19.050000000000036,2,0,216,False,False,K04,0.0999580125962228,K04,0.0999580125962228,Intervention design and performance optimization,#CDD1D5
NSF,US_09190,Western Connecticut County,county_or_equivalent,CT,"Western Connecticut, CT",K02,2.0,4999.999999999829,0.0,1635.999999999925,0.040000000000001375,0.0,-0.040000000000001375,0.0,32.71999999999962,2,0,216,False,False,K04,0.0999580125962228,K04,0.0999580125962228,Intervention design and performance optimization,#CDD1D5
NSF,US_09190,Western Connecticut County,county_or_equivalent,CT,"Western Connecticut, CT",K03,2.0,4999.999999999829,0.0,489.499999999976,0.040000000000001375,0.0,-0.040000000000001375,0.0,9.789999999999857,2,0,216,False,False,K04,0.0999580125962228,K04,0.0999580125962228,Intervention design and performance optimization,#CDD1D5
NSF,US_09190,Western Connecticut County,county_or_equivalent,CT,"Western Connecticut, CT",K04,2.0,4999.999999999829,2.0,1428.999999999969,0.040000000000001375,0.13995801259622417,0.0999580125962228,100.0,28.580000000000364,2,2,216,False,False,K04,0.0999580125962228,K04,0.0999580125962228,Intervention design and performance optimization,#CDD1D5
NSF,US_09190,Western Connecticut County,county_or_equivalent,CT,"Western Connecticut, CT",K05,2.0,4999.999999999829,0.0,450.99999999999,0.040000000000001375,0.0,-0.040000000000001375,0.0,9.02000000000011,2,0,216,False,False,K04,0.0999580125962228,K04,0.0999580125962228,Intervention design and performance optimization,#CDD1D5
NSF,US_09190,Western Connecticut County,county_or_equivalent,CT,"Western Connecticut, CT",K06,2.0,4999.999999999829,0.0,41.999999999999,0.040000000000001375,0.0,-0.040000000000001375,0.0,0.8400000000000089,2,0,216,False,False,K04,0.0999580125962228,K04,0.0999580125962228,Intervention design and performance optimization,#CDD1D5
NSF,US_10001,Kent County,county_or_equivalent,DE,"Kent, DE",K01,2.0,4999.999999999829,0.0,952.499999999969,0.040000000000001375,0.0,-0.040000000000001375,0.0,19.050000000000036,2,0,217,False,False,K04,0.0999580125962228,K04,0.0999580125962228,Intervention design and performance optimization,#CDD1D5
NSF,US_10001,Kent County,county_or_equivalent,DE,"Kent, DE",K02,2.0,4999.999999999829,0.0,1635.999999999925,0.040000000000001375,0.0,-0.040000000000001375,0.0,32.71999999999962,2,0,217,False,False,K04,0.0999580125962228,K04,0.0999580125962228,Intervention design and performance optimization,#CDD1D5
NSF,US_10001,Kent County,county_or_equivalent,DE,"Kent, DE",K03,2.0,4999.999999999829,0.0,489.499999999976,0.040000000000001375,0.0,-0.040000000000001375,0.0,9.789999999999857,2,0,217,False,False,K04,0.0999580125962228,K04,0.0999580125962228,Intervention design and performance optimization,#CDD1D5
NSF,US_10001,Kent County,county_or_equivalent,DE,"Kent, DE",K04,2.0,4999.999999999829,2.0,1428.999999999969,0.040000000000001375,0.13995801259622417,0.0999580125962228,100.0,28.580000000000364,2,2,217,False,False,K04,0.0999580125962228,K04,0.0999580125962228,Intervention design and performance optimization,#CDD1D5
NSF,US_10001,Kent County,county_or_equivalent,DE,"Kent, DE",K05,2.0,4999.999999999829,0.0,450.99999999999,0.040000000000001375,0.0,-0.040000000000001375,0.0,9.02000000000011,2,0,217,False,False,K04,0.0999580125962228,K04,0.0999580125962228,Intervention design and performance optimization,#CDD1D5
NSF,US_10001,Kent County,county_or_equivalent,DE,"Kent, DE",K06,2.0,4999.999999999829,0.0,41.999999999999,0.040000000000001375,0.0,-0.040000000000001375,0.0,0.8400000000000089,2,0,217,False,False,K04,0.0999580125962228,K04,0.0999580125962228,Intervention design and performance optimization,#CDD1D5
NSF,US_10003,New Castle County,county_or_equivalent,DE,"New Castle, DE",K01,31.499999999998003,4999.999999999829,7.0,952.499999999969,0.6299999999999817,0.7349081364829636,0.10490813648298192,22.222222222223632,19.050000000000036,40,8,45,False,False,K05,0.6634220251293153,K05,0.6634220251293153,Planning decision support and policy design,#CDD1D5
NSF,US_10003,New Castle County,county_or_equivalent,DE,"New Castle, DE",K02,31.499999999998003,4999.999999999829,7.083333333332,1635.999999999925,0.6299999999999817,0.43296658516701253,-0.19703341483296916,22.48677248676968,32.71999999999962,40,11,45,False,False,K05,0.6634220251293153,K05,0.6634220251293153,Planning decision support and policy design,#CDD1D5
NSF,US_10003,New Castle County,county_or_equivalent,DE,"New Castle, DE",K03,31.499999999998003,4999.999999999829,2.333333333333,489.499999999976,0.6299999999999817,0.4766768811712185,-0.1533231188287632,7.407407407406819,9.789999999999857,40,4,45,False,False,K05,0.6634220251293153,K05,0.6634220251293153,Planning decision support and policy design,#CDD1D5
NSF,US_10003,New Castle County,county_or_equivalent,DE,"New Castle, DE",K04,31.499999999998003,4999.999999999829,9.25,1428.999999999969,0.6299999999999817,0.6473058082575367,0.01730580825755501,29.365079365081225,28.580000000000364,40,10,45,False,False,K05,0.6634220251293153,K05,0.6634220251293153,Planning decision support and policy design,#CDD1D5
NSF,US_10003,New Castle County,county_or_equivalent,DE,"New Castle, DE",K05,31.499999999998003,4999.999999999829,5.833333333333,450.99999999999,0.6299999999999817,1.293422025129297,0.6634220251293153,18.518518518518633,9.02000000000011,40,7,45,False,False,K05,0.6634220251293153,K05,0.6634220251293153,Planning decision support and policy design,#CDD1D5
NSF,US_10003,New Castle County,county_or_equivalent,DE,"New Castle, DE",K06,31.499999999998003,4999.999999999829,0.0,41.999999999999,0.6299999999999817,0.0,-0.6299999999999817,0.0,0.8400000000000089,40,0,45,False,False,K05,0.6634220251293153,K05,0.6634220251293153,Planning decision support and policy design,#CDD1D5
NSF,US_10005,Sussex County,county_or_equivalent,DE,"Sussex, DE",K01,1.0,4999.999999999829,0.0,952.499999999969,0.020000000000000687,0.0,-0.020000000000000687,0.0,19.050000000000036,1,0,265,False,False,K04,0.0499790062981114,K04,0.0499790062981114,Intervention design and performance optimization,#CDD1D5
NSF,US_10005,Sussex County,county_or_equivalent,DE,"Sussex, DE",K02,1.0,4999.999999999829,0.0,1635.999999999925,0.020000000000000687,0.0,-0.020000000000000687,0.0,32.71999999999962,1,0,265,False,False,K04,0.0499790062981114,K04,0.0499790062981114,Intervention design and performance optimization,#CDD1D5
NSF,US_10005,Sussex County,county_or_equivalent,DE,"Sussex, DE",K03,1.0,4999.999999999829,0.0,489.499999999976,0.020000000000000687,0.0,-0.020000000000000687,0.0,9.789999999999857,1,0,265,False,False,K04,0.0499790062981114,K04,0.0499790062981114,Intervention design and performance optimization,#CDD1D5
NSF,US_10005,Sussex County,county_or_equivalent,DE,"Sussex, DE",K04,1.0,4999.999999999829,1.0,1428.999999999969,0.020000000000000687,0.06997900629811209,0.0499790062981114,100.0,28.580000000000364,1,1,265,False,False,K04,0.0499790062981114,K04,0.0499790062981114,Intervention design and performance optimization,#CDD1D5
NSF,US_10005,Sussex County,county_or_equivalent,DE,"Sussex, DE",K05,1.0,4999.999999999829,0.0,450.99999999999,0.020000000000000687,0.0,-0.020000000000000687,0.0,9.02000000000011,1,0,265,False,False,K04,0.0499790062981114,K04,0.0499790062981114,Intervention design and performance optimization,#CDD1D5
NSF,US_10005,Sussex County,county_or_equivalent,DE,"Sussex, DE",K06,1.0,4999.999999999829,0.0,41.999999999999,0.020000000000000687,0.0,-0.020000000000000687,0.0,0.8400000000000089,1,0,265,False,False,K04,0.0499790062981114,K04,0.0499790062981114,Intervention design and performance optimization,#CDD1D5
NSF,US_11001,District of Columbia,county_or_equivalent,DC,District of Columbia,K01,61.309523809521004,4999.999999999829,17.5,952.499999999969,1.2261904761904623,1.837270341207409,0.6110798650169467,28.543689320389657,19.050000000000036,74,19,20,True,False,K05,3.134489494245776,K05,3.134489494245776,Planning decision support and policy design,#4c7093
NSF,US_11001,District of Columbia,county_or_equivalent,DC,District of Columbia,K02,61.309523809521004,4999.999999999829,8.916666666665,1635.999999999925,1.2261904761904623,0.5450285248572988,-0.6811619513331635,14.543689320386296,32.71999999999962,74,14,20,True,False,K05,3.134489494245776,K05,3.134489494245776,Planning decision support and policy design,#4c7093
NSF,US_11001,District of Columbia,county_or_equivalent,DC,District of Columbia,K03,61.309523809521004,4999.999999999829,5.642857142857,489.499999999976,1.2261904761904623,1.152779804465225,-0.07341067172523719,9.203883495145819,9.789999999999857,74,7,20,True,False,K05,3.134489494245776,K05,3.134489494245776,Planning decision support and policy design,#4c7093
NSF,US_11001,District of Columbia,county_or_equivalent,DC,District of Columbia,K04,61.309523809521004,4999.999999999829,9.583333333332,1428.999999999969,1.2261904761904623,0.6706321436901475,-0.5555583325003148,15.63106796116359,28.580000000000364,74,13,20,True,False,K05,3.134489494245776,K05,3.134489494245776,Planning decision support and policy design,#4c7093
NSF,US_11001,District of Columbia,county_or_equivalent,DC,District of Columbia,K05,61.309523809521004,4999.999999999829,19.666666666667,450.99999999999,1.2261904761904623,4.360679970436238,3.134489494245776,32.07766990291463,9.02000000000011,74,21,20,True,True,K05,3.134489494245776,K05,3.134489494245776,Planning decision support and policy design,#4c7093
NSF,US_11001,District of Columbia,county_or_equivalent,DC,District of Columbia,K06,61.309523809521004,4999.999999999829,0.0,41.999999999999,1.2261904761904623,0.0,-1.2261904761904623,0.0,0.8400000000000089,74,0,20,True,False,K05,3.134489494245776,K05,3.134489494245776,Planning decision support and policy design,#4c7093
NSF,US_12001,Alachua County,county_or_equivalent,FL,"Alachua, FL",K01,41.309523809521004,4999.999999999829,8.416666666666,952.499999999969,0.8261904761904485,0.8836395450568267,0.05744906886637824,20.37463976945222,19.050000000000036,56,11,32,False,False,K03,0.2584926309644565,K03,0.2584926309644565,Scenario simulation and risk prediction,#CDD1D5
NSF,US_12001,Alachua County,county_or_equivalent,FL,"Alachua, FL",K02,41.309523809521004,4999.999999999829,12.25,1635.999999999925,0.8261904761904485,0.7487775061125038,-0.07741297007794468,29.6541786743536,32.71999999999962,56,16,32,False,False,K03,0.2584926309644565,K03,0.2584926309644565,Scenario simulation and risk prediction,#CDD1D5
NSF,US_12001,Alachua County,county_or_equivalent,FL,"Alachua, FL",K03,41.309523809521004,4999.999999999829,5.309523809523,489.499999999976,0.8261904761904485,1.084683107154905,0.2584926309644565,12.853025936598337,9.789999999999857,56,9,32,False,False,K03,0.2584926309644565,K03,0.2584926309644565,Scenario simulation and risk prediction,#CDD1D5
NSF,US_12001,Alachua County,county_or_equivalent,FL,"Alachua, FL",K04,41.309523809521004,4999.999999999829,12.166666666666,1428.999999999969,0.8261904761904485,0.8514112432936503,0.025220767103201758,29.452449567723725,28.580000000000364,56,15,32,False,False,K03,0.2584926309644565,K03,0.2584926309644565,Scenario simulation and risk prediction,#CDD1D5
NSF,US_12001,Alachua County,county_or_equivalent,FL,"Alachua, FL",K05,41.309523809521004,4999.999999999829,2.833333333333,450.99999999999,0.8261904761904485,0.6282335550627633,-0.19795692112768515,6.85878962535989,9.02000000000011,56,4,32,False,False,K03,0.2584926309644565,K03,0.2584926309644565,Scenario simulation and risk prediction,#CDD1D5
NSF,US_12001,Alachua County,county_or_equivalent,FL,"Alachua, FL",K06,41.309523809521004,4999.999999999829,0.333333333333,41.999999999999,0.8261904761904485,0.793650793650019,-0.03253968254042949,0.8069164265122163,0.8400000000000089,56,1,32,False,False,K03,0.2584926309644565,K03,0.2584926309644565,Scenario simulation and risk prediction,#CDD1D5
NSF,US_12009,Brevard County,county_or_equivalent,FL,"Brevard, FL",K01,3.0,4999.999999999829,2.0,952.499999999969,0.060000000000002066,0.20997375328084675,0.14997375328084467,66.66666666666667,19.050000000000036,3,2,189,False,False,K01,0.14997375328084467,K01,0.14997375328084467,State measurement and problem diagnosis,#CDD1D5
NSF,US_12009,Brevard County,county_or_equivalent,FL,"Brevard, FL",K02,3.0,4999.999999999829,0.0,1635.999999999925,0.060000000000002066,0.0,-0.060000000000002066,0.0,32.71999999999962,3,0,189,False,False,K01,0.14997375328084467,K01,0.14997375328084467,State measurement and problem diagnosis,#CDD1D5
NSF,US_12009,Brevard County,county_or_equivalent,FL,"Brevard, FL",K03,3.0,4999.999999999829,0.0,489.499999999976,0.060000000000002066,0.0,-0.060000000000002066,0.0,9.789999999999857,3,0,189,False,False,K01,0.14997375328084467,K01,0.14997375328084467,State measurement and problem diagnosis,#CDD1D5
NSF,US_12009,Brevard County,county_or_equivalent,FL,"Brevard, FL",K04,3.0,4999.999999999829,1.0,1428.999999999969,0.060000000000002066,0.06997900629811209,0.009979006298110021,33.333333333333336,28.580000000000364,3,1,189,False,False,K01,0.14997375328084467,K01,0.14997375328084467,State measurement and problem diagnosis,#CDD1D5
NSF,US_12009,Brevard County,county_or_equivalent,FL,"Brevard, FL",K05,3.0,4999.999999999829,0.0,450.99999999999,0.060000000000002066,0.0,-0.060000000000002066,0.0,9.02000000000011,3,0,189,False,False,K01,0.14997375328084467,K01,0.14997375328084467,State measurement and problem diagnosis,#CDD1D5
NSF,US_12009,Brevard County,county_or_equivalent,FL,"Brevard, FL",K06,3.0,4999.999999999829,0.0,41.999999999999,0.060000000000002066,0.0,-0.060000000000002066,0.0,0.8400000000000089,3,0,189,False,False,K01,0.14997375328084467,K01,0.14997375328084467,State measurement and problem diagnosis,#CDD1D5
NSF,US_12011,Broward County,county_or_equivalent,FL,"Broward, FL",K01,0.5,4999.999999999829,0.0,952.499999999969,0.010000000000000344,0.0,-0.010000000000000344,0.0,19.050000000000036,1,0,332,False,False,K03,0.09214504596527535,K03,0.09214504596527535,Scenario simulation and risk prediction,#CDD1D5
NSF,US_12011,Broward County,county_or_equivalent,FL,"Broward, FL",K02,0.5,4999.999999999829,0.0,1635.999999999925,0.010000000000000344,0.0,-0.010000000000000344,0.0,32.71999999999962,1,0,332,False,False,K03,0.09214504596527535,K03,0.09214504596527535,Scenario simulation and risk prediction,#CDD1D5
NSF,US_12011,Broward County,county_or_equivalent,FL,"Broward, FL",K03,0.5,4999.999999999829,0.5,489.499999999976,0.010000000000000344,0.1021450459652757,0.09214504596527535,100.0,9.789999999999857,1,1,332,False,False,K03,0.09214504596527535,K03,0.09214504596527535,Scenario simulation and risk prediction,#CDD1D5
NSF,US_12011,Broward County,county_or_equivalent,FL,"Broward, FL",K04,0.5,4999.999999999829,0.0,1428.999999999969,0.010000000000000344,0.0,-0.010000000000000344,0.0,28.580000000000364,1,0,332,False,False,K03,0.09214504596527535,K03,0.09214504596527535,Scenario simulation and risk prediction,#CDD1D5
NSF,US_12011,Broward County,county_or_equivalent,FL,"Broward, FL",K05,0.5,4999.999999999829,0.0,450.99999999999,0.010000000000000344,0.0,-0.010000000000000344,0.0,9.02000000000011,1,0,332,False,False,K03,0.09214504596527535,K03,0.09214504596527535,Scenario simulation and risk prediction,#CDD1D5
NSF,US_12011,Broward County,county_or_equivalent,FL,"Broward, FL",K06,0.5,4999.999999999829,0.0,41.999999999999,0.010000000000000344,0.0,-0.010000000000000344,0.0,0.8400000000000089,1,0,332,False,False,K03,0.09214504596527535,K03,0.09214504596527535,Scenario simulation and risk prediction,#CDD1D5
NSF,US_12021,Collier County,county_or_equivalent,FL,"Collier, FL",K01,3.0,4999.999999999829,0.0,952.499999999969,0.060000000000002066,0.0,-0.060000000000002066,0.0,19.050000000000036,3,0,190,False,False,K04,0.1499370188943342,K04,0.1499370188943342,Intervention design and performance optimization,#CDD1D5
NSF,US_12021,Collier County,county_or_equivalent,FL,"Collier, FL",K02,3.0,4999.999999999829,0.0,1635.999999999925,0.060000000000002066,0.0,-0.060000000000002066,0.0,32.71999999999962,3,0,190,False,False,K04,0.1499370188943342,K04,0.1499370188943342,Intervention design and performance optimization,#CDD1D5
NSF,US_12021,Collier County,county_or_equivalent,FL,"Collier, FL",K03,3.0,4999.999999999829,0.0,489.499999999976,0.060000000000002066,0.0,-0.060000000000002066,0.0,9.789999999999857,3,0,190,False,False,K04,0.1499370188943342,K04,0.1499370188943342,Intervention design and performance optimization,#CDD1D5
NSF,US_12021,Collier County,county_or_equivalent,FL,"Collier, FL",K04,3.0,4999.999999999829,3.0,1428.999999999969,0.060000000000002066,0.20993701889433625,0.1499370188943342,100.0,28.580000000000364,3,3,190,False,False,K04,0.1499370188943342,K04,0.1499370188943342,Intervention design and performance optimization,#CDD1D5
NSF,US_12021,Collier County,county_or_equivalent,FL,"Collier, FL",K05,3.0,4999.999999999829,0.0,450.99999999999,0.060000000000002066,0.0,-0.060000000000002066,0.0,9.02000000000011,3,0,190,False,False,K04,0.1499370188943342,K04,0.1499370188943342,Intervention design and performance optimization,#CDD1D5
NSF,US_12021,Collier County,county_or_equivalent,FL,"Collier, FL",K06,3.0,4999.999999999829,0.0,41.999999999999,0.060000000000002066,0.0,-0.060000000000002066,0.0,0.8400000000000089,3,0,190,False,False,K04,0.1499370188943342,K04,0.1499370188943342,Intervention design and performance optimization,#CDD1D5
NSF,US_12057,Hillsborough County,county_or_equivalent,FL,"Hillsborough, FL",K01,30.283333333332003,4999.999999999829,5.25,952.499999999969,0.6056666666666609,0.5511811023622227,-0.05448556430443818,17.336268574574234,19.050000000000036,39,7,54,False,False,K05,0.35516112342936923,K05,0.35516112342936923,Planning decision support and policy design,#CDD1D5
NSF,US_12057,Hillsborough County,county_or_equivalent,FL,"Hillsborough, FL",K02,30.283333333332003,4999.999999999829,6.333333333333,1635.999999999925,0.6056666666666609,0.3871230643846754,-0.2185436022819855,20.91359383599321,32.71999999999962,39,9,54,False,False,K05,0.35516112342936923,K05,0.35516112342936923,Planning decision support and policy design,#CDD1D5
NSF,US_12057,Hillsborough County,county_or_equivalent,FL,"Hillsborough, FL",K03,30.283333333332003,4999.999999999829,3.333333333333,489.499999999976,0.6056666666666609,0.6809669731017698,0.07530030643510888,11.007154650522223,9.789999999999857,39,4,54,False,False,K05,0.35516112342936923,K05,0.35516112342936923,Planning decision support and policy design,#CDD1D5
NSF,US_12057,Hillsborough County,county_or_equivalent,FL,"Hillsborough, FL",K04,30.283333333332003,4999.999999999829,11.033333333333,1428.999999999969,0.6056666666666609,0.7721017028224798,0.1664350361558189,36.433681893231096,28.580000000000364,39,14,54,False,False,K05,0.35516112342936923,K05,0.35516112342936923,Planning decision support and policy design,#CDD1D5
NSF,US_12057,Hillsborough County,county_or_equivalent,FL,"Hillsborough, FL",K05,30.283333333332003,4999.999999999829,4.333333333333,450.99999999999,0.6056666666666609,0.9608277900960301,0.35516112342936923,14.30930104567922,9.02000000000011,39,5,54,False,False,K05,0.35516112342936923,K05,0.35516112342936923,Planning decision support and policy design,#CDD1D5
NSF,US_12057,Hillsborough County,county_or_equivalent,FL,"Hillsborough, FL",K06,30.283333333332003,4999.999999999829,0.0,41.999999999999,0.6056666666666609,0.0,-0.6056666666666609,0.0,0.8400000000000089,39,0,54,False,False,K05,0.35516112342936923,K05,0.35516112342936923,Planning decision support and policy design,#CDD1D5
NSF,US_12061,Indian River County,county_or_equivalent,FL,"Indian River, FL",K01,1.0,4999.999999999829,0.0,952.499999999969,0.020000000000000687,0.0,-0.020000000000000687,0.0,19.050000000000036,1,0,266,False,False,K05,0.2017294900221772,K05,0.2017294900221772,Planning decision support and policy design,#CDD1D5
NSF,US_12061,Indian River County,county_or_equivalent,FL,"Indian River, FL",K02,1.0,4999.999999999829,0.0,1635.999999999925,0.020000000000000687,0.0,-0.020000000000000687,0.0,32.71999999999962,1,0,266,False,False,K05,0.2017294900221772,K05,0.2017294900221772,Planning decision support and policy design,#CDD1D5
NSF,US_12061,Indian River County,county_or_equivalent,FL,"Indian River, FL",K03,1.0,4999.999999999829,0.0,489.499999999976,0.020000000000000687,0.0,-0.020000000000000687,0.0,9.789999999999857,1,0,266,False,False,K05,0.2017294900221772,K05,0.2017294900221772,Planning decision support and policy design,#CDD1D5
NSF,US_12061,Indian River County,county_or_equivalent,FL,"Indian River, FL",K04,1.0,4999.999999999829,0.0,1428.999999999969,0.020000000000000687,0.0,-0.020000000000000687,0.0,28.580000000000364,1,0,266,False,False,K05,0.2017294900221772,K05,0.2017294900221772,Planning decision support and policy design,#CDD1D5
NSF,US_12061,Indian River County,county_or_equivalent,FL,"Indian River, FL",K05,1.0,4999.999999999829,1.0,450.99999999999,0.020000000000000687,0.22172949002217787,0.2017294900221772,100.0,9.02000000000011,1,1,266,False,False,K05,0.2017294900221772,K05,0.2017294900221772,Planning decision support and policy design,#CDD1D5
NSF,US_12061,Indian River County,county_or_equivalent,FL,"Indian River, FL",K06,1.0,4999.999999999829,0.0,41.999999999999,0.020000000000000687,0.0,-0.020000000000000687,0.0,0.8400000000000089,1,0,266,False,False,K05,0.2017294900221772,K05,0.2017294900221772,Planning decision support and policy design,#CDD1D5
NSF,US_12071,Lee County,county_or_equivalent,FL,"Lee, FL",K01,4.333333333333,4999.999999999829,3.0,952.499999999969,0.08666666666666298,0.3149606299212701,0.22829396325460713,69.23076923077456,19.050000000000036,5,3,169,False,False,K01,0.22829396325460713,K01,0.22829396325460713,State measurement and problem diagnosis,#CDD1D5
NSF,US_12071,Lee County,county_or_equivalent,FL,"Lee, FL",K02,4.333333333333,4999.999999999829,1.333333333333,1635.999999999925,0.08666666666666298,0.08149959250202085,-0.005167074164642127,30.769230769225445,32.71999999999962,5,2,169,False,False,K01,0.22829396325460713,K01,0.22829396325460713,State measurement and problem diagnosis,#CDD1D5
NSF,US_12071,Lee County,county_or_equivalent,FL,"Lee, FL",K03,4.333333333333,4999.999999999829,0.0,489.499999999976,0.08666666666666298,0.0,-0.08666666666666298,0.0,9.789999999999857,5,0,169,False,False,K01,0.22829396325460713,K01,0.22829396325460713,State measurement and problem diagnosis,#CDD1D5
NSF,US_12071,Lee County,county_or_equivalent,FL,"Lee, FL",K04,4.333333333333,4999.999999999829,0.0,1428.999999999969,0.08666666666666298,0.0,-0.08666666666666298,0.0,28.580000000000364,5,0,169,False,False,K01,0.22829396325460713,K01,0.22829396325460713,State measurement and problem diagnosis,#CDD1D5
NSF,US_12071,Lee County,county_or_equivalent,FL,"Lee, FL",K05,4.333333333333,4999.999999999829,0.0,450.99999999999,0.08666666666666298,0.0,-0.08666666666666298,0.0,9.02000000000011,5,0,169,False,False,K01,0.22829396325460713,K01,0.22829396325460713,State measurement and problem diagnosis,#CDD1D5
NSF,US_12071,Lee County,county_or_equivalent,FL,"Lee, FL",K06,4.333333333333,4999.999999999829,0.0,41.999999999999,0.08666666666666298,0.0,-0.08666666666666298,0.0,0.8400000000000089,5,0,169,False,False,K01,0.22829396325460713,K01,0.22829396325460713,State measurement and problem diagnosis,#CDD1D5
NSF,US_12073,Leon County,county_or_equivalent,FL,"Leon, FL",K01,27.45,4999.999999999829,8.0,952.499999999969,0.5490000000000189,0.839895013123387,0.2908950131233681,29.143897996357012,19.050000000000036,33,10,61,False,False,K03,0.3703054136874623,K03,0.3703054136874623,Scenario simulation and risk prediction,#CDD1D5
NSF,US_12073,Leon County,county_or_equivalent,FL,"Leon, FL",K02,27.45,4999.999999999829,10.95,1635.999999999925,0.5490000000000189,0.6693154034230135,0.12031540342299463,39.89071038251366,32.71999999999962,33,14,61,False,False,K03,0.3703054136874623,K03,0.3703054136874623,Scenario simulation and risk prediction,#CDD1D5
NSF,US_12073,Leon County,county_or_equivalent,FL,"Leon, FL",K03,27.45,4999.999999999829,4.5,489.499999999976,0.5490000000000189,0.9193054136874812,0.3703054136874623,16.39344262295082,9.789999999999857,33,5,61,False,False,K03,0.3703054136874623,K03,0.3703054136874623,Scenario simulation and risk prediction,#CDD1D5
NSF,US_12073,Leon County,county_or_equivalent,FL,"Leon, FL",K04,27.45,4999.999999999829,3.0,1428.999999999969,0.5490000000000189,0.20993701889433625,-0.33906298110568267,10.92896174863388,28.580000000000364,33,3,61,False,False,K03,0.3703054136874623,K03,0.3703054136874623,Scenario simulation and risk prediction,#CDD1D5
NSF,US_12073,Leon County,county_or_equivalent,FL,"Leon, FL",K05,27.45,4999.999999999829,1.0,450.99999999999,0.5490000000000189,0.22172949002217787,-0.327270509977841,3.6429872495446265,9.02000000000011,33,1,61,False,False,K03,0.3703054136874623,K03,0.3703054136874623,Scenario simulation and risk prediction,#CDD1D5
NSF,US_12073,Leon County,county_or_equivalent,FL,"Leon, FL",K06,27.45,4999.999999999829,0.0,41.999999999999,0.5490000000000189,0.0,-0.5490000000000189,0.0,0.8400000000000089,33,0,61,False,False,K03,0.3703054136874623,K03,0.3703054136874623,Scenario simulation and risk prediction,#CDD1D5
NSF,US_12085,Martin County,county_or_equivalent,FL,"Martin, FL",K01,1.0,4999.999999999829,0.0,952.499999999969,0.020000000000000687,0.0,-0.020000000000000687,0.0,19.050000000000036,1,0,267,False,False,K04,0.0499790062981114,K04,0.0499790062981114,Intervention design and performance optimization,#CDD1D5
NSF,US_12085,Martin County,county_or_equivalent,FL,"Martin, FL",K02,1.0,4999.999999999829,0.0,1635.999999999925,0.020000000000000687,0.0,-0.020000000000000687,0.0,32.71999999999962,1,0,267,False,False,K04,0.0499790062981114,K04,0.0499790062981114,Intervention design and performance optimization,#CDD1D5
NSF,US_12085,Martin County,county_or_equivalent,FL,"Martin, FL",K03,1.0,4999.999999999829,0.0,489.499999999976,0.020000000000000687,0.0,-0.020000000000000687,0.0,9.789999999999857,1,0,267,False,False,K04,0.0499790062981114,K04,0.0499790062981114,Intervention design and performance optimization,#CDD1D5
NSF,US_12085,Martin County,county_or_equivalent,FL,"Martin, FL",K04,1.0,4999.999999999829,1.0,1428.999999999969,0.020000000000000687,0.06997900629811209,0.0499790062981114,100.0,28.580000000000364,1,1,267,False,False,K04,0.0499790062981114,K04,0.0499790062981114,Intervention design and performance optimization,#CDD1D5
NSF,US_12085,Martin County,county_or_equivalent,FL,"Martin, FL",K05,1.0,4999.999999999829,0.0,450.99999999999,0.020000000000000687,0.0,-0.020000000000000687,0.0,9.02000000000011,1,0,267,False,False,K04,0.0499790062981114,K04,0.0499790062981114,Intervention design and performance optimization,#CDD1D5
NSF,US_12085,Martin County,county_or_equivalent,FL,"Martin, FL",K06,1.0,4999.999999999829,0.0,41.999999999999,0.020000000000000687,0.0,-0.020000000000000687,0.0,0.8400000000000089,1,0,267,False,False,K04,0.0499790062981114,K04,0.0499790062981114,Intervention design and performance optimization,#CDD1D5
NSF,US_12086,Miami-Dade County,county_or_equivalent,FL,"Miami-Dade, FL",K01,35.309523809523,4999.999999999829,1.0,952.499999999969,0.7061904761904843,0.10498687664042337,-0.6012035995500609,2.832097100472081,19.050000000000036,44,1,40,False,False,K05,0.7350512089536718,K05,0.7350512089536718,Planning decision support and policy design,#CDD1D5
NSF,US_12086,Miami-Dade County,county_or_equivalent,FL,"Miami-Dade, FL",K02,35.309523809523,4999.999999999829,14.666666666666,1635.999999999925,0.7061904761904843,0.8964955175224127,0.1903050413319285,41.5374241402553,32.71999999999962,44,18,40,False,False,K05,0.7350512089536718,K05,0.7350512089536718,Planning decision support and policy design,#CDD1D5
NSF,US_12086,Miami-Dade County,county_or_equivalent,FL,"Miami-Dade, FL",K03,35.309523809523,4999.999999999829,6.142857142857,489.499999999976,0.7061904761904843,1.2549248504305008,0.5487343742400166,17.397167902899522,9.789999999999857,44,9,40,False,False,K05,0.7350512089536718,K05,0.7350512089536718,Planning decision support and policy design,#CDD1D5
NSF,US_12086,Miami-Dade County,county_or_equivalent,FL,"Miami-Dade, FL",K04,35.309523809523,4999.999999999829,6.999999999999999,1428.999999999969,0.7061904761904843,0.4898530440867845,-0.21633743210369977,19.824679703304565,28.580000000000364,44,9,40,False,False,K05,0.7350512089536718,K05,0.7350512089536718,Planning decision support and policy design,#CDD1D5
NSF,US_12086,Miami-Dade County,county_or_equivalent,FL,"Miami-Dade, FL",K05,35.309523809523,4999.999999999829,6.5,450.99999999999,0.7061904761904843,1.441241685144156,0.7350512089536718,18.408631153068526,9.02000000000011,44,7,40,False,False,K05,0.7350512089536718,K05,0.7350512089536718,Planning decision support and policy design,#CDD1D5
NSF,US_12086,Miami-Dade County,county_or_equivalent,FL,"Miami-Dade, FL",K06,35.309523809523,4999.999999999829,0.0,41.999999999999,0.7061904761904843,0.0,-0.7061904761904843,0.0,0.8400000000000089,44,0,40,False,False,K05,0.7350512089536718,K05,0.7350512089536718,Planning decision support and policy design,#CDD1D5
NSF,US_12095,Orange County,county_or_equivalent,FL,"Orange, FL",K01,25.092857142855998,4999.999999999829,5.75,952.499999999969,0.5018571428571372,0.6036745406824343,0.10181739782529708,22.914887560490655,19.050000000000036,34,7,64,False,False,K06,1.8790952380953005,K04,0.2679119264220957,Intervention design and performance optimization,#CDD1D5
NSF,US_12095,Orange County,county_or_equivalent,FL,"Orange, FL",K02,25.092857142855998,4999.999999999829,3.366666666666,1635.999999999925,0.5018571428571372,0.20578647106761336,-0.29607067178952384,13.416832716574481,32.71999999999962,34,7,64,False,False,K06,1.8790952380953005,K04,0.2679119264220957,Intervention design and performance optimization,#CDD1D5
NSF,US_12095,Orange County,county_or_equivalent,FL,"Orange, FL",K03,25.092857142855998,4999.999999999829,2.9761904761899998,489.499999999976,0.5018571428571372,0.6080062259836865,0.10614908312654925,11.860707847042953,9.789999999999857,34,5,64,False,False,K06,1.8790952380953005,K04,0.2679119264220957,Intervention design and performance optimization,#CDD1D5
NSF,US_12095,Orange County,county_or_equivalent,FL,"Orange, FL",K04,25.092857142855998,4999.999999999829,11.0,1428.999999999969,0.5018571428571372,0.7697690692792329,0.2679119264220957,43.837176202677774,28.580000000000364,34,13,64,False,False,K06,1.8790952380953005,K04,0.2679119264220957,Intervention design and performance optimization,#CDD1D5
NSF,US_12095,Orange County,county_or_equivalent,FL,"Orange, FL",K05,25.092857142855998,4999.999999999829,1.0,450.99999999999,0.5018571428571372,0.22172949002217787,-0.28012765283495933,3.9851978366070706,9.02000000000011,34,1,64,False,False,K06,1.8790952380953005,K04,0.2679119264220957,Intervention design and performance optimization,#CDD1D5
NSF,US_12095,Orange County,county_or_equivalent,FL,"Orange, FL",K06,25.092857142855998,4999.999999999829,1.0,41.999999999999,0.5018571428571372,2.3809523809524378,1.8790952380953005,3.9851978366070706,0.8400000000000089,34,1,64,False,False,K06,1.8790952380953005,K04,0.2679119264220957,Intervention design and performance optimization,#CDD1D5
NSF,US_12099,Palm Beach County,county_or_equivalent,FL,"Palm Beach, FL",K01,11.833333333333,4999.999999999829,0.5,952.499999999969,0.23666666666666814,0.05249343832021169,-0.18417322834645644,4.225352112676175,19.050000000000036,14,1,115,False,False,K03,0.27405856315971033,K03,0.27405856315971033,Scenario simulation and risk prediction,#CDD1D5
NSF,US_12099,Palm Beach County,county_or_equivalent,FL,"Palm Beach, FL",K02,11.833333333333,4999.999999999829,2.0,1635.999999999925,0.23666666666666814,0.12224938875306184,-0.1144172779136063,16.9014084507047,32.71999999999962,14,2,115,False,False,K03,0.27405856315971033,K03,0.27405856315971033,Scenario simulation and risk prediction,#CDD1D5
NSF,US_12099,Palm Beach County,county_or_equivalent,FL,"Palm Beach, FL",K03,11.833333333333,4999.999999999829,2.5,489.499999999976,0.23666666666666814,0.5107252298263785,0.27405856315971033,21.126760563380877,9.789999999999857,14,3,115,False,False,K03,0.27405856315971033,K03,0.27405856315971033,Scenario simulation and risk prediction,#CDD1D5
NSF,US_12099,Palm Beach County,county_or_equivalent,FL,"Palm Beach, FL",K04,11.833333333333,4999.999999999829,5.833333333333,1428.999999999969,0.23666666666666814,0.4082108700722971,0.17154420340562898,49.29577464788589,28.580000000000364,14,7,115,False,False,K03,0.27405856315971033,K03,0.27405856315971033,Scenario simulation and risk prediction,#CDD1D5
NSF,US_12099,Palm Beach County,county_or_equivalent,FL,"Palm Beach, FL",K05,11.833333333333,4999.999999999829,1.0,450.99999999999,0.23666666666666814,0.22172949002217787,-0.014937176644490263,8.45070422535235,9.02000000000011,14,1,115,False,False,K03,0.27405856315971033,K03,0.27405856315971033,Scenario simulation and risk prediction,#CDD1D5
NSF,US_12099,Palm Beach County,county_or_equivalent,FL,"Palm Beach, FL",K06,11.833333333333,4999.999999999829,0.0,41.999999999999,0.23666666666666814,0.0,-0.23666666666666814,0.0,0.8400000000000089,14,0,115,False,False,K03,0.27405856315971033,K03,0.27405856315971033,Scenario simulation and risk prediction,#CDD1D5
NSF,US_12109,St. Johns County,county_or_equivalent,FL,"St. Johns, FL",K01,1.0,4999.999999999829,0.0,952.499999999969,0.020000000000000687,0.0,-0.020000000000000687,0.0,19.050000000000036,1,0,268,False,False,K04,0.0499790062981114,K04,0.0499790062981114,Intervention design and performance optimization,#CDD1D5
NSF,US_12109,St. Johns County,county_or_equivalent,FL,"St. Johns, FL",K02,1.0,4999.999999999829,0.0,1635.999999999925,0.020000000000000687,0.0,-0.020000000000000687,0.0,32.71999999999962,1,0,268,False,False,K04,0.0499790062981114,K04,0.0499790062981114,Intervention design and performance optimization,#CDD1D5
NSF,US_12109,St. Johns County,county_or_equivalent,FL,"St. Johns, FL",K03,1.0,4999.999999999829,0.0,489.499999999976,0.020000000000000687,0.0,-0.020000000000000687,0.0,9.789999999999857,1,0,268,False,False,K04,0.0499790062981114,K04,0.0499790062981114,Intervention design and performance optimization,#CDD1D5
NSF,US_12109,St. Johns County,county_or_equivalent,FL,"St. Johns, FL",K04,1.0,4999.999999999829,1.0,1428.999999999969,0.020000000000000687,0.06997900629811209,0.0499790062981114,100.0,28.580000000000364,1,1,268,False,False,K04,0.0499790062981114,K04,0.0499790062981114,Intervention design and performance optimization,#CDD1D5
NSF,US_12109,St. Johns County,county_or_equivalent,FL,"St. Johns, FL",K05,1.0,4999.999999999829,0.0,450.99999999999,0.020000000000000687,0.0,-0.020000000000000687,0.0,9.02000000000011,1,0,268,False,False,K04,0.0499790062981114,K04,0.0499790062981114,Intervention design and performance optimization,#CDD1D5
NSF,US_12109,St. Johns County,county_or_equivalent,FL,"St. Johns, FL",K06,1.0,4999.999999999829,0.0,41.999999999999,0.020000000000000687,0.0,-0.020000000000000687,0.0,0.8400000000000089,1,0,268,False,False,K04,0.0499790062981114,K04,0.0499790062981114,Intervention design and performance optimization,#CDD1D5
NSF,US_12115,Sarasota County,county_or_equivalent,FL,"Sarasota, FL",K01,2.166666666667,4999.999999999829,0.0,952.499999999969,0.04333333333334149,0.0,-0.04333333333334149,0.0,19.050000000000036,4,0,214,False,False,K03,0.09286006128709418,K03,0.09286006128709418,Scenario simulation and risk prediction,#CDD1D5
NSF,US_12115,Sarasota County,county_or_equivalent,FL,"Sarasota, FL",K02,2.166666666667,4999.999999999829,1.5,1635.999999999925,0.04333333333334149,0.09168704156479639,0.0483537082314549,69.23076923075858,32.71999999999962,4,2,214,False,False,K03,0.09286006128709418,K03,0.09286006128709418,Scenario simulation and risk prediction,#CDD1D5
NSF,US_12115,Sarasota County,county_or_equivalent,FL,"Sarasota, FL",K03,2.166666666667,4999.999999999829,0.666666666667,489.499999999976,0.04333333333334149,0.13619339462043567,0.09286006128709418,30.769230769241418,9.789999999999857,4,2,214,False,False,K03,0.09286006128709418,K03,0.09286006128709418,Scenario simulation and risk prediction,#CDD1D5
NSF,US_12115,Sarasota County,county_or_equivalent,FL,"Sarasota, FL",K04,2.166666666667,4999.999999999829,0.0,1428.999999999969,0.04333333333334149,0.0,-0.04333333333334149,0.0,28.580000000000364,4,0,214,False,False,K03,0.09286006128709418,K03,0.09286006128709418,Scenario simulation and risk prediction,#CDD1D5
NSF,US_12115,Sarasota County,county_or_equivalent,FL,"Sarasota, FL",K05,2.166666666667,4999.999999999829,0.0,450.99999999999,0.04333333333334149,0.0,-0.04333333333334149,0.0,9.02000000000011,4,0,214,False,False,K03,0.09286006128709418,K03,0.09286006128709418,Scenario simulation and risk prediction,#CDD1D5
NSF,US_12115,Sarasota County,county_or_equivalent,FL,"Sarasota, FL",K06,2.166666666667,4999.999999999829,0.0,41.999999999999,0.04333333333334149,0.0,-0.04333333333334149,0.0,0.8400000000000089,4,0,214,False,False,K03,0.09286006128709418,K03,0.09286006128709418,Scenario simulation and risk prediction,#CDD1D5
NSF,US_12127,Volusia County,county_or_equivalent,FL,"Volusia, FL",K01,5.0,4999.999999999829,0.0,952.499999999969,0.10000000000000343,0.0,-0.10000000000000343,0.0,19.050000000000036,5,0,161,False,False,K06,4.661904761904872,K03,0.10429009193054796,Scenario simulation and risk prediction,#CDD1D5
NSF,US_12127,Volusia County,county_or_equivalent,FL,"Volusia, FL",K02,5.0,4999.999999999829,0.0,1635.999999999925,0.10000000000000343,0.0,-0.10000000000000343,0.0,32.71999999999962,5,0,161,False,False,K06,4.661904761904872,K03,0.10429009193054796,Scenario simulation and risk prediction,#CDD1D5
NSF,US_12127,Volusia County,county_or_equivalent,FL,"Volusia, FL",K03,5.0,4999.999999999829,1.0,489.499999999976,0.10000000000000343,0.2042900919305514,0.10429009193054796,20.0,9.789999999999857,5,1,161,False,False,K06,4.661904761904872,K03,0.10429009193054796,Scenario simulation and risk prediction,#CDD1D5
NSF,US_12127,Volusia County,county_or_equivalent,FL,"Volusia, FL",K04,5.0,4999.999999999829,2.0,1428.999999999969,0.10000000000000343,0.13995801259622417,0.03995801259622074,40.0,28.580000000000364,5,2,161,False,False,K06,4.661904761904872,K03,0.10429009193054796,Scenario simulation and risk prediction,#CDD1D5
NSF,US_12127,Volusia County,county_or_equivalent,FL,"Volusia, FL",K05,5.0,4999.999999999829,0.0,450.99999999999,0.10000000000000343,0.0,-0.10000000000000343,0.0,9.02000000000011,5,0,161,False,False,K06,4.661904761904872,K03,0.10429009193054796,Scenario simulation and risk prediction,#CDD1D5
NSF,US_12127,Volusia County,county_or_equivalent,FL,"Volusia, FL",K06,5.0,4999.999999999829,2.0,41.999999999999,0.10000000000000343,4.7619047619048755,4.661904761904872,40.0,0.8400000000000089,5,2,161,False,False,K06,4.661904761904872,K03,0.10429009193054796,Scenario simulation and risk prediction,#CDD1D5
NSF,US_13031,Bulloch County,county_or_equivalent,GA,"Bulloch, GA",K01,1.833333333333,4999.999999999829,0.333333333333,952.499999999969,0.03666666666666126,0.034995625546772796,-0.0016710411198884653,18.181818181803308,19.050000000000036,3,1,239,False,False,K04,0.033312339631450825,K04,0.033312339631450825,Intervention design and performance optimization,#CDD1D5
NSF,US_13031,Bulloch County,county_or_equivalent,GA,"Bulloch, GA",K02,1.833333333333,4999.999999999829,0.5,1635.999999999925,0.03666666666666126,0.03056234718826546,-0.0061043194783958026,27.272727272732233,32.71999999999962,3,1,239,False,False,K04,0.033312339631450825,K04,0.033312339631450825,Intervention design and performance optimization,#CDD1D5
NSF,US_13031,Bulloch County,county_or_equivalent,GA,"Bulloch, GA",K03,1.833333333333,4999.999999999829,0.0,489.499999999976,0.03666666666666126,0.0,-0.03666666666666126,0.0,9.789999999999857,3,0,239,False,False,K04,0.033312339631450825,K04,0.033312339631450825,Intervention design and performance optimization,#CDD1D5
NSF,US_13031,Bulloch County,county_or_equivalent,GA,"Bulloch, GA",K04,1.833333333333,4999.999999999829,1.0,1428.999999999969,0.03666666666666126,0.06997900629811209,0.033312339631450825,54.545454545464466,28.580000000000364,3,1,239,False,False,K04,0.033312339631450825,K04,0.033312339631450825,Intervention design and performance optimization,#CDD1D5
NSF,US_13031,Bulloch County,county_or_equivalent,GA,"Bulloch, GA",K05,1.833333333333,4999.999999999829,0.0,450.99999999999,0.03666666666666126,0.0,-0.03666666666666126,0.0,9.02000000000011,3,0,239,False,False,K04,0.033312339631450825,K04,0.033312339631450825,Intervention design and performance optimization,#CDD1D5
NSF,US_13031,Bulloch County,county_or_equivalent,GA,"Bulloch, GA",K06,1.833333333333,4999.999999999829,0.0,41.999999999999,0.03666666666666126,0.0,-0.03666666666666126,0.0,0.8400000000000089,3,0,239,False,False,K04,0.033312339631450825,K04,0.033312339631450825,Intervention design and performance optimization,#CDD1D5
NSF,US_13059,Clarke County,county_or_equivalent,GA,"Clarke, GA",K01,28.916666666666,4999.999999999829,6.0,952.499999999969,0.5783333333333399,0.6299212598425402,0.0515879265092003,20.749279538905377,19.050000000000036,33,6,57,False,False,K02,0.33344335778320555,K02,0.33344335778320555,Mechanism analysis and causal identification,#CDD1D5
NSF,US_13059,Clarke County,county_or_equivalent,GA,"Clarke, GA",K02,28.916666666666,4999.999999999829,14.916666666666,1635.999999999925,0.5783333333333399,0.9117766911165455,0.33344335778320555,51.58501440922078,32.71999999999962,33,19,57,False,False,K02,0.33344335778320555,K02,0.33344335778320555,Mechanism analysis and causal identification,#CDD1D5
NSF,US_13059,Clarke County,county_or_equivalent,GA,"Clarke, GA",K03,28.916666666666,4999.999999999829,1.0,489.499999999976,0.5783333333333399,0.2042900919305514,-0.37404324140278855,3.4582132564842296,9.789999999999857,33,1,57,False,False,K02,0.33344335778320555,K02,0.33344335778320555,Mechanism analysis and causal identification,#CDD1D5
NSF,US_13059,Clarke County,county_or_equivalent,GA,"Clarke, GA",K04,28.916666666666,4999.999999999829,4.0,1428.999999999969,0.5783333333333399,0.27991602519244835,-0.29841730814089157,13.832853025936918,28.580000000000364,33,4,57,False,False,K02,0.33344335778320555,K02,0.33344335778320555,Mechanism analysis and causal identification,#CDD1D5
NSF,US_13059,Clarke County,county_or_equivalent,GA,"Clarke, GA",K05,28.916666666666,4999.999999999829,3.0,450.99999999999,0.5783333333333399,0.6651884700665336,0.08685513673319367,10.374639769452688,9.02000000000011,33,3,57,False,False,K02,0.33344335778320555,K02,0.33344335778320555,Mechanism analysis and causal identification,#CDD1D5
NSF,US_13059,Clarke County,county_or_equivalent,GA,"Clarke, GA",K06,28.916666666666,4999.999999999829,0.0,41.999999999999,0.5783333333333399,0.0,-0.5783333333333399,0.0,0.8400000000000089,33,0,57,False,False,K02,0.33344335778320555,K02,0.33344335778320555,Mechanism analysis and causal identification,#CDD1D5
NSF,US_13067,Cobb County,county_or_equivalent,GA,"Cobb, GA",K01,2.0,4999.999999999829,1.0,952.499999999969,0.040000000000001375,0.10498687664042337,0.06498687664042199,50.0,19.050000000000036,2,1,218,False,False,K01,0.06498687664042199,K01,0.06498687664042199,State measurement and problem diagnosis,#CDD1D5
NSF,US_13067,Cobb County,county_or_equivalent,GA,"Cobb, GA",K02,2.0,4999.999999999829,0.0,1635.999999999925,0.040000000000001375,0.0,-0.040000000000001375,0.0,32.71999999999962,2,0,218,False,False,K01,0.06498687664042199,K01,0.06498687664042199,State measurement and problem diagnosis,#CDD1D5
NSF,US_13067,Cobb County,county_or_equivalent,GA,"Cobb, GA",K03,2.0,4999.999999999829,0.0,489.499999999976,0.040000000000001375,0.0,-0.040000000000001375,0.0,9.789999999999857,2,0,218,False,False,K01,0.06498687664042199,K01,0.06498687664042199,State measurement and problem diagnosis,#CDD1D5
NSF,US_13067,Cobb County,county_or_equivalent,GA,"Cobb, GA",K04,2.0,4999.999999999829,1.0,1428.999999999969,0.040000000000001375,0.06997900629811209,0.029979006298110712,50.0,28.580000000000364,2,1,218,False,False,K01,0.06498687664042199,K01,0.06498687664042199,State measurement and problem diagnosis,#CDD1D5
NSF,US_13067,Cobb County,county_or_equivalent,GA,"Cobb, GA",K05,2.0,4999.999999999829,0.0,450.99999999999,0.040000000000001375,0.0,-0.040000000000001375,0.0,9.02000000000011,2,0,218,False,False,K01,0.06498687664042199,K01,0.06498687664042199,State measurement and problem diagnosis,#CDD1D5
NSF,US_13067,Cobb County,county_or_equivalent,GA,"Cobb, GA",K06,2.0,4999.999999999829,0.0,41.999999999999,0.040000000000001375,0.0,-0.040000000000001375,0.0,0.8400000000000089,2,0,218,False,False,K01,0.06498687664042199,K01,0.06498687664042199,State measurement and problem diagnosis,#CDD1D5
NSF,US_13121,Fulton County,county_or_equivalent,GA,"Fulton, GA",K01,72.616666666664,4999.999999999829,7.833333333333,952.499999999969,1.45233333333333,0.822397200349948,-0.6299361329833819,10.787238925866358,19.050000000000036,88,10,13,False,False,K06,0.9286190476191079,K03,0.4884225400069082,Scenario simulation and risk prediction,#CDD1D5
NSF,US_13121,Fulton County,county_or_equivalent,GA,"Fulton, GA",K02,72.616666666664,4999.999999999829,20.449999999999,1635.999999999925,1.45233333333333,1.2499999999999962,-0.2023333333333337,28.16157906816583,32.71999999999962,88,27,13,False,False,K06,0.9286190476191079,K03,0.4884225400069082,Scenario simulation and risk prediction,#CDD1D5
NSF,US_13121,Fulton County,county_or_equivalent,GA,"Fulton, GA",K03,72.616666666664,4999.999999999829,9.5,489.499999999976,1.45233333333333,1.9407558733402381,0.4884225400069082,13.082396144136354,9.789999999999857,88,10,13,False,False,K06,0.9286190476191079,K03,0.4884225400069082,Scenario simulation and risk prediction,#CDD1D5
NSF,US_13121,Fulton County,county_or_equivalent,GA,"Fulton, GA",K04,72.616666666664,4999.999999999829,25.666666666666,1428.999999999969,1.45233333333333,1.7961278283181634,0.3437944949848335,35.34542116134993,28.580000000000364,88,30,13,False,False,K06,0.9286190476191079,K03,0.4884225400069082,Scenario simulation and risk prediction,#CDD1D5
NSF,US_13121,Fulton County,county_or_equivalent,GA,"Fulton, GA",K05,72.616666666664,4999.999999999829,8.166666666666,450.99999999999,1.45233333333333,1.8107908351809714,0.35845750184764147,11.246270369519808,9.02000000000011,88,10,13,False,False,K06,0.9286190476191079,K03,0.4884225400069082,Scenario simulation and risk prediction,#CDD1D5
NSF,US_13121,Fulton County,county_or_equivalent,GA,"Fulton, GA",K06,72.616666666664,4999.999999999829,1.0,41.999999999999,1.45233333333333,2.3809523809524378,0.9286190476191079,1.3770943309617214,0.8400000000000089,88,1,13,False,False,K06,0.9286190476191079,K03,0.4884225400069082,Scenario simulation and risk prediction,#CDD1D5
NSF,US_13135,Gwinnett County,county_or_equivalent,GA,"Gwinnett, GA",K01,1.0,4999.999999999829,0.0,952.499999999969,0.020000000000000687,0.0,-0.020000000000000687,0.0,19.050000000000036,1,0,269,False,False,K03,0.1842900919305507,K03,0.1842900919305507,Scenario simulation and risk prediction,#CDD1D5
NSF,US_13135,Gwinnett County,county_or_equivalent,GA,"Gwinnett, GA",K02,1.0,4999.999999999829,0.0,1635.999999999925,0.020000000000000687,0.0,-0.020000000000000687,0.0,32.71999999999962,1,0,269,False,False,K03,0.1842900919305507,K03,0.1842900919305507,Scenario simulation and risk prediction,#CDD1D5
NSF,US_13135,Gwinnett County,county_or_equivalent,GA,"Gwinnett, GA",K03,1.0,4999.999999999829,1.0,489.499999999976,0.020000000000000687,0.2042900919305514,0.1842900919305507,100.0,9.789999999999857,1,1,269,False,False,K03,0.1842900919305507,K03,0.1842900919305507,Scenario simulation and risk prediction,#CDD1D5
NSF,US_13135,Gwinnett County,county_or_equivalent,GA,"Gwinnett, GA",K04,1.0,4999.999999999829,0.0,1428.999999999969,0.020000000000000687,0.0,-0.020000000000000687,0.0,28.580000000000364,1,0,269,False,False,K03,0.1842900919305507,K03,0.1842900919305507,Scenario simulation and risk prediction,#CDD1D5
NSF,US_13135,Gwinnett County,county_or_equivalent,GA,"Gwinnett, GA",K05,1.0,4999.999999999829,0.0,450.99999999999,0.020000000000000687,0.0,-0.020000000000000687,0.0,9.02000000000011,1,0,269,False,False,K03,0.1842900919305507,K03,0.1842900919305507,Scenario simulation and risk prediction,#CDD1D5
NSF,US_13135,Gwinnett County,county_or_equivalent,GA,"Gwinnett, GA",K06,1.0,4999.999999999829,0.0,41.999999999999,0.020000000000000687,0.0,-0.020000000000000687,0.0,0.8400000000000089,1,0,269,False,False,K03,0.1842900919305507,K03,0.1842900919305507,Scenario simulation and risk prediction,#CDD1D5
NSF,US_15001,Hawaii County,county_or_equivalent,HI,"Hawaii, HI",K01,2.0,4999.999999999829,0.0,952.499999999969,0.040000000000001375,0.0,-0.040000000000001375,0.0,19.050000000000036,2,0,219,False,False,K04,0.0999580125962228,K04,0.0999580125962228,Intervention design and performance optimization,#CDD1D5
NSF,US_15001,Hawaii County,county_or_equivalent,HI,"Hawaii, HI",K02,2.0,4999.999999999829,0.0,1635.999999999925,0.040000000000001375,0.0,-0.040000000000001375,0.0,32.71999999999962,2,0,219,False,False,K04,0.0999580125962228,K04,0.0999580125962228,Intervention design and performance optimization,#CDD1D5
NSF,US_15001,Hawaii County,county_or_equivalent,HI,"Hawaii, HI",K03,2.0,4999.999999999829,0.0,489.499999999976,0.040000000000001375,0.0,-0.040000000000001375,0.0,9.789999999999857,2,0,219,False,False,K04,0.0999580125962228,K04,0.0999580125962228,Intervention design and performance optimization,#CDD1D5
NSF,US_15001,Hawaii County,county_or_equivalent,HI,"Hawaii, HI",K04,2.0,4999.999999999829,2.0,1428.999999999969,0.040000000000001375,0.13995801259622417,0.0999580125962228,100.0,28.580000000000364,2,2,219,False,False,K04,0.0999580125962228,K04,0.0999580125962228,Intervention design and performance optimization,#CDD1D5
NSF,US_15001,Hawaii County,county_or_equivalent,HI,"Hawaii, HI",K05,2.0,4999.999999999829,0.0,450.99999999999,0.040000000000001375,0.0,-0.040000000000001375,0.0,9.02000000000011,2,0,219,False,False,K04,0.0999580125962228,K04,0.0999580125962228,Intervention design and performance optimization,#CDD1D5
NSF,US_15001,Hawaii County,county_or_equivalent,HI,"Hawaii, HI",K06,2.0,4999.999999999829,0.0,41.999999999999,0.040000000000001375,0.0,-0.040000000000001375,0.0,0.8400000000000089,2,0,219,False,False,K04,0.0999580125962228,K04,0.0999580125962228,Intervention design and performance optimization,#CDD1D5
NSF,US_15003,Honolulu County,county_or_equivalent,HI,"Honolulu, HI",K01,31.416666666665,4999.999999999829,8.583333333333,952.499999999969,0.6283333333333216,0.9011373578302655,0.27280402449694385,27.32095490716219,19.050000000000036,38,10,46,False,False,K06,1.7526190476191161,K01,0.27280402449694385,State measurement and problem diagnosis,#CDD1D5
NSF,US_15003,Honolulu County,county_or_equivalent,HI,"Honolulu, HI",K02,31.416666666665,4999.999999999829,12.499999999999,1635.999999999925,0.6283333333333216,0.7640586797065754,0.13572534637325373,39.787798408486985,32.71999999999962,38,16,46,False,False,K06,1.7526190476191161,K01,0.27280402449694385,State measurement and problem diagnosis,#CDD1D5
NSF,US_15003,Honolulu County,county_or_equivalent,HI,"Honolulu, HI",K03,31.416666666665,4999.999999999829,2.833333333333,489.499999999976,0.6283333333333216,0.5788219271364942,-0.04951140619682748,9.01856763925671,9.789999999999857,38,4,46,False,False,K06,1.7526190476191161,K01,0.27280402449694385,State measurement and problem diagnosis,#CDD1D5
NSF,US_15003,Honolulu County,county_or_equivalent,HI,"Honolulu, HI",K04,31.416666666665,4999.999999999829,2.5,1428.999999999969,0.6283333333333216,0.1749475157452802,-0.4533858175880414,7.957559681698035,28.580000000000364,38,3,46,False,False,K06,1.7526190476191161,K01,0.27280402449694385,State measurement and problem diagnosis,#CDD1D5
NSF,US_15003,Honolulu County,county_or_equivalent,HI,"Honolulu, HI",K05,31.416666666665,4999.999999999829,4.0,450.99999999999,0.6283333333333216,0.8869179600887115,0.25858462675538985,12.732095490716855,9.02000000000011,38,4,46,False,False,K06,1.7526190476191161,K01,0.27280402449694385,State measurement and problem diagnosis,#CDD1D5
NSF,US_15003,Honolulu County,county_or_equivalent,HI,"Honolulu, HI",K06,31.416666666665,4999.999999999829,1.0,41.999999999999,0.6283333333333216,2.3809523809524378,1.7526190476191161,3.1830238726792137,0.8400000000000089,38,1,46,False,False,K06,1.7526190476191161,K01,0.27280402449694385,State measurement and problem diagnosis,#CDD1D5
NSF,US_16001,Ada County,county_or_equivalent,ID,"Ada, ID",K01,13.142857142856,4999.999999999829,1.0,952.499999999969,0.2628571428571291,0.10498687664042337,-0.1578702662167057,7.608695652174575,19.050000000000036,17,2,108,False,False,K02,0.14464081965303632,K02,0.14464081965303632,Mechanism analysis and causal identification,#CDD1D5
NSF,US_16001,Ada County,county_or_equivalent,ID,"Ada, ID",K02,13.142857142856,4999.999999999829,6.666666666666,1635.999999999925,0.2628571428571291,0.4074979625101654,0.14464081965303632,50.72463768115876,32.71999999999962,17,8,108,False,False,K02,0.14464081965303632,K02,0.14464081965303632,Mechanism analysis and causal identification,#CDD1D5
NSF,US_16001,Ada County,county_or_equivalent,ID,"Ada, ID",K03,13.142857142856,4999.999999999829,0.142857142857,489.499999999976,0.2628571428571291,0.02918429884719244,-0.23367284400993665,1.0869565217381378,9.789999999999857,17,1,108,False,False,K02,0.14464081965303632,K02,0.14464081965303632,Mechanism analysis and causal identification,#CDD1D5
NSF,US_16001,Ada County,county_or_equivalent,ID,"Ada, ID",K04,13.142857142856,4999.999999999829,4.0,1428.999999999969,0.2628571428571291,0.27991602519244835,0.01705888233531927,30.4347826086983,28.580000000000364,17,4,108,False,False,K02,0.14464081965303632,K02,0.14464081965303632,Mechanism analysis and causal identification,#CDD1D5
NSF,US_16001,Ada County,county_or_equivalent,ID,"Ada, ID",K05,13.142857142856,4999.999999999829,1.333333333333,450.99999999999,0.2628571428571291,0.2956393200294966,0.03278217717236753,10.144927536230231,9.02000000000011,17,2,108,False,False,K02,0.14464081965303632,K02,0.14464081965303632,Mechanism analysis and causal identification,#CDD1D5
NSF,US_16001,Ada County,county_or_equivalent,ID,"Ada, ID",K06,13.142857142856,4999.999999999829,0.0,41.999999999999,0.2628571428571291,0.0,-0.2628571428571291,0.0,0.8400000000000089,17,0,108,False,False,K02,0.14464081965303632,K02,0.14464081965303632,Mechanism analysis and causal identification,#CDD1D5
NSF,US_16005,Bannock County,county_or_equivalent,ID,"Bannock, ID",K01,1.0,4999.999999999829,0.0,952.499999999969,0.020000000000000687,0.0,-0.020000000000000687,0.0,19.050000000000036,1,0,270,False,False,K02,0.04112469437653023,K02,0.04112469437653023,Mechanism analysis and causal identification,#CDD1D5
NSF,US_16005,Bannock County,county_or_equivalent,ID,"Bannock, ID",K02,1.0,4999.999999999829,1.0,1635.999999999925,0.020000000000000687,0.06112469437653092,0.04112469437653023,100.0,32.71999999999962,1,1,270,False,False,K02,0.04112469437653023,K02,0.04112469437653023,Mechanism analysis and causal identification,#CDD1D5
NSF,US_16005,Bannock County,county_or_equivalent,ID,"Bannock, ID",K03,1.0,4999.999999999829,0.0,489.499999999976,0.020000000000000687,0.0,-0.020000000000000687,0.0,9.789999999999857,1,0,270,False,False,K02,0.04112469437653023,K02,0.04112469437653023,Mechanism analysis and causal identification,#CDD1D5
NSF,US_16005,Bannock County,county_or_equivalent,ID,"Bannock, ID",K04,1.0,4999.999999999829,0.0,1428.999999999969,0.020000000000000687,0.0,-0.020000000000000687,0.0,28.580000000000364,1,0,270,False,False,K02,0.04112469437653023,K02,0.04112469437653023,Mechanism analysis and causal identification,#CDD1D5
NSF,US_16005,Bannock County,county_or_equivalent,ID,"Bannock, ID",K05,1.0,4999.999999999829,0.0,450.99999999999,0.020000000000000687,0.0,-0.020000000000000687,0.0,9.02000000000011,1,0,270,False,False,K02,0.04112469437653023,K02,0.04112469437653023,Mechanism analysis and causal identification,#CDD1D5
NSF,US_16005,Bannock County,county_or_equivalent,ID,"Bannock, ID",K06,1.0,4999.999999999829,0.0,41.999999999999,0.020000000000000687,0.0,-0.020000000000000687,0.0,0.8400000000000089,1,0,270,False,False,K02,0.04112469437653023,K02,0.04112469437653023,Mechanism analysis and causal identification,#CDD1D5
NSF,US_16057,Latah County,county_or_equivalent,ID,"Latah, ID",K01,10.22619047619,4999.999999999829,1.333333333333,952.499999999969,0.20452380952380705,0.13998250218719616,-0.0645413073366109,13.038416763676043,19.050000000000036,13,2,121,False,False,K05,0.2389351705205487,K05,0.2389351705205487,Planning decision support and policy design,#CDD1D5
NSF,US_16057,Latah County,county_or_equivalent,ID,"Latah, ID",K02,10.22619047619,4999.999999999829,4.0,1635.999999999925,0.20452380952380705,0.24449877750612367,0.03997496798231662,39.11525029103791,32.71999999999962,13,4,121,False,False,K05,0.2389351705205487,K05,0.2389351705205487,Planning decision support and policy design,#CDD1D5
NSF,US_16057,Latah County,county_or_equivalent,ID,"Latah, ID",K03,10.22619047619,4999.999999999829,0.3928571428569999,489.499999999976,0.20452380952380705,0.08025682182983027,-0.12426698769397679,3.8416763678683967,9.789999999999857,13,2,121,False,False,K05,0.2389351705205487,K05,0.2389351705205487,Planning decision support and policy design,#CDD1D5
NSF,US_16057,Latah County,county_or_equivalent,ID,"Latah, ID",K04,10.22619047619,4999.999999999829,2.5,1428.999999999969,0.20452380952380705,0.1749475157452802,-0.029576293778526858,24.447031431898694,28.580000000000364,13,3,121,False,False,K05,0.2389351705205487,K05,0.2389351705205487,Planning decision support and policy design,#CDD1D5
NSF,US_16057,Latah County,county_or_equivalent,ID,"Latah, ID",K05,10.22619047619,4999.999999999829,2.0,450.99999999999,0.20452380952380705,0.44345898004435574,0.2389351705205487,19.557625145518955,9.02000000000011,13,2,121,False,False,K05,0.2389351705205487,K05,0.2389351705205487,Planning decision support and policy design,#CDD1D5
NSF,US_16057,Latah County,county_or_equivalent,ID,"Latah, ID",K06,10.22619047619,4999.999999999829,0.0,41.999999999999,0.20452380952380705,0.0,-0.20452380952380705,0.0,0.8400000000000089,13,0,121,False,False,K05,0.2389351705205487,K05,0.2389351705205487,Planning decision support and policy design,#CDD1D5
NSF,US_17019,Champaign County,county_or_equivalent,IL,"Champaign, IL",K01,72.749999999997,4999.999999999829,10.833333333333,952.499999999969,1.45499999999999,1.1373578302712182,-0.3176421697287719,14.891179839633605,19.050000000000036,90,14,12,False,False,K05,1.2611862527716886,K05,1.2611862527716886,Planning decision support and policy design,#CDD1D5
NSF,US_17019,Champaign County,county_or_equivalent,IL,"Champaign, IL",K02,72.749999999997,4999.999999999829,19.083333333332,1635.999999999925,1.45499999999999,1.1664629176853836,-0.2885370823146065,26.231386025199708,32.71999999999962,90,25,12,False,False,K05,1.2611862527716886,K05,1.2611862527716886,Planning decision support and policy design,#CDD1D5
NSF,US_17019,Champaign County,county_or_equivalent,IL,"Champaign, IL",K03,72.749999999997,4999.999999999829,9.083333333333,489.499999999976,1.45499999999999,1.8556350017024401,0.40063500170245003,12.485681557846561,9.789999999999857,90,12,12,False,False,K05,1.2611862527716886,K05,1.2611862527716886,Planning decision support and policy design,#CDD1D5
NSF,US_17019,Champaign County,county_or_equivalent,IL,"Champaign, IL",K04,72.749999999997,4999.999999999829,21.499999999998998,1428.999999999969,1.45499999999999,1.5045486354093398,0.04954863540934973,29.55326460481084,28.580000000000364,90,26,12,False,False,K05,1.2611862527716886,K05,1.2611862527716886,Planning decision support and policy design,#CDD1D5
NSF,US_17019,Champaign County,county_or_equivalent,IL,"Champaign, IL",K05,72.749999999997,4999.999999999829,12.25,450.99999999999,1.45499999999999,2.7161862527716787,1.2611862527716886,16.838487972509284,9.02000000000011,90,13,12,False,False,K05,1.2611862527716886,K05,1.2611862527716886,Planning decision support and policy design,#CDD1D5
NSF,US_17019,Champaign County,county_or_equivalent,IL,"Champaign, IL",K06,72.749999999997,4999.999999999829,0.0,41.999999999999,1.45499999999999,0.0,-1.45499999999999,0.0,0.8400000000000089,90,0,12,False,False,K05,1.2611862527716886,K05,1.2611862527716886,Planning decision support and policy design,#CDD1D5
NSF,US_17031,Cook County,county_or_equivalent,IL,"Cook, IL",K01,69.366666666664,4999.999999999829,11.499999999999,952.499999999969,1.3873333333333278,1.2073490813647636,-0.17998425196856416,16.578567996154888,19.050000000000036,81,14,15,False,False,K06,0.99361904761911,K04,0.35281128994634603,Intervention design and performance optimization,#CDD1D5
NSF,US_17031,Cook County,county_or_equivalent,IL,"Cook, IL",K02,69.366666666664,4999.999999999829,23.5,1635.999999999925,1.3873333333333278,1.4364303178484767,0.04909698451514899,33.87794329649337,32.71999999999962,81,25,15,False,False,K06,0.99361904761911,K04,0.35281128994634603,Intervention design and performance optimization,#CDD1D5
NSF,US_17031,Cook County,county_or_equivalent,IL,"Cook, IL",K03,69.366666666664,4999.999999999829,2.499999999999,489.499999999976,1.3873333333333278,0.5107252298261741,-0.8766081035071537,3.6040365209021084,9.789999999999857,81,5,15,False,False,K06,0.99361904761911,K04,0.35281128994634603,Intervention design and performance optimization,#CDD1D5
NSF,US_17031,Cook County,county_or_equivalent,IL,"Cook, IL",K04,69.366666666664,4999.999999999829,24.866666666666,1428.999999999969,1.3873333333333278,1.7401446232796738,0.35281128994634603,35.848149927919685,28.580000000000364,81,30,15,False,False,K06,0.99361904761911,K04,0.35281128994634603,Intervention design and performance optimization,#CDD1D5
NSF,US_17031,Cook County,county_or_equivalent,IL,"Cook, IL",K05,69.366666666664,4999.999999999829,6.0,450.99999999999,1.3873333333333278,1.3303769401330672,-0.05695639320026058,8.64968765016852,9.02000000000011,81,6,15,False,False,K06,0.99361904761911,K04,0.35281128994634603,Intervention design and performance optimization,#CDD1D5
NSF,US_17031,Cook County,county_or_equivalent,IL,"Cook, IL",K06,69.366666666664,4999.999999999829,1.0,41.999999999999,1.3873333333333278,2.3809523809524378,0.99361904761911,1.44161460836142,0.8400000000000089,81,1,15,False,False,K06,0.99361904761911,K04,0.35281128994634603,Intervention design and performance optimization,#CDD1D5
NSF,US_17037,DeKalb County,county_or_equivalent,IL,"DeKalb, IL",K01,5.0,4999.999999999829,1.0,952.499999999969,0.10000000000000343,0.10498687664042337,0.0049868766404199405,20.0,19.050000000000036,5,1,162,False,False,K03,0.30858018386109937,K03,0.30858018386109937,Scenario simulation and risk prediction,#CDD1D5
NSF,US_17037,DeKalb County,county_or_equivalent,IL,"DeKalb, IL",K02,5.0,4999.999999999829,2.0,1635.999999999925,0.10000000000000343,0.12224938875306184,0.022249388753058402,40.0,32.71999999999962,5,2,162,False,False,K03,0.30858018386109937,K03,0.30858018386109937,Scenario simulation and risk prediction,#CDD1D5
NSF,US_17037,DeKalb County,county_or_equivalent,IL,"DeKalb, IL",K03,5.0,4999.999999999829,2.0,489.499999999976,0.10000000000000343,0.4085801838611028,0.30858018386109937,40.0,9.789999999999857,5,2,162,False,False,K03,0.30858018386109937,K03,0.30858018386109937,Scenario simulation and risk prediction,#CDD1D5
NSF,US_17037,DeKalb County,county_or_equivalent,IL,"DeKalb, IL",K04,5.0,4999.999999999829,0.0,1428.999999999969,0.10000000000000343,0.0,-0.10000000000000343,0.0,28.580000000000364,5,0,162,False,False,K03,0.30858018386109937,K03,0.30858018386109937,Scenario simulation and risk prediction,#CDD1D5
NSF,US_17037,DeKalb County,county_or_equivalent,IL,"DeKalb, IL",K05,5.0,4999.999999999829,0.0,450.99999999999,0.10000000000000343,0.0,-0.10000000000000343,0.0,9.02000000000011,5,0,162,False,False,K03,0.30858018386109937,K03,0.30858018386109937,Scenario simulation and risk prediction,#CDD1D5
NSF,US_17037,DeKalb County,county_or_equivalent,IL,"DeKalb, IL",K06,5.0,4999.999999999829,0.0,41.999999999999,0.10000000000000343,0.0,-0.10000000000000343,0.0,0.8400000000000089,5,0,162,False,False,K03,0.30858018386109937,K03,0.30858018386109937,Scenario simulation and risk prediction,#CDD1D5
NSF,US_17043,DuPage County,county_or_equivalent,IL,"DuPage, IL",K01,0.333333333333,4999.999999999829,0.333333333333,952.499999999969,0.00666666666666023,0.034995625546772796,0.028328958880112567,100.0,19.050000000000036,1,1,341,False,False,K01,0.028328958880112567,K01,0.028328958880112567,State measurement and problem diagnosis,#CDD1D5
NSF,US_17043,DuPage County,county_or_equivalent,IL,"DuPage, IL",K02,0.333333333333,4999.999999999829,0.0,1635.999999999925,0.00666666666666023,0.0,-0.00666666666666023,0.0,32.71999999999962,1,0,341,False,False,K01,0.028328958880112567,K01,0.028328958880112567,State measurement and problem diagnosis,#CDD1D5
NSF,US_17043,DuPage County,county_or_equivalent,IL,"DuPage, IL",K03,0.333333333333,4999.999999999829,0.0,489.499999999976,0.00666666666666023,0.0,-0.00666666666666023,0.0,9.789999999999857,1,0,341,False,False,K01,0.028328958880112567,K01,0.028328958880112567,State measurement and problem diagnosis,#CDD1D5
NSF,US_17043,DuPage County,county_or_equivalent,IL,"DuPage, IL",K04,0.333333333333,4999.999999999829,0.0,1428.999999999969,0.00666666666666023,0.0,-0.00666666666666023,0.0,28.580000000000364,1,0,341,False,False,K01,0.028328958880112567,K01,0.028328958880112567,State measurement and problem diagnosis,#CDD1D5
NSF,US_17043,DuPage County,county_or_equivalent,IL,"DuPage, IL",K05,0.333333333333,4999.999999999829,0.0,450.99999999999,0.00666666666666023,0.0,-0.00666666666666023,0.0,9.02000000000011,1,0,341,False,False,K01,0.028328958880112567,K01,0.028328958880112567,State measurement and problem diagnosis,#CDD1D5
NSF,US_17043,DuPage County,county_or_equivalent,IL,"DuPage, IL",K06,0.333333333333,4999.999999999829,0.0,41.999999999999,0.00666666666666023,0.0,-0.00666666666666023,0.0,0.8400000000000089,1,0,341,False,False,K01,0.028328958880112567,K01,0.028328958880112567,State measurement and problem diagnosis,#CDD1D5
NSF,US_17077,Jackson County,county_or_equivalent,IL,"Jackson, IL",K01,4.0,4999.999999999829,0.0,952.499999999969,0.08000000000000275,0.0,-0.08000000000000275,0.0,19.050000000000036,4,0,171,False,False,K04,0.1299370188943335,K04,0.1299370188943335,Intervention design and performance optimization,#CDD1D5
NSF,US_17077,Jackson County,county_or_equivalent,IL,"Jackson, IL",K02,4.0,4999.999999999829,1.0,1635.999999999925,0.08000000000000275,0.06112469437653092,-0.01887530562347183,25.0,32.71999999999962,4,1,171,False,False,K04,0.1299370188943335,K04,0.1299370188943335,Intervention design and performance optimization,#CDD1D5
NSF,US_17077,Jackson County,county_or_equivalent,IL,"Jackson, IL",K03,4.0,4999.999999999829,0.0,489.499999999976,0.08000000000000275,0.0,-0.08000000000000275,0.0,9.789999999999857,4,0,171,False,False,K04,0.1299370188943335,K04,0.1299370188943335,Intervention design and performance optimization,#CDD1D5
NSF,US_17077,Jackson County,county_or_equivalent,IL,"Jackson, IL",K04,4.0,4999.999999999829,3.0,1428.999999999969,0.08000000000000275,0.20993701889433625,0.1299370188943335,75.0,28.580000000000364,4,3,171,False,False,K04,0.1299370188943335,K04,0.1299370188943335,Intervention design and performance optimization,#CDD1D5
NSF,US_17077,Jackson County,county_or_equivalent,IL,"Jackson, IL",K05,4.0,4999.999999999829,0.0,450.99999999999,0.08000000000000275,0.0,-0.08000000000000275,0.0,9.02000000000011,4,0,171,False,False,K04,0.1299370188943335,K04,0.1299370188943335,Intervention design and performance optimization,#CDD1D5
NSF,US_17077,Jackson County,county_or_equivalent,IL,"Jackson, IL",K06,4.0,4999.999999999829,0.0,41.999999999999,0.08000000000000275,0.0,-0.08000000000000275,0.0,0.8400000000000089,4,0,171,False,False,K04,0.1299370188943335,K04,0.1299370188943335,Intervention design and performance optimization,#CDD1D5
NSF,US_17089,Kane County,county_or_equivalent,IL,"Kane, IL",K01,2.0,4999.999999999829,0.0,952.499999999969,0.040000000000001375,0.0,-0.040000000000001375,0.0,19.050000000000036,2,0,220,False,False,K04,0.0999580125962228,K04,0.0999580125962228,Intervention design and performance optimization,#CDD1D5
NSF,US_17089,Kane County,county_or_equivalent,IL,"Kane, IL",K02,2.0,4999.999999999829,0.0,1635.999999999925,0.040000000000001375,0.0,-0.040000000000001375,0.0,32.71999999999962,2,0,220,False,False,K04,0.0999580125962228,K04,0.0999580125962228,Intervention design and performance optimization,#CDD1D5
NSF,US_17089,Kane County,county_or_equivalent,IL,"Kane, IL",K03,2.0,4999.999999999829,0.0,489.499999999976,0.040000000000001375,0.0,-0.040000000000001375,0.0,9.789999999999857,2,0,220,False,False,K04,0.0999580125962228,K04,0.0999580125962228,Intervention design and performance optimization,#CDD1D5
NSF,US_17089,Kane County,county_or_equivalent,IL,"Kane, IL",K04,2.0,4999.999999999829,2.0,1428.999999999969,0.040000000000001375,0.13995801259622417,0.0999580125962228,100.0,28.580000000000364,2,2,220,False,False,K04,0.0999580125962228,K04,0.0999580125962228,Intervention design and performance optimization,#CDD1D5
NSF,US_17089,Kane County,county_or_equivalent,IL,"Kane, IL",K05,2.0,4999.999999999829,0.0,450.99999999999,0.040000000000001375,0.0,-0.040000000000001375,0.0,9.02000000000011,2,0,220,False,False,K04,0.0999580125962228,K04,0.0999580125962228,Intervention design and performance optimization,#CDD1D5
NSF,US_17089,Kane County,county_or_equivalent,IL,"Kane, IL",K06,2.0,4999.999999999829,0.0,41.999999999999,0.040000000000001375,0.0,-0.040000000000001375,0.0,0.8400000000000089,2,0,220,False,False,K04,0.0999580125962228,K04,0.0999580125962228,Intervention design and performance optimization,#CDD1D5
NSF,US_17097,Lake County,county_or_equivalent,IL,"Lake, IL",K01,1.0,4999.999999999829,0.0,952.499999999969,0.020000000000000687,0.0,-0.020000000000000687,0.0,19.050000000000036,1,0,271,False,False,K02,0.04112469437653023,K02,0.04112469437653023,Mechanism analysis and causal identification,#CDD1D5
NSF,US_17097,Lake County,county_or_equivalent,IL,"Lake, IL",K02,1.0,4999.999999999829,1.0,1635.999999999925,0.020000000000000687,0.06112469437653092,0.04112469437653023,100.0,32.71999999999962,1,1,271,False,False,K02,0.04112469437653023,K02,0.04112469437653023,Mechanism analysis and causal identification,#CDD1D5
NSF,US_17097,Lake County,county_or_equivalent,IL,"Lake, IL",K03,1.0,4999.999999999829,0.0,489.499999999976,0.020000000000000687,0.0,-0.020000000000000687,0.0,9.789999999999857,1,0,271,False,False,K02,0.04112469437653023,K02,0.04112469437653023,Mechanism analysis and causal identification,#CDD1D5
NSF,US_17097,Lake County,county_or_equivalent,IL,"Lake, IL",K04,1.0,4999.999999999829,0.0,1428.999999999969,0.020000000000000687,0.0,-0.020000000000000687,0.0,28.580000000000364,1,0,271,False,False,K02,0.04112469437653023,K02,0.04112469437653023,Mechanism analysis and causal identification,#CDD1D5
NSF,US_17097,Lake County,county_or_equivalent,IL,"Lake, IL",K05,1.0,4999.999999999829,0.0,450.99999999999,0.020000000000000687,0.0,-0.020000000000000687,0.0,9.02000000000011,1,0,271,False,False,K02,0.04112469437653023,K02,0.04112469437653023,Mechanism analysis and causal identification,#CDD1D5
NSF,US_17097,Lake County,county_or_equivalent,IL,"Lake, IL",K06,1.0,4999.999999999829,0.0,41.999999999999,0.020000000000000687,0.0,-0.020000000000000687,0.0,0.8400000000000089,1,0,271,False,False,K02,0.04112469437653023,K02,0.04112469437653023,Mechanism analysis and causal identification,#CDD1D5
NSF,US_17111,McHenry County,county_or_equivalent,IL,"McHenry, IL",K01,2.0,4999.999999999829,0.0,952.499999999969,0.040000000000001375,0.0,-0.040000000000001375,0.0,19.050000000000036,2,0,221,False,False,K05,0.1817294900221765,K05,0.1817294900221765,Planning decision support and policy design,#CDD1D5
NSF,US_17111,McHenry County,county_or_equivalent,IL,"McHenry, IL",K02,2.0,4999.999999999829,0.0,1635.999999999925,0.040000000000001375,0.0,-0.040000000000001375,0.0,32.71999999999962,2,0,221,False,False,K05,0.1817294900221765,K05,0.1817294900221765,Planning decision support and policy design,#CDD1D5
NSF,US_17111,McHenry County,county_or_equivalent,IL,"McHenry, IL",K03,2.0,4999.999999999829,0.0,489.499999999976,0.040000000000001375,0.0,-0.040000000000001375,0.0,9.789999999999857,2,0,221,False,False,K05,0.1817294900221765,K05,0.1817294900221765,Planning decision support and policy design,#CDD1D5
NSF,US_17111,McHenry County,county_or_equivalent,IL,"McHenry, IL",K04,2.0,4999.999999999829,1.0,1428.999999999969,0.040000000000001375,0.06997900629811209,0.029979006298110712,50.0,28.580000000000364,2,1,221,False,False,K05,0.1817294900221765,K05,0.1817294900221765,Planning decision support and policy design,#CDD1D5
NSF,US_17111,McHenry County,county_or_equivalent,IL,"McHenry, IL",K05,2.0,4999.999999999829,1.0,450.99999999999,0.040000000000001375,0.22172949002217787,0.1817294900221765,50.0,9.02000000000011,2,1,221,False,False,K05,0.1817294900221765,K05,0.1817294900221765,Planning decision support and policy design,#CDD1D5
NSF,US_17111,McHenry County,county_or_equivalent,IL,"McHenry, IL",K06,2.0,4999.999999999829,0.0,41.999999999999,0.040000000000001375,0.0,-0.040000000000001375,0.0,0.8400000000000089,2,0,221,False,False,K05,0.1817294900221765,K05,0.1817294900221765,Planning decision support and policy design,#CDD1D5
NSF,US_17119,Madison County,county_or_equivalent,IL,"Madison, IL",K01,0.5,4999.999999999829,0.0,952.499999999969,0.010000000000000344,0.0,-0.010000000000000344,0.0,19.050000000000036,1,0,333,False,False,K02,0.020562347188265113,K02,0.020562347188265113,Mechanism analysis and causal identification,#CDD1D5
NSF,US_17119,Madison County,county_or_equivalent,IL,"Madison, IL",K02,0.5,4999.999999999829,0.5,1635.999999999925,0.010000000000000344,0.03056234718826546,0.020562347188265113,100.0,32.71999999999962,1,1,333,False,False,K02,0.020562347188265113,K02,0.020562347188265113,Mechanism analysis and causal identification,#CDD1D5
NSF,US_17119,Madison County,county_or_equivalent,IL,"Madison, IL",K03,0.5,4999.999999999829,0.0,489.499999999976,0.010000000000000344,0.0,-0.010000000000000344,0.0,9.789999999999857,1,0,333,False,False,K02,0.020562347188265113,K02,0.020562347188265113,Mechanism analysis and causal identification,#CDD1D5
NSF,US_17119,Madison County,county_or_equivalent,IL,"Madison, IL",K04,0.5,4999.999999999829,0.0,1428.999999999969,0.010000000000000344,0.0,-0.010000000000000344,0.0,28.580000000000364,1,0,333,False,False,K02,0.020562347188265113,K02,0.020562347188265113,Mechanism analysis and causal identification,#CDD1D5
NSF,US_17119,Madison County,county_or_equivalent,IL,"Madison, IL",K05,0.5,4999.999999999829,0.0,450.99999999999,0.010000000000000344,0.0,-0.010000000000000344,0.0,9.02000000000011,1,0,333,False,False,K02,0.020562347188265113,K02,0.020562347188265113,Mechanism analysis and causal identification,#CDD1D5
NSF,US_17119,Madison County,county_or_equivalent,IL,"Madison, IL",K06,0.5,4999.999999999829,0.0,41.999999999999,0.010000000000000344,0.0,-0.010000000000000344,0.0,0.8400000000000089,1,0,333,False,False,K02,0.020562347188265113,K02,0.020562347188265113,Mechanism analysis and causal identification,#CDD1D5
NSF,US_18035,Delaware County,county_or_equivalent,IN,"Delaware, IN",K01,1.0,4999.999999999829,0.0,952.499999999969,0.020000000000000687,0.0,-0.020000000000000687,0.0,19.050000000000036,1,0,272,False,False,K04,0.0499790062981114,K04,0.0499790062981114,Intervention design and performance optimization,#CDD1D5
NSF,US_18035,Delaware County,county_or_equivalent,IN,"Delaware, IN",K02,1.0,4999.999999999829,0.0,1635.999999999925,0.020000000000000687,0.0,-0.020000000000000687,0.0,32.71999999999962,1,0,272,False,False,K04,0.0499790062981114,K04,0.0499790062981114,Intervention design and performance optimization,#CDD1D5
NSF,US_18035,Delaware County,county_or_equivalent,IN,"Delaware, IN",K03,1.0,4999.999999999829,0.0,489.499999999976,0.020000000000000687,0.0,-0.020000000000000687,0.0,9.789999999999857,1,0,272,False,False,K04,0.0499790062981114,K04,0.0499790062981114,Intervention design and performance optimization,#CDD1D5
NSF,US_18035,Delaware County,county_or_equivalent,IN,"Delaware, IN",K04,1.0,4999.999999999829,1.0,1428.999999999969,0.020000000000000687,0.06997900629811209,0.0499790062981114,100.0,28.580000000000364,1,1,272,False,False,K04,0.0499790062981114,K04,0.0499790062981114,Intervention design and performance optimization,#CDD1D5
NSF,US_18035,Delaware County,county_or_equivalent,IN,"Delaware, IN",K05,1.0,4999.999999999829,0.0,450.99999999999,0.020000000000000687,0.0,-0.020000000000000687,0.0,9.02000000000011,1,0,272,False,False,K04,0.0499790062981114,K04,0.0499790062981114,Intervention design and performance optimization,#CDD1D5
NSF,US_18035,Delaware County,county_or_equivalent,IN,"Delaware, IN",K06,1.0,4999.999999999829,0.0,41.999999999999,0.020000000000000687,0.0,-0.020000000000000687,0.0,0.8400000000000089,1,0,272,False,False,K04,0.0499790062981114,K04,0.0499790062981114,Intervention design and performance optimization,#CDD1D5
NSF,US_18097,Marion County,county_or_equivalent,IN,"Marion, IN",K01,2.0,4999.999999999829,1.0,952.499999999969,0.040000000000001375,0.10498687664042337,0.06498687664042199,50.0,19.050000000000036,2,1,222,False,False,K01,0.06498687664042199,K01,0.06498687664042199,State measurement and problem diagnosis,#CDD1D5
NSF,US_18097,Marion County,county_or_equivalent,IN,"Marion, IN",K02,2.0,4999.999999999829,1.0,1635.999999999925,0.040000000000001375,0.06112469437653092,0.021124694376529543,50.0,32.71999999999962,2,1,222,False,False,K01,0.06498687664042199,K01,0.06498687664042199,State measurement and problem diagnosis,#CDD1D5
NSF,US_18097,Marion County,county_or_equivalent,IN,"Marion, IN",K03,2.0,4999.999999999829,0.0,489.499999999976,0.040000000000001375,0.0,-0.040000000000001375,0.0,9.789999999999857,2,0,222,False,False,K01,0.06498687664042199,K01,0.06498687664042199,State measurement and problem diagnosis,#CDD1D5
NSF,US_18097,Marion County,county_or_equivalent,IN,"Marion, IN",K04,2.0,4999.999999999829,0.0,1428.999999999969,0.040000000000001375,0.0,-0.040000000000001375,0.0,28.580000000000364,2,0,222,False,False,K01,0.06498687664042199,K01,0.06498687664042199,State measurement and problem diagnosis,#CDD1D5
NSF,US_18097,Marion County,county_or_equivalent,IN,"Marion, IN",K05,2.0,4999.999999999829,0.0,450.99999999999,0.040000000000001375,0.0,-0.040000000000001375,0.0,9.02000000000011,2,0,222,False,False,K01,0.06498687664042199,K01,0.06498687664042199,State measurement and problem diagnosis,#CDD1D5
NSF,US_18097,Marion County,county_or_equivalent,IN,"Marion, IN",K06,2.0,4999.999999999829,0.0,41.999999999999,0.040000000000001375,0.0,-0.040000000000001375,0.0,0.8400000000000089,2,0,222,False,False,K01,0.06498687664042199,K01,0.06498687664042199,State measurement and problem diagnosis,#CDD1D5
NSF,US_18105,Monroe County,county_or_equivalent,IN,"Monroe, IN",K01,20.166666666665,4999.999999999829,2.333333333333,952.499999999969,0.4033333333333139,0.24496937882761954,-0.15836395450569435,11.5702479338836,19.050000000000036,27,4,81,False,False,K02,0.5033496332518133,K02,0.5033496332518133,Mechanism analysis and causal identification,#CDD1D5
NSF,US_18105,Monroe County,county_or_equivalent,IN,"Monroe, IN",K02,20.166666666665,4999.999999999829,14.833333333332,1635.999999999925,0.4033333333333139,0.9066829665851271,0.5033496332518133,73.55371900826393,32.71999999999962,27,20,81,False,False,K02,0.5033496332518133,K02,0.5033496332518133,Mechanism analysis and causal identification,#CDD1D5
NSF,US_18105,Monroe County,county_or_equivalent,IN,"Monroe, IN",K03,20.166666666665,4999.999999999829,0.0,489.499999999976,0.4033333333333139,0.0,-0.4033333333333139,0.0,9.789999999999857,27,0,81,False,False,K02,0.5033496332518133,K02,0.5033496332518133,Mechanism analysis and causal identification,#CDD1D5
NSF,US_18105,Monroe County,county_or_equivalent,IN,"Monroe, IN",K04,20.166666666665,4999.999999999829,2.0,1428.999999999969,0.4033333333333139,0.13995801259622417,-0.2633753207370897,9.917355371901646,28.580000000000364,27,2,81,False,False,K02,0.5033496332518133,K02,0.5033496332518133,Mechanism analysis and causal identification,#CDD1D5
NSF,US_18105,Monroe County,county_or_equivalent,IN,"Monroe, IN",K05,20.166666666665,4999.999999999829,1.0,450.99999999999,0.4033333333333139,0.22172949002217787,-0.18160384331113602,4.958677685950823,9.02000000000011,27,1,81,False,False,K02,0.5033496332518133,K02,0.5033496332518133,Mechanism analysis and causal identification,#CDD1D5
NSF,US_18105,Monroe County,county_or_equivalent,IN,"Monroe, IN",K06,20.166666666665,4999.999999999829,0.0,41.999999999999,0.4033333333333139,0.0,-0.4033333333333139,0.0,0.8400000000000089,27,0,81,False,False,K02,0.5033496332518133,K02,0.5033496332518133,Mechanism analysis and causal identification,#CDD1D5
NSF,US_18127,Porter County,county_or_equivalent,IN,"Porter, IN",K01,1.0,4999.999999999829,1.0,952.499999999969,0.020000000000000687,0.10498687664042337,0.08498687664042269,100.0,19.050000000000036,1,1,273,False,False,K01,0.08498687664042269,K01,0.08498687664042269,State measurement and problem diagnosis,#CDD1D5
NSF,US_18127,Porter County,county_or_equivalent,IN,"Porter, IN",K02,1.0,4999.999999999829,0.0,1635.999999999925,0.020000000000000687,0.0,-0.020000000000000687,0.0,32.71999999999962,1,0,273,False,False,K01,0.08498687664042269,K01,0.08498687664042269,State measurement and problem diagnosis,#CDD1D5
NSF,US_18127,Porter County,county_or_equivalent,IN,"Porter, IN",K03,1.0,4999.999999999829,0.0,489.499999999976,0.020000000000000687,0.0,-0.020000000000000687,0.0,9.789999999999857,1,0,273,False,False,K01,0.08498687664042269,K01,0.08498687664042269,State measurement and problem diagnosis,#CDD1D5
NSF,US_18127,Porter County,county_or_equivalent,IN,"Porter, IN",K04,1.0,4999.999999999829,0.0,1428.999999999969,0.020000000000000687,0.0,-0.020000000000000687,0.0,28.580000000000364,1,0,273,False,False,K01,0.08498687664042269,K01,0.08498687664042269,State measurement and problem diagnosis,#CDD1D5
NSF,US_18127,Porter County,county_or_equivalent,IN,"Porter, IN",K05,1.0,4999.999999999829,0.0,450.99999999999,0.020000000000000687,0.0,-0.020000000000000687,0.0,9.02000000000011,1,0,273,False,False,K01,0.08498687664042269,K01,0.08498687664042269,State measurement and problem diagnosis,#CDD1D5
NSF,US_18127,Porter County,county_or_equivalent,IN,"Porter, IN",K06,1.0,4999.999999999829,0.0,41.999999999999,0.020000000000000687,0.0,-0.020000000000000687,0.0,0.8400000000000089,1,0,273,False,False,K01,0.08498687664042269,K01,0.08498687664042269,State measurement and problem diagnosis,#CDD1D5
NSF,US_18141,St. Joseph County,county_or_equivalent,IN,"St. Joseph, IN",K01,29.783333333333,4999.999999999829,7.0,952.499999999969,0.5956666666666806,0.7349081364829636,0.13924146981628305,23.503077783995785,19.050000000000036,37,8,55,False,False,K06,1.7852857142857572,K03,0.5858110316649403,Scenario simulation and risk prediction,#CDD1D5
NSF,US_18141,St. Joseph County,county_or_equivalent,IN,"St. Joseph, IN",K02,29.783333333333,4999.999999999829,9.0,1635.999999999925,0.5956666666666806,0.5501222493887783,-0.04554441727790226,30.218242865137437,32.71999999999962,37,10,55,False,False,K06,1.7852857142857572,K03,0.5858110316649403,Scenario simulation and risk prediction,#CDD1D5
NSF,US_18141,St. Joseph County,county_or_equivalent,IN,"St. Joseph, IN",K03,29.783333333333,4999.999999999829,5.783333333333,489.499999999976,0.5956666666666806,1.1814776983316209,0.5858110316649403,19.41801902630016,9.789999999999857,37,9,55,False,False,K06,1.7852857142857572,K03,0.5858110316649403,Scenario simulation and risk prediction,#CDD1D5
NSF,US_18141,St. Joseph County,county_or_equivalent,IN,"St. Joseph, IN",K04,29.783333333333,4999.999999999829,6.0,1428.999999999969,0.5956666666666806,0.4198740377886725,-0.17579262887800806,20.14549524342496,28.580000000000364,37,8,55,False,False,K06,1.7852857142857572,K03,0.5858110316649403,Scenario simulation and risk prediction,#CDD1D5
NSF,US_18141,St. Joseph County,county_or_equivalent,IN,"St. Joseph, IN",K05,29.783333333333,4999.999999999829,1.0,450.99999999999,0.5956666666666806,0.22172949002217787,-0.37393717664450266,3.3575825405708266,9.02000000000011,37,1,55,False,False,K06,1.7852857142857572,K03,0.5858110316649403,Scenario simulation and risk prediction,#CDD1D5
NSF,US_18141,St. Joseph County,county_or_equivalent,IN,"St. Joseph, IN",K06,29.783333333333,4999.999999999829,1.0,41.999999999999,0.5956666666666806,2.3809523809524378,1.7852857142857572,3.3575825405708266,0.8400000000000089,37,1,55,False,False,K06,1.7852857142857572,K03,0.5858110316649403,Scenario simulation and risk prediction,#CDD1D5
NSF,US_18151,Steuben County,county_or_equivalent,IN,"Steuben, IN",K01,1.0,4999.999999999829,0.0,952.499999999969,0.020000000000000687,0.0,-0.020000000000000687,0.0,19.050000000000036,1,0,274,False,False,K05,0.2017294900221772,K05,0.2017294900221772,Planning decision support and policy design,#CDD1D5
NSF,US_18151,Steuben County,county_or_equivalent,IN,"Steuben, IN",K02,1.0,4999.999999999829,0.0,1635.999999999925,0.020000000000000687,0.0,-0.020000000000000687,0.0,32.71999999999962,1,0,274,False,False,K05,0.2017294900221772,K05,0.2017294900221772,Planning decision support and policy design,#CDD1D5
NSF,US_18151,Steuben County,county_or_equivalent,IN,"Steuben, IN",K03,1.0,4999.999999999829,0.0,489.499999999976,0.020000000000000687,0.0,-0.020000000000000687,0.0,9.789999999999857,1,0,274,False,False,K05,0.2017294900221772,K05,0.2017294900221772,Planning decision support and policy design,#CDD1D5
NSF,US_18151,Steuben County,county_or_equivalent,IN,"Steuben, IN",K04,1.0,4999.999999999829,0.0,1428.999999999969,0.020000000000000687,0.0,-0.020000000000000687,0.0,28.580000000000364,1,0,274,False,False,K05,0.2017294900221772,K05,0.2017294900221772,Planning decision support and policy design,#CDD1D5
NSF,US_18151,Steuben County,county_or_equivalent,IN,"Steuben, IN",K05,1.0,4999.999999999829,1.0,450.99999999999,0.020000000000000687,0.22172949002217787,0.2017294900221772,100.0,9.02000000000011,1,1,274,False,False,K05,0.2017294900221772,K05,0.2017294900221772,Planning decision support and policy design,#CDD1D5
NSF,US_18151,Steuben County,county_or_equivalent,IN,"Steuben, IN",K06,1.0,4999.999999999829,0.0,41.999999999999,0.020000000000000687,0.0,-0.020000000000000687,0.0,0.8400000000000089,1,0,274,False,False,K05,0.2017294900221772,K05,0.2017294900221772,Planning decision support and policy design,#CDD1D5
NSF,US_18157,Tippecanoe County,county_or_equivalent,IN,"Tippecanoe, IN",K01,50.533333333331996,4999.999999999829,9.7,952.499999999969,1.0106666666666746,1.0183727034121066,0.007706036745432021,19.195250659631114,19.050000000000036,60,12,26,False,False,K05,0.5044848484848001,K05,0.5044848484848001,Planning decision support and policy design,#CDD1D5
NSF,US_18157,Tippecanoe County,county_or_equivalent,IN,"Tippecanoe, IN",K02,50.533333333331996,4999.999999999829,11.833333333333,1635.999999999925,1.0106666666666746,0.7233088834555955,-0.2873577832110791,23.416886543535583,32.71999999999962,60,15,26,False,False,K05,0.5044848484848001,K05,0.5044848484848001,Planning decision support and policy design,#CDD1D5
NSF,US_18157,Tippecanoe County,county_or_equivalent,IN,"Tippecanoe, IN",K03,50.533333333331996,4999.999999999829,5.5,489.499999999976,1.0106666666666746,1.1235955056180327,0.11292883895135808,10.8839050131929,9.789999999999857,60,6,26,False,False,K05,0.5044848484848001,K05,0.5044848484848001,Planning decision support and policy design,#CDD1D5
NSF,US_18157,Tippecanoe County,county_or_equivalent,IN,"Tippecanoe, IN",K04,50.533333333331996,4999.999999999829,16.666666666666,1428.999999999969,1.0106666666666746,1.1663167716351546,0.15565010496847997,32.98153034300747,28.580000000000364,60,19,26,False,False,K05,0.5044848484848001,K05,0.5044848484848001,Planning decision support and policy design,#CDD1D5
NSF,US_18157,Tippecanoe County,county_or_equivalent,IN,"Tippecanoe, IN",K05,50.533333333331996,4999.999999999829,6.833333333333,450.99999999999,1.0106666666666746,1.5151515151514747,0.5044848484848001,13.522427440632942,9.02000000000011,60,8,26,False,False,K05,0.5044848484848001,K05,0.5044848484848001,Planning decision support and policy design,#CDD1D5
NSF,US_18157,Tippecanoe County,county_or_equivalent,IN,"Tippecanoe, IN",K06,50.533333333331996,4999.999999999829,0.0,41.999999999999,1.0106666666666746,0.0,-1.0106666666666746,0.0,0.8400000000000089,60,0,26,False,False,K05,0.5044848484848001,K05,0.5044848484848001,Planning decision support and policy design,#CDD1D5
NSF,US_18167,Vigo County,county_or_equivalent,IN,"Vigo, IN",K01,1.333333333333,4999.999999999829,0.0,952.499999999969,0.026666666666660916,0.0,-0.026666666666660916,0.0,19.050000000000036,2,0,248,False,False,K04,0.043312339631451174,K04,0.043312339631451174,Intervention design and performance optimization,#CDD1D5
NSF,US_18167,Vigo County,county_or_equivalent,IN,"Vigo, IN",K02,1.333333333333,4999.999999999829,0.333333333333,1635.999999999925,0.026666666666660916,0.020374898125489933,-0.006291768541170983,24.999999999981252,32.71999999999962,2,1,248,False,False,K04,0.043312339631451174,K04,0.043312339631451174,Intervention design and performance optimization,#CDD1D5
NSF,US_18167,Vigo County,county_or_equivalent,IN,"Vigo, IN",K03,1.333333333333,4999.999999999829,0.0,489.499999999976,0.026666666666660916,0.0,-0.026666666666660916,0.0,9.789999999999857,2,0,248,False,False,K04,0.043312339631451174,K04,0.043312339631451174,Intervention design and performance optimization,#CDD1D5
NSF,US_18167,Vigo County,county_or_equivalent,IN,"Vigo, IN",K04,1.333333333333,4999.999999999829,1.0,1428.999999999969,0.026666666666660916,0.06997900629811209,0.043312339631451174,75.00000000001876,28.580000000000364,2,1,248,False,False,K04,0.043312339631451174,K04,0.043312339631451174,Intervention design and performance optimization,#CDD1D5
NSF,US_18167,Vigo County,county_or_equivalent,IN,"Vigo, IN",K05,1.333333333333,4999.999999999829,0.0,450.99999999999,0.026666666666660916,0.0,-0.026666666666660916,0.0,9.02000000000011,2,0,248,False,False,K04,0.043312339631451174,K04,0.043312339631451174,Intervention design and performance optimization,#CDD1D5
NSF,US_18167,Vigo County,county_or_equivalent,IN,"Vigo, IN",K06,1.333333333333,4999.999999999829,0.0,41.999999999999,0.026666666666660916,0.0,-0.026666666666660916,0.0,0.8400000000000089,2,0,248,False,False,K04,0.043312339631451174,K04,0.043312339631451174,Intervention design and performance optimization,#CDD1D5
NSF,US_19013,Black Hawk County,county_or_equivalent,IA,"Black Hawk, IA",K01,2.25,4999.999999999829,1.0,952.499999999969,0.045000000000001546,0.10498687664042337,0.05998687664042183,44.44444444444444,19.050000000000036,3,1,211,False,False,K05,0.17672949002217633,K05,0.17672949002217633,Planning decision support and policy design,#CDD1D5
NSF,US_19013,Black Hawk County,county_or_equivalent,IA,"Black Hawk, IA",K02,2.25,4999.999999999829,0.0,1635.999999999925,0.045000000000001546,0.0,-0.045000000000001546,0.0,32.71999999999962,3,0,211,False,False,K05,0.17672949002217633,K05,0.17672949002217633,Planning decision support and policy design,#CDD1D5
NSF,US_19013,Black Hawk County,county_or_equivalent,IA,"Black Hawk, IA",K03,2.25,4999.999999999829,0.25,489.499999999976,0.045000000000001546,0.05107252298263785,0.0060725229826363025,11.11111111111111,9.789999999999857,3,1,211,False,False,K05,0.17672949002217633,K05,0.17672949002217633,Planning decision support and policy design,#CDD1D5
NSF,US_19013,Black Hawk County,county_or_equivalent,IA,"Black Hawk, IA",K04,2.25,4999.999999999829,0.0,1428.999999999969,0.045000000000001546,0.0,-0.045000000000001546,0.0,28.580000000000364,3,0,211,False,False,K05,0.17672949002217633,K05,0.17672949002217633,Planning decision support and policy design,#CDD1D5
NSF,US_19013,Black Hawk County,county_or_equivalent,IA,"Black Hawk, IA",K05,2.25,4999.999999999829,1.0,450.99999999999,0.045000000000001546,0.22172949002217787,0.17672949002217633,44.44444444444444,9.02000000000011,3,1,211,False,False,K05,0.17672949002217633,K05,0.17672949002217633,Planning decision support and policy design,#CDD1D5
NSF,US_19013,Black Hawk County,county_or_equivalent,IA,"Black Hawk, IA",K06,2.25,4999.999999999829,0.0,41.999999999999,0.045000000000001546,0.0,-0.045000000000001546,0.0,0.8400000000000089,3,0,211,False,False,K05,0.17672949002217633,K05,0.17672949002217633,Planning decision support and policy design,#CDD1D5
NSF,US_19103,Johnson County,county_or_equivalent,IA,"Johnson, IA",K01,16.583333333332,4999.999999999829,5.499999999999,952.499999999969,0.3316666666666514,0.5774278215222235,0.2457611548555721,33.165829145725276,19.050000000000036,22,9,92,False,False,K01,0.2457611548555721,K01,0.2457611548555721,State measurement and problem diagnosis,#CDD1D5
NSF,US_19103,Johnson County,county_or_equivalent,IA,"Johnson, IA",K02,16.583333333332,4999.999999999829,5.333333333333,1635.999999999925,0.3316666666666514,0.3259983700081445,-0.005668296658506877,32.160804020101075,32.71999999999962,22,6,92,False,False,K01,0.2457611548555721,K01,0.2457611548555721,State measurement and problem diagnosis,#CDD1D5
NSF,US_19103,Johnson County,county_or_equivalent,IA,"Johnson, IA",K03,16.583333333332,4999.999999999829,1.5,489.499999999976,0.3316666666666514,0.30643513789582705,-0.025231528770824352,9.045226130653994,9.789999999999857,22,2,92,False,False,K01,0.2457611548555721,K01,0.2457611548555721,State measurement and problem diagnosis,#CDD1D5
NSF,US_19103,Johnson County,county_or_equivalent,IA,"Johnson, IA",K04,16.583333333332,4999.999999999829,3.25,1428.999999999969,0.3316666666666514,0.22743177046886426,-0.10423489619778714,19.59798994975032,28.580000000000364,22,4,92,False,False,K01,0.2457611548555721,K01,0.2457611548555721,State measurement and problem diagnosis,#CDD1D5
NSF,US_19103,Johnson County,county_or_equivalent,IA,"Johnson, IA",K05,16.583333333332,4999.999999999829,1.0,450.99999999999,0.3316666666666514,0.22172949002217787,-0.10993717664447353,6.0301507537693295,9.02000000000011,22,1,92,False,False,K01,0.2457611548555721,K01,0.2457611548555721,State measurement and problem diagnosis,#CDD1D5
NSF,US_19103,Johnson County,county_or_equivalent,IA,"Johnson, IA",K06,16.583333333332,4999.999999999829,0.0,41.999999999999,0.3316666666666514,0.0,-0.3316666666666514,0.0,0.8400000000000089,22,0,92,False,False,K01,0.2457611548555721,K01,0.2457611548555721,State measurement and problem diagnosis,#CDD1D5
NSF,US_19113,Linn County,county_or_equivalent,IA,"Linn, IA",K01,0.25,4999.999999999829,0.25,952.499999999969,0.005000000000000172,0.026246719160105843,0.021246719160105672,100.0,19.050000000000036,1,1,347,False,False,K01,0.021246719160105672,K01,0.021246719160105672,State measurement and problem diagnosis,#CDD1D5
NSF,US_19113,Linn County,county_or_equivalent,IA,"Linn, IA",K02,0.25,4999.999999999829,0.0,1635.999999999925,0.005000000000000172,0.0,-0.005000000000000172,0.0,32.71999999999962,1,0,347,False,False,K01,0.021246719160105672,K01,0.021246719160105672,State measurement and problem diagnosis,#CDD1D5
NSF,US_19113,Linn County,county_or_equivalent,IA,"Linn, IA",K03,0.25,4999.999999999829,0.0,489.499999999976,0.005000000000000172,0.0,-0.005000000000000172,0.0,9.789999999999857,1,0,347,False,False,K01,0.021246719160105672,K01,0.021246719160105672,State measurement and problem diagnosis,#CDD1D5
NSF,US_19113,Linn County,county_or_equivalent,IA,"Linn, IA",K04,0.25,4999.999999999829,0.0,1428.999999999969,0.005000000000000172,0.0,-0.005000000000000172,0.0,28.580000000000364,1,0,347,False,False,K01,0.021246719160105672,K01,0.021246719160105672,State measurement and problem diagnosis,#CDD1D5
NSF,US_19113,Linn County,county_or_equivalent,IA,"Linn, IA",K05,0.25,4999.999999999829,0.0,450.99999999999,0.005000000000000172,0.0,-0.005000000000000172,0.0,9.02000000000011,1,0,347,False,False,K01,0.021246719160105672,K01,0.021246719160105672,State measurement and problem diagnosis,#CDD1D5
NSF,US_19113,Linn County,county_or_equivalent,IA,"Linn, IA",K06,0.25,4999.999999999829,0.0,41.999999999999,0.005000000000000172,0.0,-0.005000000000000172,0.0,0.8400000000000089,1,0,347,False,False,K01,0.021246719160105672,K01,0.021246719160105672,State measurement and problem diagnosis,#CDD1D5
NSF,US_19169,Story County,county_or_equivalent,IA,"Story, IA",K01,47.666666666664995,4999.999999999829,6.333333333333,952.499999999969,0.9533333333333327,0.6649168853893129,-0.28841644794401977,13.286713286713052,19.050000000000036,55,9,29,False,False,K04,0.6853417308140786,K04,0.6853417308140786,Intervention design and performance optimization,#CDD1D5
NSF,US_19169,Story County,county_or_equivalent,IA,"Story, IA",K02,47.666666666664995,4999.999999999829,8.666666666666,1635.999999999925,0.9533333333333327,0.5297473512632273,-0.42358598207010545,18.18181818181742,32.71999999999962,55,10,29,False,False,K04,0.6853417308140786,K04,0.6853417308140786,Intervention design and performance optimization,#CDD1D5
NSF,US_19169,Story County,county_or_equivalent,IA,"Story, IA",K03,47.666666666664995,4999.999999999829,4.25,489.499999999976,0.9533333333333327,0.8682328907048433,-0.08510044262848937,8.91608391608423,9.789999999999857,55,5,29,False,False,K04,0.6853417308140786,K04,0.6853417308140786,Intervention design and performance optimization,#CDD1D5
NSF,US_19169,Story County,county_or_equivalent,IA,"Story, IA",K04,47.666666666664995,4999.999999999829,23.416666666666,1428.999999999969,0.9533333333333327,1.6386750641474113,0.6853417308140786,49.125874125874454,28.580000000000364,55,26,29,False,False,K04,0.6853417308140786,K04,0.6853417308140786,Intervention design and performance optimization,#CDD1D5
NSF,US_19169,Story County,county_or_equivalent,IA,"Story, IA",K05,47.666666666664995,4999.999999999829,5.0,450.99999999999,0.9533333333333327,1.1086474501108894,0.1553141167775567,10.489510489510858,9.02000000000011,55,5,29,False,False,K04,0.6853417308140786,K04,0.6853417308140786,Intervention design and performance optimization,#CDD1D5
NSF,US_19169,Story County,county_or_equivalent,IA,"Story, IA",K06,47.666666666664995,4999.999999999829,0.0,41.999999999999,0.9533333333333327,0.0,-0.9533333333333327,0.0,0.8400000000000089,55,0,29,False,False,K04,0.6853417308140786,K04,0.6853417308140786,Intervention design and performance optimization,#CDD1D5
NSF,US_20045,Douglas County,county_or_equivalent,KS,"Douglas, KS",K01,21.499999999998998,4999.999999999829,5.5,952.499999999969,0.4299999999999948,0.5774278215223285,0.14742782152233375,25.581395348838402,19.050000000000036,27,6,76,False,False,K01,0.14742782152233375,K01,0.14742782152233375,State measurement and problem diagnosis,#CDD1D5
NSF,US_20045,Douglas County,county_or_equivalent,KS,"Douglas, KS",K02,21.499999999998998,4999.999999999829,8.499999999999,1635.999999999925,0.4299999999999948,0.5195599022004517,0.0895599022004569,39.534883720927425,32.71999999999962,27,13,76,False,False,K01,0.14742782152233375,K01,0.14742782152233375,State measurement and problem diagnosis,#CDD1D5
NSF,US_20045,Douglas County,county_or_equivalent,KS,"Douglas, KS",K03,21.499999999998998,4999.999999999829,0.5,489.499999999976,0.4299999999999948,0.1021450459652757,-0.3278549540347191,2.3255813953489457,9.789999999999857,27,1,76,False,False,K01,0.14742782152233375,K01,0.14742782152233375,State measurement and problem diagnosis,#CDD1D5
NSF,US_20045,Douglas County,county_or_equivalent,KS,"Douglas, KS",K04,21.499999999998998,4999.999999999829,6.0,1428.999999999969,0.4299999999999948,0.4198740377886725,-0.010125962211322281,27.906976744187347,28.580000000000364,27,6,76,False,False,K01,0.14742782152233375,K01,0.14742782152233375,State measurement and problem diagnosis,#CDD1D5
NSF,US_20045,Douglas County,county_or_equivalent,KS,"Douglas, KS",K05,21.499999999998998,4999.999999999829,1.0,450.99999999999,0.4299999999999948,0.22172949002217787,-0.2082705099778169,4.651162790697891,9.02000000000011,27,1,76,False,False,K01,0.14742782152233375,K01,0.14742782152233375,State measurement and problem diagnosis,#CDD1D5
NSF,US_20045,Douglas County,county_or_equivalent,KS,"Douglas, KS",K06,21.499999999998998,4999.999999999829,0.0,41.999999999999,0.4299999999999948,0.0,-0.4299999999999948,0.0,0.8400000000000089,27,0,76,False,False,K01,0.14742782152233375,K01,0.14742782152233375,State measurement and problem diagnosis,#CDD1D5
NSF,US_20161,Riley County,county_or_equivalent,KS,"Riley, KS",K01,18.699999999999,4999.999999999829,4.0,952.499999999969,0.3739999999999929,0.4199475065616935,0.0459475065617006,21.390374331551946,19.050000000000036,24,4,84,False,False,K04,0.13917937951947235,K04,0.13917937951947235,Intervention design and performance optimization,#CDD1D5
NSF,US_20161,Riley County,county_or_equivalent,KS,"Riley, KS",K02,18.699999999999,4999.999999999829,4.366666666666,1635.999999999925,0.3739999999999929,0.2669111654441443,-0.10708883455584861,23.351158645273976,32.71999999999962,24,8,84,False,False,K04,0.13917937951947235,K04,0.13917937951947235,Intervention design and performance optimization,#CDD1D5
NSF,US_20161,Riley County,county_or_equivalent,KS,"Riley, KS",K03,18.699999999999,4999.999999999829,1.0,489.499999999976,0.3739999999999929,0.2042900919305514,-0.1697099080694415,5.347593582887987,9.789999999999857,24,1,84,False,False,K04,0.13917937951947235,K04,0.13917937951947235,Intervention design and performance optimization,#CDD1D5
NSF,US_20161,Riley County,county_or_equivalent,KS,"Riley, KS",K04,18.699999999999,4999.999999999829,7.333333333333,1428.999999999969,0.3739999999999929,0.5131793795194652,0.13917937951947235,39.21568627451011,28.580000000000364,24,9,84,False,False,K04,0.13917937951947235,K04,0.13917937951947235,Intervention design and performance optimization,#CDD1D5
NSF,US_20161,Riley County,county_or_equivalent,KS,"Riley, KS",K05,18.699999999999,4999.999999999829,2.0,450.99999999999,0.3739999999999929,0.44345898004435574,0.06945898004436285,10.695187165775973,9.02000000000011,24,2,84,False,False,K04,0.13917937951947235,K04,0.13917937951947235,Intervention design and performance optimization,#CDD1D5
NSF,US_20161,Riley County,county_or_equivalent,KS,"Riley, KS",K06,18.699999999999,4999.999999999829,0.0,41.999999999999,0.3739999999999929,0.0,-0.3739999999999929,0.0,0.8400000000000089,24,0,84,False,False,K04,0.13917937951947235,K04,0.13917937951947235,Intervention design and performance optimization,#CDD1D5
NSF,US_20173,Sedgwick County,county_or_equivalent,KS,"Sedgwick, KS",K01,2.5,4999.999999999829,0.0,952.499999999969,0.05000000000000172,0.0,-0.05000000000000172,0.0,19.050000000000036,3,0,202,False,False,K04,0.12494751574527849,K04,0.12494751574527849,Intervention design and performance optimization,#CDD1D5
NSF,US_20173,Sedgwick County,county_or_equivalent,KS,"Sedgwick, KS",K02,2.5,4999.999999999829,0.0,1635.999999999925,0.05000000000000172,0.0,-0.05000000000000172,0.0,32.71999999999962,3,0,202,False,False,K04,0.12494751574527849,K04,0.12494751574527849,Intervention design and performance optimization,#CDD1D5
NSF,US_20173,Sedgwick County,county_or_equivalent,KS,"Sedgwick, KS",K03,2.5,4999.999999999829,0.0,489.499999999976,0.05000000000000172,0.0,-0.05000000000000172,0.0,9.789999999999857,3,0,202,False,False,K04,0.12494751574527849,K04,0.12494751574527849,Intervention design and performance optimization,#CDD1D5
NSF,US_20173,Sedgwick County,county_or_equivalent,KS,"Sedgwick, KS",K04,2.5,4999.999999999829,2.5,1428.999999999969,0.05000000000000172,0.1749475157452802,0.12494751574527849,100.0,28.580000000000364,3,3,202,False,False,K04,0.12494751574527849,K04,0.12494751574527849,Intervention design and performance optimization,#CDD1D5
NSF,US_20173,Sedgwick County,county_or_equivalent,KS,"Sedgwick, KS",K05,2.5,4999.999999999829,0.0,450.99999999999,0.05000000000000172,0.0,-0.05000000000000172,0.0,9.02000000000011,3,0,202,False,False,K04,0.12494751574527849,K04,0.12494751574527849,Intervention design and performance optimization,#CDD1D5
NSF,US_20173,Sedgwick County,county_or_equivalent,KS,"Sedgwick, KS",K06,2.5,4999.999999999829,0.0,41.999999999999,0.05000000000000172,0.0,-0.05000000000000172,0.0,0.8400000000000089,3,0,202,False,False,K04,0.12494751574527849,K04,0.12494751574527849,Intervention design and performance optimization,#CDD1D5
NSF,US_21067,Fayette County,county_or_equivalent,KY,"Fayette, KY",K01,14.333333333333,4999.999999999829,3.333333333333,952.499999999969,0.28666666666666984,0.3499562554680429,0.06328958880137303,23.255813953486587,19.050000000000036,15,4,102,False,False,K01,0.06328958880137303,K01,0.06328958880137303,State measurement and problem diagnosis,#CDD1D5
NSF,US_21067,Fayette County,county_or_equivalent,KY,"Fayette, KY",K02,14.333333333333,4999.999999999829,5.0,1635.999999999925,0.28666666666666984,0.3056234718826546,0.01895680521598475,34.883720930233366,32.71999999999962,15,5,102,False,False,K01,0.06328958880137303,K01,0.06328958880137303,State measurement and problem diagnosis,#CDD1D5
NSF,US_21067,Fayette County,county_or_equivalent,KY,"Fayette, KY",K03,14.333333333333,4999.999999999829,0.0,489.499999999976,0.28666666666666984,0.0,-0.28666666666666984,0.0,9.789999999999857,15,0,102,False,False,K01,0.06328958880137303,K01,0.06328958880137303,State measurement and problem diagnosis,#CDD1D5
NSF,US_21067,Fayette County,county_or_equivalent,KY,"Fayette, KY",K04,14.333333333333,4999.999999999829,5.0,1428.999999999969,0.28666666666666984,0.3498950314905604,0.06322836482389055,34.883720930233366,28.580000000000364,15,5,102,False,False,K01,0.06328958880137303,K01,0.06328958880137303,State measurement and problem diagnosis,#CDD1D5
NSF,US_21067,Fayette County,county_or_equivalent,KY,"Fayette, KY",K05,14.333333333333,4999.999999999829,1.0,450.99999999999,0.28666666666666984,0.22172949002217787,-0.06493717664449197,6.976744186046674,9.02000000000011,15,1,102,False,False,K01,0.06328958880137303,K01,0.06328958880137303,State measurement and problem diagnosis,#CDD1D5
NSF,US_21067,Fayette County,county_or_equivalent,KY,"Fayette, KY",K06,14.333333333333,4999.999999999829,0.0,41.999999999999,0.28666666666666984,0.0,-0.28666666666666984,0.0,0.8400000000000089,15,0,102,False,False,K01,0.06328958880137303,K01,0.06328958880137303,State measurement and problem diagnosis,#CDD1D5
NSF,US_21111,Jefferson County,county_or_equivalent,KY,"Jefferson, KY",K01,8.0,4999.999999999829,0.0,952.499999999969,0.1600000000000055,0.0,-0.1600000000000055,0.0,19.050000000000036,8,0,141,False,False,K05,0.2834589800443502,K05,0.2834589800443502,Planning decision support and policy design,#CDD1D5
NSF,US_21111,Jefferson County,county_or_equivalent,KY,"Jefferson, KY",K02,8.0,4999.999999999829,3.0,1635.999999999925,0.1600000000000055,0.18337408312959277,0.023374083129587275,37.5,32.71999999999962,8,3,141,False,False,K05,0.2834589800443502,K05,0.2834589800443502,Planning decision support and policy design,#CDD1D5
NSF,US_21111,Jefferson County,county_or_equivalent,KY,"Jefferson, KY",K03,8.0,4999.999999999829,0.0,489.499999999976,0.1600000000000055,0.0,-0.1600000000000055,0.0,9.789999999999857,8,0,141,False,False,K05,0.2834589800443502,K05,0.2834589800443502,Planning decision support and policy design,#CDD1D5
NSF,US_21111,Jefferson County,county_or_equivalent,KY,"Jefferson, KY",K04,8.0,4999.999999999829,3.0,1428.999999999969,0.1600000000000055,0.20993701889433625,0.04993701889433075,37.5,28.580000000000364,8,3,141,False,False,K05,0.2834589800443502,K05,0.2834589800443502,Planning decision support and policy design,#CDD1D5
NSF,US_21111,Jefferson County,county_or_equivalent,KY,"Jefferson, KY",K05,8.0,4999.999999999829,2.0,450.99999999999,0.1600000000000055,0.44345898004435574,0.2834589800443502,25.0,9.02000000000011,8,2,141,False,False,K05,0.2834589800443502,K05,0.2834589800443502,Planning decision support and policy design,#CDD1D5
NSF,US_21111,Jefferson County,county_or_equivalent,KY,"Jefferson, KY",K06,8.0,4999.999999999829,0.0,41.999999999999,0.1600000000000055,0.0,-0.1600000000000055,0.0,0.8400000000000089,8,0,141,False,False,K05,0.2834589800443502,K05,0.2834589800443502,Planning decision support and policy design,#CDD1D5
NSF,US_21227,Warren County,county_or_equivalent,KY,"Warren, KY",K01,0.25,4999.999999999829,0.0,952.499999999969,0.005000000000000172,0.0,-0.005000000000000172,0.0,19.050000000000036,1,0,348,False,False,K02,0.010281173594132557,K02,0.010281173594132557,Mechanism analysis and causal identification,#CDD1D5
NSF,US_21227,Warren County,county_or_equivalent,KY,"Warren, KY",K02,0.25,4999.999999999829,0.25,1635.999999999925,0.005000000000000172,0.01528117359413273,0.010281173594132557,100.0,32.71999999999962,1,1,348,False,False,K02,0.010281173594132557,K02,0.010281173594132557,Mechanism analysis and causal identification,#CDD1D5
NSF,US_21227,Warren County,county_or_equivalent,KY,"Warren, KY",K03,0.25,4999.999999999829,0.0,489.499999999976,0.005000000000000172,0.0,-0.005000000000000172,0.0,9.789999999999857,1,0,348,False,False,K02,0.010281173594132557,K02,0.010281173594132557,Mechanism analysis and causal identification,#CDD1D5
NSF,US_21227,Warren County,county_or_equivalent,KY,"Warren, KY",K04,0.25,4999.999999999829,0.0,1428.999999999969,0.005000000000000172,0.0,-0.005000000000000172,0.0,28.580000000000364,1,0,348,False,False,K02,0.010281173594132557,K02,0.010281173594132557,Mechanism analysis and causal identification,#CDD1D5
NSF,US_21227,Warren County,county_or_equivalent,KY,"Warren, KY",K05,0.25,4999.999999999829,0.0,450.99999999999,0.005000000000000172,0.0,-0.005000000000000172,0.0,9.02000000000011,1,0,348,False,False,K02,0.010281173594132557,K02,0.010281173594132557,Mechanism analysis and causal identification,#CDD1D5
NSF,US_21227,Warren County,county_or_equivalent,KY,"Warren, KY",K06,0.25,4999.999999999829,0.0,41.999999999999,0.005000000000000172,0.0,-0.005000000000000172,0.0,0.8400000000000089,1,0,348,False,False,K02,0.010281173594132557,K02,0.010281173594132557,Mechanism analysis and causal identification,#CDD1D5
NSF,US_22033,East Baton Rouge Parish,county_or_equivalent,LA,"East Baton Rouge Parish, LA",K01,35.333333333333,4999.999999999829,9.0,952.499999999969,0.7066666666666843,0.9448818897638103,0.23821522309712595,25.471698113207786,19.050000000000036,43,10,39,False,False,K01,0.23821522309712595,K01,0.23821522309712595,State measurement and problem diagnosis,#CDD1D5
NSF,US_22033,East Baton Rouge Parish,county_or_equivalent,LA,"East Baton Rouge Parish, LA",K02,35.333333333333,4999.999999999829,9.833333333333,1635.999999999925,0.7066666666666843,0.6010594947025336,-0.1056071719641507,27.8301886792446,32.71999999999962,43,12,39,False,False,K01,0.23821522309712595,K01,0.23821522309712595,State measurement and problem diagnosis,#CDD1D5
NSF,US_22033,East Baton Rouge Parish,county_or_equivalent,LA,"East Baton Rouge Parish, LA",K03,35.333333333333,4999.999999999829,4.0,489.499999999976,0.7066666666666843,0.8171603677222056,0.11049370105552125,11.320754716981238,9.789999999999857,43,8,39,False,False,K01,0.23821522309712595,K01,0.23821522309712595,State measurement and problem diagnosis,#CDD1D5
NSF,US_22033,East Baton Rouge Parish,county_or_equivalent,LA,"East Baton Rouge Parish, LA",K04,35.333333333333,4999.999999999829,10.0,1428.999999999969,0.7066666666666843,0.6997900629811208,-0.0068766036855635315,28.301886792453097,28.580000000000364,43,10,39,False,False,K01,0.23821522309712595,K01,0.23821522309712595,State measurement and problem diagnosis,#CDD1D5
NSF,US_22033,East Baton Rouge Parish,county_or_equivalent,LA,"East Baton Rouge Parish, LA",K05,35.333333333333,4999.999999999829,2.5,450.99999999999,0.7066666666666843,0.5543237250554447,-0.15234294161123962,7.075471698113274,9.02000000000011,43,3,39,False,False,K01,0.23821522309712595,K01,0.23821522309712595,State measurement and problem diagnosis,#CDD1D5
NSF,US_22033,East Baton Rouge Parish,county_or_equivalent,LA,"East Baton Rouge Parish, LA",K06,35.333333333333,4999.999999999829,0.0,41.999999999999,0.7066666666666843,0.0,-0.7066666666666843,0.0,0.8400000000000089,43,0,39,False,False,K01,0.23821522309712595,K01,0.23821522309712595,State measurement and problem diagnosis,#CDD1D5
NSF,US_22055,Lafayette Parish,county_or_equivalent,LA,"Lafayette Parish, LA",K01,8.916666666666,4999.999999999829,3.0,952.499999999969,0.17833333333332613,0.3149606299212701,0.13662729658794398,33.644859813086626,19.050000000000036,11,3,134,False,False,K01,0.13662729658794398,K01,0.13662729658794398,State measurement and problem diagnosis,#CDD1D5
NSF,US_22055,Lafayette Parish,county_or_equivalent,LA,"Lafayette Parish, LA",K02,8.916666666666,4999.999999999829,1.916666666666,1635.999999999925,0.17833333333332613,0.11715566422164352,-0.06117766911168261,21.49532710279787,32.71999999999962,11,4,134,False,False,K01,0.13662729658794398,K01,0.13662729658794398,State measurement and problem diagnosis,#CDD1D5
NSF,US_22055,Lafayette Parish,county_or_equivalent,LA,"Lafayette Parish, LA",K03,8.916666666666,4999.999999999829,0.0,489.499999999976,0.17833333333332613,0.0,-0.17833333333332613,0.0,9.789999999999857,11,0,134,False,False,K01,0.13662729658794398,K01,0.13662729658794398,State measurement and problem diagnosis,#CDD1D5
NSF,US_22055,Lafayette Parish,county_or_equivalent,LA,"Lafayette Parish, LA",K04,8.916666666666,4999.999999999829,3.0,1428.999999999969,0.17833333333332613,0.20993701889433625,0.03160368556101012,33.644859813086626,28.580000000000364,11,3,134,False,False,K01,0.13662729658794398,K01,0.13662729658794398,State measurement and problem diagnosis,#CDD1D5
NSF,US_22055,Lafayette Parish,county_or_equivalent,LA,"Lafayette Parish, LA",K05,8.916666666666,4999.999999999829,1.0,450.99999999999,0.17833333333332613,0.22172949002217787,0.043396156688851745,11.214953271028875,9.02000000000011,11,1,134,False,False,K01,0.13662729658794398,K01,0.13662729658794398,State measurement and problem diagnosis,#CDD1D5
NSF,US_22055,Lafayette Parish,county_or_equivalent,LA,"Lafayette Parish, LA",K06,8.916666666666,4999.999999999829,0.0,41.999999999999,0.17833333333332613,0.0,-0.17833333333332613,0.0,0.8400000000000089,11,0,134,False,False,K01,0.13662729658794398,K01,0.13662729658794398,State measurement and problem diagnosis,#CDD1D5
NSF,US_22071,Orleans Parish,county_or_equivalent,LA,"Orleans Parish, LA",K01,13.499999999999,4999.999999999829,5.333333333333,952.499999999969,0.26999999999998925,0.5599300087488895,0.2899300087489003,39.506172839506625,19.050000000000036,19,8,105,False,False,K03,0.3088219271365049,K03,0.3088219271365049,Scenario simulation and risk prediction,#CDD1D5
NSF,US_22071,Orleans Parish,county_or_equivalent,LA,"Orleans Parish, LA",K02,13.499999999999,4999.999999999829,3.0,1635.999999999925,0.26999999999998925,0.18337408312959277,-0.08662591687039647,22.22222222222387,32.71999999999962,19,4,105,False,False,K03,0.3088219271365049,K03,0.3088219271365049,Scenario simulation and risk prediction,#CDD1D5
NSF,US_22071,Orleans Parish,county_or_equivalent,LA,"Orleans Parish, LA",K03,13.499999999999,4999.999999999829,2.833333333333,489.499999999976,0.26999999999998925,0.5788219271364942,0.3088219271365049,20.98765432098674,9.789999999999857,19,4,105,False,False,K03,0.3088219271365049,K03,0.3088219271365049,Scenario simulation and risk prediction,#CDD1D5
NSF,US_22071,Orleans Parish,county_or_equivalent,LA,"Orleans Parish, LA",K04,13.499999999999,4999.999999999829,2.333333333333,1428.999999999969,0.26999999999998925,0.16328434802890487,-0.10671565197108437,17.283950617282763,28.580000000000364,19,3,105,False,False,K03,0.3088219271365049,K03,0.3088219271365049,Scenario simulation and risk prediction,#CDD1D5
NSF,US_22071,Orleans Parish,county_or_equivalent,LA,"Orleans Parish, LA",K05,13.499999999999,4999.999999999829,0.0,450.99999999999,0.26999999999998925,0.0,-0.26999999999998925,0.0,9.02000000000011,19,0,105,False,False,K03,0.3088219271365049,K03,0.3088219271365049,Scenario simulation and risk prediction,#CDD1D5
NSF,US_22071,Orleans Parish,county_or_equivalent,LA,"Orleans Parish, LA",K06,13.499999999999,4999.999999999829,0.0,41.999999999999,0.26999999999998925,0.0,-0.26999999999998925,0.0,0.8400000000000089,19,0,105,False,False,K03,0.3088219271365049,K03,0.3088219271365049,Scenario simulation and risk prediction,#CDD1D5
NSF,US_22109,Terrebonne Parish,county_or_equivalent,LA,"Terrebonne Parish, LA",K01,3.0,4999.999999999829,0.0,952.499999999969,0.060000000000002066,0.0,-0.060000000000002066,0.0,19.050000000000036,3,0,191,False,False,K02,0.06224938875305977,K02,0.06224938875305977,Mechanism analysis and causal identification,#CDD1D5
NSF,US_22109,Terrebonne Parish,county_or_equivalent,LA,"Terrebonne Parish, LA",K02,3.0,4999.999999999829,2.0,1635.999999999925,0.060000000000002066,0.12224938875306184,0.06224938875305977,66.66666666666667,32.71999999999962,3,2,191,False,False,K02,0.06224938875305977,K02,0.06224938875305977,Mechanism analysis and causal identification,#CDD1D5
NSF,US_22109,Terrebonne Parish,county_or_equivalent,LA,"Terrebonne Parish, LA",K03,3.0,4999.999999999829,0.0,489.499999999976,0.060000000000002066,0.0,-0.060000000000002066,0.0,9.789999999999857,3,0,191,False,False,K02,0.06224938875305977,K02,0.06224938875305977,Mechanism analysis and causal identification,#CDD1D5
NSF,US_22109,Terrebonne Parish,county_or_equivalent,LA,"Terrebonne Parish, LA",K04,3.0,4999.999999999829,1.0,1428.999999999969,0.060000000000002066,0.06997900629811209,0.009979006298110021,33.333333333333336,28.580000000000364,3,1,191,False,False,K02,0.06224938875305977,K02,0.06224938875305977,Mechanism analysis and causal identification,#CDD1D5
NSF,US_22109,Terrebonne Parish,county_or_equivalent,LA,"Terrebonne Parish, LA",K05,3.0,4999.999999999829,0.0,450.99999999999,0.060000000000002066,0.0,-0.060000000000002066,0.0,9.02000000000011,3,0,191,False,False,K02,0.06224938875305977,K02,0.06224938875305977,Mechanism analysis and causal identification,#CDD1D5
NSF,US_22109,Terrebonne Parish,county_or_equivalent,LA,"Terrebonne Parish, LA",K06,3.0,4999.999999999829,0.0,41.999999999999,0.060000000000002066,0.0,-0.060000000000002066,0.0,0.8400000000000089,3,0,191,False,False,K02,0.06224938875305977,K02,0.06224938875305977,Mechanism analysis and causal identification,#CDD1D5
NSF,US_23001,Androscoggin County,county_or_equivalent,ME,"Androscoggin, ME",K01,1.0,4999.999999999829,0.0,952.499999999969,0.020000000000000687,0.0,-0.020000000000000687,0.0,19.050000000000036,2,0,275,False,False,K02,0.04112469437653023,K02,0.04112469437653023,Mechanism analysis and causal identification,#CDD1D5
NSF,US_23001,Androscoggin County,county_or_equivalent,ME,"Androscoggin, ME",K02,1.0,4999.999999999829,1.0,1635.999999999925,0.020000000000000687,0.06112469437653092,0.04112469437653023,100.0,32.71999999999962,2,2,275,False,False,K02,0.04112469437653023,K02,0.04112469437653023,Mechanism analysis and causal identification,#CDD1D5
NSF,US_23001,Androscoggin County,county_or_equivalent,ME,"Androscoggin, ME",K03,1.0,4999.999999999829,0.0,489.499999999976,0.020000000000000687,0.0,-0.020000000000000687,0.0,9.789999999999857,2,0,275,False,False,K02,0.04112469437653023,K02,0.04112469437653023,Mechanism analysis and causal identification,#CDD1D5
NSF,US_23001,Androscoggin County,county_or_equivalent,ME,"Androscoggin, ME",K04,1.0,4999.999999999829,0.0,1428.999999999969,0.020000000000000687,0.0,-0.020000000000000687,0.0,28.580000000000364,2,0,275,False,False,K02,0.04112469437653023,K02,0.04112469437653023,Mechanism analysis and causal identification,#CDD1D5
NSF,US_23001,Androscoggin County,county_or_equivalent,ME,"Androscoggin, ME",K05,1.0,4999.999999999829,0.0,450.99999999999,0.020000000000000687,0.0,-0.020000000000000687,0.0,9.02000000000011,2,0,275,False,False,K02,0.04112469437653023,K02,0.04112469437653023,Mechanism analysis and causal identification,#CDD1D5
NSF,US_23001,Androscoggin County,county_or_equivalent,ME,"Androscoggin, ME",K06,1.0,4999.999999999829,0.0,41.999999999999,0.020000000000000687,0.0,-0.020000000000000687,0.0,0.8400000000000089,2,0,275,False,False,K02,0.04112469437653023,K02,0.04112469437653023,Mechanism analysis and causal identification,#CDD1D5
NSF,US_23005,Cumberland County,county_or_equivalent,ME,"Cumberland, ME",K01,5.333333333333,4999.999999999829,0.0,952.499999999969,0.10666666666666366,0.0,-0.10666666666666366,0.0,19.050000000000036,6,0,153,False,False,K03,0.7104937010555419,K03,0.7104937010555419,Scenario simulation and risk prediction,#CDD1D5
NSF,US_23005,Cumberland County,county_or_equivalent,ME,"Cumberland, ME",K02,5.333333333333,4999.999999999829,0.333333333333,1635.999999999925,0.10666666666666366,0.020374898125489933,-0.08629176854117374,6.249999999994142,32.71999999999962,6,1,153,False,False,K03,0.7104937010555419,K03,0.7104937010555419,Scenario simulation and risk prediction,#CDD1D5
NSF,US_23005,Cumberland County,county_or_equivalent,ME,"Cumberland, ME",K03,5.333333333333,4999.999999999829,4.0,489.499999999976,0.10666666666666366,0.8171603677222056,0.7104937010555419,75.00000000000469,9.789999999999857,6,4,153,False,False,K03,0.7104937010555419,K03,0.7104937010555419,Scenario simulation and risk prediction,#CDD1D5
NSF,US_23005,Cumberland County,county_or_equivalent,ME,"Cumberland, ME",K04,5.333333333333,4999.999999999829,0.0,1428.999999999969,0.10666666666666366,0.0,-0.10666666666666366,0.0,28.580000000000364,6,0,153,False,False,K03,0.7104937010555419,K03,0.7104937010555419,Scenario simulation and risk prediction,#CDD1D5
NSF,US_23005,Cumberland County,county_or_equivalent,ME,"Cumberland, ME",K05,5.333333333333,4999.999999999829,1.0,450.99999999999,0.10666666666666366,0.22172949002217787,0.11506282335551421,18.750000000001172,9.02000000000011,6,1,153,False,False,K03,0.7104937010555419,K03,0.7104937010555419,Scenario simulation and risk prediction,#CDD1D5
NSF,US_23005,Cumberland County,county_or_equivalent,ME,"Cumberland, ME",K06,5.333333333333,4999.999999999829,0.0,41.999999999999,0.10666666666666366,0.0,-0.10666666666666366,0.0,0.8400000000000089,6,0,153,False,False,K03,0.7104937010555419,K03,0.7104937010555419,Scenario simulation and risk prediction,#CDD1D5
NSF,US_23011,Kennebec County,county_or_equivalent,ME,"Kennebec, ME",K01,2.0,4999.999999999829,0.0,952.499999999969,0.040000000000001375,0.0,-0.040000000000001375,0.0,19.050000000000036,2,0,223,False,False,K03,0.16429009193055003,K03,0.16429009193055003,Scenario simulation and risk prediction,#CDD1D5
NSF,US_23011,Kennebec County,county_or_equivalent,ME,"Kennebec, ME",K02,2.0,4999.999999999829,1.0,1635.999999999925,0.040000000000001375,0.06112469437653092,0.021124694376529543,50.0,32.71999999999962,2,1,223,False,False,K03,0.16429009193055003,K03,0.16429009193055003,Scenario simulation and risk prediction,#CDD1D5
NSF,US_23011,Kennebec County,county_or_equivalent,ME,"Kennebec, ME",K03,2.0,4999.999999999829,1.0,489.499999999976,0.040000000000001375,0.2042900919305514,0.16429009193055003,50.0,9.789999999999857,2,1,223,False,False,K03,0.16429009193055003,K03,0.16429009193055003,Scenario simulation and risk prediction,#CDD1D5
NSF,US_23011,Kennebec County,county_or_equivalent,ME,"Kennebec, ME",K04,2.0,4999.999999999829,0.0,1428.999999999969,0.040000000000001375,0.0,-0.040000000000001375,0.0,28.580000000000364,2,0,223,False,False,K03,0.16429009193055003,K03,0.16429009193055003,Scenario simulation and risk prediction,#CDD1D5
NSF,US_23011,Kennebec County,county_or_equivalent,ME,"Kennebec, ME",K05,2.0,4999.999999999829,0.0,450.99999999999,0.040000000000001375,0.0,-0.040000000000001375,0.0,9.02000000000011,2,0,223,False,False,K03,0.16429009193055003,K03,0.16429009193055003,Scenario simulation and risk prediction,#CDD1D5
NSF,US_23011,Kennebec County,county_or_equivalent,ME,"Kennebec, ME",K06,2.0,4999.999999999829,0.0,41.999999999999,0.040000000000001375,0.0,-0.040000000000001375,0.0,0.8400000000000089,2,0,223,False,False,K03,0.16429009193055003,K03,0.16429009193055003,Scenario simulation and risk prediction,#CDD1D5
NSF,US_23013,Knox County,county_or_equivalent,ME,"Knox, ME",K01,1.0,4999.999999999829,1.0,952.499999999969,0.020000000000000687,0.10498687664042337,0.08498687664042269,100.0,19.050000000000036,1,1,276,False,False,K01,0.08498687664042269,K01,0.08498687664042269,State measurement and problem diagnosis,#CDD1D5
NSF,US_23013,Knox County,county_or_equivalent,ME,"Knox, ME",K02,1.0,4999.999999999829,0.0,1635.999999999925,0.020000000000000687,0.0,-0.020000000000000687,0.0,32.71999999999962,1,0,276,False,False,K01,0.08498687664042269,K01,0.08498687664042269,State measurement and problem diagnosis,#CDD1D5
NSF,US_23013,Knox County,county_or_equivalent,ME,"Knox, ME",K03,1.0,4999.999999999829,0.0,489.499999999976,0.020000000000000687,0.0,-0.020000000000000687,0.0,9.789999999999857,1,0,276,False,False,K01,0.08498687664042269,K01,0.08498687664042269,State measurement and problem diagnosis,#CDD1D5
NSF,US_23013,Knox County,county_or_equivalent,ME,"Knox, ME",K04,1.0,4999.999999999829,0.0,1428.999999999969,0.020000000000000687,0.0,-0.020000000000000687,0.0,28.580000000000364,1,0,276,False,False,K01,0.08498687664042269,K01,0.08498687664042269,State measurement and problem diagnosis,#CDD1D5
NSF,US_23013,Knox County,county_or_equivalent,ME,"Knox, ME",K05,1.0,4999.999999999829,0.0,450.99999999999,0.020000000000000687,0.0,-0.020000000000000687,0.0,9.02000000000011,1,0,276,False,False,K01,0.08498687664042269,K01,0.08498687664042269,State measurement and problem diagnosis,#CDD1D5
NSF,US_23013,Knox County,county_or_equivalent,ME,"Knox, ME",K06,1.0,4999.999999999829,0.0,41.999999999999,0.020000000000000687,0.0,-0.020000000000000687,0.0,0.8400000000000089,1,0,276,False,False,K01,0.08498687664042269,K01,0.08498687664042269,State measurement and problem diagnosis,#CDD1D5
NSF,US_23015,Lincoln County,county_or_equivalent,ME,"Lincoln, ME",K01,5.533333333333,4999.999999999829,1.0,952.499999999969,0.11066666666666382,0.10498687664042337,-0.005679790026240444,18.072289156627594,19.050000000000036,7,1,151,False,False,K02,0.166431947840256,K02,0.166431947840256,Mechanism analysis and causal identification,#CDD1D5
NSF,US_23015,Lincoln County,county_or_equivalent,ME,"Lincoln, ME",K02,5.533333333333,4999.999999999829,4.533333333333,1635.999999999925,0.11066666666666382,0.2770986145069198,0.166431947840256,81.92771084337241,32.71999999999962,7,6,151,False,False,K02,0.166431947840256,K02,0.166431947840256,Mechanism analysis and causal identification,#CDD1D5
NSF,US_23015,Lincoln County,county_or_equivalent,ME,"Lincoln, ME",K03,5.533333333333,4999.999999999829,0.0,489.499999999976,0.11066666666666382,0.0,-0.11066666666666382,0.0,9.789999999999857,7,0,151,False,False,K02,0.166431947840256,K02,0.166431947840256,Mechanism analysis and causal identification,#CDD1D5
NSF,US_23015,Lincoln County,county_or_equivalent,ME,"Lincoln, ME",K04,5.533333333333,4999.999999999829,0.0,1428.999999999969,0.11066666666666382,0.0,-0.11066666666666382,0.0,28.580000000000364,7,0,151,False,False,K02,0.166431947840256,K02,0.166431947840256,Mechanism analysis and causal identification,#CDD1D5
NSF,US_23015,Lincoln County,county_or_equivalent,ME,"Lincoln, ME",K05,5.533333333333,4999.999999999829,0.0,450.99999999999,0.11066666666666382,0.0,-0.11066666666666382,0.0,9.02000000000011,7,0,151,False,False,K02,0.166431947840256,K02,0.166431947840256,Mechanism analysis and causal identification,#CDD1D5
NSF,US_23015,Lincoln County,county_or_equivalent,ME,"Lincoln, ME",K06,5.533333333333,4999.999999999829,0.0,41.999999999999,0.11066666666666382,0.0,-0.11066666666666382,0.0,0.8400000000000089,7,0,151,False,False,K02,0.166431947840256,K02,0.166431947840256,Mechanism analysis and causal identification,#CDD1D5
NSF,US_23019,Penobscot County,county_or_equivalent,ME,"Penobscot, ME",K01,9.0,4999.999999999829,1.0,952.499999999969,0.18000000000000618,0.10498687664042337,-0.07501312335958281,11.11111111111111,19.050000000000036,10,1,132,False,False,K02,0.1256234718826484,K02,0.1256234718826484,Mechanism analysis and causal identification,#CDD1D5
NSF,US_23019,Penobscot County,county_or_equivalent,ME,"Penobscot, ME",K02,9.0,4999.999999999829,5.0,1635.999999999925,0.18000000000000618,0.3056234718826546,0.1256234718826484,55.55555555555556,32.71999999999962,10,6,132,False,False,K02,0.1256234718826484,K02,0.1256234718826484,Mechanism analysis and causal identification,#CDD1D5
NSF,US_23019,Penobscot County,county_or_equivalent,ME,"Penobscot, ME",K03,9.0,4999.999999999829,0.0,489.499999999976,0.18000000000000618,0.0,-0.18000000000000618,0.0,9.789999999999857,10,0,132,False,False,K02,0.1256234718826484,K02,0.1256234718826484,Mechanism analysis and causal identification,#CDD1D5
NSF,US_23019,Penobscot County,county_or_equivalent,ME,"Penobscot, ME",K04,9.0,4999.999999999829,2.0,1428.999999999969,0.18000000000000618,0.13995801259622417,-0.04004198740378201,22.22222222222222,28.580000000000364,10,2,132,False,False,K02,0.1256234718826484,K02,0.1256234718826484,Mechanism analysis and causal identification,#CDD1D5
NSF,US_23019,Penobscot County,county_or_equivalent,ME,"Penobscot, ME",K05,9.0,4999.999999999829,1.0,450.99999999999,0.18000000000000618,0.22172949002217787,0.04172949002217169,11.11111111111111,9.02000000000011,10,1,132,False,False,K02,0.1256234718826484,K02,0.1256234718826484,Mechanism analysis and causal identification,#CDD1D5
NSF,US_23019,Penobscot County,county_or_equivalent,ME,"Penobscot, ME",K06,9.0,4999.999999999829,0.0,41.999999999999,0.18000000000000618,0.0,-0.18000000000000618,0.0,0.8400000000000089,10,0,132,False,False,K02,0.1256234718826484,K02,0.1256234718826484,Mechanism analysis and causal identification,#CDD1D5
NSF,US_24003,Anne Arundel County,county_or_equivalent,MD,"Anne Arundel, MD",K01,2.0,4999.999999999829,0.0,952.499999999969,0.040000000000001375,0.0,-0.040000000000001375,0.0,19.050000000000036,2,0,224,False,False,K05,0.1817294900221765,K05,0.1817294900221765,Planning decision support and policy design,#CDD1D5
NSF,US_24003,Anne Arundel County,county_or_equivalent,MD,"Anne Arundel, MD",K02,2.0,4999.999999999829,1.0,1635.999999999925,0.040000000000001375,0.06112469437653092,0.021124694376529543,50.0,32.71999999999962,2,1,224,False,False,K05,0.1817294900221765,K05,0.1817294900221765,Planning decision support and policy design,#CDD1D5
NSF,US_24003,Anne Arundel County,county_or_equivalent,MD,"Anne Arundel, MD",K03,2.0,4999.999999999829,0.0,489.499999999976,0.040000000000001375,0.0,-0.040000000000001375,0.0,9.789999999999857,2,0,224,False,False,K05,0.1817294900221765,K05,0.1817294900221765,Planning decision support and policy design,#CDD1D5
NSF,US_24003,Anne Arundel County,county_or_equivalent,MD,"Anne Arundel, MD",K04,2.0,4999.999999999829,0.0,1428.999999999969,0.040000000000001375,0.0,-0.040000000000001375,0.0,28.580000000000364,2,0,224,False,False,K05,0.1817294900221765,K05,0.1817294900221765,Planning decision support and policy design,#CDD1D5
NSF,US_24003,Anne Arundel County,county_or_equivalent,MD,"Anne Arundel, MD",K05,2.0,4999.999999999829,1.0,450.99999999999,0.040000000000001375,0.22172949002217787,0.1817294900221765,50.0,9.02000000000011,2,1,224,False,False,K05,0.1817294900221765,K05,0.1817294900221765,Planning decision support and policy design,#CDD1D5
NSF,US_24003,Anne Arundel County,county_or_equivalent,MD,"Anne Arundel, MD",K06,2.0,4999.999999999829,0.0,41.999999999999,0.040000000000001375,0.0,-0.040000000000001375,0.0,0.8400000000000089,2,0,224,False,False,K05,0.1817294900221765,K05,0.1817294900221765,Planning decision support and policy design,#CDD1D5
NSF,US_24005,Baltimore County,county_or_equivalent,MD,"Baltimore, MD",K01,2.5,4999.999999999829,0.5,952.499999999969,0.05000000000000172,0.05249343832021169,0.0024934383202099702,20.0,19.050000000000036,3,1,203,False,False,K04,0.01997900629811037,K04,0.01997900629811037,Intervention design and performance optimization,#CDD1D5
NSF,US_24005,Baltimore County,county_or_equivalent,MD,"Baltimore, MD",K02,2.5,4999.999999999829,1.0,1635.999999999925,0.05000000000000172,0.06112469437653092,0.011124694376529201,40.0,32.71999999999962,3,1,203,False,False,K04,0.01997900629811037,K04,0.01997900629811037,Intervention design and performance optimization,#CDD1D5
NSF,US_24005,Baltimore County,county_or_equivalent,MD,"Baltimore, MD",K03,2.5,4999.999999999829,0.0,489.499999999976,0.05000000000000172,0.0,-0.05000000000000172,0.0,9.789999999999857,3,0,203,False,False,K04,0.01997900629811037,K04,0.01997900629811037,Intervention design and performance optimization,#CDD1D5
NSF,US_24005,Baltimore County,county_or_equivalent,MD,"Baltimore, MD",K04,2.5,4999.999999999829,1.0,1428.999999999969,0.05000000000000172,0.06997900629811209,0.01997900629811037,40.0,28.580000000000364,3,1,203,False,False,K04,0.01997900629811037,K04,0.01997900629811037,Intervention design and performance optimization,#CDD1D5
NSF,US_24005,Baltimore County,county_or_equivalent,MD,"Baltimore, MD",K05,2.5,4999.999999999829,0.0,450.99999999999,0.05000000000000172,0.0,-0.05000000000000172,0.0,9.02000000000011,3,0,203,False,False,K04,0.01997900629811037,K04,0.01997900629811037,Intervention design and performance optimization,#CDD1D5
NSF,US_24005,Baltimore County,county_or_equivalent,MD,"Baltimore, MD",K06,2.5,4999.999999999829,0.0,41.999999999999,0.05000000000000172,0.0,-0.05000000000000172,0.0,0.8400000000000089,3,0,203,False,False,K04,0.01997900629811037,K04,0.01997900629811037,Intervention design and performance optimization,#CDD1D5
NSF,US_24019,Dorchester County,county_or_equivalent,MD,"Dorchester, MD",K01,13.583333333333,4999.999999999829,1.0,952.499999999969,0.27166666666666933,0.10498687664042337,-0.16667979002624594,7.3619631901842295,19.050000000000036,16,1,104,False,False,K06,2.1092857142857686,K05,1.2804397634885756,Planning decision support and policy design,#CDD1D5
NSF,US_24019,Dorchester County,county_or_equivalent,MD,"Dorchester, MD",K02,13.583333333333,4999.999999999829,2.583333333333,1635.999999999925,0.27166666666666933,0.1579054604726845,-0.11376120619398483,19.018404907973473,32.71999999999962,16,5,104,False,False,K06,2.1092857142857686,K05,1.2804397634885756,Planning decision support and policy design,#CDD1D5
NSF,US_24019,Dorchester County,county_or_equivalent,MD,"Dorchester, MD",K03,13.583333333333,4999.999999999829,1.0,489.499999999976,0.27166666666666933,0.2042900919305514,-0.06737657473611794,7.3619631901842295,9.789999999999857,16,1,104,False,False,K06,2.1092857142857686,K05,1.2804397634885756,Planning decision support and policy design,#CDD1D5
NSF,US_24019,Dorchester County,county_or_equivalent,MD,"Dorchester, MD",K04,13.583333333333,4999.999999999829,1.0,1428.999999999969,0.27166666666666933,0.06997900629811209,-0.20168766036855723,7.3619631901842295,28.580000000000364,16,1,104,False,False,K06,2.1092857142857686,K05,1.2804397634885756,Planning decision support and policy design,#CDD1D5
NSF,US_24019,Dorchester County,county_or_equivalent,MD,"Dorchester, MD",K05,13.583333333333,4999.999999999829,7.0,450.99999999999,0.27166666666666933,1.552106430155245,1.2804397634885756,51.53374233128961,9.02000000000011,16,7,104,False,False,K06,2.1092857142857686,K05,1.2804397634885756,Planning decision support and policy design,#CDD1D5
NSF,US_24019,Dorchester County,county_or_equivalent,MD,"Dorchester, MD",K06,13.583333333333,4999.999999999829,1.0,41.999999999999,0.27166666666666933,2.3809523809524378,2.1092857142857686,7.3619631901842295,0.8400000000000089,16,1,104,False,False,K06,2.1092857142857686,K05,1.2804397634885756,Planning decision support and policy design,#CDD1D5
NSF,US_24031,Montgomery County,county_or_equivalent,MD,"Montgomery, MD",K01,4.0,4999.999999999829,1.0,952.499999999969,0.08000000000000275,0.10498687664042337,0.024986876640420624,25.0,19.050000000000036,4,1,172,False,False,K05,0.1417294900221751,K05,0.1417294900221751,Planning decision support and policy design,#CDD1D5
NSF,US_24031,Montgomery County,county_or_equivalent,MD,"Montgomery, MD",K02,4.0,4999.999999999829,0.0,1635.999999999925,0.08000000000000275,0.0,-0.08000000000000275,0.0,32.71999999999962,4,0,172,False,False,K05,0.1417294900221751,K05,0.1417294900221751,Planning decision support and policy design,#CDD1D5
NSF,US_24031,Montgomery County,county_or_equivalent,MD,"Montgomery, MD",K03,4.0,4999.999999999829,1.0,489.499999999976,0.08000000000000275,0.2042900919305514,0.12429009193054864,25.0,9.789999999999857,4,1,172,False,False,K05,0.1417294900221751,K05,0.1417294900221751,Planning decision support and policy design,#CDD1D5
NSF,US_24031,Montgomery County,county_or_equivalent,MD,"Montgomery, MD",K04,4.0,4999.999999999829,1.0,1428.999999999969,0.08000000000000275,0.06997900629811209,-0.010020993701890663,25.0,28.580000000000364,4,1,172,False,False,K05,0.1417294900221751,K05,0.1417294900221751,Planning decision support and policy design,#CDD1D5
NSF,US_24031,Montgomery County,county_or_equivalent,MD,"Montgomery, MD",K05,4.0,4999.999999999829,1.0,450.99999999999,0.08000000000000275,0.22172949002217787,0.1417294900221751,25.0,9.02000000000011,4,1,172,False,False,K05,0.1417294900221751,K05,0.1417294900221751,Planning decision support and policy design,#CDD1D5
NSF,US_24031,Montgomery County,county_or_equivalent,MD,"Montgomery, MD",K06,4.0,4999.999999999829,0.0,41.999999999999,0.08000000000000275,0.0,-0.08000000000000275,0.0,0.8400000000000089,4,0,172,False,False,K05,0.1417294900221751,K05,0.1417294900221751,Planning decision support and policy design,#CDD1D5
NSF,US_24033,Prince George's County,county_or_equivalent,MD,"Prince George's, MD",K01,40.583333333333,4999.999999999829,10.833333333333,952.499999999969,0.811666666666688,1.1373578302712182,0.3256911636045302,26.694045174537386,19.050000000000036,47,12,34,False,False,K06,2.7597619047619686,K01,0.3256911636045302,State measurement and problem diagnosis,#CDD1D5
NSF,US_24033,Prince George's County,county_or_equivalent,MD,"Prince George's, MD",K02,40.583333333333,4999.999999999829,13.0,1635.999999999925,0.811666666666688,0.794621026894902,-0.01704563977178597,32.032854209445844,32.71999999999962,47,16,34,False,False,K06,2.7597619047619686,K01,0.3256911636045302,State measurement and problem diagnosis,#CDD1D5
NSF,US_24033,Prince George's County,county_or_equivalent,MD,"Prince George's, MD",K03,40.583333333333,4999.999999999829,5.25,489.499999999976,0.811666666666688,1.0725229826353948,0.26085631596870684,12.936344969199284,9.789999999999857,47,6,34,False,False,K06,2.7597619047619686,K01,0.3256911636045302,State measurement and problem diagnosis,#CDD1D5
NSF,US_24033,Prince George's County,county_or_equivalent,MD,"Prince George's, MD",K04,40.583333333333,4999.999999999829,7.0,1428.999999999969,0.811666666666688,0.4898530440867846,-0.32181362257990337,17.24845995893238,28.580000000000364,47,8,34,False,False,K06,2.7597619047619686,K01,0.3256911636045302,State measurement and problem diagnosis,#CDD1D5
NSF,US_24033,Prince George's County,county_or_equivalent,MD,"Prince George's, MD",K05,40.583333333333,4999.999999999829,3.0,450.99999999999,0.811666666666688,0.6651884700665336,-0.14647819660015438,7.392197125256734,9.02000000000011,47,3,34,False,False,K06,2.7597619047619686,K01,0.3256911636045302,State measurement and problem diagnosis,#CDD1D5
NSF,US_24033,Prince George's County,county_or_equivalent,MD,"Prince George's, MD",K06,40.583333333333,4999.999999999829,1.5,41.999999999999,0.811666666666688,3.5714285714286564,2.7597619047619686,3.696098562628367,0.8400000000000089,47,2,34,False,False,K06,2.7597619047619686,K01,0.3256911636045302,State measurement and problem diagnosis,#CDD1D5
NSF,US_24039,Somerset County,county_or_equivalent,MD,"Somerset, MD",K01,1.0,4999.999999999829,1.0,952.499999999969,0.020000000000000687,0.10498687664042337,0.08498687664042269,100.0,19.050000000000036,1,1,277,False,False,K01,0.08498687664042269,K01,0.08498687664042269,State measurement and problem diagnosis,#CDD1D5
NSF,US_24039,Somerset County,county_or_equivalent,MD,"Somerset, MD",K02,1.0,4999.999999999829,0.0,1635.999999999925,0.020000000000000687,0.0,-0.020000000000000687,0.0,32.71999999999962,1,0,277,False,False,K01,0.08498687664042269,K01,0.08498687664042269,State measurement and problem diagnosis,#CDD1D5
NSF,US_24039,Somerset County,county_or_equivalent,MD,"Somerset, MD",K03,1.0,4999.999999999829,0.0,489.499999999976,0.020000000000000687,0.0,-0.020000000000000687,0.0,9.789999999999857,1,0,277,False,False,K01,0.08498687664042269,K01,0.08498687664042269,State measurement and problem diagnosis,#CDD1D5
NSF,US_24039,Somerset County,county_or_equivalent,MD,"Somerset, MD",K04,1.0,4999.999999999829,0.0,1428.999999999969,0.020000000000000687,0.0,-0.020000000000000687,0.0,28.580000000000364,1,0,277,False,False,K01,0.08498687664042269,K01,0.08498687664042269,State measurement and problem diagnosis,#CDD1D5
NSF,US_24039,Somerset County,county_or_equivalent,MD,"Somerset, MD",K05,1.0,4999.999999999829,0.0,450.99999999999,0.020000000000000687,0.0,-0.020000000000000687,0.0,9.02000000000011,1,0,277,False,False,K01,0.08498687664042269,K01,0.08498687664042269,State measurement and problem diagnosis,#CDD1D5
NSF,US_24039,Somerset County,county_or_equivalent,MD,"Somerset, MD",K06,1.0,4999.999999999829,0.0,41.999999999999,0.020000000000000687,0.0,-0.020000000000000687,0.0,0.8400000000000089,1,0,277,False,False,K01,0.08498687664042269,K01,0.08498687664042269,State measurement and problem diagnosis,#CDD1D5
NSF,US_24510,Baltimore (county equivalent),county_or_equivalent,MD,"Baltimore (county equivalent), MD",K01,28.583333333333,4999.999999999829,6.5,952.499999999969,0.5716666666666798,0.6824146981627519,0.11074803149607215,22.74052478134137,19.050000000000036,36,8,58,False,False,K03,0.5519288389513529,K03,0.5519288389513529,Scenario simulation and risk prediction,#CDD1D5
NSF,US_24510,Baltimore (county equivalent),county_or_equivalent,MD,"Baltimore (county equivalent), MD",K02,28.583333333333,4999.999999999829,9.75,1635.999999999925,0.5716666666666798,0.5959657701711765,0.02429910350449671,34.11078717201206,32.71999999999962,36,14,58,False,False,K03,0.5519288389513529,K03,0.5519288389513529,Scenario simulation and risk prediction,#CDD1D5
NSF,US_24510,Baltimore (county equivalent),county_or_equivalent,MD,"Baltimore (county equivalent), MD",K03,28.583333333333,4999.999999999829,5.5,489.499999999976,0.5716666666666798,1.1235955056180327,0.5519288389513529,19.241982507288853,9.789999999999857,36,6,58,False,False,K03,0.5519288389513529,K03,0.5519288389513529,Scenario simulation and risk prediction,#CDD1D5
NSF,US_24510,Baltimore (county equivalent),county_or_equivalent,MD,"Baltimore (county equivalent), MD",K04,28.583333333333,4999.999999999829,4.333333333333,1428.999999999969,0.5716666666666798,0.30324236062512905,-0.2684243060415507,15.160349854226416,28.580000000000364,36,5,58,False,False,K03,0.5519288389513529,K03,0.5519288389513529,Scenario simulation and risk prediction,#CDD1D5
NSF,US_24510,Baltimore (county equivalent),county_or_equivalent,MD,"Baltimore (county equivalent), MD",K05,28.583333333333,4999.999999999829,2.5,450.99999999999,0.5716666666666798,0.5543237250554447,-0.017342941611235063,8.746355685131297,9.02000000000011,36,3,58,False,False,K03,0.5519288389513529,K03,0.5519288389513529,Scenario simulation and risk prediction,#CDD1D5
NSF,US_24510,Baltimore (county equivalent),county_or_equivalent,MD,"Baltimore (county equivalent), MD",K06,28.583333333333,4999.999999999829,0.0,41.999999999999,0.5716666666666798,0.0,-0.5716666666666798,0.0,0.8400000000000089,36,0,58,False,False,K03,0.5519288389513529,K03,0.5519288389513529,Scenario simulation and risk prediction,#CDD1D5
NSF,US_25001,Barnstable County,county_or_equivalent,MA,"Barnstable, MA",K01,75.083333333331,4999.999999999829,22.249999999998998,952.499999999969,1.5016666666666716,2.335958005249315,0.8342913385826434,29.633740288567846,19.050000000000036,95,28,10,False,False,K01,0.8342913385826434,K01,0.8342913385826434,State measurement and problem diagnosis,#CDD1D5
NSF,US_25001,Barnstable County,county_or_equivalent,MA,"Barnstable, MA",K02,75.083333333331,4999.999999999829,35.833333333332,1635.999999999925,1.5016666666666716,2.1903015484922763,0.6886348818256047,47.724750277469184,32.71999999999962,95,48,10,False,False,K01,0.8342913385826434,K01,0.8342913385826434,State measurement and problem diagnosis,#CDD1D5
NSF,US_25001,Barnstable County,county_or_equivalent,MA,"Barnstable, MA",K03,75.083333333331,4999.999999999829,10.666666666667,489.499999999976,1.5016666666666716,2.1790943139259493,0.6774276472592777,14.206437291898776,9.789999999999857,95,12,10,False,False,K01,0.8342913385826434,K01,0.8342913385826434,State measurement and problem diagnosis,#CDD1D5
NSF,US_25001,Barnstable County,county_or_equivalent,MA,"Barnstable, MA",K04,75.083333333331,4999.999999999829,2.333333333333,1428.999999999969,1.5016666666666716,0.16328434802890487,-1.3383823186377668,3.1076581576023163,28.580000000000364,95,3,10,False,False,K01,0.8342913385826434,K01,0.8342913385826434,State measurement and problem diagnosis,#CDD1D5
NSF,US_25001,Barnstable County,county_or_equivalent,MA,"Barnstable, MA",K05,75.083333333331,4999.999999999829,4.0,450.99999999999,1.5016666666666716,0.8869179600887115,-0.6147487065779601,5.327413984461875,9.02000000000011,95,4,10,False,False,K01,0.8342913385826434,K01,0.8342913385826434,State measurement and problem diagnosis,#CDD1D5
NSF,US_25001,Barnstable County,county_or_equivalent,MA,"Barnstable, MA",K06,75.083333333331,4999.999999999829,0.0,41.999999999999,1.5016666666666716,0.0,-1.5016666666666716,0.0,0.8400000000000089,95,0,10,False,False,K01,0.8342913385826434,K01,0.8342913385826434,State measurement and problem diagnosis,#CDD1D5
NSF,US_25003,Berkshire County,county_or_equivalent,MA,"Berkshire, MA",K01,1.5,4999.999999999829,0.0,952.499999999969,0.030000000000001033,0.0,-0.030000000000001033,0.0,19.050000000000036,2,0,243,False,False,K02,0.061687041564795354,K02,0.061687041564795354,Mechanism analysis and causal identification,#CDD1D5
NSF,US_25003,Berkshire County,county_or_equivalent,MA,"Berkshire, MA",K02,1.5,4999.999999999829,1.5,1635.999999999925,0.030000000000001033,0.09168704156479639,0.061687041564795354,100.0,32.71999999999962,2,2,243,False,False,K02,0.061687041564795354,K02,0.061687041564795354,Mechanism analysis and causal identification,#CDD1D5
NSF,US_25003,Berkshire County,county_or_equivalent,MA,"Berkshire, MA",K03,1.5,4999.999999999829,0.0,489.499999999976,0.030000000000001033,0.0,-0.030000000000001033,0.0,9.789999999999857,2,0,243,False,False,K02,0.061687041564795354,K02,0.061687041564795354,Mechanism analysis and causal identification,#CDD1D5
NSF,US_25003,Berkshire County,county_or_equivalent,MA,"Berkshire, MA",K04,1.5,4999.999999999829,0.0,1428.999999999969,0.030000000000001033,0.0,-0.030000000000001033,0.0,28.580000000000364,2,0,243,False,False,K02,0.061687041564795354,K02,0.061687041564795354,Mechanism analysis and causal identification,#CDD1D5
NSF,US_25003,Berkshire County,county_or_equivalent,MA,"Berkshire, MA",K05,1.5,4999.999999999829,0.0,450.99999999999,0.030000000000001033,0.0,-0.030000000000001033,0.0,9.02000000000011,2,0,243,False,False,K02,0.061687041564795354,K02,0.061687041564795354,Mechanism analysis and causal identification,#CDD1D5
NSF,US_25003,Berkshire County,county_or_equivalent,MA,"Berkshire, MA",K06,1.5,4999.999999999829,0.0,41.999999999999,0.030000000000001033,0.0,-0.030000000000001033,0.0,0.8400000000000089,2,0,243,False,False,K02,0.061687041564795354,K02,0.061687041564795354,Mechanism analysis and causal identification,#CDD1D5
NSF,US_25005,Bristol County,county_or_equivalent,MA,"Bristol, MA",K01,2.5,4999.999999999829,0.0,952.499999999969,0.05000000000000172,0.0,-0.05000000000000172,0.0,19.050000000000036,3,0,204,False,False,K03,0.25643513789582534,K03,0.25643513789582534,Scenario simulation and risk prediction,#CDD1D5
NSF,US_25005,Bristol County,county_or_equivalent,MA,"Bristol, MA",K02,2.5,4999.999999999829,0.0,1635.999999999925,0.05000000000000172,0.0,-0.05000000000000172,0.0,32.71999999999962,3,0,204,False,False,K03,0.25643513789582534,K03,0.25643513789582534,Scenario simulation and risk prediction,#CDD1D5
NSF,US_25005,Bristol County,county_or_equivalent,MA,"Bristol, MA",K03,2.5,4999.999999999829,1.5,489.499999999976,0.05000000000000172,0.30643513789582705,0.25643513789582534,60.0,9.789999999999857,3,2,204,False,False,K03,0.25643513789582534,K03,0.25643513789582534,Scenario simulation and risk prediction,#CDD1D5
NSF,US_25005,Bristol County,county_or_equivalent,MA,"Bristol, MA",K04,2.5,4999.999999999829,0.0,1428.999999999969,0.05000000000000172,0.0,-0.05000000000000172,0.0,28.580000000000364,3,0,204,False,False,K03,0.25643513789582534,K03,0.25643513789582534,Scenario simulation and risk prediction,#CDD1D5
NSF,US_25005,Bristol County,county_or_equivalent,MA,"Bristol, MA",K05,2.5,4999.999999999829,1.0,450.99999999999,0.05000000000000172,0.22172949002217787,0.17172949002217616,40.0,9.02000000000011,3,1,204,False,False,K03,0.25643513789582534,K03,0.25643513789582534,Scenario simulation and risk prediction,#CDD1D5
NSF,US_25005,Bristol County,county_or_equivalent,MA,"Bristol, MA",K06,2.5,4999.999999999829,0.0,41.999999999999,0.05000000000000172,0.0,-0.05000000000000172,0.0,0.8400000000000089,3,0,204,False,False,K03,0.25643513789582534,K03,0.25643513789582534,Scenario simulation and risk prediction,#CDD1D5
NSF,US_25009,Essex County,county_or_equivalent,MA,"Essex, MA",K01,1.0,4999.999999999829,0.0,952.499999999969,0.020000000000000687,0.0,-0.020000000000000687,0.0,19.050000000000036,1,0,278,False,False,K04,0.0499790062981114,K04,0.0499790062981114,Intervention design and performance optimization,#CDD1D5
NSF,US_25009,Essex County,county_or_equivalent,MA,"Essex, MA",K02,1.0,4999.999999999829,0.0,1635.999999999925,0.020000000000000687,0.0,-0.020000000000000687,0.0,32.71999999999962,1,0,278,False,False,K04,0.0499790062981114,K04,0.0499790062981114,Intervention design and performance optimization,#CDD1D5
NSF,US_25009,Essex County,county_or_equivalent,MA,"Essex, MA",K03,1.0,4999.999999999829,0.0,489.499999999976,0.020000000000000687,0.0,-0.020000000000000687,0.0,9.789999999999857,1,0,278,False,False,K04,0.0499790062981114,K04,0.0499790062981114,Intervention design and performance optimization,#CDD1D5
NSF,US_25009,Essex County,county_or_equivalent,MA,"Essex, MA",K04,1.0,4999.999999999829,1.0,1428.999999999969,0.020000000000000687,0.06997900629811209,0.0499790062981114,100.0,28.580000000000364,1,1,278,False,False,K04,0.0499790062981114,K04,0.0499790062981114,Intervention design and performance optimization,#CDD1D5
NSF,US_25009,Essex County,county_or_equivalent,MA,"Essex, MA",K05,1.0,4999.999999999829,0.0,450.99999999999,0.020000000000000687,0.0,-0.020000000000000687,0.0,9.02000000000011,1,0,278,False,False,K04,0.0499790062981114,K04,0.0499790062981114,Intervention design and performance optimization,#CDD1D5
NSF,US_25009,Essex County,county_or_equivalent,MA,"Essex, MA",K06,1.0,4999.999999999829,0.0,41.999999999999,0.020000000000000687,0.0,-0.020000000000000687,0.0,0.8400000000000089,1,0,278,False,False,K04,0.0499790062981114,K04,0.0499790062981114,Intervention design and performance optimization,#CDD1D5
NSF,US_25013,Hampden County,county_or_equivalent,MA,"Hampden, MA",K01,1.0,4999.999999999829,0.0,952.499999999969,0.020000000000000687,0.0,-0.020000000000000687,0.0,19.050000000000036,1,0,279,False,False,K02,0.04112469437653023,K02,0.04112469437653023,Mechanism analysis and causal identification,#CDD1D5
NSF,US_25013,Hampden County,county_or_equivalent,MA,"Hampden, MA",K02,1.0,4999.999999999829,1.0,1635.999999999925,0.020000000000000687,0.06112469437653092,0.04112469437653023,100.0,32.71999999999962,1,1,279,False,False,K02,0.04112469437653023,K02,0.04112469437653023,Mechanism analysis and causal identification,#CDD1D5
NSF,US_25013,Hampden County,county_or_equivalent,MA,"Hampden, MA",K03,1.0,4999.999999999829,0.0,489.499999999976,0.020000000000000687,0.0,-0.020000000000000687,0.0,9.789999999999857,1,0,279,False,False,K02,0.04112469437653023,K02,0.04112469437653023,Mechanism analysis and causal identification,#CDD1D5
NSF,US_25013,Hampden County,county_or_equivalent,MA,"Hampden, MA",K04,1.0,4999.999999999829,0.0,1428.999999999969,0.020000000000000687,0.0,-0.020000000000000687,0.0,28.580000000000364,1,0,279,False,False,K02,0.04112469437653023,K02,0.04112469437653023,Mechanism analysis and causal identification,#CDD1D5
NSF,US_25013,Hampden County,county_or_equivalent,MA,"Hampden, MA",K05,1.0,4999.999999999829,0.0,450.99999999999,0.020000000000000687,0.0,-0.020000000000000687,0.0,9.02000000000011,1,0,279,False,False,K02,0.04112469437653023,K02,0.04112469437653023,Mechanism analysis and causal identification,#CDD1D5
NSF,US_25013,Hampden County,county_or_equivalent,MA,"Hampden, MA",K06,1.0,4999.999999999829,0.0,41.999999999999,0.020000000000000687,0.0,-0.020000000000000687,0.0,0.8400000000000089,1,0,279,False,False,K02,0.04112469437653023,K02,0.04112469437653023,Mechanism analysis and causal identification,#CDD1D5
NSF,US_25015,Hampshire County,county_or_equivalent,MA,"Hampshire, MA",K01,31.333333333332,4999.999999999829,4.5,952.499999999969,0.6266666666666615,0.47244094488190513,-0.15422572178475635,14.361702127660186,19.050000000000036,36,5,47,False,False,K02,0.055892420537893006,K02,0.055892420537893006,Mechanism analysis and causal identification,#CDD1D5
NSF,US_25015,Hampshire County,county_or_equivalent,MA,"Hampshire, MA",K02,31.333333333332,4999.999999999829,11.166666666666,1635.999999999925,0.6266666666666615,0.6825590872045545,0.055892420537893006,35.63829787233981,32.71999999999962,36,13,47,False,False,K02,0.055892420537893006,K02,0.055892420537893006,Mechanism analysis and causal identification,#CDD1D5
NSF,US_25015,Hampshire County,county_or_equivalent,MA,"Hampshire, MA",K03,31.333333333332,4999.999999999829,3.333333333333,489.499999999976,0.6266666666666615,0.6809669731017698,0.0543003064351083,10.638297872339814,9.789999999999857,36,5,47,False,False,K02,0.055892420537893006,K02,0.055892420537893006,Mechanism analysis and causal identification,#CDD1D5
NSF,US_25015,Hampshire County,county_or_equivalent,MA,"Hampshire, MA",K04,31.333333333332,4999.999999999829,9.333333333333,1428.999999999969,0.6266666666666615,0.6531373921156894,0.026470725449027954,29.787234042553393,28.580000000000364,36,10,47,False,False,K02,0.055892420537893006,K02,0.055892420537893006,Mechanism analysis and causal identification,#CDD1D5
NSF,US_25015,Hampshire County,county_or_equivalent,MA,"Hampshire, MA",K05,31.333333333332,4999.999999999829,3.0,450.99999999999,0.6266666666666615,0.6651884700665336,0.0385218033998721,9.57446808510679,9.02000000000011,36,3,47,False,False,K02,0.055892420537893006,K02,0.055892420537893006,Mechanism analysis and causal identification,#CDD1D5
NSF,US_25015,Hampshire County,county_or_equivalent,MA,"Hampshire, MA",K06,31.333333333332,4999.999999999829,0.0,41.999999999999,0.6266666666666615,0.0,-0.6266666666666615,0.0,0.8400000000000089,36,0,47,False,False,K02,0.055892420537893006,K02,0.055892420537893006,Mechanism analysis and causal identification,#CDD1D5
NSF,US_25017,Middlesex County,county_or_equivalent,MA,"Middlesex, MA",K01,129.342857142853,4999.999999999829,19.583333333332998,952.499999999969,2.586857142857149,2.0559930008749223,-0.5308641419822266,15.140637655548417,19.050000000000036,155,25,3,True,False,K06,4.556000000000164,K04,1.1861776133826814,Intervention design and performance optimization,#396188
NSF,US_25017,Middlesex County,county_or_equivalent,MA,"Middlesex, MA",K02,129.342857142853,4999.999999999829,33.833333333331,1635.999999999925,2.586857142857149,2.0680521597391532,-0.5188049831179957,26.157867609158885,32.71999999999962,155,42,3,True,False,K06,4.556000000000164,K04,1.1861776133826814,Intervention design and performance optimization,#396188
NSF,US_25017,Middlesex County,county_or_equivalent,MA,"Middlesex, MA",K03,129.342857142853,4999.999999999829,10.97619047619,489.499999999976,2.586857142857149,2.2423269614280974,-0.34453018142905156,8.486120315146064,9.789999999999857,155,17,3,True,False,K06,4.556000000000164,K04,1.1861776133826814,Intervention design and performance optimization,#396188
NSF,US_25017,Middlesex County,county_or_equivalent,MA,"Middlesex, MA",K04,129.342857142853,4999.999999999829,53.916666666666,1428.999999999969,2.586857142857149,3.7730347562398303,1.1861776133826814,41.68507473676542,28.580000000000364,155,58,3,True,True,K06,4.556000000000164,K04,1.1861776133826814,Intervention design and performance optimization,#396188
NSF,US_25017,Middlesex County,county_or_equivalent,MA,"Middlesex, MA",K05,129.342857142853,4999.999999999829,8.033333333333,450.99999999999,2.586857142857149,1.781226903178088,-0.8056302396790609,6.210882851041838,9.02000000000011,155,10,3,True,False,K06,4.556000000000164,K04,1.1861776133826814,Intervention design and performance optimization,#396188
NSF,US_25017,Middlesex County,county_or_equivalent,MA,"Middlesex, MA",K06,129.342857142853,4999.999999999829,3.0,41.999999999999,2.586857142857149,7.142857142857313,4.556000000000164,2.3194168323393716,0.8400000000000089,155,3,3,True,False,K06,4.556000000000164,K04,1.1861776133826814,Intervention design and performance optimization,#396188
NSF,US_25021,Norfolk County,county_or_equivalent,MA,"Norfolk, MA",K01,7.2,4999.999999999829,2.0,952.499999999969,0.14400000000000496,0.20997375328084675,0.06597375328084179,27.77777777777778,19.050000000000036,8,2,145,False,False,K04,0.20589503149055544,K04,0.20589503149055544,Intervention design and performance optimization,#CDD1D5
NSF,US_25021,Norfolk County,county_or_equivalent,MA,"Norfolk, MA",K02,7.2,4999.999999999829,0.0,1635.999999999925,0.14400000000000496,0.0,-0.14400000000000496,0.0,32.71999999999962,8,0,145,False,False,K04,0.20589503149055544,K04,0.20589503149055544,Intervention design and performance optimization,#CDD1D5
NSF,US_25021,Norfolk County,county_or_equivalent,MA,"Norfolk, MA",K03,7.2,4999.999999999829,0.2,489.499999999976,0.14400000000000496,0.04085801838611028,-0.10314198161389468,2.7777777777777777,9.789999999999857,8,1,145,False,False,K04,0.20589503149055544,K04,0.20589503149055544,Intervention design and performance optimization,#CDD1D5
NSF,US_25021,Norfolk County,county_or_equivalent,MA,"Norfolk, MA",K04,7.2,4999.999999999829,5.0,1428.999999999969,0.14400000000000496,0.3498950314905604,0.20589503149055544,69.44444444444444,28.580000000000364,8,5,145,False,False,K04,0.20589503149055544,K04,0.20589503149055544,Intervention design and performance optimization,#CDD1D5
NSF,US_25021,Norfolk County,county_or_equivalent,MA,"Norfolk, MA",K05,7.2,4999.999999999829,0.0,450.99999999999,0.14400000000000496,0.0,-0.14400000000000496,0.0,9.02000000000011,8,0,145,False,False,K04,0.20589503149055544,K04,0.20589503149055544,Intervention design and performance optimization,#CDD1D5
NSF,US_25021,Norfolk County,county_or_equivalent,MA,"Norfolk, MA",K06,7.2,4999.999999999829,0.0,41.999999999999,0.14400000000000496,0.0,-0.14400000000000496,0.0,0.8400000000000089,8,0,145,False,False,K04,0.20589503149055544,K04,0.20589503149055544,Intervention design and performance optimization,#CDD1D5
NSF,US_25023,Plymouth County,county_or_equivalent,MA,"Plymouth, MA",K01,1.0,4999.999999999829,0.0,952.499999999969,0.020000000000000687,0.0,-0.020000000000000687,0.0,19.050000000000036,1,0,280,False,False,K04,0.0499790062981114,K04,0.0499790062981114,Intervention design and performance optimization,#CDD1D5
NSF,US_25023,Plymouth County,county_or_equivalent,MA,"Plymouth, MA",K02,1.0,4999.999999999829,0.0,1635.999999999925,0.020000000000000687,0.0,-0.020000000000000687,0.0,32.71999999999962,1,0,280,False,False,K04,0.0499790062981114,K04,0.0499790062981114,Intervention design and performance optimization,#CDD1D5
NSF,US_25023,Plymouth County,county_or_equivalent,MA,"Plymouth, MA",K03,1.0,4999.999999999829,0.0,489.499999999976,0.020000000000000687,0.0,-0.020000000000000687,0.0,9.789999999999857,1,0,280,False,False,K04,0.0499790062981114,K04,0.0499790062981114,Intervention design and performance optimization,#CDD1D5
NSF,US_25023,Plymouth County,county_or_equivalent,MA,"Plymouth, MA",K04,1.0,4999.999999999829,1.0,1428.999999999969,0.020000000000000687,0.06997900629811209,0.0499790062981114,100.0,28.580000000000364,1,1,280,False,False,K04,0.0499790062981114,K04,0.0499790062981114,Intervention design and performance optimization,#CDD1D5
NSF,US_25023,Plymouth County,county_or_equivalent,MA,"Plymouth, MA",K05,1.0,4999.999999999829,0.0,450.99999999999,0.020000000000000687,0.0,-0.020000000000000687,0.0,9.02000000000011,1,0,280,False,False,K04,0.0499790062981114,K04,0.0499790062981114,Intervention design and performance optimization,#CDD1D5
NSF,US_25023,Plymouth County,county_or_equivalent,MA,"Plymouth, MA",K06,1.0,4999.999999999829,0.0,41.999999999999,0.020000000000000687,0.0,-0.020000000000000687,0.0,0.8400000000000089,1,0,280,False,False,K04,0.0499790062981114,K04,0.0499790062981114,Intervention design and performance optimization,#CDD1D5
NSF,US_25025,Suffolk County,county_or_equivalent,MA,"Suffolk, MA",K01,64.58333333333,4999.999999999829,8.499999999999,952.499999999969,1.2916666666666445,0.8923884514434935,-0.399278215223151,13.161290322579775,19.050000000000036,79,13,19,False,False,K02,0.4249185004075171,K02,0.4249185004075171,Mechanism analysis and causal identification,#CDD1D5
NSF,US_25025,Suffolk County,county_or_equivalent,MA,"Suffolk, MA",K02,64.58333333333,4999.999999999829,28.083333333332,1635.999999999925,1.2916666666666445,1.7165851670741616,0.4249185004075171,43.48387096774211,32.71999999999962,79,33,19,False,False,K02,0.4249185004075171,K02,0.4249185004075171,Mechanism analysis and causal identification,#CDD1D5
NSF,US_25025,Suffolk County,county_or_equivalent,MA,"Suffolk, MA",K03,64.58333333333,4999.999999999829,7.0,489.499999999976,1.2916666666666445,1.4300306435138597,0.13836397684721513,10.838709677419914,9.789999999999857,79,9,19,False,False,K02,0.4249185004075171,K02,0.4249185004075171,Mechanism analysis and causal identification,#CDD1D5
NSF,US_25025,Suffolk County,county_or_equivalent,MA,"Suffolk, MA",K04,64.58333333333,4999.999999999829,17.666666666666,1428.999999999969,1.2916666666666445,1.2362957779332666,-0.05537088873337792,27.354838709677797,28.580000000000364,79,20,19,False,False,K02,0.4249185004075171,K02,0.4249185004075171,Mechanism analysis and causal identification,#CDD1D5
NSF,US_25025,Suffolk County,county_or_equivalent,MA,"Suffolk, MA",K05,64.58333333333,4999.999999999829,3.333333333333,450.99999999999,1.2916666666666445,0.7390983000738524,-0.5525683665927922,5.161290322580395,9.02000000000011,79,4,19,False,False,K02,0.4249185004075171,K02,0.4249185004075171,Mechanism analysis and causal identification,#CDD1D5
NSF,US_25025,Suffolk County,county_or_equivalent,MA,"Suffolk, MA",K06,64.58333333333,4999.999999999829,0.0,41.999999999999,1.2916666666666445,0.0,-1.2916666666666445,0.0,0.8400000000000089,79,0,19,False,False,K02,0.4249185004075171,K02,0.4249185004075171,Mechanism analysis and causal identification,#CDD1D5
NSF,US_25027,Worcester County,county_or_equivalent,MA,"Worcester, MA",K01,21.5,4999.999999999829,2.0,952.499999999969,0.43000000000001476,0.20997375328084675,-0.220026246719168,9.30232558139535,19.050000000000036,23,2,75,False,False,K02,0.24237163814182533,K02,0.24237163814182533,Mechanism analysis and causal identification,#CDD1D5
NSF,US_25027,Worcester County,county_or_equivalent,MA,"Worcester, MA",K02,21.5,4999.999999999829,11.0,1635.999999999925,0.43000000000001476,0.6723716381418401,0.24237163814182533,51.16279069767442,32.71999999999962,23,11,75,False,False,K02,0.24237163814182533,K02,0.24237163814182533,Mechanism analysis and causal identification,#CDD1D5
NSF,US_25027,Worcester County,county_or_equivalent,MA,"Worcester, MA",K03,21.5,4999.999999999829,1.0,489.499999999976,0.43000000000001476,0.2042900919305514,-0.22570990806946337,4.651162790697675,9.789999999999857,23,1,75,False,False,K02,0.24237163814182533,K02,0.24237163814182533,Mechanism analysis and causal identification,#CDD1D5
NSF,US_25027,Worcester County,county_or_equivalent,MA,"Worcester, MA",K04,21.5,4999.999999999829,5.333333333333,1428.999999999969,0.43000000000001476,0.3732213669232411,-0.056778633076773666,24.806201550386046,28.580000000000364,23,6,75,False,False,K02,0.24237163814182533,K02,0.24237163814182533,Mechanism analysis and causal identification,#CDD1D5
NSF,US_25027,Worcester County,county_or_equivalent,MA,"Worcester, MA",K05,21.5,4999.999999999829,2.166666666667,450.99999999999,0.43000000000001476,0.4804138950481259,0.05041389504811117,10.077519379846512,9.02000000000011,23,3,75,False,False,K02,0.24237163814182533,K02,0.24237163814182533,Mechanism analysis and causal identification,#CDD1D5
NSF,US_25027,Worcester County,county_or_equivalent,MA,"Worcester, MA",K06,21.5,4999.999999999829,0.0,41.999999999999,0.43000000000001476,0.0,-0.43000000000001476,0.0,0.8400000000000089,23,0,75,False,False,K02,0.24237163814182533,K02,0.24237163814182533,Mechanism analysis and causal identification,#CDD1D5
NSF,US_26049,Genesee County,county_or_equivalent,MI,"Genesee, MI",K01,1.0,4999.999999999829,0.0,952.499999999969,0.020000000000000687,0.0,-0.020000000000000687,0.0,19.050000000000036,1,0,281,False,False,K04,0.0499790062981114,K04,0.0499790062981114,Intervention design and performance optimization,#CDD1D5
NSF,US_26049,Genesee County,county_or_equivalent,MI,"Genesee, MI",K02,1.0,4999.999999999829,0.0,1635.999999999925,0.020000000000000687,0.0,-0.020000000000000687,0.0,32.71999999999962,1,0,281,False,False,K04,0.0499790062981114,K04,0.0499790062981114,Intervention design and performance optimization,#CDD1D5
NSF,US_26049,Genesee County,county_or_equivalent,MI,"Genesee, MI",K03,1.0,4999.999999999829,0.0,489.499999999976,0.020000000000000687,0.0,-0.020000000000000687,0.0,9.789999999999857,1,0,281,False,False,K04,0.0499790062981114,K04,0.0499790062981114,Intervention design and performance optimization,#CDD1D5
NSF,US_26049,Genesee County,county_or_equivalent,MI,"Genesee, MI",K04,1.0,4999.999999999829,1.0,1428.999999999969,0.020000000000000687,0.06997900629811209,0.0499790062981114,100.0,28.580000000000364,1,1,281,False,False,K04,0.0499790062981114,K04,0.0499790062981114,Intervention design and performance optimization,#CDD1D5
NSF,US_26049,Genesee County,county_or_equivalent,MI,"Genesee, MI",K05,1.0,4999.999999999829,0.0,450.99999999999,0.020000000000000687,0.0,-0.020000000000000687,0.0,9.02000000000011,1,0,281,False,False,K04,0.0499790062981114,K04,0.0499790062981114,Intervention design and performance optimization,#CDD1D5
NSF,US_26049,Genesee County,county_or_equivalent,MI,"Genesee, MI",K06,1.0,4999.999999999829,0.0,41.999999999999,0.020000000000000687,0.0,-0.020000000000000687,0.0,0.8400000000000089,1,0,281,False,False,K04,0.0499790062981114,K04,0.0499790062981114,Intervention design and performance optimization,#CDD1D5
NSF,US_26061,Houghton County,county_or_equivalent,MI,"Houghton, MI",K01,17.944444444443,4999.999999999829,3.5,952.499999999969,0.3588888888888723,0.3674540682414818,0.008565179352609475,19.504643962849865,19.050000000000036,23,4,89,False,False,K05,0.15847992116280213,K05,0.15847992116280213,Planning decision support and policy design,#CDD1D5
NSF,US_26061,Houghton County,county_or_equivalent,MI,"Houghton, MI",K02,17.944444444443,4999.999999999829,3.277777777777,1635.999999999925,0.3588888888888723,0.20035316490080382,-0.1585357239880685,18.266253869966178,32.71999999999962,23,6,89,False,False,K05,0.15847992116280213,K05,0.15847992116280213,Planning decision support and policy design,#CDD1D5
NSF,US_26061,Houghton County,county_or_equivalent,MI,"Houghton, MI",K03,17.944444444443,4999.999999999829,2.333333333333,489.499999999976,0.3588888888888723,0.4766768811712185,0.11778799228234615,13.003095975231387,9.789999999999857,23,3,89,False,False,K05,0.15847992116280213,K05,0.15847992116280213,Planning decision support and policy design,#CDD1D5
NSF,US_26061,Houghton County,county_or_equivalent,MI,"Houghton, MI",K04,17.944444444443,4999.999999999829,6.5,1428.999999999969,0.3588888888888723,0.4548635409377285,0.09597465204885619,36.22291021672118,28.580000000000364,23,7,89,False,False,K05,0.15847992116280213,K05,0.15847992116280213,Planning decision support and policy design,#CDD1D5
NSF,US_26061,Houghton County,county_or_equivalent,MI,"Houghton, MI",K05,17.944444444443,4999.999999999829,2.333333333333,450.99999999999,0.3588888888888723,0.5173688100516745,0.15847992116280213,13.003095975231387,9.02000000000011,23,3,89,False,False,K05,0.15847992116280213,K05,0.15847992116280213,Planning decision support and policy design,#CDD1D5
NSF,US_26061,Houghton County,county_or_equivalent,MI,"Houghton, MI",K06,17.944444444443,4999.999999999829,0.0,41.999999999999,0.3588888888888723,0.0,-0.3588888888888723,0.0,0.8400000000000089,23,0,89,False,False,K05,0.15847992116280213,K05,0.15847992116280213,Planning decision support and policy design,#CDD1D5
NSF,US_26065,Ingham County,county_or_equivalent,MI,"Ingham, MI",K01,29.333333333330998,4999.999999999829,5.166666666666,952.499999999969,0.5866666666666401,0.5424321959754508,-0.044234470691189354,17.613636363635493,19.050000000000036,38,7,56,False,False,K04,0.18893398647074544,K04,0.18893398647074544,Intervention design and performance optimization,#CDD1D5
NSF,US_26065,Ingham County,county_or_equivalent,MI,"Ingham, MI",K02,29.333333333330998,4999.999999999829,8.999999999999,1635.999999999925,0.5866666666666401,0.5501222493887171,-0.036544417277923014,30.681818181817214,32.71999999999962,38,12,56,False,False,K04,0.18893398647074544,K04,0.18893398647074544,Intervention design and performance optimization,#CDD1D5
NSF,US_26065,Ingham County,county_or_equivalent,MI,"Ingham, MI",K03,29.333333333330998,4999.999999999829,3.083333333333,489.499999999976,0.5866666666666401,0.629894450119132,0.0432277834524919,10.511363636363336,9.789999999999857,38,5,56,False,False,K04,0.18893398647074544,K04,0.18893398647074544,Intervention design and performance optimization,#CDD1D5
NSF,US_26065,Ingham County,county_or_equivalent,MI,"Ingham, MI",K04,29.333333333330998,4999.999999999829,11.083333333333,1428.999999999969,0.5866666666666401,0.7756006531373856,0.18893398647074544,37.78409090909278,28.580000000000364,38,13,56,False,False,K04,0.18893398647074544,K04,0.18893398647074544,Intervention design and performance optimization,#CDD1D5
NSF,US_26065,Ingham County,county_or_equivalent,MI,"Ingham, MI",K05,29.333333333330998,4999.999999999829,1.0,450.99999999999,0.5866666666666401,0.22172949002217787,-0.36493717664446224,3.4090909090911805,9.02000000000011,38,1,56,False,False,K04,0.18893398647074544,K04,0.18893398647074544,Intervention design and performance optimization,#CDD1D5
NSF,US_26065,Ingham County,county_or_equivalent,MI,"Ingham, MI",K06,29.333333333330998,4999.999999999829,0.0,41.999999999999,0.5866666666666401,0.0,-0.5866666666666401,0.0,0.8400000000000089,38,0,56,False,False,K04,0.18893398647074544,K04,0.18893398647074544,Intervention design and performance optimization,#CDD1D5
NSF,US_26073,Isabella County,county_or_equivalent,MI,"Isabella, MI",K01,2.75,4999.999999999829,1.0,952.499999999969,0.05500000000000189,0.10498687664042337,0.049986876640421486,36.36363636363637,19.050000000000036,4,1,198,False,False,K01,0.049986876640421486,K01,0.049986876640421486,State measurement and problem diagnosis,#CDD1D5
NSF,US_26073,Isabella County,county_or_equivalent,MI,"Isabella, MI",K02,2.75,4999.999999999829,1.0,1635.999999999925,0.05500000000000189,0.06112469437653092,0.00612469437652903,36.36363636363637,32.71999999999962,4,1,198,False,False,K01,0.049986876640421486,K01,0.049986876640421486,State measurement and problem diagnosis,#CDD1D5
NSF,US_26073,Isabella County,county_or_equivalent,MI,"Isabella, MI",K03,2.75,4999.999999999829,0.25,489.499999999976,0.05500000000000189,0.05107252298263785,-0.003927477017364039,9.090909090909092,9.789999999999857,4,1,198,False,False,K01,0.049986876640421486,K01,0.049986876640421486,State measurement and problem diagnosis,#CDD1D5
NSF,US_26073,Isabella County,county_or_equivalent,MI,"Isabella, MI",K04,2.75,4999.999999999829,0.5,1428.999999999969,0.05500000000000189,0.034989503149056043,-0.020010496850945844,18.181818181818183,28.580000000000364,4,1,198,False,False,K01,0.049986876640421486,K01,0.049986876640421486,State measurement and problem diagnosis,#CDD1D5
NSF,US_26073,Isabella County,county_or_equivalent,MI,"Isabella, MI",K05,2.75,4999.999999999829,0.0,450.99999999999,0.05500000000000189,0.0,-0.05500000000000189,0.0,9.02000000000011,4,0,198,False,False,K01,0.049986876640421486,K01,0.049986876640421486,State measurement and problem diagnosis,#CDD1D5
NSF,US_26073,Isabella County,county_or_equivalent,MI,"Isabella, MI",K06,2.75,4999.999999999829,0.0,41.999999999999,0.05500000000000189,0.0,-0.05500000000000189,0.0,0.8400000000000089,4,0,198,False,False,K01,0.049986876640421486,K01,0.049986876640421486,State measurement and problem diagnosis,#CDD1D5
NSF,US_26077,Kalamazoo County,county_or_equivalent,MI,"Kalamazoo, MI",K01,1.0,4999.999999999829,0.0,952.499999999969,0.020000000000000687,0.0,-0.020000000000000687,0.0,19.050000000000036,1,0,282,False,False,K04,0.0499790062981114,K04,0.0499790062981114,Intervention design and performance optimization,#CDD1D5
NSF,US_26077,Kalamazoo County,county_or_equivalent,MI,"Kalamazoo, MI",K02,1.0,4999.999999999829,0.0,1635.999999999925,0.020000000000000687,0.0,-0.020000000000000687,0.0,32.71999999999962,1,0,282,False,False,K04,0.0499790062981114,K04,0.0499790062981114,Intervention design and performance optimization,#CDD1D5
NSF,US_26077,Kalamazoo County,county_or_equivalent,MI,"Kalamazoo, MI",K03,1.0,4999.999999999829,0.0,489.499999999976,0.020000000000000687,0.0,-0.020000000000000687,0.0,9.789999999999857,1,0,282,False,False,K04,0.0499790062981114,K04,0.0499790062981114,Intervention design and performance optimization,#CDD1D5
NSF,US_26077,Kalamazoo County,county_or_equivalent,MI,"Kalamazoo, MI",K04,1.0,4999.999999999829,1.0,1428.999999999969,0.020000000000000687,0.06997900629811209,0.0499790062981114,100.0,28.580000000000364,1,1,282,False,False,K04,0.0499790062981114,K04,0.0499790062981114,Intervention design and performance optimization,#CDD1D5
NSF,US_26077,Kalamazoo County,county_or_equivalent,MI,"Kalamazoo, MI",K05,1.0,4999.999999999829,0.0,450.99999999999,0.020000000000000687,0.0,-0.020000000000000687,0.0,9.02000000000011,1,0,282,False,False,K04,0.0499790062981114,K04,0.0499790062981114,Intervention design and performance optimization,#CDD1D5
NSF,US_26077,Kalamazoo County,county_or_equivalent,MI,"Kalamazoo, MI",K06,1.0,4999.999999999829,0.0,41.999999999999,0.020000000000000687,0.0,-0.020000000000000687,0.0,0.8400000000000089,1,0,282,False,False,K04,0.0499790062981114,K04,0.0499790062981114,Intervention design and performance optimization,#CDD1D5
NSF,US_26103,Marquette County,county_or_equivalent,MI,"Marquette, MI",K01,3.5,4999.999999999829,0.5,952.499999999969,0.07000000000000241,0.05249343832021169,-0.01750656167979072,14.285714285714286,19.050000000000036,4,1,180,False,False,K03,0.13429009193054897,K03,0.13429009193054897,Scenario simulation and risk prediction,#CDD1D5
NSF,US_26103,Marquette County,county_or_equivalent,MI,"Marquette, MI",K02,3.5,4999.999999999829,1.0,1635.999999999925,0.07000000000000241,0.06112469437653092,-0.00887530562347149,28.571428571428573,32.71999999999962,4,1,180,False,False,K03,0.13429009193054897,K03,0.13429009193054897,Scenario simulation and risk prediction,#CDD1D5
NSF,US_26103,Marquette County,county_or_equivalent,MI,"Marquette, MI",K03,3.5,4999.999999999829,1.0,489.499999999976,0.07000000000000241,0.2042900919305514,0.13429009193054897,28.571428571428573,9.789999999999857,4,1,180,False,False,K03,0.13429009193054897,K03,0.13429009193054897,Scenario simulation and risk prediction,#CDD1D5
NSF,US_26103,Marquette County,county_or_equivalent,MI,"Marquette, MI",K04,3.5,4999.999999999829,1.0,1428.999999999969,0.07000000000000241,0.06997900629811209,-2.099370189032057e-05,28.571428571428573,28.580000000000364,4,1,180,False,False,K03,0.13429009193054897,K03,0.13429009193054897,Scenario simulation and risk prediction,#CDD1D5
NSF,US_26103,Marquette County,county_or_equivalent,MI,"Marquette, MI",K05,3.5,4999.999999999829,0.0,450.99999999999,0.07000000000000241,0.0,-0.07000000000000241,0.0,9.02000000000011,4,0,180,False,False,K03,0.13429009193054897,K03,0.13429009193054897,Scenario simulation and risk prediction,#CDD1D5
NSF,US_26103,Marquette County,county_or_equivalent,MI,"Marquette, MI",K06,3.5,4999.999999999829,0.0,41.999999999999,0.07000000000000241,0.0,-0.07000000000000241,0.0,0.8400000000000089,4,0,180,False,False,K03,0.13429009193054897,K03,0.13429009193054897,Scenario simulation and risk prediction,#CDD1D5
NSF,US_26125,Oakland County,county_or_equivalent,MI,"Oakland, MI",K01,4.0,4999.999999999829,0.0,952.499999999969,0.08000000000000275,0.0,-0.08000000000000275,0.0,19.050000000000036,4,0,173,False,False,K04,0.1299370188943335,K04,0.1299370188943335,Intervention design and performance optimization,#CDD1D5
NSF,US_26125,Oakland County,county_or_equivalent,MI,"Oakland, MI",K02,4.0,4999.999999999829,1.0,1635.999999999925,0.08000000000000275,0.06112469437653092,-0.01887530562347183,25.0,32.71999999999962,4,1,173,False,False,K04,0.1299370188943335,K04,0.1299370188943335,Intervention design and performance optimization,#CDD1D5
NSF,US_26125,Oakland County,county_or_equivalent,MI,"Oakland, MI",K03,4.0,4999.999999999829,0.0,489.499999999976,0.08000000000000275,0.0,-0.08000000000000275,0.0,9.789999999999857,4,0,173,False,False,K04,0.1299370188943335,K04,0.1299370188943335,Intervention design and performance optimization,#CDD1D5
NSF,US_26125,Oakland County,county_or_equivalent,MI,"Oakland, MI",K04,4.0,4999.999999999829,3.0,1428.999999999969,0.08000000000000275,0.20993701889433625,0.1299370188943335,75.0,28.580000000000364,4,3,173,False,False,K04,0.1299370188943335,K04,0.1299370188943335,Intervention design and performance optimization,#CDD1D5
NSF,US_26125,Oakland County,county_or_equivalent,MI,"Oakland, MI",K05,4.0,4999.999999999829,0.0,450.99999999999,0.08000000000000275,0.0,-0.08000000000000275,0.0,9.02000000000011,4,0,173,False,False,K04,0.1299370188943335,K04,0.1299370188943335,Intervention design and performance optimization,#CDD1D5
NSF,US_26125,Oakland County,county_or_equivalent,MI,"Oakland, MI",K06,4.0,4999.999999999829,0.0,41.999999999999,0.08000000000000275,0.0,-0.08000000000000275,0.0,0.8400000000000089,4,0,173,False,False,K04,0.1299370188943335,K04,0.1299370188943335,Intervention design and performance optimization,#CDD1D5
NSF,US_26139,Ottawa County,county_or_equivalent,MI,"Ottawa, MI",K01,1.666666666666,4999.999999999829,0.0,952.499999999969,0.03333333333332115,0.0,-0.03333333333332115,0.0,19.050000000000036,3,0,241,False,False,K04,0.03664567296479094,K04,0.03664567296479094,Intervention design and performance optimization,#CDD1D5
NSF,US_26139,Ottawa County,county_or_equivalent,MI,"Ottawa, MI",K02,1.666666666666,4999.999999999829,0.666666666666,1635.999999999925,0.03333333333332115,0.04074979625097987,0.0074164629176587185,39.999999999976005,32.71999999999962,3,2,241,False,False,K04,0.03664567296479094,K04,0.03664567296479094,Intervention design and performance optimization,#CDD1D5
NSF,US_26139,Ottawa County,county_or_equivalent,MI,"Ottawa, MI",K03,1.666666666666,4999.999999999829,0.0,489.499999999976,0.03333333333332115,0.0,-0.03333333333332115,0.0,9.789999999999857,3,0,241,False,False,K04,0.03664567296479094,K04,0.03664567296479094,Intervention design and performance optimization,#CDD1D5
NSF,US_26139,Ottawa County,county_or_equivalent,MI,"Ottawa, MI",K04,1.666666666666,4999.999999999829,1.0,1428.999999999969,0.03333333333332115,0.06997900629811209,0.03664567296479094,60.000000000024,28.580000000000364,3,1,241,False,False,K04,0.03664567296479094,K04,0.03664567296479094,Intervention design and performance optimization,#CDD1D5
NSF,US_26139,Ottawa County,county_or_equivalent,MI,"Ottawa, MI",K05,1.666666666666,4999.999999999829,0.0,450.99999999999,0.03333333333332115,0.0,-0.03333333333332115,0.0,9.02000000000011,3,0,241,False,False,K04,0.03664567296479094,K04,0.03664567296479094,Intervention design and performance optimization,#CDD1D5
NSF,US_26139,Ottawa County,county_or_equivalent,MI,"Ottawa, MI",K06,1.666666666666,4999.999999999829,0.0,41.999999999999,0.03333333333332115,0.0,-0.03333333333332115,0.0,0.8400000000000089,3,0,241,False,False,K04,0.03664567296479094,K04,0.03664567296479094,Intervention design and performance optimization,#CDD1D5
NSF,US_26161,Washtenaw County,county_or_equivalent,MI,"Washtenaw, MI",K01,104.983333333331,4999.999999999829,14.533333333333001,952.499999999969,2.0996666666666925,1.5258092738407847,-0.5738573928259079,13.843467217018565,19.050000000000036,123,17,6,False,False,K06,5.04319047619062,K05,0.9675912786400276,Planning decision support and policy design,#CDD1D5
NSF,US_26161,Washtenaw County,county_or_equivalent,MI,"Washtenaw, MI",K02,104.983333333331,4999.999999999829,29.283333333333,1635.999999999925,2.0996666666666925,1.7899348003260602,-0.3097318663406323,27.893316399428784,32.71999999999962,123,35,6,False,False,K06,5.04319047619062,K05,0.9675912786400276,Planning decision support and policy design,#CDD1D5
NSF,US_26161,Washtenaw County,county_or_equivalent,MI,"Washtenaw, MI",K03,104.983333333331,4999.999999999829,8.583333333333,489.499999999976,2.0996666666666925,1.7534899557371644,-0.3461767109295282,8.175900936656475,9.789999999999857,123,12,6,False,False,K06,5.04319047619062,K05,0.9675912786400276,Planning decision support and policy design,#CDD1D5
NSF,US_26161,Washtenaw County,county_or_equivalent,MI,"Washtenaw, MI",K04,104.983333333331,4999.999999999829,35.749999999999,1428.999999999969,2.0996666666666925,2.5017494751574367,0.4020828084907442,34.05302428956958,28.580000000000364,123,41,6,False,False,K06,5.04319047619062,K05,0.9675912786400276,Planning decision support and policy design,#CDD1D5
NSF,US_26161,Washtenaw County,county_or_equivalent,MI,"Washtenaw, MI",K05,104.983333333331,4999.999999999829,13.833333333333,450.99999999999,2.0996666666666925,3.06725794530672,0.9675912786400276,13.176694713446555,9.02000000000011,123,15,6,False,False,K06,5.04319047619062,K05,0.9675912786400276,Planning decision support and policy design,#CDD1D5
NSF,US_26161,Washtenaw County,county_or_equivalent,MI,"Washtenaw, MI",K06,104.983333333331,4999.999999999829,3.0,41.999999999999,2.0996666666666925,7.142857142857313,5.04319047619062,2.8575964438800443,0.8400000000000089,123,3,6,False,False,K06,5.04319047619062,K05,0.9675912786400276,Planning decision support and policy design,#CDD1D5
NSF,US_26163,Wayne County,county_or_equivalent,MI,"Wayne, MI",K01,15.333333333333,4999.999999999829,5.0,952.499999999969,0.30666666666667053,0.5249343832021168,0.2182677165354463,32.608695652174625,19.050000000000036,16,5,99,False,False,K01,0.2182677165354463,K01,0.2182677165354463,State measurement and problem diagnosis,#CDD1D5
NSF,US_26163,Wayne County,county_or_equivalent,MI,"Wayne, MI",K02,15.333333333333,4999.999999999829,5.0,1635.999999999925,0.30666666666667053,0.3056234718826546,-0.0010431947840159328,32.608695652174625,32.71999999999962,16,5,99,False,False,K01,0.2182677165354463,K01,0.2182677165354463,State measurement and problem diagnosis,#CDD1D5
NSF,US_26163,Wayne County,county_or_equivalent,MI,"Wayne, MI",K03,15.333333333333,4999.999999999829,1.0,489.499999999976,0.30666666666667053,0.2042900919305514,-0.10237657473611914,6.521739130434924,9.789999999999857,16,1,99,False,False,K01,0.2182677165354463,K01,0.2182677165354463,State measurement and problem diagnosis,#CDD1D5
NSF,US_26163,Wayne County,county_or_equivalent,MI,"Wayne, MI",K04,15.333333333333,4999.999999999829,4.333333333333,1428.999999999969,0.30666666666667053,0.30324236062512905,-0.0034243060415414805,28.26086956521583,28.580000000000364,16,5,99,False,False,K01,0.2182677165354463,K01,0.2182677165354463,State measurement and problem diagnosis,#CDD1D5
NSF,US_26163,Wayne County,county_or_equivalent,MI,"Wayne, MI",K05,15.333333333333,4999.999999999829,0.0,450.99999999999,0.30666666666667053,0.0,-0.30666666666667053,0.0,9.02000000000011,16,0,99,False,False,K01,0.2182677165354463,K01,0.2182677165354463,State measurement and problem diagnosis,#CDD1D5
NSF,US_26163,Wayne County,county_or_equivalent,MI,"Wayne, MI",K06,15.333333333333,4999.999999999829,0.0,41.999999999999,0.30666666666667053,0.0,-0.30666666666667053,0.0,0.8400000000000089,16,0,99,False,False,K01,0.2182677165354463,K01,0.2182677165354463,State measurement and problem diagnosis,#CDD1D5
NSF,US_27007,Beltrami County,county_or_equivalent,MN,"Beltrami, MN",K01,0.25,4999.999999999829,0.0,952.499999999969,0.005000000000000172,0.0,-0.005000000000000172,0.0,19.050000000000036,1,0,349,False,False,K02,0.010281173594132557,K02,0.010281173594132557,Mechanism analysis and causal identification,#CDD1D5
NSF,US_27007,Beltrami County,county_or_equivalent,MN,"Beltrami, MN",K02,0.25,4999.999999999829,0.25,1635.999999999925,0.005000000000000172,0.01528117359413273,0.010281173594132557,100.0,32.71999999999962,1,1,349,False,False,K02,0.010281173594132557,K02,0.010281173594132557,Mechanism analysis and causal identification,#CDD1D5
NSF,US_27007,Beltrami County,county_or_equivalent,MN,"Beltrami, MN",K03,0.25,4999.999999999829,0.0,489.499999999976,0.005000000000000172,0.0,-0.005000000000000172,0.0,9.789999999999857,1,0,349,False,False,K02,0.010281173594132557,K02,0.010281173594132557,Mechanism analysis and causal identification,#CDD1D5
NSF,US_27007,Beltrami County,county_or_equivalent,MN,"Beltrami, MN",K04,0.25,4999.999999999829,0.0,1428.999999999969,0.005000000000000172,0.0,-0.005000000000000172,0.0,28.580000000000364,1,0,349,False,False,K02,0.010281173594132557,K02,0.010281173594132557,Mechanism analysis and causal identification,#CDD1D5
NSF,US_27007,Beltrami County,county_or_equivalent,MN,"Beltrami, MN",K05,0.25,4999.999999999829,0.0,450.99999999999,0.005000000000000172,0.0,-0.005000000000000172,0.0,9.02000000000011,1,0,349,False,False,K02,0.010281173594132557,K02,0.010281173594132557,Mechanism analysis and causal identification,#CDD1D5
NSF,US_27007,Beltrami County,county_or_equivalent,MN,"Beltrami, MN",K06,0.25,4999.999999999829,0.0,41.999999999999,0.005000000000000172,0.0,-0.005000000000000172,0.0,0.8400000000000089,1,0,349,False,False,K02,0.010281173594132557,K02,0.010281173594132557,Mechanism analysis and causal identification,#CDD1D5
NSF,US_27053,Hennepin County,county_or_equivalent,MN,"Hennepin, MN",K01,39.949999999998,4999.999999999829,6.7,952.499999999969,0.7989999999999875,0.7034120734908366,-0.09558792650915093,16.77096370463163,19.050000000000036,49,8,37,False,False,K03,0.4948372488934363,K03,0.4948372488934363,Scenario simulation and risk prediction,#CDD1D5
NSF,US_27053,Hennepin County,county_or_equivalent,MN,"Hennepin, MN",K02,39.949999999998,4999.999999999829,8.583333333332,1635.999999999925,0.7989999999999875,0.5246536267318089,-0.27434637326817857,21.485189820606834,32.71999999999962,49,13,37,False,False,K03,0.4948372488934363,K03,0.4948372488934363,Scenario simulation and risk prediction,#CDD1D5
NSF,US_27053,Hennepin County,county_or_equivalent,MN,"Hennepin, MN",K03,39.949999999998,4999.999999999829,6.333333333333,489.499999999976,0.7989999999999875,1.2938372488934238,0.4948372488934363,15.853149770546475,9.789999999999857,49,8,37,False,False,K03,0.4948372488934363,K03,0.4948372488934363,Scenario simulation and risk prediction,#CDD1D5
NSF,US_27053,Hennepin County,county_or_equivalent,MN,"Hennepin, MN",K04,39.949999999998,4999.999999999829,14.333333333333,1428.999999999969,0.7989999999999875,1.0030324236062498,0.20403242360626228,35.87818105965887,28.580000000000364,49,16,37,False,False,K03,0.4948372488934363,K03,0.4948372488934363,Scenario simulation and risk prediction,#CDD1D5
NSF,US_27053,Hennepin County,county_or_equivalent,MN,"Hennepin, MN",K05,39.949999999998,4999.999999999829,4.0,450.99999999999,0.7989999999999875,0.8869179600887115,0.08791796008872399,10.012515644556196,9.02000000000011,49,4,37,False,False,K03,0.4948372488934363,K03,0.4948372488934363,Scenario simulation and risk prediction,#CDD1D5
NSF,US_27053,Hennepin County,county_or_equivalent,MN,"Hennepin, MN",K06,39.949999999998,4999.999999999829,0.0,41.999999999999,0.7989999999999875,0.0,-0.7989999999999875,0.0,0.8400000000000089,49,0,37,False,False,K03,0.4948372488934363,K03,0.4948372488934363,Scenario simulation and risk prediction,#CDD1D5
NSF,US_27103,Nicollet County,county_or_equivalent,MN,"Nicollet, MN",K01,0.333333333333,4999.999999999829,0.0,952.499999999969,0.00666666666666023,0.0,-0.00666666666666023,0.0,19.050000000000036,1,0,342,False,False,K02,0.013708231458829703,K02,0.013708231458829703,Mechanism analysis and causal identification,#CDD1D5
NSF,US_27103,Nicollet County,county_or_equivalent,MN,"Nicollet, MN",K02,0.333333333333,4999.999999999829,0.333333333333,1635.999999999925,0.00666666666666023,0.020374898125489933,0.013708231458829703,100.0,32.71999999999962,1,1,342,False,False,K02,0.013708231458829703,K02,0.013708231458829703,Mechanism analysis and causal identification,#CDD1D5
NSF,US_27103,Nicollet County,county_or_equivalent,MN,"Nicollet, MN",K03,0.333333333333,4999.999999999829,0.0,489.499999999976,0.00666666666666023,0.0,-0.00666666666666023,0.0,9.789999999999857,1,0,342,False,False,K02,0.013708231458829703,K02,0.013708231458829703,Mechanism analysis and causal identification,#CDD1D5
NSF,US_27103,Nicollet County,county_or_equivalent,MN,"Nicollet, MN",K04,0.333333333333,4999.999999999829,0.0,1428.999999999969,0.00666666666666023,0.0,-0.00666666666666023,0.0,28.580000000000364,1,0,342,False,False,K02,0.013708231458829703,K02,0.013708231458829703,Mechanism analysis and causal identification,#CDD1D5
NSF,US_27103,Nicollet County,county_or_equivalent,MN,"Nicollet, MN",K05,0.333333333333,4999.999999999829,0.0,450.99999999999,0.00666666666666023,0.0,-0.00666666666666023,0.0,9.02000000000011,1,0,342,False,False,K02,0.013708231458829703,K02,0.013708231458829703,Mechanism analysis and causal identification,#CDD1D5
NSF,US_27103,Nicollet County,county_or_equivalent,MN,"Nicollet, MN",K06,0.333333333333,4999.999999999829,0.0,41.999999999999,0.00666666666666023,0.0,-0.00666666666666023,0.0,0.8400000000000089,1,0,342,False,False,K02,0.013708231458829703,K02,0.013708231458829703,Mechanism analysis and causal identification,#CDD1D5
NSF,US_27123,Ramsey County,county_or_equivalent,MN,"Ramsey, MN",K01,4.0,4999.999999999829,1.0,952.499999999969,0.08000000000000275,0.10498687664042337,0.024986876640420624,25.0,19.050000000000036,4,1,174,False,False,K03,0.12429009193054864,K03,0.12429009193054864,Scenario simulation and risk prediction,#CDD1D5
NSF,US_27123,Ramsey County,county_or_equivalent,MN,"Ramsey, MN",K02,4.0,4999.999999999829,0.0,1635.999999999925,0.08000000000000275,0.0,-0.08000000000000275,0.0,32.71999999999962,4,0,174,False,False,K03,0.12429009193054864,K03,0.12429009193054864,Scenario simulation and risk prediction,#CDD1D5
NSF,US_27123,Ramsey County,county_or_equivalent,MN,"Ramsey, MN",K03,4.0,4999.999999999829,1.0,489.499999999976,0.08000000000000275,0.2042900919305514,0.12429009193054864,25.0,9.789999999999857,4,1,174,False,False,K03,0.12429009193054864,K03,0.12429009193054864,Scenario simulation and risk prediction,#CDD1D5
NSF,US_27123,Ramsey County,county_or_equivalent,MN,"Ramsey, MN",K04,4.0,4999.999999999829,2.0,1428.999999999969,0.08000000000000275,0.13995801259622417,0.059958012596221424,50.0,28.580000000000364,4,2,174,False,False,K03,0.12429009193054864,K03,0.12429009193054864,Scenario simulation and risk prediction,#CDD1D5
NSF,US_27123,Ramsey County,county_or_equivalent,MN,"Ramsey, MN",K05,4.0,4999.999999999829,0.0,450.99999999999,0.08000000000000275,0.0,-0.08000000000000275,0.0,9.02000000000011,4,0,174,False,False,K03,0.12429009193054864,K03,0.12429009193054864,Scenario simulation and risk prediction,#CDD1D5
NSF,US_27123,Ramsey County,county_or_equivalent,MN,"Ramsey, MN",K06,4.0,4999.999999999829,0.0,41.999999999999,0.08000000000000275,0.0,-0.08000000000000275,0.0,0.8400000000000089,4,0,174,False,False,K03,0.12429009193054864,K03,0.12429009193054864,Scenario simulation and risk prediction,#CDD1D5
NSF,US_27131,Rice County,county_or_equivalent,MN,"Rice, MN",K01,1.0,4999.999999999829,0.0,952.499999999969,0.020000000000000687,0.0,-0.020000000000000687,0.0,19.050000000000036,1,0,283,False,False,K02,0.04112469437653023,K02,0.04112469437653023,Mechanism analysis and causal identification,#CDD1D5
NSF,US_27131,Rice County,county_or_equivalent,MN,"Rice, MN",K02,1.0,4999.999999999829,1.0,1635.999999999925,0.020000000000000687,0.06112469437653092,0.04112469437653023,100.0,32.71999999999962,1,1,283,False,False,K02,0.04112469437653023,K02,0.04112469437653023,Mechanism analysis and causal identification,#CDD1D5
NSF,US_27131,Rice County,county_or_equivalent,MN,"Rice, MN",K03,1.0,4999.999999999829,0.0,489.499999999976,0.020000000000000687,0.0,-0.020000000000000687,0.0,9.789999999999857,1,0,283,False,False,K02,0.04112469437653023,K02,0.04112469437653023,Mechanism analysis and causal identification,#CDD1D5
NSF,US_27131,Rice County,county_or_equivalent,MN,"Rice, MN",K04,1.0,4999.999999999829,0.0,1428.999999999969,0.020000000000000687,0.0,-0.020000000000000687,0.0,28.580000000000364,1,0,283,False,False,K02,0.04112469437653023,K02,0.04112469437653023,Mechanism analysis and causal identification,#CDD1D5
NSF,US_27131,Rice County,county_or_equivalent,MN,"Rice, MN",K05,1.0,4999.999999999829,0.0,450.99999999999,0.020000000000000687,0.0,-0.020000000000000687,0.0,9.02000000000011,1,0,283,False,False,K02,0.04112469437653023,K02,0.04112469437653023,Mechanism analysis and causal identification,#CDD1D5
NSF,US_27131,Rice County,county_or_equivalent,MN,"Rice, MN",K06,1.0,4999.999999999829,0.0,41.999999999999,0.020000000000000687,0.0,-0.020000000000000687,0.0,0.8400000000000089,1,0,283,False,False,K02,0.04112469437653023,K02,0.04112469437653023,Mechanism analysis and causal identification,#CDD1D5
NSF,US_27137,St. Louis County,county_or_equivalent,MN,"St. Louis, MN",K01,6.366666666666,4999.999999999829,3.533333333333,952.499999999969,0.1273333333333244,0.3709536307961276,0.2436202974628032,55.49738219895345,19.050000000000036,9,5,148,False,False,K01,0.2436202974628032,K01,0.2436202974628032,State measurement and problem diagnosis,#CDD1D5
NSF,US_27137,St. Louis County,county_or_equivalent,MN,"St. Louis, MN",K02,6.366666666666,4999.999999999829,2.833333333333,1635.999999999925,0.1273333333333244,0.17318663406681722,0.045853300733492836,44.50261780104655,32.71999999999962,9,4,148,False,False,K01,0.2436202974628032,K01,0.2436202974628032,State measurement and problem diagnosis,#CDD1D5
NSF,US_27137,St. Louis County,county_or_equivalent,MN,"St. Louis, MN",K03,6.366666666666,4999.999999999829,0.0,489.499999999976,0.1273333333333244,0.0,-0.1273333333333244,0.0,9.789999999999857,9,0,148,False,False,K01,0.2436202974628032,K01,0.2436202974628032,State measurement and problem diagnosis,#CDD1D5
NSF,US_27137,St. Louis County,county_or_equivalent,MN,"St. Louis, MN",K04,6.366666666666,4999.999999999829,0.0,1428.999999999969,0.1273333333333244,0.0,-0.1273333333333244,0.0,28.580000000000364,9,0,148,False,False,K01,0.2436202974628032,K01,0.2436202974628032,State measurement and problem diagnosis,#CDD1D5
NSF,US_27137,St. Louis County,county_or_equivalent,MN,"St. Louis, MN",K05,6.366666666666,4999.999999999829,0.0,450.99999999999,0.1273333333333244,0.0,-0.1273333333333244,0.0,9.02000000000011,9,0,148,False,False,K01,0.2436202974628032,K01,0.2436202974628032,State measurement and problem diagnosis,#CDD1D5
NSF,US_27137,St. Louis County,county_or_equivalent,MN,"St. Louis, MN",K06,6.366666666666,4999.999999999829,0.0,41.999999999999,0.1273333333333244,0.0,-0.1273333333333244,0.0,0.8400000000000089,9,0,148,False,False,K01,0.2436202974628032,K01,0.2436202974628032,State measurement and problem diagnosis,#CDD1D5
NSF,US_28035,Forrest County,county_or_equivalent,MS,"Forrest, MS",K01,3.5,4999.999999999829,1.5,952.499999999969,0.07000000000000241,0.15748031496063505,0.08748031496063265,42.857142857142854,19.050000000000036,4,2,181,False,False,K01,0.08748031496063265,K01,0.08748031496063265,State measurement and problem diagnosis,#CDD1D5
NSF,US_28035,Forrest County,county_or_equivalent,MS,"Forrest, MS",K02,3.5,4999.999999999829,0.0,1635.999999999925,0.07000000000000241,0.0,-0.07000000000000241,0.0,32.71999999999962,4,0,181,False,False,K01,0.08748031496063265,K01,0.08748031496063265,State measurement and problem diagnosis,#CDD1D5
NSF,US_28035,Forrest County,county_or_equivalent,MS,"Forrest, MS",K03,3.5,4999.999999999829,0.0,489.499999999976,0.07000000000000241,0.0,-0.07000000000000241,0.0,9.789999999999857,4,0,181,False,False,K01,0.08748031496063265,K01,0.08748031496063265,State measurement and problem diagnosis,#CDD1D5
NSF,US_28035,Forrest County,county_or_equivalent,MS,"Forrest, MS",K04,3.5,4999.999999999829,2.0,1428.999999999969,0.07000000000000241,0.13995801259622417,0.06995801259622177,57.142857142857146,28.580000000000364,4,2,181,False,False,K01,0.08748031496063265,K01,0.08748031496063265,State measurement and problem diagnosis,#CDD1D5
NSF,US_28035,Forrest County,county_or_equivalent,MS,"Forrest, MS",K05,3.5,4999.999999999829,0.0,450.99999999999,0.07000000000000241,0.0,-0.07000000000000241,0.0,9.02000000000011,4,0,181,False,False,K01,0.08748031496063265,K01,0.08748031496063265,State measurement and problem diagnosis,#CDD1D5
NSF,US_28035,Forrest County,county_or_equivalent,MS,"Forrest, MS",K06,3.5,4999.999999999829,0.0,41.999999999999,0.07000000000000241,0.0,-0.07000000000000241,0.0,0.8400000000000089,4,0,181,False,False,K01,0.08748031496063265,K01,0.08748031496063265,State measurement and problem diagnosis,#CDD1D5
NSF,US_28071,Lafayette County,county_or_equivalent,MS,"Lafayette, MS",K01,3.333333333333,4999.999999999829,1.0,952.499999999969,0.0666666666666623,0.10498687664042337,0.03832020997376108,30.000000000003002,19.050000000000036,5,1,184,False,False,K01,0.03832020997376108,K01,0.03832020997376108,State measurement and problem diagnosis,#CDD1D5
NSF,US_28071,Lafayette County,county_or_equivalent,MS,"Lafayette, MS",K02,3.333333333333,4999.999999999829,1.333333333333,1635.999999999925,0.0666666666666623,0.08149959250202085,0.014832925835358557,39.999999999994,32.71999999999962,5,3,184,False,False,K01,0.03832020997376108,K01,0.03832020997376108,State measurement and problem diagnosis,#CDD1D5
NSF,US_28071,Lafayette County,county_or_equivalent,MS,"Lafayette, MS",K03,3.333333333333,4999.999999999829,0.0,489.499999999976,0.0666666666666623,0.0,-0.0666666666666623,0.0,9.789999999999857,5,0,184,False,False,K01,0.03832020997376108,K01,0.03832020997376108,State measurement and problem diagnosis,#CDD1D5
NSF,US_28071,Lafayette County,county_or_equivalent,MS,"Lafayette, MS",K04,3.333333333333,4999.999999999829,1.0,1428.999999999969,0.0666666666666623,0.06997900629811209,0.0033123396314497927,30.000000000003002,28.580000000000364,5,1,184,False,False,K01,0.03832020997376108,K01,0.03832020997376108,State measurement and problem diagnosis,#CDD1D5
NSF,US_28071,Lafayette County,county_or_equivalent,MS,"Lafayette, MS",K05,3.333333333333,4999.999999999829,0.0,450.99999999999,0.0666666666666623,0.0,-0.0666666666666623,0.0,9.02000000000011,5,0,184,False,False,K01,0.03832020997376108,K01,0.03832020997376108,State measurement and problem diagnosis,#CDD1D5
NSF,US_28071,Lafayette County,county_or_equivalent,MS,"Lafayette, MS",K06,3.333333333333,4999.999999999829,0.0,41.999999999999,0.0666666666666623,0.0,-0.0666666666666623,0.0,0.8400000000000089,5,0,184,False,False,K01,0.03832020997376108,K01,0.03832020997376108,State measurement and problem diagnosis,#CDD1D5
NSF,US_28105,Oktibbeha County,county_or_equivalent,MS,"Oktibbeha, MS",K01,4.5,4999.999999999829,0.0,952.499999999969,0.09000000000000309,0.0,-0.09000000000000309,0.0,19.050000000000036,7,0,167,False,False,K05,0.24259423503326372,K05,0.24259423503326372,Planning decision support and policy design,#CDD1D5
NSF,US_28105,Oktibbeha County,county_or_equivalent,MS,"Oktibbeha, MS",K02,4.5,4999.999999999829,1.5,1635.999999999925,0.09000000000000309,0.09168704156479639,0.0016870415647932957,33.333333333333336,32.71999999999962,7,3,167,False,False,K05,0.24259423503326372,K05,0.24259423503326372,Planning decision support and policy design,#CDD1D5
NSF,US_28105,Oktibbeha County,county_or_equivalent,MS,"Oktibbeha, MS",K03,4.5,4999.999999999829,0.5,489.499999999976,0.09000000000000309,0.1021450459652757,0.012145045965272605,11.11111111111111,9.789999999999857,7,1,167,False,False,K05,0.24259423503326372,K05,0.24259423503326372,Planning decision support and policy design,#CDD1D5
NSF,US_28105,Oktibbeha County,county_or_equivalent,MS,"Oktibbeha, MS",K04,4.5,4999.999999999829,1.0,1428.999999999969,0.09000000000000309,0.06997900629811209,-0.020020993701891004,22.22222222222222,28.580000000000364,7,1,167,False,False,K05,0.24259423503326372,K05,0.24259423503326372,Planning decision support and policy design,#CDD1D5
NSF,US_28105,Oktibbeha County,county_or_equivalent,MS,"Oktibbeha, MS",K05,4.5,4999.999999999829,1.5,450.99999999999,0.09000000000000309,0.3325942350332668,0.24259423503326372,33.333333333333336,9.02000000000011,7,2,167,False,False,K05,0.24259423503326372,K05,0.24259423503326372,Planning decision support and policy design,#CDD1D5
NSF,US_28105,Oktibbeha County,county_or_equivalent,MS,"Oktibbeha, MS",K06,4.5,4999.999999999829,0.0,41.999999999999,0.09000000000000309,0.0,-0.09000000000000309,0.0,0.8400000000000089,7,0,167,False,False,K05,0.24259423503326372,K05,0.24259423503326372,Planning decision support and policy design,#CDD1D5
NSF,US_29019,Boone County,county_or_equivalent,MO,"Boone, MO",K01,9.0,4999.999999999829,2.0,952.499999999969,0.18000000000000618,0.20997375328084675,0.029973753280840565,22.22222222222222,19.050000000000036,11,2,133,False,False,K02,0.03393643031785204,K02,0.03393643031785204,Mechanism analysis and causal identification,#CDD1D5
NSF,US_29019,Boone County,county_or_equivalent,MO,"Boone, MO",K02,9.0,4999.999999999829,3.5,1635.999999999925,0.18000000000000618,0.21393643031785822,0.03393643031785204,38.888888888888886,32.71999999999962,11,5,133,False,False,K02,0.03393643031785204,K02,0.03393643031785204,Mechanism analysis and causal identification,#CDD1D5
NSF,US_29019,Boone County,county_or_equivalent,MO,"Boone, MO",K03,9.0,4999.999999999829,1.0,489.499999999976,0.18000000000000618,0.2042900919305514,0.02429009193054521,11.11111111111111,9.789999999999857,11,1,133,False,False,K02,0.03393643031785204,K02,0.03393643031785204,Mechanism analysis and causal identification,#CDD1D5
NSF,US_29019,Boone County,county_or_equivalent,MO,"Boone, MO",K04,9.0,4999.999999999829,2.5,1428.999999999969,0.18000000000000618,0.1749475157452802,-0.005052484254725986,27.77777777777778,28.580000000000364,11,3,133,False,False,K02,0.03393643031785204,K02,0.03393643031785204,Mechanism analysis and causal identification,#CDD1D5
NSF,US_29019,Boone County,county_or_equivalent,MO,"Boone, MO",K05,9.0,4999.999999999829,0.0,450.99999999999,0.18000000000000618,0.0,-0.18000000000000618,0.0,9.02000000000011,11,0,133,False,False,K02,0.03393643031785204,K02,0.03393643031785204,Mechanism analysis and causal identification,#CDD1D5
NSF,US_29019,Boone County,county_or_equivalent,MO,"Boone, MO",K06,9.0,4999.999999999829,0.0,41.999999999999,0.18000000000000618,0.0,-0.18000000000000618,0.0,0.8400000000000089,11,0,133,False,False,K02,0.03393643031785204,K02,0.03393643031785204,Mechanism analysis and causal identification,#CDD1D5
NSF,US_29037,Cass County,county_or_equivalent,MO,"Cass, MO",K01,1.0,4999.999999999829,0.0,952.499999999969,0.020000000000000687,0.0,-0.020000000000000687,0.0,19.050000000000036,1,0,284,False,False,K02,0.04112469437653023,K02,0.04112469437653023,Mechanism analysis and causal identification,#CDD1D5
NSF,US_29037,Cass County,county_or_equivalent,MO,"Cass, MO",K02,1.0,4999.999999999829,1.0,1635.999999999925,0.020000000000000687,0.06112469437653092,0.04112469437653023,100.0,32.71999999999962,1,1,284,False,False,K02,0.04112469437653023,K02,0.04112469437653023,Mechanism analysis and causal identification,#CDD1D5
NSF,US_29037,Cass County,county_or_equivalent,MO,"Cass, MO",K03,1.0,4999.999999999829,0.0,489.499999999976,0.020000000000000687,0.0,-0.020000000000000687,0.0,9.789999999999857,1,0,284,False,False,K02,0.04112469437653023,K02,0.04112469437653023,Mechanism analysis and causal identification,#CDD1D5
NSF,US_29037,Cass County,county_or_equivalent,MO,"Cass, MO",K04,1.0,4999.999999999829,0.0,1428.999999999969,0.020000000000000687,0.0,-0.020000000000000687,0.0,28.580000000000364,1,0,284,False,False,K02,0.04112469437653023,K02,0.04112469437653023,Mechanism analysis and causal identification,#CDD1D5
NSF,US_29037,Cass County,county_or_equivalent,MO,"Cass, MO",K05,1.0,4999.999999999829,0.0,450.99999999999,0.020000000000000687,0.0,-0.020000000000000687,0.0,9.02000000000011,1,0,284,False,False,K02,0.04112469437653023,K02,0.04112469437653023,Mechanism analysis and causal identification,#CDD1D5
NSF,US_29037,Cass County,county_or_equivalent,MO,"Cass, MO",K06,1.0,4999.999999999829,0.0,41.999999999999,0.020000000000000687,0.0,-0.020000000000000687,0.0,0.8400000000000089,1,0,284,False,False,K02,0.04112469437653023,K02,0.04112469437653023,Mechanism analysis and causal identification,#CDD1D5
NSF,US_29077,Greene County,county_or_equivalent,MO,"Greene, MO",K01,1.0,4999.999999999829,0.0,952.499999999969,0.020000000000000687,0.0,-0.020000000000000687,0.0,19.050000000000036,1,0,285,False,False,K02,0.04112469437653023,K02,0.04112469437653023,Mechanism analysis and causal identification,#CDD1D5
NSF,US_29077,Greene County,county_or_equivalent,MO,"Greene, MO",K02,1.0,4999.999999999829,1.0,1635.999999999925,0.020000000000000687,0.06112469437653092,0.04112469437653023,100.0,32.71999999999962,1,1,285,False,False,K02,0.04112469437653023,K02,0.04112469437653023,Mechanism analysis and causal identification,#CDD1D5
NSF,US_29077,Greene County,county_or_equivalent,MO,"Greene, MO",K03,1.0,4999.999999999829,0.0,489.499999999976,0.020000000000000687,0.0,-0.020000000000000687,0.0,9.789999999999857,1,0,285,False,False,K02,0.04112469437653023,K02,0.04112469437653023,Mechanism analysis and causal identification,#CDD1D5
NSF,US_29077,Greene County,county_or_equivalent,MO,"Greene, MO",K04,1.0,4999.999999999829,0.0,1428.999999999969,0.020000000000000687,0.0,-0.020000000000000687,0.0,28.580000000000364,1,0,285,False,False,K02,0.04112469437653023,K02,0.04112469437653023,Mechanism analysis and causal identification,#CDD1D5
NSF,US_29077,Greene County,county_or_equivalent,MO,"Greene, MO",K05,1.0,4999.999999999829,0.0,450.99999999999,0.020000000000000687,0.0,-0.020000000000000687,0.0,9.02000000000011,1,0,285,False,False,K02,0.04112469437653023,K02,0.04112469437653023,Mechanism analysis and causal identification,#CDD1D5
NSF,US_29077,Greene County,county_or_equivalent,MO,"Greene, MO",K06,1.0,4999.999999999829,0.0,41.999999999999,0.020000000000000687,0.0,-0.020000000000000687,0.0,0.8400000000000089,1,0,285,False,False,K02,0.04112469437653023,K02,0.04112469437653023,Mechanism analysis and causal identification,#CDD1D5
NSF,US_29095,Jackson County,county_or_equivalent,MO,"Jackson, MO",K01,1.0,4999.999999999829,0.0,952.499999999969,0.020000000000000687,0.0,-0.020000000000000687,0.0,19.050000000000036,1,0,286,False,False,K04,0.0499790062981114,K04,0.0499790062981114,Intervention design and performance optimization,#CDD1D5
NSF,US_29095,Jackson County,county_or_equivalent,MO,"Jackson, MO",K02,1.0,4999.999999999829,0.0,1635.999999999925,0.020000000000000687,0.0,-0.020000000000000687,0.0,32.71999999999962,1,0,286,False,False,K04,0.0499790062981114,K04,0.0499790062981114,Intervention design and performance optimization,#CDD1D5
NSF,US_29095,Jackson County,county_or_equivalent,MO,"Jackson, MO",K03,1.0,4999.999999999829,0.0,489.499999999976,0.020000000000000687,0.0,-0.020000000000000687,0.0,9.789999999999857,1,0,286,False,False,K04,0.0499790062981114,K04,0.0499790062981114,Intervention design and performance optimization,#CDD1D5
NSF,US_29095,Jackson County,county_or_equivalent,MO,"Jackson, MO",K04,1.0,4999.999999999829,1.0,1428.999999999969,0.020000000000000687,0.06997900629811209,0.0499790062981114,100.0,28.580000000000364,1,1,286,False,False,K04,0.0499790062981114,K04,0.0499790062981114,Intervention design and performance optimization,#CDD1D5
NSF,US_29095,Jackson County,county_or_equivalent,MO,"Jackson, MO",K05,1.0,4999.999999999829,0.0,450.99999999999,0.020000000000000687,0.0,-0.020000000000000687,0.0,9.02000000000011,1,0,286,False,False,K04,0.0499790062981114,K04,0.0499790062981114,Intervention design and performance optimization,#CDD1D5
NSF,US_29095,Jackson County,county_or_equivalent,MO,"Jackson, MO",K06,1.0,4999.999999999829,0.0,41.999999999999,0.020000000000000687,0.0,-0.020000000000000687,0.0,0.8400000000000089,1,0,286,False,False,K04,0.0499790062981114,K04,0.0499790062981114,Intervention design and performance optimization,#CDD1D5
NSF,US_29161,Phelps County,county_or_equivalent,MO,"Phelps, MO",K01,16.333333333333,4999.999999999829,1.5,952.499999999969,0.32666666666667127,0.15748031496063505,-0.16918635170603621,9.18367346938794,19.050000000000036,20,2,93,False,False,K04,0.3089759738744901,K04,0.3089759738744901,Intervention design and performance optimization,#CDD1D5
NSF,US_29161,Phelps County,county_or_equivalent,MO,"Phelps, MO",K02,16.333333333333,4999.999999999829,3.5,1635.999999999925,0.32666666666667127,0.21393643031785822,-0.11273023634881305,21.428571428571864,32.71999999999962,20,4,93,False,False,K04,0.3089759738744901,K04,0.3089759738744901,Intervention design and performance optimization,#CDD1D5
NSF,US_29161,Phelps County,county_or_equivalent,MO,"Phelps, MO",K03,16.333333333333,4999.999999999829,1.25,489.499999999976,0.32666666666667127,0.25536261491318923,-0.07130405175348203,7.653061224489951,9.789999999999857,20,2,93,False,False,K04,0.3089759738744901,K04,0.3089759738744901,Intervention design and performance optimization,#CDD1D5
NSF,US_29161,Phelps County,county_or_equivalent,MO,"Phelps, MO",K04,16.333333333333,4999.999999999829,9.083333333333,1428.999999999969,0.32666666666667127,0.6356426405411614,0.3089759738744901,55.61224489795827,28.580000000000364,20,11,93,False,False,K04,0.3089759738744901,K04,0.3089759738744901,Intervention design and performance optimization,#CDD1D5
NSF,US_29161,Phelps County,county_or_equivalent,MO,"Phelps, MO",K05,16.333333333333,4999.999999999829,1.0,450.99999999999,0.32666666666667127,0.22172949002217787,-0.1049371766444934,6.122448979591961,9.02000000000011,20,1,93,False,False,K04,0.3089759738744901,K04,0.3089759738744901,Intervention design and performance optimization,#CDD1D5
NSF,US_29161,Phelps County,county_or_equivalent,MO,"Phelps, MO",K06,16.333333333333,4999.999999999829,0.0,41.999999999999,0.32666666666667127,0.0,-0.32666666666667127,0.0,0.8400000000000089,20,0,93,False,False,K04,0.3089759738744901,K04,0.3089759738744901,Intervention design and performance optimization,#CDD1D5
NSF,US_29225,Webster County,county_or_equivalent,MO,"Webster, MO",K01,1.0,4999.999999999829,0.0,952.499999999969,0.020000000000000687,0.0,-0.020000000000000687,0.0,19.050000000000036,1,0,287,False,False,K04,0.0499790062981114,K04,0.0499790062981114,Intervention design and performance optimization,#CDD1D5
NSF,US_29225,Webster County,county_or_equivalent,MO,"Webster, MO",K02,1.0,4999.999999999829,0.0,1635.999999999925,0.020000000000000687,0.0,-0.020000000000000687,0.0,32.71999999999962,1,0,287,False,False,K04,0.0499790062981114,K04,0.0499790062981114,Intervention design and performance optimization,#CDD1D5
NSF,US_29225,Webster County,county_or_equivalent,MO,"Webster, MO",K03,1.0,4999.999999999829,0.0,489.499999999976,0.020000000000000687,0.0,-0.020000000000000687,0.0,9.789999999999857,1,0,287,False,False,K04,0.0499790062981114,K04,0.0499790062981114,Intervention design and performance optimization,#CDD1D5
NSF,US_29225,Webster County,county_or_equivalent,MO,"Webster, MO",K04,1.0,4999.999999999829,1.0,1428.999999999969,0.020000000000000687,0.06997900629811209,0.0499790062981114,100.0,28.580000000000364,1,1,287,False,False,K04,0.0499790062981114,K04,0.0499790062981114,Intervention design and performance optimization,#CDD1D5
NSF,US_29225,Webster County,county_or_equivalent,MO,"Webster, MO",K05,1.0,4999.999999999829,0.0,450.99999999999,0.020000000000000687,0.0,-0.020000000000000687,0.0,9.02000000000011,1,0,287,False,False,K04,0.0499790062981114,K04,0.0499790062981114,Intervention design and performance optimization,#CDD1D5
NSF,US_29225,Webster County,county_or_equivalent,MO,"Webster, MO",K06,1.0,4999.999999999829,0.0,41.999999999999,0.020000000000000687,0.0,-0.020000000000000687,0.0,0.8400000000000089,1,0,287,False,False,K04,0.0499790062981114,K04,0.0499790062981114,Intervention design and performance optimization,#CDD1D5
NSF,US_29510,St. Louis (county equivalent),county_or_equivalent,MO,"St. Louis (county equivalent), MO",K01,15.833333333333,4999.999999999829,3.333333333333,952.499999999969,0.3166666666666709,0.3499562554680429,0.03328958880137195,21.052631578945707,19.050000000000036,20,4,97,False,False,K06,2.064285714285767,K05,0.12679231337768482,Planning decision support and policy design,#CDD1D5
NSF,US_29510,St. Louis (county equivalent),county_or_equivalent,MO,"St. Louis (county equivalent), MO",K02,15.833333333333,4999.999999999829,6.0,1635.999999999925,0.3166666666666709,0.36674816625918555,0.05008149959251462,37.89473684210606,32.71999999999962,20,9,97,False,False,K06,2.064285714285767,K05,0.12679231337768482,Planning decision support and policy design,#CDD1D5
NSF,US_29510,St. Louis (county equivalent),county_or_equivalent,MO,"St. Louis (county equivalent), MO",K03,15.833333333333,4999.999999999829,0.0,489.499999999976,0.3166666666666709,0.0,-0.3166666666666709,0.0,9.789999999999857,20,0,97,False,False,K06,2.064285714285767,K05,0.12679231337768482,Planning decision support and policy design,#CDD1D5
NSF,US_29510,St. Louis (county equivalent),county_or_equivalent,MO,"St. Louis (county equivalent), MO",K04,15.833333333333,4999.999999999829,3.5,1428.999999999969,0.3166666666666709,0.2449265220433923,-0.07174014462327863,22.1052631578952,28.580000000000364,20,4,97,False,False,K06,2.064285714285767,K05,0.12679231337768482,Planning decision support and policy design,#CDD1D5
NSF,US_29510,St. Louis (county equivalent),county_or_equivalent,MO,"St. Louis (county equivalent), MO",K05,15.833333333333,4999.999999999829,2.0,450.99999999999,0.3166666666666709,0.44345898004435574,0.12679231337768482,12.631578947368688,9.02000000000011,20,2,97,False,False,K06,2.064285714285767,K05,0.12679231337768482,Planning decision support and policy design,#CDD1D5
NSF,US_29510,St. Louis (county equivalent),county_or_equivalent,MO,"St. Louis (county equivalent), MO",K06,15.833333333333,4999.999999999829,1.0,41.999999999999,0.3166666666666709,2.3809523809524378,2.064285714285767,6.315789473684344,0.8400000000000089,20,1,97,False,False,K06,2.064285714285767,K05,0.12679231337768482,Planning decision support and policy design,#CDD1D5
NSF,US_30031,Gallatin County,county_or_equivalent,MT,"Gallatin, MT",K01,9.5,4999.999999999829,0.5,952.499999999969,0.19000000000000652,0.05249343832021169,-0.13750656167979483,5.2631578947368425,19.050000000000036,11,1,127,False,False,K02,0.17674816625917902,K02,0.17674816625917902,Mechanism analysis and causal identification,#CDD1D5
NSF,US_30031,Gallatin County,county_or_equivalent,MT,"Gallatin, MT",K02,9.5,4999.999999999829,6.0,1635.999999999925,0.19000000000000652,0.36674816625918555,0.17674816625917902,63.1578947368421,32.71999999999962,11,7,127,False,False,K02,0.17674816625917902,K02,0.17674816625917902,Mechanism analysis and causal identification,#CDD1D5
NSF,US_30031,Gallatin County,county_or_equivalent,MT,"Gallatin, MT",K03,9.5,4999.999999999829,0.0,489.499999999976,0.19000000000000652,0.0,-0.19000000000000652,0.0,9.789999999999857,11,0,127,False,False,K02,0.17674816625917902,K02,0.17674816625917902,Mechanism analysis and causal identification,#CDD1D5
NSF,US_30031,Gallatin County,county_or_equivalent,MT,"Gallatin, MT",K04,9.5,4999.999999999829,3.0,1428.999999999969,0.19000000000000652,0.20993701889433625,0.019937018894329722,31.57894736842105,28.580000000000364,11,3,127,False,False,K02,0.17674816625917902,K02,0.17674816625917902,Mechanism analysis and causal identification,#CDD1D5
NSF,US_30031,Gallatin County,county_or_equivalent,MT,"Gallatin, MT",K05,9.5,4999.999999999829,0.0,450.99999999999,0.19000000000000652,0.0,-0.19000000000000652,0.0,9.02000000000011,11,0,127,False,False,K02,0.17674816625917902,K02,0.17674816625917902,Mechanism analysis and causal identification,#CDD1D5
NSF,US_30031,Gallatin County,county_or_equivalent,MT,"Gallatin, MT",K06,9.5,4999.999999999829,0.0,41.999999999999,0.19000000000000652,0.0,-0.19000000000000652,0.0,0.8400000000000089,11,0,127,False,False,K02,0.17674816625917902,K02,0.17674816625917902,Mechanism analysis and causal identification,#CDD1D5
NSF,US_30063,Missoula County,county_or_equivalent,MT,"Missoula, MT",K01,9.5,4999.999999999829,4.5,952.499999999969,0.19000000000000652,0.47244094488190513,0.28244094488189864,47.36842105263158,19.050000000000036,12,5,128,False,False,K01,0.28244094488189864,K01,0.28244094488189864,State measurement and problem diagnosis,#CDD1D5
NSF,US_30063,Missoula County,county_or_equivalent,MT,"Missoula, MT",K02,9.5,4999.999999999829,2.5,1635.999999999925,0.19000000000000652,0.1528117359413273,-0.03718826405867923,26.31578947368421,32.71999999999962,12,4,128,False,False,K01,0.28244094488189864,K01,0.28244094488189864,State measurement and problem diagnosis,#CDD1D5
NSF,US_30063,Missoula County,county_or_equivalent,MT,"Missoula, MT",K03,9.5,4999.999999999829,0.5,489.499999999976,0.19000000000000652,0.1021450459652757,-0.08785495403473083,5.2631578947368425,9.789999999999857,12,1,128,False,False,K01,0.28244094488189864,K01,0.28244094488189864,State measurement and problem diagnosis,#CDD1D5
NSF,US_30063,Missoula County,county_or_equivalent,MT,"Missoula, MT",K04,9.5,4999.999999999829,1.0,1428.999999999969,0.19000000000000652,0.06997900629811209,-0.12002099370189444,10.526315789473685,28.580000000000364,12,1,128,False,False,K01,0.28244094488189864,K01,0.28244094488189864,State measurement and problem diagnosis,#CDD1D5
NSF,US_30063,Missoula County,county_or_equivalent,MT,"Missoula, MT",K05,9.5,4999.999999999829,1.0,450.99999999999,0.19000000000000652,0.22172949002217787,0.03172949002217135,10.526315789473685,9.02000000000011,12,1,128,False,False,K01,0.28244094488189864,K01,0.28244094488189864,State measurement and problem diagnosis,#CDD1D5
NSF,US_30063,Missoula County,county_or_equivalent,MT,"Missoula, MT",K06,9.5,4999.999999999829,0.0,41.999999999999,0.19000000000000652,0.0,-0.19000000000000652,0.0,0.8400000000000089,12,0,128,False,False,K01,0.28244094488189864,K01,0.28244094488189864,State measurement and problem diagnosis,#CDD1D5
NSF,US_31055,Douglas County,county_or_equivalent,NE,"Douglas, NE",K01,5.0,4999.999999999829,1.0,952.499999999969,0.10000000000000343,0.10498687664042337,0.0049868766404199405,20.0,19.050000000000036,5,1,163,False,False,K05,0.3434589800443523,K05,0.3434589800443523,Planning decision support and policy design,#CDD1D5
NSF,US_31055,Douglas County,county_or_equivalent,NE,"Douglas, NE",K02,5.0,4999.999999999829,0.0,1635.999999999925,0.10000000000000343,0.0,-0.10000000000000343,0.0,32.71999999999962,5,0,163,False,False,K05,0.3434589800443523,K05,0.3434589800443523,Planning decision support and policy design,#CDD1D5
NSF,US_31055,Douglas County,county_or_equivalent,NE,"Douglas, NE",K03,5.0,4999.999999999829,1.0,489.499999999976,0.10000000000000343,0.2042900919305514,0.10429009193054796,20.0,9.789999999999857,5,1,163,False,False,K05,0.3434589800443523,K05,0.3434589800443523,Planning decision support and policy design,#CDD1D5
NSF,US_31055,Douglas County,county_or_equivalent,NE,"Douglas, NE",K04,5.0,4999.999999999829,1.0,1428.999999999969,0.10000000000000343,0.06997900629811209,-0.030020993701891346,20.0,28.580000000000364,5,1,163,False,False,K05,0.3434589800443523,K05,0.3434589800443523,Planning decision support and policy design,#CDD1D5
NSF,US_31055,Douglas County,county_or_equivalent,NE,"Douglas, NE",K05,5.0,4999.999999999829,2.0,450.99999999999,0.10000000000000343,0.44345898004435574,0.3434589800443523,40.0,9.02000000000011,5,2,163,False,False,K05,0.3434589800443523,K05,0.3434589800443523,Planning decision support and policy design,#CDD1D5
NSF,US_31055,Douglas County,county_or_equivalent,NE,"Douglas, NE",K06,5.0,4999.999999999829,0.0,41.999999999999,0.10000000000000343,0.0,-0.10000000000000343,0.0,0.8400000000000089,5,0,163,False,False,K05,0.3434589800443523,K05,0.3434589800443523,Planning decision support and policy design,#CDD1D5
NSF,US_31109,Lancaster County,county_or_equivalent,NE,"Lancaster, NE",K01,9.666666666666,4999.999999999829,1.333333333333,952.499999999969,0.19333333333332664,0.13998250218719616,-0.053350831146130484,13.793103448273365,19.050000000000036,14,3,126,False,False,K04,0.12157219500817773,K04,0.12157219500817773,Intervention design and performance optimization,#CDD1D5
NSF,US_31109,Lancaster County,county_or_equivalent,NE,"Lancaster, NE",K02,9.666666666666,4999.999999999829,2.833333333333,1635.999999999925,0.19333333333332664,0.17318663406681722,-0.020146699266509416,29.31034482758478,32.71999999999962,14,5,126,False,False,K04,0.12157219500817773,K04,0.12157219500817773,Intervention design and performance optimization,#CDD1D5
NSF,US_31109,Lancaster County,county_or_equivalent,NE,"Lancaster, NE",K03,9.666666666666,4999.999999999829,1.0,489.499999999976,0.19333333333332664,0.2042900919305514,0.010956758597224753,10.344827586207611,9.789999999999857,14,1,126,False,False,K04,0.12157219500817773,K04,0.12157219500817773,Intervention design and performance optimization,#CDD1D5
NSF,US_31109,Lancaster County,county_or_equivalent,NE,"Lancaster, NE",K04,9.666666666666,4999.999999999829,4.5,1428.999999999969,0.19333333333332664,0.31490552834150437,0.12157219500817773,46.551724137934244,28.580000000000364,14,5,126,False,False,K04,0.12157219500817773,K04,0.12157219500817773,Intervention design and performance optimization,#CDD1D5
NSF,US_31109,Lancaster County,county_or_equivalent,NE,"Lancaster, NE",K05,9.666666666666,4999.999999999829,0.0,450.99999999999,0.19333333333332664,0.0,-0.19333333333332664,0.0,9.02000000000011,14,0,126,False,False,K04,0.12157219500817773,K04,0.12157219500817773,Intervention design and performance optimization,#CDD1D5
NSF,US_31109,Lancaster County,county_or_equivalent,NE,"Lancaster, NE",K06,9.666666666666,4999.999999999829,0.0,41.999999999999,0.19333333333332664,0.0,-0.19333333333332664,0.0,0.8400000000000089,14,0,126,False,False,K04,0.12157219500817773,K04,0.12157219500817773,Intervention design and performance optimization,#CDD1D5
NSF,US_32003,Clark County,county_or_equivalent,NV,"Clark, NV",K01,5.0,4999.999999999829,0.5,952.499999999969,0.10000000000000343,0.05249343832021169,-0.047506561679791746,10.0,19.050000000000036,6,1,164,False,False,K04,0.14492652204338885,K04,0.14492652204338885,Intervention design and performance optimization,#CDD1D5
NSF,US_32003,Clark County,county_or_equivalent,NV,"Clark, NV",K02,5.0,4999.999999999829,1.0,1635.999999999925,0.10000000000000343,0.06112469437653092,-0.038875305623472516,20.0,32.71999999999962,6,1,164,False,False,K04,0.14492652204338885,K04,0.14492652204338885,Intervention design and performance optimization,#CDD1D5
NSF,US_32003,Clark County,county_or_equivalent,NV,"Clark, NV",K03,5.0,4999.999999999829,0.0,489.499999999976,0.10000000000000343,0.0,-0.10000000000000343,0.0,9.789999999999857,6,0,164,False,False,K04,0.14492652204338885,K04,0.14492652204338885,Intervention design and performance optimization,#CDD1D5
NSF,US_32003,Clark County,county_or_equivalent,NV,"Clark, NV",K04,5.0,4999.999999999829,3.5,1428.999999999969,0.10000000000000343,0.2449265220433923,0.14492652204338885,70.0,28.580000000000364,6,4,164,False,False,K04,0.14492652204338885,K04,0.14492652204338885,Intervention design and performance optimization,#CDD1D5
NSF,US_32003,Clark County,county_or_equivalent,NV,"Clark, NV",K05,5.0,4999.999999999829,0.0,450.99999999999,0.10000000000000343,0.0,-0.10000000000000343,0.0,9.02000000000011,6,0,164,False,False,K04,0.14492652204338885,K04,0.14492652204338885,Intervention design and performance optimization,#CDD1D5
NSF,US_32003,Clark County,county_or_equivalent,NV,"Clark, NV",K06,5.0,4999.999999999829,0.0,41.999999999999,0.10000000000000343,0.0,-0.10000000000000343,0.0,0.8400000000000089,6,0,164,False,False,K04,0.14492652204338885,K04,0.14492652204338885,Intervention design and performance optimization,#CDD1D5
NSF,US_32031,Washoe County,county_or_equivalent,NV,"Washoe, NV",K01,30.583333333333,4999.999999999829,7.0,952.499999999969,0.6116666666666811,0.7349081364829636,0.12324146981628248,22.88828337874684,19.050000000000036,38,8,53,False,False,K03,0.20549370105552445,K03,0.20549370105552445,Scenario simulation and risk prediction,#CDD1D5
NSF,US_32031,Washoe County,county_or_equivalent,NV,"Washoe, NV",K02,30.583333333333,4999.999999999829,11.583333333333,1635.999999999925,0.6116666666666811,0.7080277098614628,0.09636104319478167,37.87465940054428,32.71999999999962,38,15,53,False,False,K03,0.20549370105552445,K03,0.20549370105552445,Scenario simulation and risk prediction,#CDD1D5
NSF,US_32031,Washoe County,county_or_equivalent,NV,"Washoe, NV",K03,30.583333333333,4999.999999999829,4.0,489.499999999976,0.6116666666666811,0.8171603677222056,0.20549370105552445,13.079019073569624,9.789999999999857,38,4,53,False,False,K03,0.20549370105552445,K03,0.20549370105552445,Scenario simulation and risk prediction,#CDD1D5
NSF,US_32031,Washoe County,county_or_equivalent,NV,"Washoe, NV",K04,30.583333333333,4999.999999999829,6.0,1428.999999999969,0.6116666666666811,0.4198740377886725,-0.19179262887800863,19.618528610354435,28.580000000000364,38,9,53,False,False,K03,0.20549370105552445,K03,0.20549370105552445,Scenario simulation and risk prediction,#CDD1D5
NSF,US_32031,Washoe County,county_or_equivalent,NV,"Washoe, NV",K05,30.583333333333,4999.999999999829,2.0,450.99999999999,0.6116666666666811,0.44345898004435574,-0.16820768662232538,6.539509536784812,9.02000000000011,38,2,53,False,False,K03,0.20549370105552445,K03,0.20549370105552445,Scenario simulation and risk prediction,#CDD1D5
NSF,US_32031,Washoe County,county_or_equivalent,NV,"Washoe, NV",K06,30.583333333333,4999.999999999829,0.0,41.999999999999,0.6116666666666811,0.0,-0.6116666666666811,0.0,0.8400000000000089,38,0,53,False,False,K03,0.20549370105552445,K03,0.20549370105552445,Scenario simulation and risk prediction,#CDD1D5
NSF,US_33005,Cheshire County,county_or_equivalent,NH,"Cheshire, NH",K01,0.333333333333,4999.999999999829,0.0,952.499999999969,0.00666666666666023,0.0,-0.00666666666666023,0.0,19.050000000000036,1,0,343,False,False,K02,0.013708231458829703,K02,0.013708231458829703,Mechanism analysis and causal identification,#CDD1D5
NSF,US_33005,Cheshire County,county_or_equivalent,NH,"Cheshire, NH",K02,0.333333333333,4999.999999999829,0.333333333333,1635.999999999925,0.00666666666666023,0.020374898125489933,0.013708231458829703,100.0,32.71999999999962,1,1,343,False,False,K02,0.013708231458829703,K02,0.013708231458829703,Mechanism analysis and causal identification,#CDD1D5
NSF,US_33005,Cheshire County,county_or_equivalent,NH,"Cheshire, NH",K03,0.333333333333,4999.999999999829,0.0,489.499999999976,0.00666666666666023,0.0,-0.00666666666666023,0.0,9.789999999999857,1,0,343,False,False,K02,0.013708231458829703,K02,0.013708231458829703,Mechanism analysis and causal identification,#CDD1D5
NSF,US_33005,Cheshire County,county_or_equivalent,NH,"Cheshire, NH",K04,0.333333333333,4999.999999999829,0.0,1428.999999999969,0.00666666666666023,0.0,-0.00666666666666023,0.0,28.580000000000364,1,0,343,False,False,K02,0.013708231458829703,K02,0.013708231458829703,Mechanism analysis and causal identification,#CDD1D5
NSF,US_33005,Cheshire County,county_or_equivalent,NH,"Cheshire, NH",K05,0.333333333333,4999.999999999829,0.0,450.99999999999,0.00666666666666023,0.0,-0.00666666666666023,0.0,9.02000000000011,1,0,343,False,False,K02,0.013708231458829703,K02,0.013708231458829703,Mechanism analysis and causal identification,#CDD1D5
NSF,US_33005,Cheshire County,county_or_equivalent,NH,"Cheshire, NH",K06,0.333333333333,4999.999999999829,0.0,41.999999999999,0.00666666666666023,0.0,-0.00666666666666023,0.0,0.8400000000000089,1,0,343,False,False,K02,0.013708231458829703,K02,0.013708231458829703,Mechanism analysis and causal identification,#CDD1D5
NSF,US_33009,Grafton County,county_or_equivalent,NH,"Grafton, NH",K01,12.616666666666,4999.999999999829,4.0,952.499999999969,0.25233333333332864,0.4199475065616935,0.16761417322836486,31.704095112287014,19.050000000000036,17,4,109,False,False,K01,0.16761417322836486,K01,0.16761417322836486,State measurement and problem diagnosis,#CDD1D5
NSF,US_33009,Grafton County,county_or_equivalent,NH,"Grafton, NH",K02,12.616666666666,4999.999999999829,5.2,1635.999999999925,0.25233333333332864,0.3178484107579608,0.06551507742463214,41.215323645973115,32.71999999999962,17,7,109,False,False,K01,0.16761417322836486,K01,0.16761417322836486,State measurement and problem diagnosis,#CDD1D5
NSF,US_33009,Grafton County,county_or_equivalent,NH,"Grafton, NH",K03,12.616666666666,4999.999999999829,1.416666666666,489.499999999976,0.25233333333332864,0.28941096356814494,0.037077630234816306,11.228533685596368,9.789999999999857,17,4,109,False,False,K01,0.16761417322836486,K01,0.16761417322836486,State measurement and problem diagnosis,#CDD1D5
NSF,US_33009,Grafton County,county_or_equivalent,NH,"Grafton, NH",K04,12.616666666666,4999.999999999829,1.0,1428.999999999969,0.25233333333332864,0.06997900629811209,-0.18235432703521653,7.9260237780717535,28.580000000000364,17,1,109,False,False,K01,0.16761417322836486,K01,0.16761417322836486,State measurement and problem diagnosis,#CDD1D5
NSF,US_33009,Grafton County,county_or_equivalent,NH,"Grafton, NH",K05,12.616666666666,4999.999999999829,1.0,450.99999999999,0.25233333333332864,0.22172949002217787,-0.030603843311150764,7.9260237780717535,9.02000000000011,17,1,109,False,False,K01,0.16761417322836486,K01,0.16761417322836486,State measurement and problem diagnosis,#CDD1D5
NSF,US_33009,Grafton County,county_or_equivalent,NH,"Grafton, NH",K06,12.616666666666,4999.999999999829,0.0,41.999999999999,0.25233333333332864,0.0,-0.25233333333332864,0.0,0.8400000000000089,17,0,109,False,False,K01,0.16761417322836486,K01,0.16761417322836486,State measurement and problem diagnosis,#CDD1D5
NSF,US_33013,Merrimack County,county_or_equivalent,NH,"Merrimack, NH",K01,2.0,4999.999999999829,0.0,952.499999999969,0.040000000000001375,0.0,-0.040000000000001375,0.0,19.050000000000036,2,0,225,False,False,K05,0.1817294900221765,K05,0.1817294900221765,Planning decision support and policy design,#CDD1D5
NSF,US_33013,Merrimack County,county_or_equivalent,NH,"Merrimack, NH",K02,2.0,4999.999999999829,0.0,1635.999999999925,0.040000000000001375,0.0,-0.040000000000001375,0.0,32.71999999999962,2,0,225,False,False,K05,0.1817294900221765,K05,0.1817294900221765,Planning decision support and policy design,#CDD1D5
NSF,US_33013,Merrimack County,county_or_equivalent,NH,"Merrimack, NH",K03,2.0,4999.999999999829,0.0,489.499999999976,0.040000000000001375,0.0,-0.040000000000001375,0.0,9.789999999999857,2,0,225,False,False,K05,0.1817294900221765,K05,0.1817294900221765,Planning decision support and policy design,#CDD1D5
NSF,US_33013,Merrimack County,county_or_equivalent,NH,"Merrimack, NH",K04,2.0,4999.999999999829,1.0,1428.999999999969,0.040000000000001375,0.06997900629811209,0.029979006298110712,50.0,28.580000000000364,2,1,225,False,False,K05,0.1817294900221765,K05,0.1817294900221765,Planning decision support and policy design,#CDD1D5
NSF,US_33013,Merrimack County,county_or_equivalent,NH,"Merrimack, NH",K05,2.0,4999.999999999829,1.0,450.99999999999,0.040000000000001375,0.22172949002217787,0.1817294900221765,50.0,9.02000000000011,2,1,225,False,False,K05,0.1817294900221765,K05,0.1817294900221765,Planning decision support and policy design,#CDD1D5
NSF,US_33013,Merrimack County,county_or_equivalent,NH,"Merrimack, NH",K06,2.0,4999.999999999829,0.0,41.999999999999,0.040000000000001375,0.0,-0.040000000000001375,0.0,0.8400000000000089,2,0,225,False,False,K05,0.1817294900221765,K05,0.1817294900221765,Planning decision support and policy design,#CDD1D5
NSF,US_33017,Strafford County,county_or_equivalent,NH,"Strafford, NH",K01,18.066666666665,4999.999999999829,3.833333333333,952.499999999969,0.3613333333333124,0.40244969378825457,0.04111636045494216,21.217712177121882,19.050000000000036,28,5,87,False,False,K03,0.6669267960503948,K03,0.6669267960503948,Scenario simulation and risk prediction,#CDD1D5
NSF,US_33017,Strafford County,county_or_equivalent,NH,"Strafford, NH",K02,18.066666666665,4999.999999999829,5.199999999999,1635.999999999925,0.3613333333333124,0.31784841075789966,-0.043484922575412754,28.782287822875347,32.71999999999962,28,10,87,False,False,K03,0.6669267960503948,K03,0.6669267960503948,Scenario simulation and risk prediction,#CDD1D5
NSF,US_33017,Strafford County,county_or_equivalent,NH,"Strafford, NH",K03,18.066666666665,4999.999999999829,5.033333333333,489.499999999976,0.3613333333333124,1.0282601293837073,0.6669267960503948,27.859778597786704,9.789999999999857,28,7,87,False,False,K03,0.6669267960503948,K03,0.6669267960503948,Scenario simulation and risk prediction,#CDD1D5
NSF,US_33017,Strafford County,county_or_equivalent,NH,"Strafford, NH",K04,18.066666666665,4999.999999999829,3.0,1428.999999999969,0.3613333333333124,0.20993701889433625,-0.15139631443897617,16.60516605166205,28.580000000000364,28,3,87,False,False,K03,0.6669267960503948,K03,0.6669267960503948,Scenario simulation and risk prediction,#CDD1D5
NSF,US_33017,Strafford County,county_or_equivalent,NH,"Strafford, NH",K05,18.066666666665,4999.999999999829,0.9999999999999998,450.99999999999,0.3613333333333124,0.22172949002217782,-0.1396038433111346,5.535055350554014,9.02000000000011,28,3,87,False,False,K03,0.6669267960503948,K03,0.6669267960503948,Scenario simulation and risk prediction,#CDD1D5
NSF,US_33017,Strafford County,county_or_equivalent,NH,"Strafford, NH",K06,18.066666666665,4999.999999999829,0.0,41.999999999999,0.3613333333333124,0.0,-0.3613333333333124,0.0,0.8400000000000089,28,0,87,False,False,K03,0.6669267960503948,K03,0.6669267960503948,Scenario simulation and risk prediction,#CDD1D5
NSF,US_34001,Atlantic County,county_or_equivalent,NJ,"Atlantic, NJ",K01,1.0,4999.999999999829,1.0,952.499999999969,0.020000000000000687,0.10498687664042337,0.08498687664042269,100.0,19.050000000000036,1,1,288,False,False,K01,0.08498687664042269,K01,0.08498687664042269,State measurement and problem diagnosis,#CDD1D5
NSF,US_34001,Atlantic County,county_or_equivalent,NJ,"Atlantic, NJ",K02,1.0,4999.999999999829,0.0,1635.999999999925,0.020000000000000687,0.0,-0.020000000000000687,0.0,32.71999999999962,1,0,288,False,False,K01,0.08498687664042269,K01,0.08498687664042269,State measurement and problem diagnosis,#CDD1D5
NSF,US_34001,Atlantic County,county_or_equivalent,NJ,"Atlantic, NJ",K03,1.0,4999.999999999829,0.0,489.499999999976,0.020000000000000687,0.0,-0.020000000000000687,0.0,9.789999999999857,1,0,288,False,False,K01,0.08498687664042269,K01,0.08498687664042269,State measurement and problem diagnosis,#CDD1D5
NSF,US_34001,Atlantic County,county_or_equivalent,NJ,"Atlantic, NJ",K04,1.0,4999.999999999829,0.0,1428.999999999969,0.020000000000000687,0.0,-0.020000000000000687,0.0,28.580000000000364,1,0,288,False,False,K01,0.08498687664042269,K01,0.08498687664042269,State measurement and problem diagnosis,#CDD1D5
NSF,US_34001,Atlantic County,county_or_equivalent,NJ,"Atlantic, NJ",K05,1.0,4999.999999999829,0.0,450.99999999999,0.020000000000000687,0.0,-0.020000000000000687,0.0,9.02000000000011,1,0,288,False,False,K01,0.08498687664042269,K01,0.08498687664042269,State measurement and problem diagnosis,#CDD1D5
NSF,US_34001,Atlantic County,county_or_equivalent,NJ,"Atlantic, NJ",K06,1.0,4999.999999999829,0.0,41.999999999999,0.020000000000000687,0.0,-0.020000000000000687,0.0,0.8400000000000089,1,0,288,False,False,K01,0.08498687664042269,K01,0.08498687664042269,State measurement and problem diagnosis,#CDD1D5
NSF,US_34007,Camden County,county_or_equivalent,NJ,"Camden, NJ",K01,2.25,4999.999999999829,0.0,952.499999999969,0.045000000000001546,0.0,-0.045000000000001546,0.0,19.050000000000036,3,0,212,False,False,K05,0.17672949002217633,K05,0.17672949002217633,Planning decision support and policy design,#CDD1D5
NSF,US_34007,Camden County,county_or_equivalent,NJ,"Camden, NJ",K02,2.25,4999.999999999829,1.0,1635.999999999925,0.045000000000001546,0.06112469437653092,0.016124694376529372,44.44444444444444,32.71999999999962,3,1,212,False,False,K05,0.17672949002217633,K05,0.17672949002217633,Planning decision support and policy design,#CDD1D5
NSF,US_34007,Camden County,county_or_equivalent,NJ,"Camden, NJ",K03,2.25,4999.999999999829,0.0,489.499999999976,0.045000000000001546,0.0,-0.045000000000001546,0.0,9.789999999999857,3,0,212,False,False,K05,0.17672949002217633,K05,0.17672949002217633,Planning decision support and policy design,#CDD1D5
NSF,US_34007,Camden County,county_or_equivalent,NJ,"Camden, NJ",K04,2.25,4999.999999999829,0.25,1428.999999999969,0.045000000000001546,0.017494751574528022,-0.027505248425473524,11.11111111111111,28.580000000000364,3,1,212,False,False,K05,0.17672949002217633,K05,0.17672949002217633,Planning decision support and policy design,#CDD1D5
NSF,US_34007,Camden County,county_or_equivalent,NJ,"Camden, NJ",K05,2.25,4999.999999999829,1.0,450.99999999999,0.045000000000001546,0.22172949002217787,0.17672949002217633,44.44444444444444,9.02000000000011,3,1,212,False,False,K05,0.17672949002217633,K05,0.17672949002217633,Planning decision support and policy design,#CDD1D5
NSF,US_34007,Camden County,county_or_equivalent,NJ,"Camden, NJ",K06,2.25,4999.999999999829,0.0,41.999999999999,0.045000000000001546,0.0,-0.045000000000001546,0.0,0.8400000000000089,3,0,212,False,False,K05,0.17672949002217633,K05,0.17672949002217633,Planning decision support and policy design,#CDD1D5
NSF,US_34013,Essex County,county_or_equivalent,NJ,"Essex, NJ",K01,24.416666666666,4999.999999999829,3.5,952.499999999969,0.48833333333333684,0.3674540682414818,-0.12087926509185504,14.334470989761483,19.050000000000036,28,4,66,False,False,K04,0.7129729414508739,K04,0.7129729414508739,Intervention design and performance optimization,#CDD1D5
NSF,US_34013,Essex County,county_or_equivalent,NJ,"Essex, NJ",K02,24.416666666666,4999.999999999829,1.75,1635.999999999925,0.48833333333333684,0.10696821515892911,-0.3813651181744077,7.1672354948807415,32.71999999999962,28,3,66,False,False,K04,0.7129729414508739,K04,0.7129729414508739,Intervention design and performance optimization,#CDD1D5
NSF,US_34013,Essex County,county_or_equivalent,NJ,"Essex, NJ",K03,24.416666666666,4999.999999999829,0.0,489.499999999976,0.48833333333333684,0.0,-0.48833333333333684,0.0,9.789999999999857,28,0,66,False,False,K04,0.7129729414508739,K04,0.7129729414508739,Intervention design and performance optimization,#CDD1D5
NSF,US_34013,Essex County,county_or_equivalent,NJ,"Essex, NJ",K04,24.416666666666,4999.999999999829,17.166666666666,1428.999999999969,0.48833333333333684,1.2013062747842107,0.7129729414508739,70.30716723549406,28.580000000000364,28,19,66,False,False,K04,0.7129729414508739,K04,0.7129729414508739,Intervention design and performance optimization,#CDD1D5
NSF,US_34013,Essex County,county_or_equivalent,NJ,"Essex, NJ",K05,24.416666666666,4999.999999999829,2.0,450.99999999999,0.48833333333333684,0.44345898004435574,-0.044874353288981095,8.191126279863704,9.02000000000011,28,2,66,False,False,K04,0.7129729414508739,K04,0.7129729414508739,Intervention design and performance optimization,#CDD1D5
NSF,US_34013,Essex County,county_or_equivalent,NJ,"Essex, NJ",K06,24.416666666666,4999.999999999829,0.0,41.999999999999,0.48833333333333684,0.0,-0.48833333333333684,0.0,0.8400000000000089,28,0,66,False,False,K04,0.7129729414508739,K04,0.7129729414508739,Intervention design and performance optimization,#CDD1D5
NSF,US_34015,Gloucester County,county_or_equivalent,NJ,"Gloucester, NJ",K01,3.0,4999.999999999829,0.0,952.499999999969,0.060000000000002066,0.0,-0.060000000000002066,0.0,19.050000000000036,4,0,192,False,False,K05,0.1617294900221758,K05,0.1617294900221758,Planning decision support and policy design,#CDD1D5
NSF,US_34015,Gloucester County,county_or_equivalent,NJ,"Gloucester, NJ",K02,3.0,4999.999999999829,0.0,1635.999999999925,0.060000000000002066,0.0,-0.060000000000002066,0.0,32.71999999999962,4,0,192,False,False,K05,0.1617294900221758,K05,0.1617294900221758,Planning decision support and policy design,#CDD1D5
NSF,US_34015,Gloucester County,county_or_equivalent,NJ,"Gloucester, NJ",K03,3.0,4999.999999999829,0.5,489.499999999976,0.060000000000002066,0.1021450459652757,0.04214504596527363,16.666666666666668,9.789999999999857,4,1,192,False,False,K05,0.1617294900221758,K05,0.1617294900221758,Planning decision support and policy design,#CDD1D5
NSF,US_34015,Gloucester County,county_or_equivalent,NJ,"Gloucester, NJ",K04,3.0,4999.999999999829,1.5,1428.999999999969,0.060000000000002066,0.10496850944716812,0.04496850944716606,50.0,28.580000000000364,4,2,192,False,False,K05,0.1617294900221758,K05,0.1617294900221758,Planning decision support and policy design,#CDD1D5
NSF,US_34015,Gloucester County,county_or_equivalent,NJ,"Gloucester, NJ",K05,3.0,4999.999999999829,1.0,450.99999999999,0.060000000000002066,0.22172949002217787,0.1617294900221758,33.333333333333336,9.02000000000011,4,1,192,False,False,K05,0.1617294900221758,K05,0.1617294900221758,Planning decision support and policy design,#CDD1D5
NSF,US_34015,Gloucester County,county_or_equivalent,NJ,"Gloucester, NJ",K06,3.0,4999.999999999829,0.0,41.999999999999,0.060000000000002066,0.0,-0.060000000000002066,0.0,0.8400000000000089,4,0,192,False,False,K05,0.1617294900221758,K05,0.1617294900221758,Planning decision support and policy design,#CDD1D5
NSF,US_34017,Hudson County,county_or_equivalent,NJ,"Hudson, NJ",K01,6.033333333333,4999.999999999829,0.0,952.499999999969,0.12066666666666416,0.0,-0.12066666666666416,0.0,19.050000000000036,10,0,149,False,False,K03,0.3900585631597143,K03,0.3900585631597143,Scenario simulation and risk prediction,#CDD1D5
NSF,US_34017,Hudson County,county_or_equivalent,NJ,"Hudson, NJ",K02,6.033333333333,4999.999999999829,0.7,1635.999999999925,0.12066666666666416,0.04278728606357164,-0.07787938060309252,11.602209944752023,32.71999999999962,10,2,149,False,False,K03,0.3900585631597143,K03,0.3900585631597143,Scenario simulation and risk prediction,#CDD1D5
NSF,US_34017,Hudson County,county_or_equivalent,NJ,"Hudson, NJ",K03,6.033333333333,4999.999999999829,2.5,489.499999999976,0.12066666666666416,0.5107252298263785,0.3900585631597143,41.43646408840008,9.789999999999857,10,3,149,False,False,K03,0.3900585631597143,K03,0.3900585631597143,Scenario simulation and risk prediction,#CDD1D5
NSF,US_34017,Hudson County,county_or_equivalent,NJ,"Hudson, NJ",K04,6.033333333333,4999.999999999829,1.5,1428.999999999969,0.12066666666666416,0.10496850944716812,-0.015698157219496037,24.861878453040045,28.580000000000364,10,3,149,False,False,K03,0.3900585631597143,K03,0.3900585631597143,Scenario simulation and risk prediction,#CDD1D5
NSF,US_34017,Hudson County,county_or_equivalent,NJ,"Hudson, NJ",K05,6.033333333333,4999.999999999829,1.333333333333,450.99999999999,0.12066666666666416,0.2956393200294966,0.17497265336283246,22.09944751380785,9.02000000000011,10,2,149,False,False,K03,0.3900585631597143,K03,0.3900585631597143,Scenario simulation and risk prediction,#CDD1D5
NSF,US_34017,Hudson County,county_or_equivalent,NJ,"Hudson, NJ",K06,6.033333333333,4999.999999999829,0.0,41.999999999999,0.12066666666666416,0.0,-0.12066666666666416,0.0,0.8400000000000089,10,0,149,False,False,K03,0.3900585631597143,K03,0.3900585631597143,Scenario simulation and risk prediction,#CDD1D5
NSF,US_34019,Hunterdon County,county_or_equivalent,NJ,"Hunterdon, NJ",K01,1.0,4999.999999999829,0.0,952.499999999969,0.020000000000000687,0.0,-0.020000000000000687,0.0,19.050000000000036,1,0,289,False,False,K04,0.0499790062981114,K04,0.0499790062981114,Intervention design and performance optimization,#CDD1D5
NSF,US_34019,Hunterdon County,county_or_equivalent,NJ,"Hunterdon, NJ",K02,1.0,4999.999999999829,0.0,1635.999999999925,0.020000000000000687,0.0,-0.020000000000000687,0.0,32.71999999999962,1,0,289,False,False,K04,0.0499790062981114,K04,0.0499790062981114,Intervention design and performance optimization,#CDD1D5
NSF,US_34019,Hunterdon County,county_or_equivalent,NJ,"Hunterdon, NJ",K03,1.0,4999.999999999829,0.0,489.499999999976,0.020000000000000687,0.0,-0.020000000000000687,0.0,9.789999999999857,1,0,289,False,False,K04,0.0499790062981114,K04,0.0499790062981114,Intervention design and performance optimization,#CDD1D5
NSF,US_34019,Hunterdon County,county_or_equivalent,NJ,"Hunterdon, NJ",K04,1.0,4999.999999999829,1.0,1428.999999999969,0.020000000000000687,0.06997900629811209,0.0499790062981114,100.0,28.580000000000364,1,1,289,False,False,K04,0.0499790062981114,K04,0.0499790062981114,Intervention design and performance optimization,#CDD1D5
NSF,US_34019,Hunterdon County,county_or_equivalent,NJ,"Hunterdon, NJ",K05,1.0,4999.999999999829,0.0,450.99999999999,0.020000000000000687,0.0,-0.020000000000000687,0.0,9.02000000000011,1,0,289,False,False,K04,0.0499790062981114,K04,0.0499790062981114,Intervention design and performance optimization,#CDD1D5
NSF,US_34019,Hunterdon County,county_or_equivalent,NJ,"Hunterdon, NJ",K06,1.0,4999.999999999829,0.0,41.999999999999,0.020000000000000687,0.0,-0.020000000000000687,0.0,0.8400000000000089,1,0,289,False,False,K04,0.0499790062981114,K04,0.0499790062981114,Intervention design and performance optimization,#CDD1D5
NSF,US_34021,Mercer County,county_or_equivalent,NJ,"Mercer, NJ",K01,33.059523809523,4999.999999999829,4.5,952.499999999969,0.6611904761904827,0.47244094488190513,-0.18874953130857752,13.61181130716634,19.050000000000036,40,5,41,False,False,K03,0.33837175932682884,K03,0.33837175932682884,Scenario simulation and risk prediction,#CDD1D5
NSF,US_34021,Mercer County,county_or_equivalent,NJ,"Mercer, NJ",K02,33.059523809523,4999.999999999829,14.166666666666,1635.999999999925,0.6611904761904827,0.8659331703341472,0.20474269414366453,42.851998559595714,32.71999999999962,40,18,41,False,False,K03,0.33837175932682884,K03,0.33837175932682884,Scenario simulation and risk prediction,#CDD1D5
NSF,US_34021,Mercer County,county_or_equivalent,NJ,"Mercer, NJ",K03,33.059523809523,4999.999999999829,4.892857142857,489.499999999976,0.6611904761904827,0.9995622355173115,0.33837175932682884,14.800144040331224,9.789999999999857,40,7,41,False,False,K03,0.33837175932682884,K03,0.33837175932682884,Scenario simulation and risk prediction,#CDD1D5
NSF,US_34021,Mercer County,county_or_equivalent,NJ,"Mercer, NJ",K04,33.059523809523,4999.999999999829,8.5,1428.999999999969,0.6611904761904827,0.5948215535339527,-0.06636892265652994,25.71119913575864,28.580000000000364,40,9,41,False,False,K03,0.33837175932682884,K03,0.33837175932682884,Scenario simulation and risk prediction,#CDD1D5
NSF,US_34021,Mercer County,county_or_equivalent,NJ,"Mercer, NJ",K05,33.059523809523,4999.999999999829,1.0,450.99999999999,0.6611904761904827,0.22172949002217787,-0.43946098616830476,3.0248469571480756,9.02000000000011,40,1,41,False,False,K03,0.33837175932682884,K03,0.33837175932682884,Scenario simulation and risk prediction,#CDD1D5
NSF,US_34021,Mercer County,county_or_equivalent,NJ,"Mercer, NJ",K06,33.059523809523,4999.999999999829,0.0,41.999999999999,0.6611904761904827,0.0,-0.6611904761904827,0.0,0.8400000000000089,40,0,41,False,False,K03,0.33837175932682884,K03,0.33837175932682884,Scenario simulation and risk prediction,#CDD1D5
NSF,US_34023,Middlesex County,county_or_equivalent,NJ,"Middlesex, NJ",K01,32.083333333331,4999.999999999829,6.25,952.499999999969,0.641666666666642,0.656167979002646,0.014501312336004046,19.480519480520897,19.050000000000036,43,9,43,False,False,K03,0.6862189308817377,K03,0.6862189308817377,Scenario simulation and risk prediction,#CDD1D5
NSF,US_34023,Middlesex County,county_or_equivalent,NJ,"Middlesex, NJ",K02,32.083333333331,4999.999999999829,13.333333333332,1635.999999999925,0.641666666666642,0.8149959250203308,0.17332925835368884,41.55844155844043,32.71999999999962,43,18,43,False,False,K03,0.6862189308817377,K03,0.6862189308817377,Scenario simulation and risk prediction,#CDD1D5
NSF,US_34023,Middlesex County,county_or_equivalent,NJ,"Middlesex, NJ",K03,32.083333333331,4999.999999999829,6.499999999999,489.499999999976,0.641666666666642,1.3278855975483796,0.6862189308817377,20.259740259738617,9.789999999999857,43,9,43,False,False,K03,0.6862189308817377,K03,0.6862189308817377,Scenario simulation and risk prediction,#CDD1D5
NSF,US_34023,Middlesex County,county_or_equivalent,NJ,"Middlesex, NJ",K04,32.083333333331,4999.999999999829,6.0,1428.999999999969,0.641666666666642,0.4198740377886725,-0.22179262887796947,18.70129870130006,28.580000000000364,43,7,43,False,False,K03,0.6862189308817377,K03,0.6862189308817377,Scenario simulation and risk prediction,#CDD1D5
NSF,US_34023,Middlesex County,county_or_equivalent,NJ,"Middlesex, NJ",K05,32.083333333331,4999.999999999829,0.0,450.99999999999,0.641666666666642,0.0,-0.641666666666642,0.0,9.02000000000011,43,0,43,False,False,K03,0.6862189308817377,K03,0.6862189308817377,Scenario simulation and risk prediction,#CDD1D5
NSF,US_34023,Middlesex County,county_or_equivalent,NJ,"Middlesex, NJ",K06,32.083333333331,4999.999999999829,0.0,41.999999999999,0.641666666666642,0.0,-0.641666666666642,0.0,0.8400000000000089,43,0,43,False,False,K03,0.6862189308817377,K03,0.6862189308817377,Scenario simulation and risk prediction,#CDD1D5
NSF,US_34035,Somerset County,county_or_equivalent,NJ,"Somerset, NJ",K01,1.0,4999.999999999829,0.0,952.499999999969,0.020000000000000687,0.0,-0.020000000000000687,0.0,19.050000000000036,1,0,290,False,False,K04,0.0499790062981114,K04,0.0499790062981114,Intervention design and performance optimization,#CDD1D5
NSF,US_34035,Somerset County,county_or_equivalent,NJ,"Somerset, NJ",K02,1.0,4999.999999999829,0.0,1635.999999999925,0.020000000000000687,0.0,-0.020000000000000687,0.0,32.71999999999962,1,0,290,False,False,K04,0.0499790062981114,K04,0.0499790062981114,Intervention design and performance optimization,#CDD1D5
NSF,US_34035,Somerset County,county_or_equivalent,NJ,"Somerset, NJ",K03,1.0,4999.999999999829,0.0,489.499999999976,0.020000000000000687,0.0,-0.020000000000000687,0.0,9.789999999999857,1,0,290,False,False,K04,0.0499790062981114,K04,0.0499790062981114,Intervention design and performance optimization,#CDD1D5
NSF,US_34035,Somerset County,county_or_equivalent,NJ,"Somerset, NJ",K04,1.0,4999.999999999829,1.0,1428.999999999969,0.020000000000000687,0.06997900629811209,0.0499790062981114,100.0,28.580000000000364,1,1,290,False,False,K04,0.0499790062981114,K04,0.0499790062981114,Intervention design and performance optimization,#CDD1D5
NSF,US_34035,Somerset County,county_or_equivalent,NJ,"Somerset, NJ",K05,1.0,4999.999999999829,0.0,450.99999999999,0.020000000000000687,0.0,-0.020000000000000687,0.0,9.02000000000011,1,0,290,False,False,K04,0.0499790062981114,K04,0.0499790062981114,Intervention design and performance optimization,#CDD1D5
NSF,US_34035,Somerset County,county_or_equivalent,NJ,"Somerset, NJ",K06,1.0,4999.999999999829,0.0,41.999999999999,0.020000000000000687,0.0,-0.020000000000000687,0.0,0.8400000000000089,1,0,290,False,False,K04,0.0499790062981114,K04,0.0499790062981114,Intervention design and performance optimization,#CDD1D5
NSF,US_34039,Union County,county_or_equivalent,NJ,"Union, NJ",K01,1.0,4999.999999999829,1.0,952.499999999969,0.020000000000000687,0.10498687664042337,0.08498687664042269,100.0,19.050000000000036,1,1,291,False,False,K01,0.08498687664042269,K01,0.08498687664042269,State measurement and problem diagnosis,#CDD1D5
NSF,US_34039,Union County,county_or_equivalent,NJ,"Union, NJ",K02,1.0,4999.999999999829,0.0,1635.999999999925,0.020000000000000687,0.0,-0.020000000000000687,0.0,32.71999999999962,1,0,291,False,False,K01,0.08498687664042269,K01,0.08498687664042269,State measurement and problem diagnosis,#CDD1D5
NSF,US_34039,Union County,county_or_equivalent,NJ,"Union, NJ",K03,1.0,4999.999999999829,0.0,489.499999999976,0.020000000000000687,0.0,-0.020000000000000687,0.0,9.789999999999857,1,0,291,False,False,K01,0.08498687664042269,K01,0.08498687664042269,State measurement and problem diagnosis,#CDD1D5
NSF,US_34039,Union County,county_or_equivalent,NJ,"Union, NJ",K04,1.0,4999.999999999829,0.0,1428.999999999969,0.020000000000000687,0.0,-0.020000000000000687,0.0,28.580000000000364,1,0,291,False,False,K01,0.08498687664042269,K01,0.08498687664042269,State measurement and problem diagnosis,#CDD1D5
NSF,US_34039,Union County,county_or_equivalent,NJ,"Union, NJ",K05,1.0,4999.999999999829,0.0,450.99999999999,0.020000000000000687,0.0,-0.020000000000000687,0.0,9.02000000000011,1,0,291,False,False,K01,0.08498687664042269,K01,0.08498687664042269,State measurement and problem diagnosis,#CDD1D5
NSF,US_34039,Union County,county_or_equivalent,NJ,"Union, NJ",K06,1.0,4999.999999999829,0.0,41.999999999999,0.020000000000000687,0.0,-0.020000000000000687,0.0,0.8400000000000089,1,0,291,False,False,K01,0.08498687664042269,K01,0.08498687664042269,State measurement and problem diagnosis,#CDD1D5
NSF,US_35001,Bernalillo County,county_or_equivalent,NM,"Bernalillo, NM",K01,11.0,4999.999999999829,2.5,952.499999999969,0.22000000000000755,0.2624671916010584,0.04246719160105086,22.727272727272727,19.050000000000036,13,3,117,False,False,K05,0.2234589800443482,K05,0.2234589800443482,Planning decision support and policy design,#CDD1D5
NSF,US_35001,Bernalillo County,county_or_equivalent,NM,"Bernalillo, NM",K02,11.0,4999.999999999829,5.5,1635.999999999925,0.22000000000000755,0.33618581907092004,0.1161858190709125,50.0,32.71999999999962,13,7,117,False,False,K05,0.2234589800443482,K05,0.2234589800443482,Planning decision support and policy design,#CDD1D5
NSF,US_35001,Bernalillo County,county_or_equivalent,NM,"Bernalillo, NM",K03,11.0,4999.999999999829,0.0,489.499999999976,0.22000000000000755,0.0,-0.22000000000000755,0.0,9.789999999999857,13,0,117,False,False,K05,0.2234589800443482,K05,0.2234589800443482,Planning decision support and policy design,#CDD1D5
NSF,US_35001,Bernalillo County,county_or_equivalent,NM,"Bernalillo, NM",K04,11.0,4999.999999999829,1.0,1428.999999999969,0.22000000000000755,0.06997900629811209,-0.15002099370189548,9.090909090909092,28.580000000000364,13,1,117,False,False,K05,0.2234589800443482,K05,0.2234589800443482,Planning decision support and policy design,#CDD1D5
NSF,US_35001,Bernalillo County,county_or_equivalent,NM,"Bernalillo, NM",K05,11.0,4999.999999999829,2.0,450.99999999999,0.22000000000000755,0.44345898004435574,0.2234589800443482,18.181818181818183,9.02000000000011,13,2,117,False,False,K05,0.2234589800443482,K05,0.2234589800443482,Planning decision support and policy design,#CDD1D5
NSF,US_35001,Bernalillo County,county_or_equivalent,NM,"Bernalillo, NM",K06,11.0,4999.999999999829,0.0,41.999999999999,0.22000000000000755,0.0,-0.22000000000000755,0.0,0.8400000000000089,13,0,117,False,False,K05,0.2234589800443482,K05,0.2234589800443482,Planning decision support and policy design,#CDD1D5
NSF,US_35013,Doña Ana County,county_or_equivalent,NM,"Doña Ana, NM",K01,9.833333333333,4999.999999999829,1.0,952.499999999969,0.19666666666666674,0.10498687664042337,-0.09167979002624337,10.169491525424073,19.050000000000036,11,1,125,False,False,K04,0.3281758805691738,K04,0.3281758805691738,Intervention design and performance optimization,#CDD1D5
NSF,US_35013,Doña Ana County,county_or_equivalent,NM,"Doña Ana, NM",K02,9.833333333333,4999.999999999829,0.333333333333,1635.999999999925,0.19666666666666674,0.020374898125489933,-0.1762917685411768,3.389830508471302,32.71999999999962,11,1,125,False,False,K04,0.3281758805691738,K04,0.3281758805691738,Intervention design and performance optimization,#CDD1D5
NSF,US_35013,Doña Ana County,county_or_equivalent,NM,"Doña Ana, NM",K03,9.833333333333,4999.999999999829,0.0,489.499999999976,0.19666666666666674,0.0,-0.19666666666666674,0.0,9.789999999999857,11,0,125,False,False,K04,0.3281758805691738,K04,0.3281758805691738,Intervention design and performance optimization,#CDD1D5
NSF,US_35013,Doña Ana County,county_or_equivalent,NM,"Doña Ana, NM",K04,9.833333333333,4999.999999999829,7.5,1428.999999999969,0.19666666666666674,0.5248425472358406,0.3281758805691738,76.27118644068055,28.580000000000364,11,8,125,False,False,K04,0.3281758805691738,K04,0.3281758805691738,Intervention design and performance optimization,#CDD1D5
NSF,US_35013,Doña Ana County,county_or_equivalent,NM,"Doña Ana, NM",K05,9.833333333333,4999.999999999829,1.0,450.99999999999,0.19666666666666674,0.22172949002217787,0.025062823355511132,10.169491525424073,9.02000000000011,11,1,125,False,False,K04,0.3281758805691738,K04,0.3281758805691738,Intervention design and performance optimization,#CDD1D5
NSF,US_35013,Doña Ana County,county_or_equivalent,NM,"Doña Ana, NM",K06,9.833333333333,4999.999999999829,0.0,41.999999999999,0.19666666666666674,0.0,-0.19666666666666674,0.0,0.8400000000000089,11,0,125,False,False,K04,0.3281758805691738,K04,0.3281758805691738,Intervention design and performance optimization,#CDD1D5
NSF,US_35028,Los Alamos County,county_or_equivalent,NM,"Los Alamos, NM",K01,3.0,4999.999999999829,0.0,952.499999999969,0.060000000000002066,0.0,-0.060000000000002066,0.0,19.050000000000036,3,0,193,False,False,K04,0.07995801259622211,K04,0.07995801259622211,Intervention design and performance optimization,#CDD1D5
NSF,US_35028,Los Alamos County,county_or_equivalent,NM,"Los Alamos, NM",K02,3.0,4999.999999999829,1.0,1635.999999999925,0.060000000000002066,0.06112469437653092,0.0011246943765288522,33.333333333333336,32.71999999999962,3,1,193,False,False,K04,0.07995801259622211,K04,0.07995801259622211,Intervention design and performance optimization,#CDD1D5
NSF,US_35028,Los Alamos County,county_or_equivalent,NM,"Los Alamos, NM",K03,3.0,4999.999999999829,0.0,489.499999999976,0.060000000000002066,0.0,-0.060000000000002066,0.0,9.789999999999857,3,0,193,False,False,K04,0.07995801259622211,K04,0.07995801259622211,Intervention design and performance optimization,#CDD1D5
NSF,US_35028,Los Alamos County,county_or_equivalent,NM,"Los Alamos, NM",K04,3.0,4999.999999999829,2.0,1428.999999999969,0.060000000000002066,0.13995801259622417,0.07995801259622211,66.66666666666667,28.580000000000364,3,2,193,False,False,K04,0.07995801259622211,K04,0.07995801259622211,Intervention design and performance optimization,#CDD1D5
NSF,US_35028,Los Alamos County,county_or_equivalent,NM,"Los Alamos, NM",K05,3.0,4999.999999999829,0.0,450.99999999999,0.060000000000002066,0.0,-0.060000000000002066,0.0,9.02000000000011,3,0,193,False,False,K04,0.07995801259622211,K04,0.07995801259622211,Intervention design and performance optimization,#CDD1D5
NSF,US_35028,Los Alamos County,county_or_equivalent,NM,"Los Alamos, NM",K06,3.0,4999.999999999829,0.0,41.999999999999,0.060000000000002066,0.0,-0.060000000000002066,0.0,0.8400000000000089,3,0,193,False,False,K04,0.07995801259622211,K04,0.07995801259622211,Intervention design and performance optimization,#CDD1D5
NSF,US_35053,Socorro County,county_or_equivalent,NM,"Socorro, NM",K01,5.666666666666,4999.999999999829,1.333333333333,952.499999999969,0.1133333333333239,0.13998250218719616,0.02664916885387225,23.52941176470277,19.050000000000036,8,2,150,False,False,K03,0.2611985018726189,K03,0.2611985018726189,Scenario simulation and risk prediction,#CDD1D5
NSF,US_35053,Socorro County,county_or_equivalent,NM,"Socorro, NM",K02,5.666666666666,4999.999999999829,0.0,1635.999999999925,0.1133333333333239,0.0,-0.1133333333333239,0.0,32.71999999999962,8,0,150,False,False,K03,0.2611985018726189,K03,0.2611985018726189,Scenario simulation and risk prediction,#CDD1D5
NSF,US_35053,Socorro County,county_or_equivalent,NM,"Socorro, NM",K03,5.666666666666,4999.999999999829,1.833333333333,489.499999999976,0.1133333333333239,0.3745318352059428,0.2611985018726189,32.35294117646851,9.789999999999857,8,3,150,False,False,K03,0.2611985018726189,K03,0.2611985018726189,Scenario simulation and risk prediction,#CDD1D5
NSF,US_35053,Socorro County,county_or_equivalent,NM,"Socorro, NM",K04,5.666666666666,4999.999999999829,1.5,1428.999999999969,0.1133333333333239,0.10496850944716812,-0.008364823886155781,26.47058823529723,28.580000000000364,8,2,150,False,False,K03,0.2611985018726189,K03,0.2611985018726189,Scenario simulation and risk prediction,#CDD1D5
NSF,US_35053,Socorro County,county_or_equivalent,NM,"Socorro, NM",K05,5.666666666666,4999.999999999829,1.0,450.99999999999,0.1133333333333239,0.22172949002217787,0.10839615668885397,17.647058823531488,9.02000000000011,8,1,150,False,False,K03,0.2611985018726189,K03,0.2611985018726189,Scenario simulation and risk prediction,#CDD1D5
NSF,US_35053,Socorro County,county_or_equivalent,NM,"Socorro, NM",K06,5.666666666666,4999.999999999829,0.0,41.999999999999,0.1133333333333239,0.0,-0.1133333333333239,0.0,0.8400000000000089,8,0,150,False,False,K03,0.2611985018726189,K03,0.2611985018726189,Scenario simulation and risk prediction,#CDD1D5
NSF,US_36001,Albany County,county_or_equivalent,NY,"Albany, NY",K01,9.033333333332,4999.999999999829,2.0,952.499999999969,0.1806666666666462,0.20997375328084675,0.02930708661420056,22.140221402217293,19.050000000000036,13,2,130,False,False,K05,0.2627923133777096,K05,0.2627923133777096,Planning decision support and policy design,#CDD1D5
NSF,US_36001,Albany County,county_or_equivalent,NY,"Albany, NY",K02,9.033333333332,4999.999999999829,2.166666666666,1635.999999999925,0.1806666666666462,0.13243683781577625,-0.04822982885086993,23.985239852394688,32.71999999999962,13,4,130,False,False,K05,0.2627923133777096,K05,0.2627923133777096,Planning decision support and policy design,#CDD1D5
NSF,US_36001,Albany County,county_or_equivalent,NY,"Albany, NY",K03,9.033333333332,4999.999999999829,1.8666666666660001,489.499999999976,0.1806666666666462,0.38134150493689306,0.20067483827024687,20.664206642062094,9.789999999999857,13,4,130,False,False,K05,0.2627923133777096,K05,0.2627923133777096,Planning decision support and policy design,#CDD1D5
NSF,US_36001,Albany County,county_or_equivalent,NY,"Albany, NY",K04,9.033333333332,4999.999999999829,1.0,1428.999999999969,0.1806666666666462,0.06997900629811209,-0.1106876603685341,11.070110701108646,28.580000000000364,13,1,130,False,False,K05,0.2627923133777096,K05,0.2627923133777096,Planning decision support and policy design,#CDD1D5
NSF,US_36001,Albany County,county_or_equivalent,NY,"Albany, NY",K05,9.033333333332,4999.999999999829,2.0,450.99999999999,0.1806666666666462,0.44345898004435574,0.2627923133777096,22.140221402217293,9.02000000000011,13,2,130,False,False,K05,0.2627923133777096,K05,0.2627923133777096,Planning decision support and policy design,#CDD1D5
NSF,US_36001,Albany County,county_or_equivalent,NY,"Albany, NY",K06,9.033333333332,4999.999999999829,0.0,41.999999999999,0.1806666666666462,0.0,-0.1806666666666462,0.0,0.8400000000000089,13,0,130,False,False,K05,0.2627923133777096,K05,0.2627923133777096,Planning decision support and policy design,#CDD1D5
NSF,US_36007,Broome County,county_or_equivalent,NY,"Broome, NY",K01,8.833333333333,4999.999999999829,3.0,952.499999999969,0.17666666666666606,0.3149606299212701,0.13829396325460405,33.96226415094468,19.050000000000036,10,3,136,False,False,K01,0.13829396325460405,K01,0.13829396325460405,State measurement and problem diagnosis,#CDD1D5
NSF,US_36007,Broome County,county_or_equivalent,NY,"Broome, NY",K02,8.833333333333,4999.999999999829,1.833333333333,1635.999999999925,0.17666666666666606,0.11206193969028631,-0.06460472697637974,20.754716981129086,32.71999999999962,10,3,136,False,False,K01,0.13829396325460405,K01,0.13829396325460405,State measurement and problem diagnosis,#CDD1D5
NSF,US_36007,Broome County,county_or_equivalent,NY,"Broome, NY",K03,8.833333333333,4999.999999999829,0.0,489.499999999976,0.17666666666666606,0.0,-0.17666666666666606,0.0,9.789999999999857,10,0,136,False,False,K01,0.13829396325460405,K01,0.13829396325460405,State measurement and problem diagnosis,#CDD1D5
NSF,US_36007,Broome County,county_or_equivalent,NY,"Broome, NY",K04,8.833333333333,4999.999999999829,4.0,1428.999999999969,0.17666666666666606,0.27991602519244835,0.10324935852578229,45.28301886792624,28.580000000000364,10,4,136,False,False,K01,0.13829396325460405,K01,0.13829396325460405,State measurement and problem diagnosis,#CDD1D5
NSF,US_36007,Broome County,county_or_equivalent,NY,"Broome, NY",K05,8.833333333333,4999.999999999829,0.0,450.99999999999,0.17666666666666606,0.0,-0.17666666666666606,0.0,9.02000000000011,10,0,136,False,False,K01,0.13829396325460405,K01,0.13829396325460405,State measurement and problem diagnosis,#CDD1D5
NSF,US_36007,Broome County,county_or_equivalent,NY,"Broome, NY",K06,8.833333333333,4999.999999999829,0.0,41.999999999999,0.17666666666666606,0.0,-0.17666666666666606,0.0,0.8400000000000089,10,0,136,False,False,K01,0.13829396325460405,K01,0.13829396325460405,State measurement and problem diagnosis,#CDD1D5
NSF,US_36015,Chemung County,county_or_equivalent,NY,"Chemung, NY",K01,1.0,4999.999999999829,0.0,952.499999999969,0.020000000000000687,0.0,-0.020000000000000687,0.0,19.050000000000036,1,0,292,False,False,K04,0.0499790062981114,K04,0.0499790062981114,Intervention design and performance optimization,#CDD1D5
NSF,US_36015,Chemung County,county_or_equivalent,NY,"Chemung, NY",K02,1.0,4999.999999999829,0.0,1635.999999999925,0.020000000000000687,0.0,-0.020000000000000687,0.0,32.71999999999962,1,0,292,False,False,K04,0.0499790062981114,K04,0.0499790062981114,Intervention design and performance optimization,#CDD1D5
NSF,US_36015,Chemung County,county_or_equivalent,NY,"Chemung, NY",K03,1.0,4999.999999999829,0.0,489.499999999976,0.020000000000000687,0.0,-0.020000000000000687,0.0,9.789999999999857,1,0,292,False,False,K04,0.0499790062981114,K04,0.0499790062981114,Intervention design and performance optimization,#CDD1D5
NSF,US_36015,Chemung County,county_or_equivalent,NY,"Chemung, NY",K04,1.0,4999.999999999829,1.0,1428.999999999969,0.020000000000000687,0.06997900629811209,0.0499790062981114,100.0,28.580000000000364,1,1,292,False,False,K04,0.0499790062981114,K04,0.0499790062981114,Intervention design and performance optimization,#CDD1D5
NSF,US_36015,Chemung County,county_or_equivalent,NY,"Chemung, NY",K05,1.0,4999.999999999829,0.0,450.99999999999,0.020000000000000687,0.0,-0.020000000000000687,0.0,9.02000000000011,1,0,292,False,False,K04,0.0499790062981114,K04,0.0499790062981114,Intervention design and performance optimization,#CDD1D5
NSF,US_36015,Chemung County,county_or_equivalent,NY,"Chemung, NY",K06,1.0,4999.999999999829,0.0,41.999999999999,0.020000000000000687,0.0,-0.020000000000000687,0.0,0.8400000000000089,1,0,292,False,False,K04,0.0499790062981114,K04,0.0499790062981114,Intervention design and performance optimization,#CDD1D5
NSF,US_36027,Dutchess County,county_or_equivalent,NY,"Dutchess, NY",K01,2.0,4999.999999999829,1.0,952.499999999969,0.040000000000001375,0.10498687664042337,0.06498687664042199,50.0,19.050000000000036,2,1,226,False,False,K03,0.16429009193055003,K03,0.16429009193055003,Scenario simulation and risk prediction,#CDD1D5
NSF,US_36027,Dutchess County,county_or_equivalent,NY,"Dutchess, NY",K02,2.0,4999.999999999829,0.0,1635.999999999925,0.040000000000001375,0.0,-0.040000000000001375,0.0,32.71999999999962,2,0,226,False,False,K03,0.16429009193055003,K03,0.16429009193055003,Scenario simulation and risk prediction,#CDD1D5
NSF,US_36027,Dutchess County,county_or_equivalent,NY,"Dutchess, NY",K03,2.0,4999.999999999829,1.0,489.499999999976,0.040000000000001375,0.2042900919305514,0.16429009193055003,50.0,9.789999999999857,2,1,226,False,False,K03,0.16429009193055003,K03,0.16429009193055003,Scenario simulation and risk prediction,#CDD1D5
NSF,US_36027,Dutchess County,county_or_equivalent,NY,"Dutchess, NY",K04,2.0,4999.999999999829,0.0,1428.999999999969,0.040000000000001375,0.0,-0.040000000000001375,0.0,28.580000000000364,2,0,226,False,False,K03,0.16429009193055003,K03,0.16429009193055003,Scenario simulation and risk prediction,#CDD1D5
NSF,US_36027,Dutchess County,county_or_equivalent,NY,"Dutchess, NY",K05,2.0,4999.999999999829,0.0,450.99999999999,0.040000000000001375,0.0,-0.040000000000001375,0.0,9.02000000000011,2,0,226,False,False,K03,0.16429009193055003,K03,0.16429009193055003,Scenario simulation and risk prediction,#CDD1D5
NSF,US_36027,Dutchess County,county_or_equivalent,NY,"Dutchess, NY",K06,2.0,4999.999999999829,0.0,41.999999999999,0.040000000000001375,0.0,-0.040000000000001375,0.0,0.8400000000000089,2,0,226,False,False,K03,0.16429009193055003,K03,0.16429009193055003,Scenario simulation and risk prediction,#CDD1D5
NSF,US_36029,Erie County,county_or_equivalent,NY,"Erie, NY",K01,40.533333333333,4999.999999999829,10.533333333333,952.499999999969,0.8106666666666879,1.105861767279091,0.29519510061240306,25.986842105262546,19.050000000000036,47,12,35,False,False,K01,0.29519510061240306,K01,0.29519510061240306,State measurement and problem diagnosis,#CDD1D5
NSF,US_36029,Erie County,county_or_equivalent,NY,"Erie, NY",K02,40.533333333333,4999.999999999829,8.5,1635.999999999925,0.8106666666666879,0.5195599022005128,-0.291106764466175,20.97039473684228,32.71999999999962,47,10,35,False,False,K01,0.29519510061240306,K01,0.29519510061240306,State measurement and problem diagnosis,#CDD1D5
NSF,US_36029,Erie County,county_or_equivalent,NY,"Erie, NY",K03,40.533333333333,4999.999999999829,4.0,489.499999999976,0.8106666666666879,0.8171603677222056,0.00649370105551772,9.86842105263166,9.789999999999857,47,5,35,False,False,K01,0.29519510061240306,K01,0.29519510061240306,State measurement and problem diagnosis,#CDD1D5
NSF,US_36029,Erie County,county_or_equivalent,NY,"Erie, NY",K04,40.533333333333,4999.999999999829,15.5,1428.999999999969,0.8106666666666879,1.0846745976207373,0.2740079309540494,38.24013157894768,28.580000000000364,47,18,35,False,False,K01,0.29519510061240306,K01,0.29519510061240306,State measurement and problem diagnosis,#CDD1D5
NSF,US_36029,Erie County,county_or_equivalent,NY,"Erie, NY",K05,40.533333333333,4999.999999999829,2.0,450.99999999999,0.8106666666666879,0.44345898004435574,-0.3672076866223321,4.93421052631583,9.02000000000011,47,2,35,False,False,K01,0.29519510061240306,K01,0.29519510061240306,State measurement and problem diagnosis,#CDD1D5
NSF,US_36029,Erie County,county_or_equivalent,NY,"Erie, NY",K06,40.533333333333,4999.999999999829,0.0,41.999999999999,0.8106666666666879,0.0,-0.8106666666666879,0.0,0.8400000000000089,47,0,35,False,False,K01,0.29519510061240306,K01,0.29519510061240306,State measurement and problem diagnosis,#CDD1D5
NSF,US_36047,Kings County,county_or_equivalent,NY,"Kings, NY",K01,10.0,4999.999999999829,4.0,952.499999999969,0.20000000000000687,0.4199475065616935,0.21994750656168663,40.0,19.050000000000036,10,4,122,False,False,K01,0.21994750656168663,K01,0.21994750656168663,State measurement and problem diagnosis,#CDD1D5
NSF,US_36047,Kings County,county_or_equivalent,NY,"Kings, NY",K02,10.0,4999.999999999829,1.0,1635.999999999925,0.20000000000000687,0.06112469437653092,-0.13887530562347594,10.0,32.71999999999962,10,1,122,False,False,K01,0.21994750656168663,K01,0.21994750656168663,State measurement and problem diagnosis,#CDD1D5
NSF,US_36047,Kings County,county_or_equivalent,NY,"Kings, NY",K03,10.0,4999.999999999829,0.0,489.499999999976,0.20000000000000687,0.0,-0.20000000000000687,0.0,9.789999999999857,10,0,122,False,False,K01,0.21994750656168663,K01,0.21994750656168663,State measurement and problem diagnosis,#CDD1D5
NSF,US_36047,Kings County,county_or_equivalent,NY,"Kings, NY",K04,10.0,4999.999999999829,4.0,1428.999999999969,0.20000000000000687,0.27991602519244835,0.07991602519244148,40.0,28.580000000000364,10,4,122,False,False,K01,0.21994750656168663,K01,0.21994750656168663,State measurement and problem diagnosis,#CDD1D5
NSF,US_36047,Kings County,county_or_equivalent,NY,"Kings, NY",K05,10.0,4999.999999999829,1.0,450.99999999999,0.20000000000000687,0.22172949002217787,0.021729490022171005,10.0,9.02000000000011,10,1,122,False,False,K01,0.21994750656168663,K01,0.21994750656168663,State measurement and problem diagnosis,#CDD1D5
NSF,US_36047,Kings County,county_or_equivalent,NY,"Kings, NY",K06,10.0,4999.999999999829,0.0,41.999999999999,0.20000000000000687,0.0,-0.20000000000000687,0.0,0.8400000000000089,10,0,122,False,False,K01,0.21994750656168663,K01,0.21994750656168663,State measurement and problem diagnosis,#CDD1D5
NSF,US_36053,Madison County,county_or_equivalent,NY,"Madison, NY",K01,0.666666666667,4999.999999999829,0.0,952.499999999969,0.013333333333340457,0.0,-0.013333333333340457,0.0,19.050000000000036,2,0,329,False,False,K02,0.02741646291770053,K02,0.02741646291770053,Mechanism analysis and causal identification,#CDD1D5
NSF,US_36053,Madison County,county_or_equivalent,NY,"Madison, NY",K02,0.666666666667,4999.999999999829,0.666666666667,1635.999999999925,0.013333333333340457,0.040749796251040984,0.02741646291770053,99.99999999999999,32.71999999999962,2,2,329,False,False,K02,0.02741646291770053,K02,0.02741646291770053,Mechanism analysis and causal identification,#CDD1D5
NSF,US_36053,Madison County,county_or_equivalent,NY,"Madison, NY",K03,0.666666666667,4999.999999999829,0.0,489.499999999976,0.013333333333340457,0.0,-0.013333333333340457,0.0,9.789999999999857,2,0,329,False,False,K02,0.02741646291770053,K02,0.02741646291770053,Mechanism analysis and causal identification,#CDD1D5
NSF,US_36053,Madison County,county_or_equivalent,NY,"Madison, NY",K04,0.666666666667,4999.999999999829,0.0,1428.999999999969,0.013333333333340457,0.0,-0.013333333333340457,0.0,28.580000000000364,2,0,329,False,False,K02,0.02741646291770053,K02,0.02741646291770053,Mechanism analysis and causal identification,#CDD1D5
NSF,US_36053,Madison County,county_or_equivalent,NY,"Madison, NY",K05,0.666666666667,4999.999999999829,0.0,450.99999999999,0.013333333333340457,0.0,-0.013333333333340457,0.0,9.02000000000011,2,0,329,False,False,K02,0.02741646291770053,K02,0.02741646291770053,Mechanism analysis and causal identification,#CDD1D5
NSF,US_36053,Madison County,county_or_equivalent,NY,"Madison, NY",K06,0.666666666667,4999.999999999829,0.0,41.999999999999,0.013333333333340457,0.0,-0.013333333333340457,0.0,0.8400000000000089,2,0,329,False,False,K02,0.02741646291770053,K02,0.02741646291770053,Mechanism analysis and causal identification,#CDD1D5
NSF,US_36055,Monroe County,county_or_equivalent,NY,"Monroe, NY",K01,14.249999999999,4999.999999999829,1.833333333333,952.499999999969,0.28499999999998976,0.19247594050740785,-0.09252405949258191,12.865497076021956,19.050000000000036,18,3,103,False,False,K05,0.4540983000738626,K05,0.4540983000738626,Planning decision support and policy design,#CDD1D5
NSF,US_36055,Monroe County,county_or_equivalent,NY,"Monroe, NY",K02,14.249999999999,4999.999999999829,3.333333333333,1635.999999999925,0.28499999999998976,0.2037489812550827,-0.08125101874490706,23.39181286549638,32.71999999999962,18,4,103,False,False,K05,0.4540983000738626,K05,0.4540983000738626,Planning decision support and policy design,#CDD1D5
NSF,US_36055,Monroe County,county_or_equivalent,NY,"Monroe, NY",K03,14.249999999999,4999.999999999829,0.0,489.499999999976,0.28499999999998976,0.0,-0.28499999999998976,0.0,9.789999999999857,18,0,103,False,False,K05,0.4540983000738626,K05,0.4540983000738626,Planning decision support and policy design,#CDD1D5
NSF,US_36055,Monroe County,county_or_equivalent,NY,"Monroe, NY",K04,14.249999999999,4999.999999999829,5.75,1428.999999999969,0.28499999999998976,0.4023792862141445,0.11737928621415472,40.35087719298529,28.580000000000364,18,7,103,False,False,K05,0.4540983000738626,K05,0.4540983000738626,Planning decision support and policy design,#CDD1D5
NSF,US_36055,Monroe County,county_or_equivalent,NY,"Monroe, NY",K05,14.249999999999,4999.999999999829,3.333333333333,450.99999999999,0.28499999999998976,0.7390983000738524,0.4540983000738626,23.39181286549638,9.02000000000011,18,4,103,False,False,K05,0.4540983000738626,K05,0.4540983000738626,Planning decision support and policy design,#CDD1D5
NSF,US_36055,Monroe County,county_or_equivalent,NY,"Monroe, NY",K06,14.249999999999,4999.999999999829,0.0,41.999999999999,0.28499999999998976,0.0,-0.28499999999998976,0.0,0.8400000000000089,18,0,103,False,False,K05,0.4540983000738626,K05,0.4540983000738626,Planning decision support and policy design,#CDD1D5
NSF,US_36059,Nassau County,county_or_equivalent,NY,"Nassau, NY",K01,2.0,4999.999999999829,0.0,952.499999999969,0.040000000000001375,0.0,-0.040000000000001375,0.0,19.050000000000036,2,0,227,False,False,K04,0.0999580125962228,K04,0.0999580125962228,Intervention design and performance optimization,#CDD1D5
NSF,US_36059,Nassau County,county_or_equivalent,NY,"Nassau, NY",K02,2.0,4999.999999999829,0.0,1635.999999999925,0.040000000000001375,0.0,-0.040000000000001375,0.0,32.71999999999962,2,0,227,False,False,K04,0.0999580125962228,K04,0.0999580125962228,Intervention design and performance optimization,#CDD1D5
NSF,US_36059,Nassau County,county_or_equivalent,NY,"Nassau, NY",K03,2.0,4999.999999999829,0.0,489.499999999976,0.040000000000001375,0.0,-0.040000000000001375,0.0,9.789999999999857,2,0,227,False,False,K04,0.0999580125962228,K04,0.0999580125962228,Intervention design and performance optimization,#CDD1D5
NSF,US_36059,Nassau County,county_or_equivalent,NY,"Nassau, NY",K04,2.0,4999.999999999829,2.0,1428.999999999969,0.040000000000001375,0.13995801259622417,0.0999580125962228,100.0,28.580000000000364,2,2,227,False,False,K04,0.0999580125962228,K04,0.0999580125962228,Intervention design and performance optimization,#CDD1D5
NSF,US_36059,Nassau County,county_or_equivalent,NY,"Nassau, NY",K05,2.0,4999.999999999829,0.0,450.99999999999,0.040000000000001375,0.0,-0.040000000000001375,0.0,9.02000000000011,2,0,227,False,False,K04,0.0999580125962228,K04,0.0999580125962228,Intervention design and performance optimization,#CDD1D5
NSF,US_36059,Nassau County,county_or_equivalent,NY,"Nassau, NY",K06,2.0,4999.999999999829,0.0,41.999999999999,0.040000000000001375,0.0,-0.040000000000001375,0.0,0.8400000000000089,2,0,227,False,False,K04,0.0999580125962228,K04,0.0999580125962228,Intervention design and performance optimization,#CDD1D5
NSF,US_36061,New York County,county_or_equivalent,NY,"New York, NY",K01,132.699999999996,4999.999999999829,31.833333333332998,952.499999999969,2.6540000000000115,3.3420822397201086,0.6880822397200972,23.988947500628452,19.050000000000036,152,38,2,True,False,K01,0.6880822397200972,K01,0.6880822397200972,State measurement and problem diagnosis,#386087
NSF,US_36061,New York County,county_or_equivalent,NY,"New York, NY",K02,132.699999999996,4999.999999999829,43.366666666665,1635.999999999925,2.6540000000000115,2.6507742461287886,-0.003225753871222814,32.680231097713865,32.71999999999962,152,51,2,True,False,K01,0.6880822397200972,K01,0.6880822397200972,State measurement and problem diagnosis,#386087
NSF,US_36061,New York County,county_or_equivalent,NY,"New York, NY",K03,132.699999999996,4999.999999999829,13.916666666666,489.499999999976,2.6540000000000115,2.843037112700037,0.18903711270002566,10.487314745038747,9.789999999999857,152,16,2,True,False,K01,0.6880822397200972,K01,0.6880822397200972,State measurement and problem diagnosis,#386087
NSF,US_36061,New York County,county_or_equivalent,NY,"New York, NY",K04,132.699999999996,4999.999999999829,32.583333333332,1428.999999999969,2.6540000000000115,2.2801492885467254,-0.3738507114532861,24.55413212760586,28.580000000000364,152,36,2,True,False,K01,0.6880822397200972,K01,0.6880822397200972,State measurement and problem diagnosis,#386087
NSF,US_36061,New York County,county_or_equivalent,NY,"New York, NY",K05,132.699999999996,4999.999999999829,11.0,450.99999999999,2.6540000000000115,2.4390243902439566,-0.2149756097560549,8.28937452901306,9.02000000000011,152,11,2,True,False,K01,0.6880822397200972,K01,0.6880822397200972,State measurement and problem diagnosis,#386087
NSF,US_36061,New York County,county_or_equivalent,NY,"New York, NY",K06,132.699999999996,4999.999999999829,0.0,41.999999999999,2.6540000000000115,0.0,-2.6540000000000115,0.0,0.8400000000000089,152,0,2,True,False,K01,0.6880822397200972,K01,0.6880822397200972,State measurement and problem diagnosis,#386087
NSF,US_36065,Oneida County,county_or_equivalent,NY,"Oneida, NY",K01,1.0,4999.999999999829,0.0,952.499999999969,0.020000000000000687,0.0,-0.020000000000000687,0.0,19.050000000000036,1,0,293,False,False,K02,0.04112469437653023,K02,0.04112469437653023,Mechanism analysis and causal identification,#CDD1D5
NSF,US_36065,Oneida County,county_or_equivalent,NY,"Oneida, NY",K02,1.0,4999.999999999829,1.0,1635.999999999925,0.020000000000000687,0.06112469437653092,0.04112469437653023,100.0,32.71999999999962,1,1,293,False,False,K02,0.04112469437653023,K02,0.04112469437653023,Mechanism analysis and causal identification,#CDD1D5
NSF,US_36065,Oneida County,county_or_equivalent,NY,"Oneida, NY",K03,1.0,4999.999999999829,0.0,489.499999999976,0.020000000000000687,0.0,-0.020000000000000687,0.0,9.789999999999857,1,0,293,False,False,K02,0.04112469437653023,K02,0.04112469437653023,Mechanism analysis and causal identification,#CDD1D5
NSF,US_36065,Oneida County,county_or_equivalent,NY,"Oneida, NY",K04,1.0,4999.999999999829,0.0,1428.999999999969,0.020000000000000687,0.0,-0.020000000000000687,0.0,28.580000000000364,1,0,293,False,False,K02,0.04112469437653023,K02,0.04112469437653023,Mechanism analysis and causal identification,#CDD1D5
NSF,US_36065,Oneida County,county_or_equivalent,NY,"Oneida, NY",K05,1.0,4999.999999999829,0.0,450.99999999999,0.020000000000000687,0.0,-0.020000000000000687,0.0,9.02000000000011,1,0,293,False,False,K02,0.04112469437653023,K02,0.04112469437653023,Mechanism analysis and causal identification,#CDD1D5
NSF,US_36065,Oneida County,county_or_equivalent,NY,"Oneida, NY",K06,1.0,4999.999999999829,0.0,41.999999999999,0.020000000000000687,0.0,-0.020000000000000687,0.0,0.8400000000000089,1,0,293,False,False,K02,0.04112469437653023,K02,0.04112469437653023,Mechanism analysis and causal identification,#CDD1D5
NSF,US_36067,Onondaga County,county_or_equivalent,NY,"Onondaga, NY",K01,21.416666666666,4999.999999999829,5.0,952.499999999969,0.42833333333333473,0.5249343832021168,0.0966010498687821,23.346303501946252,19.050000000000036,26,6,78,False,False,K02,0.11669519152402524,K02,0.11669519152402524,Mechanism analysis and causal identification,#CDD1D5
NSF,US_36067,Onondaga County,county_or_equivalent,NY,"Onondaga, NY",K02,21.416666666666,4999.999999999829,8.916666666666,1635.999999999925,0.42833333333333473,0.54502852485736,0.11669519152402524,41.63424124513437,32.71999999999962,26,12,78,False,False,K02,0.11669519152402524,K02,0.11669519152402524,Mechanism analysis and causal identification,#CDD1D5
NSF,US_36067,Onondaga County,county_or_equivalent,NY,"Onondaga, NY",K03,21.416666666666,4999.999999999829,0.5,489.499999999976,0.42833333333333473,0.1021450459652757,-0.32618828736805905,2.334630350194625,9.789999999999857,26,1,78,False,False,K02,0.11669519152402524,K02,0.11669519152402524,Mechanism analysis and causal identification,#CDD1D5
NSF,US_36067,Onondaga County,county_or_equivalent,NY,"Onondaga, NY",K04,21.416666666666,4999.999999999829,5.0,1428.999999999969,0.42833333333333473,0.3498950314905604,-0.07843830184277434,23.346303501946252,28.580000000000364,26,5,78,False,False,K02,0.11669519152402524,K02,0.11669519152402524,Mechanism analysis and causal identification,#CDD1D5
NSF,US_36067,Onondaga County,county_or_equivalent,NY,"Onondaga, NY",K05,21.416666666666,4999.999999999829,2.0,450.99999999999,0.42833333333333473,0.44345898004435574,0.015125646711021012,9.3385214007785,9.02000000000011,26,2,78,False,False,K02,0.11669519152402524,K02,0.11669519152402524,Mechanism analysis and causal identification,#CDD1D5
NSF,US_36067,Onondaga County,county_or_equivalent,NY,"Onondaga, NY",K06,21.416666666666,4999.999999999829,0.0,41.999999999999,0.42833333333333473,0.0,-0.42833333333333473,0.0,0.8400000000000089,26,0,78,False,False,K02,0.11669519152402524,K02,0.11669519152402524,Mechanism analysis and causal identification,#CDD1D5
NSF,US_36081,Queens County,county_or_equivalent,NY,"Queens, NY",K01,4.0,4999.999999999829,0.0,952.499999999969,0.08000000000000275,0.0,-0.08000000000000275,0.0,19.050000000000036,4,0,175,False,False,K04,0.1299370188943335,K04,0.1299370188943335,Intervention design and performance optimization,#CDD1D5
NSF,US_36081,Queens County,county_or_equivalent,NY,"Queens, NY",K02,4.0,4999.999999999829,1.0,1635.999999999925,0.08000000000000275,0.06112469437653092,-0.01887530562347183,25.0,32.71999999999962,4,1,175,False,False,K04,0.1299370188943335,K04,0.1299370188943335,Intervention design and performance optimization,#CDD1D5
NSF,US_36081,Queens County,county_or_equivalent,NY,"Queens, NY",K03,4.0,4999.999999999829,0.0,489.499999999976,0.08000000000000275,0.0,-0.08000000000000275,0.0,9.789999999999857,4,0,175,False,False,K04,0.1299370188943335,K04,0.1299370188943335,Intervention design and performance optimization,#CDD1D5
NSF,US_36081,Queens County,county_or_equivalent,NY,"Queens, NY",K04,4.0,4999.999999999829,3.0,1428.999999999969,0.08000000000000275,0.20993701889433625,0.1299370188943335,75.0,28.580000000000364,4,3,175,False,False,K04,0.1299370188943335,K04,0.1299370188943335,Intervention design and performance optimization,#CDD1D5
NSF,US_36081,Queens County,county_or_equivalent,NY,"Queens, NY",K05,4.0,4999.999999999829,0.0,450.99999999999,0.08000000000000275,0.0,-0.08000000000000275,0.0,9.02000000000011,4,0,175,False,False,K04,0.1299370188943335,K04,0.1299370188943335,Intervention design and performance optimization,#CDD1D5
NSF,US_36081,Queens County,county_or_equivalent,NY,"Queens, NY",K06,4.0,4999.999999999829,0.0,41.999999999999,0.08000000000000275,0.0,-0.08000000000000275,0.0,0.8400000000000089,4,0,175,False,False,K04,0.1299370188943335,K04,0.1299370188943335,Intervention design and performance optimization,#CDD1D5
NSF,US_36083,Rensselaer County,county_or_equivalent,NY,"Rensselaer, NY",K01,19.166666666666,4999.999999999829,3.083333333333,952.499999999969,0.38333333333333314,0.3237095363079371,-0.05962379702539605,16.08695652173795,19.050000000000036,23,5,82,False,False,K04,0.23481455563330017,K04,0.23481455563330017,Intervention design and performance optimization,#CDD1D5
NSF,US_36083,Rensselaer County,county_or_equivalent,NY,"Rensselaer, NY",K02,19.166666666666,4999.999999999829,7.0,1635.999999999925,0.38333333333333314,0.42787286063571645,0.04453952730238331,36.52173913043605,32.71999999999962,23,7,82,False,False,K04,0.23481455563330017,K04,0.23481455563330017,Intervention design and performance optimization,#CDD1D5
NSF,US_36083,Rensselaer County,county_or_equivalent,NY,"Rensselaer, NY",K03,19.166666666666,4999.999999999829,0.0,489.499999999976,0.38333333333333314,0.0,-0.38333333333333314,0.0,9.789999999999857,23,0,82,False,False,K04,0.23481455563330017,K04,0.23481455563330017,Intervention design and performance optimization,#CDD1D5
NSF,US_36083,Rensselaer County,county_or_equivalent,NY,"Rensselaer, NY",K04,19.166666666666,4999.999999999829,8.833333333333,1428.999999999969,0.38333333333333314,0.6181478889666333,0.23481455563330017,46.08695652173899,28.580000000000364,23,10,82,False,False,K04,0.23481455563330017,K04,0.23481455563330017,Intervention design and performance optimization,#CDD1D5
NSF,US_36083,Rensselaer County,county_or_equivalent,NY,"Rensselaer, NY",K05,19.166666666666,4999.999999999829,0.25,450.99999999999,0.38333333333333314,0.05543237250554447,-0.3279009608277887,1.3043478260870018,9.02000000000011,23,1,82,False,False,K04,0.23481455563330017,K04,0.23481455563330017,Intervention design and performance optimization,#CDD1D5
NSF,US_36083,Rensselaer County,county_or_equivalent,NY,"Rensselaer, NY",K06,19.166666666666,4999.999999999829,0.0,41.999999999999,0.38333333333333314,0.0,-0.38333333333333314,0.0,0.8400000000000089,23,0,82,False,False,K04,0.23481455563330017,K04,0.23481455563330017,Intervention design and performance optimization,#CDD1D5
NSF,US_36085,Richmond County,county_or_equivalent,NY,"Richmond, NY",K01,0.5,4999.999999999829,0.0,952.499999999969,0.010000000000000344,0.0,-0.010000000000000344,0.0,19.050000000000036,1,0,334,False,False,K02,0.020562347188265113,K02,0.020562347188265113,Mechanism analysis and causal identification,#CDD1D5
NSF,US_36085,Richmond County,county_or_equivalent,NY,"Richmond, NY",K02,0.5,4999.999999999829,0.5,1635.999999999925,0.010000000000000344,0.03056234718826546,0.020562347188265113,100.0,32.71999999999962,1,1,334,False,False,K02,0.020562347188265113,K02,0.020562347188265113,Mechanism analysis and causal identification,#CDD1D5
NSF,US_36085,Richmond County,county_or_equivalent,NY,"Richmond, NY",K03,0.5,4999.999999999829,0.0,489.499999999976,0.010000000000000344,0.0,-0.010000000000000344,0.0,9.789999999999857,1,0,334,False,False,K02,0.020562347188265113,K02,0.020562347188265113,Mechanism analysis and causal identification,#CDD1D5
NSF,US_36085,Richmond County,county_or_equivalent,NY,"Richmond, NY",K04,0.5,4999.999999999829,0.0,1428.999999999969,0.010000000000000344,0.0,-0.010000000000000344,0.0,28.580000000000364,1,0,334,False,False,K02,0.020562347188265113,K02,0.020562347188265113,Mechanism analysis and causal identification,#CDD1D5
NSF,US_36085,Richmond County,county_or_equivalent,NY,"Richmond, NY",K05,0.5,4999.999999999829,0.0,450.99999999999,0.010000000000000344,0.0,-0.010000000000000344,0.0,9.02000000000011,1,0,334,False,False,K02,0.020562347188265113,K02,0.020562347188265113,Mechanism analysis and causal identification,#CDD1D5
NSF,US_36085,Richmond County,county_or_equivalent,NY,"Richmond, NY",K06,0.5,4999.999999999829,0.0,41.999999999999,0.010000000000000344,0.0,-0.010000000000000344,0.0,0.8400000000000089,1,0,334,False,False,K02,0.020562347188265113,K02,0.020562347188265113,Mechanism analysis and causal identification,#CDD1D5
NSF,US_36089,St. Lawrence County,county_or_equivalent,NY,"St. Lawrence, NY",K01,8.333333333333,4999.999999999829,2.0,952.499999999969,0.1666666666666657,0.20997375328084675,0.043307086614181034,24.00000000000096,19.050000000000036,12,2,139,False,False,K04,0.14823886167483866,K04,0.14823886167483866,Intervention design and performance optimization,#CDD1D5
NSF,US_36089,St. Lawrence County,county_or_equivalent,NY,"St. Lawrence, NY",K02,8.333333333333,4999.999999999829,1.5,1635.999999999925,0.1666666666666657,0.09168704156479639,-0.07497962510186933,18.00000000000072,32.71999999999962,12,3,139,False,False,K04,0.14823886167483866,K04,0.14823886167483866,Intervention design and performance optimization,#CDD1D5
NSF,US_36089,St. Lawrence County,county_or_equivalent,NY,"St. Lawrence, NY",K03,8.333333333333,4999.999999999829,0.0,489.499999999976,0.1666666666666657,0.0,-0.1666666666666657,0.0,9.789999999999857,12,0,139,False,False,K04,0.14823886167483866,K04,0.14823886167483866,Intervention design and performance optimization,#CDD1D5
NSF,US_36089,St. Lawrence County,county_or_equivalent,NY,"St. Lawrence, NY",K04,8.333333333333,4999.999999999829,4.5,1428.999999999969,0.1666666666666657,0.31490552834150437,0.14823886167483866,54.00000000000216,28.580000000000364,12,6,139,False,False,K04,0.14823886167483866,K04,0.14823886167483866,Intervention design and performance optimization,#CDD1D5
NSF,US_36089,St. Lawrence County,county_or_equivalent,NY,"St. Lawrence, NY",K05,8.333333333333,4999.999999999829,0.333333333333,450.99999999999,0.1666666666666657,0.07390983000731872,-0.09275683665934699,3.9999999999961604,9.02000000000011,12,1,139,False,False,K04,0.14823886167483866,K04,0.14823886167483866,Intervention design and performance optimization,#CDD1D5
NSF,US_36089,St. Lawrence County,county_or_equivalent,NY,"St. Lawrence, NY",K06,8.333333333333,4999.999999999829,0.0,41.999999999999,0.1666666666666657,0.0,-0.1666666666666657,0.0,0.8400000000000089,12,0,139,False,False,K04,0.14823886167483866,K04,0.14823886167483866,Intervention design and performance optimization,#CDD1D5
NSF,US_36091,Saratoga County,county_or_equivalent,NY,"Saratoga, NY",K01,0.333333333333,4999.999999999829,0.0,952.499999999969,0.00666666666666023,0.0,-0.00666666666666023,0.0,19.050000000000036,1,0,344,False,False,K02,0.013708231458829703,K02,0.013708231458829703,Mechanism analysis and causal identification,#CDD1D5
NSF,US_36091,Saratoga County,county_or_equivalent,NY,"Saratoga, NY",K02,0.333333333333,4999.999999999829,0.333333333333,1635.999999999925,0.00666666666666023,0.020374898125489933,0.013708231458829703,100.0,32.71999999999962,1,1,344,False,False,K02,0.013708231458829703,K02,0.013708231458829703,Mechanism analysis and causal identification,#CDD1D5
NSF,US_36091,Saratoga County,county_or_equivalent,NY,"Saratoga, NY",K03,0.333333333333,4999.999999999829,0.0,489.499999999976,0.00666666666666023,0.0,-0.00666666666666023,0.0,9.789999999999857,1,0,344,False,False,K02,0.013708231458829703,K02,0.013708231458829703,Mechanism analysis and causal identification,#CDD1D5
NSF,US_36091,Saratoga County,county_or_equivalent,NY,"Saratoga, NY",K04,0.333333333333,4999.999999999829,0.0,1428.999999999969,0.00666666666666023,0.0,-0.00666666666666023,0.0,28.580000000000364,1,0,344,False,False,K02,0.013708231458829703,K02,0.013708231458829703,Mechanism analysis and causal identification,#CDD1D5
NSF,US_36091,Saratoga County,county_or_equivalent,NY,"Saratoga, NY",K05,0.333333333333,4999.999999999829,0.0,450.99999999999,0.00666666666666023,0.0,-0.00666666666666023,0.0,9.02000000000011,1,0,344,False,False,K02,0.013708231458829703,K02,0.013708231458829703,Mechanism analysis and causal identification,#CDD1D5
NSF,US_36091,Saratoga County,county_or_equivalent,NY,"Saratoga, NY",K06,0.333333333333,4999.999999999829,0.0,41.999999999999,0.00666666666666023,0.0,-0.00666666666666023,0.0,0.8400000000000089,1,0,344,False,False,K02,0.013708231458829703,K02,0.013708231458829703,Mechanism analysis and causal identification,#CDD1D5
NSF,US_36093,Schenectady County,county_or_equivalent,NY,"Schenectady, NY",K01,2.25,4999.999999999829,0.25,952.499999999969,0.045000000000001546,0.026246719160105843,-0.018753280839895702,11.11111111111111,19.050000000000036,3,1,213,False,False,K04,0.09495801259622264,K04,0.09495801259622264,Intervention design and performance optimization,#CDD1D5
NSF,US_36093,Schenectady County,county_or_equivalent,NY,"Schenectady, NY",K02,2.25,4999.999999999829,0.0,1635.999999999925,0.045000000000001546,0.0,-0.045000000000001546,0.0,32.71999999999962,3,0,213,False,False,K04,0.09495801259622264,K04,0.09495801259622264,Intervention design and performance optimization,#CDD1D5
NSF,US_36093,Schenectady County,county_or_equivalent,NY,"Schenectady, NY",K03,2.25,4999.999999999829,0.0,489.499999999976,0.045000000000001546,0.0,-0.045000000000001546,0.0,9.789999999999857,3,0,213,False,False,K04,0.09495801259622264,K04,0.09495801259622264,Intervention design and performance optimization,#CDD1D5
NSF,US_36093,Schenectady County,county_or_equivalent,NY,"Schenectady, NY",K04,2.25,4999.999999999829,2.0,1428.999999999969,0.045000000000001546,0.13995801259622417,0.09495801259622264,88.88888888888889,28.580000000000364,3,2,213,False,False,K04,0.09495801259622264,K04,0.09495801259622264,Intervention design and performance optimization,#CDD1D5
NSF,US_36093,Schenectady County,county_or_equivalent,NY,"Schenectady, NY",K05,2.25,4999.999999999829,0.0,450.99999999999,0.045000000000001546,0.0,-0.045000000000001546,0.0,9.02000000000011,3,0,213,False,False,K04,0.09495801259622264,K04,0.09495801259622264,Intervention design and performance optimization,#CDD1D5
NSF,US_36093,Schenectady County,county_or_equivalent,NY,"Schenectady, NY",K06,2.25,4999.999999999829,0.0,41.999999999999,0.045000000000001546,0.0,-0.045000000000001546,0.0,0.8400000000000089,3,0,213,False,False,K04,0.09495801259622264,K04,0.09495801259622264,Intervention design and performance optimization,#CDD1D5
NSF,US_36103,Suffolk County,county_or_equivalent,NY,"Suffolk, NY",K01,24.444444444443,4999.999999999829,0.5,952.499999999969,0.4888888888888768,0.05249343832021169,-0.43639545056866513,2.045454545454666,19.050000000000036,33,1,65,False,False,K04,0.3275328512557174,K04,0.3275328512557174,Intervention design and performance optimization,#CDD1D5
NSF,US_36103,Suffolk County,county_or_equivalent,NY,"Suffolk, NY",K02,24.444444444443,4999.999999999829,6.7777777777770005,1635.999999999925,0.4888888888888768,0.4142895952186621,-0.07459929367021473,27.727272727271185,32.71999999999962,33,10,65,False,False,K04,0.3275328512557174,K04,0.3275328512557174,Intervention design and performance optimization,#CDD1D5
NSF,US_36103,Suffolk County,county_or_equivalent,NY,"Suffolk, NY",K03,24.444444444443,4999.999999999829,2.5,489.499999999976,0.4888888888888768,0.5107252298263785,0.02183634093750164,10.22727272727333,9.789999999999857,33,3,65,False,False,K04,0.3275328512557174,K04,0.3275328512557174,Intervention design and performance optimization,#CDD1D5
NSF,US_36103,Suffolk County,county_or_equivalent,NY,"Suffolk, NY",K04,24.444444444443,4999.999999999829,11.666666666666,1428.999999999969,0.4888888888888768,0.8164217401445942,0.3275328512557174,47.72727272727281,28.580000000000364,33,16,65,False,False,K04,0.3275328512557174,K04,0.3275328512557174,Intervention design and performance optimization,#CDD1D5
NSF,US_36103,Suffolk County,county_or_equivalent,NY,"Suffolk, NY",K05,24.444444444443,4999.999999999829,3.0,450.99999999999,0.4888888888888768,0.6651884700665336,0.17629958117765676,12.272727272727998,9.02000000000011,33,3,65,False,False,K04,0.3275328512557174,K04,0.3275328512557174,Intervention design and performance optimization,#CDD1D5
NSF,US_36103,Suffolk County,county_or_equivalent,NY,"Suffolk, NY",K06,24.444444444443,4999.999999999829,0.0,41.999999999999,0.4888888888888768,0.0,-0.4888888888888768,0.0,0.8400000000000089,33,0,65,False,False,K04,0.3275328512557174,K04,0.3275328512557174,Intervention design and performance optimization,#CDD1D5
NSF,US_36109,Tompkins County,county_or_equivalent,NY,"Tompkins, NY",K01,57.25,4999.999999999829,7.666666666667,952.499999999969,1.1450000000000393,0.8048993875766142,-0.34010061242342515,13.391557496361573,19.050000000000036,64,9,23,False,False,K03,0.6936108273749231,K03,0.6936108273749231,Scenario simulation and risk prediction,#CDD1D5
NSF,US_36109,Tompkins County,county_or_equivalent,NY,"Tompkins, NY",K02,57.25,4999.999999999829,14.833333333333,1635.999999999925,1.1450000000000393,0.9066829665851883,-0.238317033414851,25.90975254730655,32.71999999999962,64,17,23,False,False,K03,0.6936108273749231,K03,0.6936108273749231,Scenario simulation and risk prediction,#CDD1D5
NSF,US_36109,Tompkins County,county_or_equivalent,NY,"Tompkins, NY",K03,57.25,4999.999999999829,9.0,489.499999999976,1.1450000000000393,1.8386108273749624,0.6936108273749231,15.720524017467248,9.789999999999857,64,10,23,False,False,K03,0.6936108273749231,K03,0.6936108273749231,Scenario simulation and risk prediction,#CDD1D5
NSF,US_36109,Tompkins County,county_or_equivalent,NY,"Tompkins, NY",K04,57.25,4999.999999999829,21.25,1428.999999999969,1.1450000000000393,1.4870538838348817,0.34205388383484236,37.11790393013101,28.580000000000364,64,23,23,False,False,K03,0.6936108273749231,K03,0.6936108273749231,Scenario simulation and risk prediction,#CDD1D5
NSF,US_36109,Tompkins County,county_or_equivalent,NY,"Tompkins, NY",K05,57.25,4999.999999999829,4.5,450.99999999999,1.1450000000000393,0.9977827050998004,-0.14721729490023894,7.860262008733624,9.02000000000011,64,5,23,False,False,K03,0.6936108273749231,K03,0.6936108273749231,Scenario simulation and risk prediction,#CDD1D5
NSF,US_36109,Tompkins County,county_or_equivalent,NY,"Tompkins, NY",K06,57.25,4999.999999999829,0.0,41.999999999999,1.1450000000000393,0.0,-1.1450000000000393,0.0,0.8400000000000089,64,0,23,False,False,K03,0.6936108273749231,K03,0.6936108273749231,Scenario simulation and risk prediction,#CDD1D5
NSF,US_36111,Ulster County,county_or_equivalent,NY,"Ulster, NY",K01,1.5,4999.999999999829,0.0,952.499999999969,0.030000000000001033,0.0,-0.030000000000001033,0.0,19.050000000000036,2,0,244,False,False,K02,0.061687041564795354,K02,0.061687041564795354,Mechanism analysis and causal identification,#CDD1D5
NSF,US_36111,Ulster County,county_or_equivalent,NY,"Ulster, NY",K02,1.5,4999.999999999829,1.5,1635.999999999925,0.030000000000001033,0.09168704156479639,0.061687041564795354,100.0,32.71999999999962,2,2,244,False,False,K02,0.061687041564795354,K02,0.061687041564795354,Mechanism analysis and causal identification,#CDD1D5
NSF,US_36111,Ulster County,county_or_equivalent,NY,"Ulster, NY",K03,1.5,4999.999999999829,0.0,489.499999999976,0.030000000000001033,0.0,-0.030000000000001033,0.0,9.789999999999857,2,0,244,False,False,K02,0.061687041564795354,K02,0.061687041564795354,Mechanism analysis and causal identification,#CDD1D5
NSF,US_36111,Ulster County,county_or_equivalent,NY,"Ulster, NY",K04,1.5,4999.999999999829,0.0,1428.999999999969,0.030000000000001033,0.0,-0.030000000000001033,0.0,28.580000000000364,2,0,244,False,False,K02,0.061687041564795354,K02,0.061687041564795354,Mechanism analysis and causal identification,#CDD1D5
NSF,US_36111,Ulster County,county_or_equivalent,NY,"Ulster, NY",K05,1.5,4999.999999999829,0.0,450.99999999999,0.030000000000001033,0.0,-0.030000000000001033,0.0,9.02000000000011,2,0,244,False,False,K02,0.061687041564795354,K02,0.061687041564795354,Mechanism analysis and causal identification,#CDD1D5
NSF,US_36111,Ulster County,county_or_equivalent,NY,"Ulster, NY",K06,1.5,4999.999999999829,0.0,41.999999999999,0.030000000000001033,0.0,-0.030000000000001033,0.0,0.8400000000000089,2,0,244,False,False,K02,0.061687041564795354,K02,0.061687041564795354,Mechanism analysis and causal identification,#CDD1D5
NSF,US_36119,Westchester County,county_or_equivalent,NY,"Westchester, NY",K01,2.0,4999.999999999829,2.0,952.499999999969,0.040000000000001375,0.20997375328084675,0.16997375328084538,100.0,19.050000000000036,2,2,228,False,False,K01,0.16997375328084538,K01,0.16997375328084538,State measurement and problem diagnosis,#CDD1D5
NSF,US_36119,Westchester County,county_or_equivalent,NY,"Westchester, NY",K02,2.0,4999.999999999829,0.0,1635.999999999925,0.040000000000001375,0.0,-0.040000000000001375,0.0,32.71999999999962,2,0,228,False,False,K01,0.16997375328084538,K01,0.16997375328084538,State measurement and problem diagnosis,#CDD1D5
NSF,US_36119,Westchester County,county_or_equivalent,NY,"Westchester, NY",K03,2.0,4999.999999999829,0.0,489.499999999976,0.040000000000001375,0.0,-0.040000000000001375,0.0,9.789999999999857,2,0,228,False,False,K01,0.16997375328084538,K01,0.16997375328084538,State measurement and problem diagnosis,#CDD1D5
NSF,US_36119,Westchester County,county_or_equivalent,NY,"Westchester, NY",K04,2.0,4999.999999999829,0.0,1428.999999999969,0.040000000000001375,0.0,-0.040000000000001375,0.0,28.580000000000364,2,0,228,False,False,K01,0.16997375328084538,K01,0.16997375328084538,State measurement and problem diagnosis,#CDD1D5
NSF,US_36119,Westchester County,county_or_equivalent,NY,"Westchester, NY",K05,2.0,4999.999999999829,0.0,450.99999999999,0.040000000000001375,0.0,-0.040000000000001375,0.0,9.02000000000011,2,0,228,False,False,K01,0.16997375328084538,K01,0.16997375328084538,State measurement and problem diagnosis,#CDD1D5
NSF,US_36119,Westchester County,county_or_equivalent,NY,"Westchester, NY",K06,2.0,4999.999999999829,0.0,41.999999999999,0.040000000000001375,0.0,-0.040000000000001375,0.0,0.8400000000000089,2,0,228,False,False,K01,0.16997375328084538,K01,0.16997375328084538,State measurement and problem diagnosis,#CDD1D5
NSF,US_37021,Buncombe County,county_or_equivalent,NC,"Buncombe, NC",K01,0.25,4999.999999999829,0.0,952.499999999969,0.005000000000000172,0.0,-0.005000000000000172,0.0,19.050000000000036,1,0,350,False,False,K02,0.010281173594132557,K02,0.010281173594132557,Mechanism analysis and causal identification,#CDD1D5
NSF,US_37021,Buncombe County,county_or_equivalent,NC,"Buncombe, NC",K02,0.25,4999.999999999829,0.25,1635.999999999925,0.005000000000000172,0.01528117359413273,0.010281173594132557,100.0,32.71999999999962,1,1,350,False,False,K02,0.010281173594132557,K02,0.010281173594132557,Mechanism analysis and causal identification,#CDD1D5
NSF,US_37021,Buncombe County,county_or_equivalent,NC,"Buncombe, NC",K03,0.25,4999.999999999829,0.0,489.499999999976,0.005000000000000172,0.0,-0.005000000000000172,0.0,9.789999999999857,1,0,350,False,False,K02,0.010281173594132557,K02,0.010281173594132557,Mechanism analysis and causal identification,#CDD1D5
NSF,US_37021,Buncombe County,county_or_equivalent,NC,"Buncombe, NC",K04,0.25,4999.999999999829,0.0,1428.999999999969,0.005000000000000172,0.0,-0.005000000000000172,0.0,28.580000000000364,1,0,350,False,False,K02,0.010281173594132557,K02,0.010281173594132557,Mechanism analysis and causal identification,#CDD1D5
NSF,US_37021,Buncombe County,county_or_equivalent,NC,"Buncombe, NC",K05,0.25,4999.999999999829,0.0,450.99999999999,0.005000000000000172,0.0,-0.005000000000000172,0.0,9.02000000000011,1,0,350,False,False,K02,0.010281173594132557,K02,0.010281173594132557,Mechanism analysis and causal identification,#CDD1D5
NSF,US_37021,Buncombe County,county_or_equivalent,NC,"Buncombe, NC",K06,0.25,4999.999999999829,0.0,41.999999999999,0.005000000000000172,0.0,-0.005000000000000172,0.0,0.8400000000000089,1,0,350,False,False,K02,0.010281173594132557,K02,0.010281173594132557,Mechanism analysis and causal identification,#CDD1D5
NSF,US_37031,Carteret County,county_or_equivalent,NC,"Carteret, NC",K01,2.0,4999.999999999829,0.0,952.499999999969,0.040000000000001375,0.0,-0.040000000000001375,0.0,19.050000000000036,2,0,229,False,False,K02,0.08224938875306045,K02,0.08224938875306045,Mechanism analysis and causal identification,#CDD1D5
NSF,US_37031,Carteret County,county_or_equivalent,NC,"Carteret, NC",K02,2.0,4999.999999999829,2.0,1635.999999999925,0.040000000000001375,0.12224938875306184,0.08224938875306045,100.0,32.71999999999962,2,2,229,False,False,K02,0.08224938875306045,K02,0.08224938875306045,Mechanism analysis and causal identification,#CDD1D5
NSF,US_37031,Carteret County,county_or_equivalent,NC,"Carteret, NC",K03,2.0,4999.999999999829,0.0,489.499999999976,0.040000000000001375,0.0,-0.040000000000001375,0.0,9.789999999999857,2,0,229,False,False,K02,0.08224938875306045,K02,0.08224938875306045,Mechanism analysis and causal identification,#CDD1D5
NSF,US_37031,Carteret County,county_or_equivalent,NC,"Carteret, NC",K04,2.0,4999.999999999829,0.0,1428.999999999969,0.040000000000001375,0.0,-0.040000000000001375,0.0,28.580000000000364,2,0,229,False,False,K02,0.08224938875306045,K02,0.08224938875306045,Mechanism analysis and causal identification,#CDD1D5
NSF,US_37031,Carteret County,county_or_equivalent,NC,"Carteret, NC",K05,2.0,4999.999999999829,0.0,450.99999999999,0.040000000000001375,0.0,-0.040000000000001375,0.0,9.02000000000011,2,0,229,False,False,K02,0.08224938875306045,K02,0.08224938875306045,Mechanism analysis and causal identification,#CDD1D5
NSF,US_37031,Carteret County,county_or_equivalent,NC,"Carteret, NC",K06,2.0,4999.999999999829,0.0,41.999999999999,0.040000000000001375,0.0,-0.040000000000001375,0.0,0.8400000000000089,2,0,229,False,False,K02,0.08224938875306045,K02,0.08224938875306045,Mechanism analysis and causal identification,#CDD1D5
NSF,US_37063,Durham County,county_or_equivalent,NC,"Durham, NC",K01,22.583333333333,4999.999999999829,7.5,952.499999999969,0.4516666666666756,0.7874015748031753,0.3357349081364997,33.21033210332152,19.050000000000036,26,8,70,False,False,K06,1.9292857142857622,K01,0.3357349081364997,State measurement and problem diagnosis,#CDD1D5
NSF,US_37063,Durham County,county_or_equivalent,NC,"Durham, NC",K02,22.583333333333,4999.999999999829,6.333333333333,1635.999999999925,0.4516666666666756,0.3871230643846754,-0.06454360228200018,28.044280442803363,32.71999999999962,26,8,70,False,False,K06,1.9292857142857622,K01,0.3357349081364997,State measurement and problem diagnosis,#CDD1D5
NSF,US_37063,Durham County,county_or_equivalent,NC,"Durham, NC",K03,22.583333333333,4999.999999999829,1.25,489.499999999976,0.4516666666666756,0.25536261491318923,-0.19630405175348636,5.535055350553587,9.789999999999857,26,2,70,False,False,K06,1.9292857142857622,K01,0.3357349081364997,State measurement and problem diagnosis,#CDD1D5
NSF,US_37063,Durham County,county_or_equivalent,NC,"Durham, NC",K04,22.583333333333,4999.999999999829,3.0,1428.999999999969,0.4516666666666756,0.20993701889433625,-0.24172964777233935,13.284132841328608,28.580000000000364,26,3,70,False,False,K06,1.9292857142857622,K01,0.3357349081364997,State measurement and problem diagnosis,#CDD1D5
NSF,US_37063,Durham County,county_or_equivalent,NC,"Durham, NC",K05,22.583333333333,4999.999999999829,3.5,450.99999999999,0.4516666666666756,0.7760532150776225,0.3243865484109469,15.498154981550043,9.02000000000011,26,4,70,False,False,K06,1.9292857142857622,K01,0.3357349081364997,State measurement and problem diagnosis,#CDD1D5
NSF,US_37063,Durham County,county_or_equivalent,NC,"Durham, NC",K06,22.583333333333,4999.999999999829,1.0,41.999999999999,0.4516666666666756,2.3809523809524378,1.9292857142857622,4.42804428044287,0.8400000000000089,26,1,70,False,False,K06,1.9292857142857622,K01,0.3357349081364997,State measurement and problem diagnosis,#CDD1D5
NSF,US_37067,Forsyth County,county_or_equivalent,NC,"Forsyth, NC",K01,2.0,4999.999999999829,1.0,952.499999999969,0.040000000000001375,0.10498687664042337,0.06498687664042199,50.0,19.050000000000036,2,1,230,False,False,K03,0.16429009193055003,K03,0.16429009193055003,Scenario simulation and risk prediction,#CDD1D5
NSF,US_37067,Forsyth County,county_or_equivalent,NC,"Forsyth, NC",K02,2.0,4999.999999999829,0.0,1635.999999999925,0.040000000000001375,0.0,-0.040000000000001375,0.0,32.71999999999962,2,0,230,False,False,K03,0.16429009193055003,K03,0.16429009193055003,Scenario simulation and risk prediction,#CDD1D5
NSF,US_37067,Forsyth County,county_or_equivalent,NC,"Forsyth, NC",K03,2.0,4999.999999999829,1.0,489.499999999976,0.040000000000001375,0.2042900919305514,0.16429009193055003,50.0,9.789999999999857,2,1,230,False,False,K03,0.16429009193055003,K03,0.16429009193055003,Scenario simulation and risk prediction,#CDD1D5
NSF,US_37067,Forsyth County,county_or_equivalent,NC,"Forsyth, NC",K04,2.0,4999.999999999829,0.0,1428.999999999969,0.040000000000001375,0.0,-0.040000000000001375,0.0,28.580000000000364,2,0,230,False,False,K03,0.16429009193055003,K03,0.16429009193055003,Scenario simulation and risk prediction,#CDD1D5
NSF,US_37067,Forsyth County,county_or_equivalent,NC,"Forsyth, NC",K05,2.0,4999.999999999829,0.0,450.99999999999,0.040000000000001375,0.0,-0.040000000000001375,0.0,9.02000000000011,2,0,230,False,False,K03,0.16429009193055003,K03,0.16429009193055003,Scenario simulation and risk prediction,#CDD1D5
NSF,US_37067,Forsyth County,county_or_equivalent,NC,"Forsyth, NC",K06,2.0,4999.999999999829,0.0,41.999999999999,0.040000000000001375,0.0,-0.040000000000001375,0.0,0.8400000000000089,2,0,230,False,False,K03,0.16429009193055003,K03,0.16429009193055003,Scenario simulation and risk prediction,#CDD1D5
NSF,US_37081,Guilford County,county_or_equivalent,NC,"Guilford, NC",K01,16.166666666666,4999.999999999829,3.0,952.499999999969,0.3233333333333311,0.3149606299212701,-0.008372703412060978,18.5567010309286,19.050000000000036,20,4,95,False,False,K06,0.4703174603166879,K02,0.12491442542787529,Mechanism analysis and causal identification,#CDD1D5
NSF,US_37081,Guilford County,county_or_equivalent,NC,"Guilford, NC",K02,16.166666666666,4999.999999999829,7.333333333333,1635.999999999925,0.3233333333333311,0.44824775876120637,0.12491442542787529,45.360824742267845,32.71999999999962,20,9,95,False,False,K06,0.4703174603166879,K02,0.12491442542787529,Mechanism analysis and causal identification,#CDD1D5
NSF,US_37081,Guilford County,county_or_equivalent,NC,"Guilford, NC",K03,16.166666666666,4999.999999999829,0.0,489.499999999976,0.3233333333333311,0.0,-0.3233333333333311,0.0,9.789999999999857,20,0,95,False,False,K06,0.4703174603166879,K02,0.12491442542787529,Mechanism analysis and causal identification,#CDD1D5
NSF,US_37081,Guilford County,county_or_equivalent,NC,"Guilford, NC",K04,16.166666666666,4999.999999999829,3.5,1428.999999999969,0.3233333333333311,0.2449265220433923,-0.07840681128993879,21.649484536083367,28.580000000000364,20,4,95,False,False,K06,0.4703174603166879,K02,0.12491442542787529,Mechanism analysis and causal identification,#CDD1D5
NSF,US_37081,Guilford County,county_or_equivalent,NC,"Guilford, NC",K05,16.166666666666,4999.999999999829,2.0,450.99999999999,0.3233333333333311,0.44345898004435574,0.12012564671102466,12.371134020619067,9.02000000000011,20,2,95,False,False,K06,0.4703174603166879,K02,0.12491442542787529,Mechanism analysis and causal identification,#CDD1D5
NSF,US_37081,Guilford County,county_or_equivalent,NC,"Guilford, NC",K06,16.166666666666,4999.999999999829,0.333333333333,41.999999999999,0.3233333333333311,0.793650793650019,0.4703174603166879,2.0618556701011164,0.8400000000000089,20,1,95,False,False,K06,0.4703174603166879,K02,0.12491442542787529,Mechanism analysis and causal identification,#CDD1D5
NSF,US_37119,Mecklenburg County,county_or_equivalent,NC,"Mecklenburg, NC",K01,16.999999999998998,4999.999999999829,2.333333333333,952.499999999969,0.33999999999999164,0.24496937882761954,-0.0950306211723721,13.72549019607728,19.050000000000036,19,3,91,False,False,K04,0.24315838581758564,K04,0.24315838581758564,Intervention design and performance optimization,#CDD1D5
NSF,US_37119,Mecklenburg County,county_or_equivalent,NC,"Mecklenburg, NC",K02,16.999999999998998,4999.999999999829,2.333333333333,1635.999999999925,0.33999999999999164,0.14262428687855178,-0.19737571312143987,13.72549019607728,32.71999999999962,19,3,91,False,False,K04,0.24315838581758564,K04,0.24315838581758564,Intervention design and performance optimization,#CDD1D5
NSF,US_37119,Mecklenburg County,county_or_equivalent,NC,"Mecklenburg, NC",K03,16.999999999998998,4999.999999999829,2.0,489.499999999976,0.33999999999999164,0.4085801838611028,0.06858018386111114,11.764705882353635,9.789999999999857,19,2,91,False,False,K04,0.24315838581758564,K04,0.24315838581758564,Intervention design and performance optimization,#CDD1D5
NSF,US_37119,Mecklenburg County,county_or_equivalent,NC,"Mecklenburg, NC",K04,16.999999999998998,4999.999999999829,8.333333333333,1428.999999999969,0.33999999999999164,0.5831583858175773,0.24315838581758564,49.01960784313818,28.580000000000364,19,9,91,False,False,K04,0.24315838581758564,K04,0.24315838581758564,Intervention design and performance optimization,#CDD1D5
NSF,US_37119,Mecklenburg County,county_or_equivalent,NC,"Mecklenburg, NC",K05,16.999999999998998,4999.999999999829,2.0,450.99999999999,0.33999999999999164,0.44345898004435574,0.1034589800443641,11.764705882353635,9.02000000000011,19,2,91,False,False,K04,0.24315838581758564,K04,0.24315838581758564,Intervention design and performance optimization,#CDD1D5
NSF,US_37119,Mecklenburg County,county_or_equivalent,NC,"Mecklenburg, NC",K06,16.999999999998998,4999.999999999829,0.0,41.999999999999,0.33999999999999164,0.0,-0.33999999999999164,0.0,0.8400000000000089,19,0,91,False,False,K04,0.24315838581758564,K04,0.24315838581758564,Intervention design and performance optimization,#CDD1D5
NSF,US_37129,New Hanover County,county_or_equivalent,NC,"New Hanover, NC",K01,8.833333333333,4999.999999999829,4.5,952.499999999969,0.17666666666666606,0.47244094488190513,0.29577427821523905,50.943396226417015,19.050000000000036,10,5,137,False,False,K01,0.29577427821523905,K01,0.29577427821523905,State measurement and problem diagnosis,#CDD1D5
NSF,US_37129,New Hanover County,county_or_equivalent,NC,"New Hanover, NC",K02,8.833333333333,4999.999999999829,2.333333333333,1635.999999999925,0.17666666666666606,0.14262428687855178,-0.03404237978811428,26.415094339619866,32.71999999999962,10,3,137,False,False,K01,0.29577427821523905,K01,0.29577427821523905,State measurement and problem diagnosis,#CDD1D5
NSF,US_37129,New Hanover County,county_or_equivalent,NC,"New Hanover, NC",K03,8.833333333333,4999.999999999829,1.0,489.499999999976,0.17666666666666606,0.2042900919305514,0.027623425263885337,11.32075471698156,9.789999999999857,10,1,137,False,False,K01,0.29577427821523905,K01,0.29577427821523905,State measurement and problem diagnosis,#CDD1D5
NSF,US_37129,New Hanover County,county_or_equivalent,NC,"New Hanover, NC",K04,8.833333333333,4999.999999999829,0.0,1428.999999999969,0.17666666666666606,0.0,-0.17666666666666606,0.0,28.580000000000364,10,0,137,False,False,K01,0.29577427821523905,K01,0.29577427821523905,State measurement and problem diagnosis,#CDD1D5
NSF,US_37129,New Hanover County,county_or_equivalent,NC,"New Hanover, NC",K05,8.833333333333,4999.999999999829,1.0,450.99999999999,0.17666666666666606,0.22172949002217787,0.045062823355511816,11.32075471698156,9.02000000000011,10,1,137,False,False,K01,0.29577427821523905,K01,0.29577427821523905,State measurement and problem diagnosis,#CDD1D5
NSF,US_37129,New Hanover County,county_or_equivalent,NC,"New Hanover, NC",K06,8.833333333333,4999.999999999829,0.0,41.999999999999,0.17666666666666606,0.0,-0.17666666666666606,0.0,0.8400000000000089,10,0,137,False,False,K01,0.29577427821523905,K01,0.29577427821523905,State measurement and problem diagnosis,#CDD1D5
NSF,US_37135,Orange County,county_or_equivalent,NC,"Orange, NC",K01,31.283333333331996,4999.999999999829,5.25,952.499999999969,0.6256666666666614,0.5511811023622227,-0.07448556430443865,16.782099094300133,19.050000000000036,41,10,48,False,False,K02,0.4440154849225685,K02,0.4440154849225685,Mechanism analysis and causal identification,#CDD1D5
NSF,US_37135,Orange County,county_or_equivalent,NC,"Orange, NC",K02,31.283333333331996,4999.999999999829,17.499999999998998,1635.999999999925,0.6256666666666614,1.0696821515892299,0.4440154849225685,55.940330314330566,32.71999999999962,41,21,48,False,False,K02,0.4440154849225685,K02,0.4440154849225685,Mechanism analysis and causal identification,#CDD1D5
NSF,US_37135,Orange County,county_or_equivalent,NC,"Orange, NC",K03,31.283333333331996,4999.999999999829,2.2,489.499999999976,0.6256666666666614,0.4494382022472131,-0.17622846441944828,7.032498668087675,9.789999999999857,41,3,48,False,False,K02,0.4440154849225685,K02,0.4440154849225685,Mechanism analysis and causal identification,#CDD1D5
NSF,US_37135,Orange County,county_or_equivalent,NC,"Orange, NC",K04,31.283333333331996,4999.999999999829,2.333333333333,1428.999999999969,0.6256666666666614,0.16328434802890487,-0.4623823186377565,7.4587107085767705,28.580000000000364,41,3,48,False,False,K02,0.4440154849225685,K02,0.4440154849225685,Mechanism analysis and causal identification,#CDD1D5
NSF,US_37135,Orange County,county_or_equivalent,NC,"Orange, NC",K05,31.283333333331996,4999.999999999829,4.0,450.99999999999,0.6256666666666614,0.8869179600887115,0.2612512934220501,12.786361214704861,9.02000000000011,41,4,48,False,False,K02,0.4440154849225685,K02,0.4440154849225685,Mechanism analysis and causal identification,#CDD1D5
NSF,US_37135,Orange County,county_or_equivalent,NC,"Orange, NC",K06,31.283333333331996,4999.999999999829,0.0,41.999999999999,0.6256666666666614,0.0,-0.6256666666666614,0.0,0.8400000000000089,41,0,48,False,False,K02,0.4440154849225685,K02,0.4440154849225685,Mechanism analysis and causal identification,#CDD1D5
NSF,US_37147,Pitt County,county_or_equivalent,NC,"Pitt, NC",K01,13.25,4999.999999999829,4.5,952.499999999969,0.2650000000000091,0.47244094488190513,0.20744094488189602,33.9622641509434,19.050000000000036,15,5,107,False,False,K05,0.5664855875831579,K05,0.5664855875831579,Planning decision support and policy design,#CDD1D5
NSF,US_37147,Pitt County,county_or_equivalent,NC,"Pitt, NC",K02,13.25,4999.999999999829,5.0,1635.999999999925,0.2650000000000091,0.3056234718826546,0.04062347188264548,37.735849056603776,32.71999999999962,15,5,107,False,False,K05,0.5664855875831579,K05,0.5664855875831579,Planning decision support and policy design,#CDD1D5
NSF,US_37147,Pitt County,county_or_equivalent,NC,"Pitt, NC",K03,13.25,4999.999999999829,0.0,489.499999999976,0.2650000000000091,0.0,-0.2650000000000091,0.0,9.789999999999857,15,0,107,False,False,K05,0.5664855875831579,K05,0.5664855875831579,Planning decision support and policy design,#CDD1D5
NSF,US_37147,Pitt County,county_or_equivalent,NC,"Pitt, NC",K04,13.25,4999.999999999829,0.0,1428.999999999969,0.2650000000000091,0.0,-0.2650000000000091,0.0,28.580000000000364,15,0,107,False,False,K05,0.5664855875831579,K05,0.5664855875831579,Planning decision support and policy design,#CDD1D5
NSF,US_37147,Pitt County,county_or_equivalent,NC,"Pitt, NC",K05,13.25,4999.999999999829,3.75,450.99999999999,0.2650000000000091,0.831485587583167,0.5664855875831579,28.30188679245283,9.02000000000011,15,5,107,False,False,K05,0.5664855875831579,K05,0.5664855875831579,Planning decision support and policy design,#CDD1D5
NSF,US_37147,Pitt County,county_or_equivalent,NC,"Pitt, NC",K06,13.25,4999.999999999829,0.0,41.999999999999,0.2650000000000091,0.0,-0.2650000000000091,0.0,0.8400000000000089,15,0,107,False,False,K05,0.5664855875831579,K05,0.5664855875831579,Planning decision support and policy design,#CDD1D5
NSF,US_37175,Transylvania County,county_or_equivalent,NC,"Transylvania, NC",K01,1.0,4999.999999999829,0.0,952.499999999969,0.020000000000000687,0.0,-0.020000000000000687,0.0,19.050000000000036,1,0,294,False,False,K04,0.0499790062981114,K04,0.0499790062981114,Intervention design and performance optimization,#CDD1D5
NSF,US_37175,Transylvania County,county_or_equivalent,NC,"Transylvania, NC",K02,1.0,4999.999999999829,0.0,1635.999999999925,0.020000000000000687,0.0,-0.020000000000000687,0.0,32.71999999999962,1,0,294,False,False,K04,0.0499790062981114,K04,0.0499790062981114,Intervention design and performance optimization,#CDD1D5
NSF,US_37175,Transylvania County,county_or_equivalent,NC,"Transylvania, NC",K03,1.0,4999.999999999829,0.0,489.499999999976,0.020000000000000687,0.0,-0.020000000000000687,0.0,9.789999999999857,1,0,294,False,False,K04,0.0499790062981114,K04,0.0499790062981114,Intervention design and performance optimization,#CDD1D5
NSF,US_37175,Transylvania County,county_or_equivalent,NC,"Transylvania, NC",K04,1.0,4999.999999999829,1.0,1428.999999999969,0.020000000000000687,0.06997900629811209,0.0499790062981114,100.0,28.580000000000364,1,1,294,False,False,K04,0.0499790062981114,K04,0.0499790062981114,Intervention design and performance optimization,#CDD1D5
NSF,US_37175,Transylvania County,county_or_equivalent,NC,"Transylvania, NC",K05,1.0,4999.999999999829,0.0,450.99999999999,0.020000000000000687,0.0,-0.020000000000000687,0.0,9.02000000000011,1,0,294,False,False,K04,0.0499790062981114,K04,0.0499790062981114,Intervention design and performance optimization,#CDD1D5
NSF,US_37175,Transylvania County,county_or_equivalent,NC,"Transylvania, NC",K06,1.0,4999.999999999829,0.0,41.999999999999,0.020000000000000687,0.0,-0.020000000000000687,0.0,0.8400000000000089,1,0,294,False,False,K04,0.0499790062981114,K04,0.0499790062981114,Intervention design and performance optimization,#CDD1D5
NSF,US_37183,Wake County,county_or_equivalent,NC,"Wake, NC",K01,40.416666666665,4999.999999999829,7.333333333333,952.499999999969,0.8083333333333278,0.7699037620297363,-0.03842957130359148,18.144329896907138,19.050000000000036,52,10,36,False,False,K04,0.3346571028691463,K04,0.3346571028691463,Intervention design and performance optimization,#CDD1D5
NSF,US_37183,Wake County,county_or_equivalent,NC,"Wake, NC",K02,40.416666666665,4999.999999999829,10.499999999999,1635.999999999925,0.8083333333333278,0.6418092909535135,-0.16652404237981433,25.979381443297562,32.71999999999962,52,15,36,False,False,K04,0.3346571028691463,K04,0.3346571028691463,Intervention design and performance optimization,#CDD1D5
NSF,US_37183,Wake County,county_or_equivalent,NC,"Wake, NC",K03,40.416666666665,4999.999999999829,4.0,489.499999999976,0.8083333333333278,0.8171603677222056,0.008827034388877775,9.896907216495253,9.789999999999857,52,6,36,False,False,K04,0.3346571028691463,K04,0.3346571028691463,Intervention design and performance optimization,#CDD1D5
NSF,US_37183,Wake County,county_or_equivalent,NC,"Wake, NC",K04,40.416666666665,4999.999999999829,16.333333333333,1428.999999999969,0.8083333333333278,1.142990436202474,0.3346571028691463,40.41237113402146,28.580000000000364,52,18,36,False,False,K04,0.3346571028691463,K04,0.3346571028691463,Intervention design and performance optimization,#CDD1D5
NSF,US_37183,Wake County,county_or_equivalent,NC,"Wake, NC",K05,40.416666666665,4999.999999999829,2.25,450.99999999999,0.8083333333333278,0.4988913525499002,-0.3094419807834276,5.567010309278579,9.02000000000011,52,3,36,False,False,K04,0.3346571028691463,K04,0.3346571028691463,Intervention design and performance optimization,#CDD1D5
NSF,US_37183,Wake County,county_or_equivalent,NC,"Wake, NC",K06,40.416666666665,4999.999999999829,0.0,41.999999999999,0.8083333333333278,0.0,-0.8083333333333278,0.0,0.8400000000000089,52,0,36,False,False,K04,0.3346571028691463,K04,0.3346571028691463,Intervention design and performance optimization,#CDD1D5
NSF,US_37189,Watauga County,county_or_equivalent,NC,"Watauga, NC",K01,3.833333333333,4999.999999999829,0.5,952.499999999969,0.07666666666666264,0.05249343832021169,-0.02417322834645095,13.0434782608707,19.050000000000036,6,1,179,False,False,K03,0.12762342526388876,K03,0.12762342526388876,Scenario simulation and risk prediction,#CDD1D5
NSF,US_37189,Watauga County,county_or_equivalent,NC,"Watauga, NC",K02,3.833333333333,4999.999999999829,2.333333333333,1635.999999999925,0.07666666666666264,0.14262428687855178,0.06595762021188914,60.8695652173879,32.71999999999962,6,4,179,False,False,K03,0.12762342526388876,K03,0.12762342526388876,Scenario simulation and risk prediction,#CDD1D5
NSF,US_37189,Watauga County,county_or_equivalent,NC,"Watauga, NC",K03,3.833333333333,4999.999999999829,1.0,489.499999999976,0.07666666666666264,0.2042900919305514,0.12762342526388876,26.0869565217414,9.789999999999857,6,1,179,False,False,K03,0.12762342526388876,K03,0.12762342526388876,Scenario simulation and risk prediction,#CDD1D5
NSF,US_37189,Watauga County,county_or_equivalent,NC,"Watauga, NC",K04,3.833333333333,4999.999999999829,0.0,1428.999999999969,0.07666666666666264,0.0,-0.07666666666666264,0.0,28.580000000000364,6,0,179,False,False,K03,0.12762342526388876,K03,0.12762342526388876,Scenario simulation and risk prediction,#CDD1D5
NSF,US_37189,Watauga County,county_or_equivalent,NC,"Watauga, NC",K05,3.833333333333,4999.999999999829,0.0,450.99999999999,0.07666666666666264,0.0,-0.07666666666666264,0.0,9.02000000000011,6,0,179,False,False,K03,0.12762342526388876,K03,0.12762342526388876,Scenario simulation and risk prediction,#CDD1D5
NSF,US_37189,Watauga County,county_or_equivalent,NC,"Watauga, NC",K06,3.833333333333,4999.999999999829,0.0,41.999999999999,0.07666666666666264,0.0,-0.07666666666666264,0.0,0.8400000000000089,6,0,179,False,False,K03,0.12762342526388876,K03,0.12762342526388876,Scenario simulation and risk prediction,#CDD1D5
NSF,US_37191,Wayne County,county_or_equivalent,NC,"Wayne, NC",K01,1.0,4999.999999999829,0.0,952.499999999969,0.020000000000000687,0.0,-0.020000000000000687,0.0,19.050000000000036,1,0,295,False,False,K04,0.0499790062981114,K04,0.0499790062981114,Intervention design and performance optimization,#CDD1D5
NSF,US_37191,Wayne County,county_or_equivalent,NC,"Wayne, NC",K02,1.0,4999.999999999829,0.0,1635.999999999925,0.020000000000000687,0.0,-0.020000000000000687,0.0,32.71999999999962,1,0,295,False,False,K04,0.0499790062981114,K04,0.0499790062981114,Intervention design and performance optimization,#CDD1D5
NSF,US_37191,Wayne County,county_or_equivalent,NC,"Wayne, NC",K03,1.0,4999.999999999829,0.0,489.499999999976,0.020000000000000687,0.0,-0.020000000000000687,0.0,9.789999999999857,1,0,295,False,False,K04,0.0499790062981114,K04,0.0499790062981114,Intervention design and performance optimization,#CDD1D5
NSF,US_37191,Wayne County,county_or_equivalent,NC,"Wayne, NC",K04,1.0,4999.999999999829,1.0,1428.999999999969,0.020000000000000687,0.06997900629811209,0.0499790062981114,100.0,28.580000000000364,1,1,295,False,False,K04,0.0499790062981114,K04,0.0499790062981114,Intervention design and performance optimization,#CDD1D5
NSF,US_37191,Wayne County,county_or_equivalent,NC,"Wayne, NC",K05,1.0,4999.999999999829,0.0,450.99999999999,0.020000000000000687,0.0,-0.020000000000000687,0.0,9.02000000000011,1,0,295,False,False,K04,0.0499790062981114,K04,0.0499790062981114,Intervention design and performance optimization,#CDD1D5
NSF,US_37191,Wayne County,county_or_equivalent,NC,"Wayne, NC",K06,1.0,4999.999999999829,0.0,41.999999999999,0.020000000000000687,0.0,-0.020000000000000687,0.0,0.8400000000000089,1,0,295,False,False,K04,0.0499790062981114,K04,0.0499790062981114,Intervention design and performance optimization,#CDD1D5
NSF,US_38017,Cass County,county_or_equivalent,ND,"Cass, ND",K01,2.0,4999.999999999829,0.5,952.499999999969,0.040000000000001375,0.05249343832021169,0.012493438320210312,25.0,19.050000000000036,3,1,231,False,False,K02,0.021124694376529543,K02,0.021124694376529543,Mechanism analysis and causal identification,#CDD1D5
NSF,US_38017,Cass County,county_or_equivalent,ND,"Cass, ND",K02,2.0,4999.999999999829,1.0,1635.999999999925,0.040000000000001375,0.06112469437653092,0.021124694376529543,50.0,32.71999999999962,3,1,231,False,False,K02,0.021124694376529543,K02,0.021124694376529543,Mechanism analysis and causal identification,#CDD1D5
NSF,US_38017,Cass County,county_or_equivalent,ND,"Cass, ND",K03,2.0,4999.999999999829,0.0,489.499999999976,0.040000000000001375,0.0,-0.040000000000001375,0.0,9.789999999999857,3,0,231,False,False,K02,0.021124694376529543,K02,0.021124694376529543,Mechanism analysis and causal identification,#CDD1D5
NSF,US_38017,Cass County,county_or_equivalent,ND,"Cass, ND",K04,2.0,4999.999999999829,0.5,1428.999999999969,0.040000000000001375,0.034989503149056043,-0.005010496850945331,25.0,28.580000000000364,3,1,231,False,False,K02,0.021124694376529543,K02,0.021124694376529543,Mechanism analysis and causal identification,#CDD1D5
NSF,US_38017,Cass County,county_or_equivalent,ND,"Cass, ND",K05,2.0,4999.999999999829,0.0,450.99999999999,0.040000000000001375,0.0,-0.040000000000001375,0.0,9.02000000000011,3,0,231,False,False,K02,0.021124694376529543,K02,0.021124694376529543,Mechanism analysis and causal identification,#CDD1D5
NSF,US_38017,Cass County,county_or_equivalent,ND,"Cass, ND",K06,2.0,4999.999999999829,0.0,41.999999999999,0.040000000000001375,0.0,-0.040000000000001375,0.0,0.8400000000000089,3,0,231,False,False,K02,0.021124694376529543,K02,0.021124694376529543,Mechanism analysis and causal identification,#CDD1D5
NSF,US_38035,Grand Forks County,county_or_equivalent,ND,"Grand Forks, ND",K01,2.5,4999.999999999829,2.0,952.499999999969,0.05000000000000172,0.20997375328084675,0.15997375328084504,80.0,19.050000000000036,3,2,205,False,False,K01,0.15997375328084504,K01,0.15997375328084504,State measurement and problem diagnosis,#CDD1D5
NSF,US_38035,Grand Forks County,county_or_equivalent,ND,"Grand Forks, ND",K02,2.5,4999.999999999829,0.5,1635.999999999925,0.05000000000000172,0.03056234718826546,-0.019437652811736258,20.0,32.71999999999962,3,1,205,False,False,K01,0.15997375328084504,K01,0.15997375328084504,State measurement and problem diagnosis,#CDD1D5
NSF,US_38035,Grand Forks County,county_or_equivalent,ND,"Grand Forks, ND",K03,2.5,4999.999999999829,0.0,489.499999999976,0.05000000000000172,0.0,-0.05000000000000172,0.0,9.789999999999857,3,0,205,False,False,K01,0.15997375328084504,K01,0.15997375328084504,State measurement and problem diagnosis,#CDD1D5
NSF,US_38035,Grand Forks County,county_or_equivalent,ND,"Grand Forks, ND",K04,2.5,4999.999999999829,0.0,1428.999999999969,0.05000000000000172,0.0,-0.05000000000000172,0.0,28.580000000000364,3,0,205,False,False,K01,0.15997375328084504,K01,0.15997375328084504,State measurement and problem diagnosis,#CDD1D5
NSF,US_38035,Grand Forks County,county_or_equivalent,ND,"Grand Forks, ND",K05,2.5,4999.999999999829,0.0,450.99999999999,0.05000000000000172,0.0,-0.05000000000000172,0.0,9.02000000000011,3,0,205,False,False,K01,0.15997375328084504,K01,0.15997375328084504,State measurement and problem diagnosis,#CDD1D5
NSF,US_38035,Grand Forks County,county_or_equivalent,ND,"Grand Forks, ND",K06,2.5,4999.999999999829,0.0,41.999999999999,0.05000000000000172,0.0,-0.05000000000000172,0.0,0.8400000000000089,3,0,205,False,False,K01,0.15997375328084504,K01,0.15997375328084504,State measurement and problem diagnosis,#CDD1D5
NSF,US_39009,Athens County,county_or_equivalent,OH,"Athens, OH",K01,0.9999999999999998,4999.999999999829,0.0,952.499999999969,0.02000000000000068,0.0,-0.02000000000000068,0.0,19.050000000000036,2,0,328,False,False,K05,0.0908647450110882,K05,0.0908647450110882,Planning decision support and policy design,#CDD1D5
NSF,US_39009,Athens County,county_or_equivalent,OH,"Athens, OH",K02,0.9999999999999998,4999.999999999829,0.0,1635.999999999925,0.02000000000000068,0.0,-0.02000000000000068,0.0,32.71999999999962,2,0,328,False,False,K05,0.0908647450110882,K05,0.0908647450110882,Planning decision support and policy design,#CDD1D5
NSF,US_39009,Athens County,county_or_equivalent,OH,"Athens, OH",K03,0.9999999999999998,4999.999999999829,0.0,489.499999999976,0.02000000000000068,0.0,-0.02000000000000068,0.0,9.789999999999857,2,0,328,False,False,K05,0.0908647450110882,K05,0.0908647450110882,Planning decision support and policy design,#CDD1D5
NSF,US_39009,Athens County,county_or_equivalent,OH,"Athens, OH",K04,0.9999999999999998,4999.999999999829,0.5,1428.999999999969,0.02000000000000068,0.034989503149056043,0.014989503149055363,50.000000000000014,28.580000000000364,2,1,328,False,False,K05,0.0908647450110882,K05,0.0908647450110882,Planning decision support and policy design,#CDD1D5
NSF,US_39009,Athens County,county_or_equivalent,OH,"Athens, OH",K05,0.9999999999999998,4999.999999999829,0.4999999999999998,450.99999999999,0.02000000000000068,0.11086474501108888,0.0908647450110882,49.99999999999999,9.02000000000011,2,1,328,False,False,K05,0.0908647450110882,K05,0.0908647450110882,Planning decision support and policy design,#CDD1D5
NSF,US_39009,Athens County,county_or_equivalent,OH,"Athens, OH",K06,0.9999999999999998,4999.999999999829,0.0,41.999999999999,0.02000000000000068,0.0,-0.02000000000000068,0.0,0.8400000000000089,2,0,328,False,False,K05,0.0908647450110882,K05,0.0908647450110882,Planning decision support and policy design,#CDD1D5
NSF,US_39017,Butler County,county_or_equivalent,OH,"Butler, OH",K01,1.0,4999.999999999829,0.0,952.499999999969,0.020000000000000687,0.0,-0.020000000000000687,0.0,19.050000000000036,1,0,296,False,False,K05,0.2017294900221772,K05,0.2017294900221772,Planning decision support and policy design,#CDD1D5
NSF,US_39017,Butler County,county_or_equivalent,OH,"Butler, OH",K02,1.0,4999.999999999829,0.0,1635.999999999925,0.020000000000000687,0.0,-0.020000000000000687,0.0,32.71999999999962,1,0,296,False,False,K05,0.2017294900221772,K05,0.2017294900221772,Planning decision support and policy design,#CDD1D5
NSF,US_39017,Butler County,county_or_equivalent,OH,"Butler, OH",K03,1.0,4999.999999999829,0.0,489.499999999976,0.020000000000000687,0.0,-0.020000000000000687,0.0,9.789999999999857,1,0,296,False,False,K05,0.2017294900221772,K05,0.2017294900221772,Planning decision support and policy design,#CDD1D5
NSF,US_39017,Butler County,county_or_equivalent,OH,"Butler, OH",K04,1.0,4999.999999999829,0.0,1428.999999999969,0.020000000000000687,0.0,-0.020000000000000687,0.0,28.580000000000364,1,0,296,False,False,K05,0.2017294900221772,K05,0.2017294900221772,Planning decision support and policy design,#CDD1D5
NSF,US_39017,Butler County,county_or_equivalent,OH,"Butler, OH",K05,1.0,4999.999999999829,1.0,450.99999999999,0.020000000000000687,0.22172949002217787,0.2017294900221772,100.0,9.02000000000011,1,1,296,False,False,K05,0.2017294900221772,K05,0.2017294900221772,Planning decision support and policy design,#CDD1D5
NSF,US_39017,Butler County,county_or_equivalent,OH,"Butler, OH",K06,1.0,4999.999999999829,0.0,41.999999999999,0.020000000000000687,0.0,-0.020000000000000687,0.0,0.8400000000000089,1,0,296,False,False,K05,0.2017294900221772,K05,0.2017294900221772,Planning decision support and policy design,#CDD1D5
NSF,US_39035,Cuyahoga County,county_or_equivalent,OH,"Cuyahoga, OH",K01,14.666666666666,4999.999999999829,1.333333333333,952.499999999969,0.29333333333333006,0.13998250218719616,-0.1533508311461339,9.090909090907232,19.050000000000036,17,2,100,False,False,K04,0.21984604618613518,K04,0.21984604618613518,Intervention design and performance optimization,#CDD1D5
NSF,US_39035,Cuyahoga County,county_or_equivalent,OH,"Cuyahoga, OH",K02,14.666666666666,4999.999999999829,4.0,1635.999999999925,0.29333333333333006,0.24449877750612367,-0.04883455582720639,27.272727272728513,32.71999999999962,17,4,100,False,False,K04,0.21984604618613518,K04,0.21984604618613518,Intervention design and performance optimization,#CDD1D5
NSF,US_39035,Cuyahoga County,county_or_equivalent,OH,"Cuyahoga, OH",K03,14.666666666666,4999.999999999829,0.5,489.499999999976,0.29333333333333006,0.1021450459652757,-0.19118828736805438,3.409090909091064,9.789999999999857,17,1,100,False,False,K04,0.21984604618613518,K04,0.21984604618613518,Intervention design and performance optimization,#CDD1D5
NSF,US_39035,Cuyahoga County,county_or_equivalent,OH,"Cuyahoga, OH",K04,14.666666666666,4999.999999999829,7.333333333333,1428.999999999969,0.29333333333333006,0.5131793795194652,0.21984604618613518,50.0,28.580000000000364,17,8,100,False,False,K04,0.21984604618613518,K04,0.21984604618613518,Intervention design and performance optimization,#CDD1D5
NSF,US_39035,Cuyahoga County,county_or_equivalent,OH,"Cuyahoga, OH",K05,14.666666666666,4999.999999999829,1.5,450.99999999999,0.29333333333333006,0.3325942350332668,0.039260901699936734,10.227272727273192,9.02000000000011,17,2,100,False,False,K04,0.21984604618613518,K04,0.21984604618613518,Intervention design and performance optimization,#CDD1D5
NSF,US_39035,Cuyahoga County,county_or_equivalent,OH,"Cuyahoga, OH",K06,14.666666666666,4999.999999999829,0.0,41.999999999999,0.29333333333333006,0.0,-0.29333333333333006,0.0,0.8400000000000089,17,0,100,False,False,K04,0.21984604618613518,K04,0.21984604618613518,Intervention design and performance optimization,#CDD1D5
NSF,US_39049,Franklin County,county_or_equivalent,OH,"Franklin, OH",K01,41.033333333331996,4999.999999999829,10.5,952.499999999969,0.8206666666666681,1.1023622047244455,0.28169553805777736,25.58895207148743,19.050000000000036,52,13,33,False,False,K01,0.28169553805777736,K01,0.28169553805777736,State measurement and problem diagnosis,#CDD1D5
NSF,US_39049,Franklin County,county_or_equivalent,OH,"Franklin, OH",K02,41.033333333331996,4999.999999999829,12.783333333333,1635.999999999925,0.8206666666666681,0.7813773431132998,-0.03928932355336834,31.15353371242912,32.71999999999962,52,15,33,False,False,K01,0.28169553805777736,K01,0.28169553805777736,State measurement and problem diagnosis,#CDD1D5
NSF,US_39049,Franklin County,county_or_equivalent,OH,"Franklin, OH",K03,41.033333333331996,4999.999999999829,5.083333333333,489.499999999976,0.8206666666666681,1.0384746339802347,0.21780796731356655,12.38830219333834,9.789999999999857,52,7,33,False,False,K01,0.28169553805777736,K01,0.28169553805777736,State measurement and problem diagnosis,#CDD1D5
NSF,US_39049,Franklin County,county_or_equivalent,OH,"Franklin, OH",K04,41.033333333331996,4999.999999999829,8.666666666666,1428.999999999969,0.8206666666666681,0.6064847212502581,-0.21418194541641,21.12103980503562,28.580000000000364,52,12,33,False,False,K01,0.28169553805777736,K01,0.28169553805777736,State measurement and problem diagnosis,#CDD1D5
NSF,US_39049,Franklin County,county_or_equivalent,OH,"Franklin, OH",K05,41.033333333331996,4999.999999999829,4.0,450.99999999999,0.8206666666666681,0.8869179600887115,0.06625129342204339,9.748172217709497,9.02000000000011,52,5,33,False,False,K01,0.28169553805777736,K01,0.28169553805777736,State measurement and problem diagnosis,#CDD1D5
NSF,US_39049,Franklin County,county_or_equivalent,OH,"Franklin, OH",K06,41.033333333331996,4999.999999999829,0.0,41.999999999999,0.8206666666666681,0.0,-0.8206666666666681,0.0,0.8400000000000089,52,0,33,False,False,K01,0.28169553805777736,K01,0.28169553805777736,State measurement and problem diagnosis,#CDD1D5
NSF,US_39061,Hamilton County,county_or_equivalent,OH,"Hamilton, OH",K01,12.333333333333,4999.999999999829,1.0,952.499999999969,0.2466666666666685,0.10498687664042337,-0.14167979002624514,8.108108108108327,19.050000000000036,14,1,113,False,False,K05,0.4185218033998651,K05,0.4185218033998651,Planning decision support and policy design,#CDD1D5
NSF,US_39061,Hamilton County,county_or_equivalent,OH,"Hamilton, OH",K02,12.333333333333,4999.999999999829,1.5,1635.999999999925,0.2466666666666685,0.09168704156479639,-0.15497962510187213,12.16216216216249,32.71999999999962,14,2,113,False,False,K05,0.4185218033998651,K05,0.4185218033998651,Planning decision support and policy design,#CDD1D5
NSF,US_39061,Hamilton County,county_or_equivalent,OH,"Hamilton, OH",K03,12.333333333333,4999.999999999829,0.0,489.499999999976,0.2466666666666685,0.0,-0.2466666666666685,0.0,9.789999999999857,14,0,113,False,False,K05,0.4185218033998651,K05,0.4185218033998651,Planning decision support and policy design,#CDD1D5
NSF,US_39061,Hamilton County,county_or_equivalent,OH,"Hamilton, OH",K04,12.333333333333,4999.999999999829,6.833333333333,1428.999999999969,0.2466666666666685,0.4781898763704092,0.2315232097037407,55.405405405404196,28.580000000000364,14,8,113,False,False,K05,0.4185218033998651,K05,0.4185218033998651,Planning decision support and policy design,#CDD1D5
NSF,US_39061,Hamilton County,county_or_equivalent,OH,"Hamilton, OH",K05,12.333333333333,4999.999999999829,3.0,450.99999999999,0.2466666666666685,0.6651884700665336,0.4185218033998651,24.32432432432498,9.02000000000011,14,3,113,False,False,K05,0.4185218033998651,K05,0.4185218033998651,Planning decision support and policy design,#CDD1D5
NSF,US_39061,Hamilton County,county_or_equivalent,OH,"Hamilton, OH",K06,12.333333333333,4999.999999999829,0.0,41.999999999999,0.2466666666666685,0.0,-0.2466666666666685,0.0,0.8400000000000089,14,0,113,False,False,K05,0.4185218033998651,K05,0.4185218033998651,Planning decision support and policy design,#CDD1D5
NSF,US_39089,Licking County,county_or_equivalent,OH,"Licking, OH",K01,1.0,4999.999999999829,1.0,952.499999999969,0.020000000000000687,0.10498687664042337,0.08498687664042269,100.0,19.050000000000036,1,1,297,False,False,K01,0.08498687664042269,K01,0.08498687664042269,State measurement and problem diagnosis,#CDD1D5
NSF,US_39089,Licking County,county_or_equivalent,OH,"Licking, OH",K02,1.0,4999.999999999829,0.0,1635.999999999925,0.020000000000000687,0.0,-0.020000000000000687,0.0,32.71999999999962,1,0,297,False,False,K01,0.08498687664042269,K01,0.08498687664042269,State measurement and problem diagnosis,#CDD1D5
NSF,US_39089,Licking County,county_or_equivalent,OH,"Licking, OH",K03,1.0,4999.999999999829,0.0,489.499999999976,0.020000000000000687,0.0,-0.020000000000000687,0.0,9.789999999999857,1,0,297,False,False,K01,0.08498687664042269,K01,0.08498687664042269,State measurement and problem diagnosis,#CDD1D5
NSF,US_39089,Licking County,county_or_equivalent,OH,"Licking, OH",K04,1.0,4999.999999999829,0.0,1428.999999999969,0.020000000000000687,0.0,-0.020000000000000687,0.0,28.580000000000364,1,0,297,False,False,K01,0.08498687664042269,K01,0.08498687664042269,State measurement and problem diagnosis,#CDD1D5
NSF,US_39089,Licking County,county_or_equivalent,OH,"Licking, OH",K05,1.0,4999.999999999829,0.0,450.99999999999,0.020000000000000687,0.0,-0.020000000000000687,0.0,9.02000000000011,1,0,297,False,False,K01,0.08498687664042269,K01,0.08498687664042269,State measurement and problem diagnosis,#CDD1D5
NSF,US_39089,Licking County,county_or_equivalent,OH,"Licking, OH",K06,1.0,4999.999999999829,0.0,41.999999999999,0.020000000000000687,0.0,-0.020000000000000687,0.0,0.8400000000000089,1,0,297,False,False,K01,0.08498687664042269,K01,0.08498687664042269,State measurement and problem diagnosis,#CDD1D5
NSF,US_39093,Lorain County,county_or_equivalent,OH,"Lorain, OH",K01,5.5,4999.999999999829,1.0,952.499999999969,0.11000000000000378,0.10498687664042337,-0.0050131233595804015,18.181818181818183,19.050000000000036,6,1,152,False,False,K02,0.10393643031785445,K02,0.10393643031785445,Mechanism analysis and causal identification,#CDD1D5
NSF,US_39093,Lorain County,county_or_equivalent,OH,"Lorain, OH",K02,5.5,4999.999999999829,3.5,1635.999999999925,0.11000000000000378,0.21393643031785822,0.10393643031785445,63.63636363636363,32.71999999999962,6,4,152,False,False,K02,0.10393643031785445,K02,0.10393643031785445,Mechanism analysis and causal identification,#CDD1D5
NSF,US_39093,Lorain County,county_or_equivalent,OH,"Lorain, OH",K03,5.5,4999.999999999829,0.0,489.499999999976,0.11000000000000378,0.0,-0.11000000000000378,0.0,9.789999999999857,6,0,152,False,False,K02,0.10393643031785445,K02,0.10393643031785445,Mechanism analysis and causal identification,#CDD1D5
NSF,US_39093,Lorain County,county_or_equivalent,OH,"Lorain, OH",K04,5.5,4999.999999999829,1.0,1428.999999999969,0.11000000000000378,0.06997900629811209,-0.04002099370189169,18.181818181818183,28.580000000000364,6,1,152,False,False,K02,0.10393643031785445,K02,0.10393643031785445,Mechanism analysis and causal identification,#CDD1D5
NSF,US_39093,Lorain County,county_or_equivalent,OH,"Lorain, OH",K05,5.5,4999.999999999829,0.0,450.99999999999,0.11000000000000378,0.0,-0.11000000000000378,0.0,9.02000000000011,6,0,152,False,False,K02,0.10393643031785445,K02,0.10393643031785445,Mechanism analysis and causal identification,#CDD1D5
NSF,US_39093,Lorain County,county_or_equivalent,OH,"Lorain, OH",K06,5.5,4999.999999999829,0.0,41.999999999999,0.11000000000000378,0.0,-0.11000000000000378,0.0,0.8400000000000089,6,0,152,False,False,K02,0.10393643031785445,K02,0.10393643031785445,Mechanism analysis and causal identification,#CDD1D5
NSF,US_39095,Lucas County,county_or_equivalent,OH,"Lucas, OH",K01,3.0,4999.999999999829,1.0,952.499999999969,0.060000000000002066,0.10498687664042337,0.04498687664042131,33.333333333333336,19.050000000000036,4,1,194,False,False,K01,0.04498687664042131,K01,0.04498687664042131,State measurement and problem diagnosis,#CDD1D5
NSF,US_39095,Lucas County,county_or_equivalent,OH,"Lucas, OH",K02,3.0,4999.999999999829,0.5,1635.999999999925,0.060000000000002066,0.03056234718826546,-0.029437652811736607,16.666666666666668,32.71999999999962,4,1,194,False,False,K01,0.04498687664042131,K01,0.04498687664042131,State measurement and problem diagnosis,#CDD1D5
NSF,US_39095,Lucas County,county_or_equivalent,OH,"Lucas, OH",K03,3.0,4999.999999999829,0.0,489.499999999976,0.060000000000002066,0.0,-0.060000000000002066,0.0,9.789999999999857,4,0,194,False,False,K01,0.04498687664042131,K01,0.04498687664042131,State measurement and problem diagnosis,#CDD1D5
NSF,US_39095,Lucas County,county_or_equivalent,OH,"Lucas, OH",K04,3.0,4999.999999999829,1.5,1428.999999999969,0.060000000000002066,0.10496850944716812,0.04496850944716606,50.0,28.580000000000364,4,2,194,False,False,K01,0.04498687664042131,K01,0.04498687664042131,State measurement and problem diagnosis,#CDD1D5
NSF,US_39095,Lucas County,county_or_equivalent,OH,"Lucas, OH",K05,3.0,4999.999999999829,0.0,450.99999999999,0.060000000000002066,0.0,-0.060000000000002066,0.0,9.02000000000011,4,0,194,False,False,K01,0.04498687664042131,K01,0.04498687664042131,State measurement and problem diagnosis,#CDD1D5
NSF,US_39095,Lucas County,county_or_equivalent,OH,"Lucas, OH",K06,3.0,4999.999999999829,0.0,41.999999999999,0.060000000000002066,0.0,-0.060000000000002066,0.0,0.8400000000000089,4,0,194,False,False,K01,0.04498687664042131,K01,0.04498687664042131,State measurement and problem diagnosis,#CDD1D5
NSF,US_39113,Montgomery County,county_or_equivalent,OH,"Montgomery, OH",K01,3.866666666667,4999.999999999829,0.2,952.499999999969,0.07733333333334266,0.020997375328084673,-0.056335958005257994,5.1724137931030025,19.050000000000036,6,1,178,False,False,K05,0.1443961566888352,K05,0.1443961566888352,Planning decision support and policy design,#CDD1D5
NSF,US_39113,Montgomery County,county_or_equivalent,OH,"Montgomery, OH",K02,3.866666666667,4999.999999999829,0.666666666667,1635.999999999925,0.07733333333334266,0.040749796251040984,-0.03658353708230168,17.24137931035196,32.71999999999962,6,2,178,False,False,K05,0.1443961566888352,K05,0.1443961566888352,Planning decision support and policy design,#CDD1D5
NSF,US_39113,Montgomery County,county_or_equivalent,OH,"Montgomery, OH",K03,3.866666666667,4999.999999999829,1.0,489.499999999976,0.07733333333334266,0.2042900919305514,0.12695675859720873,25.86206896551501,9.789999999999857,6,1,178,False,False,K05,0.1443961566888352,K05,0.1443961566888352,Planning decision support and policy design,#CDD1D5
NSF,US_39113,Montgomery County,county_or_equivalent,OH,"Montgomery, OH",K04,3.866666666667,4999.999999999829,1.0,1428.999999999969,0.07733333333334266,0.06997900629811209,-0.007354327035230576,25.86206896551501,28.580000000000364,6,1,178,False,False,K05,0.1443961566888352,K05,0.1443961566888352,Planning decision support and policy design,#CDD1D5
NSF,US_39113,Montgomery County,county_or_equivalent,OH,"Montgomery, OH",K05,3.866666666667,4999.999999999829,1.0,450.99999999999,0.07733333333334266,0.22172949002217787,0.1443961566888352,25.86206896551501,9.02000000000011,6,1,178,False,False,K05,0.1443961566888352,K05,0.1443961566888352,Planning decision support and policy design,#CDD1D5
NSF,US_39113,Montgomery County,county_or_equivalent,OH,"Montgomery, OH",K06,3.866666666667,4999.999999999829,0.0,41.999999999999,0.07733333333334266,0.0,-0.07733333333334266,0.0,0.8400000000000089,6,0,178,False,False,K05,0.1443961566888352,K05,0.1443961566888352,Planning decision support and policy design,#CDD1D5
NSF,US_39133,Portage County,county_or_equivalent,OH,"Portage, OH",K01,4.0,4999.999999999829,0.0,952.499999999969,0.08000000000000275,0.0,-0.08000000000000275,0.0,19.050000000000036,5,0,176,False,False,K05,0.1417294900221751,K05,0.1417294900221751,Planning decision support and policy design,#CDD1D5
NSF,US_39133,Portage County,county_or_equivalent,OH,"Portage, OH",K02,4.0,4999.999999999829,3.0,1635.999999999925,0.08000000000000275,0.18337408312959277,0.10337408312959002,75.0,32.71999999999962,5,4,176,False,False,K05,0.1417294900221751,K05,0.1417294900221751,Planning decision support and policy design,#CDD1D5
NSF,US_39133,Portage County,county_or_equivalent,OH,"Portage, OH",K03,4.0,4999.999999999829,0.0,489.499999999976,0.08000000000000275,0.0,-0.08000000000000275,0.0,9.789999999999857,5,0,176,False,False,K05,0.1417294900221751,K05,0.1417294900221751,Planning decision support and policy design,#CDD1D5
NSF,US_39133,Portage County,county_or_equivalent,OH,"Portage, OH",K04,4.0,4999.999999999829,0.0,1428.999999999969,0.08000000000000275,0.0,-0.08000000000000275,0.0,28.580000000000364,5,0,176,False,False,K05,0.1417294900221751,K05,0.1417294900221751,Planning decision support and policy design,#CDD1D5
NSF,US_39133,Portage County,county_or_equivalent,OH,"Portage, OH",K05,4.0,4999.999999999829,1.0,450.99999999999,0.08000000000000275,0.22172949002217787,0.1417294900221751,25.0,9.02000000000011,5,1,176,False,False,K05,0.1417294900221751,K05,0.1417294900221751,Planning decision support and policy design,#CDD1D5
NSF,US_39133,Portage County,county_or_equivalent,OH,"Portage, OH",K06,4.0,4999.999999999829,0.0,41.999999999999,0.08000000000000275,0.0,-0.08000000000000275,0.0,0.8400000000000089,5,0,176,False,False,K05,0.1417294900221751,K05,0.1417294900221751,Planning decision support and policy design,#CDD1D5
NSF,US_39153,Summit County,county_or_equivalent,OH,"Summit, OH",K01,5.0,4999.999999999829,0.0,952.499999999969,0.10000000000000343,0.0,-0.10000000000000343,0.0,19.050000000000036,5,0,165,False,False,K04,0.17991602519244493,K04,0.17991602519244493,Intervention design and performance optimization,#CDD1D5
NSF,US_39153,Summit County,county_or_equivalent,OH,"Summit, OH",K02,5.0,4999.999999999829,1.0,1635.999999999925,0.10000000000000343,0.06112469437653092,-0.038875305623472516,20.0,32.71999999999962,5,1,165,False,False,K04,0.17991602519244493,K04,0.17991602519244493,Intervention design and performance optimization,#CDD1D5
NSF,US_39153,Summit County,county_or_equivalent,OH,"Summit, OH",K03,5.0,4999.999999999829,0.0,489.499999999976,0.10000000000000343,0.0,-0.10000000000000343,0.0,9.789999999999857,5,0,165,False,False,K04,0.17991602519244493,K04,0.17991602519244493,Intervention design and performance optimization,#CDD1D5
NSF,US_39153,Summit County,county_or_equivalent,OH,"Summit, OH",K04,5.0,4999.999999999829,4.0,1428.999999999969,0.10000000000000343,0.27991602519244835,0.17991602519244493,80.0,28.580000000000364,5,4,165,False,False,K04,0.17991602519244493,K04,0.17991602519244493,Intervention design and performance optimization,#CDD1D5
NSF,US_39153,Summit County,county_or_equivalent,OH,"Summit, OH",K05,5.0,4999.999999999829,0.0,450.99999999999,0.10000000000000343,0.0,-0.10000000000000343,0.0,9.02000000000011,5,0,165,False,False,K04,0.17991602519244493,K04,0.17991602519244493,Intervention design and performance optimization,#CDD1D5
NSF,US_39153,Summit County,county_or_equivalent,OH,"Summit, OH",K06,5.0,4999.999999999829,0.0,41.999999999999,0.10000000000000343,0.0,-0.10000000000000343,0.0,0.8400000000000089,5,0,165,False,False,K04,0.17991602519244493,K04,0.17991602519244493,Intervention design and performance optimization,#CDD1D5
NSF,US_39173,Wood County,county_or_equivalent,OH,"Wood, OH",K01,1.0,4999.999999999829,0.0,952.499999999969,0.020000000000000687,0.0,-0.020000000000000687,0.0,19.050000000000036,1,0,298,False,False,K02,0.04112469437653023,K02,0.04112469437653023,Mechanism analysis and causal identification,#CDD1D5
NSF,US_39173,Wood County,county_or_equivalent,OH,"Wood, OH",K02,1.0,4999.999999999829,1.0,1635.999999999925,0.020000000000000687,0.06112469437653092,0.04112469437653023,100.0,32.71999999999962,1,1,298,False,False,K02,0.04112469437653023,K02,0.04112469437653023,Mechanism analysis and causal identification,#CDD1D5
NSF,US_39173,Wood County,county_or_equivalent,OH,"Wood, OH",K03,1.0,4999.999999999829,0.0,489.499999999976,0.020000000000000687,0.0,-0.020000000000000687,0.0,9.789999999999857,1,0,298,False,False,K02,0.04112469437653023,K02,0.04112469437653023,Mechanism analysis and causal identification,#CDD1D5
NSF,US_39173,Wood County,county_or_equivalent,OH,"Wood, OH",K04,1.0,4999.999999999829,0.0,1428.999999999969,0.020000000000000687,0.0,-0.020000000000000687,0.0,28.580000000000364,1,0,298,False,False,K02,0.04112469437653023,K02,0.04112469437653023,Mechanism analysis and causal identification,#CDD1D5
NSF,US_39173,Wood County,county_or_equivalent,OH,"Wood, OH",K05,1.0,4999.999999999829,0.0,450.99999999999,0.020000000000000687,0.0,-0.020000000000000687,0.0,9.02000000000011,1,0,298,False,False,K02,0.04112469437653023,K02,0.04112469437653023,Mechanism analysis and causal identification,#CDD1D5
NSF,US_39173,Wood County,county_or_equivalent,OH,"Wood, OH",K06,1.0,4999.999999999829,0.0,41.999999999999,0.020000000000000687,0.0,-0.020000000000000687,0.0,0.8400000000000089,1,0,298,False,False,K02,0.04112469437653023,K02,0.04112469437653023,Mechanism analysis and causal identification,#CDD1D5
NSF,US_40027,Cleveland County,county_or_equivalent,OK,"Cleveland, OK",K01,21.638888888887998,4999.999999999829,3.0,952.499999999969,0.43277777777777476,0.3149606299212701,-0.11781714785650466,13.863928112965912,19.050000000000036,27,3,74,False,False,K02,0.1411151860907111,K02,0.1411151860907111,Mechanism analysis and causal identification,#CDD1D5
NSF,US_40027,Cleveland County,county_or_equivalent,OK,"Cleveland, OK",K02,21.638888888887998,4999.999999999829,9.388888888888,1635.999999999925,0.43277777777777476,0.5738929638684859,0.1411151860907111,43.3889602053892,32.71999999999962,27,12,74,False,False,K02,0.1411151860907111,K02,0.1411151860907111,Mechanism analysis and causal identification,#CDD1D5
NSF,US_40027,Cleveland County,county_or_equivalent,OK,"Cleveland, OK",K03,21.638888888887998,4999.999999999829,1.75,489.499999999976,0.43277777777777476,0.3575076608784649,-0.07527011689930985,8.087291399230114,9.789999999999857,27,3,74,False,False,K02,0.1411151860907111,K02,0.1411151860907111,Mechanism analysis and causal identification,#CDD1D5
NSF,US_40027,Cleveland County,county_or_equivalent,OK,"Cleveland, OK",K04,21.638888888887998,4999.999999999829,5.5,1428.999999999969,0.43277777777777476,0.38488453463961647,-0.04789324313815829,25.417201540437503,28.580000000000364,27,7,74,False,False,K02,0.1411151860907111,K02,0.1411151860907111,Mechanism analysis and causal identification,#CDD1D5
NSF,US_40027,Cleveland County,county_or_equivalent,OK,"Cleveland, OK",K05,21.638888888887998,4999.999999999829,2.0,450.99999999999,0.43277777777777476,0.44345898004435574,0.01068120226658098,9.242618741977275,9.02000000000011,27,2,74,False,False,K02,0.1411151860907111,K02,0.1411151860907111,Mechanism analysis and causal identification,#CDD1D5
NSF,US_40027,Cleveland County,county_or_equivalent,OK,"Cleveland, OK",K06,21.638888888887998,4999.999999999829,0.0,41.999999999999,0.43277777777777476,0.0,-0.43277777777777476,0.0,0.8400000000000089,27,0,74,False,False,K02,0.1411151860907111,K02,0.1411151860907111,Mechanism analysis and causal identification,#CDD1D5
NSF,US_40109,Oklahoma County,county_or_equivalent,OK,"Oklahoma, OK",K01,2.0,4999.999999999829,0.0,952.499999999969,0.040000000000001375,0.0,-0.040000000000001375,0.0,19.050000000000036,2,0,232,False,False,K04,0.029979006298110712,K04,0.029979006298110712,Intervention design and performance optimization,#CDD1D5
NSF,US_40109,Oklahoma County,county_or_equivalent,OK,"Oklahoma, OK",K02,2.0,4999.999999999829,1.0,1635.999999999925,0.040000000000001375,0.06112469437653092,0.021124694376529543,50.0,32.71999999999962,2,1,232,False,False,K04,0.029979006298110712,K04,0.029979006298110712,Intervention design and performance optimization,#CDD1D5
NSF,US_40109,Oklahoma County,county_or_equivalent,OK,"Oklahoma, OK",K03,2.0,4999.999999999829,0.0,489.499999999976,0.040000000000001375,0.0,-0.040000000000001375,0.0,9.789999999999857,2,0,232,False,False,K04,0.029979006298110712,K04,0.029979006298110712,Intervention design and performance optimization,#CDD1D5
NSF,US_40109,Oklahoma County,county_or_equivalent,OK,"Oklahoma, OK",K04,2.0,4999.999999999829,1.0,1428.999999999969,0.040000000000001375,0.06997900629811209,0.029979006298110712,50.0,28.580000000000364,2,1,232,False,False,K04,0.029979006298110712,K04,0.029979006298110712,Intervention design and performance optimization,#CDD1D5
NSF,US_40109,Oklahoma County,county_or_equivalent,OK,"Oklahoma, OK",K05,2.0,4999.999999999829,0.0,450.99999999999,0.040000000000001375,0.0,-0.040000000000001375,0.0,9.02000000000011,2,0,232,False,False,K04,0.029979006298110712,K04,0.029979006298110712,Intervention design and performance optimization,#CDD1D5
NSF,US_40109,Oklahoma County,county_or_equivalent,OK,"Oklahoma, OK",K06,2.0,4999.999999999829,0.0,41.999999999999,0.040000000000001375,0.0,-0.040000000000001375,0.0,0.8400000000000089,2,0,232,False,False,K04,0.029979006298110712,K04,0.029979006298110712,Intervention design and performance optimization,#CDD1D5
NSF,US_40119,Payne County,county_or_equivalent,OK,"Payne, OK",K01,10.666666666665,4999.999999999829,0.666666666666,952.499999999969,0.21333333333330734,0.06999125109354559,-0.14334208223976175,6.249999999994728,19.050000000000036,16,2,120,False,False,K04,0.2998460461861579,K04,0.2998460461861579,Intervention design and performance optimization,#CDD1D5
NSF,US_40119,Payne County,county_or_equivalent,OK,"Payne, OK",K02,10.666666666665,4999.999999999829,2.666666666666,1635.999999999925,0.21333333333330734,0.1629991850040417,-0.05033414832926564,24.99999999999766,32.71999999999962,16,5,120,False,False,K04,0.2998460461861579,K04,0.2998460461861579,Intervention design and performance optimization,#CDD1D5
NSF,US_40119,Payne County,county_or_equivalent,OK,"Payne, OK",K03,10.666666666665,4999.999999999829,0.0,489.499999999976,0.21333333333330734,0.0,-0.21333333333330734,0.0,9.789999999999857,16,0,120,False,False,K04,0.2998460461861579,K04,0.2998460461861579,Intervention design and performance optimization,#CDD1D5
NSF,US_40119,Payne County,county_or_equivalent,OK,"Payne, OK",K04,10.666666666665,4999.999999999829,7.333333333333,1428.999999999969,0.21333333333330734,0.5131793795194652,0.2998460461861579,68.75000000000762,28.580000000000364,16,9,120,False,False,K04,0.2998460461861579,K04,0.2998460461861579,Intervention design and performance optimization,#CDD1D5
NSF,US_40119,Payne County,county_or_equivalent,OK,"Payne, OK",K05,10.666666666665,4999.999999999829,0.0,450.99999999999,0.21333333333330734,0.0,-0.21333333333330734,0.0,9.02000000000011,16,0,120,False,False,K04,0.2998460461861579,K04,0.2998460461861579,Intervention design and performance optimization,#CDD1D5
NSF,US_40119,Payne County,county_or_equivalent,OK,"Payne, OK",K06,10.666666666665,4999.999999999829,0.0,41.999999999999,0.21333333333330734,0.0,-0.21333333333330734,0.0,0.8400000000000089,16,0,120,False,False,K04,0.2998460461861579,K04,0.2998460461861579,Intervention design and performance optimization,#CDD1D5
NSF,US_40143,Tulsa County,county_or_equivalent,OK,"Tulsa, OK",K01,0.5,4999.999999999829,0.0,952.499999999969,0.010000000000000344,0.0,-0.010000000000000344,0.0,19.050000000000036,1,0,335,False,False,K03,0.09214504596527535,K03,0.09214504596527535,Scenario simulation and risk prediction,#CDD1D5
NSF,US_40143,Tulsa County,county_or_equivalent,OK,"Tulsa, OK",K02,0.5,4999.999999999829,0.0,1635.999999999925,0.010000000000000344,0.0,-0.010000000000000344,0.0,32.71999999999962,1,0,335,False,False,K03,0.09214504596527535,K03,0.09214504596527535,Scenario simulation and risk prediction,#CDD1D5
NSF,US_40143,Tulsa County,county_or_equivalent,OK,"Tulsa, OK",K03,0.5,4999.999999999829,0.5,489.499999999976,0.010000000000000344,0.1021450459652757,0.09214504596527535,100.0,9.789999999999857,1,1,335,False,False,K03,0.09214504596527535,K03,0.09214504596527535,Scenario simulation and risk prediction,#CDD1D5
NSF,US_40143,Tulsa County,county_or_equivalent,OK,"Tulsa, OK",K04,0.5,4999.999999999829,0.0,1428.999999999969,0.010000000000000344,0.0,-0.010000000000000344,0.0,28.580000000000364,1,0,335,False,False,K03,0.09214504596527535,K03,0.09214504596527535,Scenario simulation and risk prediction,#CDD1D5
NSF,US_40143,Tulsa County,county_or_equivalent,OK,"Tulsa, OK",K05,0.5,4999.999999999829,0.0,450.99999999999,0.010000000000000344,0.0,-0.010000000000000344,0.0,9.02000000000011,1,0,335,False,False,K03,0.09214504596527535,K03,0.09214504596527535,Scenario simulation and risk prediction,#CDD1D5
NSF,US_40143,Tulsa County,county_or_equivalent,OK,"Tulsa, OK",K06,0.5,4999.999999999829,0.0,41.999999999999,0.010000000000000344,0.0,-0.010000000000000344,0.0,0.8400000000000089,1,0,335,False,False,K03,0.09214504596527535,K03,0.09214504596527535,Scenario simulation and risk prediction,#CDD1D5
NSF,US_41003,Benton County,county_or_equivalent,OR,"Benton, OR",K01,64.999999999997,4999.999999999829,10.416666666666,952.499999999969,1.2999999999999847,1.0936132983376734,-0.20638670166231132,16.025641025640738,19.050000000000036,83,14,18,True,False,K06,1.080952380952453,K02,0.7374898125509644,Mechanism analysis and causal identification,#4a6e92
NSF,US_41003,Benton County,county_or_equivalent,OR,"Benton, OR",K02,64.999999999997,4999.999999999829,33.333333333332,1635.999999999925,1.2999999999999847,2.037489812550949,0.7374898125509644,51.28205128205159,32.71999999999962,83,44,18,True,True,K06,1.080952380952453,K02,0.7374898125509644,Mechanism analysis and causal identification,#4a6e92
NSF,US_41003,Benton County,county_or_equivalent,OR,"Benton, OR",K03,64.999999999997,4999.999999999829,5.833333333333,489.499999999976,1.2999999999999847,1.1916922029281483,-0.10830779707183646,8.974358974358875,9.789999999999857,83,7,18,True,False,K06,1.080952380952453,K02,0.7374898125509644,Mechanism analysis and causal identification,#4a6e92
NSF,US_41003,Benton County,county_or_equivalent,OR,"Benton, OR",K04,64.999999999997,4999.999999999829,8.416666666666,1428.999999999969,1.2999999999999847,0.58898996967573,-0.7110100303242547,12.94871794871752,28.580000000000364,83,11,18,True,False,K06,1.080952380952453,K02,0.7374898125509644,Mechanism analysis and causal identification,#4a6e92
NSF,US_41003,Benton County,county_or_equivalent,OR,"Benton, OR",K05,64.999999999997,4999.999999999829,6.0,450.99999999999,1.2999999999999847,1.3303769401330672,0.030376940133082453,9.230769230769656,9.02000000000011,83,6,18,True,False,K06,1.080952380952453,K02,0.7374898125509644,Mechanism analysis and causal identification,#4a6e92
NSF,US_41003,Benton County,county_or_equivalent,OR,"Benton, OR",K06,64.999999999997,4999.999999999829,1.0,41.999999999999,1.2999999999999847,2.3809523809524378,1.080952380952453,1.5384615384616094,0.8400000000000089,83,1,18,True,False,K06,1.080952380952453,K02,0.7374898125509644,Mechanism analysis and causal identification,#4a6e92
NSF,US_41017,Deschutes County,county_or_equivalent,OR,"Deschutes, OR",K01,1.0,4999.999999999829,0.0,952.499999999969,0.020000000000000687,0.0,-0.020000000000000687,0.0,19.050000000000036,1,0,299,False,False,K04,0.0499790062981114,K04,0.0499790062981114,Intervention design and performance optimization,#CDD1D5
NSF,US_41017,Deschutes County,county_or_equivalent,OR,"Deschutes, OR",K02,1.0,4999.999999999829,0.0,1635.999999999925,0.020000000000000687,0.0,-0.020000000000000687,0.0,32.71999999999962,1,0,299,False,False,K04,0.0499790062981114,K04,0.0499790062981114,Intervention design and performance optimization,#CDD1D5
NSF,US_41017,Deschutes County,county_or_equivalent,OR,"Deschutes, OR",K03,1.0,4999.999999999829,0.0,489.499999999976,0.020000000000000687,0.0,-0.020000000000000687,0.0,9.789999999999857,1,0,299,False,False,K04,0.0499790062981114,K04,0.0499790062981114,Intervention design and performance optimization,#CDD1D5
NSF,US_41017,Deschutes County,county_or_equivalent,OR,"Deschutes, OR",K04,1.0,4999.999999999829,1.0,1428.999999999969,0.020000000000000687,0.06997900629811209,0.0499790062981114,100.0,28.580000000000364,1,1,299,False,False,K04,0.0499790062981114,K04,0.0499790062981114,Intervention design and performance optimization,#CDD1D5
NSF,US_41017,Deschutes County,county_or_equivalent,OR,"Deschutes, OR",K05,1.0,4999.999999999829,0.0,450.99999999999,0.020000000000000687,0.0,-0.020000000000000687,0.0,9.02000000000011,1,0,299,False,False,K04,0.0499790062981114,K04,0.0499790062981114,Intervention design and performance optimization,#CDD1D5
NSF,US_41017,Deschutes County,county_or_equivalent,OR,"Deschutes, OR",K06,1.0,4999.999999999829,0.0,41.999999999999,0.020000000000000687,0.0,-0.020000000000000687,0.0,0.8400000000000089,1,0,299,False,False,K04,0.0499790062981114,K04,0.0499790062981114,Intervention design and performance optimization,#CDD1D5
NSF,US_41029,Jackson County,county_or_equivalent,OR,"Jackson, OR",K01,1.0,4999.999999999829,0.0,952.499999999969,0.020000000000000687,0.0,-0.020000000000000687,0.0,19.050000000000036,1,0,300,False,False,K02,0.04112469437653023,K02,0.04112469437653023,Mechanism analysis and causal identification,#CDD1D5
NSF,US_41029,Jackson County,county_or_equivalent,OR,"Jackson, OR",K02,1.0,4999.999999999829,1.0,1635.999999999925,0.020000000000000687,0.06112469437653092,0.04112469437653023,100.0,32.71999999999962,1,1,300,False,False,K02,0.04112469437653023,K02,0.04112469437653023,Mechanism analysis and causal identification,#CDD1D5
NSF,US_41029,Jackson County,county_or_equivalent,OR,"Jackson, OR",K03,1.0,4999.999999999829,0.0,489.499999999976,0.020000000000000687,0.0,-0.020000000000000687,0.0,9.789999999999857,1,0,300,False,False,K02,0.04112469437653023,K02,0.04112469437653023,Mechanism analysis and causal identification,#CDD1D5
NSF,US_41029,Jackson County,county_or_equivalent,OR,"Jackson, OR",K04,1.0,4999.999999999829,0.0,1428.999999999969,0.020000000000000687,0.0,-0.020000000000000687,0.0,28.580000000000364,1,0,300,False,False,K02,0.04112469437653023,K02,0.04112469437653023,Mechanism analysis and causal identification,#CDD1D5
NSF,US_41029,Jackson County,county_or_equivalent,OR,"Jackson, OR",K05,1.0,4999.999999999829,0.0,450.99999999999,0.020000000000000687,0.0,-0.020000000000000687,0.0,9.02000000000011,1,0,300,False,False,K02,0.04112469437653023,K02,0.04112469437653023,Mechanism analysis and causal identification,#CDD1D5
NSF,US_41029,Jackson County,county_or_equivalent,OR,"Jackson, OR",K06,1.0,4999.999999999829,0.0,41.999999999999,0.020000000000000687,0.0,-0.020000000000000687,0.0,0.8400000000000089,1,0,300,False,False,K02,0.04112469437653023,K02,0.04112469437653023,Mechanism analysis and causal identification,#CDD1D5
NSF,US_41039,Lane County,county_or_equivalent,OR,"Lane, OR",K01,21.476190476189,4999.999999999829,5.0,952.499999999969,0.42952380952379476,0.5249343832021168,0.09541057367832206,23.281596452329758,19.050000000000036,25,5,77,False,False,K05,0.23566466054273882,K05,0.23566466054273882,Planning decision support and policy design,#CDD1D5
NSF,US_41039,Lane County,county_or_equivalent,OR,"Lane, OR",K02,21.476190476189,4999.999999999829,7.999999999999,1635.999999999925,0.42952380952379476,0.4889975550121862,0.05947374548839146,37.25055432372296,32.71999999999962,25,10,77,False,False,K05,0.23566466054273882,K05,0.23566466054273882,Planning decision support and policy design,#CDD1D5
NSF,US_41039,Lane County,county_or_equivalent,OR,"Lane, OR",K03,21.476190476189,4999.999999999829,1.47619047619,489.499999999976,0.42952380952379476,0.3015710880878595,-0.12795272143593528,6.873614190685616,9.789999999999857,25,3,77,False,False,K05,0.23566466054273882,K05,0.23566466054273882,Planning decision support and policy design,#CDD1D5
NSF,US_41039,Lane County,county_or_equivalent,OR,"Lane, OR",K04,21.476190476189,4999.999999999829,4.0,1428.999999999969,0.42952380952379476,0.27991602519244835,-0.14960778433134642,18.625277161863806,28.580000000000364,25,4,77,False,False,K05,0.23566466054273882,K05,0.23566466054273882,Planning decision support and policy design,#CDD1D5
NSF,US_41039,Lane County,county_or_equivalent,OR,"Lane, OR",K05,21.476190476189,4999.999999999829,3.0,450.99999999999,0.42952380952379476,0.6651884700665336,0.23566466054273882,13.968957871397857,9.02000000000011,25,3,77,False,False,K05,0.23566466054273882,K05,0.23566466054273882,Planning decision support and policy design,#CDD1D5
NSF,US_41039,Lane County,county_or_equivalent,OR,"Lane, OR",K06,21.476190476189,4999.999999999829,0.0,41.999999999999,0.42952380952379476,0.0,-0.42952380952379476,0.0,0.8400000000000089,25,0,77,False,False,K05,0.23566466054273882,K05,0.23566466054273882,Planning decision support and policy design,#CDD1D5
NSF,US_41047,Marion County,county_or_equivalent,OR,"Marion, OR",K01,2.0,4999.999999999829,0.0,952.499999999969,0.040000000000001375,0.0,-0.040000000000001375,0.0,19.050000000000036,2,0,233,False,False,K04,0.029979006298110712,K04,0.029979006298110712,Intervention design and performance optimization,#CDD1D5
NSF,US_41047,Marion County,county_or_equivalent,OR,"Marion, OR",K02,2.0,4999.999999999829,1.0,1635.999999999925,0.040000000000001375,0.06112469437653092,0.021124694376529543,50.0,32.71999999999962,2,1,233,False,False,K04,0.029979006298110712,K04,0.029979006298110712,Intervention design and performance optimization,#CDD1D5
NSF,US_41047,Marion County,county_or_equivalent,OR,"Marion, OR",K03,2.0,4999.999999999829,0.0,489.499999999976,0.040000000000001375,0.0,-0.040000000000001375,0.0,9.789999999999857,2,0,233,False,False,K04,0.029979006298110712,K04,0.029979006298110712,Intervention design and performance optimization,#CDD1D5
NSF,US_41047,Marion County,county_or_equivalent,OR,"Marion, OR",K04,2.0,4999.999999999829,1.0,1428.999999999969,0.040000000000001375,0.06997900629811209,0.029979006298110712,50.0,28.580000000000364,2,1,233,False,False,K04,0.029979006298110712,K04,0.029979006298110712,Intervention design and performance optimization,#CDD1D5
NSF,US_41047,Marion County,county_or_equivalent,OR,"Marion, OR",K05,2.0,4999.999999999829,0.0,450.99999999999,0.040000000000001375,0.0,-0.040000000000001375,0.0,9.02000000000011,2,0,233,False,False,K04,0.029979006298110712,K04,0.029979006298110712,Intervention design and performance optimization,#CDD1D5
NSF,US_41047,Marion County,county_or_equivalent,OR,"Marion, OR",K06,2.0,4999.999999999829,0.0,41.999999999999,0.040000000000001375,0.0,-0.040000000000001375,0.0,0.8400000000000089,2,0,233,False,False,K04,0.029979006298110712,K04,0.029979006298110712,Intervention design and performance optimization,#CDD1D5
NSF,US_41051,Multnomah County,county_or_equivalent,OR,"Multnomah, OR",K01,31.009523809522996,4999.999999999829,4.333333333333,952.499999999969,0.6201904761904813,0.45494313210846626,-0.16524734408201502,13.974201474200767,19.050000000000036,42,6,51,False,False,K06,0.5702857142857376,K02,0.24778018395625778,Mechanism analysis and causal identification,#CDD1D5
NSF,US_41051,Multnomah County,county_or_equivalent,OR,"Multnomah, OR",K02,31.009523809522996,4999.999999999829,14.2,1635.999999999925,0.6201904761904813,0.8679706601467391,0.24778018395625778,45.79238329238449,32.71999999999962,42,19,51,False,False,K06,0.5702857142857376,K02,0.24778018395625778,Mechanism analysis and causal identification,#CDD1D5
NSF,US_41051,Multnomah County,county_or_equivalent,OR,"Multnomah, OR",K03,31.009523809522996,4999.999999999829,1.9761904761899998,489.499999999976,0.6201904761904813,0.40371613405313517,-0.21647434213734612,6.372850122848754,9.789999999999857,42,5,51,False,False,K06,0.5702857142857376,K02,0.24778018395625778,Mechanism analysis and causal identification,#CDD1D5
NSF,US_41051,Multnomah County,county_or_equivalent,OR,"Multnomah, OR",K04,31.009523809522996,4999.999999999829,7.0,1428.999999999969,0.6201904761904813,0.4898530440867846,-0.1303374321036967,22.573710073710664,28.580000000000364,42,7,51,False,False,K06,0.5702857142857376,K02,0.24778018395625778,Mechanism analysis and causal identification,#CDD1D5
NSF,US_41051,Multnomah County,county_or_equivalent,OR,"Multnomah, OR",K05,31.009523809522996,4999.999999999829,3.0,450.99999999999,0.6201904761904813,0.6651884700665336,0.0449979938760523,9.674447174447428,9.02000000000011,42,4,51,False,False,K06,0.5702857142857376,K02,0.24778018395625778,Mechanism analysis and causal identification,#CDD1D5
NSF,US_41051,Multnomah County,county_or_equivalent,OR,"Multnomah, OR",K06,31.009523809522996,4999.999999999829,0.5,41.999999999999,0.6201904761904813,1.1904761904762189,0.5702857142857376,1.6124078624079048,0.8400000000000089,42,1,51,False,False,K06,0.5702857142857376,K02,0.24778018395625778,Mechanism analysis and causal identification,#CDD1D5
NSF,US_42003,Allegheny County,county_or_equivalent,PA,"Allegheny, PA",K01,59.449999999998,4999.999999999829,9.2,952.499999999969,1.189000000000001,0.9658792650918949,-0.22312073490810602,15.475189234651486,19.050000000000036,70,11,21,False,False,K05,1.5826186252770005,K05,1.5826186252770005,Planning decision support and policy design,#CDD1D5
NSF,US_42003,Allegheny County,county_or_equivalent,PA,"Allegheny, PA",K02,59.449999999998,4999.999999999829,11.666666666666,1635.999999999925,1.189000000000001,0.7131214343928199,-0.475878565607181,19.624334174375765,32.71999999999962,70,13,21,False,False,K05,1.5826186252770005,K05,1.5826186252770005,Planning decision support and policy design,#CDD1D5
NSF,US_42003,Allegheny County,county_or_equivalent,PA,"Allegheny, PA",K03,59.449999999998,4999.999999999829,6.5,489.499999999976,1.189000000000001,1.327885597548584,0.13888559754858298,10.933557611438552,9.789999999999857,70,8,21,False,False,K05,1.5826186252770005,K05,1.5826186252770005,Planning decision support and policy design,#CDD1D5
NSF,US_42003,Allegheny County,county_or_equivalent,PA,"Allegheny, PA",K04,59.449999999998,4999.999999999829,19.583333333333,1428.999999999969,1.189000000000001,1.3704222066713385,0.18142220667133757,32.940846649846364,28.580000000000364,70,23,21,False,False,K05,1.5826186252770005,K05,1.5826186252770005,Planning decision support and policy design,#CDD1D5
NSF,US_42003,Allegheny County,county_or_equivalent,PA,"Allegheny, PA",K05,59.449999999998,4999.999999999829,12.499999999999,450.99999999999,1.189000000000001,2.7716186252770014,1.5826186252770005,21.02607232968784,9.02000000000011,70,15,21,False,False,K05,1.5826186252770005,K05,1.5826186252770005,Planning decision support and policy design,#CDD1D5
NSF,US_42003,Allegheny County,county_or_equivalent,PA,"Allegheny, PA",K06,59.449999999998,4999.999999999829,0.0,41.999999999999,1.189000000000001,0.0,-1.189000000000001,0.0,0.8400000000000089,70,0,21,False,False,K05,1.5826186252770005,K05,1.5826186252770005,Planning decision support and policy design,#CDD1D5
NSF,US_42019,Butler County,county_or_equivalent,PA,"Butler, PA",K01,1.0,4999.999999999829,0.0,952.499999999969,0.020000000000000687,0.0,-0.020000000000000687,0.0,19.050000000000036,1,0,301,False,False,K04,0.0499790062981114,K04,0.0499790062981114,Intervention design and performance optimization,#CDD1D5
NSF,US_42019,Butler County,county_or_equivalent,PA,"Butler, PA",K02,1.0,4999.999999999829,0.0,1635.999999999925,0.020000000000000687,0.0,-0.020000000000000687,0.0,32.71999999999962,1,0,301,False,False,K04,0.0499790062981114,K04,0.0499790062981114,Intervention design and performance optimization,#CDD1D5
NSF,US_42019,Butler County,county_or_equivalent,PA,"Butler, PA",K03,1.0,4999.999999999829,0.0,489.499999999976,0.020000000000000687,0.0,-0.020000000000000687,0.0,9.789999999999857,1,0,301,False,False,K04,0.0499790062981114,K04,0.0499790062981114,Intervention design and performance optimization,#CDD1D5
NSF,US_42019,Butler County,county_or_equivalent,PA,"Butler, PA",K04,1.0,4999.999999999829,1.0,1428.999999999969,0.020000000000000687,0.06997900629811209,0.0499790062981114,100.0,28.580000000000364,1,1,301,False,False,K04,0.0499790062981114,K04,0.0499790062981114,Intervention design and performance optimization,#CDD1D5
NSF,US_42019,Butler County,county_or_equivalent,PA,"Butler, PA",K05,1.0,4999.999999999829,0.0,450.99999999999,0.020000000000000687,0.0,-0.020000000000000687,0.0,9.02000000000011,1,0,301,False,False,K04,0.0499790062981114,K04,0.0499790062981114,Intervention design and performance optimization,#CDD1D5
NSF,US_42019,Butler County,county_or_equivalent,PA,"Butler, PA",K06,1.0,4999.999999999829,0.0,41.999999999999,0.020000000000000687,0.0,-0.020000000000000687,0.0,0.8400000000000089,1,0,301,False,False,K04,0.0499790062981114,K04,0.0499790062981114,Intervention design and performance optimization,#CDD1D5
NSF,US_42027,Centre County,county_or_equivalent,PA,"Centre, PA",K01,71.111111111108,4999.999999999829,13.333333333333,952.499999999969,1.422222222222209,1.3998250218722768,-0.0223972003499322,18.75000000000035,19.050000000000036,91,15,14,False,False,K05,1.0537570830252958,K05,1.0537570830252958,Planning decision support and policy design,#CDD1D5
NSF,US_42027,Centre County,county_or_equivalent,PA,"Centre, PA",K02,71.111111111108,4999.999999999829,26.027777777777,1635.999999999925,1.422222222222209,1.5909399619668823,0.1687177397446733,36.601562500000504,32.71999999999962,91,33,14,False,False,K05,1.0537570830252958,K05,1.0537570830252958,Planning decision support and policy design,#CDD1D5
NSF,US_42027,Centre County,county_or_equivalent,PA,"Centre, PA",K03,71.111111111108,4999.999999999829,4.583333333333,489.499999999976,1.422222222222209,0.936329588014959,-0.48589263420724993,6.4453124999998135,9.789999999999857,91,9,14,False,False,K05,1.0537570830252958,K05,1.0537570830252958,Planning decision support and policy design,#CDD1D5
NSF,US_42027,Centre County,county_or_equivalent,PA,"Centre, PA",K04,71.111111111108,4999.999999999829,15.999999999999,1428.999999999969,1.422222222222209,1.1196641007697232,-0.30255812145248573,22.499999999999577,28.580000000000364,91,20,14,False,False,K05,1.0537570830252958,K05,1.0537570830252958,Planning decision support and policy design,#CDD1D5
NSF,US_42027,Centre County,county_or_equivalent,PA,"Centre, PA",K05,71.111111111108,4999.999999999829,11.166666666666,450.99999999999,1.422222222222209,2.4759793052475048,1.0537570830252958,15.703124999999748,9.02000000000011,91,14,14,False,False,K05,1.0537570830252958,K05,1.0537570830252958,Planning decision support and policy design,#CDD1D5
NSF,US_42027,Centre County,county_or_equivalent,PA,"Centre, PA",K06,71.111111111108,4999.999999999829,0.0,41.999999999999,1.422222222222209,0.0,-1.422222222222209,0.0,0.8400000000000089,91,0,14,False,False,K05,1.0537570830252958,K05,1.0537570830252958,Planning decision support and policy design,#CDD1D5
NSF,US_42029,Chester County,county_or_equivalent,PA,"Chester, PA",K01,2.333333333333,4999.999999999829,1.0,952.499999999969,0.0466666666666616,0.10498687664042337,0.05832020997376177,42.85714285714898,19.050000000000036,3,1,209,False,False,K01,0.05832020997376177,K01,0.05832020997376177,State measurement and problem diagnosis,#CDD1D5
NSF,US_42029,Chester County,county_or_equivalent,PA,"Chester, PA",K02,2.333333333333,4999.999999999829,1.333333333333,1635.999999999925,0.0466666666666616,0.08149959250202085,0.03483292583535925,57.14285714285102,32.71999999999962,3,2,209,False,False,K01,0.05832020997376177,K01,0.05832020997376177,State measurement and problem diagnosis,#CDD1D5
NSF,US_42029,Chester County,county_or_equivalent,PA,"Chester, PA",K03,2.333333333333,4999.999999999829,0.0,489.499999999976,0.0466666666666616,0.0,-0.0466666666666616,0.0,9.789999999999857,3,0,209,False,False,K01,0.05832020997376177,K01,0.05832020997376177,State measurement and problem diagnosis,#CDD1D5
NSF,US_42029,Chester County,county_or_equivalent,PA,"Chester, PA",K04,2.333333333333,4999.999999999829,0.0,1428.999999999969,0.0466666666666616,0.0,-0.0466666666666616,0.0,28.580000000000364,3,0,209,False,False,K01,0.05832020997376177,K01,0.05832020997376177,State measurement and problem diagnosis,#CDD1D5
NSF,US_42029,Chester County,county_or_equivalent,PA,"Chester, PA",K05,2.333333333333,4999.999999999829,0.0,450.99999999999,0.0466666666666616,0.0,-0.0466666666666616,0.0,9.02000000000011,3,0,209,False,False,K01,0.05832020997376177,K01,0.05832020997376177,State measurement and problem diagnosis,#CDD1D5
NSF,US_42029,Chester County,county_or_equivalent,PA,"Chester, PA",K06,2.333333333333,4999.999999999829,0.0,41.999999999999,0.0466666666666616,0.0,-0.0466666666666616,0.0,0.8400000000000089,3,0,209,False,False,K01,0.05832020997376177,K01,0.05832020997376177,State measurement and problem diagnosis,#CDD1D5
NSF,US_42061,Huntingdon County,county_or_equivalent,PA,"Huntingdon, PA",K01,0.333333333333,4999.999999999829,0.0,952.499999999969,0.00666666666666023,0.0,-0.00666666666666023,0.0,19.050000000000036,1,0,345,False,False,K02,0.013708231458829703,K02,0.013708231458829703,Mechanism analysis and causal identification,#CDD1D5
NSF,US_42061,Huntingdon County,county_or_equivalent,PA,"Huntingdon, PA",K02,0.333333333333,4999.999999999829,0.333333333333,1635.999999999925,0.00666666666666023,0.020374898125489933,0.013708231458829703,100.0,32.71999999999962,1,1,345,False,False,K02,0.013708231458829703,K02,0.013708231458829703,Mechanism analysis and causal identification,#CDD1D5
NSF,US_42061,Huntingdon County,county_or_equivalent,PA,"Huntingdon, PA",K03,0.333333333333,4999.999999999829,0.0,489.499999999976,0.00666666666666023,0.0,-0.00666666666666023,0.0,9.789999999999857,1,0,345,False,False,K02,0.013708231458829703,K02,0.013708231458829703,Mechanism analysis and causal identification,#CDD1D5
NSF,US_42061,Huntingdon County,county_or_equivalent,PA,"Huntingdon, PA",K04,0.333333333333,4999.999999999829,0.0,1428.999999999969,0.00666666666666023,0.0,-0.00666666666666023,0.0,28.580000000000364,1,0,345,False,False,K02,0.013708231458829703,K02,0.013708231458829703,Mechanism analysis and causal identification,#CDD1D5
NSF,US_42061,Huntingdon County,county_or_equivalent,PA,"Huntingdon, PA",K05,0.333333333333,4999.999999999829,0.0,450.99999999999,0.00666666666666023,0.0,-0.00666666666666023,0.0,9.02000000000011,1,0,345,False,False,K02,0.013708231458829703,K02,0.013708231458829703,Mechanism analysis and causal identification,#CDD1D5
NSF,US_42061,Huntingdon County,county_or_equivalent,PA,"Huntingdon, PA",K06,0.333333333333,4999.999999999829,0.0,41.999999999999,0.00666666666666023,0.0,-0.00666666666666023,0.0,0.8400000000000089,1,0,345,False,False,K02,0.013708231458829703,K02,0.013708231458829703,Mechanism analysis and causal identification,#CDD1D5
NSF,US_42063,Indiana County,county_or_equivalent,PA,"Indiana, PA",K01,0.5,4999.999999999829,0.0,952.499999999969,0.010000000000000344,0.0,-0.010000000000000344,0.0,19.050000000000036,1,0,336,False,False,K02,0.020562347188265113,K02,0.020562347188265113,Mechanism analysis and causal identification,#CDD1D5
NSF,US_42063,Indiana County,county_or_equivalent,PA,"Indiana, PA",K02,0.5,4999.999999999829,0.5,1635.999999999925,0.010000000000000344,0.03056234718826546,0.020562347188265113,100.0,32.71999999999962,1,1,336,False,False,K02,0.020562347188265113,K02,0.020562347188265113,Mechanism analysis and causal identification,#CDD1D5
NSF,US_42063,Indiana County,county_or_equivalent,PA,"Indiana, PA",K03,0.5,4999.999999999829,0.0,489.499999999976,0.010000000000000344,0.0,-0.010000000000000344,0.0,9.789999999999857,1,0,336,False,False,K02,0.020562347188265113,K02,0.020562347188265113,Mechanism analysis and causal identification,#CDD1D5
NSF,US_42063,Indiana County,county_or_equivalent,PA,"Indiana, PA",K04,0.5,4999.999999999829,0.0,1428.999999999969,0.010000000000000344,0.0,-0.010000000000000344,0.0,28.580000000000364,1,0,336,False,False,K02,0.020562347188265113,K02,0.020562347188265113,Mechanism analysis and causal identification,#CDD1D5
NSF,US_42063,Indiana County,county_or_equivalent,PA,"Indiana, PA",K05,0.5,4999.999999999829,0.0,450.99999999999,0.010000000000000344,0.0,-0.010000000000000344,0.0,9.02000000000011,1,0,336,False,False,K02,0.020562347188265113,K02,0.020562347188265113,Mechanism analysis and causal identification,#CDD1D5
NSF,US_42063,Indiana County,county_or_equivalent,PA,"Indiana, PA",K06,0.5,4999.999999999829,0.0,41.999999999999,0.010000000000000344,0.0,-0.010000000000000344,0.0,0.8400000000000089,1,0,336,False,False,K02,0.020562347188265113,K02,0.020562347188265113,Mechanism analysis and causal identification,#CDD1D5
NSF,US_42071,Lancaster County,county_or_equivalent,PA,"Lancaster, PA",K01,1.333333333333,4999.999999999829,0.333333333333,952.499999999969,0.026666666666660916,0.034995625546772796,0.00832895888011188,24.999999999981252,19.050000000000036,2,1,249,False,False,K02,0.03445802770987,K02,0.03445802770987,Mechanism analysis and causal identification,#CDD1D5
NSF,US_42071,Lancaster County,county_or_equivalent,PA,"Lancaster, PA",K02,1.333333333333,4999.999999999829,1.0,1635.999999999925,0.026666666666660916,0.06112469437653092,0.03445802770987,75.00000000001876,32.71999999999962,2,1,249,False,False,K02,0.03445802770987,K02,0.03445802770987,Mechanism analysis and causal identification,#CDD1D5
NSF,US_42071,Lancaster County,county_or_equivalent,PA,"Lancaster, PA",K03,1.333333333333,4999.999999999829,0.0,489.499999999976,0.026666666666660916,0.0,-0.026666666666660916,0.0,9.789999999999857,2,0,249,False,False,K02,0.03445802770987,K02,0.03445802770987,Mechanism analysis and causal identification,#CDD1D5
NSF,US_42071,Lancaster County,county_or_equivalent,PA,"Lancaster, PA",K04,1.333333333333,4999.999999999829,0.0,1428.999999999969,0.026666666666660916,0.0,-0.026666666666660916,0.0,28.580000000000364,2,0,249,False,False,K02,0.03445802770987,K02,0.03445802770987,Mechanism analysis and causal identification,#CDD1D5
NSF,US_42071,Lancaster County,county_or_equivalent,PA,"Lancaster, PA",K05,1.333333333333,4999.999999999829,0.0,450.99999999999,0.026666666666660916,0.0,-0.026666666666660916,0.0,9.02000000000011,2,0,249,False,False,K02,0.03445802770987,K02,0.03445802770987,Mechanism analysis and causal identification,#CDD1D5
NSF,US_42071,Lancaster County,county_or_equivalent,PA,"Lancaster, PA",K06,1.333333333333,4999.999999999829,0.0,41.999999999999,0.026666666666660916,0.0,-0.026666666666660916,0.0,0.8400000000000089,2,0,249,False,False,K02,0.03445802770987,K02,0.03445802770987,Mechanism analysis and causal identification,#CDD1D5
NSF,US_42077,Lehigh County,county_or_equivalent,PA,"Lehigh, PA",K01,1.0,4999.999999999829,0.0,952.499999999969,0.020000000000000687,0.0,-0.020000000000000687,0.0,19.050000000000036,1,0,302,False,False,K04,0.0499790062981114,K04,0.0499790062981114,Intervention design and performance optimization,#CDD1D5
NSF,US_42077,Lehigh County,county_or_equivalent,PA,"Lehigh, PA",K02,1.0,4999.999999999829,0.0,1635.999999999925,0.020000000000000687,0.0,-0.020000000000000687,0.0,32.71999999999962,1,0,302,False,False,K04,0.0499790062981114,K04,0.0499790062981114,Intervention design and performance optimization,#CDD1D5
NSF,US_42077,Lehigh County,county_or_equivalent,PA,"Lehigh, PA",K03,1.0,4999.999999999829,0.0,489.499999999976,0.020000000000000687,0.0,-0.020000000000000687,0.0,9.789999999999857,1,0,302,False,False,K04,0.0499790062981114,K04,0.0499790062981114,Intervention design and performance optimization,#CDD1D5
NSF,US_42077,Lehigh County,county_or_equivalent,PA,"Lehigh, PA",K04,1.0,4999.999999999829,1.0,1428.999999999969,0.020000000000000687,0.06997900629811209,0.0499790062981114,100.0,28.580000000000364,1,1,302,False,False,K04,0.0499790062981114,K04,0.0499790062981114,Intervention design and performance optimization,#CDD1D5
NSF,US_42077,Lehigh County,county_or_equivalent,PA,"Lehigh, PA",K05,1.0,4999.999999999829,0.0,450.99999999999,0.020000000000000687,0.0,-0.020000000000000687,0.0,9.02000000000011,1,0,302,False,False,K04,0.0499790062981114,K04,0.0499790062981114,Intervention design and performance optimization,#CDD1D5
NSF,US_42077,Lehigh County,county_or_equivalent,PA,"Lehigh, PA",K06,1.0,4999.999999999829,0.0,41.999999999999,0.020000000000000687,0.0,-0.020000000000000687,0.0,0.8400000000000089,1,0,302,False,False,K04,0.0499790062981114,K04,0.0499790062981114,Intervention design and performance optimization,#CDD1D5
NSF,US_42091,Montgomery County,county_or_equivalent,PA,"Montgomery, PA",K01,8.5,4999.999999999829,1.5,952.499999999969,0.17000000000000584,0.15748031496063505,-0.012519685039370787,17.647058823529413,19.050000000000036,9,2,138,False,False,K03,0.23858018386109694,K03,0.23858018386109694,Scenario simulation and risk prediction,#CDD1D5
NSF,US_42091,Montgomery County,county_or_equivalent,PA,"Montgomery, PA",K02,8.5,4999.999999999829,2.0,1635.999999999925,0.17000000000000584,0.12224938875306184,-0.047750611246944005,23.529411764705884,32.71999999999962,9,2,138,False,False,K03,0.23858018386109694,K03,0.23858018386109694,Scenario simulation and risk prediction,#CDD1D5
NSF,US_42091,Montgomery County,county_or_equivalent,PA,"Montgomery, PA",K03,8.5,4999.999999999829,2.0,489.499999999976,0.17000000000000584,0.4085801838611028,0.23858018386109694,23.529411764705884,9.789999999999857,9,2,138,False,False,K03,0.23858018386109694,K03,0.23858018386109694,Scenario simulation and risk prediction,#CDD1D5
NSF,US_42091,Montgomery County,county_or_equivalent,PA,"Montgomery, PA",K04,8.5,4999.999999999829,2.0,1428.999999999969,0.17000000000000584,0.13995801259622417,-0.030041987403781667,23.529411764705884,28.580000000000364,9,2,138,False,False,K03,0.23858018386109694,K03,0.23858018386109694,Scenario simulation and risk prediction,#CDD1D5
NSF,US_42091,Montgomery County,county_or_equivalent,PA,"Montgomery, PA",K05,8.5,4999.999999999829,1.0,450.99999999999,0.17000000000000584,0.22172949002217787,0.05172949002217203,11.764705882352942,9.02000000000011,9,1,138,False,False,K03,0.23858018386109694,K03,0.23858018386109694,Scenario simulation and risk prediction,#CDD1D5
NSF,US_42091,Montgomery County,county_or_equivalent,PA,"Montgomery, PA",K06,8.5,4999.999999999829,0.0,41.999999999999,0.17000000000000584,0.0,-0.17000000000000584,0.0,0.8400000000000089,9,0,138,False,False,K03,0.23858018386109694,K03,0.23858018386109694,Scenario simulation and risk prediction,#CDD1D5
NSF,US_42095,Northampton County,county_or_equivalent,PA,"Northampton, PA",K01,10.833333333333,4999.999999999829,1.0,952.499999999969,0.21666666666666745,0.10498687664042337,-0.11167979002624408,9.230769230769514,19.050000000000036,13,1,118,False,False,K03,0.19191351719443533,K03,0.19191351719443533,Scenario simulation and risk prediction,#CDD1D5
NSF,US_42095,Northampton County,county_or_equivalent,PA,"Northampton, PA",K02,10.833333333333,4999.999999999829,4.333333333333,1635.999999999925,0.21666666666666745,0.2648736756316136,0.048207008964946174,39.99999999999815,32.71999999999962,13,5,118,False,False,K03,0.19191351719443533,K03,0.19191351719443533,Scenario simulation and risk prediction,#CDD1D5
NSF,US_42095,Northampton County,county_or_equivalent,PA,"Northampton, PA",K03,10.833333333333,4999.999999999829,2.0,489.499999999976,0.21666666666666745,0.4085801838611028,0.19191351719443533,18.46153846153903,9.789999999999857,13,2,118,False,False,K03,0.19191351719443533,K03,0.19191351719443533,Scenario simulation and risk prediction,#CDD1D5
NSF,US_42095,Northampton County,county_or_equivalent,PA,"Northampton, PA",K04,10.833333333333,4999.999999999829,3.5,1428.999999999969,0.21666666666666745,0.2449265220433923,0.028259855376724846,32.3076923076933,28.580000000000364,13,5,118,False,False,K03,0.19191351719443533,K03,0.19191351719443533,Scenario simulation and risk prediction,#CDD1D5
NSF,US_42095,Northampton County,county_or_equivalent,PA,"Northampton, PA",K05,10.833333333333,4999.999999999829,0.0,450.99999999999,0.21666666666666745,0.0,-0.21666666666666745,0.0,9.02000000000011,13,0,118,False,False,K03,0.19191351719443533,K03,0.19191351719443533,Scenario simulation and risk prediction,#CDD1D5
NSF,US_42095,Northampton County,county_or_equivalent,PA,"Northampton, PA",K06,10.833333333333,4999.999999999829,0.0,41.999999999999,0.21666666666666745,0.0,-0.21666666666666745,0.0,0.8400000000000089,13,0,118,False,False,K03,0.19191351719443533,K03,0.19191351719443533,Scenario simulation and risk prediction,#CDD1D5
NSF,US_42101,Philadelphia County,county_or_equivalent,PA,"Philadelphia, PA",K01,44.333333333333,4999.999999999829,11.416666666667,952.499999999969,0.8866666666666906,1.1986001749782018,0.31193350831151123,25.751879699249063,19.050000000000036,54,14,31,False,False,K06,3.875238095238185,K01,0.31193350831151123,State measurement and problem diagnosis,#CDD1D5
NSF,US_42101,Philadelphia County,county_or_equivalent,PA,"Philadelphia, PA",K02,44.333333333333,4999.999999999829,17.0,1635.999999999925,0.8866666666666906,1.0391198044010257,0.1524531377343351,38.345864661654424,32.71999999999962,54,21,31,False,False,K06,3.875238095238185,K01,0.31193350831151123,State measurement and problem diagnosis,#CDD1D5
NSF,US_42101,Philadelphia County,county_or_equivalent,PA,"Philadelphia, PA",K03,44.333333333333,4999.999999999829,1.4999999999999998,489.499999999976,0.8866666666666906,0.306435137895827,-0.5802315287708636,3.383458646616566,9.789999999999857,54,2,31,False,False,K06,3.875238095238185,K01,0.31193350831151123,State measurement and problem diagnosis,#CDD1D5
NSF,US_42101,Philadelphia County,county_or_equivalent,PA,"Philadelphia, PA",K04,44.333333333333,4999.999999999829,7.916666666666,1428.999999999969,0.8866666666666906,0.554000466526674,-0.3326662001400166,17.857142857141486,28.580000000000364,54,10,31,False,False,K06,3.875238095238185,K01,0.31193350831151123,State measurement and problem diagnosis,#CDD1D5
NSF,US_42101,Philadelphia County,county_or_equivalent,PA,"Philadelphia, PA",K05,44.333333333333,4999.999999999829,4.5,450.99999999999,0.8866666666666906,0.9977827050998004,0.1111160384331098,10.1503759398497,9.02000000000011,54,5,31,False,False,K06,3.875238095238185,K01,0.31193350831151123,State measurement and problem diagnosis,#CDD1D5
NSF,US_42101,Philadelphia County,county_or_equivalent,PA,"Philadelphia, PA",K06,44.333333333333,4999.999999999829,2.0,41.999999999999,0.8866666666666906,4.7619047619048755,3.875238095238185,4.511278195488756,0.8400000000000089,54,2,31,False,False,K06,3.875238095238185,K01,0.31193350831151123,State measurement and problem diagnosis,#CDD1D5
NSF,US_44001,Bristol County,county_or_equivalent,RI,"Bristol, RI",K01,1.0,4999.999999999829,0.0,952.499999999969,0.020000000000000687,0.0,-0.020000000000000687,0.0,19.050000000000036,1,0,303,False,False,K04,0.0499790062981114,K04,0.0499790062981114,Intervention design and performance optimization,#CDD1D5
NSF,US_44001,Bristol County,county_or_equivalent,RI,"Bristol, RI",K02,1.0,4999.999999999829,0.0,1635.999999999925,0.020000000000000687,0.0,-0.020000000000000687,0.0,32.71999999999962,1,0,303,False,False,K04,0.0499790062981114,K04,0.0499790062981114,Intervention design and performance optimization,#CDD1D5
NSF,US_44001,Bristol County,county_or_equivalent,RI,"Bristol, RI",K03,1.0,4999.999999999829,0.0,489.499999999976,0.020000000000000687,0.0,-0.020000000000000687,0.0,9.789999999999857,1,0,303,False,False,K04,0.0499790062981114,K04,0.0499790062981114,Intervention design and performance optimization,#CDD1D5
NSF,US_44001,Bristol County,county_or_equivalent,RI,"Bristol, RI",K04,1.0,4999.999999999829,1.0,1428.999999999969,0.020000000000000687,0.06997900629811209,0.0499790062981114,100.0,28.580000000000364,1,1,303,False,False,K04,0.0499790062981114,K04,0.0499790062981114,Intervention design and performance optimization,#CDD1D5
NSF,US_44001,Bristol County,county_or_equivalent,RI,"Bristol, RI",K05,1.0,4999.999999999829,0.0,450.99999999999,0.020000000000000687,0.0,-0.020000000000000687,0.0,9.02000000000011,1,0,303,False,False,K04,0.0499790062981114,K04,0.0499790062981114,Intervention design and performance optimization,#CDD1D5
NSF,US_44001,Bristol County,county_or_equivalent,RI,"Bristol, RI",K06,1.0,4999.999999999829,0.0,41.999999999999,0.020000000000000687,0.0,-0.020000000000000687,0.0,0.8400000000000089,1,0,303,False,False,K04,0.0499790062981114,K04,0.0499790062981114,Intervention design and performance optimization,#CDD1D5
NSF,US_44003,Kent County,county_or_equivalent,RI,"Kent, RI",K01,18.0,4999.999999999829,6.0,952.499999999969,0.36000000000001237,0.6299212598425402,0.26992125984252785,33.333333333333336,19.050000000000036,18,6,88,False,False,K01,0.26992125984252785,K01,0.26992125984252785,State measurement and problem diagnosis,#CDD1D5
NSF,US_44003,Kent County,county_or_equivalent,RI,"Kent, RI",K02,18.0,4999.999999999829,7.0,1635.999999999925,0.36000000000001237,0.42787286063571645,0.06787286063570408,38.888888888888886,32.71999999999962,18,7,88,False,False,K01,0.26992125984252785,K01,0.26992125984252785,State measurement and problem diagnosis,#CDD1D5
NSF,US_44003,Kent County,county_or_equivalent,RI,"Kent, RI",K03,18.0,4999.999999999829,2.0,489.499999999976,0.36000000000001237,0.4085801838611028,0.04858018386109042,11.11111111111111,9.789999999999857,18,2,88,False,False,K01,0.26992125984252785,K01,0.26992125984252785,State measurement and problem diagnosis,#CDD1D5
NSF,US_44003,Kent County,county_or_equivalent,RI,"Kent, RI",K04,18.0,4999.999999999829,3.0,1428.999999999969,0.36000000000001237,0.20993701889433625,-0.15006298110567612,16.666666666666668,28.580000000000364,18,3,88,False,False,K01,0.26992125984252785,K01,0.26992125984252785,State measurement and problem diagnosis,#CDD1D5
NSF,US_44003,Kent County,county_or_equivalent,RI,"Kent, RI",K05,18.0,4999.999999999829,0.0,450.99999999999,0.36000000000001237,0.0,-0.36000000000001237,0.0,9.02000000000011,18,0,88,False,False,K01,0.26992125984252785,K01,0.26992125984252785,State measurement and problem diagnosis,#CDD1D5
NSF,US_44003,Kent County,county_or_equivalent,RI,"Kent, RI",K06,18.0,4999.999999999829,0.0,41.999999999999,0.36000000000001237,0.0,-0.36000000000001237,0.0,0.8400000000000089,18,0,88,False,False,K01,0.26992125984252785,K01,0.26992125984252785,State measurement and problem diagnosis,#CDD1D5
NSF,US_44007,Providence County,county_or_equivalent,RI,"Providence, RI",K01,17.366666666666,4999.999999999829,2.166666666666,952.499999999969,0.34733333333333194,0.22747156605418065,-0.1198617672791513,12.476007677539828,19.050000000000036,21,4,90,False,False,K02,0.44728769356157005,K02,0.44728769356157005,Mechanism analysis and causal identification,#CDD1D5
NSF,US_44007,Providence County,county_or_equivalent,RI,"Providence, RI",K02,17.366666666666,4999.999999999829,13.0,1635.999999999925,0.34733333333333194,0.794621026894902,0.44728769356157005,74.85604606526199,32.71999999999962,21,14,90,False,False,K02,0.44728769356157005,K02,0.44728769356157005,Mechanism analysis and causal identification,#CDD1D5
NSF,US_44007,Providence County,county_or_equivalent,RI,"Providence, RI",K03,17.366666666666,4999.999999999829,1.2,489.499999999976,0.34733333333333194,0.24514811031666164,-0.1021852230166703,6.9097888675626455,9.789999999999857,21,2,90,False,False,K02,0.44728769356157005,K02,0.44728769356157005,Mechanism analysis and causal identification,#CDD1D5
NSF,US_44007,Providence County,county_or_equivalent,RI,"Providence, RI",K04,17.366666666666,4999.999999999829,1.0,1428.999999999969,0.34733333333333194,0.06997900629811209,-0.27735432703521984,5.758157389635538,28.580000000000364,21,1,90,False,False,K02,0.44728769356157005,K02,0.44728769356157005,Mechanism analysis and causal identification,#CDD1D5
NSF,US_44007,Providence County,county_or_equivalent,RI,"Providence, RI",K05,17.366666666666,4999.999999999829,0.0,450.99999999999,0.34733333333333194,0.0,-0.34733333333333194,0.0,9.02000000000011,21,0,90,False,False,K02,0.44728769356157005,K02,0.44728769356157005,Mechanism analysis and causal identification,#CDD1D5
NSF,US_44007,Providence County,county_or_equivalent,RI,"Providence, RI",K06,17.366666666666,4999.999999999829,0.0,41.999999999999,0.34733333333333194,0.0,-0.34733333333333194,0.0,0.8400000000000089,21,0,90,False,False,K02,0.44728769356157005,K02,0.44728769356157005,Mechanism analysis and causal identification,#CDD1D5
NSF,US_44009,Washington County,county_or_equivalent,RI,"Washington, RI",K01,16.249999999998998,4999.999999999829,6.25,952.499999999969,0.32499999999999113,0.656167979002646,0.3311679790026549,38.46153846154083,19.050000000000036,22,7,94,False,False,K01,0.3311679790026549,K01,0.3311679790026549,State measurement and problem diagnosis,#CDD1D5
NSF,US_44009,Washington County,county_or_equivalent,RI,"Washington, RI",K02,16.249999999998998,4999.999999999829,7.333333333333,1635.999999999925,0.32499999999999113,0.44824775876120637,0.12324775876121524,45.128205128205856,32.71999999999962,22,11,94,False,False,K01,0.3311679790026549,K01,0.3311679790026549,State measurement and problem diagnosis,#CDD1D5
NSF,US_44009,Washington County,county_or_equivalent,RI,"Washington, RI",K03,16.249999999998998,4999.999999999829,0.666666666666,489.499999999976,0.32499999999999113,0.13619339462023142,-0.1888066053797597,4.102564102560254,9.789999999999857,22,2,94,False,False,K01,0.3311679790026549,K01,0.3311679790026549,State measurement and problem diagnosis,#CDD1D5
NSF,US_44009,Washington County,county_or_equivalent,RI,"Washington, RI",K04,16.249999999998998,4999.999999999829,1.0,1428.999999999969,0.32499999999999113,0.06997900629811209,-0.25502099370187903,6.153846153846533,28.580000000000364,22,1,94,False,False,K01,0.3311679790026549,K01,0.3311679790026549,State measurement and problem diagnosis,#CDD1D5
NSF,US_44009,Washington County,county_or_equivalent,RI,"Washington, RI",K05,16.249999999998998,4999.999999999829,1.0,450.99999999999,0.32499999999999113,0.22172949002217787,-0.10327050997781326,6.153846153846533,9.02000000000011,22,1,94,False,False,K01,0.3311679790026549,K01,0.3311679790026549,State measurement and problem diagnosis,#CDD1D5
NSF,US_44009,Washington County,county_or_equivalent,RI,"Washington, RI",K06,16.249999999998998,4999.999999999829,0.0,41.999999999999,0.32499999999999113,0.0,-0.32499999999999113,0.0,0.8400000000000089,22,0,94,False,False,K01,0.3311679790026549,K01,0.3311679790026549,State measurement and problem diagnosis,#CDD1D5
NSF,US_45019,Charleston County,county_or_equivalent,SC,"Charleston, SC",K01,2.333333333333,4999.999999999829,1.0,952.499999999969,0.0466666666666616,0.10498687664042337,0.05832020997376177,42.85714285714898,19.050000000000036,3,1,210,False,False,K01,0.05832020997376177,K01,0.05832020997376177,State measurement and problem diagnosis,#CDD1D5
NSF,US_45019,Charleston County,county_or_equivalent,SC,"Charleston, SC",K02,2.333333333333,4999.999999999829,1.333333333333,1635.999999999925,0.0466666666666616,0.08149959250202085,0.03483292583535925,57.14285714285102,32.71999999999962,3,2,210,False,False,K01,0.05832020997376177,K01,0.05832020997376177,State measurement and problem diagnosis,#CDD1D5
NSF,US_45019,Charleston County,county_or_equivalent,SC,"Charleston, SC",K03,2.333333333333,4999.999999999829,0.0,489.499999999976,0.0466666666666616,0.0,-0.0466666666666616,0.0,9.789999999999857,3,0,210,False,False,K01,0.05832020997376177,K01,0.05832020997376177,State measurement and problem diagnosis,#CDD1D5
NSF,US_45019,Charleston County,county_or_equivalent,SC,"Charleston, SC",K04,2.333333333333,4999.999999999829,0.0,1428.999999999969,0.0466666666666616,0.0,-0.0466666666666616,0.0,28.580000000000364,3,0,210,False,False,K01,0.05832020997376177,K01,0.05832020997376177,State measurement and problem diagnosis,#CDD1D5
NSF,US_45019,Charleston County,county_or_equivalent,SC,"Charleston, SC",K05,2.333333333333,4999.999999999829,0.0,450.99999999999,0.0466666666666616,0.0,-0.0466666666666616,0.0,9.02000000000011,3,0,210,False,False,K01,0.05832020997376177,K01,0.05832020997376177,State measurement and problem diagnosis,#CDD1D5
NSF,US_45019,Charleston County,county_or_equivalent,SC,"Charleston, SC",K06,2.333333333333,4999.999999999829,0.0,41.999999999999,0.0466666666666616,0.0,-0.0466666666666616,0.0,0.8400000000000089,3,0,210,False,False,K01,0.05832020997376177,K01,0.05832020997376177,State measurement and problem diagnosis,#CDD1D5
NSF,US_45051,Horry County,county_or_equivalent,SC,"Horry, SC",K01,2.833333333333,4999.999999999829,1.3333333333329997,952.499999999969,0.05666666666666195,0.13998250218719613,0.08331583552053418,47.05882352940553,19.050000000000036,5,3,197,False,False,K05,0.16506282335551592,K05,0.16506282335551592,Planning decision support and policy design,#CDD1D5
NSF,US_45051,Horry County,county_or_equivalent,SC,"Horry, SC",K02,2.833333333333,4999.999999999829,0.0,1635.999999999925,0.05666666666666195,0.0,-0.05666666666666195,0.0,32.71999999999962,5,0,197,False,False,K05,0.16506282335551592,K05,0.16506282335551592,Planning decision support and policy design,#CDD1D5
NSF,US_45051,Horry County,county_or_equivalent,SC,"Horry, SC",K03,2.833333333333,4999.999999999829,0.5,489.499999999976,0.05666666666666195,0.1021450459652757,0.045478379298613744,17.647058823531488,9.789999999999857,5,1,197,False,False,K05,0.16506282335551592,K05,0.16506282335551592,Planning decision support and policy design,#CDD1D5
NSF,US_45051,Horry County,county_or_equivalent,SC,"Horry, SC",K04,2.833333333333,4999.999999999829,0.0,1428.999999999969,0.05666666666666195,0.0,-0.05666666666666195,0.0,28.580000000000364,5,0,197,False,False,K05,0.16506282335551592,K05,0.16506282335551592,Planning decision support and policy design,#CDD1D5
NSF,US_45051,Horry County,county_or_equivalent,SC,"Horry, SC",K05,2.833333333333,4999.999999999829,1.0,450.99999999999,0.05666666666666195,0.22172949002217787,0.16506282335551592,35.294117647062976,9.02000000000011,5,1,197,False,False,K05,0.16506282335551592,K05,0.16506282335551592,Planning decision support and policy design,#CDD1D5
NSF,US_45051,Horry County,county_or_equivalent,SC,"Horry, SC",K06,2.833333333333,4999.999999999829,0.0,41.999999999999,0.05666666666666195,0.0,-0.05666666666666195,0.0,0.8400000000000089,5,0,197,False,False,K05,0.16506282335551592,K05,0.16506282335551592,Planning decision support and policy design,#CDD1D5
NSF,US_45063,Lexington County,county_or_equivalent,SC,"Lexington, SC",K01,1.0,4999.999999999829,0.0,952.499999999969,0.020000000000000687,0.0,-0.020000000000000687,0.0,19.050000000000036,1,0,304,False,False,K04,0.0499790062981114,K04,0.0499790062981114,Intervention design and performance optimization,#CDD1D5
NSF,US_45063,Lexington County,county_or_equivalent,SC,"Lexington, SC",K02,1.0,4999.999999999829,0.0,1635.999999999925,0.020000000000000687,0.0,-0.020000000000000687,0.0,32.71999999999962,1,0,304,False,False,K04,0.0499790062981114,K04,0.0499790062981114,Intervention design and performance optimization,#CDD1D5
NSF,US_45063,Lexington County,county_or_equivalent,SC,"Lexington, SC",K03,1.0,4999.999999999829,0.0,489.499999999976,0.020000000000000687,0.0,-0.020000000000000687,0.0,9.789999999999857,1,0,304,False,False,K04,0.0499790062981114,K04,0.0499790062981114,Intervention design and performance optimization,#CDD1D5
NSF,US_45063,Lexington County,county_or_equivalent,SC,"Lexington, SC",K04,1.0,4999.999999999829,1.0,1428.999999999969,0.020000000000000687,0.06997900629811209,0.0499790062981114,100.0,28.580000000000364,1,1,304,False,False,K04,0.0499790062981114,K04,0.0499790062981114,Intervention design and performance optimization,#CDD1D5
NSF,US_45063,Lexington County,county_or_equivalent,SC,"Lexington, SC",K05,1.0,4999.999999999829,0.0,450.99999999999,0.020000000000000687,0.0,-0.020000000000000687,0.0,9.02000000000011,1,0,304,False,False,K04,0.0499790062981114,K04,0.0499790062981114,Intervention design and performance optimization,#CDD1D5
NSF,US_45063,Lexington County,county_or_equivalent,SC,"Lexington, SC",K06,1.0,4999.999999999829,0.0,41.999999999999,0.020000000000000687,0.0,-0.020000000000000687,0.0,0.8400000000000089,1,0,304,False,False,K04,0.0499790062981114,K04,0.0499790062981114,Intervention design and performance optimization,#CDD1D5
NSF,US_45077,Pickens County,county_or_equivalent,SC,"Pickens, SC",K01,22.166666666666,4999.999999999829,3.5,952.499999999969,0.44333333333333524,0.3674540682414818,-0.07587926509185344,15.789473684211002,19.050000000000036,28,4,73,False,False,K04,0.08734079776065806,K04,0.08734079776065806,Intervention design and performance optimization,#CDD1D5
NSF,US_45077,Pickens County,county_or_equivalent,SC,"Pickens, SC",K02,22.166666666666,4999.999999999829,7.333333333333,1635.999999999925,0.44333333333333524,0.44824775876120637,0.0049144254278711275,33.08270676691678,32.71999999999962,28,9,73,False,False,K04,0.08734079776065806,K04,0.08734079776065806,Intervention design and performance optimization,#CDD1D5
NSF,US_45077,Pickens County,county_or_equivalent,SC,"Pickens, SC",K03,22.166666666666,4999.999999999829,2.5,489.499999999976,0.44333333333333524,0.5107252298263785,0.06739189649304322,11.278195488722144,9.789999999999857,28,3,73,False,False,K04,0.08734079776065806,K04,0.08734079776065806,Intervention design and performance optimization,#CDD1D5
NSF,US_45077,Pickens County,county_or_equivalent,SC,"Pickens, SC",K04,22.166666666666,4999.999999999829,7.583333333333,1428.999999999969,0.44333333333333524,0.5306741310939933,0.08734079776065806,34.210526315789,28.580000000000364,28,10,73,False,False,K04,0.08734079776065806,K04,0.08734079776065806,Intervention design and performance optimization,#CDD1D5
NSF,US_45077,Pickens County,county_or_equivalent,SC,"Pickens, SC",K05,22.166666666666,4999.999999999829,1.25,450.99999999999,0.44333333333333524,0.27716186252772235,-0.1661714708056129,5.639097744361072,9.02000000000011,28,2,73,False,False,K04,0.08734079776065806,K04,0.08734079776065806,Intervention design and performance optimization,#CDD1D5
NSF,US_45077,Pickens County,county_or_equivalent,SC,"Pickens, SC",K06,22.166666666666,4999.999999999829,0.0,41.999999999999,0.44333333333333524,0.0,-0.44333333333333524,0.0,0.8400000000000089,28,0,73,False,False,K04,0.08734079776065806,K04,0.08734079776065806,Intervention design and performance optimization,#CDD1D5
NSF,US_45079,Richland County,county_or_equivalent,SC,"Richland, SC",K01,18.083333333333,4999.999999999829,5.5,952.499999999969,0.36166666666667246,0.5774278215223285,0.21576115485565606,30.41474654377936,19.050000000000036,22,7,86,False,False,K01,0.21576115485565606,K01,0.21576115485565606,State measurement and problem diagnosis,#CDD1D5
NSF,US_45079,Richland County,county_or_equivalent,SC,"Richland, SC",K02,18.083333333333,4999.999999999829,6.75,1635.999999999925,0.36166666666667246,0.4125916870415837,0.050925020374911256,37.32718894009285,32.71999999999962,22,8,86,False,False,K01,0.21576115485565606,K01,0.21576115485565606,State measurement and problem diagnosis,#CDD1D5
NSF,US_45079,Richland County,county_or_equivalent,SC,"Richland, SC",K03,18.083333333333,4999.999999999829,2.0,489.499999999976,0.36166666666667246,0.4085801838611028,0.04691351719443032,11.059907834101585,9.789999999999857,22,2,86,False,False,K01,0.21576115485565606,K01,0.21576115485565606,State measurement and problem diagnosis,#CDD1D5
NSF,US_45079,Richland County,county_or_equivalent,SC,"Richland, SC",K04,18.083333333333,4999.999999999829,3.833333333333,1428.999999999969,0.36166666666667246,0.26825285747607297,-0.0934138091905995,21.198156682026195,28.580000000000364,22,5,86,False,False,K01,0.21576115485565606,K01,0.21576115485565606,State measurement and problem diagnosis,#CDD1D5
NSF,US_45079,Richland County,county_or_equivalent,SC,"Richland, SC",K05,18.083333333333,4999.999999999829,0.0,450.99999999999,0.36166666666667246,0.0,-0.36166666666667246,0.0,9.02000000000011,22,0,86,False,False,K01,0.21576115485565606,K01,0.21576115485565606,State measurement and problem diagnosis,#CDD1D5
NSF,US_45079,Richland County,county_or_equivalent,SC,"Richland, SC",K06,18.083333333333,4999.999999999829,0.0,41.999999999999,0.36166666666667246,0.0,-0.36166666666667246,0.0,0.8400000000000089,22,0,86,False,False,K01,0.21576115485565606,K01,0.21576115485565606,State measurement and problem diagnosis,#CDD1D5
NSF,US_46011,Brookings County,county_or_equivalent,SD,"Brookings, SD",K01,5.249999999999,4999.999999999829,0.833333333333,952.499999999969,0.1049999999999836,0.08748906386698448,-0.01751093613299913,15.873015873012548,19.050000000000036,8,2,158,False,False,K05,0.11672949002219427,K05,0.11672949002219427,Planning decision support and policy design,#CDD1D5
NSF,US_46011,Brookings County,county_or_equivalent,SD,"Brookings, SD",K02,5.249999999999,4999.999999999829,0.25,1635.999999999925,0.1049999999999836,0.01528117359413273,-0.08971882640585088,4.761904761905669,32.71999999999962,8,1,158,False,False,K05,0.11672949002219427,K05,0.11672949002219427,Planning decision support and policy design,#CDD1D5
NSF,US_46011,Brookings County,county_or_equivalent,SD,"Brookings, SD",K03,5.249999999999,4999.999999999829,0.0,489.499999999976,0.1049999999999836,0.0,-0.1049999999999836,0.0,9.789999999999857,8,0,158,False,False,K05,0.11672949002219427,K05,0.11672949002219427,Planning decision support and policy design,#CDD1D5
NSF,US_46011,Brookings County,county_or_equivalent,SD,"Brookings, SD",K04,5.249999999999,4999.999999999829,3.166666666666,1428.999999999969,0.1049999999999836,0.2216001866106416,0.11660018661065799,60.31746031745911,28.580000000000364,8,4,158,False,False,K05,0.11672949002219427,K05,0.11672949002219427,Planning decision support and policy design,#CDD1D5
NSF,US_46011,Brookings County,county_or_equivalent,SD,"Brookings, SD",K05,5.249999999999,4999.999999999829,1.0,450.99999999999,0.1049999999999836,0.22172949002217787,0.11672949002219427,19.047619047622675,9.02000000000011,8,1,158,False,False,K05,0.11672949002219427,K05,0.11672949002219427,Planning decision support and policy design,#CDD1D5
NSF,US_46011,Brookings County,county_or_equivalent,SD,"Brookings, SD",K06,5.249999999999,4999.999999999829,0.0,41.999999999999,0.1049999999999836,0.0,-0.1049999999999836,0.0,0.8400000000000089,8,0,158,False,False,K05,0.11672949002219427,K05,0.11672949002219427,Planning decision support and policy design,#CDD1D5
NSF,US_46103,Pennington County,county_or_equivalent,SD,"Pennington, SD",K01,7.0,4999.999999999829,1.0,952.499999999969,0.14000000000000482,0.10498687664042337,-0.03501312335958144,14.285714285714286,19.050000000000036,8,1,146,False,False,K04,0.20989503149055558,K04,0.20989503149055558,Intervention design and performance optimization,#CDD1D5
NSF,US_46103,Pennington County,county_or_equivalent,SD,"Pennington, SD",K02,7.0,4999.999999999829,0.5,1635.999999999925,0.14000000000000482,0.03056234718826546,-0.10943765281173935,7.142857142857143,32.71999999999962,8,1,146,False,False,K04,0.20989503149055558,K04,0.20989503149055558,Intervention design and performance optimization,#CDD1D5
NSF,US_46103,Pennington County,county_or_equivalent,SD,"Pennington, SD",K03,7.0,4999.999999999829,0.0,489.499999999976,0.14000000000000482,0.0,-0.14000000000000482,0.0,9.789999999999857,8,0,146,False,False,K04,0.20989503149055558,K04,0.20989503149055558,Intervention design and performance optimization,#CDD1D5
NSF,US_46103,Pennington County,county_or_equivalent,SD,"Pennington, SD",K04,7.0,4999.999999999829,5.0,1428.999999999969,0.14000000000000482,0.3498950314905604,0.20989503149055558,71.42857142857143,28.580000000000364,8,5,146,False,False,K04,0.20989503149055558,K04,0.20989503149055558,Intervention design and performance optimization,#CDD1D5
NSF,US_46103,Pennington County,county_or_equivalent,SD,"Pennington, SD",K05,7.0,4999.999999999829,0.5,450.99999999999,0.14000000000000482,0.11086474501108894,-0.02913525498891588,7.142857142857143,9.02000000000011,8,1,146,False,False,K04,0.20989503149055558,K04,0.20989503149055558,Intervention design and performance optimization,#CDD1D5
NSF,US_46103,Pennington County,county_or_equivalent,SD,"Pennington, SD",K06,7.0,4999.999999999829,0.0,41.999999999999,0.14000000000000482,0.0,-0.14000000000000482,0.0,0.8400000000000089,8,0,146,False,False,K04,0.20989503149055558,K04,0.20989503149055558,Intervention design and performance optimization,#CDD1D5
NSF,US_47001,Anderson County,county_or_equivalent,TN,"Anderson, TN",K01,0.25,4999.999999999829,0.25,952.499999999969,0.005000000000000172,0.026246719160105843,0.021246719160105672,100.0,19.050000000000036,1,1,351,False,False,K01,0.021246719160105672,K01,0.021246719160105672,State measurement and problem diagnosis,#CDD1D5
NSF,US_47001,Anderson County,county_or_equivalent,TN,"Anderson, TN",K02,0.25,4999.999999999829,0.0,1635.999999999925,0.005000000000000172,0.0,-0.005000000000000172,0.0,32.71999999999962,1,0,351,False,False,K01,0.021246719160105672,K01,0.021246719160105672,State measurement and problem diagnosis,#CDD1D5
NSF,US_47001,Anderson County,county_or_equivalent,TN,"Anderson, TN",K03,0.25,4999.999999999829,0.0,489.499999999976,0.005000000000000172,0.0,-0.005000000000000172,0.0,9.789999999999857,1,0,351,False,False,K01,0.021246719160105672,K01,0.021246719160105672,State measurement and problem diagnosis,#CDD1D5
NSF,US_47001,Anderson County,county_or_equivalent,TN,"Anderson, TN",K04,0.25,4999.999999999829,0.0,1428.999999999969,0.005000000000000172,0.0,-0.005000000000000172,0.0,28.580000000000364,1,0,351,False,False,K01,0.021246719160105672,K01,0.021246719160105672,State measurement and problem diagnosis,#CDD1D5
NSF,US_47001,Anderson County,county_or_equivalent,TN,"Anderson, TN",K05,0.25,4999.999999999829,0.0,450.99999999999,0.005000000000000172,0.0,-0.005000000000000172,0.0,9.02000000000011,1,0,351,False,False,K01,0.021246719160105672,K01,0.021246719160105672,State measurement and problem diagnosis,#CDD1D5
NSF,US_47001,Anderson County,county_or_equivalent,TN,"Anderson, TN",K06,0.25,4999.999999999829,0.0,41.999999999999,0.005000000000000172,0.0,-0.005000000000000172,0.0,0.8400000000000089,1,0,351,False,False,K01,0.021246719160105672,K01,0.021246719160105672,State measurement and problem diagnosis,#CDD1D5
NSF,US_47037,Davidson County,county_or_equivalent,TN,"Davidson, TN",K01,22.833333333332,4999.999999999829,2.666666666666,952.499999999969,0.4566666666666557,0.2799650043743923,-0.17670166229226336,11.678832116786085,19.050000000000036,32,4,69,False,False,K04,0.1789759738745057,K04,0.1789759738745057,Intervention design and performance optimization,#CDD1D5
NSF,US_47037,Davidson County,county_or_equivalent,TN,"Davidson, TN",K02,22.833333333332,4999.999999999829,8.333333333333,1635.999999999925,0.4566666666666557,0.5093724531377373,0.052705786471081595,36.49635036496417,32.71999999999962,32,10,69,False,False,K04,0.1789759738745057,K04,0.1789759738745057,Intervention design and performance optimization,#CDD1D5
NSF,US_47037,Davidson County,county_or_equivalent,TN,"Davidson, TN",K03,22.833333333332,4999.999999999829,1.75,489.499999999976,0.4566666666666557,0.3575076608784649,-0.09915900578819076,7.664233576642784,9.789999999999857,32,3,69,False,False,K04,0.1789759738745057,K04,0.1789759738745057,Intervention design and performance optimization,#CDD1D5
NSF,US_47037,Davidson County,county_or_equivalent,TN,"Davidson, TN",K04,22.833333333332,4999.999999999829,9.083333333333,1428.999999999969,0.4566666666666557,0.6356426405411614,0.1789759738745057,39.78102189781108,28.580000000000364,32,14,69,False,False,K04,0.1789759738745057,K04,0.1789759738745057,Intervention design and performance optimization,#CDD1D5
NSF,US_47037,Davidson County,county_or_equivalent,TN,"Davidson, TN",K05,22.833333333332,4999.999999999829,1.0,450.99999999999,0.4566666666666557,0.22172949002217787,-0.2349371766444778,4.379562043795876,9.02000000000011,32,1,69,False,False,K04,0.1789759738745057,K04,0.1789759738745057,Intervention design and performance optimization,#CDD1D5
NSF,US_47037,Davidson County,county_or_equivalent,TN,"Davidson, TN",K06,22.833333333332,4999.999999999829,0.0,41.999999999999,0.4566666666666557,0.0,-0.4566666666666557,0.0,0.8400000000000089,32,0,69,False,False,K04,0.1789759738745057,K04,0.1789759738745057,Intervention design and performance optimization,#CDD1D5
NSF,US_47065,Hamilton County,county_or_equivalent,TN,"Hamilton, TN",K01,2.0,4999.999999999829,1.0,952.499999999969,0.040000000000001375,0.10498687664042337,0.06498687664042199,50.0,19.050000000000036,3,1,234,False,False,K01,0.06498687664042199,K01,0.06498687664042199,State measurement and problem diagnosis,#CDD1D5
NSF,US_47065,Hamilton County,county_or_equivalent,TN,"Hamilton, TN",K02,2.0,4999.999999999829,0.5,1635.999999999925,0.040000000000001375,0.03056234718826546,-0.009437652811735916,25.0,32.71999999999962,3,1,234,False,False,K01,0.06498687664042199,K01,0.06498687664042199,State measurement and problem diagnosis,#CDD1D5
NSF,US_47065,Hamilton County,county_or_equivalent,TN,"Hamilton, TN",K03,2.0,4999.999999999829,0.0,489.499999999976,0.040000000000001375,0.0,-0.040000000000001375,0.0,9.789999999999857,3,0,234,False,False,K01,0.06498687664042199,K01,0.06498687664042199,State measurement and problem diagnosis,#CDD1D5
NSF,US_47065,Hamilton County,county_or_equivalent,TN,"Hamilton, TN",K04,2.0,4999.999999999829,0.5,1428.999999999969,0.040000000000001375,0.034989503149056043,-0.005010496850945331,25.0,28.580000000000364,3,1,234,False,False,K01,0.06498687664042199,K01,0.06498687664042199,State measurement and problem diagnosis,#CDD1D5
NSF,US_47065,Hamilton County,county_or_equivalent,TN,"Hamilton, TN",K05,2.0,4999.999999999829,0.0,450.99999999999,0.040000000000001375,0.0,-0.040000000000001375,0.0,9.02000000000011,3,0,234,False,False,K01,0.06498687664042199,K01,0.06498687664042199,State measurement and problem diagnosis,#CDD1D5
NSF,US_47065,Hamilton County,county_or_equivalent,TN,"Hamilton, TN",K06,2.0,4999.999999999829,0.0,41.999999999999,0.040000000000001375,0.0,-0.040000000000001375,0.0,0.8400000000000089,3,0,234,False,False,K01,0.06498687664042199,K01,0.06498687664042199,State measurement and problem diagnosis,#CDD1D5
NSF,US_47093,Knox County,county_or_equivalent,TN,"Knox, TN",K01,30.666666666666,4999.999999999829,1.5,952.499999999969,0.6133333333333411,0.15748031496063505,-0.455853018372706,4.8913043478261935,19.050000000000036,35,2,52,False,False,K05,0.7170436067997261,K05,0.7170436067997261,Planning decision support and policy design,#CDD1D5
NSF,US_47093,Knox County,county_or_equivalent,TN,"Knox, TN",K02,30.666666666666,4999.999999999829,4.333333333333,1635.999999999925,0.6133333333333411,0.2648736756316136,-0.34845965770172743,14.130434782607916,32.71999999999962,35,6,52,False,False,K05,0.7170436067997261,K05,0.7170436067997261,Planning decision support and policy design,#CDD1D5
NSF,US_47093,Knox County,county_or_equivalent,TN,"Knox, TN",K03,30.666666666666,4999.999999999829,2.833333333333,489.499999999976,0.6133333333333411,0.5788219271364942,-0.034511406196846894,9.239130434781723,9.789999999999857,35,5,52,False,False,K05,0.7170436067997261,K05,0.7170436067997261,Planning decision support and policy design,#CDD1D5
NSF,US_47093,Knox County,county_or_equivalent,TN,"Knox, TN",K04,30.666666666666,4999.999999999829,16.0,1428.999999999969,0.6133333333333411,1.1196641007697934,0.5063307674364523,52.173913043479395,28.580000000000364,35,16,52,False,False,K05,0.7170436067997261,K05,0.7170436067997261,Planning decision support and policy design,#CDD1D5
NSF,US_47093,Knox County,county_or_equivalent,TN,"Knox, TN",K05,30.666666666666,4999.999999999829,6.0,450.99999999999,0.6133333333333411,1.3303769401330672,0.7170436067997261,19.565217391304774,9.02000000000011,35,6,52,False,False,K05,0.7170436067997261,K05,0.7170436067997261,Planning decision support and policy design,#CDD1D5
NSF,US_47093,Knox County,county_or_equivalent,TN,"Knox, TN",K06,30.666666666666,4999.999999999829,0.0,41.999999999999,0.6133333333333411,0.0,-0.6133333333333411,0.0,0.8400000000000089,35,0,52,False,False,K05,0.7170436067997261,K05,0.7170436067997261,Planning decision support and policy design,#CDD1D5
NSF,US_47105,Loudon County,county_or_equivalent,TN,"Loudon, TN",K01,1.0,4999.999999999829,0.0,952.499999999969,0.020000000000000687,0.0,-0.020000000000000687,0.0,19.050000000000036,1,0,305,False,False,K04,0.0499790062981114,K04,0.0499790062981114,Intervention design and performance optimization,#CDD1D5
NSF,US_47105,Loudon County,county_or_equivalent,TN,"Loudon, TN",K02,1.0,4999.999999999829,0.0,1635.999999999925,0.020000000000000687,0.0,-0.020000000000000687,0.0,32.71999999999962,1,0,305,False,False,K04,0.0499790062981114,K04,0.0499790062981114,Intervention design and performance optimization,#CDD1D5
NSF,US_47105,Loudon County,county_or_equivalent,TN,"Loudon, TN",K03,1.0,4999.999999999829,0.0,489.499999999976,0.020000000000000687,0.0,-0.020000000000000687,0.0,9.789999999999857,1,0,305,False,False,K04,0.0499790062981114,K04,0.0499790062981114,Intervention design and performance optimization,#CDD1D5
NSF,US_47105,Loudon County,county_or_equivalent,TN,"Loudon, TN",K04,1.0,4999.999999999829,1.0,1428.999999999969,0.020000000000000687,0.06997900629811209,0.0499790062981114,100.0,28.580000000000364,1,1,305,False,False,K04,0.0499790062981114,K04,0.0499790062981114,Intervention design and performance optimization,#CDD1D5
NSF,US_47105,Loudon County,county_or_equivalent,TN,"Loudon, TN",K05,1.0,4999.999999999829,0.0,450.99999999999,0.020000000000000687,0.0,-0.020000000000000687,0.0,9.02000000000011,1,0,305,False,False,K04,0.0499790062981114,K04,0.0499790062981114,Intervention design and performance optimization,#CDD1D5
NSF,US_47105,Loudon County,county_or_equivalent,TN,"Loudon, TN",K06,1.0,4999.999999999829,0.0,41.999999999999,0.020000000000000687,0.0,-0.020000000000000687,0.0,0.8400000000000089,1,0,305,False,False,K04,0.0499790062981114,K04,0.0499790062981114,Intervention design and performance optimization,#CDD1D5
NSF,US_47141,Putnam County,county_or_equivalent,TN,"Putnam, TN",K01,3.0,4999.999999999829,0.0,952.499999999969,0.060000000000002066,0.0,-0.060000000000002066,0.0,19.050000000000036,3,0,195,False,False,K04,0.07995801259622211,K04,0.07995801259622211,Intervention design and performance optimization,#CDD1D5
NSF,US_47141,Putnam County,county_or_equivalent,TN,"Putnam, TN",K02,3.0,4999.999999999829,1.0,1635.999999999925,0.060000000000002066,0.06112469437653092,0.0011246943765288522,33.333333333333336,32.71999999999962,3,1,195,False,False,K04,0.07995801259622211,K04,0.07995801259622211,Intervention design and performance optimization,#CDD1D5
NSF,US_47141,Putnam County,county_or_equivalent,TN,"Putnam, TN",K03,3.0,4999.999999999829,0.0,489.499999999976,0.060000000000002066,0.0,-0.060000000000002066,0.0,9.789999999999857,3,0,195,False,False,K04,0.07995801259622211,K04,0.07995801259622211,Intervention design and performance optimization,#CDD1D5
NSF,US_47141,Putnam County,county_or_equivalent,TN,"Putnam, TN",K04,3.0,4999.999999999829,2.0,1428.999999999969,0.060000000000002066,0.13995801259622417,0.07995801259622211,66.66666666666667,28.580000000000364,3,2,195,False,False,K04,0.07995801259622211,K04,0.07995801259622211,Intervention design and performance optimization,#CDD1D5
NSF,US_47141,Putnam County,county_or_equivalent,TN,"Putnam, TN",K05,3.0,4999.999999999829,0.0,450.99999999999,0.060000000000002066,0.0,-0.060000000000002066,0.0,9.02000000000011,3,0,195,False,False,K04,0.07995801259622211,K04,0.07995801259622211,Intervention design and performance optimization,#CDD1D5
NSF,US_47141,Putnam County,county_or_equivalent,TN,"Putnam, TN",K06,3.0,4999.999999999829,0.0,41.999999999999,0.060000000000002066,0.0,-0.060000000000002066,0.0,0.8400000000000089,3,0,195,False,False,K04,0.07995801259622211,K04,0.07995801259622211,Intervention design and performance optimization,#CDD1D5
NSF,US_47157,Shelby County,county_or_equivalent,TN,"Shelby, TN",K01,5.333333333333,4999.999999999829,1.833333333333,952.499999999969,0.10666666666666366,0.19247594050740785,0.08580927384074419,34.3749999999959,19.050000000000036,7,3,154,False,False,K01,0.08580927384074419,K01,0.08580927384074419,State measurement and problem diagnosis,#CDD1D5
NSF,US_47157,Shelby County,county_or_equivalent,TN,"Shelby, TN",K02,5.333333333333,4999.999999999829,1.5,1635.999999999925,0.10666666666666366,0.09168704156479639,-0.014979625101867275,28.12500000000176,32.71999999999962,7,2,154,False,False,K01,0.08580927384074419,K01,0.08580927384074419,State measurement and problem diagnosis,#CDD1D5
NSF,US_47157,Shelby County,county_or_equivalent,TN,"Shelby, TN",K03,5.333333333333,4999.999999999829,0.0,489.499999999976,0.10666666666666366,0.0,-0.10666666666666366,0.0,9.789999999999857,7,0,154,False,False,K01,0.08580927384074419,K01,0.08580927384074419,State measurement and problem diagnosis,#CDD1D5
NSF,US_47157,Shelby County,county_or_equivalent,TN,"Shelby, TN",K04,5.333333333333,4999.999999999829,2.0,1428.999999999969,0.10666666666666366,0.13995801259622417,0.03329134592956051,37.500000000002345,28.580000000000364,7,2,154,False,False,K01,0.08580927384074419,K01,0.08580927384074419,State measurement and problem diagnosis,#CDD1D5
NSF,US_47157,Shelby County,county_or_equivalent,TN,"Shelby, TN",K05,5.333333333333,4999.999999999829,0.0,450.99999999999,0.10666666666666366,0.0,-0.10666666666666366,0.0,9.02000000000011,7,0,154,False,False,K01,0.08580927384074419,K01,0.08580927384074419,State measurement and problem diagnosis,#CDD1D5
NSF,US_47157,Shelby County,county_or_equivalent,TN,"Shelby, TN",K06,5.333333333333,4999.999999999829,0.0,41.999999999999,0.10666666666666366,0.0,-0.10666666666666366,0.0,0.8400000000000089,7,0,154,False,False,K01,0.08580927384074419,K01,0.08580927384074419,State measurement and problem diagnosis,#CDD1D5
NSF,US_48029,Bexar County,county_or_equivalent,TX,"Bexar, TX",K01,14.416666666666,4999.999999999829,2.333333333333,952.499999999969,0.2883333333333299,0.24496937882761954,-0.043363954505710345,16.18497109826433,19.050000000000036,18,3,101,False,False,K04,0.24234079776066342,K04,0.24234079776066342,Intervention design and performance optimization,#CDD1D5
NSF,US_48029,Bexar County,county_or_equivalent,TX,"Bexar, TX",K02,14.416666666666,4999.999999999829,2.5,1635.999999999925,0.2883333333333299,0.1528117359413273,-0.1355215973920026,17.34104046242855,32.71999999999962,18,3,101,False,False,K04,0.24234079776066342,K04,0.24234079776066342,Intervention design and performance optimization,#CDD1D5
NSF,US_48029,Bexar County,county_or_equivalent,TX,"Bexar, TX",K03,14.416666666666,4999.999999999829,1.0,489.499999999976,0.2883333333333299,0.2042900919305514,-0.0840432414027785,6.936416184971419,9.789999999999857,18,1,101,False,False,K04,0.24234079776066342,K04,0.24234079776066342,Intervention design and performance optimization,#CDD1D5
NSF,US_48029,Bexar County,county_or_equivalent,TX,"Bexar, TX",K04,14.416666666666,4999.999999999829,7.583333333333,1428.999999999969,0.2883333333333299,0.5306741310939933,0.24234079776066342,52.60115606936428,28.580000000000364,18,10,101,False,False,K04,0.24234079776066342,K04,0.24234079776066342,Intervention design and performance optimization,#CDD1D5
NSF,US_48029,Bexar County,county_or_equivalent,TX,"Bexar, TX",K05,14.416666666666,4999.999999999829,1.0,450.99999999999,0.2883333333333299,0.22172949002217787,-0.06660384331115202,6.936416184971419,9.02000000000011,18,1,101,False,False,K04,0.24234079776066342,K04,0.24234079776066342,Intervention design and performance optimization,#CDD1D5
NSF,US_48029,Bexar County,county_or_equivalent,TX,"Bexar, TX",K06,14.416666666666,4999.999999999829,0.0,41.999999999999,0.2883333333333299,0.0,-0.2883333333333299,0.0,0.8400000000000089,18,0,101,False,False,K04,0.24234079776066342,K04,0.24234079776066342,Intervention design and performance optimization,#CDD1D5
NSF,US_48041,Brazos County,county_or_equivalent,TX,"Brazos, TX",K01,86.361111111108,4999.999999999829,27.166666666666,952.499999999969,1.7272222222222193,2.852143482064765,1.1249212598425455,31.457060147957904,19.050000000000036,110,33,8,True,True,K01,1.1249212598425455,K01,1.1249212598425455,State measurement and problem diagnosis,#43698e
NSF,US_48041,Brazos County,county_or_equivalent,TX,"Brazos, TX",K02,86.361111111108,4999.999999999829,28.694444444443,1635.999999999925,1.7272222222222193,1.753939146970924,0.026716924748704685,33.22611772273996,32.71999999999962,110,37,8,True,False,K01,1.1249212598425455,K01,1.1249212598425455,State measurement and problem diagnosis,#43698e
NSF,US_48041,Brazos County,county_or_equivalent,TX,"Brazos, TX",K03,86.361111111108,4999.999999999829,5.25,489.499999999976,1.7272222222222193,1.0725229826353948,-0.6546992395868245,6.079125120617781,9.789999999999857,110,8,8,True,False,K01,1.1249212598425455,K01,1.1249212598425455,State measurement and problem diagnosis,#43698e
NSF,US_48041,Brazos County,county_or_equivalent,TX,"Brazos, TX",K04,86.361111111108,4999.999999999829,15.166666666666,1428.999999999969,1.7272222222222193,1.0613482621879866,-0.6658739600342327,17.56191701511726,28.580000000000364,110,20,8,True,False,K01,1.1249212598425455,K01,1.1249212598425455,State measurement and problem diagnosis,#43698e
NSF,US_48041,Brazos County,county_or_equivalent,TX,"Brazos, TX",K05,86.361111111108,4999.999999999829,10.083333333333,450.99999999999,1.7272222222222193,2.235772357723553,0.5085501355013335,11.675779993567097,9.02000000000011,110,12,8,True,False,K01,1.1249212598425455,K01,1.1249212598425455,State measurement and problem diagnosis,#43698e
NSF,US_48041,Brazos County,county_or_equivalent,TX,"Brazos, TX",K06,86.361111111108,4999.999999999829,0.0,41.999999999999,1.7272222222222193,0.0,-1.7272222222222193,0.0,0.8400000000000089,110,0,8,True,False,K01,1.1249212598425455,K01,1.1249212598425455,State measurement and problem diagnosis,#43698e
NSF,US_48113,Dallas County,county_or_equivalent,TX,"Dallas, TX",K01,15.866666666666,4999.999999999829,2.5,952.499999999969,0.3173333333333309,0.2624671916010584,-0.0548661417322725,15.756302521009067,19.050000000000036,20,3,96,False,False,K06,2.063619047619107,K04,0.2798208537438688,Intervention design and performance optimization,#CDD1D5
NSF,US_48113,Dallas County,county_or_equivalent,TX,"Dallas, TX",K02,15.866666666666,4999.999999999829,1.0,1635.999999999925,0.3173333333333309,0.06112469437653092,-0.2562086389568,6.302521008403627,32.71999999999962,20,1,96,False,False,K06,2.063619047619107,K04,0.2798208537438688,Intervention design and performance optimization,#CDD1D5
NSF,US_48113,Dallas County,county_or_equivalent,TX,"Dallas, TX",K03,15.866666666666,4999.999999999829,1.5,489.499999999976,0.3173333333333309,0.30643513789582705,-0.010898195437503866,9.45378151260544,9.789999999999857,20,2,96,False,False,K06,2.063619047619107,K04,0.2798208537438688,Intervention design and performance optimization,#CDD1D5
NSF,US_48113,Dallas County,county_or_equivalent,TX,"Dallas, TX",K04,15.866666666666,4999.999999999829,8.533333333333,1428.999999999969,0.3173333333333309,0.5971541870771997,0.2798208537438688,53.781512605042174,28.580000000000364,20,11,96,False,False,K06,2.063619047619107,K04,0.2798208537438688,Intervention design and performance optimization,#CDD1D5
NSF,US_48113,Dallas County,county_or_equivalent,TX,"Dallas, TX",K05,15.866666666666,4999.999999999829,1.333333333333,450.99999999999,0.3173333333333309,0.2956393200294966,-0.021694013303834303,8.403361344536068,9.02000000000011,20,2,96,False,False,K06,2.063619047619107,K04,0.2798208537438688,Intervention design and performance optimization,#CDD1D5
NSF,US_48113,Dallas County,county_or_equivalent,TX,"Dallas, TX",K06,15.866666666666,4999.999999999829,1.0,41.999999999999,0.3173333333333309,2.3809523809524378,2.063619047619107,6.302521008403627,0.8400000000000089,20,1,96,False,False,K06,2.063619047619107,K04,0.2798208537438688,Intervention design and performance optimization,#CDD1D5
NSF,US_48121,Denton County,county_or_equivalent,TX,"Denton, TX",K01,10.666666666666,4999.999999999829,0.5,952.499999999969,0.21333333333332732,0.05249343832021169,-0.16083989501311563,4.687500000000293,19.050000000000036,16,1,119,False,False,K02,0.3164140179298999,K02,0.3164140179298999,Mechanism analysis and causal identification,#CDD1D5
NSF,US_48121,Denton County,county_or_equivalent,TX,"Denton, TX",K02,10.666666666666,4999.999999999829,8.666666666666,1635.999999999925,0.21333333333332732,0.5297473512632273,0.3164140179298999,81.24999999999883,32.71999999999962,16,13,119,False,False,K02,0.3164140179298999,K02,0.3164140179298999,Mechanism analysis and causal identification,#CDD1D5
NSF,US_48121,Denton County,county_or_equivalent,TX,"Denton, TX",K03,10.666666666666,4999.999999999829,0.0,489.499999999976,0.21333333333332732,0.0,-0.21333333333332732,0.0,9.789999999999857,16,0,119,False,False,K02,0.3164140179298999,K02,0.3164140179298999,Mechanism analysis and causal identification,#CDD1D5
NSF,US_48121,Denton County,county_or_equivalent,TX,"Denton, TX",K04,10.666666666666,4999.999999999829,1.5,1428.999999999969,0.21333333333332732,0.10496850944716812,-0.1083648238861592,14.06250000000088,28.580000000000364,16,2,119,False,False,K02,0.3164140179298999,K02,0.3164140179298999,Mechanism analysis and causal identification,#CDD1D5
NSF,US_48121,Denton County,county_or_equivalent,TX,"Denton, TX",K05,10.666666666666,4999.999999999829,0.0,450.99999999999,0.21333333333332732,0.0,-0.21333333333332732,0.0,9.02000000000011,16,0,119,False,False,K02,0.3164140179298999,K02,0.3164140179298999,Mechanism analysis and causal identification,#CDD1D5
NSF,US_48121,Denton County,county_or_equivalent,TX,"Denton, TX",K06,10.666666666666,4999.999999999829,0.0,41.999999999999,0.21333333333332732,0.0,-0.21333333333332732,0.0,0.8400000000000089,16,0,119,False,False,K02,0.3164140179298999,K02,0.3164140179298999,Mechanism analysis and causal identification,#CDD1D5
NSF,US_48141,El Paso County,county_or_equivalent,TX,"El Paso, TX",K01,12.583333333333,4999.999999999829,2.0,952.499999999969,0.25166666666666865,0.20997375328084675,-0.0416929133858219,15.894039735099758,19.050000000000036,16,2,110,False,False,K02,0.10489405052974132,K02,0.10489405052974132,Mechanism analysis and causal identification,#CDD1D5
NSF,US_48141,El Paso County,county_or_equivalent,TX,"El Paso, TX",K02,12.583333333333,4999.999999999829,5.833333333333,1635.999999999925,0.25166666666666865,0.35656071719640997,0.10489405052974132,46.35761589403831,32.71999999999962,16,8,110,False,False,K02,0.10489405052974132,K02,0.10489405052974132,Mechanism analysis and causal identification,#CDD1D5
NSF,US_48141,El Paso County,county_or_equivalent,TX,"El Paso, TX",K03,12.583333333333,4999.999999999829,1.0,489.499999999976,0.25166666666666865,0.2042900919305514,-0.047376574736117255,7.947019867549879,9.789999999999857,16,1,110,False,False,K02,0.10489405052974132,K02,0.10489405052974132,Mechanism analysis and causal identification,#CDD1D5
NSF,US_48141,El Paso County,county_or_equivalent,TX,"El Paso, TX",K04,12.583333333333,4999.999999999829,2.75,1428.999999999969,0.25166666666666865,0.19244226731980824,-0.05922439934686041,21.85430463576217,28.580000000000364,16,4,110,False,False,K02,0.10489405052974132,K02,0.10489405052974132,Mechanism analysis and causal identification,#CDD1D5
NSF,US_48141,El Paso County,county_or_equivalent,TX,"El Paso, TX",K05,12.583333333333,4999.999999999829,1.0,450.99999999999,0.25166666666666865,0.22172949002217787,-0.029937176644490776,7.947019867549879,9.02000000000011,16,1,110,False,False,K02,0.10489405052974132,K02,0.10489405052974132,Mechanism analysis and causal identification,#CDD1D5
NSF,US_48141,El Paso County,county_or_equivalent,TX,"El Paso, TX",K06,12.583333333333,4999.999999999829,0.0,41.999999999999,0.25166666666666865,0.0,-0.25166666666666865,0.0,0.8400000000000089,16,0,110,False,False,K02,0.10489405052974132,K02,0.10489405052974132,Mechanism analysis and causal identification,#CDD1D5
NSF,US_48143,Erath County,county_or_equivalent,TX,"Erath, TX",K01,1.0,4999.999999999829,0.0,952.499999999969,0.020000000000000687,0.0,-0.020000000000000687,0.0,19.050000000000036,1,0,306,False,False,K03,0.1842900919305507,K03,0.1842900919305507,Scenario simulation and risk prediction,#CDD1D5
NSF,US_48143,Erath County,county_or_equivalent,TX,"Erath, TX",K02,1.0,4999.999999999829,0.0,1635.999999999925,0.020000000000000687,0.0,-0.020000000000000687,0.0,32.71999999999962,1,0,306,False,False,K03,0.1842900919305507,K03,0.1842900919305507,Scenario simulation and risk prediction,#CDD1D5
NSF,US_48143,Erath County,county_or_equivalent,TX,"Erath, TX",K03,1.0,4999.999999999829,1.0,489.499999999976,0.020000000000000687,0.2042900919305514,0.1842900919305507,100.0,9.789999999999857,1,1,306,False,False,K03,0.1842900919305507,K03,0.1842900919305507,Scenario simulation and risk prediction,#CDD1D5
NSF,US_48143,Erath County,county_or_equivalent,TX,"Erath, TX",K04,1.0,4999.999999999829,0.0,1428.999999999969,0.020000000000000687,0.0,-0.020000000000000687,0.0,28.580000000000364,1,0,306,False,False,K03,0.1842900919305507,K03,0.1842900919305507,Scenario simulation and risk prediction,#CDD1D5
NSF,US_48143,Erath County,county_or_equivalent,TX,"Erath, TX",K05,1.0,4999.999999999829,0.0,450.99999999999,0.020000000000000687,0.0,-0.020000000000000687,0.0,9.02000000000011,1,0,306,False,False,K03,0.1842900919305507,K03,0.1842900919305507,Scenario simulation and risk prediction,#CDD1D5
NSF,US_48143,Erath County,county_or_equivalent,TX,"Erath, TX",K06,1.0,4999.999999999829,0.0,41.999999999999,0.020000000000000687,0.0,-0.020000000000000687,0.0,0.8400000000000089,1,0,306,False,False,K03,0.1842900919305507,K03,0.1842900919305507,Scenario simulation and risk prediction,#CDD1D5
NSF,US_48167,Galveston County,county_or_equivalent,TX,"Galveston, TX",K01,1.0,4999.999999999829,1.0,952.499999999969,0.020000000000000687,0.10498687664042337,0.08498687664042269,100.0,19.050000000000036,1,1,307,False,False,K01,0.08498687664042269,K01,0.08498687664042269,State measurement and problem diagnosis,#CDD1D5
NSF,US_48167,Galveston County,county_or_equivalent,TX,"Galveston, TX",K02,1.0,4999.999999999829,0.0,1635.999999999925,0.020000000000000687,0.0,-0.020000000000000687,0.0,32.71999999999962,1,0,307,False,False,K01,0.08498687664042269,K01,0.08498687664042269,State measurement and problem diagnosis,#CDD1D5
NSF,US_48167,Galveston County,county_or_equivalent,TX,"Galveston, TX",K03,1.0,4999.999999999829,0.0,489.499999999976,0.020000000000000687,0.0,-0.020000000000000687,0.0,9.789999999999857,1,0,307,False,False,K01,0.08498687664042269,K01,0.08498687664042269,State measurement and problem diagnosis,#CDD1D5
NSF,US_48167,Galveston County,county_or_equivalent,TX,"Galveston, TX",K04,1.0,4999.999999999829,0.0,1428.999999999969,0.020000000000000687,0.0,-0.020000000000000687,0.0,28.580000000000364,1,0,307,False,False,K01,0.08498687664042269,K01,0.08498687664042269,State measurement and problem diagnosis,#CDD1D5
NSF,US_48167,Galveston County,county_or_equivalent,TX,"Galveston, TX",K05,1.0,4999.999999999829,0.0,450.99999999999,0.020000000000000687,0.0,-0.020000000000000687,0.0,9.02000000000011,1,0,307,False,False,K01,0.08498687664042269,K01,0.08498687664042269,State measurement and problem diagnosis,#CDD1D5
NSF,US_48167,Galveston County,county_or_equivalent,TX,"Galveston, TX",K06,1.0,4999.999999999829,0.0,41.999999999999,0.020000000000000687,0.0,-0.020000000000000687,0.0,0.8400000000000089,1,0,307,False,False,K01,0.08498687664042269,K01,0.08498687664042269,State measurement and problem diagnosis,#CDD1D5
NSF,US_48201,Harris County,county_or_equivalent,TX,"Harris, TX",K01,56.699999999999,4999.999999999829,10.916666666666,952.499999999969,1.134000000000019,1.146106736657885,0.01210673665786599,19.25338036449064,19.050000000000036,72,15,24,False,False,K02,0.1261874490627528,K02,0.1261874490627528,Mechanism analysis and causal identification,#CDD1D5
NSF,US_48201,Harris County,county_or_equivalent,TX,"Harris, TX",K02,56.699999999999,4999.999999999829,20.616666666666,1635.999999999925,1.134000000000019,1.2601874490627718,0.1261874490627528,36.36096413874138,32.71999999999962,72,27,24,False,False,K02,0.1261874490627528,K02,0.1261874490627528,Mechanism analysis and causal identification,#CDD1D5
NSF,US_48201,Harris County,county_or_equivalent,TX,"Harris, TX",K03,56.699999999999,4999.999999999829,4.916666666667,489.499999999976,1.134000000000019,1.004426285325279,-0.12957371467474,8.671369782481634,9.789999999999857,72,8,24,False,False,K02,0.1261874490627528,K02,0.1261874490627528,Mechanism analysis and causal identification,#CDD1D5
NSF,US_48201,Harris County,county_or_equivalent,TX,"Harris, TX",K04,56.699999999999,4999.999999999829,16.25,1428.999999999969,1.134000000000019,1.1371588523443212,0.003158852344302243,28.65961199294583,28.580000000000364,72,18,24,False,False,K02,0.1261874490627528,K02,0.1261874490627528,Mechanism analysis and causal identification,#CDD1D5
NSF,US_48201,Harris County,county_or_equivalent,TX,"Harris, TX",K05,56.699999999999,4999.999999999829,4.0,450.99999999999,1.134000000000019,0.8869179600887115,-0.2470820399113075,7.054673721340512,9.02000000000011,72,4,24,False,False,K02,0.1261874490627528,K02,0.1261874490627528,Mechanism analysis and causal identification,#CDD1D5
NSF,US_48201,Harris County,county_or_equivalent,TX,"Harris, TX",K06,56.699999999999,4999.999999999829,0.0,41.999999999999,1.134000000000019,0.0,-1.134000000000019,0.0,0.8400000000000089,72,0,24,False,False,K02,0.1261874490627528,K02,0.1261874490627528,Mechanism analysis and causal identification,#CDD1D5
NSF,US_48209,Hays County,county_or_equivalent,TX,"Hays, TX",K01,10.0,4999.999999999829,3.0,952.499999999969,0.20000000000000687,0.3149606299212701,0.11496062992126324,30.0,19.050000000000036,11,3,123,False,False,K04,0.14989503149055353,K04,0.14989503149055353,Intervention design and performance optimization,#CDD1D5
NSF,US_48209,Hays County,county_or_equivalent,TX,"Hays, TX",K02,10.0,4999.999999999829,1.0,1635.999999999925,0.20000000000000687,0.06112469437653092,-0.13887530562347594,10.0,32.71999999999962,11,1,123,False,False,K04,0.14989503149055353,K04,0.14989503149055353,Intervention design and performance optimization,#CDD1D5
NSF,US_48209,Hays County,county_or_equivalent,TX,"Hays, TX",K03,10.0,4999.999999999829,1.0,489.499999999976,0.20000000000000687,0.2042900919305514,0.004290091930544526,10.0,9.789999999999857,11,1,123,False,False,K04,0.14989503149055353,K04,0.14989503149055353,Intervention design and performance optimization,#CDD1D5
NSF,US_48209,Hays County,county_or_equivalent,TX,"Hays, TX",K04,10.0,4999.999999999829,5.0,1428.999999999969,0.20000000000000687,0.3498950314905604,0.14989503149055353,50.0,28.580000000000364,11,6,123,False,False,K04,0.14989503149055353,K04,0.14989503149055353,Intervention design and performance optimization,#CDD1D5
NSF,US_48209,Hays County,county_or_equivalent,TX,"Hays, TX",K05,10.0,4999.999999999829,0.0,450.99999999999,0.20000000000000687,0.0,-0.20000000000000687,0.0,9.02000000000011,11,0,123,False,False,K04,0.14989503149055353,K04,0.14989503149055353,Intervention design and performance optimization,#CDD1D5
NSF,US_48209,Hays County,county_or_equivalent,TX,"Hays, TX",K06,10.0,4999.999999999829,0.0,41.999999999999,0.20000000000000687,0.0,-0.20000000000000687,0.0,0.8400000000000089,11,0,123,False,False,K04,0.14989503149055353,K04,0.14989503149055353,Intervention design and performance optimization,#CDD1D5
NSF,US_48215,Hidalgo County,county_or_equivalent,TX,"Hidalgo, TX",K01,0.333333333333,4999.999999999829,0.333333333333,952.499999999969,0.00666666666666023,0.034995625546772796,0.028328958880112567,100.0,19.050000000000036,1,1,346,False,False,K01,0.028328958880112567,K01,0.028328958880112567,State measurement and problem diagnosis,#CDD1D5
NSF,US_48215,Hidalgo County,county_or_equivalent,TX,"Hidalgo, TX",K02,0.333333333333,4999.999999999829,0.0,1635.999999999925,0.00666666666666023,0.0,-0.00666666666666023,0.0,32.71999999999962,1,0,346,False,False,K01,0.028328958880112567,K01,0.028328958880112567,State measurement and problem diagnosis,#CDD1D5
NSF,US_48215,Hidalgo County,county_or_equivalent,TX,"Hidalgo, TX",K03,0.333333333333,4999.999999999829,0.0,489.499999999976,0.00666666666666023,0.0,-0.00666666666666023,0.0,9.789999999999857,1,0,346,False,False,K01,0.028328958880112567,K01,0.028328958880112567,State measurement and problem diagnosis,#CDD1D5
NSF,US_48215,Hidalgo County,county_or_equivalent,TX,"Hidalgo, TX",K04,0.333333333333,4999.999999999829,0.0,1428.999999999969,0.00666666666666023,0.0,-0.00666666666666023,0.0,28.580000000000364,1,0,346,False,False,K01,0.028328958880112567,K01,0.028328958880112567,State measurement and problem diagnosis,#CDD1D5
NSF,US_48215,Hidalgo County,county_or_equivalent,TX,"Hidalgo, TX",K05,0.333333333333,4999.999999999829,0.0,450.99999999999,0.00666666666666023,0.0,-0.00666666666666023,0.0,9.02000000000011,1,0,346,False,False,K01,0.028328958880112567,K01,0.028328958880112567,State measurement and problem diagnosis,#CDD1D5
NSF,US_48215,Hidalgo County,county_or_equivalent,TX,"Hidalgo, TX",K06,0.333333333333,4999.999999999829,0.0,41.999999999999,0.00666666666666023,0.0,-0.00666666666666023,0.0,0.8400000000000089,1,0,346,False,False,K01,0.028328958880112567,K01,0.028328958880112567,State measurement and problem diagnosis,#CDD1D5
NSF,US_48245,Jefferson County,county_or_equivalent,TX,"Jefferson, TX",K01,0.5,4999.999999999829,0.5,952.499999999969,0.010000000000000344,0.05249343832021169,0.042493438320211345,100.0,19.050000000000036,1,1,337,False,False,K01,0.042493438320211345,K01,0.042493438320211345,State measurement and problem diagnosis,#CDD1D5
NSF,US_48245,Jefferson County,county_or_equivalent,TX,"Jefferson, TX",K02,0.5,4999.999999999829,0.0,1635.999999999925,0.010000000000000344,0.0,-0.010000000000000344,0.0,32.71999999999962,1,0,337,False,False,K01,0.042493438320211345,K01,0.042493438320211345,State measurement and problem diagnosis,#CDD1D5
NSF,US_48245,Jefferson County,county_or_equivalent,TX,"Jefferson, TX",K03,0.5,4999.999999999829,0.0,489.499999999976,0.010000000000000344,0.0,-0.010000000000000344,0.0,9.789999999999857,1,0,337,False,False,K01,0.042493438320211345,K01,0.042493438320211345,State measurement and problem diagnosis,#CDD1D5
NSF,US_48245,Jefferson County,county_or_equivalent,TX,"Jefferson, TX",K04,0.5,4999.999999999829,0.0,1428.999999999969,0.010000000000000344,0.0,-0.010000000000000344,0.0,28.580000000000364,1,0,337,False,False,K01,0.042493438320211345,K01,0.042493438320211345,State measurement and problem diagnosis,#CDD1D5
NSF,US_48245,Jefferson County,county_or_equivalent,TX,"Jefferson, TX",K05,0.5,4999.999999999829,0.0,450.99999999999,0.010000000000000344,0.0,-0.010000000000000344,0.0,9.02000000000011,1,0,337,False,False,K01,0.042493438320211345,K01,0.042493438320211345,State measurement and problem diagnosis,#CDD1D5
NSF,US_48245,Jefferson County,county_or_equivalent,TX,"Jefferson, TX",K06,0.5,4999.999999999829,0.0,41.999999999999,0.010000000000000344,0.0,-0.010000000000000344,0.0,0.8400000000000089,1,0,337,False,False,K01,0.042493438320211345,K01,0.042493438320211345,State measurement and problem diagnosis,#CDD1D5
NSF,US_48273,Kleberg County,county_or_equivalent,TX,"Kleberg, TX",K01,1.0,4999.999999999829,0.0,952.499999999969,0.020000000000000687,0.0,-0.020000000000000687,0.0,19.050000000000036,2,0,308,False,False,K04,0.0499790062981114,K04,0.0499790062981114,Intervention design and performance optimization,#CDD1D5
NSF,US_48273,Kleberg County,county_or_equivalent,TX,"Kleberg, TX",K02,1.0,4999.999999999829,0.0,1635.999999999925,0.020000000000000687,0.0,-0.020000000000000687,0.0,32.71999999999962,2,0,308,False,False,K04,0.0499790062981114,K04,0.0499790062981114,Intervention design and performance optimization,#CDD1D5
NSF,US_48273,Kleberg County,county_or_equivalent,TX,"Kleberg, TX",K03,1.0,4999.999999999829,0.0,489.499999999976,0.020000000000000687,0.0,-0.020000000000000687,0.0,9.789999999999857,2,0,308,False,False,K04,0.0499790062981114,K04,0.0499790062981114,Intervention design and performance optimization,#CDD1D5
NSF,US_48273,Kleberg County,county_or_equivalent,TX,"Kleberg, TX",K04,1.0,4999.999999999829,1.0,1428.999999999969,0.020000000000000687,0.06997900629811209,0.0499790062981114,100.0,28.580000000000364,2,2,308,False,False,K04,0.0499790062981114,K04,0.0499790062981114,Intervention design and performance optimization,#CDD1D5
NSF,US_48273,Kleberg County,county_or_equivalent,TX,"Kleberg, TX",K05,1.0,4999.999999999829,0.0,450.99999999999,0.020000000000000687,0.0,-0.020000000000000687,0.0,9.02000000000011,2,0,308,False,False,K04,0.0499790062981114,K04,0.0499790062981114,Intervention design and performance optimization,#CDD1D5
NSF,US_48273,Kleberg County,county_or_equivalent,TX,"Kleberg, TX",K06,1.0,4999.999999999829,0.0,41.999999999999,0.020000000000000687,0.0,-0.020000000000000687,0.0,0.8400000000000089,2,0,308,False,False,K04,0.0499790062981114,K04,0.0499790062981114,Intervention design and performance optimization,#CDD1D5
NSF,US_48303,Lubbock County,county_or_equivalent,TX,"Lubbock, TX",K01,21.027777777777,4999.999999999829,4.166666666666,952.499999999969,0.42055555555555446,0.4374453193350274,0.016889763779472933,19.815059445175898,19.050000000000036,28,6,79,False,False,K05,0.7250468095591049,K05,0.7250468095591049,Planning decision support and policy design,#CDD1D5
NSF,US_48303,Lubbock County,county_or_equivalent,TX,"Lubbock, TX",K02,21.027777777777,4999.999999999829,3.444444444444,1635.999999999925,0.42055555555555446,0.21054061396357934,-0.21001494159197512,16.380449141345917,32.71999999999962,28,6,79,False,False,K05,0.7250468095591049,K05,0.7250468095591049,Planning decision support and policy design,#CDD1D5
NSF,US_48303,Lubbock County,county_or_equivalent,TX,"Lubbock, TX",K03,21.027777777777,4999.999999999829,1.0,489.499999999976,0.42055555555555446,0.2042900919305514,-0.21626546362500307,4.755614266842977,9.789999999999857,28,1,79,False,False,K05,0.7250468095591049,K05,0.7250468095591049,Planning decision support and policy design,#CDD1D5
NSF,US_48303,Lubbock County,county_or_equivalent,TX,"Lubbock, TX",K04,21.027777777777,4999.999999999829,7.25,1428.999999999969,0.42055555555555446,0.5073477956613126,0.08679224010575814,34.47820343461158,28.580000000000364,28,8,79,False,False,K05,0.7250468095591049,K05,0.7250468095591049,Planning decision support and policy design,#CDD1D5
NSF,US_48303,Lubbock County,county_or_equivalent,TX,"Lubbock, TX",K05,21.027777777777,4999.999999999829,5.166666666666999,450.99999999999,0.42055555555555446,1.1456023651146594,0.7250468095591049,24.570673712023627,9.02000000000011,28,7,79,False,False,K05,0.7250468095591049,K05,0.7250468095591049,Planning decision support and policy design,#CDD1D5
NSF,US_48303,Lubbock County,county_or_equivalent,TX,"Lubbock, TX",K06,21.027777777777,4999.999999999829,0.0,41.999999999999,0.42055555555555446,0.0,-0.42055555555555446,0.0,0.8400000000000089,28,0,79,False,False,K05,0.7250468095591049,K05,0.7250468095591049,Planning decision support and policy design,#CDD1D5
NSF,US_48309,McLennan County,county_or_equivalent,TX,"McLennan, TX",K01,5.333333333333,4999.999999999829,1.5,952.499999999969,0.10666666666666366,0.15748031496063505,0.05081364829397139,28.12500000000176,19.050000000000036,7,2,155,False,False,K04,0.05661768136224121,K04,0.05661768136224121,Intervention design and performance optimization,#CDD1D5
NSF,US_48309,McLennan County,county_or_equivalent,TX,"McLennan, TX",K02,5.333333333333,4999.999999999829,1.0,1635.999999999925,0.10666666666666366,0.06112469437653092,-0.045541972290132744,18.750000000001172,32.71999999999962,7,1,155,False,False,K04,0.05661768136224121,K04,0.05661768136224121,Intervention design and performance optimization,#CDD1D5
NSF,US_48309,McLennan County,county_or_equivalent,TX,"McLennan, TX",K03,5.333333333333,4999.999999999829,0.5,489.499999999976,0.10666666666666366,0.1021450459652757,-0.004521620701387966,9.375000000000586,9.789999999999857,7,1,155,False,False,K04,0.05661768136224121,K04,0.05661768136224121,Intervention design and performance optimization,#CDD1D5
NSF,US_48309,McLennan County,county_or_equivalent,TX,"McLennan, TX",K04,5.333333333333,4999.999999999829,2.333333333333,1428.999999999969,0.10666666666666366,0.16328434802890487,0.05661768136224121,43.74999999999648,28.580000000000364,7,3,155,False,False,K04,0.05661768136224121,K04,0.05661768136224121,Intervention design and performance optimization,#CDD1D5
NSF,US_48309,McLennan County,county_or_equivalent,TX,"McLennan, TX",K05,5.333333333333,4999.999999999829,0.0,450.99999999999,0.10666666666666366,0.0,-0.10666666666666366,0.0,9.02000000000011,7,0,155,False,False,K04,0.05661768136224121,K04,0.05661768136224121,Intervention design and performance optimization,#CDD1D5
NSF,US_48309,McLennan County,county_or_equivalent,TX,"McLennan, TX",K06,5.333333333333,4999.999999999829,0.0,41.999999999999,0.10666666666666366,0.0,-0.10666666666666366,0.0,0.8400000000000089,7,0,155,False,False,K04,0.05661768136224121,K04,0.05661768136224121,Intervention design and performance optimization,#CDD1D5
NSF,US_48355,Nueces County,county_or_equivalent,TX,"Nueces, TX",K01,9.333333333333,4999.999999999829,1.4999999999999998,952.499999999969,0.1866666666666664,0.15748031496063503,-0.02918635170603137,16.07142857142914,19.050000000000036,12,2,129,False,False,K02,0.13933170334147812,K02,0.13933170334147812,Mechanism analysis and causal identification,#CDD1D5
NSF,US_48355,Nueces County,county_or_equivalent,TX,"Nueces, TX",K02,9.333333333333,4999.999999999829,5.333333333333,1635.999999999925,0.1866666666666664,0.3259983700081445,0.13933170334147812,57.142857142855604,32.71999999999962,12,7,129,False,False,K02,0.13933170334147812,K02,0.13933170334147812,Mechanism analysis and causal identification,#CDD1D5
NSF,US_48355,Nueces County,county_or_equivalent,TX,"Nueces, TX",K03,9.333333333333,4999.999999999829,0.5,489.499999999976,0.1866666666666664,0.1021450459652757,-0.0845216207013907,5.357142857143049,9.789999999999857,12,1,129,False,False,K02,0.13933170334147812,K02,0.13933170334147812,Mechanism analysis and causal identification,#CDD1D5
NSF,US_48355,Nueces County,county_or_equivalent,TX,"Nueces, TX",K04,9.333333333333,4999.999999999829,1.0,1428.999999999969,0.1866666666666664,0.06997900629811209,-0.11668766036855431,10.714285714286097,28.580000000000364,12,1,129,False,False,K02,0.13933170334147812,K02,0.13933170334147812,Mechanism analysis and causal identification,#CDD1D5
NSF,US_48355,Nueces County,county_or_equivalent,TX,"Nueces, TX",K05,9.333333333333,4999.999999999829,1.0,450.99999999999,0.1866666666666664,0.22172949002217787,0.035062823355511474,10.714285714286097,9.02000000000011,12,1,129,False,False,K02,0.13933170334147812,K02,0.13933170334147812,Mechanism analysis and causal identification,#CDD1D5
NSF,US_48355,Nueces County,county_or_equivalent,TX,"Nueces, TX",K06,9.333333333333,4999.999999999829,0.0,41.999999999999,0.1866666666666664,0.0,-0.1866666666666664,0.0,0.8400000000000089,12,0,129,False,False,K02,0.13933170334147812,K02,0.13933170334147812,Mechanism analysis and causal identification,#CDD1D5
NSF,US_48381,Randall County,county_or_equivalent,TX,"Randall, TX",K01,1.833333333333,4999.999999999829,1.333333333333,952.499999999969,0.03666666666666126,0.13998250218719616,0.10331583552053489,72.72727272726777,19.050000000000036,3,2,240,False,False,K01,0.10331583552053489,K01,0.10331583552053489,State measurement and problem diagnosis,#CDD1D5
NSF,US_48381,Randall County,county_or_equivalent,TX,"Randall, TX",K02,1.833333333333,4999.999999999829,0.5,1635.999999999925,0.03666666666666126,0.03056234718826546,-0.0061043194783958026,27.272727272732233,32.71999999999962,3,1,240,False,False,K01,0.10331583552053489,K01,0.10331583552053489,State measurement and problem diagnosis,#CDD1D5
NSF,US_48381,Randall County,county_or_equivalent,TX,"Randall, TX",K03,1.833333333333,4999.999999999829,0.0,489.499999999976,0.03666666666666126,0.0,-0.03666666666666126,0.0,9.789999999999857,3,0,240,False,False,K01,0.10331583552053489,K01,0.10331583552053489,State measurement and problem diagnosis,#CDD1D5
NSF,US_48381,Randall County,county_or_equivalent,TX,"Randall, TX",K04,1.833333333333,4999.999999999829,0.0,1428.999999999969,0.03666666666666126,0.0,-0.03666666666666126,0.0,28.580000000000364,3,0,240,False,False,K01,0.10331583552053489,K01,0.10331583552053489,State measurement and problem diagnosis,#CDD1D5
NSF,US_48381,Randall County,county_or_equivalent,TX,"Randall, TX",K05,1.833333333333,4999.999999999829,0.0,450.99999999999,0.03666666666666126,0.0,-0.03666666666666126,0.0,9.02000000000011,3,0,240,False,False,K01,0.10331583552053489,K01,0.10331583552053489,State measurement and problem diagnosis,#CDD1D5
NSF,US_48381,Randall County,county_or_equivalent,TX,"Randall, TX",K06,1.833333333333,4999.999999999829,0.0,41.999999999999,0.03666666666666126,0.0,-0.03666666666666126,0.0,0.8400000000000089,3,0,240,False,False,K01,0.10331583552053489,K01,0.10331583552053489,State measurement and problem diagnosis,#CDD1D5
NSF,US_48423,Smith County,county_or_equivalent,TX,"Smith, TX",K01,1.5,4999.999999999829,1.0,952.499999999969,0.030000000000001033,0.10498687664042337,0.07498687664042233,66.66666666666667,19.050000000000036,2,1,245,False,False,K01,0.07498687664042233,K01,0.07498687664042233,State measurement and problem diagnosis,#CDD1D5
NSF,US_48423,Smith County,county_or_equivalent,TX,"Smith, TX",K02,1.5,4999.999999999829,0.0,1635.999999999925,0.030000000000001033,0.0,-0.030000000000001033,0.0,32.71999999999962,2,0,245,False,False,K01,0.07498687664042233,K01,0.07498687664042233,State measurement and problem diagnosis,#CDD1D5
NSF,US_48423,Smith County,county_or_equivalent,TX,"Smith, TX",K03,1.5,4999.999999999829,0.5,489.499999999976,0.030000000000001033,0.1021450459652757,0.07214504596527466,33.333333333333336,9.789999999999857,2,1,245,False,False,K01,0.07498687664042233,K01,0.07498687664042233,State measurement and problem diagnosis,#CDD1D5
NSF,US_48423,Smith County,county_or_equivalent,TX,"Smith, TX",K04,1.5,4999.999999999829,0.0,1428.999999999969,0.030000000000001033,0.0,-0.030000000000001033,0.0,28.580000000000364,2,0,245,False,False,K01,0.07498687664042233,K01,0.07498687664042233,State measurement and problem diagnosis,#CDD1D5
NSF,US_48423,Smith County,county_or_equivalent,TX,"Smith, TX",K05,1.5,4999.999999999829,0.0,450.99999999999,0.030000000000001033,0.0,-0.030000000000001033,0.0,9.02000000000011,2,0,245,False,False,K01,0.07498687664042233,K01,0.07498687664042233,State measurement and problem diagnosis,#CDD1D5
NSF,US_48423,Smith County,county_or_equivalent,TX,"Smith, TX",K06,1.5,4999.999999999829,0.0,41.999999999999,0.030000000000001033,0.0,-0.030000000000001033,0.0,0.8400000000000089,2,0,245,False,False,K01,0.07498687664042233,K01,0.07498687664042233,State measurement and problem diagnosis,#CDD1D5
NSF,US_48439,Tarrant County,county_or_equivalent,TX,"Tarrant, TX",K01,11.416666666667,4999.999999999829,3.75,952.499999999969,0.22833333333334785,0.39370078740158765,0.1653674540682398,32.846715328466196,19.050000000000036,15,5,116,False,False,K05,0.2151256467110079,K05,0.2151256467110079,Planning decision support and policy design,#CDD1D5
NSF,US_48439,Tarrant County,county_or_equivalent,TX,"Tarrant, TX",K02,11.416666666667,4999.999999999829,1.5,1635.999999999925,0.22833333333334785,0.09168704156479639,-0.13664629176855148,13.138686131386478,32.71999999999962,15,3,116,False,False,K05,0.2151256467110079,K05,0.2151256467110079,Planning decision support and policy design,#CDD1D5
NSF,US_48439,Tarrant County,county_or_equivalent,TX,"Tarrant, TX",K03,11.416666666667,4999.999999999829,0.166666666667,489.499999999976,0.22833333333334785,0.034048348655159995,-0.19428498467818786,1.4598540146014172,9.789999999999857,15,1,116,False,False,K05,0.2151256467110079,K05,0.2151256467110079,Planning decision support and policy design,#CDD1D5
NSF,US_48439,Tarrant County,county_or_equivalent,TX,"Tarrant, TX",K04,11.416666666667,4999.999999999829,4.0,1428.999999999969,0.22833333333334785,0.27991602519244835,0.0515826918591005,35.03649635036394,28.580000000000364,15,4,116,False,False,K05,0.2151256467110079,K05,0.2151256467110079,Planning decision support and policy design,#CDD1D5
NSF,US_48439,Tarrant County,county_or_equivalent,TX,"Tarrant, TX",K05,11.416666666667,4999.999999999829,2.0,450.99999999999,0.22833333333334785,0.44345898004435574,0.2151256467110079,17.51824817518197,9.02000000000011,15,2,116,False,False,K05,0.2151256467110079,K05,0.2151256467110079,Planning decision support and policy design,#CDD1D5
NSF,US_48439,Tarrant County,county_or_equivalent,TX,"Tarrant, TX",K06,11.416666666667,4999.999999999829,0.0,41.999999999999,0.22833333333334785,0.0,-0.22833333333334785,0.0,0.8400000000000089,15,0,116,False,False,K05,0.2151256467110079,K05,0.2151256467110079,Planning decision support and policy design,#CDD1D5
NSF,US_48451,Tom Green County,county_or_equivalent,TX,"Tom Green, TX",K01,1.0,4999.999999999829,0.0,952.499999999969,0.020000000000000687,0.0,-0.020000000000000687,0.0,19.050000000000036,1,0,309,False,False,K04,0.0499790062981114,K04,0.0499790062981114,Intervention design and performance optimization,#CDD1D5
NSF,US_48451,Tom Green County,county_or_equivalent,TX,"Tom Green, TX",K02,1.0,4999.999999999829,0.0,1635.999999999925,0.020000000000000687,0.0,-0.020000000000000687,0.0,32.71999999999962,1,0,309,False,False,K04,0.0499790062981114,K04,0.0499790062981114,Intervention design and performance optimization,#CDD1D5
NSF,US_48451,Tom Green County,county_or_equivalent,TX,"Tom Green, TX",K03,1.0,4999.999999999829,0.0,489.499999999976,0.020000000000000687,0.0,-0.020000000000000687,0.0,9.789999999999857,1,0,309,False,False,K04,0.0499790062981114,K04,0.0499790062981114,Intervention design and performance optimization,#CDD1D5
NSF,US_48451,Tom Green County,county_or_equivalent,TX,"Tom Green, TX",K04,1.0,4999.999999999829,1.0,1428.999999999969,0.020000000000000687,0.06997900629811209,0.0499790062981114,100.0,28.580000000000364,1,1,309,False,False,K04,0.0499790062981114,K04,0.0499790062981114,Intervention design and performance optimization,#CDD1D5
NSF,US_48451,Tom Green County,county_or_equivalent,TX,"Tom Green, TX",K05,1.0,4999.999999999829,0.0,450.99999999999,0.020000000000000687,0.0,-0.020000000000000687,0.0,9.02000000000011,1,0,309,False,False,K04,0.0499790062981114,K04,0.0499790062981114,Intervention design and performance optimization,#CDD1D5
NSF,US_48451,Tom Green County,county_or_equivalent,TX,"Tom Green, TX",K06,1.0,4999.999999999829,0.0,41.999999999999,0.020000000000000687,0.0,-0.020000000000000687,0.0,0.8400000000000089,1,0,309,False,False,K04,0.0499790062981114,K04,0.0499790062981114,Intervention design and performance optimization,#CDD1D5
NSF,US_48453,Travis County,county_or_equivalent,TX,"Travis, TX",K01,65.083333333329,4999.999999999829,13.499999999999,952.499999999969,1.3016666666666246,1.4173228346456104,0.11565616797898581,20.742637644045942,19.050000000000036,89,19,17,True,False,K06,7.031666666666908,K06,7.031666666666908,Implementation monitoring and impact evaluation,#4a6e92
NSF,US_48453,Travis County,county_or_equivalent,TX,"Travis, TX",K02,65.083333333329,4999.999999999829,17.583333333332,1635.999999999925,1.3016666666666246,1.0747758761205872,-0.22689079054603734,27.016645326504236,32.71999999999962,89,26,17,True,False,K06,7.031666666666908,K06,7.031666666666908,Implementation monitoring and impact evaluation,#4a6e92
NSF,US_48453,Travis County,county_or_equivalent,TX,"Travis, TX",K03,65.083333333329,4999.999999999829,5.749999999999,489.499999999976,1.3016666666666246,1.174668028600466,-0.12699863806615852,8.83482714468535,9.789999999999857,89,11,17,True,False,K06,7.031666666666908,K06,7.031666666666908,Implementation monitoring and impact evaluation,#4a6e92
NSF,US_48453,Travis County,county_or_equivalent,TX,"Travis, TX",K04,65.083333333329,4999.999999999829,21.249999999999,1428.999999999969,1.3016666666666246,1.4870538838348117,0.18538721716818718,32.65044814340653,28.580000000000364,89,25,17,True,False,K06,7.031666666666908,K06,7.031666666666908,Implementation monitoring and impact evaluation,#4a6e92
NSF,US_48453,Travis County,county_or_equivalent,TX,"Travis, TX",K05,65.083333333329,4999.999999999829,3.5,450.99999999999,1.3016666666666246,0.7760532150776225,-0.5256134515890021,5.377720870678976,9.02000000000011,89,4,17,True,False,K06,7.031666666666908,K06,7.031666666666908,Implementation monitoring and impact evaluation,#4a6e92
NSF,US_48453,Travis County,county_or_equivalent,TX,"Travis, TX",K06,65.083333333329,4999.999999999829,3.5,41.999999999999,1.3016666666666246,8.333333333333533,7.031666666666908,5.377720870678976,0.8400000000000089,89,4,17,True,True,K06,7.031666666666908,K06,7.031666666666908,Implementation monitoring and impact evaluation,#4a6e92
NSF,US_48471,Walker County,county_or_equivalent,TX,"Walker, TX",K01,1.0,4999.999999999829,0.0,952.499999999969,0.020000000000000687,0.0,-0.020000000000000687,0.0,19.050000000000036,1,0,310,False,False,K02,0.04112469437653023,K02,0.04112469437653023,Mechanism analysis and causal identification,#CDD1D5
NSF,US_48471,Walker County,county_or_equivalent,TX,"Walker, TX",K02,1.0,4999.999999999829,1.0,1635.999999999925,0.020000000000000687,0.06112469437653092,0.04112469437653023,100.0,32.71999999999962,1,1,310,False,False,K02,0.04112469437653023,K02,0.04112469437653023,Mechanism analysis and causal identification,#CDD1D5
NSF,US_48471,Walker County,county_or_equivalent,TX,"Walker, TX",K03,1.0,4999.999999999829,0.0,489.499999999976,0.020000000000000687,0.0,-0.020000000000000687,0.0,9.789999999999857,1,0,310,False,False,K02,0.04112469437653023,K02,0.04112469437653023,Mechanism analysis and causal identification,#CDD1D5
NSF,US_48471,Walker County,county_or_equivalent,TX,"Walker, TX",K04,1.0,4999.999999999829,0.0,1428.999999999969,0.020000000000000687,0.0,-0.020000000000000687,0.0,28.580000000000364,1,0,310,False,False,K02,0.04112469437653023,K02,0.04112469437653023,Mechanism analysis and causal identification,#CDD1D5
NSF,US_48471,Walker County,county_or_equivalent,TX,"Walker, TX",K05,1.0,4999.999999999829,0.0,450.99999999999,0.020000000000000687,0.0,-0.020000000000000687,0.0,9.02000000000011,1,0,310,False,False,K02,0.04112469437653023,K02,0.04112469437653023,Mechanism analysis and causal identification,#CDD1D5
NSF,US_48471,Walker County,county_or_equivalent,TX,"Walker, TX",K06,1.0,4999.999999999829,0.0,41.999999999999,0.020000000000000687,0.0,-0.020000000000000687,0.0,0.8400000000000089,1,0,310,False,False,K02,0.04112469437653023,K02,0.04112469437653023,Mechanism analysis and causal identification,#CDD1D5
NSF,US_48473,Waller County,county_or_equivalent,TX,"Waller, TX",K01,2.0,4999.999999999829,1.0,952.499999999969,0.040000000000001375,0.10498687664042337,0.06498687664042199,50.0,19.050000000000036,2,1,235,False,False,K01,0.06498687664042199,K01,0.06498687664042199,State measurement and problem diagnosis,#CDD1D5
NSF,US_48473,Waller County,county_or_equivalent,TX,"Waller, TX",K02,2.0,4999.999999999829,0.0,1635.999999999925,0.040000000000001375,0.0,-0.040000000000001375,0.0,32.71999999999962,2,0,235,False,False,K01,0.06498687664042199,K01,0.06498687664042199,State measurement and problem diagnosis,#CDD1D5
NSF,US_48473,Waller County,county_or_equivalent,TX,"Waller, TX",K03,2.0,4999.999999999829,0.0,489.499999999976,0.040000000000001375,0.0,-0.040000000000001375,0.0,9.789999999999857,2,0,235,False,False,K01,0.06498687664042199,K01,0.06498687664042199,State measurement and problem diagnosis,#CDD1D5
NSF,US_48473,Waller County,county_or_equivalent,TX,"Waller, TX",K04,2.0,4999.999999999829,1.0,1428.999999999969,0.040000000000001375,0.06997900629811209,0.029979006298110712,50.0,28.580000000000364,2,1,235,False,False,K01,0.06498687664042199,K01,0.06498687664042199,State measurement and problem diagnosis,#CDD1D5
NSF,US_48473,Waller County,county_or_equivalent,TX,"Waller, TX",K05,2.0,4999.999999999829,0.0,450.99999999999,0.040000000000001375,0.0,-0.040000000000001375,0.0,9.02000000000011,2,0,235,False,False,K01,0.06498687664042199,K01,0.06498687664042199,State measurement and problem diagnosis,#CDD1D5
NSF,US_48473,Waller County,county_or_equivalent,TX,"Waller, TX",K06,2.0,4999.999999999829,0.0,41.999999999999,0.040000000000001375,0.0,-0.040000000000001375,0.0,0.8400000000000089,2,0,235,False,False,K01,0.06498687664042199,K01,0.06498687664042199,State measurement and problem diagnosis,#CDD1D5
NSF,US_49005,Cache County,county_or_equivalent,UT,"Cache, UT",K01,13.392857142856,4999.999999999829,3.833333333333,952.499999999969,0.26785714285712925,0.40244969378825457,0.13459255093112532,28.622222222222177,19.050000000000036,21,7,106,False,False,K05,0.28646658219831544,K05,0.28646658219831544,Planning decision support and policy design,#CDD1D5
NSF,US_49005,Cache County,county_or_equivalent,UT,"Cache, UT",K02,13.392857142856,4999.999999999829,3.333333333333,1635.999999999925,0.26785714285712925,0.2037489812550827,-0.06410816160204655,24.888888888888523,32.71999999999962,21,4,106,False,False,K05,0.28646658219831544,K05,0.28646658219831544,Planning decision support and policy design,#CDD1D5
NSF,US_49005,Cache County,county_or_equivalent,UT,"Cache, UT",K03,13.392857142856,4999.999999999829,1.97619047619,489.499999999976,0.26785714285712925,0.40371613405313517,0.13585899119600592,14.755555555553258,9.789999999999857,21,4,106,False,False,K05,0.28646658219831544,K05,0.28646658219831544,Planning decision support and policy design,#CDD1D5
NSF,US_49005,Cache County,county_or_equivalent,UT,"Cache, UT",K04,13.392857142856,4999.999999999829,1.75,1428.999999999969,0.26785714285712925,0.12246326102169615,-0.14539388183543311,13.066666666667782,28.580000000000364,21,3,106,False,False,K05,0.28646658219831544,K05,0.28646658219831544,Planning decision support and policy design,#CDD1D5
NSF,US_49005,Cache County,county_or_equivalent,UT,"Cache, UT",K05,13.392857142856,4999.999999999829,2.5,450.99999999999,0.26785714285712925,0.5543237250554447,0.28646658219831544,18.66666666666826,9.02000000000011,21,3,106,False,False,K05,0.28646658219831544,K05,0.28646658219831544,Planning decision support and policy design,#CDD1D5
NSF,US_49005,Cache County,county_or_equivalent,UT,"Cache, UT",K06,13.392857142856,4999.999999999829,0.0,41.999999999999,0.26785714285712925,0.0,-0.26785714285712925,0.0,0.8400000000000089,21,0,106,False,False,K05,0.28646658219831544,K05,0.28646658219831544,Planning decision support and policy design,#CDD1D5
NSF,US_49011,Davis County,county_or_equivalent,UT,"Davis, UT",K01,1.0,4999.999999999829,0.0,952.499999999969,0.020000000000000687,0.0,-0.020000000000000687,0.0,19.050000000000036,1,0,311,False,False,K04,0.0499790062981114,K04,0.0499790062981114,Intervention design and performance optimization,#CDD1D5
NSF,US_49011,Davis County,county_or_equivalent,UT,"Davis, UT",K02,1.0,4999.999999999829,0.0,1635.999999999925,0.020000000000000687,0.0,-0.020000000000000687,0.0,32.71999999999962,1,0,311,False,False,K04,0.0499790062981114,K04,0.0499790062981114,Intervention design and performance optimization,#CDD1D5
NSF,US_49011,Davis County,county_or_equivalent,UT,"Davis, UT",K03,1.0,4999.999999999829,0.0,489.499999999976,0.020000000000000687,0.0,-0.020000000000000687,0.0,9.789999999999857,1,0,311,False,False,K04,0.0499790062981114,K04,0.0499790062981114,Intervention design and performance optimization,#CDD1D5
NSF,US_49011,Davis County,county_or_equivalent,UT,"Davis, UT",K04,1.0,4999.999999999829,1.0,1428.999999999969,0.020000000000000687,0.06997900629811209,0.0499790062981114,100.0,28.580000000000364,1,1,311,False,False,K04,0.0499790062981114,K04,0.0499790062981114,Intervention design and performance optimization,#CDD1D5
NSF,US_49011,Davis County,county_or_equivalent,UT,"Davis, UT",K05,1.0,4999.999999999829,0.0,450.99999999999,0.020000000000000687,0.0,-0.020000000000000687,0.0,9.02000000000011,1,0,311,False,False,K04,0.0499790062981114,K04,0.0499790062981114,Intervention design and performance optimization,#CDD1D5
NSF,US_49011,Davis County,county_or_equivalent,UT,"Davis, UT",K06,1.0,4999.999999999829,0.0,41.999999999999,0.020000000000000687,0.0,-0.020000000000000687,0.0,0.8400000000000089,1,0,311,False,False,K04,0.0499790062981114,K04,0.0499790062981114,Intervention design and performance optimization,#CDD1D5
NSF,US_49035,Salt Lake County,county_or_equivalent,UT,"Salt Lake, UT",K01,37.166666666666,4999.999999999829,6.5,952.499999999969,0.7433333333333457,0.6824146981627519,-0.060918635170593816,17.488789237668474,19.050000000000036,42,8,38,False,False,K03,0.38026217228468695,K03,0.38026217228468695,Scenario simulation and risk prediction,#CDD1D5
NSF,US_49035,Salt Lake County,county_or_equivalent,UT,"Salt Lake, UT",K02,37.166666666666,4999.999999999829,16.166666666666,1635.999999999925,0.7433333333333457,0.9881825590872091,0.24484922575386336,43.49775784753261,32.71999999999962,42,19,38,False,False,K03,0.38026217228468695,K03,0.38026217228468695,Scenario simulation and risk prediction,#CDD1D5
NSF,US_49035,Salt Lake County,county_or_equivalent,UT,"Salt Lake, UT",K03,37.166666666666,4999.999999999829,5.5,489.499999999976,0.7433333333333457,1.1235955056180327,0.38026217228468695,14.79820627802717,9.789999999999857,42,6,38,False,False,K03,0.38026217228468695,K03,0.38026217228468695,Scenario simulation and risk prediction,#CDD1D5
NSF,US_49035,Salt Lake County,county_or_equivalent,UT,"Salt Lake, UT",K04,37.166666666666,4999.999999999829,5.0,1428.999999999969,0.7433333333333457,0.3498950314905604,-0.39343830184278533,13.452914798206518,28.580000000000364,42,5,38,False,False,K03,0.38026217228468695,K03,0.38026217228468695,Scenario simulation and risk prediction,#CDD1D5
NSF,US_49035,Salt Lake County,county_or_equivalent,UT,"Salt Lake, UT",K05,37.166666666666,4999.999999999829,4.0,450.99999999999,0.7433333333333457,0.8869179600887115,0.14358462675536576,10.762331838565215,9.02000000000011,42,4,38,False,False,K03,0.38026217228468695,K03,0.38026217228468695,Scenario simulation and risk prediction,#CDD1D5
NSF,US_49035,Salt Lake County,county_or_equivalent,UT,"Salt Lake, UT",K06,37.166666666666,4999.999999999829,0.0,41.999999999999,0.7433333333333457,0.0,-0.7433333333333457,0.0,0.8400000000000089,42,0,38,False,False,K03,0.38026217228468695,K03,0.38026217228468695,Scenario simulation and risk prediction,#CDD1D5
NSF,US_49049,Utah County,county_or_equivalent,UT,"Utah, UT",K01,4.416666666666,4999.999999999829,0.25,952.499999999969,0.08833333333332304,0.026246719160105843,-0.06208661417321719,5.66037735849142,19.050000000000036,8,1,168,False,False,K04,0.08661418241195716,K04,0.08661418241195716,Intervention design and performance optimization,#CDD1D5
NSF,US_49049,Utah County,county_or_equivalent,UT,"Utah, UT",K02,4.416666666666,4999.999999999829,1.333333333333,1635.999999999925,0.08833333333332304,0.08149959250202085,-0.006833740831302185,30.18867924528003,32.71999999999962,8,3,168,False,False,K04,0.08661418241195716,K04,0.08661418241195716,Intervention design and performance optimization,#CDD1D5
NSF,US_49049,Utah County,county_or_equivalent,UT,"Utah, UT",K03,4.416666666666,4999.999999999829,0.333333333333,489.499999999976,0.08833333333332304,0.06809669731011571,-0.020236636023207327,7.5471698113143475,9.789999999999857,8,1,168,False,False,K04,0.08661418241195716,K04,0.08661418241195716,Intervention design and performance optimization,#CDD1D5
NSF,US_49049,Utah County,county_or_equivalent,UT,"Utah, UT",K04,4.416666666666,4999.999999999829,2.5,1428.999999999969,0.08833333333332304,0.1749475157452802,0.08661418241195716,56.60377358491421,28.580000000000364,8,3,168,False,False,K04,0.08661418241195716,K04,0.08661418241195716,Intervention design and performance optimization,#CDD1D5
NSF,US_49049,Utah County,county_or_equivalent,UT,"Utah, UT",K05,4.416666666666,4999.999999999829,0.0,450.99999999999,0.08833333333332304,0.0,-0.08833333333332304,0.0,9.02000000000011,8,0,168,False,False,K04,0.08661418241195716,K04,0.08661418241195716,Intervention design and performance optimization,#CDD1D5
NSF,US_49049,Utah County,county_or_equivalent,UT,"Utah, UT",K06,4.416666666666,4999.999999999829,0.0,41.999999999999,0.08833333333332304,0.0,-0.08833333333332304,0.0,0.8400000000000089,8,0,168,False,False,K04,0.08661418241195716,K04,0.08661418241195716,Intervention design and performance optimization,#CDD1D5
NSF,US_49057,Weber County,county_or_equivalent,UT,"Weber, UT",K01,1.0,4999.999999999829,1.0,952.499999999969,0.020000000000000687,0.10498687664042337,0.08498687664042269,100.0,19.050000000000036,1,1,312,False,False,K01,0.08498687664042269,K01,0.08498687664042269,State measurement and problem diagnosis,#CDD1D5
NSF,US_49057,Weber County,county_or_equivalent,UT,"Weber, UT",K02,1.0,4999.999999999829,0.0,1635.999999999925,0.020000000000000687,0.0,-0.020000000000000687,0.0,32.71999999999962,1,0,312,False,False,K01,0.08498687664042269,K01,0.08498687664042269,State measurement and problem diagnosis,#CDD1D5
NSF,US_49057,Weber County,county_or_equivalent,UT,"Weber, UT",K03,1.0,4999.999999999829,0.0,489.499999999976,0.020000000000000687,0.0,-0.020000000000000687,0.0,9.789999999999857,1,0,312,False,False,K01,0.08498687664042269,K01,0.08498687664042269,State measurement and problem diagnosis,#CDD1D5
NSF,US_49057,Weber County,county_or_equivalent,UT,"Weber, UT",K04,1.0,4999.999999999829,0.0,1428.999999999969,0.020000000000000687,0.0,-0.020000000000000687,0.0,28.580000000000364,1,0,312,False,False,K01,0.08498687664042269,K01,0.08498687664042269,State measurement and problem diagnosis,#CDD1D5
NSF,US_49057,Weber County,county_or_equivalent,UT,"Weber, UT",K05,1.0,4999.999999999829,0.0,450.99999999999,0.020000000000000687,0.0,-0.020000000000000687,0.0,9.02000000000011,1,0,312,False,False,K01,0.08498687664042269,K01,0.08498687664042269,State measurement and problem diagnosis,#CDD1D5
NSF,US_49057,Weber County,county_or_equivalent,UT,"Weber, UT",K06,1.0,4999.999999999829,0.0,41.999999999999,0.020000000000000687,0.0,-0.020000000000000687,0.0,0.8400000000000089,1,0,312,False,False,K01,0.08498687664042269,K01,0.08498687664042269,State measurement and problem diagnosis,#CDD1D5
NSF,US_50001,Addison County,county_or_equivalent,VT,"Addison, VT",K01,2.5,4999.999999999829,1.0,952.499999999969,0.05000000000000172,0.10498687664042337,0.05498687664042166,40.0,19.050000000000036,3,1,206,False,False,K06,2.330952380952436,K01,0.05498687664042166,State measurement and problem diagnosis,#CDD1D5
NSF,US_50001,Addison County,county_or_equivalent,VT,"Addison, VT",K02,2.5,4999.999999999829,0.0,1635.999999999925,0.05000000000000172,0.0,-0.05000000000000172,0.0,32.71999999999962,3,0,206,False,False,K06,2.330952380952436,K01,0.05498687664042166,State measurement and problem diagnosis,#CDD1D5
NSF,US_50001,Addison County,county_or_equivalent,VT,"Addison, VT",K03,2.5,4999.999999999829,0.5,489.499999999976,0.05000000000000172,0.1021450459652757,0.05214504596527398,20.0,9.789999999999857,3,1,206,False,False,K06,2.330952380952436,K01,0.05498687664042166,State measurement and problem diagnosis,#CDD1D5
NSF,US_50001,Addison County,county_or_equivalent,VT,"Addison, VT",K04,2.5,4999.999999999829,0.0,1428.999999999969,0.05000000000000172,0.0,-0.05000000000000172,0.0,28.580000000000364,3,0,206,False,False,K06,2.330952380952436,K01,0.05498687664042166,State measurement and problem diagnosis,#CDD1D5
NSF,US_50001,Addison County,county_or_equivalent,VT,"Addison, VT",K05,2.5,4999.999999999829,0.0,450.99999999999,0.05000000000000172,0.0,-0.05000000000000172,0.0,9.02000000000011,3,0,206,False,False,K06,2.330952380952436,K01,0.05498687664042166,State measurement and problem diagnosis,#CDD1D5
NSF,US_50001,Addison County,county_or_equivalent,VT,"Addison, VT",K06,2.5,4999.999999999829,1.0,41.999999999999,0.05000000000000172,2.3809523809524378,2.330952380952436,40.0,0.8400000000000089,3,1,206,False,False,K06,2.330952380952436,K01,0.05498687664042166,State measurement and problem diagnosis,#CDD1D5
NSF,US_50003,Bennington County,county_or_equivalent,VT,"Bennington, VT",K01,1.333333333333,4999.999999999829,1.0,952.499999999969,0.026666666666660916,0.10498687664042337,0.07832020997376246,75.00000000001876,19.050000000000036,2,1,250,False,False,K01,0.07832020997376246,K01,0.07832020997376246,State measurement and problem diagnosis,#CDD1D5
NSF,US_50003,Bennington County,county_or_equivalent,VT,"Bennington, VT",K02,1.333333333333,4999.999999999829,0.333333333333,1635.999999999925,0.026666666666660916,0.020374898125489933,-0.006291768541170983,24.999999999981252,32.71999999999962,2,1,250,False,False,K01,0.07832020997376246,K01,0.07832020997376246,State measurement and problem diagnosis,#CDD1D5
NSF,US_50003,Bennington County,county_or_equivalent,VT,"Bennington, VT",K03,1.333333333333,4999.999999999829,0.0,489.499999999976,0.026666666666660916,0.0,-0.026666666666660916,0.0,9.789999999999857,2,0,250,False,False,K01,0.07832020997376246,K01,0.07832020997376246,State measurement and problem diagnosis,#CDD1D5
NSF,US_50003,Bennington County,county_or_equivalent,VT,"Bennington, VT",K04,1.333333333333,4999.999999999829,0.0,1428.999999999969,0.026666666666660916,0.0,-0.026666666666660916,0.0,28.580000000000364,2,0,250,False,False,K01,0.07832020997376246,K01,0.07832020997376246,State measurement and problem diagnosis,#CDD1D5
NSF,US_50003,Bennington County,county_or_equivalent,VT,"Bennington, VT",K05,1.333333333333,4999.999999999829,0.0,450.99999999999,0.026666666666660916,0.0,-0.026666666666660916,0.0,9.02000000000011,2,0,250,False,False,K01,0.07832020997376246,K01,0.07832020997376246,State measurement and problem diagnosis,#CDD1D5
NSF,US_50003,Bennington County,county_or_equivalent,VT,"Bennington, VT",K06,1.333333333333,4999.999999999829,0.0,41.999999999999,0.026666666666660916,0.0,-0.026666666666660916,0.0,0.8400000000000089,2,0,250,False,False,K01,0.07832020997376246,K01,0.07832020997376246,State measurement and problem diagnosis,#CDD1D5
NSF,US_50007,Chittenden County,county_or_equivalent,VT,"Chittenden, VT",K01,12.499999999999,4999.999999999829,2.5,952.499999999969,0.2499999999999886,0.2624671916010584,0.012467191601069821,20.0000000000016,19.050000000000036,17,3,112,False,False,K02,0.13712306438468683,K02,0.13712306438468683,Mechanism analysis and causal identification,#CDD1D5
NSF,US_50007,Chittenden County,county_or_equivalent,VT,"Chittenden, VT",K02,12.499999999999,4999.999999999829,6.333333333333,1635.999999999925,0.2499999999999886,0.3871230643846754,0.13712306438468683,50.66666666666805,32.71999999999962,17,9,112,False,False,K02,0.13712306438468683,K02,0.13712306438468683,Mechanism analysis and causal identification,#CDD1D5
NSF,US_50007,Chittenden County,county_or_equivalent,VT,"Chittenden, VT",K03,12.499999999999,4999.999999999829,0.0,489.499999999976,0.2499999999999886,0.0,-0.2499999999999886,0.0,9.789999999999857,17,0,112,False,False,K02,0.13712306438468683,K02,0.13712306438468683,Mechanism analysis and causal identification,#CDD1D5
NSF,US_50007,Chittenden County,county_or_equivalent,VT,"Chittenden, VT",K04,12.499999999999,4999.999999999829,3.333333333333,1428.999999999969,0.2499999999999886,0.23326335432701695,-0.016736645672971645,26.666666666666135,28.580000000000364,17,4,112,False,False,K02,0.13712306438468683,K02,0.13712306438468683,Mechanism analysis and causal identification,#CDD1D5
NSF,US_50007,Chittenden County,county_or_equivalent,VT,"Chittenden, VT",K05,12.499999999999,4999.999999999829,0.333333333333,450.99999999999,0.2499999999999886,0.07390983000731872,-0.17609016999266985,2.666666666664214,9.02000000000011,17,1,112,False,False,K02,0.13712306438468683,K02,0.13712306438468683,Mechanism analysis and causal identification,#CDD1D5
NSF,US_50007,Chittenden County,county_or_equivalent,VT,"Chittenden, VT",K06,12.499999999999,4999.999999999829,0.0,41.999999999999,0.2499999999999886,0.0,-0.2499999999999886,0.0,0.8400000000000089,17,0,112,False,False,K02,0.13712306438468683,K02,0.13712306438468683,Mechanism analysis and causal identification,#CDD1D5
NSF,US_50023,Washington County,county_or_equivalent,VT,"Washington, VT",K01,0.5,4999.999999999829,0.5,952.499999999969,0.010000000000000344,0.05249343832021169,0.042493438320211345,100.0,19.050000000000036,1,1,338,False,False,K01,0.042493438320211345,K01,0.042493438320211345,State measurement and problem diagnosis,#CDD1D5
NSF,US_50023,Washington County,county_or_equivalent,VT,"Washington, VT",K02,0.5,4999.999999999829,0.0,1635.999999999925,0.010000000000000344,0.0,-0.010000000000000344,0.0,32.71999999999962,1,0,338,False,False,K01,0.042493438320211345,K01,0.042493438320211345,State measurement and problem diagnosis,#CDD1D5
NSF,US_50023,Washington County,county_or_equivalent,VT,"Washington, VT",K03,0.5,4999.999999999829,0.0,489.499999999976,0.010000000000000344,0.0,-0.010000000000000344,0.0,9.789999999999857,1,0,338,False,False,K01,0.042493438320211345,K01,0.042493438320211345,State measurement and problem diagnosis,#CDD1D5
NSF,US_50023,Washington County,county_or_equivalent,VT,"Washington, VT",K04,0.5,4999.999999999829,0.0,1428.999999999969,0.010000000000000344,0.0,-0.010000000000000344,0.0,28.580000000000364,1,0,338,False,False,K01,0.042493438320211345,K01,0.042493438320211345,State measurement and problem diagnosis,#CDD1D5
NSF,US_50023,Washington County,county_or_equivalent,VT,"Washington, VT",K05,0.5,4999.999999999829,0.0,450.99999999999,0.010000000000000344,0.0,-0.010000000000000344,0.0,9.02000000000011,1,0,338,False,False,K01,0.042493438320211345,K01,0.042493438320211345,State measurement and problem diagnosis,#CDD1D5
NSF,US_50023,Washington County,county_or_equivalent,VT,"Washington, VT",K06,0.5,4999.999999999829,0.0,41.999999999999,0.010000000000000344,0.0,-0.010000000000000344,0.0,0.8400000000000089,1,0,338,False,False,K01,0.042493438320211345,K01,0.042493438320211345,State measurement and problem diagnosis,#CDD1D5
NSF,US_50025,Windham County,county_or_equivalent,VT,"Windham, VT",K01,1.0,4999.999999999829,0.0,952.499999999969,0.020000000000000687,0.0,-0.020000000000000687,0.0,19.050000000000036,1,0,313,False,False,K04,0.0499790062981114,K04,0.0499790062981114,Intervention design and performance optimization,#CDD1D5
NSF,US_50025,Windham County,county_or_equivalent,VT,"Windham, VT",K02,1.0,4999.999999999829,0.0,1635.999999999925,0.020000000000000687,0.0,-0.020000000000000687,0.0,32.71999999999962,1,0,313,False,False,K04,0.0499790062981114,K04,0.0499790062981114,Intervention design and performance optimization,#CDD1D5
NSF,US_50025,Windham County,county_or_equivalent,VT,"Windham, VT",K03,1.0,4999.999999999829,0.0,489.499999999976,0.020000000000000687,0.0,-0.020000000000000687,0.0,9.789999999999857,1,0,313,False,False,K04,0.0499790062981114,K04,0.0499790062981114,Intervention design and performance optimization,#CDD1D5
NSF,US_50025,Windham County,county_or_equivalent,VT,"Windham, VT",K04,1.0,4999.999999999829,1.0,1428.999999999969,0.020000000000000687,0.06997900629811209,0.0499790062981114,100.0,28.580000000000364,1,1,313,False,False,K04,0.0499790062981114,K04,0.0499790062981114,Intervention design and performance optimization,#CDD1D5
NSF,US_50025,Windham County,county_or_equivalent,VT,"Windham, VT",K05,1.0,4999.999999999829,0.0,450.99999999999,0.020000000000000687,0.0,-0.020000000000000687,0.0,9.02000000000011,1,0,313,False,False,K04,0.0499790062981114,K04,0.0499790062981114,Intervention design and performance optimization,#CDD1D5
NSF,US_50025,Windham County,county_or_equivalent,VT,"Windham, VT",K06,1.0,4999.999999999829,0.0,41.999999999999,0.020000000000000687,0.0,-0.020000000000000687,0.0,0.8400000000000089,1,0,313,False,False,K04,0.0499790062981114,K04,0.0499790062981114,Intervention design and performance optimization,#CDD1D5
NSF,US_51013,Arlington County,county_or_equivalent,VA,"Arlington, VA",K01,1.0,4999.999999999829,0.0,952.499999999969,0.020000000000000687,0.0,-0.020000000000000687,0.0,19.050000000000036,1,0,314,False,False,K03,0.1842900919305507,K03,0.1842900919305507,Scenario simulation and risk prediction,#CDD1D5
NSF,US_51013,Arlington County,county_or_equivalent,VA,"Arlington, VA",K02,1.0,4999.999999999829,0.0,1635.999999999925,0.020000000000000687,0.0,-0.020000000000000687,0.0,32.71999999999962,1,0,314,False,False,K03,0.1842900919305507,K03,0.1842900919305507,Scenario simulation and risk prediction,#CDD1D5
NSF,US_51013,Arlington County,county_or_equivalent,VA,"Arlington, VA",K03,1.0,4999.999999999829,1.0,489.499999999976,0.020000000000000687,0.2042900919305514,0.1842900919305507,100.0,9.789999999999857,1,1,314,False,False,K03,0.1842900919305507,K03,0.1842900919305507,Scenario simulation and risk prediction,#CDD1D5
NSF,US_51013,Arlington County,county_or_equivalent,VA,"Arlington, VA",K04,1.0,4999.999999999829,0.0,1428.999999999969,0.020000000000000687,0.0,-0.020000000000000687,0.0,28.580000000000364,1,0,314,False,False,K03,0.1842900919305507,K03,0.1842900919305507,Scenario simulation and risk prediction,#CDD1D5
NSF,US_51013,Arlington County,county_or_equivalent,VA,"Arlington, VA",K05,1.0,4999.999999999829,0.0,450.99999999999,0.020000000000000687,0.0,-0.020000000000000687,0.0,9.02000000000011,1,0,314,False,False,K03,0.1842900919305507,K03,0.1842900919305507,Scenario simulation and risk prediction,#CDD1D5
NSF,US_51013,Arlington County,county_or_equivalent,VA,"Arlington, VA",K06,1.0,4999.999999999829,0.0,41.999999999999,0.020000000000000687,0.0,-0.020000000000000687,0.0,0.8400000000000089,1,0,314,False,False,K03,0.1842900919305507,K03,0.1842900919305507,Scenario simulation and risk prediction,#CDD1D5
NSF,US_51059,Fairfax County,county_or_equivalent,VA,"Fairfax, VA",K01,3.0,4999.999999999829,1.0,952.499999999969,0.060000000000002066,0.10498687664042337,0.04498687664042131,33.333333333333336,19.050000000000036,3,1,196,False,False,K04,0.07995801259622211,K04,0.07995801259622211,Intervention design and performance optimization,#CDD1D5
NSF,US_51059,Fairfax County,county_or_equivalent,VA,"Fairfax, VA",K02,3.0,4999.999999999829,0.0,1635.999999999925,0.060000000000002066,0.0,-0.060000000000002066,0.0,32.71999999999962,3,0,196,False,False,K04,0.07995801259622211,K04,0.07995801259622211,Intervention design and performance optimization,#CDD1D5
NSF,US_51059,Fairfax County,county_or_equivalent,VA,"Fairfax, VA",K03,3.0,4999.999999999829,0.0,489.499999999976,0.060000000000002066,0.0,-0.060000000000002066,0.0,9.789999999999857,3,0,196,False,False,K04,0.07995801259622211,K04,0.07995801259622211,Intervention design and performance optimization,#CDD1D5
NSF,US_51059,Fairfax County,county_or_equivalent,VA,"Fairfax, VA",K04,3.0,4999.999999999829,2.0,1428.999999999969,0.060000000000002066,0.13995801259622417,0.07995801259622211,66.66666666666667,28.580000000000364,3,2,196,False,False,K04,0.07995801259622211,K04,0.07995801259622211,Intervention design and performance optimization,#CDD1D5
NSF,US_51059,Fairfax County,county_or_equivalent,VA,"Fairfax, VA",K05,3.0,4999.999999999829,0.0,450.99999999999,0.060000000000002066,0.0,-0.060000000000002066,0.0,9.02000000000011,3,0,196,False,False,K04,0.07995801259622211,K04,0.07995801259622211,Intervention design and performance optimization,#CDD1D5
NSF,US_51059,Fairfax County,county_or_equivalent,VA,"Fairfax, VA",K06,3.0,4999.999999999829,0.0,41.999999999999,0.060000000000002066,0.0,-0.060000000000002066,0.0,0.8400000000000089,3,0,196,False,False,K04,0.07995801259622211,K04,0.07995801259622211,Intervention design and performance optimization,#CDD1D5
NSF,US_51073,Gloucester County,county_or_equivalent,VA,"Gloucester, VA",K01,7.499999999999,4999.999999999829,2.833333333333,952.499999999969,0.14999999999998515,0.29746281714783124,0.1474628171478461,37.77777777777837,19.050000000000036,11,4,144,False,False,K01,0.1474628171478461,K01,0.1474628171478461,State measurement and problem diagnosis,#CDD1D5
NSF,US_51073,Gloucester County,county_or_equivalent,VA,"Gloucester, VA",K02,7.499999999999,4999.999999999829,3.333333333333,1635.999999999925,0.14999999999998515,0.2037489812550827,0.053748981255097555,44.44444444444593,32.71999999999962,11,5,144,False,False,K01,0.1474628171478461,K01,0.1474628171478461,State measurement and problem diagnosis,#CDD1D5
NSF,US_51073,Gloucester County,county_or_equivalent,VA,"Gloucester, VA",K03,7.499999999999,4999.999999999829,1.333333333333,489.499999999976,0.14999999999998515,0.27238678924066706,0.12238678924068191,17.777777777775704,9.789999999999857,11,2,144,False,False,K01,0.1474628171478461,K01,0.1474628171478461,State measurement and problem diagnosis,#CDD1D5
NSF,US_51073,Gloucester County,county_or_equivalent,VA,"Gloucester, VA",K04,7.499999999999,4999.999999999829,0.0,1428.999999999969,0.14999999999998515,0.0,-0.14999999999998515,0.0,28.580000000000364,11,0,144,False,False,K01,0.1474628171478461,K01,0.1474628171478461,State measurement and problem diagnosis,#CDD1D5
NSF,US_51073,Gloucester County,county_or_equivalent,VA,"Gloucester, VA",K05,7.499999999999,4999.999999999829,0.0,450.99999999999,0.14999999999998515,0.0,-0.14999999999998515,0.0,9.02000000000011,11,0,144,False,False,K01,0.1474628171478461,K01,0.1474628171478461,State measurement and problem diagnosis,#CDD1D5
NSF,US_51073,Gloucester County,county_or_equivalent,VA,"Gloucester, VA",K06,7.499999999999,4999.999999999829,0.0,41.999999999999,0.14999999999998515,0.0,-0.14999999999998515,0.0,0.8400000000000089,11,0,144,False,False,K01,0.1474628171478461,K01,0.1474628171478461,State measurement and problem diagnosis,#CDD1D5
NSF,US_51085,Hanover County,county_or_equivalent,VA,"Hanover, VA",K01,1.0,4999.999999999829,0.0,952.499999999969,0.020000000000000687,0.0,-0.020000000000000687,0.0,19.050000000000036,1,0,315,False,False,K04,0.0499790062981114,K04,0.0499790062981114,Intervention design and performance optimization,#CDD1D5
NSF,US_51085,Hanover County,county_or_equivalent,VA,"Hanover, VA",K02,1.0,4999.999999999829,0.0,1635.999999999925,0.020000000000000687,0.0,-0.020000000000000687,0.0,32.71999999999962,1,0,315,False,False,K04,0.0499790062981114,K04,0.0499790062981114,Intervention design and performance optimization,#CDD1D5
NSF,US_51085,Hanover County,county_or_equivalent,VA,"Hanover, VA",K03,1.0,4999.999999999829,0.0,489.499999999976,0.020000000000000687,0.0,-0.020000000000000687,0.0,9.789999999999857,1,0,315,False,False,K04,0.0499790062981114,K04,0.0499790062981114,Intervention design and performance optimization,#CDD1D5
NSF,US_51085,Hanover County,county_or_equivalent,VA,"Hanover, VA",K04,1.0,4999.999999999829,1.0,1428.999999999969,0.020000000000000687,0.06997900629811209,0.0499790062981114,100.0,28.580000000000364,1,1,315,False,False,K04,0.0499790062981114,K04,0.0499790062981114,Intervention design and performance optimization,#CDD1D5
NSF,US_51085,Hanover County,county_or_equivalent,VA,"Hanover, VA",K05,1.0,4999.999999999829,0.0,450.99999999999,0.020000000000000687,0.0,-0.020000000000000687,0.0,9.02000000000011,1,0,315,False,False,K04,0.0499790062981114,K04,0.0499790062981114,Intervention design and performance optimization,#CDD1D5
NSF,US_51085,Hanover County,county_or_equivalent,VA,"Hanover, VA",K06,1.0,4999.999999999829,0.0,41.999999999999,0.020000000000000687,0.0,-0.020000000000000687,0.0,0.8400000000000089,1,0,315,False,False,K04,0.0499790062981114,K04,0.0499790062981114,Intervention design and performance optimization,#CDD1D5
NSF,US_51121,Montgomery County,county_or_equivalent,VA,"Montgomery, VA",K01,53.869047619044,4999.999999999829,13.416666666666,952.499999999969,1.077380952380917,1.4085739282589433,0.3311929758780263,24.906077348066734,19.050000000000036,70,16,25,False,False,K03,0.8706709956710681,K03,0.8706709956710681,Scenario simulation and risk prediction,#CDD1D5
NSF,US_51121,Montgomery County,county_or_equivalent,VA,"Montgomery, VA",K02,53.869047619044,4999.999999999829,13.416666666665,1635.999999999925,1.077380952380917,0.8200896495516881,-0.25729130282922896,24.90607734806488,32.71999999999962,70,19,25,False,False,K03,0.8706709956710681,K03,0.8706709956710681,Scenario simulation and risk prediction,#CDD1D5
NSF,US_51121,Montgomery County,county_or_equivalent,VA,"Montgomery, VA",K03,53.869047619044,4999.999999999829,9.535714285714,489.499999999976,1.077380952380917,1.9480519480519851,0.8706709956710681,17.701657458564195,9.789999999999857,70,12,25,False,False,K03,0.8706709956710681,K03,0.8706709956710681,Scenario simulation and risk prediction,#CDD1D5
NSF,US_51121,Montgomery County,county_or_equivalent,VA,"Montgomery, VA",K04,53.869047619044,4999.999999999829,10.999999999999,1428.999999999969,1.077380952380917,0.7697690692791629,-0.30761188310175414,20.419889502761947,28.580000000000364,70,16,25,False,False,K03,0.8706709956710681,K03,0.8706709956710681,Scenario simulation and risk prediction,#CDD1D5
NSF,US_51121,Montgomery County,county_or_equivalent,VA,"Montgomery, VA",K05,53.869047619044,4999.999999999829,6.5,450.99999999999,1.077380952380917,1.441241685144156,0.36386073276323905,12.066298342542249,9.02000000000011,70,7,25,False,False,K03,0.8706709956710681,K03,0.8706709956710681,Scenario simulation and risk prediction,#CDD1D5
NSF,US_51121,Montgomery County,county_or_equivalent,VA,"Montgomery, VA",K06,53.869047619044,4999.999999999829,0.0,41.999999999999,1.077380952380917,0.0,-1.077380952380917,0.0,0.8400000000000089,70,0,25,False,False,K03,0.8706709956710681,K03,0.8706709956710681,Scenario simulation and risk prediction,#CDD1D5
NSF,US_51125,Nelson County,county_or_equivalent,VA,"Nelson, VA",K01,1.0,4999.999999999829,0.0,952.499999999969,0.020000000000000687,0.0,-0.020000000000000687,0.0,19.050000000000036,1,0,316,False,False,K02,0.04112469437653023,K02,0.04112469437653023,Mechanism analysis and causal identification,#CDD1D5
NSF,US_51125,Nelson County,county_or_equivalent,VA,"Nelson, VA",K02,1.0,4999.999999999829,1.0,1635.999999999925,0.020000000000000687,0.06112469437653092,0.04112469437653023,100.0,32.71999999999962,1,1,316,False,False,K02,0.04112469437653023,K02,0.04112469437653023,Mechanism analysis and causal identification,#CDD1D5
NSF,US_51125,Nelson County,county_or_equivalent,VA,"Nelson, VA",K03,1.0,4999.999999999829,0.0,489.499999999976,0.020000000000000687,0.0,-0.020000000000000687,0.0,9.789999999999857,1,0,316,False,False,K02,0.04112469437653023,K02,0.04112469437653023,Mechanism analysis and causal identification,#CDD1D5
NSF,US_51125,Nelson County,county_or_equivalent,VA,"Nelson, VA",K04,1.0,4999.999999999829,0.0,1428.999999999969,0.020000000000000687,0.0,-0.020000000000000687,0.0,28.580000000000364,1,0,316,False,False,K02,0.04112469437653023,K02,0.04112469437653023,Mechanism analysis and causal identification,#CDD1D5
NSF,US_51125,Nelson County,county_or_equivalent,VA,"Nelson, VA",K05,1.0,4999.999999999829,0.0,450.99999999999,0.020000000000000687,0.0,-0.020000000000000687,0.0,9.02000000000011,1,0,316,False,False,K02,0.04112469437653023,K02,0.04112469437653023,Mechanism analysis and causal identification,#CDD1D5
NSF,US_51125,Nelson County,county_or_equivalent,VA,"Nelson, VA",K06,1.0,4999.999999999829,0.0,41.999999999999,0.020000000000000687,0.0,-0.020000000000000687,0.0,0.8400000000000089,1,0,316,False,False,K02,0.04112469437653023,K02,0.04112469437653023,Mechanism analysis and causal identification,#CDD1D5
NSF,US_51131,Northampton County,county_or_equivalent,VA,"Northampton, VA",K01,1.0,4999.999999999829,0.0,952.499999999969,0.020000000000000687,0.0,-0.020000000000000687,0.0,19.050000000000036,1,0,317,False,False,K04,0.0499790062981114,K04,0.0499790062981114,Intervention design and performance optimization,#CDD1D5
NSF,US_51131,Northampton County,county_or_equivalent,VA,"Northampton, VA",K02,1.0,4999.999999999829,0.0,1635.999999999925,0.020000000000000687,0.0,-0.020000000000000687,0.0,32.71999999999962,1,0,317,False,False,K04,0.0499790062981114,K04,0.0499790062981114,Intervention design and performance optimization,#CDD1D5
NSF,US_51131,Northampton County,county_or_equivalent,VA,"Northampton, VA",K03,1.0,4999.999999999829,0.0,489.499999999976,0.020000000000000687,0.0,-0.020000000000000687,0.0,9.789999999999857,1,0,317,False,False,K04,0.0499790062981114,K04,0.0499790062981114,Intervention design and performance optimization,#CDD1D5
NSF,US_51131,Northampton County,county_or_equivalent,VA,"Northampton, VA",K04,1.0,4999.999999999829,1.0,1428.999999999969,0.020000000000000687,0.06997900629811209,0.0499790062981114,100.0,28.580000000000364,1,1,317,False,False,K04,0.0499790062981114,K04,0.0499790062981114,Intervention design and performance optimization,#CDD1D5
NSF,US_51131,Northampton County,county_or_equivalent,VA,"Northampton, VA",K05,1.0,4999.999999999829,0.0,450.99999999999,0.020000000000000687,0.0,-0.020000000000000687,0.0,9.02000000000011,1,0,317,False,False,K04,0.0499790062981114,K04,0.0499790062981114,Intervention design and performance optimization,#CDD1D5
NSF,US_51131,Northampton County,county_or_equivalent,VA,"Northampton, VA",K06,1.0,4999.999999999829,0.0,41.999999999999,0.020000000000000687,0.0,-0.020000000000000687,0.0,0.8400000000000089,1,0,317,False,False,K04,0.0499790062981114,K04,0.0499790062981114,Intervention design and performance optimization,#CDD1D5
NSF,US_51147,Prince Edward County,county_or_equivalent,VA,"Prince Edward, VA",K01,1.0,4999.999999999829,1.0,952.499999999969,0.020000000000000687,0.10498687664042337,0.08498687664042269,100.0,19.050000000000036,1,1,318,False,False,K01,0.08498687664042269,K01,0.08498687664042269,State measurement and problem diagnosis,#CDD1D5
NSF,US_51147,Prince Edward County,county_or_equivalent,VA,"Prince Edward, VA",K02,1.0,4999.999999999829,0.0,1635.999999999925,0.020000000000000687,0.0,-0.020000000000000687,0.0,32.71999999999962,1,0,318,False,False,K01,0.08498687664042269,K01,0.08498687664042269,State measurement and problem diagnosis,#CDD1D5
NSF,US_51147,Prince Edward County,county_or_equivalent,VA,"Prince Edward, VA",K03,1.0,4999.999999999829,0.0,489.499999999976,0.020000000000000687,0.0,-0.020000000000000687,0.0,9.789999999999857,1,0,318,False,False,K01,0.08498687664042269,K01,0.08498687664042269,State measurement and problem diagnosis,#CDD1D5
NSF,US_51147,Prince Edward County,county_or_equivalent,VA,"Prince Edward, VA",K04,1.0,4999.999999999829,0.0,1428.999999999969,0.020000000000000687,0.0,-0.020000000000000687,0.0,28.580000000000364,1,0,318,False,False,K01,0.08498687664042269,K01,0.08498687664042269,State measurement and problem diagnosis,#CDD1D5
NSF,US_51147,Prince Edward County,county_or_equivalent,VA,"Prince Edward, VA",K05,1.0,4999.999999999829,0.0,450.99999999999,0.020000000000000687,0.0,-0.020000000000000687,0.0,9.02000000000011,1,0,318,False,False,K01,0.08498687664042269,K01,0.08498687664042269,State measurement and problem diagnosis,#CDD1D5
NSF,US_51147,Prince Edward County,county_or_equivalent,VA,"Prince Edward, VA",K06,1.0,4999.999999999829,0.0,41.999999999999,0.020000000000000687,0.0,-0.020000000000000687,0.0,0.8400000000000089,1,0,318,False,False,K01,0.08498687664042269,K01,0.08498687664042269,State measurement and problem diagnosis,#CDD1D5
NSF,US_51179,Stafford County,county_or_equivalent,VA,"Stafford, VA",K01,2.0,4999.999999999829,0.0,952.499999999969,0.040000000000001375,0.0,-0.040000000000001375,0.0,19.050000000000036,2,0,236,False,False,K03,0.16429009193055003,K03,0.16429009193055003,Scenario simulation and risk prediction,#CDD1D5
NSF,US_51179,Stafford County,county_or_equivalent,VA,"Stafford, VA",K02,2.0,4999.999999999829,0.0,1635.999999999925,0.040000000000001375,0.0,-0.040000000000001375,0.0,32.71999999999962,2,0,236,False,False,K03,0.16429009193055003,K03,0.16429009193055003,Scenario simulation and risk prediction,#CDD1D5
NSF,US_51179,Stafford County,county_or_equivalent,VA,"Stafford, VA",K03,2.0,4999.999999999829,1.0,489.499999999976,0.040000000000001375,0.2042900919305514,0.16429009193055003,50.0,9.789999999999857,2,1,236,False,False,K03,0.16429009193055003,K03,0.16429009193055003,Scenario simulation and risk prediction,#CDD1D5
NSF,US_51179,Stafford County,county_or_equivalent,VA,"Stafford, VA",K04,2.0,4999.999999999829,1.0,1428.999999999969,0.040000000000001375,0.06997900629811209,0.029979006298110712,50.0,28.580000000000364,2,1,236,False,False,K03,0.16429009193055003,K03,0.16429009193055003,Scenario simulation and risk prediction,#CDD1D5
NSF,US_51179,Stafford County,county_or_equivalent,VA,"Stafford, VA",K05,2.0,4999.999999999829,0.0,450.99999999999,0.040000000000001375,0.0,-0.040000000000001375,0.0,9.02000000000011,2,0,236,False,False,K03,0.16429009193055003,K03,0.16429009193055003,Scenario simulation and risk prediction,#CDD1D5
NSF,US_51179,Stafford County,county_or_equivalent,VA,"Stafford, VA",K06,2.0,4999.999999999829,0.0,41.999999999999,0.040000000000001375,0.0,-0.040000000000001375,0.0,0.8400000000000089,2,0,236,False,False,K03,0.16429009193055003,K03,0.16429009193055003,Scenario simulation and risk prediction,#CDD1D5
NSF,US_51510,Alexandria (county equivalent),county_or_equivalent,VA,"Alexandria (county equivalent), VA",K01,1.0,4999.999999999829,0.0,952.499999999969,0.020000000000000687,0.0,-0.020000000000000687,0.0,19.050000000000036,1,0,319,False,False,K05,0.2017294900221772,K05,0.2017294900221772,Planning decision support and policy design,#CDD1D5
NSF,US_51510,Alexandria (county equivalent),county_or_equivalent,VA,"Alexandria (county equivalent), VA",K02,1.0,4999.999999999829,0.0,1635.999999999925,0.020000000000000687,0.0,-0.020000000000000687,0.0,32.71999999999962,1,0,319,False,False,K05,0.2017294900221772,K05,0.2017294900221772,Planning decision support and policy design,#CDD1D5
NSF,US_51510,Alexandria (county equivalent),county_or_equivalent,VA,"Alexandria (county equivalent), VA",K03,1.0,4999.999999999829,0.0,489.499999999976,0.020000000000000687,0.0,-0.020000000000000687,0.0,9.789999999999857,1,0,319,False,False,K05,0.2017294900221772,K05,0.2017294900221772,Planning decision support and policy design,#CDD1D5
NSF,US_51510,Alexandria (county equivalent),county_or_equivalent,VA,"Alexandria (county equivalent), VA",K04,1.0,4999.999999999829,0.0,1428.999999999969,0.020000000000000687,0.0,-0.020000000000000687,0.0,28.580000000000364,1,0,319,False,False,K05,0.2017294900221772,K05,0.2017294900221772,Planning decision support and policy design,#CDD1D5
NSF,US_51510,Alexandria (county equivalent),county_or_equivalent,VA,"Alexandria (county equivalent), VA",K05,1.0,4999.999999999829,1.0,450.99999999999,0.020000000000000687,0.22172949002217787,0.2017294900221772,100.0,9.02000000000011,1,1,319,False,False,K05,0.2017294900221772,K05,0.2017294900221772,Planning decision support and policy design,#CDD1D5
NSF,US_51510,Alexandria (county equivalent),county_or_equivalent,VA,"Alexandria (county equivalent), VA",K06,1.0,4999.999999999829,0.0,41.999999999999,0.020000000000000687,0.0,-0.020000000000000687,0.0,0.8400000000000089,1,0,319,False,False,K05,0.2017294900221772,K05,0.2017294900221772,Planning decision support and policy design,#CDD1D5
NSF,US_51540,Charlottesville (county equivalent),county_or_equivalent,VA,"Charlottesville (county equivalent), VA",K01,22.42619047619,4999.999999999829,4.5,952.499999999969,0.44852380952381543,0.47244094488190513,0.023917135358089703,20.06582439749485,19.050000000000036,27,5,71,False,False,K06,1.9324285714286225,K04,0.041329234562969164,Intervention design and performance optimization,#CDD1D5
NSF,US_51540,Charlottesville (county equivalent),county_or_equivalent,VA,"Charlottesville (county equivalent), VA",K02,22.42619047619,4999.999999999829,7.583333333333,1635.999999999925,0.44852380952381543,0.4635289323553391,0.015005122831523665,33.81463000318428,32.71999999999962,27,10,71,False,False,K06,1.9324285714286225,K04,0.041329234562969164,Intervention design and performance optimization,#CDD1D5
NSF,US_51540,Charlottesville (county equivalent),county_or_equivalent,VA,"Charlottesville (county equivalent), VA",K03,22.42619047619,4999.999999999829,0.342857142857,489.499999999976,0.44852380952381543,0.0700423172333027,-0.37848149229051276,1.5288247159989705,9.789999999999857,27,2,71,False,False,K06,1.9324285714286225,K04,0.041329234562969164,Intervention design and performance optimization,#CDD1D5
NSF,US_51540,Charlottesville (county equivalent),county_or_equivalent,VA,"Charlottesville (county equivalent), VA",K04,22.42619047619,4999.999999999829,7.0,1428.999999999969,0.44852380952381543,0.4898530440867846,0.041329234562969164,31.213504618325324,28.580000000000364,27,7,71,False,False,K06,1.9324285714286225,K04,0.041329234562969164,Intervention design and performance optimization,#CDD1D5
NSF,US_51540,Charlottesville (county equivalent),county_or_equivalent,VA,"Charlottesville (county equivalent), VA",K05,22.42619047619,4999.999999999829,2.0,450.99999999999,0.44852380952381543,0.44345898004435574,-0.005064829479459687,8.918144176664379,9.02000000000011,27,2,71,False,False,K06,1.9324285714286225,K04,0.041329234562969164,Intervention design and performance optimization,#CDD1D5
NSF,US_51540,Charlottesville (county equivalent),county_or_equivalent,VA,"Charlottesville (county equivalent), VA",K06,22.42619047619,4999.999999999829,1.0,41.999999999999,0.44852380952381543,2.3809523809524378,1.9324285714286225,4.4590720883321895,0.8400000000000089,27,1,71,False,False,K06,1.9324285714286225,K04,0.041329234562969164,Intervention design and performance optimization,#CDD1D5
NSF,US_51600,Fairfax (county equivalent),county_or_equivalent,VA,"Fairfax (county equivalent), VA",K01,23.333333333333,4999.999999999829,6.0,952.499999999969,0.4666666666666761,0.6299212598425402,0.1632545931758641,25.71428571428608,19.050000000000036,25,7,68,False,False,K01,0.1632545931758641,K01,0.1632545931758641,State measurement and problem diagnosis,#CDD1D5
NSF,US_51600,Fairfax (county equivalent),county_or_equivalent,VA,"Fairfax (county equivalent), VA",K02,23.333333333333,4999.999999999829,8.333333333333,1635.999999999925,0.4666666666666761,0.5093724531377373,0.04270578647106116,35.71428571428479,32.71999999999962,25,9,68,False,False,K01,0.1632545931758641,K01,0.1632545931758641,State measurement and problem diagnosis,#CDD1D5
NSF,US_51600,Fairfax (county equivalent),county_or_equivalent,VA,"Fairfax (county equivalent), VA",K03,23.333333333333,4999.999999999829,3.0,489.499999999976,0.4666666666666761,0.6128702757916541,0.14620360912497798,12.85714285714304,9.789999999999857,25,3,68,False,False,K01,0.1632545931758641,K01,0.1632545931758641,State measurement and problem diagnosis,#CDD1D5
NSF,US_51600,Fairfax (county equivalent),county_or_equivalent,VA,"Fairfax (county equivalent), VA",K04,23.333333333333,4999.999999999829,4.0,1428.999999999969,0.4666666666666761,0.27991602519244835,-0.18675064147422776,17.142857142857387,28.580000000000364,25,4,68,False,False,K01,0.1632545931758641,K01,0.1632545931758641,State measurement and problem diagnosis,#CDD1D5
NSF,US_51600,Fairfax (county equivalent),county_or_equivalent,VA,"Fairfax (county equivalent), VA",K05,23.333333333333,4999.999999999829,2.0,450.99999999999,0.4666666666666761,0.44345898004435574,-0.023207686622320367,8.571428571428694,9.02000000000011,25,2,68,False,False,K01,0.1632545931758641,K01,0.1632545931758641,State measurement and problem diagnosis,#CDD1D5
NSF,US_51600,Fairfax (county equivalent),county_or_equivalent,VA,"Fairfax (county equivalent), VA",K06,23.333333333333,4999.999999999829,0.0,41.999999999999,0.4666666666666761,0.0,-0.4666666666666761,0.0,0.8400000000000089,25,0,68,False,False,K01,0.1632545931758641,K01,0.1632545931758641,State measurement and problem diagnosis,#CDD1D5
NSF,US_51660,Harrisonburg (county equivalent),county_or_equivalent,VA,"Harrisonburg (county equivalent), VA",K01,1.0,4999.999999999829,1.0,952.499999999969,0.020000000000000687,0.10498687664042337,0.08498687664042269,100.0,19.050000000000036,1,1,320,False,False,K01,0.08498687664042269,K01,0.08498687664042269,State measurement and problem diagnosis,#CDD1D5
NSF,US_51660,Harrisonburg (county equivalent),county_or_equivalent,VA,"Harrisonburg (county equivalent), VA",K02,1.0,4999.999999999829,0.0,1635.999999999925,0.020000000000000687,0.0,-0.020000000000000687,0.0,32.71999999999962,1,0,320,False,False,K01,0.08498687664042269,K01,0.08498687664042269,State measurement and problem diagnosis,#CDD1D5
NSF,US_51660,Harrisonburg (county equivalent),county_or_equivalent,VA,"Harrisonburg (county equivalent), VA",K03,1.0,4999.999999999829,0.0,489.499999999976,0.020000000000000687,0.0,-0.020000000000000687,0.0,9.789999999999857,1,0,320,False,False,K01,0.08498687664042269,K01,0.08498687664042269,State measurement and problem diagnosis,#CDD1D5
NSF,US_51660,Harrisonburg (county equivalent),county_or_equivalent,VA,"Harrisonburg (county equivalent), VA",K04,1.0,4999.999999999829,0.0,1428.999999999969,0.020000000000000687,0.0,-0.020000000000000687,0.0,28.580000000000364,1,0,320,False,False,K01,0.08498687664042269,K01,0.08498687664042269,State measurement and problem diagnosis,#CDD1D5
NSF,US_51660,Harrisonburg (county equivalent),county_or_equivalent,VA,"Harrisonburg (county equivalent), VA",K05,1.0,4999.999999999829,0.0,450.99999999999,0.020000000000000687,0.0,-0.020000000000000687,0.0,9.02000000000011,1,0,320,False,False,K01,0.08498687664042269,K01,0.08498687664042269,State measurement and problem diagnosis,#CDD1D5
NSF,US_51660,Harrisonburg (county equivalent),county_or_equivalent,VA,"Harrisonburg (county equivalent), VA",K06,1.0,4999.999999999829,0.0,41.999999999999,0.020000000000000687,0.0,-0.020000000000000687,0.0,0.8400000000000089,1,0,320,False,False,K01,0.08498687664042269,K01,0.08498687664042269,State measurement and problem diagnosis,#CDD1D5
NSF,US_51683,Manassas (county equivalent),county_or_equivalent,VA,"Manassas (county equivalent), VA",K01,0.25,4999.999999999829,0.25,952.499999999969,0.005000000000000172,0.026246719160105843,0.021246719160105672,100.0,19.050000000000036,1,1,352,False,False,K01,0.021246719160105672,K01,0.021246719160105672,State measurement and problem diagnosis,#CDD1D5
NSF,US_51683,Manassas (county equivalent),county_or_equivalent,VA,"Manassas (county equivalent), VA",K02,0.25,4999.999999999829,0.0,1635.999999999925,0.005000000000000172,0.0,-0.005000000000000172,0.0,32.71999999999962,1,0,352,False,False,K01,0.021246719160105672,K01,0.021246719160105672,State measurement and problem diagnosis,#CDD1D5
NSF,US_51683,Manassas (county equivalent),county_or_equivalent,VA,"Manassas (county equivalent), VA",K03,0.25,4999.999999999829,0.0,489.499999999976,0.005000000000000172,0.0,-0.005000000000000172,0.0,9.789999999999857,1,0,352,False,False,K01,0.021246719160105672,K01,0.021246719160105672,State measurement and problem diagnosis,#CDD1D5
NSF,US_51683,Manassas (county equivalent),county_or_equivalent,VA,"Manassas (county equivalent), VA",K04,0.25,4999.999999999829,0.0,1428.999999999969,0.005000000000000172,0.0,-0.005000000000000172,0.0,28.580000000000364,1,0,352,False,False,K01,0.021246719160105672,K01,0.021246719160105672,State measurement and problem diagnosis,#CDD1D5
NSF,US_51683,Manassas (county equivalent),county_or_equivalent,VA,"Manassas (county equivalent), VA",K05,0.25,4999.999999999829,0.0,450.99999999999,0.005000000000000172,0.0,-0.005000000000000172,0.0,9.02000000000011,1,0,352,False,False,K01,0.021246719160105672,K01,0.021246719160105672,State measurement and problem diagnosis,#CDD1D5
NSF,US_51683,Manassas (county equivalent),county_or_equivalent,VA,"Manassas (county equivalent), VA",K06,0.25,4999.999999999829,0.0,41.999999999999,0.005000000000000172,0.0,-0.005000000000000172,0.0,0.8400000000000089,1,0,352,False,False,K01,0.021246719160105672,K01,0.021246719160105672,State measurement and problem diagnosis,#CDD1D5
NSF,US_51710,Norfolk (county equivalent),county_or_equivalent,VA,"Norfolk (county equivalent), VA",K01,8.249999999999,4999.999999999829,3.0,952.499999999969,0.16499999999998566,0.3149606299212701,0.14996062992128445,36.36363636364077,19.050000000000036,13,4,140,False,False,K01,0.14996062992128445,K01,0.14996062992128445,State measurement and problem diagnosis,#CDD1D5
NSF,US_51710,Norfolk (county equivalent),county_or_equivalent,VA,"Norfolk (county equivalent), VA",K02,8.249999999999,4999.999999999829,1.416666666666,1635.999999999925,0.16499999999998566,0.08659331703337805,-0.0784066829666076,17.171717171711173,32.71999999999962,13,4,140,False,False,K01,0.14996062992128445,K01,0.14996062992128445,State measurement and problem diagnosis,#CDD1D5
NSF,US_51710,Norfolk (county equivalent),county_or_equivalent,VA,"Norfolk (county equivalent), VA",K03,8.249999999999,4999.999999999829,0.33333333333299997,489.499999999976,0.16499999999998566,0.0680966973101157,-0.09690330268986996,4.04040404040049,9.789999999999857,13,1,140,False,False,K01,0.14996062992128445,K01,0.14996062992128445,State measurement and problem diagnosis,#CDD1D5
NSF,US_51710,Norfolk (county equivalent),county_or_equivalent,VA,"Norfolk (county equivalent), VA",K04,8.249999999999,4999.999999999829,3.5,1428.999999999969,0.16499999999998566,0.2449265220433923,0.07992652204340664,42.424242424247566,28.580000000000364,13,4,140,False,False,K01,0.14996062992128445,K01,0.14996062992128445,State measurement and problem diagnosis,#CDD1D5
NSF,US_51710,Norfolk (county equivalent),county_or_equivalent,VA,"Norfolk (county equivalent), VA",K05,8.249999999999,4999.999999999829,0.0,450.99999999999,0.16499999999998566,0.0,-0.16499999999998566,0.0,9.02000000000011,13,0,140,False,False,K01,0.14996062992128445,K01,0.14996062992128445,State measurement and problem diagnosis,#CDD1D5
NSF,US_51710,Norfolk (county equivalent),county_or_equivalent,VA,"Norfolk (county equivalent), VA",K06,8.249999999999,4999.999999999829,0.0,41.999999999999,0.16499999999998566,0.0,-0.16499999999998566,0.0,0.8400000000000089,13,0,140,False,False,K01,0.14996062992128445,K01,0.14996062992128445,State measurement and problem diagnosis,#CDD1D5
NSF,US_51760,Richmond (county equivalent),county_or_equivalent,VA,"Richmond (county equivalent), VA",K01,3.5,4999.999999999829,1.0,952.499999999969,0.07000000000000241,0.10498687664042337,0.034986876640420966,28.571428571428573,19.050000000000036,4,1,182,False,False,K04,0.06995801259622177,K04,0.06995801259622177,Intervention design and performance optimization,#CDD1D5
NSF,US_51760,Richmond (county equivalent),county_or_equivalent,VA,"Richmond (county equivalent), VA",K02,3.5,4999.999999999829,0.5,1635.999999999925,0.07000000000000241,0.03056234718826546,-0.039437652811736945,14.285714285714286,32.71999999999962,4,1,182,False,False,K04,0.06995801259622177,K04,0.06995801259622177,Intervention design and performance optimization,#CDD1D5
NSF,US_51760,Richmond (county equivalent),county_or_equivalent,VA,"Richmond (county equivalent), VA",K03,3.5,4999.999999999829,0.0,489.499999999976,0.07000000000000241,0.0,-0.07000000000000241,0.0,9.789999999999857,4,0,182,False,False,K04,0.06995801259622177,K04,0.06995801259622177,Intervention design and performance optimization,#CDD1D5
NSF,US_51760,Richmond (county equivalent),county_or_equivalent,VA,"Richmond (county equivalent), VA",K04,3.5,4999.999999999829,2.0,1428.999999999969,0.07000000000000241,0.13995801259622417,0.06995801259622177,57.142857142857146,28.580000000000364,4,2,182,False,False,K04,0.06995801259622177,K04,0.06995801259622177,Intervention design and performance optimization,#CDD1D5
NSF,US_51760,Richmond (county equivalent),county_or_equivalent,VA,"Richmond (county equivalent), VA",K05,3.5,4999.999999999829,0.0,450.99999999999,0.07000000000000241,0.0,-0.07000000000000241,0.0,9.02000000000011,4,0,182,False,False,K04,0.06995801259622177,K04,0.06995801259622177,Intervention design and performance optimization,#CDD1D5
NSF,US_51760,Richmond (county equivalent),county_or_equivalent,VA,"Richmond (county equivalent), VA",K06,3.5,4999.999999999829,0.0,41.999999999999,0.07000000000000241,0.0,-0.07000000000000241,0.0,0.8400000000000089,4,0,182,False,False,K04,0.06995801259622177,K04,0.06995801259622177,Intervention design and performance optimization,#CDD1D5
NSF,US_51830,Williamsburg (county equivalent),county_or_equivalent,VA,"Williamsburg (county equivalent), VA",K01,3.333333333333,4999.999999999829,0.0,952.499999999969,0.0666666666666623,0.0,-0.0666666666666623,0.0,19.050000000000036,4,0,185,False,False,K03,0.20572012257400477,K03,0.20572012257400477,Scenario simulation and risk prediction,#CDD1D5
NSF,US_51830,Williamsburg (county equivalent),county_or_equivalent,VA,"Williamsburg (county equivalent), VA",K02,3.333333333333,4999.999999999829,2.0,1635.999999999925,0.0666666666666623,0.12224938875306184,0.05558272208639954,60.000000000006004,32.71999999999962,4,2,185,False,False,K03,0.20572012257400477,K03,0.20572012257400477,Scenario simulation and risk prediction,#CDD1D5
NSF,US_51830,Williamsburg (county equivalent),county_or_equivalent,VA,"Williamsburg (county equivalent), VA",K03,3.333333333333,4999.999999999829,1.333333333333,489.499999999976,0.0666666666666623,0.27238678924066706,0.20572012257400477,39.999999999994,9.789999999999857,4,2,185,False,False,K03,0.20572012257400477,K03,0.20572012257400477,Scenario simulation and risk prediction,#CDD1D5
NSF,US_51830,Williamsburg (county equivalent),county_or_equivalent,VA,"Williamsburg (county equivalent), VA",K04,3.333333333333,4999.999999999829,0.0,1428.999999999969,0.0666666666666623,0.0,-0.0666666666666623,0.0,28.580000000000364,4,0,185,False,False,K03,0.20572012257400477,K03,0.20572012257400477,Scenario simulation and risk prediction,#CDD1D5
NSF,US_51830,Williamsburg (county equivalent),county_or_equivalent,VA,"Williamsburg (county equivalent), VA",K05,3.333333333333,4999.999999999829,0.0,450.99999999999,0.0666666666666623,0.0,-0.0666666666666623,0.0,9.02000000000011,4,0,185,False,False,K03,0.20572012257400477,K03,0.20572012257400477,Scenario simulation and risk prediction,#CDD1D5
NSF,US_51830,Williamsburg (county equivalent),county_or_equivalent,VA,"Williamsburg (county equivalent), VA",K06,3.333333333333,4999.999999999829,0.0,41.999999999999,0.0666666666666623,0.0,-0.0666666666666623,0.0,0.8400000000000089,4,0,185,False,False,K03,0.20572012257400477,K03,0.20572012257400477,Scenario simulation and risk prediction,#CDD1D5
NSF,US_53011,Clark County,county_or_equivalent,WA,"Clark, WA",K01,1.0,4999.999999999829,0.0,952.499999999969,0.020000000000000687,0.0,-0.020000000000000687,0.0,19.050000000000036,1,0,321,False,False,K02,0.04112469437653023,K02,0.04112469437653023,Mechanism analysis and causal identification,#CDD1D5
NSF,US_53011,Clark County,county_or_equivalent,WA,"Clark, WA",K02,1.0,4999.999999999829,1.0,1635.999999999925,0.020000000000000687,0.06112469437653092,0.04112469437653023,100.0,32.71999999999962,1,1,321,False,False,K02,0.04112469437653023,K02,0.04112469437653023,Mechanism analysis and causal identification,#CDD1D5
NSF,US_53011,Clark County,county_or_equivalent,WA,"Clark, WA",K03,1.0,4999.999999999829,0.0,489.499999999976,0.020000000000000687,0.0,-0.020000000000000687,0.0,9.789999999999857,1,0,321,False,False,K02,0.04112469437653023,K02,0.04112469437653023,Mechanism analysis and causal identification,#CDD1D5
NSF,US_53011,Clark County,county_or_equivalent,WA,"Clark, WA",K04,1.0,4999.999999999829,0.0,1428.999999999969,0.020000000000000687,0.0,-0.020000000000000687,0.0,28.580000000000364,1,0,321,False,False,K02,0.04112469437653023,K02,0.04112469437653023,Mechanism analysis and causal identification,#CDD1D5
NSF,US_53011,Clark County,county_or_equivalent,WA,"Clark, WA",K05,1.0,4999.999999999829,0.0,450.99999999999,0.020000000000000687,0.0,-0.020000000000000687,0.0,9.02000000000011,1,0,321,False,False,K02,0.04112469437653023,K02,0.04112469437653023,Mechanism analysis and causal identification,#CDD1D5
NSF,US_53011,Clark County,county_or_equivalent,WA,"Clark, WA",K06,1.0,4999.999999999829,0.0,41.999999999999,0.020000000000000687,0.0,-0.020000000000000687,0.0,0.8400000000000089,1,0,321,False,False,K02,0.04112469437653023,K02,0.04112469437653023,Mechanism analysis and causal identification,#CDD1D5
NSF,US_53033,King County,county_or_equivalent,WA,"King, WA",K01,120.61666666666501,4999.999999999829,27.666666666667,952.499999999969,2.412333333333383,2.904636920385081,0.4923035870516981,22.937681359680013,19.050000000000036,149,36,5,True,False,K06,2.3495714285714926,K01,0.4923035870516981,State measurement and problem diagnosis,#3b6289
NSF,US_53033,King County,county_or_equivalent,WA,"King, WA",K02,120.61666666666501,4999.999999999829,46.416666666666,1635.999999999925,2.412333333333383,2.83720456397727,0.4248712306438871,38.48279673898022,32.71999999999962,149,55,5,True,False,K06,2.3495714285714926,K01,0.4923035870516981,State measurement and problem diagnosis,#3b6289
NSF,US_53033,King County,county_or_equivalent,WA,"King, WA",K03,120.61666666666501,4999.999999999829,7.366666666666,489.499999999976,2.412333333333383,1.5049370105549256,-0.9073963227784574,6.107503109022607,9.789999999999857,149,11,5,True,False,K06,2.3495714285714926,K01,0.4923035870516981,State measurement and problem diagnosis,#3b6289
NSF,US_53033,King County,county_or_equivalent,WA,"King, WA",K04,120.61666666666501,4999.999999999829,31.333333333333,1428.999999999969,2.412333333333383,2.192675530674155,-0.21965780265922774,25.97761503385389,28.580000000000364,149,38,5,True,False,K06,2.3495714285714926,K01,0.4923035870516981,State measurement and problem diagnosis,#3b6289
NSF,US_53033,King County,county_or_equivalent,WA,"King, WA",K05,120.61666666666501,4999.999999999829,5.833333333333,450.99999999999,2.412333333333383,1.293422025129297,-1.118911308204086,4.836258118004488,9.02000000000011,149,7,5,True,False,K06,2.3495714285714926,K01,0.4923035870516981,State measurement and problem diagnosis,#3b6289
NSF,US_53033,King County,county_or_equivalent,WA,"King, WA",K06,120.61666666666501,4999.999999999829,2.0,41.999999999999,2.412333333333383,4.7619047619048755,2.3495714285714926,1.6581456404587764,0.8400000000000089,149,2,5,True,False,K06,2.3495714285714926,K01,0.4923035870516981,State measurement and problem diagnosis,#3b6289
NSF,US_53035,Kitsap County,county_or_equivalent,WA,"Kitsap, WA",K01,1.0,4999.999999999829,0.0,952.499999999969,0.020000000000000687,0.0,-0.020000000000000687,0.0,19.050000000000036,1,0,322,False,False,K02,0.04112469437653023,K02,0.04112469437653023,Mechanism analysis and causal identification,#CDD1D5
NSF,US_53035,Kitsap County,county_or_equivalent,WA,"Kitsap, WA",K02,1.0,4999.999999999829,1.0,1635.999999999925,0.020000000000000687,0.06112469437653092,0.04112469437653023,100.0,32.71999999999962,1,1,322,False,False,K02,0.04112469437653023,K02,0.04112469437653023,Mechanism analysis and causal identification,#CDD1D5
NSF,US_53035,Kitsap County,county_or_equivalent,WA,"Kitsap, WA",K03,1.0,4999.999999999829,0.0,489.499999999976,0.020000000000000687,0.0,-0.020000000000000687,0.0,9.789999999999857,1,0,322,False,False,K02,0.04112469437653023,K02,0.04112469437653023,Mechanism analysis and causal identification,#CDD1D5
NSF,US_53035,Kitsap County,county_or_equivalent,WA,"Kitsap, WA",K04,1.0,4999.999999999829,0.0,1428.999999999969,0.020000000000000687,0.0,-0.020000000000000687,0.0,28.580000000000364,1,0,322,False,False,K02,0.04112469437653023,K02,0.04112469437653023,Mechanism analysis and causal identification,#CDD1D5
NSF,US_53035,Kitsap County,county_or_equivalent,WA,"Kitsap, WA",K05,1.0,4999.999999999829,0.0,450.99999999999,0.020000000000000687,0.0,-0.020000000000000687,0.0,9.02000000000011,1,0,322,False,False,K02,0.04112469437653023,K02,0.04112469437653023,Mechanism analysis and causal identification,#CDD1D5
NSF,US_53035,Kitsap County,county_or_equivalent,WA,"Kitsap, WA",K06,1.0,4999.999999999829,0.0,41.999999999999,0.020000000000000687,0.0,-0.020000000000000687,0.0,0.8400000000000089,1,0,322,False,False,K02,0.04112469437653023,K02,0.04112469437653023,Mechanism analysis and causal identification,#CDD1D5
NSF,US_53037,Kittitas County,county_or_equivalent,WA,"Kittitas, WA",K01,2.666666666667,4999.999999999829,1.666666666667,952.499999999969,0.05333333333334183,0.17497812773407395,0.12164479440073211,62.50000000000468,19.050000000000036,4,3,199,False,False,K01,0.12164479440073211,K01,0.12164479440073211,State measurement and problem diagnosis,#CDD1D5
NSF,US_53037,Kittitas County,county_or_equivalent,WA,"Kittitas, WA",K02,2.666666666667,4999.999999999829,1.0,1635.999999999925,0.05333333333334183,0.06112469437653092,0.007791361043189088,37.49999999999531,32.71999999999962,4,1,199,False,False,K01,0.12164479440073211,K01,0.12164479440073211,State measurement and problem diagnosis,#CDD1D5
NSF,US_53037,Kittitas County,county_or_equivalent,WA,"Kittitas, WA",K03,2.666666666667,4999.999999999829,0.0,489.499999999976,0.05333333333334183,0.0,-0.05333333333334183,0.0,9.789999999999857,4,0,199,False,False,K01,0.12164479440073211,K01,0.12164479440073211,State measurement and problem diagnosis,#CDD1D5
NSF,US_53037,Kittitas County,county_or_equivalent,WA,"Kittitas, WA",K04,2.666666666667,4999.999999999829,0.0,1428.999999999969,0.05333333333334183,0.0,-0.05333333333334183,0.0,28.580000000000364,4,0,199,False,False,K01,0.12164479440073211,K01,0.12164479440073211,State measurement and problem diagnosis,#CDD1D5
NSF,US_53037,Kittitas County,county_or_equivalent,WA,"Kittitas, WA",K05,2.666666666667,4999.999999999829,0.0,450.99999999999,0.05333333333334183,0.0,-0.05333333333334183,0.0,9.02000000000011,4,0,199,False,False,K01,0.12164479440073211,K01,0.12164479440073211,State measurement and problem diagnosis,#CDD1D5
NSF,US_53037,Kittitas County,county_or_equivalent,WA,"Kittitas, WA",K06,2.666666666667,4999.999999999829,0.0,41.999999999999,0.05333333333334183,0.0,-0.05333333333334183,0.0,0.8400000000000089,4,0,199,False,False,K01,0.12164479440073211,K01,0.12164479440073211,State measurement and problem diagnosis,#CDD1D5
NSF,US_53057,Skagit County,county_or_equivalent,WA,"Skagit, WA",K01,1.0,4999.999999999829,0.0,952.499999999969,0.020000000000000687,0.0,-0.020000000000000687,0.0,19.050000000000036,1,0,323,False,False,K05,0.2017294900221772,K05,0.2017294900221772,Planning decision support and policy design,#CDD1D5
NSF,US_53057,Skagit County,county_or_equivalent,WA,"Skagit, WA",K02,1.0,4999.999999999829,0.0,1635.999999999925,0.020000000000000687,0.0,-0.020000000000000687,0.0,32.71999999999962,1,0,323,False,False,K05,0.2017294900221772,K05,0.2017294900221772,Planning decision support and policy design,#CDD1D5
NSF,US_53057,Skagit County,county_or_equivalent,WA,"Skagit, WA",K03,1.0,4999.999999999829,0.0,489.499999999976,0.020000000000000687,0.0,-0.020000000000000687,0.0,9.789999999999857,1,0,323,False,False,K05,0.2017294900221772,K05,0.2017294900221772,Planning decision support and policy design,#CDD1D5
NSF,US_53057,Skagit County,county_or_equivalent,WA,"Skagit, WA",K04,1.0,4999.999999999829,0.0,1428.999999999969,0.020000000000000687,0.0,-0.020000000000000687,0.0,28.580000000000364,1,0,323,False,False,K05,0.2017294900221772,K05,0.2017294900221772,Planning decision support and policy design,#CDD1D5
NSF,US_53057,Skagit County,county_or_equivalent,WA,"Skagit, WA",K05,1.0,4999.999999999829,1.0,450.99999999999,0.020000000000000687,0.22172949002217787,0.2017294900221772,100.0,9.02000000000011,1,1,323,False,False,K05,0.2017294900221772,K05,0.2017294900221772,Planning decision support and policy design,#CDD1D5
NSF,US_53057,Skagit County,county_or_equivalent,WA,"Skagit, WA",K06,1.0,4999.999999999829,0.0,41.999999999999,0.020000000000000687,0.0,-0.020000000000000687,0.0,0.8400000000000089,1,0,323,False,False,K05,0.2017294900221772,K05,0.2017294900221772,Planning decision support and policy design,#CDD1D5
NSF,US_53063,Spokane County,county_or_equivalent,WA,"Spokane, WA",K01,2.0,4999.999999999829,1.0,952.499999999969,0.040000000000001375,0.10498687664042337,0.06498687664042199,50.0,19.050000000000036,2,1,237,False,False,K05,0.1817294900221765,K05,0.1817294900221765,Planning decision support and policy design,#CDD1D5
NSF,US_53063,Spokane County,county_or_equivalent,WA,"Spokane, WA",K02,2.0,4999.999999999829,0.0,1635.999999999925,0.040000000000001375,0.0,-0.040000000000001375,0.0,32.71999999999962,2,0,237,False,False,K05,0.1817294900221765,K05,0.1817294900221765,Planning decision support and policy design,#CDD1D5
NSF,US_53063,Spokane County,county_or_equivalent,WA,"Spokane, WA",K03,2.0,4999.999999999829,0.0,489.499999999976,0.040000000000001375,0.0,-0.040000000000001375,0.0,9.789999999999857,2,0,237,False,False,K05,0.1817294900221765,K05,0.1817294900221765,Planning decision support and policy design,#CDD1D5
NSF,US_53063,Spokane County,county_or_equivalent,WA,"Spokane, WA",K04,2.0,4999.999999999829,0.0,1428.999999999969,0.040000000000001375,0.0,-0.040000000000001375,0.0,28.580000000000364,2,0,237,False,False,K05,0.1817294900221765,K05,0.1817294900221765,Planning decision support and policy design,#CDD1D5
NSF,US_53063,Spokane County,county_or_equivalent,WA,"Spokane, WA",K05,2.0,4999.999999999829,1.0,450.99999999999,0.040000000000001375,0.22172949002217787,0.1817294900221765,50.0,9.02000000000011,2,1,237,False,False,K05,0.1817294900221765,K05,0.1817294900221765,Planning decision support and policy design,#CDD1D5
NSF,US_53063,Spokane County,county_or_equivalent,WA,"Spokane, WA",K06,2.0,4999.999999999829,0.0,41.999999999999,0.040000000000001375,0.0,-0.040000000000001375,0.0,0.8400000000000089,2,0,237,False,False,K05,0.1817294900221765,K05,0.1817294900221765,Planning decision support and policy design,#CDD1D5
NSF,US_53067,Thurston County,county_or_equivalent,WA,"Thurston, WA",K01,1.5,4999.999999999829,1.0,952.499999999969,0.030000000000001033,0.10498687664042337,0.07498687664042233,66.66666666666667,19.050000000000036,2,1,246,False,False,K01,0.07498687664042233,K01,0.07498687664042233,State measurement and problem diagnosis,#CDD1D5
NSF,US_53067,Thurston County,county_or_equivalent,WA,"Thurston, WA",K02,1.5,4999.999999999829,0.5,1635.999999999925,0.030000000000001033,0.03056234718826546,0.0005623471882644261,33.333333333333336,32.71999999999962,2,1,246,False,False,K01,0.07498687664042233,K01,0.07498687664042233,State measurement and problem diagnosis,#CDD1D5
NSF,US_53067,Thurston County,county_or_equivalent,WA,"Thurston, WA",K03,1.5,4999.999999999829,0.0,489.499999999976,0.030000000000001033,0.0,-0.030000000000001033,0.0,9.789999999999857,2,0,246,False,False,K01,0.07498687664042233,K01,0.07498687664042233,State measurement and problem diagnosis,#CDD1D5
NSF,US_53067,Thurston County,county_or_equivalent,WA,"Thurston, WA",K04,1.5,4999.999999999829,0.0,1428.999999999969,0.030000000000001033,0.0,-0.030000000000001033,0.0,28.580000000000364,2,0,246,False,False,K01,0.07498687664042233,K01,0.07498687664042233,State measurement and problem diagnosis,#CDD1D5
NSF,US_53067,Thurston County,county_or_equivalent,WA,"Thurston, WA",K05,1.5,4999.999999999829,0.0,450.99999999999,0.030000000000001033,0.0,-0.030000000000001033,0.0,9.02000000000011,2,0,246,False,False,K01,0.07498687664042233,K01,0.07498687664042233,State measurement and problem diagnosis,#CDD1D5
NSF,US_53067,Thurston County,county_or_equivalent,WA,"Thurston, WA",K06,1.5,4999.999999999829,0.0,41.999999999999,0.030000000000001033,0.0,-0.030000000000001033,0.0,0.8400000000000089,2,0,246,False,False,K01,0.07498687664042233,K01,0.07498687664042233,State measurement and problem diagnosis,#CDD1D5
NSF,US_53071,Walla Walla County,county_or_equivalent,WA,"Walla Walla, WA",K01,0.5,4999.999999999829,0.5,952.499999999969,0.010000000000000344,0.05249343832021169,0.042493438320211345,100.0,19.050000000000036,1,1,339,False,False,K01,0.042493438320211345,K01,0.042493438320211345,State measurement and problem diagnosis,#CDD1D5
NSF,US_53071,Walla Walla County,county_or_equivalent,WA,"Walla Walla, WA",K02,0.5,4999.999999999829,0.0,1635.999999999925,0.010000000000000344,0.0,-0.010000000000000344,0.0,32.71999999999962,1,0,339,False,False,K01,0.042493438320211345,K01,0.042493438320211345,State measurement and problem diagnosis,#CDD1D5
NSF,US_53071,Walla Walla County,county_or_equivalent,WA,"Walla Walla, WA",K03,0.5,4999.999999999829,0.0,489.499999999976,0.010000000000000344,0.0,-0.010000000000000344,0.0,9.789999999999857,1,0,339,False,False,K01,0.042493438320211345,K01,0.042493438320211345,State measurement and problem diagnosis,#CDD1D5
NSF,US_53071,Walla Walla County,county_or_equivalent,WA,"Walla Walla, WA",K04,0.5,4999.999999999829,0.0,1428.999999999969,0.010000000000000344,0.0,-0.010000000000000344,0.0,28.580000000000364,1,0,339,False,False,K01,0.042493438320211345,K01,0.042493438320211345,State measurement and problem diagnosis,#CDD1D5
NSF,US_53071,Walla Walla County,county_or_equivalent,WA,"Walla Walla, WA",K05,0.5,4999.999999999829,0.0,450.99999999999,0.010000000000000344,0.0,-0.010000000000000344,0.0,9.02000000000011,1,0,339,False,False,K01,0.042493438320211345,K01,0.042493438320211345,State measurement and problem diagnosis,#CDD1D5
NSF,US_53071,Walla Walla County,county_or_equivalent,WA,"Walla Walla, WA",K06,0.5,4999.999999999829,0.0,41.999999999999,0.010000000000000344,0.0,-0.010000000000000344,0.0,0.8400000000000089,1,0,339,False,False,K01,0.042493438320211345,K01,0.042493438320211345,State measurement and problem diagnosis,#CDD1D5
NSF,US_53073,Whatcom County,county_or_equivalent,WA,"Whatcom, WA",K01,3.5,4999.999999999829,0.5,952.499999999969,0.07000000000000241,0.05249343832021169,-0.01750656167979072,14.285714285714286,19.050000000000036,5,1,183,False,False,K02,0.05224938875305943,K02,0.05224938875305943,Mechanism analysis and causal identification,#CDD1D5
NSF,US_53073,Whatcom County,county_or_equivalent,WA,"Whatcom, WA",K02,3.5,4999.999999999829,2.0,1635.999999999925,0.07000000000000241,0.12224938875306184,0.05224938875305943,57.142857142857146,32.71999999999962,5,3,183,False,False,K02,0.05224938875305943,K02,0.05224938875305943,Mechanism analysis and causal identification,#CDD1D5
NSF,US_53073,Whatcom County,county_or_equivalent,WA,"Whatcom, WA",K03,3.5,4999.999999999829,0.0,489.499999999976,0.07000000000000241,0.0,-0.07000000000000241,0.0,9.789999999999857,5,0,183,False,False,K02,0.05224938875305943,K02,0.05224938875305943,Mechanism analysis and causal identification,#CDD1D5
NSF,US_53073,Whatcom County,county_or_equivalent,WA,"Whatcom, WA",K04,3.5,4999.999999999829,1.0,1428.999999999969,0.07000000000000241,0.06997900629811209,-2.099370189032057e-05,28.571428571428573,28.580000000000364,5,1,183,False,False,K02,0.05224938875305943,K02,0.05224938875305943,Mechanism analysis and causal identification,#CDD1D5
NSF,US_53073,Whatcom County,county_or_equivalent,WA,"Whatcom, WA",K05,3.5,4999.999999999829,0.0,450.99999999999,0.07000000000000241,0.0,-0.07000000000000241,0.0,9.02000000000011,5,0,183,False,False,K02,0.05224938875305943,K02,0.05224938875305943,Mechanism analysis and causal identification,#CDD1D5
NSF,US_53073,Whatcom County,county_or_equivalent,WA,"Whatcom, WA",K06,3.5,4999.999999999829,0.0,41.999999999999,0.07000000000000241,0.0,-0.07000000000000241,0.0,0.8400000000000089,5,0,183,False,False,K02,0.05224938875305943,K02,0.05224938875305943,Mechanism analysis and causal identification,#CDD1D5
NSF,US_53075,Whitman County,county_or_equivalent,WA,"Whitman, WA",K01,18.75,4999.999999999829,1.5,952.499999999969,0.3750000000000129,0.15748031496063505,-0.21751968503937782,8.0,19.050000000000036,25,2,83,False,False,K05,0.4010532150776096,K05,0.4010532150776096,Planning decision support and policy design,#CDD1D5
NSF,US_53075,Whitman County,county_or_equivalent,WA,"Whitman, WA",K02,18.75,4999.999999999829,11.333333333333,1635.999999999925,0.3750000000000129,0.6927465362673301,0.3177465362673172,60.44444444444267,32.71999999999962,25,15,83,False,False,K05,0.4010532150776096,K05,0.4010532150776096,Planning decision support and policy design,#CDD1D5
NSF,US_53075,Whitman County,county_or_equivalent,WA,"Whitman, WA",K03,18.75,4999.999999999829,1.0,489.499999999976,0.3750000000000129,0.2042900919305514,-0.17070990806946149,5.333333333333333,9.789999999999857,25,1,83,False,False,K05,0.4010532150776096,K05,0.4010532150776096,Planning decision support and policy design,#CDD1D5
NSF,US_53075,Whitman County,county_or_equivalent,WA,"Whitman, WA",K04,18.75,4999.999999999829,1.416666666667,1428.999999999969,0.3750000000000129,0.09913692558901543,-0.27586307441099744,7.5555555555573335,28.580000000000364,25,3,83,False,False,K05,0.4010532150776096,K05,0.4010532150776096,Planning decision support and policy design,#CDD1D5
NSF,US_53075,Whitman County,county_or_equivalent,WA,"Whitman, WA",K05,18.75,4999.999999999829,3.5,450.99999999999,0.3750000000000129,0.7760532150776225,0.4010532150776096,18.666666666666668,9.02000000000011,25,4,83,False,False,K05,0.4010532150776096,K05,0.4010532150776096,Planning decision support and policy design,#CDD1D5
NSF,US_53075,Whitman County,county_or_equivalent,WA,"Whitman, WA",K06,18.75,4999.999999999829,0.0,41.999999999999,0.3750000000000129,0.0,-0.3750000000000129,0.0,0.8400000000000089,25,0,83,False,False,K05,0.4010532150776096,K05,0.4010532150776096,Planning decision support and policy design,#CDD1D5
NSF,US_54053,Mason County,county_or_equivalent,WV,"Mason, WV",K01,1.0,4999.999999999829,1.0,952.499999999969,0.020000000000000687,0.10498687664042337,0.08498687664042269,100.0,19.050000000000036,1,1,324,False,False,K01,0.08498687664042269,K01,0.08498687664042269,State measurement and problem diagnosis,#CDD1D5
NSF,US_54053,Mason County,county_or_equivalent,WV,"Mason, WV",K02,1.0,4999.999999999829,0.0,1635.999999999925,0.020000000000000687,0.0,-0.020000000000000687,0.0,32.71999999999962,1,0,324,False,False,K01,0.08498687664042269,K01,0.08498687664042269,State measurement and problem diagnosis,#CDD1D5
NSF,US_54053,Mason County,county_or_equivalent,WV,"Mason, WV",K03,1.0,4999.999999999829,0.0,489.499999999976,0.020000000000000687,0.0,-0.020000000000000687,0.0,9.789999999999857,1,0,324,False,False,K01,0.08498687664042269,K01,0.08498687664042269,State measurement and problem diagnosis,#CDD1D5
NSF,US_54053,Mason County,county_or_equivalent,WV,"Mason, WV",K04,1.0,4999.999999999829,0.0,1428.999999999969,0.020000000000000687,0.0,-0.020000000000000687,0.0,28.580000000000364,1,0,324,False,False,K01,0.08498687664042269,K01,0.08498687664042269,State measurement and problem diagnosis,#CDD1D5
NSF,US_54053,Mason County,county_or_equivalent,WV,"Mason, WV",K05,1.0,4999.999999999829,0.0,450.99999999999,0.020000000000000687,0.0,-0.020000000000000687,0.0,9.02000000000011,1,0,324,False,False,K01,0.08498687664042269,K01,0.08498687664042269,State measurement and problem diagnosis,#CDD1D5
NSF,US_54053,Mason County,county_or_equivalent,WV,"Mason, WV",K06,1.0,4999.999999999829,0.0,41.999999999999,0.020000000000000687,0.0,-0.020000000000000687,0.0,0.8400000000000089,1,0,324,False,False,K01,0.08498687664042269,K01,0.08498687664042269,State measurement and problem diagnosis,#CDD1D5
NSF,US_54061,Monongalia County,county_or_equivalent,WV,"Monongalia, WV",K01,11.892857142857,4999.999999999829,4.5,952.499999999969,0.2378571428571482,0.47244094488190513,0.23458380202475693,37.83783783783829,19.050000000000036,14,5,114,False,False,K01,0.23458380202475693,K01,0.23458380202475693,State measurement and problem diagnosis,#CDD1D5
NSF,US_54061,Monongalia County,county_or_equivalent,WV,"Monongalia, WV",K02,11.892857142857,4999.999999999829,3.0,1635.999999999925,0.2378571428571482,0.18337408312959277,-0.05448305972755543,25.22522522522553,32.71999999999962,14,3,114,False,False,K01,0.23458380202475693,K01,0.23458380202475693,State measurement and problem diagnosis,#CDD1D5
NSF,US_54061,Monongalia County,county_or_equivalent,WV,"Monongalia, WV",K03,11.892857142857,4999.999999999829,1.142857142857,489.499999999976,0.2378571428571482,0.23347439077774382,-0.0043827520794043895,9.609609609608523,9.789999999999857,14,2,114,False,False,K01,0.23458380202475693,K01,0.23458380202475693,State measurement and problem diagnosis,#CDD1D5
NSF,US_54061,Monongalia County,county_or_equivalent,WV,"Monongalia, WV",K04,11.892857142857,4999.999999999829,3.25,1428.999999999969,0.2378571428571482,0.22743177046886426,-0.010425372388283949,27.327327327327655,28.580000000000364,14,4,114,False,False,K01,0.23458380202475693,K01,0.23458380202475693,State measurement and problem diagnosis,#CDD1D5
NSF,US_54061,Monongalia County,county_or_equivalent,WV,"Monongalia, WV",K05,11.892857142857,4999.999999999829,0.0,450.99999999999,0.2378571428571482,0.0,-0.2378571428571482,0.0,9.02000000000011,14,0,114,False,False,K01,0.23458380202475693,K01,0.23458380202475693,State measurement and problem diagnosis,#CDD1D5
NSF,US_54061,Monongalia County,county_or_equivalent,WV,"Monongalia, WV",K06,11.892857142857,4999.999999999829,0.0,41.999999999999,0.2378571428571482,0.0,-0.2378571428571482,0.0,0.8400000000000089,14,0,114,False,False,K01,0.23458380202475693,K01,0.23458380202475693,State measurement and problem diagnosis,#CDD1D5
NSF,US_55025,Dane County,county_or_equivalent,WI,"Dane, WI",K01,47.033333333330994,4999.999999999829,6.666666666666,952.499999999969,0.9406666666666522,0.6999125109360858,-0.24075415573056647,14.174344436569097,19.050000000000036,58,10,30,False,False,K02,0.22070252648737398,K02,0.22070252648737398,Mechanism analysis and causal identification,#CDD1D5
NSF,US_55025,Dane County,county_or_equivalent,WI,"Dane, WI",K02,47.033333333330994,4999.999999999829,18.999999999998998,1635.999999999925,0.9406666666666522,1.1613691931540262,0.22070252648737398,40.39688164422383,32.71999999999962,58,22,30,False,False,K02,0.22070252648737398,K02,0.22070252648737398,Mechanism analysis and causal identification,#CDD1D5
NSF,US_55025,Dane County,county_or_equivalent,WI,"Dane, WI",K03,47.033333333330994,4999.999999999829,4.333333333333,489.499999999976,0.9406666666666522,0.8852570650323213,-0.05540960163433095,9.213323883770125,9.789999999999857,58,6,30,False,False,K02,0.22070252648737398,K02,0.22070252648737398,Mechanism analysis and causal identification,#CDD1D5
NSF,US_55025,Dane County,county_or_equivalent,WI,"Dane, WI",K04,47.033333333330994,4999.999999999829,12.533333333333,1428.999999999969,0.9406666666666522,0.877070212269648,-0.06359645439700423,26.647767540751854,28.580000000000364,58,15,30,False,False,K02,0.22070252648737398,K02,0.22070252648737398,Mechanism analysis and causal identification,#CDD1D5
NSF,US_55025,Dane County,county_or_equivalent,WI,"Dane, WI",K05,47.033333333330994,4999.999999999829,4.5,450.99999999999,0.9406666666666522,0.9977827050998004,0.057116038433148164,9.567682494685096,9.02000000000011,58,5,30,False,False,K02,0.22070252648737398,K02,0.22070252648737398,Mechanism analysis and causal identification,#CDD1D5
NSF,US_55025,Dane County,county_or_equivalent,WI,"Dane, WI",K06,47.033333333330994,4999.999999999829,0.0,41.999999999999,0.9406666666666522,0.0,-0.9406666666666522,0.0,0.8400000000000089,58,0,30,False,False,K02,0.22070252648737398,K02,0.22070252648737398,Mechanism analysis and causal identification,#CDD1D5
NSF,US_55033,Dunn County,county_or_equivalent,WI,"Dunn, WI",K01,2.0,4999.999999999829,0.0,952.499999999969,0.040000000000001375,0.0,-0.040000000000001375,0.0,19.050000000000036,2,0,238,False,False,K02,0.08224938875306045,K02,0.08224938875306045,Mechanism analysis and causal identification,#CDD1D5
NSF,US_55033,Dunn County,county_or_equivalent,WI,"Dunn, WI",K02,2.0,4999.999999999829,2.0,1635.999999999925,0.040000000000001375,0.12224938875306184,0.08224938875306045,100.0,32.71999999999962,2,2,238,False,False,K02,0.08224938875306045,K02,0.08224938875306045,Mechanism analysis and causal identification,#CDD1D5
NSF,US_55033,Dunn County,county_or_equivalent,WI,"Dunn, WI",K03,2.0,4999.999999999829,0.0,489.499999999976,0.040000000000001375,0.0,-0.040000000000001375,0.0,9.789999999999857,2,0,238,False,False,K02,0.08224938875306045,K02,0.08224938875306045,Mechanism analysis and causal identification,#CDD1D5
NSF,US_55033,Dunn County,county_or_equivalent,WI,"Dunn, WI",K04,2.0,4999.999999999829,0.0,1428.999999999969,0.040000000000001375,0.0,-0.040000000000001375,0.0,28.580000000000364,2,0,238,False,False,K02,0.08224938875306045,K02,0.08224938875306045,Mechanism analysis and causal identification,#CDD1D5
NSF,US_55033,Dunn County,county_or_equivalent,WI,"Dunn, WI",K05,2.0,4999.999999999829,0.0,450.99999999999,0.040000000000001375,0.0,-0.040000000000001375,0.0,9.02000000000011,2,0,238,False,False,K02,0.08224938875306045,K02,0.08224938875306045,Mechanism analysis and causal identification,#CDD1D5
NSF,US_55033,Dunn County,county_or_equivalent,WI,"Dunn, WI",K06,2.0,4999.999999999829,0.0,41.999999999999,0.040000000000001375,0.0,-0.040000000000001375,0.0,0.8400000000000089,2,0,238,False,False,K02,0.08224938875306045,K02,0.08224938875306045,Mechanism analysis and causal identification,#CDD1D5
NSF,US_55035,Eau Claire County,county_or_equivalent,WI,"Eau Claire, WI",K01,0.5,4999.999999999829,0.5,952.499999999969,0.010000000000000344,0.05249343832021169,0.042493438320211345,100.0,19.050000000000036,1,1,340,False,False,K01,0.042493438320211345,K01,0.042493438320211345,State measurement and problem diagnosis,#CDD1D5
NSF,US_55035,Eau Claire County,county_or_equivalent,WI,"Eau Claire, WI",K02,0.5,4999.999999999829,0.0,1635.999999999925,0.010000000000000344,0.0,-0.010000000000000344,0.0,32.71999999999962,1,0,340,False,False,K01,0.042493438320211345,K01,0.042493438320211345,State measurement and problem diagnosis,#CDD1D5
NSF,US_55035,Eau Claire County,county_or_equivalent,WI,"Eau Claire, WI",K03,0.5,4999.999999999829,0.0,489.499999999976,0.010000000000000344,0.0,-0.010000000000000344,0.0,9.789999999999857,1,0,340,False,False,K01,0.042493438320211345,K01,0.042493438320211345,State measurement and problem diagnosis,#CDD1D5
NSF,US_55035,Eau Claire County,county_or_equivalent,WI,"Eau Claire, WI",K04,0.5,4999.999999999829,0.0,1428.999999999969,0.010000000000000344,0.0,-0.010000000000000344,0.0,28.580000000000364,1,0,340,False,False,K01,0.042493438320211345,K01,0.042493438320211345,State measurement and problem diagnosis,#CDD1D5
NSF,US_55035,Eau Claire County,county_or_equivalent,WI,"Eau Claire, WI",K05,0.5,4999.999999999829,0.0,450.99999999999,0.010000000000000344,0.0,-0.010000000000000344,0.0,9.02000000000011,1,0,340,False,False,K01,0.042493438320211345,K01,0.042493438320211345,State measurement and problem diagnosis,#CDD1D5
NSF,US_55035,Eau Claire County,county_or_equivalent,WI,"Eau Claire, WI",K06,0.5,4999.999999999829,0.0,41.999999999999,0.010000000000000344,0.0,-0.010000000000000344,0.0,0.8400000000000089,1,0,340,False,False,K01,0.042493438320211345,K01,0.042493438320211345,State measurement and problem diagnosis,#CDD1D5
NSF,US_55043,Grant County,county_or_equivalent,WI,"Grant, WI",K01,1.5,4999.999999999829,0.5,952.499999999969,0.030000000000001033,0.05249343832021169,0.022493438320210654,33.333333333333336,19.050000000000036,2,1,247,False,False,K02,0.031124694376529885,K02,0.031124694376529885,Mechanism analysis and causal identification,#CDD1D5
NSF,US_55043,Grant County,county_or_equivalent,WI,"Grant, WI",K02,1.5,4999.999999999829,1.0,1635.999999999925,0.030000000000001033,0.06112469437653092,0.031124694376529885,66.66666666666667,32.71999999999962,2,1,247,False,False,K02,0.031124694376529885,K02,0.031124694376529885,Mechanism analysis and causal identification,#CDD1D5
NSF,US_55043,Grant County,county_or_equivalent,WI,"Grant, WI",K03,1.5,4999.999999999829,0.0,489.499999999976,0.030000000000001033,0.0,-0.030000000000001033,0.0,9.789999999999857,2,0,247,False,False,K02,0.031124694376529885,K02,0.031124694376529885,Mechanism analysis and causal identification,#CDD1D5
NSF,US_55043,Grant County,county_or_equivalent,WI,"Grant, WI",K04,1.5,4999.999999999829,0.0,1428.999999999969,0.030000000000001033,0.0,-0.030000000000001033,0.0,28.580000000000364,2,0,247,False,False,K02,0.031124694376529885,K02,0.031124694376529885,Mechanism analysis and causal identification,#CDD1D5
NSF,US_55043,Grant County,county_or_equivalent,WI,"Grant, WI",K05,1.5,4999.999999999829,0.0,450.99999999999,0.030000000000001033,0.0,-0.030000000000001033,0.0,9.02000000000011,2,0,247,False,False,K02,0.031124694376529885,K02,0.031124694376529885,Mechanism analysis and causal identification,#CDD1D5
NSF,US_55043,Grant County,county_or_equivalent,WI,"Grant, WI",K06,1.5,4999.999999999829,0.0,41.999999999999,0.030000000000001033,0.0,-0.030000000000001033,0.0,0.8400000000000089,2,0,247,False,False,K02,0.031124694376529885,K02,0.031124694376529885,Mechanism analysis and causal identification,#CDD1D5
NSF,US_55079,Milwaukee County,county_or_equivalent,WI,"Milwaukee, WI",K01,26.166666666666,4999.999999999829,6.0,952.499999999969,0.523333333333338,0.6299212598425402,0.10658792650920224,22.92993630573307,19.050000000000036,28,6,63,False,False,K06,4.238571428571538,K04,0.4796990902729118,Intervention design and performance optimization,#CDD1D5
NSF,US_55079,Milwaukee County,county_or_equivalent,WI,"Milwaukee, WI",K02,26.166666666666,4999.999999999829,2.833333333333,1635.999999999925,0.523333333333338,0.17318663406681722,-0.35014669926652076,10.828025477706008,32.71999999999962,28,4,63,False,False,K06,4.238571428571538,K04,0.4796990902729118,Intervention design and performance optimization,#CDD1D5
NSF,US_55079,Milwaukee County,county_or_equivalent,WI,"Milwaukee, WI",K03,26.166666666666,4999.999999999829,0.0,489.499999999976,0.523333333333338,0.0,-0.523333333333338,0.0,9.789999999999857,28,0,63,False,False,K06,4.238571428571538,K04,0.4796990902729118,Intervention design and performance optimization,#CDD1D5
NSF,US_55079,Milwaukee County,county_or_equivalent,WI,"Milwaukee, WI",K04,26.166666666666,4999.999999999829,14.333333333333,1428.999999999969,0.523333333333338,1.0030324236062498,0.4796990902729118,54.77707006369439,28.580000000000364,28,15,63,False,False,K06,4.238571428571538,K04,0.4796990902729118,Intervention design and performance optimization,#CDD1D5
NSF,US_55079,Milwaukee County,county_or_equivalent,WI,"Milwaukee, WI",K05,26.166666666666,4999.999999999829,1.0,450.99999999999,0.523333333333338,0.22172949002217787,-0.3016038433111601,3.8216560509555113,9.02000000000011,28,1,63,False,False,K06,4.238571428571538,K04,0.4796990902729118,Intervention design and performance optimization,#CDD1D5
NSF,US_55079,Milwaukee County,county_or_equivalent,WI,"Milwaukee, WI",K06,26.166666666666,4999.999999999829,2.0,41.999999999999,0.523333333333338,4.7619047619048755,4.238571428571538,7.643312101911023,0.8400000000000089,28,2,63,False,False,K06,4.238571428571538,K04,0.4796990902729118,Intervention design and performance optimization,#CDD1D5
NSF,US_55133,Waukesha County,county_or_equivalent,WI,"Waukesha, WI",K01,1.0,4999.999999999829,0.0,952.499999999969,0.020000000000000687,0.0,-0.020000000000000687,0.0,19.050000000000036,1,0,325,False,False,K04,0.0499790062981114,K04,0.0499790062981114,Intervention design and performance optimization,#CDD1D5
NSF,US_55133,Waukesha County,county_or_equivalent,WI,"Waukesha, WI",K02,1.0,4999.999999999829,0.0,1635.999999999925,0.020000000000000687,0.0,-0.020000000000000687,0.0,32.71999999999962,1,0,325,False,False,K04,0.0499790062981114,K04,0.0499790062981114,Intervention design and performance optimization,#CDD1D5
NSF,US_55133,Waukesha County,county_or_equivalent,WI,"Waukesha, WI",K03,1.0,4999.999999999829,0.0,489.499999999976,0.020000000000000687,0.0,-0.020000000000000687,0.0,9.789999999999857,1,0,325,False,False,K04,0.0499790062981114,K04,0.0499790062981114,Intervention design and performance optimization,#CDD1D5
NSF,US_55133,Waukesha County,county_or_equivalent,WI,"Waukesha, WI",K04,1.0,4999.999999999829,1.0,1428.999999999969,0.020000000000000687,0.06997900629811209,0.0499790062981114,100.0,28.580000000000364,1,1,325,False,False,K04,0.0499790062981114,K04,0.0499790062981114,Intervention design and performance optimization,#CDD1D5
NSF,US_55133,Waukesha County,county_or_equivalent,WI,"Waukesha, WI",K05,1.0,4999.999999999829,0.0,450.99999999999,0.020000000000000687,0.0,-0.020000000000000687,0.0,9.02000000000011,1,0,325,False,False,K04,0.0499790062981114,K04,0.0499790062981114,Intervention design and performance optimization,#CDD1D5
NSF,US_55133,Waukesha County,county_or_equivalent,WI,"Waukesha, WI",K06,1.0,4999.999999999829,0.0,41.999999999999,0.020000000000000687,0.0,-0.020000000000000687,0.0,0.8400000000000089,1,0,325,False,False,K04,0.0499790062981114,K04,0.0499790062981114,Intervention design and performance optimization,#CDD1D5
NSF,US_56001,Albany County,county_or_equivalent,WY,"Albany, WY",K01,6.7777777777770005,4999.999999999829,4.0,952.499999999969,0.13555555555554466,0.4199475065616935,0.28439195100614884,59.01639344262972,19.050000000000036,10,5,147,False,False,K01,0.28439195100614884,K01,0.28439195100614884,State measurement and problem diagnosis,#CDD1D5
NSF,US_56001,Albany County,county_or_equivalent,WY,"Albany, WY",K02,6.7777777777770005,4999.999999999829,2.777777777777,1635.999999999925,0.13555555555554466,0.16979081771253834,0.034235262156993684,40.98360655737027,32.71999999999962,10,5,147,False,False,K01,0.28439195100614884,K01,0.28439195100614884,State measurement and problem diagnosis,#CDD1D5
NSF,US_56001,Albany County,county_or_equivalent,WY,"Albany, WY",K03,6.7777777777770005,4999.999999999829,0.0,489.499999999976,0.13555555555554466,0.0,-0.13555555555554466,0.0,9.789999999999857,10,0,147,False,False,K01,0.28439195100614884,K01,0.28439195100614884,State measurement and problem diagnosis,#CDD1D5
NSF,US_56001,Albany County,county_or_equivalent,WY,"Albany, WY",K04,6.7777777777770005,4999.999999999829,0.0,1428.999999999969,0.13555555555554466,0.0,-0.13555555555554466,0.0,28.580000000000364,10,0,147,False,False,K01,0.28439195100614884,K01,0.28439195100614884,State measurement and problem diagnosis,#CDD1D5
NSF,US_56001,Albany County,county_or_equivalent,WY,"Albany, WY",K05,6.7777777777770005,4999.999999999829,0.0,450.99999999999,0.13555555555554466,0.0,-0.13555555555554466,0.0,9.02000000000011,10,0,147,False,False,K01,0.28439195100614884,K01,0.28439195100614884,State measurement and problem diagnosis,#CDD1D5
NSF,US_56001,Albany County,county_or_equivalent,WY,"Albany, WY",K06,6.7777777777770005,4999.999999999829,0.0,41.999999999999,0.13555555555554466,0.0,-0.13555555555554466,0.0,0.8400000000000089,10,0,147,False,False,K01,0.28439195100614884,K01,0.28439195100614884,State measurement and problem diagnosis,#CDD1D5
NSF,US_56033,Sheridan County,county_or_equivalent,WY,"Sheridan, WY",K01,1.0,4999.999999999829,0.0,952.499999999969,0.020000000000000687,0.0,-0.020000000000000687,0.0,19.050000000000036,1,0,326,False,False,K04,0.0499790062981114,K04,0.0499790062981114,Intervention design and performance optimization,#CDD1D5
NSF,US_56033,Sheridan County,county_or_equivalent,WY,"Sheridan, WY",K02,1.0,4999.999999999829,0.0,1635.999999999925,0.020000000000000687,0.0,-0.020000000000000687,0.0,32.71999999999962,1,0,326,False,False,K04,0.0499790062981114,K04,0.0499790062981114,Intervention design and performance optimization,#CDD1D5
NSF,US_56033,Sheridan County,county_or_equivalent,WY,"Sheridan, WY",K03,1.0,4999.999999999829,0.0,489.499999999976,0.020000000000000687,0.0,-0.020000000000000687,0.0,9.789999999999857,1,0,326,False,False,K04,0.0499790062981114,K04,0.0499790062981114,Intervention design and performance optimization,#CDD1D5
NSF,US_56033,Sheridan County,county_or_equivalent,WY,"Sheridan, WY",K04,1.0,4999.999999999829,1.0,1428.999999999969,0.020000000000000687,0.06997900629811209,0.0499790062981114,100.0,28.580000000000364,1,1,326,False,False,K04,0.0499790062981114,K04,0.0499790062981114,Intervention design and performance optimization,#CDD1D5
NSF,US_56033,Sheridan County,county_or_equivalent,WY,"Sheridan, WY",K05,1.0,4999.999999999829,0.0,450.99999999999,0.020000000000000687,0.0,-0.020000000000000687,0.0,9.02000000000011,1,0,326,False,False,K04,0.0499790062981114,K04,0.0499790062981114,Intervention design and performance optimization,#CDD1D5
NSF,US_56033,Sheridan County,county_or_equivalent,WY,"Sheridan, WY",K06,1.0,4999.999999999829,0.0,41.999999999999,0.020000000000000687,0.0,-0.020000000000000687,0.0,0.8400000000000089,1,0,326,False,False,K04,0.0499790062981114,K04,0.0499790062981114,Intervention design and performance optimization,#CDD1D5
NSF,US_72097,Mayagüez (county equivalent),county_or_equivalent,PR,"Mayagüez (county equivalent), PR",K01,5.333333333333,4999.999999999829,2.0,952.499999999969,0.10666666666666366,0.20997375328084675,0.10330708661418309,37.500000000002345,19.050000000000036,7,3,156,False,False,K01,0.10330708661418309,K01,0.10330708661418309,State measurement and problem diagnosis,#CDD1D5
NSF,US_72097,Mayagüez (county equivalent),county_or_equivalent,PR,"Mayagüez (county equivalent), PR",K02,5.333333333333,4999.999999999829,0.0,1635.999999999925,0.10666666666666366,0.0,-0.10666666666666366,0.0,32.71999999999962,7,0,156,False,False,K01,0.10330708661418309,K01,0.10330708661418309,State measurement and problem diagnosis,#CDD1D5
NSF,US_72097,Mayagüez (county equivalent),county_or_equivalent,PR,"Mayagüez (county equivalent), PR",K03,5.333333333333,4999.999999999829,0.33333333333299997,489.499999999976,0.10666666666666366,0.0680966973101157,-0.03856996935654797,6.24999999999414,9.789999999999857,7,1,156,False,False,K01,0.10330708661418309,K01,0.10330708661418309,State measurement and problem diagnosis,#CDD1D5
NSF,US_72097,Mayagüez (county equivalent),county_or_equivalent,PR,"Mayagüez (county equivalent), PR",K04,5.333333333333,4999.999999999829,3.0,1428.999999999969,0.10666666666666366,0.20993701889433625,0.10327035222767258,56.25000000000352,28.580000000000364,7,3,156,False,False,K01,0.10330708661418309,K01,0.10330708661418309,State measurement and problem diagnosis,#CDD1D5
NSF,US_72097,Mayagüez (county equivalent),county_or_equivalent,PR,"Mayagüez (county equivalent), PR",K05,5.333333333333,4999.999999999829,0.0,450.99999999999,0.10666666666666366,0.0,-0.10666666666666366,0.0,9.02000000000011,7,0,156,False,False,K01,0.10330708661418309,K01,0.10330708661418309,State measurement and problem diagnosis,#CDD1D5
NSF,US_72097,Mayagüez (county equivalent),county_or_equivalent,PR,"Mayagüez (county equivalent), PR",K06,5.333333333333,4999.999999999829,0.0,41.999999999999,0.10666666666666366,0.0,-0.10666666666666366,0.0,0.8400000000000089,7,0,156,False,False,K01,0.10330708661418309,K01,0.10330708661418309,State measurement and problem diagnosis,#CDD1D5
NSF,US_72113,Ponce (county equivalent),county_or_equivalent,PR,"Ponce (county equivalent), PR",K01,1.0,4999.999999999829,0.0,952.499999999969,0.020000000000000687,0.0,-0.020000000000000687,0.0,19.050000000000036,1,0,327,False,False,K04,0.0499790062981114,K04,0.0499790062981114,Intervention design and performance optimization,#CDD1D5
NSF,US_72113,Ponce (county equivalent),county_or_equivalent,PR,"Ponce (county equivalent), PR",K02,1.0,4999.999999999829,0.0,1635.999999999925,0.020000000000000687,0.0,-0.020000000000000687,0.0,32.71999999999962,1,0,327,False,False,K04,0.0499790062981114,K04,0.0499790062981114,Intervention design and performance optimization,#CDD1D5
NSF,US_72113,Ponce (county equivalent),county_or_equivalent,PR,"Ponce (county equivalent), PR",K03,1.0,4999.999999999829,0.0,489.499999999976,0.020000000000000687,0.0,-0.020000000000000687,0.0,9.789999999999857,1,0,327,False,False,K04,0.0499790062981114,K04,0.0499790062981114,Intervention design and performance optimization,#CDD1D5
NSF,US_72113,Ponce (county equivalent),county_or_equivalent,PR,"Ponce (county equivalent), PR",K04,1.0,4999.999999999829,1.0,1428.999999999969,0.020000000000000687,0.06997900629811209,0.0499790062981114,100.0,28.580000000000364,1,1,327,False,False,K04,0.0499790062981114,K04,0.0499790062981114,Intervention design and performance optimization,#CDD1D5
NSF,US_72113,Ponce (county equivalent),county_or_equivalent,PR,"Ponce (county equivalent), PR",K05,1.0,4999.999999999829,0.0,450.99999999999,0.020000000000000687,0.0,-0.020000000000000687,0.0,9.02000000000011,1,0,327,False,False,K04,0.0499790062981114,K04,0.0499790062981114,Intervention design and performance optimization,#CDD1D5
NSF,US_72113,Ponce (county equivalent),county_or_equivalent,PR,"Ponce (county equivalent), PR",K06,1.0,4999.999999999829,0.0,41.999999999999,0.020000000000000687,0.0,-0.020000000000000687,0.0,0.8400000000000089,1,0,327,False,False,K04,0.0499790062981114,K04,0.0499790062981114,Intervention design and performance optimization,#CDD1D5
NSF,US_72127,San Juan (county equivalent),county_or_equivalent,PR,"San Juan (county equivalent), PR",K01,2.5,4999.999999999829,1.5,952.499999999969,0.05000000000000172,0.15748031496063505,0.10748031496063334,60.0,19.050000000000036,3,2,207,False,False,K01,0.10748031496063334,K01,0.10748031496063334,State measurement and problem diagnosis,#CDD1D5
NSF,US_72127,San Juan (county equivalent),county_or_equivalent,PR,"San Juan (county equivalent), PR",K02,2.5,4999.999999999829,0.0,1635.999999999925,0.05000000000000172,0.0,-0.05000000000000172,0.0,32.71999999999962,3,0,207,False,False,K01,0.10748031496063334,K01,0.10748031496063334,State measurement and problem diagnosis,#CDD1D5
NSF,US_72127,San Juan (county equivalent),county_or_equivalent,PR,"San Juan (county equivalent), PR",K03,2.5,4999.999999999829,0.0,489.499999999976,0.05000000000000172,0.0,-0.05000000000000172,0.0,9.789999999999857,3,0,207,False,False,K01,0.10748031496063334,K01,0.10748031496063334,State measurement and problem diagnosis,#CDD1D5
NSF,US_72127,San Juan (county equivalent),county_or_equivalent,PR,"San Juan (county equivalent), PR",K04,2.5,4999.999999999829,1.0,1428.999999999969,0.05000000000000172,0.06997900629811209,0.01997900629811037,40.0,28.580000000000364,3,1,207,False,False,K01,0.10748031496063334,K01,0.10748031496063334,State measurement and problem diagnosis,#CDD1D5
NSF,US_72127,San Juan (county equivalent),county_or_equivalent,PR,"San Juan (county equivalent), PR",K05,2.5,4999.999999999829,0.0,450.99999999999,0.05000000000000172,0.0,-0.05000000000000172,0.0,9.02000000000011,3,0,207,False,False,K01,0.10748031496063334,K01,0.10748031496063334,State measurement and problem diagnosis,#CDD1D5
NSF,US_72127,San Juan (county equivalent),county_or_equivalent,PR,"San Juan (county equivalent), PR",K06,2.5,4999.999999999829,0.0,41.999999999999,0.05000000000000172,0.0,-0.05000000000000172,0.0,0.8400000000000089,3,0,207,False,False,K01,0.10748031496063334,K01,0.10748031496063334,State measurement and problem diagnosis,#CDD1D5
NSF,US_78030,St. Thomas (county equivalent),county_or_equivalent,VI,"St. Thomas (county equivalent), VI",K01,1.25,4999.999999999829,0.0,952.499999999969,0.02500000000000086,0.0,-0.02500000000000086,0.0,19.050000000000036,4,0,251,False,False,K03,0.16226591760307266,K03,0.16226591760307266,Scenario simulation and risk prediction,#CDD1D5
NSF,US_78030,St. Thomas (county equivalent),county_or_equivalent,VI,"St. Thomas (county equivalent), VI",K02,1.25,4999.999999999829,0.333333333333,1635.999999999925,0.02500000000000086,0.020374898125489933,-0.004625101874510925,26.666666666640005,32.71999999999962,4,1,251,False,False,K03,0.16226591760307266,K03,0.16226591760307266,Scenario simulation and risk prediction,#CDD1D5
NSF,US_78030,St. Thomas (county equivalent),county_or_equivalent,VI,"St. Thomas (county equivalent), VI",K03,1.25,4999.999999999829,0.916666666667,489.499999999976,0.02500000000000086,0.1872659176030735,0.16226591760307266,73.33333333336,9.789999999999857,4,3,251,False,False,K03,0.16226591760307266,K03,0.16226591760307266,Scenario simulation and risk prediction,#CDD1D5
NSF,US_78030,St. Thomas (county equivalent),county_or_equivalent,VI,"St. Thomas (county equivalent), VI",K04,1.25,4999.999999999829,0.0,1428.999999999969,0.02500000000000086,0.0,-0.02500000000000086,0.0,28.580000000000364,4,0,251,False,False,K03,0.16226591760307266,K03,0.16226591760307266,Scenario simulation and risk prediction,#CDD1D5
NSF,US_78030,St. Thomas (county equivalent),county_or_equivalent,VI,"St. Thomas (county equivalent), VI",K05,1.25,4999.999999999829,0.0,450.99999999999,0.02500000000000086,0.0,-0.02500000000000086,0.0,9.02000000000011,4,0,251,False,False,K03,0.16226591760307266,K03,0.16226591760307266,Scenario simulation and risk prediction,#CDD1D5
NSF,US_78030,St. Thomas (county equivalent),county_or_equivalent,VI,"St. Thomas (county equivalent), VI",K06,1.25,4999.999999999829,0.0,41.999999999999,0.02500000000000086,0.0,-0.02500000000000086,0.0,0.8400000000000089,4,0,251,False,False,K03,0.16226591760307266,K03,0.16226591760307266,Scenario simulation and risk prediction,#CDD1D5
NSFC,CN_110000,Beijing,prefecture_or_equivalent,,Beijing,K01,1219.0,5546.0,262.0,1065.0,21.979805265055894,24.600938967136152,2.6211337020802574,21.493027071369976,19.203029210241617,1219,262,1,True,True,K06,18.020194734944106,K03,4.423836616582953,Scenario simulation and risk prediction,#8c0303
NSFC,CN_110000,Beijing,prefecture_or_equivalent,,Beijing,K02,1219.0,5546.0,502.0,2355.0,21.979805265055894,21.316348195329088,-0.6634570697268067,41.18129614438064,42.46303642264695,1219,502,1,True,False,K06,18.020194734944106,K03,4.423836616582953,Scenario simulation and risk prediction,#8c0303
NSFC,CN_110000,Beijing,prefecture_or_equivalent,,Beijing,K03,1219.0,5546.0,174.0,659.0,21.979805265055894,26.403641881638848,4.423836616582953,14.273995077932732,11.882437793003966,1219,174,1,True,True,K06,18.020194734944106,K03,4.423836616582953,Scenario simulation and risk prediction,#8c0303
NSFC,CN_110000,Beijing,prefecture_or_equivalent,,Beijing,K04,1219.0,5546.0,169.0,860.0,21.979805265055894,19.651162790697676,-2.328642474358219,13.863822805578343,15.50667147493689,1219,169,1,True,False,K06,18.020194734944106,K03,4.423836616582953,Scenario simulation and risk prediction,#8c0303
NSFC,CN_110000,Beijing,prefecture_or_equivalent,,Beijing,K05,1219.0,5546.0,104.0,587.0,21.979805265055894,17.717206132879046,-4.262599132176849,8.531583264971289,10.584204832311576,1219,104,1,True,False,K06,18.020194734944106,K03,4.423836616582953,Scenario simulation and risk prediction,#8c0303
NSFC,CN_110000,Beijing,prefecture_or_equivalent,,Beijing,K06,1219.0,5546.0,8.0,20.0,21.979805265055894,40.0,18.020194734944106,0.6562756357670222,0.36062026685899745,1219,8,1,True,True,K06,18.020194734944106,K03,4.423836616582953,Scenario simulation and risk prediction,#8c0303
NSFC,CN_120000,Tianjin,prefecture_or_equivalent,,Tianjin,K01,113.0,5546.0,16.0,1065.0,2.0375045077533356,1.5023474178403755,-0.5351570899129601,14.15929203539823,19.203029210241617,113,16,10,False,False,K05,2.0510815229110593,K05,2.0510815229110593,Planning decision support and policy design,#CDD1D5
NSFC,CN_120000,Tianjin,prefecture_or_equivalent,,Tianjin,K02,113.0,5546.0,37.0,2355.0,2.0375045077533356,1.5711252653927814,-0.46637924236055417,32.743362831858406,42.46303642264695,113,37,10,False,False,K05,2.0510815229110593,K05,2.0510815229110593,Planning decision support and policy design,#CDD1D5
NSFC,CN_120000,Tianjin,prefecture_or_equivalent,,Tianjin,K03,113.0,5546.0,4.0,659.0,2.0375045077533356,0.6069802731411229,-1.4305242346122127,3.5398230088495577,11.882437793003966,113,4,10,False,False,K05,2.0510815229110593,K05,2.0510815229110593,Planning decision support and policy design,#CDD1D5
NSFC,CN_120000,Tianjin,prefecture_or_equivalent,,Tianjin,K04,113.0,5546.0,32.0,860.0,2.0375045077533356,3.7209302325581395,1.683425724804804,28.31858407079646,15.50667147493689,113,32,10,False,False,K05,2.0510815229110593,K05,2.0510815229110593,Planning decision support and policy design,#CDD1D5
NSFC,CN_120000,Tianjin,prefecture_or_equivalent,,Tianjin,K05,113.0,5546.0,24.0,587.0,2.0375045077533356,4.088586030664395,2.0510815229110593,21.238938053097346,10.584204832311576,113,24,10,False,False,K05,2.0510815229110593,K05,2.0510815229110593,Planning decision support and policy design,#CDD1D5
NSFC,CN_120000,Tianjin,prefecture_or_equivalent,,Tianjin,K06,113.0,5546.0,0.0,20.0,2.0375045077533356,0.0,-2.0375045077533356,0.0,0.36062026685899745,113,0,10,False,False,K05,2.0510815229110593,K05,2.0510815229110593,Planning decision support and policy design,#CDD1D5
NSFC,CN_130100,Shijiazhuang,prefecture_or_equivalent,,Shijiazhuang,K01,20.0,5546.0,6.0,1065.0,0.36062026685899745,0.5633802816901409,0.20276001483114342,30.0,19.203029210241617,20,6,39,False,False,K01,0.20276001483114342,K01,0.20276001483114342,State measurement and problem diagnosis,#CDD1D5
NSFC,CN_130100,Shijiazhuang,prefecture_or_equivalent,,Shijiazhuang,K02,20.0,5546.0,7.0,2355.0,0.36062026685899745,0.29723991507430997,-0.06338035178468748,35.0,42.46303642264695,20,7,39,False,False,K01,0.20276001483114342,K01,0.20276001483114342,State measurement and problem diagnosis,#CDD1D5
NSFC,CN_130100,Shijiazhuang,prefecture_or_equivalent,,Shijiazhuang,K03,20.0,5546.0,3.0,659.0,0.36062026685899745,0.4552352048558422,0.09461493799684473,15.0,11.882437793003966,20,3,39,False,False,K01,0.20276001483114342,K01,0.20276001483114342,State measurement and problem diagnosis,#CDD1D5
NSFC,CN_130100,Shijiazhuang,prefecture_or_equivalent,,Shijiazhuang,K04,20.0,5546.0,2.0,860.0,0.36062026685899745,0.23255813953488372,-0.12806212732411373,10.0,15.50667147493689,20,2,39,False,False,K01,0.20276001483114342,K01,0.20276001483114342,State measurement and problem diagnosis,#CDD1D5
NSFC,CN_130100,Shijiazhuang,prefecture_or_equivalent,,Shijiazhuang,K05,20.0,5546.0,2.0,587.0,0.36062026685899745,0.34071550255536626,-0.019904764303631195,10.0,10.584204832311576,20,2,39,False,False,K01,0.20276001483114342,K01,0.20276001483114342,State measurement and problem diagnosis,#CDD1D5
NSFC,CN_130100,Shijiazhuang,prefecture_or_equivalent,,Shijiazhuang,K06,20.0,5546.0,0.0,20.0,0.36062026685899745,0.0,-0.36062026685899745,0.0,0.36062026685899745,20,0,39,False,False,K01,0.20276001483114342,K01,0.20276001483114342,State measurement and problem diagnosis,#CDD1D5
NSFC,CN_130200,唐山,prefecture_or_equivalent,,唐山,K01,5.0,5546.0,2.0,1065.0,0.09015506671474936,0.18779342723004694,0.09763836051529758,40.0,19.203029210241617,5,2,61,False,False,K01,0.09763836051529758,K01,0.09763836051529758,State measurement and problem diagnosis,#CDD1D5
NSFC,CN_130200,唐山,prefecture_or_equivalent,,唐山,K02,5.0,5546.0,2.0,2355.0,0.09015506671474936,0.08492569002123142,-0.005229376693517945,40.0,42.46303642264695,5,2,61,False,False,K01,0.09763836051529758,K01,0.09763836051529758,State measurement and problem diagnosis,#CDD1D5
NSFC,CN_130200,唐山,prefecture_or_equivalent,,唐山,K03,5.0,5546.0,0.0,659.0,0.09015506671474936,0.0,-0.09015506671474936,0.0,11.882437793003966,5,0,61,False,False,K01,0.09763836051529758,K01,0.09763836051529758,State measurement and problem diagnosis,#CDD1D5
NSFC,CN_130200,唐山,prefecture_or_equivalent,,唐山,K04,5.0,5546.0,0.0,860.0,0.09015506671474936,0.0,-0.09015506671474936,0.0,15.50667147493689,5,0,61,False,False,K01,0.09763836051529758,K01,0.09763836051529758,State measurement and problem diagnosis,#CDD1D5
NSFC,CN_130200,唐山,prefecture_or_equivalent,,唐山,K05,5.0,5546.0,1.0,587.0,0.09015506671474936,0.17035775127768313,0.08020268456293377,20.0,10.584204832311576,5,1,61,False,False,K01,0.09763836051529758,K01,0.09763836051529758,State measurement and problem diagnosis,#CDD1D5
NSFC,CN_130200,唐山,prefecture_or_equivalent,,唐山,K06,5.0,5546.0,0.0,20.0,0.09015506671474936,0.0,-0.09015506671474936,0.0,0.36062026685899745,5,0,61,False,False,K01,0.09763836051529758,K01,0.09763836051529758,State measurement and problem diagnosis,#CDD1D5
NSFC,CN_130300,秦皇岛,prefecture_or_equivalent,,秦皇岛,K01,4.0,5546.0,1.0,1065.0,0.0721240533717995,0.09389671361502347,0.021772660243223968,25.0,19.203029210241617,4,1,69,False,False,K04,0.2767131559305261,K04,0.2767131559305261,Intervention design and performance optimization,#CDD1D5
NSFC,CN_130300,秦皇岛,prefecture_or_equivalent,,秦皇岛,K02,4.0,5546.0,0.0,2355.0,0.0721240533717995,0.0,-0.0721240533717995,0.0,42.46303642264695,4,0,69,False,False,K04,0.2767131559305261,K04,0.2767131559305261,Intervention design and performance optimization,#CDD1D5
NSFC,CN_130300,秦皇岛,prefecture_or_equivalent,,秦皇岛,K03,4.0,5546.0,0.0,659.0,0.0721240533717995,0.0,-0.0721240533717995,0.0,11.882437793003966,4,0,69,False,False,K04,0.2767131559305261,K04,0.2767131559305261,Intervention design and performance optimization,#CDD1D5
NSFC,CN_130300,秦皇岛,prefecture_or_equivalent,,秦皇岛,K04,4.0,5546.0,3.0,860.0,0.0721240533717995,0.3488372093023256,0.2767131559305261,75.0,15.50667147493689,4,3,69,False,False,K04,0.2767131559305261,K04,0.2767131559305261,Intervention design and performance optimization,#CDD1D5
NSFC,CN_130300,秦皇岛,prefecture_or_equivalent,,秦皇岛,K05,4.0,5546.0,0.0,587.0,0.0721240533717995,0.0,-0.0721240533717995,0.0,10.584204832311576,4,0,69,False,False,K04,0.2767131559305261,K04,0.2767131559305261,Intervention design and performance optimization,#CDD1D5
NSFC,CN_130300,秦皇岛,prefecture_or_equivalent,,秦皇岛,K06,4.0,5546.0,0.0,20.0,0.0721240533717995,0.0,-0.0721240533717995,0.0,0.36062026685899745,4,0,69,False,False,K04,0.2767131559305261,K04,0.2767131559305261,Intervention design and performance optimization,#CDD1D5
NSFC,CN_130400,邯郸,prefecture_or_equivalent,,邯郸,K01,5.0,5546.0,1.0,1065.0,0.09015506671474936,0.09389671361502347,0.0037416469002741065,20.0,19.203029210241617,5,1,62,False,False,K05,0.08020268456293377,K05,0.08020268456293377,Planning decision support and policy design,#CDD1D5
NSFC,CN_130400,邯郸,prefecture_or_equivalent,,邯郸,K02,5.0,5546.0,2.0,2355.0,0.09015506671474936,0.08492569002123142,-0.005229376693517945,40.0,42.46303642264695,5,2,62,False,False,K05,0.08020268456293377,K05,0.08020268456293377,Planning decision support and policy design,#CDD1D5
NSFC,CN_130400,邯郸,prefecture_or_equivalent,,邯郸,K03,5.0,5546.0,0.0,659.0,0.09015506671474936,0.0,-0.09015506671474936,0.0,11.882437793003966,5,0,62,False,False,K05,0.08020268456293377,K05,0.08020268456293377,Planning decision support and policy design,#CDD1D5
NSFC,CN_130400,邯郸,prefecture_or_equivalent,,邯郸,K04,5.0,5546.0,1.0,860.0,0.09015506671474936,0.11627906976744186,0.026124003052692496,20.0,15.50667147493689,5,1,62,False,False,K05,0.08020268456293377,K05,0.08020268456293377,Planning decision support and policy design,#CDD1D5
NSFC,CN_130400,邯郸,prefecture_or_equivalent,,邯郸,K05,5.0,5546.0,1.0,587.0,0.09015506671474936,0.17035775127768313,0.08020268456293377,20.0,10.584204832311576,5,1,62,False,False,K05,0.08020268456293377,K05,0.08020268456293377,Planning decision support and policy design,#CDD1D5
NSFC,CN_130400,邯郸,prefecture_or_equivalent,,邯郸,K06,5.0,5546.0,0.0,20.0,0.09015506671474936,0.0,-0.09015506671474936,0.0,0.36062026685899745,5,0,62,False,False,K05,0.08020268456293377,K05,0.08020268456293377,Planning decision support and policy design,#CDD1D5
NSFC,CN_130600,Baoding,prefecture_or_equivalent,,Baoding,K01,9.0,5546.0,2.0,1065.0,0.16227912008654885,0.18779342723004694,0.02551430714349809,22.22222222222222,19.203029210241617,9,2,47,False,False,K04,0.18655808921577674,K04,0.18655808921577674,Intervention design and performance optimization,#CDD1D5
NSFC,CN_130600,Baoding,prefecture_or_equivalent,,Baoding,K02,9.0,5546.0,4.0,2355.0,0.16227912008654885,0.16985138004246284,0.007572259955913985,44.44444444444444,42.46303642264695,9,4,47,False,False,K04,0.18655808921577674,K04,0.18655808921577674,Intervention design and performance optimization,#CDD1D5
NSFC,CN_130600,Baoding,prefecture_or_equivalent,,Baoding,K03,9.0,5546.0,0.0,659.0,0.16227912008654885,0.0,-0.16227912008654885,0.0,11.882437793003966,9,0,47,False,False,K04,0.18655808921577674,K04,0.18655808921577674,Intervention design and performance optimization,#CDD1D5
NSFC,CN_130600,Baoding,prefecture_or_equivalent,,Baoding,K04,9.0,5546.0,3.0,860.0,0.16227912008654885,0.3488372093023256,0.18655808921577674,33.333333333333336,15.50667147493689,9,3,47,False,False,K04,0.18655808921577674,K04,0.18655808921577674,Intervention design and performance optimization,#CDD1D5
NSFC,CN_130600,Baoding,prefecture_or_equivalent,,Baoding,K05,9.0,5546.0,0.0,587.0,0.16227912008654885,0.0,-0.16227912008654885,0.0,10.584204832311576,9,0,47,False,False,K04,0.18655808921577674,K04,0.18655808921577674,Intervention design and performance optimization,#CDD1D5
NSFC,CN_130600,Baoding,prefecture_or_equivalent,,Baoding,K06,9.0,5546.0,0.0,20.0,0.16227912008654885,0.0,-0.16227912008654885,0.0,0.36062026685899745,9,0,47,False,False,K04,0.18655808921577674,K04,0.18655808921577674,Intervention design and performance optimization,#CDD1D5
NSFC,CN_130800,承德,prefecture_or_equivalent,,承德,K01,1.0,5546.0,0.0,1065.0,0.018031013342949875,0.0,-0.018031013342949875,0.0,19.203029210241617,1,0,101,False,False,K02,0.024431831667665833,K02,0.024431831667665833,Mechanism analysis and causal identification,#CDD1D5
NSFC,CN_130800,承德,prefecture_or_equivalent,,承德,K02,1.0,5546.0,1.0,2355.0,0.018031013342949875,0.04246284501061571,0.024431831667665833,100.0,42.46303642264695,1,1,101,False,False,K02,0.024431831667665833,K02,0.024431831667665833,Mechanism analysis and causal identification,#CDD1D5
NSFC,CN_130800,承德,prefecture_or_equivalent,,承德,K03,1.0,5546.0,0.0,659.0,0.018031013342949875,0.0,-0.018031013342949875,0.0,11.882437793003966,1,0,101,False,False,K02,0.024431831667665833,K02,0.024431831667665833,Mechanism analysis and causal identification,#CDD1D5
NSFC,CN_130800,承德,prefecture_or_equivalent,,承德,K04,1.0,5546.0,0.0,860.0,0.018031013342949875,0.0,-0.018031013342949875,0.0,15.50667147493689,1,0,101,False,False,K02,0.024431831667665833,K02,0.024431831667665833,Mechanism analysis and causal identification,#CDD1D5
NSFC,CN_130800,承德,prefecture_or_equivalent,,承德,K05,1.0,5546.0,0.0,587.0,0.018031013342949875,0.0,-0.018031013342949875,0.0,10.584204832311576,1,0,101,False,False,K02,0.024431831667665833,K02,0.024431831667665833,Mechanism analysis and causal identification,#CDD1D5
NSFC,CN_130800,承德,prefecture_or_equivalent,,承德,K06,1.0,5546.0,0.0,20.0,0.018031013342949875,0.0,-0.018031013342949875,0.0,0.36062026685899745,1,0,101,False,False,K02,0.024431831667665833,K02,0.024431831667665833,Mechanism analysis and causal identification,#CDD1D5
NSFC,CN_131000,廊坊,prefecture_or_equivalent,,廊坊,K01,3.0,5546.0,1.0,1065.0,0.05409304002884962,0.09389671361502347,0.03980367358617385,33.333333333333336,19.203029210241617,3,1,78,False,False,K04,0.1784650995060341,K04,0.1784650995060341,Intervention design and performance optimization,#CDD1D5
NSFC,CN_131000,廊坊,prefecture_or_equivalent,,廊坊,K02,3.0,5546.0,0.0,2355.0,0.05409304002884962,0.0,-0.05409304002884962,0.0,42.46303642264695,3,0,78,False,False,K04,0.1784650995060341,K04,0.1784650995060341,Intervention design and performance optimization,#CDD1D5
NSFC,CN_131000,廊坊,prefecture_or_equivalent,,廊坊,K03,3.0,5546.0,0.0,659.0,0.05409304002884962,0.0,-0.05409304002884962,0.0,11.882437793003966,3,0,78,False,False,K04,0.1784650995060341,K04,0.1784650995060341,Intervention design and performance optimization,#CDD1D5
NSFC,CN_131000,廊坊,prefecture_or_equivalent,,廊坊,K04,3.0,5546.0,2.0,860.0,0.05409304002884962,0.23255813953488372,0.1784650995060341,66.66666666666667,15.50667147493689,3,2,78,False,False,K04,0.1784650995060341,K04,0.1784650995060341,Intervention design and performance optimization,#CDD1D5
NSFC,CN_131000,廊坊,prefecture_or_equivalent,,廊坊,K05,3.0,5546.0,0.0,587.0,0.05409304002884962,0.0,-0.05409304002884962,0.0,10.584204832311576,3,0,78,False,False,K04,0.1784650995060341,K04,0.1784650995060341,Intervention design and performance optimization,#CDD1D5
NSFC,CN_131000,廊坊,prefecture_or_equivalent,,廊坊,K06,3.0,5546.0,0.0,20.0,0.05409304002884962,0.0,-0.05409304002884962,0.0,0.36062026685899745,3,0,78,False,False,K04,0.1784650995060341,K04,0.1784650995060341,Intervention design and performance optimization,#CDD1D5
NSFC,CN_140100,Taiyuan,prefecture_or_equivalent,,Taiyuan,K01,24.0,5546.0,3.0,1065.0,0.43274432023079695,0.28169014084507044,-0.15105417938572652,12.5,19.203029210241617,24,3,35,False,False,K05,0.24868668487993556,K05,0.24868668487993556,Planning decision support and policy design,#CDD1D5
NSFC,CN_140100,Taiyuan,prefecture_or_equivalent,,Taiyuan,K02,24.0,5546.0,11.0,2355.0,0.43274432023079695,0.46709129511677283,0.03434697488597588,45.833333333333336,42.46303642264695,24,11,35,False,False,K05,0.24868668487993556,K05,0.24868668487993556,Planning decision support and policy design,#CDD1D5
NSFC,CN_140100,Taiyuan,prefecture_or_equivalent,,Taiyuan,K03,24.0,5546.0,2.0,659.0,0.43274432023079695,0.30349013657056145,-0.1292541836602355,8.333333333333334,11.882437793003966,24,2,35,False,False,K05,0.24868668487993556,K05,0.24868668487993556,Planning decision support and policy design,#CDD1D5
NSFC,CN_140100,Taiyuan,prefecture_or_equivalent,,Taiyuan,K04,24.0,5546.0,4.0,860.0,0.43274432023079695,0.46511627906976744,0.03237195883897048,16.666666666666668,15.50667147493689,24,4,35,False,False,K05,0.24868668487993556,K05,0.24868668487993556,Planning decision support and policy design,#CDD1D5
NSFC,CN_140100,Taiyuan,prefecture_or_equivalent,,Taiyuan,K05,24.0,5546.0,4.0,587.0,0.43274432023079695,0.6814310051107325,0.24868668487993556,16.666666666666668,10.584204832311576,24,4,35,False,False,K05,0.24868668487993556,K05,0.24868668487993556,Planning decision support and policy design,#CDD1D5
NSFC,CN_140100,Taiyuan,prefecture_or_equivalent,,Taiyuan,K06,24.0,5546.0,0.0,20.0,0.43274432023079695,0.0,-0.43274432023079695,0.0,0.36062026685899745,24,0,35,False,False,K05,0.24868668487993556,K05,0.24868668487993556,Planning decision support and policy design,#CDD1D5
NSFC,CN_140700,晋中,prefecture_or_equivalent,,晋中,K01,5.0,5546.0,0.0,1065.0,0.09015506671474936,0.0,-0.09015506671474936,0.0,19.203029210241617,5,0,63,False,False,K05,0.08020268456293377,K05,0.08020268456293377,Planning decision support and policy design,#CDD1D5
NSFC,CN_140700,晋中,prefecture_or_equivalent,,晋中,K02,5.0,5546.0,4.0,2355.0,0.09015506671474936,0.16985138004246284,0.07969631332771347,80.0,42.46303642264695,5,4,63,False,False,K05,0.08020268456293377,K05,0.08020268456293377,Planning decision support and policy design,#CDD1D5
NSFC,CN_140700,晋中,prefecture_or_equivalent,,晋中,K03,5.0,5546.0,0.0,659.0,0.09015506671474936,0.0,-0.09015506671474936,0.0,11.882437793003966,5,0,63,False,False,K05,0.08020268456293377,K05,0.08020268456293377,Planning decision support and policy design,#CDD1D5
NSFC,CN_140700,晋中,prefecture_or_equivalent,,晋中,K04,5.0,5546.0,0.0,860.0,0.09015506671474936,0.0,-0.09015506671474936,0.0,15.50667147493689,5,0,63,False,False,K05,0.08020268456293377,K05,0.08020268456293377,Planning decision support and policy design,#CDD1D5
NSFC,CN_140700,晋中,prefecture_or_equivalent,,晋中,K05,5.0,5546.0,1.0,587.0,0.09015506671474936,0.17035775127768313,0.08020268456293377,20.0,10.584204832311576,5,1,63,False,False,K05,0.08020268456293377,K05,0.08020268456293377,Planning decision support and policy design,#CDD1D5
NSFC,CN_140700,晋中,prefecture_or_equivalent,,晋中,K06,5.0,5546.0,0.0,20.0,0.09015506671474936,0.0,-0.09015506671474936,0.0,0.36062026685899745,5,0,63,False,False,K05,0.08020268456293377,K05,0.08020268456293377,Planning decision support and policy design,#CDD1D5
NSFC,CN_150100,Hohhot,prefecture_or_equivalent,,Hohhot,K01,60.0,5546.0,17.0,1065.0,1.0818608005769925,1.596244131455399,0.5143833308784065,28.333333333333332,19.203029210241617,60,17,24,False,False,K01,0.5143833308784065,K01,0.5143833308784065,State measurement and problem diagnosis,#CDD1D5
NSFC,CN_150100,Hohhot,prefecture_or_equivalent,,Hohhot,K02,60.0,5546.0,28.0,2355.0,1.0818608005769925,1.1889596602972399,0.10709885972024735,46.666666666666664,42.46303642264695,60,28,24,False,False,K01,0.5143833308784065,K01,0.5143833308784065,State measurement and problem diagnosis,#CDD1D5
NSFC,CN_150100,Hohhot,prefecture_or_equivalent,,Hohhot,K03,60.0,5546.0,7.0,659.0,1.0818608005769925,1.062215477996965,-0.01964532258002749,11.666666666666666,11.882437793003966,60,7,24,False,False,K01,0.5143833308784065,K01,0.5143833308784065,State measurement and problem diagnosis,#CDD1D5
NSFC,CN_150100,Hohhot,prefecture_or_equivalent,,Hohhot,K04,60.0,5546.0,5.0,860.0,1.0818608005769925,0.5813953488372093,-0.5004654517397832,8.333333333333334,15.50667147493689,60,5,24,False,False,K01,0.5143833308784065,K01,0.5143833308784065,State measurement and problem diagnosis,#CDD1D5
NSFC,CN_150100,Hohhot,prefecture_or_equivalent,,Hohhot,K05,60.0,5546.0,3.0,587.0,1.0818608005769925,0.5110732538330494,-0.5707875467439432,5.0,10.584204832311576,60,3,24,False,False,K01,0.5143833308784065,K01,0.5143833308784065,State measurement and problem diagnosis,#CDD1D5
NSFC,CN_150100,Hohhot,prefecture_or_equivalent,,Hohhot,K06,60.0,5546.0,0.0,20.0,1.0818608005769925,0.0,-1.0818608005769925,0.0,0.36062026685899745,60,0,24,False,False,K01,0.5143833308784065,K01,0.5143833308784065,State measurement and problem diagnosis,#CDD1D5
NSFC,CN_150200,包头,prefecture_or_equivalent,,包头,K01,2.0,5546.0,0.0,1065.0,0.03606202668589975,0.0,-0.03606202668589975,0.0,19.203029210241617,2,0,83,False,False,K05,0.13429572459178338,K05,0.13429572459178338,Planning decision support and policy design,#CDD1D5
NSFC,CN_150200,包头,prefecture_or_equivalent,,包头,K02,2.0,5546.0,0.0,2355.0,0.03606202668589975,0.0,-0.03606202668589975,0.0,42.46303642264695,2,0,83,False,False,K05,0.13429572459178338,K05,0.13429572459178338,Planning decision support and policy design,#CDD1D5
NSFC,CN_150200,包头,prefecture_or_equivalent,,包头,K03,2.0,5546.0,1.0,659.0,0.03606202668589975,0.15174506828528073,0.11568304159938098,50.0,11.882437793003966,2,1,83,False,False,K05,0.13429572459178338,K05,0.13429572459178338,Planning decision support and policy design,#CDD1D5
NSFC,CN_150200,包头,prefecture_or_equivalent,,包头,K04,2.0,5546.0,0.0,860.0,0.03606202668589975,0.0,-0.03606202668589975,0.0,15.50667147493689,2,0,83,False,False,K05,0.13429572459178338,K05,0.13429572459178338,Planning decision support and policy design,#CDD1D5
NSFC,CN_150200,包头,prefecture_or_equivalent,,包头,K05,2.0,5546.0,1.0,587.0,0.03606202668589975,0.17035775127768313,0.13429572459178338,50.0,10.584204832311576,2,1,83,False,False,K05,0.13429572459178338,K05,0.13429572459178338,Planning decision support and policy design,#CDD1D5
NSFC,CN_150200,包头,prefecture_or_equivalent,,包头,K06,2.0,5546.0,0.0,20.0,0.03606202668589975,0.0,-0.03606202668589975,0.0,0.36062026685899745,2,0,83,False,False,K05,0.13429572459178338,K05,0.13429572459178338,Planning decision support and policy design,#CDD1D5
NSFC,CN_150400,赤峰,prefecture_or_equivalent,,赤峰,K01,1.0,5546.0,0.0,1065.0,0.018031013342949875,0.0,-0.018031013342949875,0.0,19.203029210241617,1,0,102,False,False,K02,0.024431831667665833,K02,0.024431831667665833,Mechanism analysis and causal identification,#CDD1D5
NSFC,CN_150400,赤峰,prefecture_or_equivalent,,赤峰,K02,1.0,5546.0,1.0,2355.0,0.018031013342949875,0.04246284501061571,0.024431831667665833,100.0,42.46303642264695,1,1,102,False,False,K02,0.024431831667665833,K02,0.024431831667665833,Mechanism analysis and causal identification,#CDD1D5
NSFC,CN_150400,赤峰,prefecture_or_equivalent,,赤峰,K03,1.0,5546.0,0.0,659.0,0.018031013342949875,0.0,-0.018031013342949875,0.0,11.882437793003966,1,0,102,False,False,K02,0.024431831667665833,K02,0.024431831667665833,Mechanism analysis and causal identification,#CDD1D5
NSFC,CN_150400,赤峰,prefecture_or_equivalent,,赤峰,K04,1.0,5546.0,0.0,860.0,0.018031013342949875,0.0,-0.018031013342949875,0.0,15.50667147493689,1,0,102,False,False,K02,0.024431831667665833,K02,0.024431831667665833,Mechanism analysis and causal identification,#CDD1D5
NSFC,CN_150400,赤峰,prefecture_or_equivalent,,赤峰,K05,1.0,5546.0,0.0,587.0,0.018031013342949875,0.0,-0.018031013342949875,0.0,10.584204832311576,1,0,102,False,False,K02,0.024431831667665833,K02,0.024431831667665833,Mechanism analysis and causal identification,#CDD1D5
NSFC,CN_150400,赤峰,prefecture_or_equivalent,,赤峰,K06,1.0,5546.0,0.0,20.0,0.018031013342949875,0.0,-0.018031013342949875,0.0,0.36062026685899745,1,0,102,False,False,K02,0.024431831667665833,K02,0.024431831667665833,Mechanism analysis and causal identification,#CDD1D5
NSFC,CN_150500,通辽,prefecture_or_equivalent,,通辽,K01,1.0,5546.0,0.0,1065.0,0.018031013342949875,0.0,-0.018031013342949875,0.0,19.203029210241617,1,0,103,False,False,K02,0.024431831667665833,K02,0.024431831667665833,Mechanism analysis and causal identification,#CDD1D5
NSFC,CN_150500,通辽,prefecture_or_equivalent,,通辽,K02,1.0,5546.0,1.0,2355.0,0.018031013342949875,0.04246284501061571,0.024431831667665833,100.0,42.46303642264695,1,1,103,False,False,K02,0.024431831667665833,K02,0.024431831667665833,Mechanism analysis and causal identification,#CDD1D5
NSFC,CN_150500,通辽,prefecture_or_equivalent,,通辽,K03,1.0,5546.0,0.0,659.0,0.018031013342949875,0.0,-0.018031013342949875,0.0,11.882437793003966,1,0,103,False,False,K02,0.024431831667665833,K02,0.024431831667665833,Mechanism analysis and causal identification,#CDD1D5
NSFC,CN_150500,通辽,prefecture_or_equivalent,,通辽,K04,1.0,5546.0,0.0,860.0,0.018031013342949875,0.0,-0.018031013342949875,0.0,15.50667147493689,1,0,103,False,False,K02,0.024431831667665833,K02,0.024431831667665833,Mechanism analysis and causal identification,#CDD1D5
NSFC,CN_150500,通辽,prefecture_or_equivalent,,通辽,K05,1.0,5546.0,0.0,587.0,0.018031013342949875,0.0,-0.018031013342949875,0.0,10.584204832311576,1,0,103,False,False,K02,0.024431831667665833,K02,0.024431831667665833,Mechanism analysis and causal identification,#CDD1D5
NSFC,CN_150500,通辽,prefecture_or_equivalent,,通辽,K06,1.0,5546.0,0.0,20.0,0.018031013342949875,0.0,-0.018031013342949875,0.0,0.36062026685899745,1,0,103,False,False,K02,0.024431831667665833,K02,0.024431831667665833,Mechanism analysis and causal identification,#CDD1D5
NSFC,CN_210100,Shenyang,prefecture_or_equivalent,,Shenyang,K01,66.0,5546.0,7.0,1065.0,1.1900468806346918,0.6572769953051644,-0.5327698853295274,10.606060606060606,19.203029210241617,66,7,21,False,False,K04,0.5541391658769361,K04,0.5541391658769361,Intervention design and performance optimization,#CDD1D5
NSFC,CN_210100,Shenyang,prefecture_or_equivalent,,Shenyang,K02,66.0,5546.0,32.0,2355.0,1.1900468806346918,1.3588110403397027,0.1687641597050109,48.484848484848484,42.46303642264695,66,32,21,False,False,K04,0.5541391658769361,K04,0.5541391658769361,Intervention design and performance optimization,#CDD1D5
NSFC,CN_210100,Shenyang,prefecture_or_equivalent,,Shenyang,K03,66.0,5546.0,3.0,659.0,1.1900468806346918,0.4552352048558422,-0.7348116757788496,4.545454545454546,11.882437793003966,66,3,21,False,False,K04,0.5541391658769361,K04,0.5541391658769361,Intervention design and performance optimization,#CDD1D5
NSFC,CN_210100,Shenyang,prefecture_or_equivalent,,Shenyang,K04,66.0,5546.0,15.0,860.0,1.1900468806346918,1.744186046511628,0.5541391658769361,22.727272727272727,15.50667147493689,66,15,21,False,False,K04,0.5541391658769361,K04,0.5541391658769361,Intervention design and performance optimization,#CDD1D5
NSFC,CN_210100,Shenyang,prefecture_or_equivalent,,Shenyang,K05,66.0,5546.0,9.0,587.0,1.1900468806346918,1.5332197614991483,0.3431728808644565,13.636363636363637,10.584204832311576,66,9,21,False,False,K04,0.5541391658769361,K04,0.5541391658769361,Intervention design and performance optimization,#CDD1D5
NSFC,CN_210100,Shenyang,prefecture_or_equivalent,,Shenyang,K06,66.0,5546.0,0.0,20.0,1.1900468806346918,0.0,-1.1900468806346918,0.0,0.36062026685899745,66,0,21,False,False,K04,0.5541391658769361,K04,0.5541391658769361,Intervention design and performance optimization,#CDD1D5
NSFC,CN_210200,Dalian,prefecture_or_equivalent,,Dalian,K01,65.0,5546.0,12.0,1065.0,1.1720158672917418,1.1267605633802817,-0.04525530391146004,18.46153846153846,19.203029210241617,65,12,22,False,False,K05,0.8722771480404556,K05,0.8722771480404556,Planning decision support and policy design,#CDD1D5
NSFC,CN_210200,Dalian,prefecture_or_equivalent,,Dalian,K02,65.0,5546.0,20.0,2355.0,1.1720158672917418,0.8492569002123143,-0.32275896707942753,30.76923076923077,42.46303642264695,65,20,22,False,False,K05,0.8722771480404556,K05,0.8722771480404556,Planning decision support and policy design,#CDD1D5
NSFC,CN_210200,Dalian,prefecture_or_equivalent,,Dalian,K03,65.0,5546.0,8.0,659.0,1.1720158672917418,1.2139605462822458,0.041944678990504025,12.307692307692308,11.882437793003966,65,8,22,False,False,K05,0.8722771480404556,K05,0.8722771480404556,Planning decision support and policy design,#CDD1D5
NSFC,CN_210200,Dalian,prefecture_or_equivalent,,Dalian,K04,65.0,5546.0,13.0,860.0,1.1720158672917418,1.5116279069767442,0.3396120396850024,20.0,15.50667147493689,65,13,22,False,False,K05,0.8722771480404556,K05,0.8722771480404556,Planning decision support and policy design,#CDD1D5
NSFC,CN_210200,Dalian,prefecture_or_equivalent,,Dalian,K05,65.0,5546.0,12.0,587.0,1.1720158672917418,2.0442930153321974,0.8722771480404556,18.46153846153846,10.584204832311576,65,12,22,False,False,K05,0.8722771480404556,K05,0.8722771480404556,Planning decision support and policy design,#CDD1D5
NSFC,CN_210200,Dalian,prefecture_or_equivalent,,Dalian,K06,65.0,5546.0,0.0,20.0,1.1720158672917418,0.0,-1.1720158672917418,0.0,0.36062026685899745,65,0,22,False,False,K05,0.8722771480404556,K05,0.8722771480404556,Planning decision support and policy design,#CDD1D5
NSFC,CN_210700,锦州,prefecture_or_equivalent,,锦州,K01,2.0,5546.0,0.0,1065.0,0.03606202668589975,0.0,-0.03606202668589975,0.0,19.203029210241617,2,0,84,False,False,K03,0.11568304159938098,K03,0.11568304159938098,Scenario simulation and risk prediction,#CDD1D5
NSFC,CN_210700,锦州,prefecture_or_equivalent,,锦州,K02,2.0,5546.0,0.0,2355.0,0.03606202668589975,0.0,-0.03606202668589975,0.0,42.46303642264695,2,0,84,False,False,K03,0.11568304159938098,K03,0.11568304159938098,Scenario simulation and risk prediction,#CDD1D5
NSFC,CN_210700,锦州,prefecture_or_equivalent,,锦州,K03,2.0,5546.0,1.0,659.0,0.03606202668589975,0.15174506828528073,0.11568304159938098,50.0,11.882437793003966,2,1,84,False,False,K03,0.11568304159938098,K03,0.11568304159938098,Scenario simulation and risk prediction,#CDD1D5
NSFC,CN_210700,锦州,prefecture_or_equivalent,,锦州,K04,2.0,5546.0,1.0,860.0,0.03606202668589975,0.11627906976744186,0.08021704308154211,50.0,15.50667147493689,2,1,84,False,False,K03,0.11568304159938098,K03,0.11568304159938098,Scenario simulation and risk prediction,#CDD1D5
NSFC,CN_210700,锦州,prefecture_or_equivalent,,锦州,K05,2.0,5546.0,0.0,587.0,0.03606202668589975,0.0,-0.03606202668589975,0.0,10.584204832311576,2,0,84,False,False,K03,0.11568304159938098,K03,0.11568304159938098,Scenario simulation and risk prediction,#CDD1D5
NSFC,CN_210700,锦州,prefecture_or_equivalent,,锦州,K06,2.0,5546.0,0.0,20.0,0.03606202668589975,0.0,-0.03606202668589975,0.0,0.36062026685899745,2,0,84,False,False,K03,0.11568304159938098,K03,0.11568304159938098,Scenario simulation and risk prediction,#CDD1D5
NSFC,CN_220100,Changchun,prefecture_or_equivalent,,Changchun,K01,83.0,5546.0,18.0,1065.0,1.4965741074648395,1.6901408450704225,0.19356673760558296,21.686746987951807,19.203029210241617,83,18,17,False,False,K03,0.6278568485290905,K03,0.6278568485290905,Scenario simulation and risk prediction,#CDD1D5
NSFC,CN_220100,Changchun,prefecture_or_equivalent,,Changchun,K02,83.0,5546.0,41.0,2355.0,1.4965741074648395,1.7409766454352442,0.24440253797040468,49.397590361445786,42.46303642264695,83,41,17,False,False,K03,0.6278568485290905,K03,0.6278568485290905,Scenario simulation and risk prediction,#CDD1D5
NSFC,CN_220100,Changchun,prefecture_or_equivalent,,Changchun,K03,83.0,5546.0,14.0,659.0,1.4965741074648395,2.12443095599393,0.6278568485290905,16.867469879518072,11.882437793003966,83,14,17,False,False,K03,0.6278568485290905,K03,0.6278568485290905,Scenario simulation and risk prediction,#CDD1D5
NSFC,CN_220100,Changchun,prefecture_or_equivalent,,Changchun,K04,83.0,5546.0,5.0,860.0,1.4965741074648395,0.5813953488372093,-0.9151787586276302,6.024096385542169,15.50667147493689,83,5,17,False,False,K03,0.6278568485290905,K03,0.6278568485290905,Scenario simulation and risk prediction,#CDD1D5
NSFC,CN_220100,Changchun,prefecture_or_equivalent,,Changchun,K05,83.0,5546.0,5.0,587.0,1.4965741074648395,0.8517887563884157,-0.6447853510764239,6.024096385542169,10.584204832311576,83,5,17,False,False,K03,0.6278568485290905,K03,0.6278568485290905,Scenario simulation and risk prediction,#CDD1D5
NSFC,CN_220100,Changchun,prefecture_or_equivalent,,Changchun,K06,83.0,5546.0,0.0,20.0,1.4965741074648395,0.0,-1.4965741074648395,0.0,0.36062026685899745,83,0,17,False,False,K03,0.6278568485290905,K03,0.6278568485290905,Scenario simulation and risk prediction,#CDD1D5
NSFC,CN_220200,吉林,prefecture_or_equivalent,,吉林,K01,2.0,5546.0,0.0,1065.0,0.03606202668589975,0.0,-0.03606202668589975,0.0,19.203029210241617,2,0,85,False,False,K04,0.19649611284898397,K04,0.19649611284898397,Intervention design and performance optimization,#CDD1D5
NSFC,CN_220200,吉林,prefecture_or_equivalent,,吉林,K02,2.0,5546.0,0.0,2355.0,0.03606202668589975,0.0,-0.03606202668589975,0.0,42.46303642264695,2,0,85,False,False,K04,0.19649611284898397,K04,0.19649611284898397,Intervention design and performance optimization,#CDD1D5
NSFC,CN_220200,吉林,prefecture_or_equivalent,,吉林,K03,2.0,5546.0,0.0,659.0,0.03606202668589975,0.0,-0.03606202668589975,0.0,11.882437793003966,2,0,85,False,False,K04,0.19649611284898397,K04,0.19649611284898397,Intervention design and performance optimization,#CDD1D5
NSFC,CN_220200,吉林,prefecture_or_equivalent,,吉林,K04,2.0,5546.0,2.0,860.0,0.03606202668589975,0.23255813953488372,0.19649611284898397,100.0,15.50667147493689,2,2,85,False,False,K04,0.19649611284898397,K04,0.19649611284898397,Intervention design and performance optimization,#CDD1D5
NSFC,CN_220200,吉林,prefecture_or_equivalent,,吉林,K05,2.0,5546.0,0.0,587.0,0.03606202668589975,0.0,-0.03606202668589975,0.0,10.584204832311576,2,0,85,False,False,K04,0.19649611284898397,K04,0.19649611284898397,Intervention design and performance optimization,#CDD1D5
NSFC,CN_220200,吉林,prefecture_or_equivalent,,吉林,K06,2.0,5546.0,0.0,20.0,0.03606202668589975,0.0,-0.03606202668589975,0.0,0.36062026685899745,2,0,85,False,False,K04,0.19649611284898397,K04,0.19649611284898397,Intervention design and performance optimization,#CDD1D5
NSFC,CN_220300,四平,prefecture_or_equivalent,,四平,K01,3.0,5546.0,0.0,1065.0,0.05409304002884962,0.0,-0.05409304002884962,0.0,19.203029210241617,3,0,79,False,False,K05,0.1162647112488335,K05,0.1162647112488335,Planning decision support and policy design,#CDD1D5
NSFC,CN_220300,四平,prefecture_or_equivalent,,四平,K02,3.0,5546.0,2.0,2355.0,0.05409304002884962,0.08492569002123142,0.0308326499923818,66.66666666666667,42.46303642264695,3,2,79,False,False,K05,0.1162647112488335,K05,0.1162647112488335,Planning decision support and policy design,#CDD1D5
NSFC,CN_220300,四平,prefecture_or_equivalent,,四平,K03,3.0,5546.0,0.0,659.0,0.05409304002884962,0.0,-0.05409304002884962,0.0,11.882437793003966,3,0,79,False,False,K05,0.1162647112488335,K05,0.1162647112488335,Planning decision support and policy design,#CDD1D5
NSFC,CN_220300,四平,prefecture_or_equivalent,,四平,K04,3.0,5546.0,0.0,860.0,0.05409304002884962,0.0,-0.05409304002884962,0.0,15.50667147493689,3,0,79,False,False,K05,0.1162647112488335,K05,0.1162647112488335,Planning decision support and policy design,#CDD1D5
NSFC,CN_220300,四平,prefecture_or_equivalent,,四平,K05,3.0,5546.0,1.0,587.0,0.05409304002884962,0.17035775127768313,0.1162647112488335,33.333333333333336,10.584204832311576,3,1,79,False,False,K05,0.1162647112488335,K05,0.1162647112488335,Planning decision support and policy design,#CDD1D5
NSFC,CN_220300,四平,prefecture_or_equivalent,,四平,K06,3.0,5546.0,0.0,20.0,0.05409304002884962,0.0,-0.05409304002884962,0.0,0.36062026685899745,3,0,79,False,False,K05,0.1162647112488335,K05,0.1162647112488335,Planning decision support and policy design,#CDD1D5
NSFC,CN_222400,延吉,prefecture_or_equivalent,,延吉,K01,8.0,5546.0,1.0,1065.0,0.144248106743599,0.09389671361502347,-0.05035139312857553,12.5,19.203029210241617,8,1,49,False,False,K03,0.3109870981122432,K03,0.3109870981122432,Scenario simulation and risk prediction,#CDD1D5
NSFC,CN_222400,延吉,prefecture_or_equivalent,,延吉,K02,8.0,5546.0,2.0,2355.0,0.144248106743599,0.08492569002123142,-0.059322416722367585,25.0,42.46303642264695,8,2,49,False,False,K03,0.3109870981122432,K03,0.3109870981122432,Scenario simulation and risk prediction,#CDD1D5
NSFC,CN_222400,延吉,prefecture_or_equivalent,,延吉,K03,8.0,5546.0,3.0,659.0,0.144248106743599,0.4552352048558422,0.3109870981122432,37.5,11.882437793003966,8,3,49,False,False,K03,0.3109870981122432,K03,0.3109870981122432,Scenario simulation and risk prediction,#CDD1D5
NSFC,CN_222400,延吉,prefecture_or_equivalent,,延吉,K04,8.0,5546.0,1.0,860.0,0.144248106743599,0.11627906976744186,-0.027969036976157144,12.5,15.50667147493689,8,1,49,False,False,K03,0.3109870981122432,K03,0.3109870981122432,Scenario simulation and risk prediction,#CDD1D5
NSFC,CN_222400,延吉,prefecture_or_equivalent,,延吉,K05,8.0,5546.0,1.0,587.0,0.144248106743599,0.17035775127768313,0.026109644534084125,12.5,10.584204832311576,8,1,49,False,False,K03,0.3109870981122432,K03,0.3109870981122432,Scenario simulation and risk prediction,#CDD1D5
NSFC,CN_222400,延吉,prefecture_or_equivalent,,延吉,K06,8.0,5546.0,0.0,20.0,0.144248106743599,0.0,-0.144248106743599,0.0,0.36062026685899745,8,0,49,False,False,K03,0.3109870981122432,K03,0.3109870981122432,Scenario simulation and risk prediction,#CDD1D5
NSFC,CN_230100,Harbin,prefecture_or_equivalent,,Harbin,K01,97.0,5546.0,11.0,1065.0,1.7490082942661378,1.0328638497652582,-0.7161444445008796,11.34020618556701,19.203029210241617,97,11,12,True,False,K04,2.2044800778268856,K04,2.2044800778268856,Intervention design and performance optimization,#a94343
NSFC,CN_230100,Harbin,prefecture_or_equivalent,,Harbin,K02,97.0,5546.0,32.0,2355.0,1.7490082942661378,1.3588110403397027,-0.3901972539264351,32.98969072164948,42.46303642264695,97,32,12,True,False,K04,2.2044800778268856,K04,2.2044800778268856,Intervention design and performance optimization,#a94343
NSFC,CN_230100,Harbin,prefecture_or_equivalent,,Harbin,K03,97.0,5546.0,7.0,659.0,1.7490082942661378,1.062215477996965,-0.6867928162691728,7.216494845360825,11.882437793003966,97,7,12,True,False,K04,2.2044800778268856,K04,2.2044800778268856,Intervention design and performance optimization,#a94343
NSFC,CN_230100,Harbin,prefecture_or_equivalent,,Harbin,K04,97.0,5546.0,34.0,860.0,1.7490082942661378,3.953488372093023,2.2044800778268856,35.05154639175258,15.50667147493689,97,34,12,True,True,K04,2.2044800778268856,K04,2.2044800778268856,Intervention design and performance optimization,#a94343
NSFC,CN_230100,Harbin,prefecture_or_equivalent,,Harbin,K05,97.0,5546.0,13.0,587.0,1.7490082942661378,2.2146507666098807,0.4656424723437429,13.402061855670103,10.584204832311576,97,13,12,True,False,K04,2.2044800778268856,K04,2.2044800778268856,Intervention design and performance optimization,#a94343
NSFC,CN_230100,Harbin,prefecture_or_equivalent,,Harbin,K06,97.0,5546.0,0.0,20.0,1.7490082942661378,0.0,-1.7490082942661378,0.0,0.36062026685899745,97,0,12,True,False,K04,2.2044800778268856,K04,2.2044800778268856,Intervention design and performance optimization,#a94343
NSFC,CN_230600,大庆,prefecture_or_equivalent,,大庆,K01,1.0,5546.0,0.0,1065.0,0.018031013342949875,0.0,-0.018031013342949875,0.0,19.203029210241617,1,0,104,False,False,K04,0.09824805642449198,K04,0.09824805642449198,Intervention design and performance optimization,#CDD1D5
NSFC,CN_230600,大庆,prefecture_or_equivalent,,大庆,K02,1.0,5546.0,0.0,2355.0,0.018031013342949875,0.0,-0.018031013342949875,0.0,42.46303642264695,1,0,104,False,False,K04,0.09824805642449198,K04,0.09824805642449198,Intervention design and performance optimization,#CDD1D5
NSFC,CN_230600,大庆,prefecture_or_equivalent,,大庆,K03,1.0,5546.0,0.0,659.0,0.018031013342949875,0.0,-0.018031013342949875,0.0,11.882437793003966,1,0,104,False,False,K04,0.09824805642449198,K04,0.09824805642449198,Intervention design and performance optimization,#CDD1D5
NSFC,CN_230600,大庆,prefecture_or_equivalent,,大庆,K04,1.0,5546.0,1.0,860.0,0.018031013342949875,0.11627906976744186,0.09824805642449198,100.0,15.50667147493689,1,1,104,False,False,K04,0.09824805642449198,K04,0.09824805642449198,Intervention design and performance optimization,#CDD1D5
NSFC,CN_230600,大庆,prefecture_or_equivalent,,大庆,K05,1.0,5546.0,0.0,587.0,0.018031013342949875,0.0,-0.018031013342949875,0.0,10.584204832311576,1,0,104,False,False,K04,0.09824805642449198,K04,0.09824805642449198,Intervention design and performance optimization,#CDD1D5
NSFC,CN_230600,大庆,prefecture_or_equivalent,,大庆,K06,1.0,5546.0,0.0,20.0,0.018031013342949875,0.0,-0.018031013342949875,0.0,0.36062026685899745,1,0,104,False,False,K04,0.09824805642449198,K04,0.09824805642449198,Intervention design and performance optimization,#CDD1D5
NSFC,CN_310000,Shanghai,prefecture_or_equivalent,,Shanghai,K01,336.0,5546.0,41.0,1065.0,6.058420483231157,3.8497652582159625,-2.2086552250151947,12.202380952380953,19.203029210241617,336,41,4,True,False,K06,3.9415795167688428,K05,2.289109329375317,Planning decision support and policy design,#9b2323
NSFC,CN_310000,Shanghai,prefecture_or_equivalent,,Shanghai,K02,336.0,5546.0,150.0,2355.0,6.058420483231157,6.369426751592357,0.3110062683611998,44.642857142857146,42.46303642264695,336,150,4,True,False,K06,3.9415795167688428,K05,2.289109329375317,Planning decision support and policy design,#9b2323
NSFC,CN_310000,Shanghai,prefecture_or_equivalent,,Shanghai,K03,336.0,5546.0,45.0,659.0,6.058420483231157,6.828528072837633,0.770107589606476,13.392857142857142,11.882437793003966,336,45,4,True,False,K06,3.9415795167688428,K05,2.289109329375317,Planning decision support and policy design,#9b2323
NSFC,CN_310000,Shanghai,prefecture_or_equivalent,,Shanghai,K04,336.0,5546.0,49.0,860.0,6.058420483231157,5.6976744186046515,-0.3607460646265057,14.583333333333334,15.50667147493689,336,49,4,True,False,K06,3.9415795167688428,K05,2.289109329375317,Planning decision support and policy design,#9b2323
NSFC,CN_310000,Shanghai,prefecture_or_equivalent,,Shanghai,K05,336.0,5546.0,49.0,587.0,6.058420483231157,8.347529812606474,2.289109329375317,14.583333333333334,10.584204832311576,336,49,4,True,True,K06,3.9415795167688428,K05,2.289109329375317,Planning decision support and policy design,#9b2323
NSFC,CN_310000,Shanghai,prefecture_or_equivalent,,Shanghai,K06,336.0,5546.0,2.0,20.0,6.058420483231157,10.0,3.9415795167688428,0.5952380952380952,0.36062026685899745,336,2,4,True,False,K06,3.9415795167688428,K05,2.289109329375317,Planning decision support and policy design,#9b2323
NSFC,CN_320100,Nanjing,prefecture_or_equivalent,,Nanjing,K01,546.0,5546.0,110.0,1065.0,9.844933285250631,10.328638497652582,0.48370521240195075,20.146520146520146,19.203029210241617,546,110,2,True,False,K05,2.2504670554648705,K05,2.2504670554648705,Planning decision support and policy design,#951717
NSFC,CN_320100,Nanjing,prefecture_or_equivalent,,Nanjing,K02,546.0,5546.0,231.0,2355.0,9.844933285250631,9.80891719745223,-0.036016087798401486,42.30769230769231,42.46303642264695,546,231,2,True,False,K05,2.2504670554648705,K05,2.2504670554648705,Planning decision support and policy design,#951717
NSFC,CN_320100,Nanjing,prefecture_or_equivalent,,Nanjing,K03,546.0,5546.0,50.0,659.0,9.844933285250631,7.587253414264036,-2.2576798709865953,9.157509157509157,11.882437793003966,546,50,2,True,False,K05,2.2504670554648705,K05,2.2504670554648705,Planning decision support and policy design,#951717
NSFC,CN_320100,Nanjing,prefecture_or_equivalent,,Nanjing,K04,546.0,5546.0,82.0,860.0,9.844933285250631,9.534883720930232,-0.31004956432039954,15.018315018315018,15.50667147493689,546,82,2,True,False,K05,2.2504670554648705,K05,2.2504670554648705,Planning decision support and policy design,#951717
NSFC,CN_320100,Nanjing,prefecture_or_equivalent,,Nanjing,K05,546.0,5546.0,71.0,587.0,9.844933285250631,12.095400340715502,2.2504670554648705,13.003663003663004,10.584204832311576,546,71,2,True,False,K05,2.2504670554648705,K05,2.2504670554648705,Planning decision support and policy design,#951717
NSFC,CN_320100,Nanjing,prefecture_or_equivalent,,Nanjing,K06,546.0,5546.0,2.0,20.0,9.844933285250631,10.0,0.15506671474936873,0.3663003663003663,0.36062026685899745,546,2,2,True,False,K05,2.2504670554648705,K05,2.2504670554648705,Planning decision support and policy design,#951717
NSFC,CN_320200,Wuxi,prefecture_or_equivalent,,Wuxi,K01,1.0,5546.0,0.0,1065.0,0.018031013342949875,0.0,-0.018031013342949875,0.0,19.203029210241617,1,0,105,False,False,K04,0.09824805642449198,K04,0.09824805642449198,Intervention design and performance optimization,#CDD1D5
NSFC,CN_320200,Wuxi,prefecture_or_equivalent,,Wuxi,K02,1.0,5546.0,0.0,2355.0,0.018031013342949875,0.0,-0.018031013342949875,0.0,42.46303642264695,1,0,105,False,False,K04,0.09824805642449198,K04,0.09824805642449198,Intervention design and performance optimization,#CDD1D5
NSFC,CN_320200,Wuxi,prefecture_or_equivalent,,Wuxi,K03,1.0,5546.0,0.0,659.0,0.018031013342949875,0.0,-0.018031013342949875,0.0,11.882437793003966,1,0,105,False,False,K04,0.09824805642449198,K04,0.09824805642449198,Intervention design and performance optimization,#CDD1D5
NSFC,CN_320200,Wuxi,prefecture_or_equivalent,,Wuxi,K04,1.0,5546.0,1.0,860.0,0.018031013342949875,0.11627906976744186,0.09824805642449198,100.0,15.50667147493689,1,1,105,False,False,K04,0.09824805642449198,K04,0.09824805642449198,Intervention design and performance optimization,#CDD1D5
NSFC,CN_320200,Wuxi,prefecture_or_equivalent,,Wuxi,K05,1.0,5546.0,0.0,587.0,0.018031013342949875,0.0,-0.018031013342949875,0.0,10.584204832311576,1,0,105,False,False,K04,0.09824805642449198,K04,0.09824805642449198,Intervention design and performance optimization,#CDD1D5
NSFC,CN_320200,Wuxi,prefecture_or_equivalent,,Wuxi,K06,1.0,5546.0,0.0,20.0,0.018031013342949875,0.0,-0.018031013342949875,0.0,0.36062026685899745,1,0,105,False,False,K04,0.09824805642449198,K04,0.09824805642449198,Intervention design and performance optimization,#CDD1D5
NSFC,CN_320300,徐州,prefecture_or_equivalent,,徐州,K01,50.0,5546.0,17.0,1065.0,0.9015506671474937,1.596244131455399,0.6946934643079054,34.0,19.203029210241617,50,17,27,False,False,K05,0.8020268456293377,K05,0.8020268456293377,Planning decision support and policy design,#CDD1D5
NSFC,CN_320300,徐州,prefecture_or_equivalent,,徐州,K02,50.0,5546.0,18.0,2355.0,0.9015506671474937,0.7643312101910829,-0.1372194569564108,36.0,42.46303642264695,50,18,27,False,False,K05,0.8020268456293377,K05,0.8020268456293377,Planning decision support and policy design,#CDD1D5
NSFC,CN_320300,徐州,prefecture_or_equivalent,,徐州,K03,50.0,5546.0,1.0,659.0,0.9015506671474937,0.15174506828528073,-0.749805598862213,2.0,11.882437793003966,50,1,27,False,False,K05,0.8020268456293377,K05,0.8020268456293377,Planning decision support and policy design,#CDD1D5
NSFC,CN_320300,徐州,prefecture_or_equivalent,,徐州,K04,50.0,5546.0,4.0,860.0,0.9015506671474937,0.46511627906976744,-0.4364343880777262,8.0,15.50667147493689,50,4,27,False,False,K05,0.8020268456293377,K05,0.8020268456293377,Planning decision support and policy design,#CDD1D5
NSFC,CN_320300,徐州,prefecture_or_equivalent,,徐州,K05,50.0,5546.0,10.0,587.0,0.9015506671474937,1.7035775127768313,0.8020268456293377,20.0,10.584204832311576,50,10,27,False,False,K05,0.8020268456293377,K05,0.8020268456293377,Planning decision support and policy design,#CDD1D5
NSFC,CN_320300,徐州,prefecture_or_equivalent,,徐州,K06,50.0,5546.0,0.0,20.0,0.9015506671474937,0.0,-0.9015506671474937,0.0,0.36062026685899745,50,0,27,False,False,K05,0.8020268456293377,K05,0.8020268456293377,Planning decision support and policy design,#CDD1D5
NSFC,CN_320400,常州,prefecture_or_equivalent,,常州,K01,1.0,5546.0,1.0,1065.0,0.018031013342949875,0.09389671361502347,0.0758657002720736,100.0,19.203029210241617,1,1,106,False,False,K01,0.0758657002720736,K01,0.0758657002720736,State measurement and problem diagnosis,#CDD1D5
NSFC,CN_320400,常州,prefecture_or_equivalent,,常州,K02,1.0,5546.0,0.0,2355.0,0.018031013342949875,0.0,-0.018031013342949875,0.0,42.46303642264695,1,0,106,False,False,K01,0.0758657002720736,K01,0.0758657002720736,State measurement and problem diagnosis,#CDD1D5
NSFC,CN_320400,常州,prefecture_or_equivalent,,常州,K03,1.0,5546.0,0.0,659.0,0.018031013342949875,0.0,-0.018031013342949875,0.0,11.882437793003966,1,0,106,False,False,K01,0.0758657002720736,K01,0.0758657002720736,State measurement and problem diagnosis,#CDD1D5
NSFC,CN_320400,常州,prefecture_or_equivalent,,常州,K04,1.0,5546.0,0.0,860.0,0.018031013342949875,0.0,-0.018031013342949875,0.0,15.50667147493689,1,0,106,False,False,K01,0.0758657002720736,K01,0.0758657002720736,State measurement and problem diagnosis,#CDD1D5
NSFC,CN_320400,常州,prefecture_or_equivalent,,常州,K05,1.0,5546.0,0.0,587.0,0.018031013342949875,0.0,-0.018031013342949875,0.0,10.584204832311576,1,0,106,False,False,K01,0.0758657002720736,K01,0.0758657002720736,State measurement and problem diagnosis,#CDD1D5
NSFC,CN_320400,常州,prefecture_or_equivalent,,常州,K06,1.0,5546.0,0.0,20.0,0.018031013342949875,0.0,-0.018031013342949875,0.0,0.36062026685899745,1,0,106,False,False,K01,0.0758657002720736,K01,0.0758657002720736,State measurement and problem diagnosis,#CDD1D5
NSFC,CN_320500,Suzhou,prefecture_or_equivalent,,Suzhou,K01,37.0,5546.0,7.0,1065.0,0.6671474936891453,0.6572769953051644,-0.009870498383980908,18.91891891891892,19.203029210241617,37,7,31,False,False,K04,0.2630850644503896,K04,0.2630850644503896,Intervention design and performance optimization,#CDD1D5
NSFC,CN_320500,Suzhou,prefecture_or_equivalent,,Suzhou,K02,37.0,5546.0,15.0,2355.0,0.6671474936891453,0.6369426751592356,-0.03020481852990964,40.54054054054054,42.46303642264695,37,15,31,False,False,K04,0.2630850644503896,K04,0.2630850644503896,Intervention design and performance optimization,#CDD1D5
NSFC,CN_320500,Suzhou,prefecture_or_equivalent,,Suzhou,K03,37.0,5546.0,2.0,659.0,0.6671474936891453,0.30349013657056145,-0.3636573571185838,5.405405405405405,11.882437793003966,37,2,31,False,False,K04,0.2630850644503896,K04,0.2630850644503896,Intervention design and performance optimization,#CDD1D5
NSFC,CN_320500,Suzhou,prefecture_or_equivalent,,Suzhou,K04,37.0,5546.0,8.0,860.0,0.6671474936891453,0.9302325581395349,0.2630850644503896,21.62162162162162,15.50667147493689,37,8,31,False,False,K04,0.2630850644503896,K04,0.2630850644503896,Intervention design and performance optimization,#CDD1D5
NSFC,CN_320500,Suzhou,prefecture_or_equivalent,,Suzhou,K05,37.0,5546.0,5.0,587.0,0.6671474936891453,0.8517887563884157,0.1846412626992704,13.513513513513514,10.584204832311576,37,5,31,False,False,K04,0.2630850644503896,K04,0.2630850644503896,Intervention design and performance optimization,#CDD1D5
NSFC,CN_320500,Suzhou,prefecture_or_equivalent,,Suzhou,K06,37.0,5546.0,0.0,20.0,0.6671474936891453,0.0,-0.6671474936891453,0.0,0.36062026685899745,37,0,31,False,False,K04,0.2630850644503896,K04,0.2630850644503896,Intervention design and performance optimization,#CDD1D5
NSFC,CN_320600,南通,prefecture_or_equivalent,,南通,K01,8.0,5546.0,1.0,1065.0,0.144248106743599,0.09389671361502347,-0.05035139312857553,12.5,19.203029210241617,8,1,50,False,False,K04,0.43714724209361033,K04,0.43714724209361033,Intervention design and performance optimization,#CDD1D5
NSFC,CN_320600,南通,prefecture_or_equivalent,,南通,K02,8.0,5546.0,2.0,2355.0,0.144248106743599,0.08492569002123142,-0.059322416722367585,25.0,42.46303642264695,8,2,50,False,False,K04,0.43714724209361033,K04,0.43714724209361033,Intervention design and performance optimization,#CDD1D5
NSFC,CN_320600,南通,prefecture_or_equivalent,,南通,K03,8.0,5546.0,0.0,659.0,0.144248106743599,0.0,-0.144248106743599,0.0,11.882437793003966,8,0,50,False,False,K04,0.43714724209361033,K04,0.43714724209361033,Intervention design and performance optimization,#CDD1D5
NSFC,CN_320600,南通,prefecture_or_equivalent,,南通,K04,8.0,5546.0,5.0,860.0,0.144248106743599,0.5813953488372093,0.43714724209361033,62.5,15.50667147493689,8,5,50,False,False,K04,0.43714724209361033,K04,0.43714724209361033,Intervention design and performance optimization,#CDD1D5
NSFC,CN_320600,南通,prefecture_or_equivalent,,南通,K05,8.0,5546.0,0.0,587.0,0.144248106743599,0.0,-0.144248106743599,0.0,10.584204832311576,8,0,50,False,False,K04,0.43714724209361033,K04,0.43714724209361033,Intervention design and performance optimization,#CDD1D5
NSFC,CN_320600,南通,prefecture_or_equivalent,,南通,K06,8.0,5546.0,0.0,20.0,0.144248106743599,0.0,-0.144248106743599,0.0,0.36062026685899745,8,0,50,False,False,K04,0.43714724209361033,K04,0.43714724209361033,Intervention design and performance optimization,#CDD1D5
NSFC,CN_320800,淮阴,prefecture_or_equivalent,,淮阴,K01,5.0,5546.0,3.0,1065.0,0.09015506671474936,0.28169014084507044,0.19153507413032106,60.0,19.203029210241617,5,3,64,False,False,K01,0.19153507413032106,K01,0.19153507413032106,State measurement and problem diagnosis,#CDD1D5
NSFC,CN_320800,淮阴,prefecture_or_equivalent,,淮阴,K02,5.0,5546.0,2.0,2355.0,0.09015506671474936,0.08492569002123142,-0.005229376693517945,40.0,42.46303642264695,5,2,64,False,False,K01,0.19153507413032106,K01,0.19153507413032106,State measurement and problem diagnosis,#CDD1D5
NSFC,CN_320800,淮阴,prefecture_or_equivalent,,淮阴,K03,5.0,5546.0,0.0,659.0,0.09015506671474936,0.0,-0.09015506671474936,0.0,11.882437793003966,5,0,64,False,False,K01,0.19153507413032106,K01,0.19153507413032106,State measurement and problem diagnosis,#CDD1D5
NSFC,CN_320800,淮阴,prefecture_or_equivalent,,淮阴,K04,5.0,5546.0,0.0,860.0,0.09015506671474936,0.0,-0.09015506671474936,0.0,15.50667147493689,5,0,64,False,False,K01,0.19153507413032106,K01,0.19153507413032106,State measurement and problem diagnosis,#CDD1D5
NSFC,CN_320800,淮阴,prefecture_or_equivalent,,淮阴,K05,5.0,5546.0,0.0,587.0,0.09015506671474936,0.0,-0.09015506671474936,0.0,10.584204832311576,5,0,64,False,False,K01,0.19153507413032106,K01,0.19153507413032106,State measurement and problem diagnosis,#CDD1D5
NSFC,CN_320800,淮阴,prefecture_or_equivalent,,淮阴,K06,5.0,5546.0,0.0,20.0,0.09015506671474936,0.0,-0.09015506671474936,0.0,0.36062026685899745,5,0,64,False,False,K01,0.19153507413032106,K01,0.19153507413032106,State measurement and problem diagnosis,#CDD1D5
NSFC,CN_320900,盐城,prefecture_or_equivalent,,盐城,K01,2.0,5546.0,0.0,1065.0,0.03606202668589975,0.0,-0.03606202668589975,0.0,19.203029210241617,2,0,86,False,False,K04,0.08021704308154211,K04,0.08021704308154211,Intervention design and performance optimization,#CDD1D5
NSFC,CN_320900,盐城,prefecture_or_equivalent,,盐城,K02,2.0,5546.0,1.0,2355.0,0.03606202668589975,0.04246284501061571,0.006400818324715958,50.0,42.46303642264695,2,1,86,False,False,K04,0.08021704308154211,K04,0.08021704308154211,Intervention design and performance optimization,#CDD1D5
NSFC,CN_320900,盐城,prefecture_or_equivalent,,盐城,K03,2.0,5546.0,0.0,659.0,0.03606202668589975,0.0,-0.03606202668589975,0.0,11.882437793003966,2,0,86,False,False,K04,0.08021704308154211,K04,0.08021704308154211,Intervention design and performance optimization,#CDD1D5
NSFC,CN_320900,盐城,prefecture_or_equivalent,,盐城,K04,2.0,5546.0,1.0,860.0,0.03606202668589975,0.11627906976744186,0.08021704308154211,50.0,15.50667147493689,2,1,86,False,False,K04,0.08021704308154211,K04,0.08021704308154211,Intervention design and performance optimization,#CDD1D5
NSFC,CN_320900,盐城,prefecture_or_equivalent,,盐城,K05,2.0,5546.0,0.0,587.0,0.03606202668589975,0.0,-0.03606202668589975,0.0,10.584204832311576,2,0,86,False,False,K04,0.08021704308154211,K04,0.08021704308154211,Intervention design and performance optimization,#CDD1D5
NSFC,CN_320900,盐城,prefecture_or_equivalent,,盐城,K06,2.0,5546.0,0.0,20.0,0.03606202668589975,0.0,-0.03606202668589975,0.0,0.36062026685899745,2,0,86,False,False,K04,0.08021704308154211,K04,0.08021704308154211,Intervention design and performance optimization,#CDD1D5
NSFC,CN_321000,扬州,prefecture_or_equivalent,,扬州,K01,7.0,5546.0,1.0,1065.0,0.12621709340064913,0.09389671361502347,-0.03232037978562566,14.285714285714286,19.203029210241617,7,1,53,False,False,K05,0.044140657877034,K05,0.044140657877034,Planning decision support and policy design,#CDD1D5
NSFC,CN_321000,扬州,prefecture_or_equivalent,,扬州,K02,7.0,5546.0,4.0,2355.0,0.12621709340064913,0.16985138004246284,0.04363428664181371,57.142857142857146,42.46303642264695,7,4,53,False,False,K05,0.044140657877034,K05,0.044140657877034,Planning decision support and policy design,#CDD1D5
NSFC,CN_321000,扬州,prefecture_or_equivalent,,扬州,K03,7.0,5546.0,0.0,659.0,0.12621709340064913,0.0,-0.12621709340064913,0.0,11.882437793003966,7,0,53,False,False,K05,0.044140657877034,K05,0.044140657877034,Planning decision support and policy design,#CDD1D5
NSFC,CN_321000,扬州,prefecture_or_equivalent,,扬州,K04,7.0,5546.0,1.0,860.0,0.12621709340064913,0.11627906976744186,-0.009938023633207269,14.285714285714286,15.50667147493689,7,1,53,False,False,K05,0.044140657877034,K05,0.044140657877034,Planning decision support and policy design,#CDD1D5
NSFC,CN_321000,扬州,prefecture_or_equivalent,,扬州,K05,7.0,5546.0,1.0,587.0,0.12621709340064913,0.17035775127768313,0.044140657877034,14.285714285714286,10.584204832311576,7,1,53,False,False,K05,0.044140657877034,K05,0.044140657877034,Planning decision support and policy design,#CDD1D5
NSFC,CN_321000,扬州,prefecture_or_equivalent,,扬州,K06,7.0,5546.0,0.0,20.0,0.12621709340064913,0.0,-0.12621709340064913,0.0,0.36062026685899745,7,0,53,False,False,K05,0.044140657877034,K05,0.044140657877034,Planning decision support and policy design,#CDD1D5
NSFC,CN_321100,镇江,prefecture_or_equivalent,,镇江,K01,13.0,5546.0,2.0,1065.0,0.23440317345834835,0.18779342723004694,-0.04660974622830141,15.384615384615385,19.203029210241617,13,2,42,False,False,K04,0.23071310561141908,K04,0.23071310561141908,Intervention design and performance optimization,#CDD1D5
NSFC,CN_321100,镇江,prefecture_or_equivalent,,镇江,K02,13.0,5546.0,5.0,2355.0,0.23440317345834835,0.21231422505307856,-0.022088948405269787,38.46153846153846,42.46303642264695,13,5,42,False,False,K04,0.23071310561141908,K04,0.23071310561141908,Intervention design and performance optimization,#CDD1D5
NSFC,CN_321100,镇江,prefecture_or_equivalent,,镇江,K03,13.0,5546.0,0.0,659.0,0.23440317345834835,0.0,-0.23440317345834835,0.0,11.882437793003966,13,0,42,False,False,K04,0.23071310561141908,K04,0.23071310561141908,Intervention design and performance optimization,#CDD1D5
NSFC,CN_321100,镇江,prefecture_or_equivalent,,镇江,K04,13.0,5546.0,4.0,860.0,0.23440317345834835,0.46511627906976744,0.23071310561141908,30.76923076923077,15.50667147493689,13,4,42,False,False,K04,0.23071310561141908,K04,0.23071310561141908,Intervention design and performance optimization,#CDD1D5
NSFC,CN_321100,镇江,prefecture_or_equivalent,,镇江,K05,13.0,5546.0,2.0,587.0,0.23440317345834835,0.34071550255536626,0.1063123290970179,15.384615384615385,10.584204832311576,13,2,42,False,False,K04,0.23071310561141908,K04,0.23071310561141908,Intervention design and performance optimization,#CDD1D5
NSFC,CN_321100,镇江,prefecture_or_equivalent,,镇江,K06,13.0,5546.0,0.0,20.0,0.23440317345834835,0.0,-0.23440317345834835,0.0,0.36062026685899745,13,0,42,False,False,K04,0.23071310561141908,K04,0.23071310561141908,Intervention design and performance optimization,#CDD1D5
NSFC,CN_330100,Hangzhou,prefecture_or_equivalent,,Hangzhou,K01,154.0,5546.0,22.0,1065.0,2.7767760548142806,2.0657276995305165,-0.7110483552837641,14.285714285714286,19.203029210241617,154,22,8,False,False,K05,1.482167727127798,K05,1.482167727127798,Planning decision support and policy design,#CDD1D5
NSFC,CN_330100,Hangzhou,prefecture_or_equivalent,,Hangzhou,K02,154.0,5546.0,62.0,2355.0,2.7767760548142806,2.632696390658174,-0.14407966415610662,40.25974025974026,42.46303642264695,154,62,8,False,False,K05,1.482167727127798,K05,1.482167727127798,Planning decision support and policy design,#CDD1D5
NSFC,CN_330100,Hangzhou,prefecture_or_equivalent,,Hangzhou,K03,154.0,5546.0,19.0,659.0,2.7767760548142806,2.8831562974203337,0.10638024260605317,12.337662337662337,11.882437793003966,154,19,8,False,False,K05,1.482167727127798,K05,1.482167727127798,Planning decision support and policy design,#CDD1D5
NSFC,CN_330100,Hangzhou,prefecture_or_equivalent,,Hangzhou,K04,154.0,5546.0,26.0,860.0,2.7767760548142806,3.0232558139534884,0.24647975913920783,16.883116883116884,15.50667147493689,154,26,8,False,False,K05,1.482167727127798,K05,1.482167727127798,Planning decision support and policy design,#CDD1D5
NSFC,CN_330100,Hangzhou,prefecture_or_equivalent,,Hangzhou,K05,154.0,5546.0,25.0,587.0,2.7767760548142806,4.258943781942079,1.482167727127798,16.233766233766232,10.584204832311576,154,25,8,False,False,K05,1.482167727127798,K05,1.482167727127798,Planning decision support and policy design,#CDD1D5
NSFC,CN_330100,Hangzhou,prefecture_or_equivalent,,Hangzhou,K06,154.0,5546.0,0.0,20.0,2.7767760548142806,0.0,-2.7767760548142806,0.0,0.36062026685899745,154,0,8,False,False,K05,1.482167727127798,K05,1.482167727127798,Planning decision support and policy design,#CDD1D5
NSFC,CN_330200,宁波,prefecture_or_equivalent,,宁波,K01,20.0,5546.0,5.0,1065.0,0.36062026685899745,0.4694835680751174,0.10886330121611992,25.0,19.203029210241617,20,5,40,False,False,K01,0.10886330121611992,K01,0.10886330121611992,State measurement and problem diagnosis,#CDD1D5
NSFC,CN_330200,宁波,prefecture_or_equivalent,,宁波,K02,20.0,5546.0,9.0,2355.0,0.36062026685899745,0.3821656050955414,0.021545338236543976,45.0,42.46303642264695,20,9,40,False,False,K01,0.10886330121611992,K01,0.10886330121611992,State measurement and problem diagnosis,#CDD1D5
NSFC,CN_330200,宁波,prefecture_or_equivalent,,宁波,K03,20.0,5546.0,2.0,659.0,0.36062026685899745,0.30349013657056145,-0.057130130288436,10.0,11.882437793003966,20,2,40,False,False,K01,0.10886330121611992,K01,0.10886330121611992,State measurement and problem diagnosis,#CDD1D5
NSFC,CN_330200,宁波,prefecture_or_equivalent,,宁波,K04,20.0,5546.0,3.0,860.0,0.36062026685899745,0.3488372093023256,-0.011783057556671861,15.0,15.50667147493689,20,3,40,False,False,K01,0.10886330121611992,K01,0.10886330121611992,State measurement and problem diagnosis,#CDD1D5
NSFC,CN_330200,宁波,prefecture_or_equivalent,,宁波,K05,20.0,5546.0,1.0,587.0,0.36062026685899745,0.17035775127768313,-0.19026251558131432,5.0,10.584204832311576,20,1,40,False,False,K01,0.10886330121611992,K01,0.10886330121611992,State measurement and problem diagnosis,#CDD1D5
NSFC,CN_330200,宁波,prefecture_or_equivalent,,宁波,K06,20.0,5546.0,0.0,20.0,0.36062026685899745,0.0,-0.36062026685899745,0.0,0.36062026685899745,20,0,40,False,False,K01,0.10886330121611992,K01,0.10886330121611992,State measurement and problem diagnosis,#CDD1D5
NSFC,CN_330300,温州,prefecture_or_equivalent,,温州,K01,2.0,5546.0,0.0,1065.0,0.03606202668589975,0.0,-0.03606202668589975,0.0,19.203029210241617,2,0,87,False,False,K02,0.04886366333533167,K02,0.04886366333533167,Mechanism analysis and causal identification,#CDD1D5
NSFC,CN_330300,温州,prefecture_or_equivalent,,温州,K02,2.0,5546.0,2.0,2355.0,0.03606202668589975,0.08492569002123142,0.04886366333533167,100.0,42.46303642264695,2,2,87,False,False,K02,0.04886366333533167,K02,0.04886366333533167,Mechanism analysis and causal identification,#CDD1D5
NSFC,CN_330300,温州,prefecture_or_equivalent,,温州,K03,2.0,5546.0,0.0,659.0,0.03606202668589975,0.0,-0.03606202668589975,0.0,11.882437793003966,2,0,87,False,False,K02,0.04886366333533167,K02,0.04886366333533167,Mechanism analysis and causal identification,#CDD1D5
NSFC,CN_330300,温州,prefecture_or_equivalent,,温州,K04,2.0,5546.0,0.0,860.0,0.03606202668589975,0.0,-0.03606202668589975,0.0,15.50667147493689,2,0,87,False,False,K02,0.04886366333533167,K02,0.04886366333533167,Mechanism analysis and causal identification,#CDD1D5
NSFC,CN_330300,温州,prefecture_or_equivalent,,温州,K05,2.0,5546.0,0.0,587.0,0.03606202668589975,0.0,-0.03606202668589975,0.0,10.584204832311576,2,0,87,False,False,K02,0.04886366333533167,K02,0.04886366333533167,Mechanism analysis and causal identification,#CDD1D5
NSFC,CN_330300,温州,prefecture_or_equivalent,,温州,K06,2.0,5546.0,0.0,20.0,0.03606202668589975,0.0,-0.03606202668589975,0.0,0.36062026685899745,2,0,87,False,False,K02,0.04886366333533167,K02,0.04886366333533167,Mechanism analysis and causal identification,#CDD1D5
NSFC,CN_330500,湖州,prefecture_or_equivalent,,湖州,K01,1.0,5546.0,0.0,1065.0,0.018031013342949875,0.0,-0.018031013342949875,0.0,19.203029210241617,1,0,107,False,False,K04,0.09824805642449198,K04,0.09824805642449198,Intervention design and performance optimization,#CDD1D5
NSFC,CN_330500,湖州,prefecture_or_equivalent,,湖州,K02,1.0,5546.0,0.0,2355.0,0.018031013342949875,0.0,-0.018031013342949875,0.0,42.46303642264695,1,0,107,False,False,K04,0.09824805642449198,K04,0.09824805642449198,Intervention design and performance optimization,#CDD1D5
NSFC,CN_330500,湖州,prefecture_or_equivalent,,湖州,K03,1.0,5546.0,0.0,659.0,0.018031013342949875,0.0,-0.018031013342949875,0.0,11.882437793003966,1,0,107,False,False,K04,0.09824805642449198,K04,0.09824805642449198,Intervention design and performance optimization,#CDD1D5
NSFC,CN_330500,湖州,prefecture_or_equivalent,,湖州,K04,1.0,5546.0,1.0,860.0,0.018031013342949875,0.11627906976744186,0.09824805642449198,100.0,15.50667147493689,1,1,107,False,False,K04,0.09824805642449198,K04,0.09824805642449198,Intervention design and performance optimization,#CDD1D5
NSFC,CN_330500,湖州,prefecture_or_equivalent,,湖州,K05,1.0,5546.0,0.0,587.0,0.018031013342949875,0.0,-0.018031013342949875,0.0,10.584204832311576,1,0,107,False,False,K04,0.09824805642449198,K04,0.09824805642449198,Intervention design and performance optimization,#CDD1D5
NSFC,CN_330500,湖州,prefecture_or_equivalent,,湖州,K06,1.0,5546.0,0.0,20.0,0.018031013342949875,0.0,-0.018031013342949875,0.0,0.36062026685899745,1,0,107,False,False,K04,0.09824805642449198,K04,0.09824805642449198,Intervention design and performance optimization,#CDD1D5
NSFC,CN_330600,绍兴,prefecture_or_equivalent,,绍兴,K01,1.0,5546.0,0.0,1065.0,0.018031013342949875,0.0,-0.018031013342949875,0.0,19.203029210241617,1,0,108,False,False,K03,0.13371405494233085,K03,0.13371405494233085,Scenario simulation and risk prediction,#CDD1D5
NSFC,CN_330600,绍兴,prefecture_or_equivalent,,绍兴,K02,1.0,5546.0,0.0,2355.0,0.018031013342949875,0.0,-0.018031013342949875,0.0,42.46303642264695,1,0,108,False,False,K03,0.13371405494233085,K03,0.13371405494233085,Scenario simulation and risk prediction,#CDD1D5
NSFC,CN_330600,绍兴,prefecture_or_equivalent,,绍兴,K03,1.0,5546.0,1.0,659.0,0.018031013342949875,0.15174506828528073,0.13371405494233085,100.0,11.882437793003966,1,1,108,False,False,K03,0.13371405494233085,K03,0.13371405494233085,Scenario simulation and risk prediction,#CDD1D5
NSFC,CN_330600,绍兴,prefecture_or_equivalent,,绍兴,K04,1.0,5546.0,0.0,860.0,0.018031013342949875,0.0,-0.018031013342949875,0.0,15.50667147493689,1,0,108,False,False,K03,0.13371405494233085,K03,0.13371405494233085,Scenario simulation and risk prediction,#CDD1D5
NSFC,CN_330600,绍兴,prefecture_or_equivalent,,绍兴,K05,1.0,5546.0,0.0,587.0,0.018031013342949875,0.0,-0.018031013342949875,0.0,10.584204832311576,1,0,108,False,False,K03,0.13371405494233085,K03,0.13371405494233085,Scenario simulation and risk prediction,#CDD1D5
NSFC,CN_330600,绍兴,prefecture_or_equivalent,,绍兴,K06,1.0,5546.0,0.0,20.0,0.018031013342949875,0.0,-0.018031013342949875,0.0,0.36062026685899745,1,0,108,False,False,K03,0.13371405494233085,K03,0.13371405494233085,Scenario simulation and risk prediction,#CDD1D5
NSFC,CN_330700,金华,prefecture_or_equivalent,,金华,K01,8.0,5546.0,4.0,1065.0,0.144248106743599,0.3755868544600939,0.23133874771649487,50.0,19.203029210241617,8,4,51,False,False,K01,0.23133874771649487,K01,0.23133874771649487,State measurement and problem diagnosis,#CDD1D5
NSFC,CN_330700,金华,prefecture_or_equivalent,,金华,K02,8.0,5546.0,4.0,2355.0,0.144248106743599,0.16985138004246284,0.025603273298863832,50.0,42.46303642264695,8,4,51,False,False,K01,0.23133874771649487,K01,0.23133874771649487,State measurement and problem diagnosis,#CDD1D5
NSFC,CN_330700,金华,prefecture_or_equivalent,,金华,K03,8.0,5546.0,0.0,659.0,0.144248106743599,0.0,-0.144248106743599,0.0,11.882437793003966,8,0,51,False,False,K01,0.23133874771649487,K01,0.23133874771649487,State measurement and problem diagnosis,#CDD1D5
NSFC,CN_330700,金华,prefecture_or_equivalent,,金华,K04,8.0,5546.0,0.0,860.0,0.144248106743599,0.0,-0.144248106743599,0.0,15.50667147493689,8,0,51,False,False,K01,0.23133874771649487,K01,0.23133874771649487,State measurement and problem diagnosis,#CDD1D5
NSFC,CN_330700,金华,prefecture_or_equivalent,,金华,K05,8.0,5546.0,0.0,587.0,0.144248106743599,0.0,-0.144248106743599,0.0,10.584204832311576,8,0,51,False,False,K01,0.23133874771649487,K01,0.23133874771649487,State measurement and problem diagnosis,#CDD1D5
NSFC,CN_330700,金华,prefecture_or_equivalent,,金华,K06,8.0,5546.0,0.0,20.0,0.144248106743599,0.0,-0.144248106743599,0.0,0.36062026685899745,8,0,51,False,False,K01,0.23133874771649487,K01,0.23133874771649487,State measurement and problem diagnosis,#CDD1D5
NSFC,CN_330900,舟山,prefecture_or_equivalent,,舟山,K01,4.0,5546.0,1.0,1065.0,0.0721240533717995,0.09389671361502347,0.021772660243223968,25.0,19.203029210241617,4,1,70,False,False,K03,0.07962101491348123,K03,0.07962101491348123,Scenario simulation and risk prediction,#CDD1D5
NSFC,CN_330900,舟山,prefecture_or_equivalent,,舟山,K02,4.0,5546.0,1.0,2355.0,0.0721240533717995,0.04246284501061571,-0.029661208361183793,25.0,42.46303642264695,4,1,70,False,False,K03,0.07962101491348123,K03,0.07962101491348123,Scenario simulation and risk prediction,#CDD1D5
NSFC,CN_330900,舟山,prefecture_or_equivalent,,舟山,K03,4.0,5546.0,1.0,659.0,0.0721240533717995,0.15174506828528073,0.07962101491348123,25.0,11.882437793003966,4,1,70,False,False,K03,0.07962101491348123,K03,0.07962101491348123,Scenario simulation and risk prediction,#CDD1D5
NSFC,CN_330900,舟山,prefecture_or_equivalent,,舟山,K04,4.0,5546.0,1.0,860.0,0.0721240533717995,0.11627906976744186,0.04415501639564236,25.0,15.50667147493689,4,1,70,False,False,K03,0.07962101491348123,K03,0.07962101491348123,Scenario simulation and risk prediction,#CDD1D5
NSFC,CN_330900,舟山,prefecture_or_equivalent,,舟山,K05,4.0,5546.0,0.0,587.0,0.0721240533717995,0.0,-0.0721240533717995,0.0,10.584204832311576,4,0,70,False,False,K03,0.07962101491348123,K03,0.07962101491348123,Scenario simulation and risk prediction,#CDD1D5
NSFC,CN_330900,舟山,prefecture_or_equivalent,,舟山,K06,4.0,5546.0,0.0,20.0,0.0721240533717995,0.0,-0.0721240533717995,0.0,0.36062026685899745,4,0,70,False,False,K03,0.07962101491348123,K03,0.07962101491348123,Scenario simulation and risk prediction,#CDD1D5
NSFC,CN_331000,台州,prefecture_or_equivalent,,台州,K01,1.0,5546.0,0.0,1065.0,0.018031013342949875,0.0,-0.018031013342949875,0.0,19.203029210241617,1,0,109,False,False,K03,0.13371405494233085,K03,0.13371405494233085,Scenario simulation and risk prediction,#CDD1D5
NSFC,CN_331000,台州,prefecture_or_equivalent,,台州,K02,1.0,5546.0,0.0,2355.0,0.018031013342949875,0.0,-0.018031013342949875,0.0,42.46303642264695,1,0,109,False,False,K03,0.13371405494233085,K03,0.13371405494233085,Scenario simulation and risk prediction,#CDD1D5
NSFC,CN_331000,台州,prefecture_or_equivalent,,台州,K03,1.0,5546.0,1.0,659.0,0.018031013342949875,0.15174506828528073,0.13371405494233085,100.0,11.882437793003966,1,1,109,False,False,K03,0.13371405494233085,K03,0.13371405494233085,Scenario simulation and risk prediction,#CDD1D5
NSFC,CN_331000,台州,prefecture_or_equivalent,,台州,K04,1.0,5546.0,0.0,860.0,0.018031013342949875,0.0,-0.018031013342949875,0.0,15.50667147493689,1,0,109,False,False,K03,0.13371405494233085,K03,0.13371405494233085,Scenario simulation and risk prediction,#CDD1D5
NSFC,CN_331000,台州,prefecture_or_equivalent,,台州,K05,1.0,5546.0,0.0,587.0,0.018031013342949875,0.0,-0.018031013342949875,0.0,10.584204832311576,1,0,109,False,False,K03,0.13371405494233085,K03,0.13371405494233085,Scenario simulation and risk prediction,#CDD1D5
NSFC,CN_331000,台州,prefecture_or_equivalent,,台州,K06,1.0,5546.0,0.0,20.0,0.018031013342949875,0.0,-0.018031013342949875,0.0,0.36062026685899745,1,0,109,False,False,K03,0.13371405494233085,K03,0.13371405494233085,Scenario simulation and risk prediction,#CDD1D5
NSFC,CN_340100,Hefei,prefecture_or_equivalent,,Hefei,K01,57.0,5546.0,10.0,1065.0,1.0277677605481428,0.9389671361502347,-0.08880062439790803,17.54385964912281,19.203029210241617,57,10,26,False,False,K04,0.832697355730927,K04,0.832697355730927,Intervention design and performance optimization,#CDD1D5
NSFC,CN_340100,Hefei,prefecture_or_equivalent,,Hefei,K02,57.0,5546.0,22.0,2355.0,1.0277677605481428,0.9341825902335457,-0.09358517031459712,38.59649122807018,42.46303642264695,57,22,26,False,False,K04,0.832697355730927,K04,0.832697355730927,Intervention design and performance optimization,#CDD1D5
NSFC,CN_340100,Hefei,prefecture_or_equivalent,,Hefei,K03,57.0,5546.0,7.0,659.0,1.0277677605481428,1.062215477996965,0.034447717448822246,12.280701754385966,11.882437793003966,57,7,26,False,False,K04,0.832697355730927,K04,0.832697355730927,Intervention design and performance optimization,#CDD1D5
NSFC,CN_340100,Hefei,prefecture_or_equivalent,,Hefei,K04,57.0,5546.0,16.0,860.0,1.0277677605481428,1.8604651162790697,0.832697355730927,28.07017543859649,15.50667147493689,57,16,26,False,False,K04,0.832697355730927,K04,0.832697355730927,Intervention design and performance optimization,#CDD1D5
NSFC,CN_340100,Hefei,prefecture_or_equivalent,,Hefei,K05,57.0,5546.0,2.0,587.0,1.0277677605481428,0.34071550255536626,-0.6870522579927765,3.508771929824561,10.584204832311576,57,2,26,False,False,K04,0.832697355730927,K04,0.832697355730927,Intervention design and performance optimization,#CDD1D5
NSFC,CN_340100,Hefei,prefecture_or_equivalent,,Hefei,K06,57.0,5546.0,0.0,20.0,1.0277677605481428,0.0,-1.0277677605481428,0.0,0.36062026685899745,57,0,26,False,False,K04,0.832697355730927,K04,0.832697355730927,Intervention design and performance optimization,#CDD1D5
NSFC,CN_340200,芜湖,prefecture_or_equivalent,,芜湖,K01,13.0,5546.0,2.0,1065.0,0.23440317345834835,0.18779342723004694,-0.04660974622830141,15.384615384615385,19.203029210241617,13,2,43,False,False,K02,0.19022527664780878,K02,0.19022527664780878,Mechanism analysis and causal identification,#CDD1D5
NSFC,CN_340200,芜湖,prefecture_or_equivalent,,芜湖,K02,13.0,5546.0,10.0,2355.0,0.23440317345834835,0.42462845010615713,0.19022527664780878,76.92307692307692,42.46303642264695,13,10,43,False,False,K02,0.19022527664780878,K02,0.19022527664780878,Mechanism analysis and causal identification,#CDD1D5
NSFC,CN_340200,芜湖,prefecture_or_equivalent,,芜湖,K03,13.0,5546.0,0.0,659.0,0.23440317345834835,0.0,-0.23440317345834835,0.0,11.882437793003966,13,0,43,False,False,K02,0.19022527664780878,K02,0.19022527664780878,Mechanism analysis and causal identification,#CDD1D5
NSFC,CN_340200,芜湖,prefecture_or_equivalent,,芜湖,K04,13.0,5546.0,1.0,860.0,0.23440317345834835,0.11627906976744186,-0.11812410369090649,7.6923076923076925,15.50667147493689,13,1,43,False,False,K02,0.19022527664780878,K02,0.19022527664780878,Mechanism analysis and causal identification,#CDD1D5
NSFC,CN_340200,芜湖,prefecture_or_equivalent,,芜湖,K05,13.0,5546.0,0.0,587.0,0.23440317345834835,0.0,-0.23440317345834835,0.0,10.584204832311576,13,0,43,False,False,K02,0.19022527664780878,K02,0.19022527664780878,Mechanism analysis and causal identification,#CDD1D5
NSFC,CN_340200,芜湖,prefecture_or_equivalent,,芜湖,K06,13.0,5546.0,0.0,20.0,0.23440317345834835,0.0,-0.23440317345834835,0.0,0.36062026685899745,13,0,43,False,False,K02,0.19022527664780878,K02,0.19022527664780878,Mechanism analysis and causal identification,#CDD1D5
NSFC,CN_340300,蚌埠,prefecture_or_equivalent,,蚌埠,K01,2.0,5546.0,0.0,1065.0,0.03606202668589975,0.0,-0.03606202668589975,0.0,19.203029210241617,2,0,88,False,False,K05,0.13429572459178338,K05,0.13429572459178338,Planning decision support and policy design,#CDD1D5
NSFC,CN_340300,蚌埠,prefecture_or_equivalent,,蚌埠,K02,2.0,5546.0,1.0,2355.0,0.03606202668589975,0.04246284501061571,0.006400818324715958,50.0,42.46303642264695,2,1,88,False,False,K05,0.13429572459178338,K05,0.13429572459178338,Planning decision support and policy design,#CDD1D5
NSFC,CN_340300,蚌埠,prefecture_or_equivalent,,蚌埠,K03,2.0,5546.0,0.0,659.0,0.03606202668589975,0.0,-0.03606202668589975,0.0,11.882437793003966,2,0,88,False,False,K05,0.13429572459178338,K05,0.13429572459178338,Planning decision support and policy design,#CDD1D5
NSFC,CN_340300,蚌埠,prefecture_or_equivalent,,蚌埠,K04,2.0,5546.0,0.0,860.0,0.03606202668589975,0.0,-0.03606202668589975,0.0,15.50667147493689,2,0,88,False,False,K05,0.13429572459178338,K05,0.13429572459178338,Planning decision support and policy design,#CDD1D5
NSFC,CN_340300,蚌埠,prefecture_or_equivalent,,蚌埠,K05,2.0,5546.0,1.0,587.0,0.03606202668589975,0.17035775127768313,0.13429572459178338,50.0,10.584204832311576,2,1,88,False,False,K05,0.13429572459178338,K05,0.13429572459178338,Planning decision support and policy design,#CDD1D5
NSFC,CN_340300,蚌埠,prefecture_or_equivalent,,蚌埠,K06,2.0,5546.0,0.0,20.0,0.03606202668589975,0.0,-0.03606202668589975,0.0,0.36062026685899745,2,0,88,False,False,K05,0.13429572459178338,K05,0.13429572459178338,Planning decision support and policy design,#CDD1D5
NSFC,CN_340400,淮南,prefecture_or_equivalent,,淮南,K01,4.0,5546.0,0.0,1065.0,0.0721240533717995,0.0,-0.0721240533717995,0.0,19.203029210241617,4,0,71,False,False,K05,0.26859144918356676,K05,0.26859144918356676,Planning decision support and policy design,#CDD1D5
NSFC,CN_340400,淮南,prefecture_or_equivalent,,淮南,K02,4.0,5546.0,2.0,2355.0,0.0721240533717995,0.08492569002123142,0.012801636649431916,50.0,42.46303642264695,4,2,71,False,False,K05,0.26859144918356676,K05,0.26859144918356676,Planning decision support and policy design,#CDD1D5
NSFC,CN_340400,淮南,prefecture_or_equivalent,,淮南,K03,4.0,5546.0,0.0,659.0,0.0721240533717995,0.0,-0.0721240533717995,0.0,11.882437793003966,4,0,71,False,False,K05,0.26859144918356676,K05,0.26859144918356676,Planning decision support and policy design,#CDD1D5
NSFC,CN_340400,淮南,prefecture_or_equivalent,,淮南,K04,4.0,5546.0,0.0,860.0,0.0721240533717995,0.0,-0.0721240533717995,0.0,15.50667147493689,4,0,71,False,False,K05,0.26859144918356676,K05,0.26859144918356676,Planning decision support and policy design,#CDD1D5
NSFC,CN_340400,淮南,prefecture_or_equivalent,,淮南,K05,4.0,5546.0,2.0,587.0,0.0721240533717995,0.34071550255536626,0.26859144918356676,50.0,10.584204832311576,4,2,71,False,False,K05,0.26859144918356676,K05,0.26859144918356676,Planning decision support and policy design,#CDD1D5
NSFC,CN_340400,淮南,prefecture_or_equivalent,,淮南,K06,4.0,5546.0,0.0,20.0,0.0721240533717995,0.0,-0.0721240533717995,0.0,0.36062026685899745,4,0,71,False,False,K05,0.26859144918356676,K05,0.26859144918356676,Planning decision support and policy design,#CDD1D5
NSFC,CN_340500,马鞍山,prefecture_or_equivalent,,马鞍山,K01,5.0,5546.0,0.0,1065.0,0.09015506671474936,0.0,-0.09015506671474936,0.0,19.203029210241617,5,0,65,False,False,K05,0.2505604358406169,K05,0.2505604358406169,Planning decision support and policy design,#CDD1D5
NSFC,CN_340500,马鞍山,prefecture_or_equivalent,,马鞍山,K02,5.0,5546.0,3.0,2355.0,0.09015506671474936,0.12738853503184713,0.03723346831709777,60.0,42.46303642264695,5,3,65,False,False,K05,0.2505604358406169,K05,0.2505604358406169,Planning decision support and policy design,#CDD1D5
NSFC,CN_340500,马鞍山,prefecture_or_equivalent,,马鞍山,K03,5.0,5546.0,0.0,659.0,0.09015506671474936,0.0,-0.09015506671474936,0.0,11.882437793003966,5,0,65,False,False,K05,0.2505604358406169,K05,0.2505604358406169,Planning decision support and policy design,#CDD1D5
NSFC,CN_340500,马鞍山,prefecture_or_equivalent,,马鞍山,K04,5.0,5546.0,0.0,860.0,0.09015506671474936,0.0,-0.09015506671474936,0.0,15.50667147493689,5,0,65,False,False,K05,0.2505604358406169,K05,0.2505604358406169,Planning decision support and policy design,#CDD1D5
NSFC,CN_340500,马鞍山,prefecture_or_equivalent,,马鞍山,K05,5.0,5546.0,2.0,587.0,0.09015506671474936,0.34071550255536626,0.2505604358406169,40.0,10.584204832311576,5,2,65,False,False,K05,0.2505604358406169,K05,0.2505604358406169,Planning decision support and policy design,#CDD1D5
NSFC,CN_340500,马鞍山,prefecture_or_equivalent,,马鞍山,K06,5.0,5546.0,0.0,20.0,0.09015506671474936,0.0,-0.09015506671474936,0.0,0.36062026685899745,5,0,65,False,False,K05,0.2505604358406169,K05,0.2505604358406169,Planning decision support and policy design,#CDD1D5
NSFC,CN_340600,淮北,prefecture_or_equivalent,,淮北,K01,2.0,5546.0,0.0,1065.0,0.03606202668589975,0.0,-0.03606202668589975,0.0,19.203029210241617,2,0,89,False,False,K02,0.04886366333533167,K02,0.04886366333533167,Mechanism analysis and causal identification,#CDD1D5
NSFC,CN_340600,淮北,prefecture_or_equivalent,,淮北,K02,2.0,5546.0,2.0,2355.0,0.03606202668589975,0.08492569002123142,0.04886366333533167,100.0,42.46303642264695,2,2,89,False,False,K02,0.04886366333533167,K02,0.04886366333533167,Mechanism analysis and causal identification,#CDD1D5
NSFC,CN_340600,淮北,prefecture_or_equivalent,,淮北,K03,2.0,5546.0,0.0,659.0,0.03606202668589975,0.0,-0.03606202668589975,0.0,11.882437793003966,2,0,89,False,False,K02,0.04886366333533167,K02,0.04886366333533167,Mechanism analysis and causal identification,#CDD1D5
NSFC,CN_340600,淮北,prefecture_or_equivalent,,淮北,K04,2.0,5546.0,0.0,860.0,0.03606202668589975,0.0,-0.03606202668589975,0.0,15.50667147493689,2,0,89,False,False,K02,0.04886366333533167,K02,0.04886366333533167,Mechanism analysis and causal identification,#CDD1D5
NSFC,CN_340600,淮北,prefecture_or_equivalent,,淮北,K05,2.0,5546.0,0.0,587.0,0.03606202668589975,0.0,-0.03606202668589975,0.0,10.584204832311576,2,0,89,False,False,K02,0.04886366333533167,K02,0.04886366333533167,Mechanism analysis and causal identification,#CDD1D5
NSFC,CN_340600,淮北,prefecture_or_equivalent,,淮北,K06,2.0,5546.0,0.0,20.0,0.03606202668589975,0.0,-0.03606202668589975,0.0,0.36062026685899745,2,0,89,False,False,K02,0.04886366333533167,K02,0.04886366333533167,Mechanism analysis and causal identification,#CDD1D5
NSFC,CN_341000,黄山,prefecture_or_equivalent,,黄山,K01,1.0,5546.0,0.0,1065.0,0.018031013342949875,0.0,-0.018031013342949875,0.0,19.203029210241617,1,0,110,False,False,K02,0.024431831667665833,K02,0.024431831667665833,Mechanism analysis and causal identification,#CDD1D5
NSFC,CN_341000,黄山,prefecture_or_equivalent,,黄山,K02,1.0,5546.0,1.0,2355.0,0.018031013342949875,0.04246284501061571,0.024431831667665833,100.0,42.46303642264695,1,1,110,False,False,K02,0.024431831667665833,K02,0.024431831667665833,Mechanism analysis and causal identification,#CDD1D5
NSFC,CN_341000,黄山,prefecture_or_equivalent,,黄山,K03,1.0,5546.0,0.0,659.0,0.018031013342949875,0.0,-0.018031013342949875,0.0,11.882437793003966,1,0,110,False,False,K02,0.024431831667665833,K02,0.024431831667665833,Mechanism analysis and causal identification,#CDD1D5
NSFC,CN_341000,黄山,prefecture_or_equivalent,,黄山,K04,1.0,5546.0,0.0,860.0,0.018031013342949875,0.0,-0.018031013342949875,0.0,15.50667147493689,1,0,110,False,False,K02,0.024431831667665833,K02,0.024431831667665833,Mechanism analysis and causal identification,#CDD1D5
NSFC,CN_341000,黄山,prefecture_or_equivalent,,黄山,K05,1.0,5546.0,0.0,587.0,0.018031013342949875,0.0,-0.018031013342949875,0.0,10.584204832311576,1,0,110,False,False,K02,0.024431831667665833,K02,0.024431831667665833,Mechanism analysis and causal identification,#CDD1D5
NSFC,CN_341000,黄山,prefecture_or_equivalent,,黄山,K06,1.0,5546.0,0.0,20.0,0.018031013342949875,0.0,-0.018031013342949875,0.0,0.36062026685899745,1,0,110,False,False,K02,0.024431831667665833,K02,0.024431831667665833,Mechanism analysis and causal identification,#CDD1D5
NSFC,CN_341100,滁州,prefecture_or_equivalent,,滁州,K01,2.0,5546.0,1.0,1065.0,0.03606202668589975,0.09389671361502347,0.05783468692912372,50.0,19.203029210241617,2,1,90,False,False,K05,0.13429572459178338,K05,0.13429572459178338,Planning decision support and policy design,#CDD1D5
NSFC,CN_341100,滁州,prefecture_or_equivalent,,滁州,K02,2.0,5546.0,0.0,2355.0,0.03606202668589975,0.0,-0.03606202668589975,0.0,42.46303642264695,2,0,90,False,False,K05,0.13429572459178338,K05,0.13429572459178338,Planning decision support and policy design,#CDD1D5
NSFC,CN_341100,滁州,prefecture_or_equivalent,,滁州,K03,2.0,5546.0,0.0,659.0,0.03606202668589975,0.0,-0.03606202668589975,0.0,11.882437793003966,2,0,90,False,False,K05,0.13429572459178338,K05,0.13429572459178338,Planning decision support and policy design,#CDD1D5
NSFC,CN_341100,滁州,prefecture_or_equivalent,,滁州,K04,2.0,5546.0,0.0,860.0,0.03606202668589975,0.0,-0.03606202668589975,0.0,15.50667147493689,2,0,90,False,False,K05,0.13429572459178338,K05,0.13429572459178338,Planning decision support and policy design,#CDD1D5
NSFC,CN_341100,滁州,prefecture_or_equivalent,,滁州,K05,2.0,5546.0,1.0,587.0,0.03606202668589975,0.17035775127768313,0.13429572459178338,50.0,10.584204832311576,2,1,90,False,False,K05,0.13429572459178338,K05,0.13429572459178338,Planning decision support and policy design,#CDD1D5
NSFC,CN_341100,滁州,prefecture_or_equivalent,,滁州,K06,2.0,5546.0,0.0,20.0,0.03606202668589975,0.0,-0.03606202668589975,0.0,0.36062026685899745,2,0,90,False,False,K05,0.13429572459178338,K05,0.13429572459178338,Planning decision support and policy design,#CDD1D5
NSFC,CN_341300,宿州,prefecture_or_equivalent,,宿州,K01,1.0,5546.0,0.0,1065.0,0.018031013342949875,0.0,-0.018031013342949875,0.0,19.203029210241617,1,0,111,False,False,K02,0.024431831667665833,K02,0.024431831667665833,Mechanism analysis and causal identification,#CDD1D5
NSFC,CN_341300,宿州,prefecture_or_equivalent,,宿州,K02,1.0,5546.0,1.0,2355.0,0.018031013342949875,0.04246284501061571,0.024431831667665833,100.0,42.46303642264695,1,1,111,False,False,K02,0.024431831667665833,K02,0.024431831667665833,Mechanism analysis and causal identification,#CDD1D5
NSFC,CN_341300,宿州,prefecture_or_equivalent,,宿州,K03,1.0,5546.0,0.0,659.0,0.018031013342949875,0.0,-0.018031013342949875,0.0,11.882437793003966,1,0,111,False,False,K02,0.024431831667665833,K02,0.024431831667665833,Mechanism analysis and causal identification,#CDD1D5
NSFC,CN_341300,宿州,prefecture_or_equivalent,,宿州,K04,1.0,5546.0,0.0,860.0,0.018031013342949875,0.0,-0.018031013342949875,0.0,15.50667147493689,1,0,111,False,False,K02,0.024431831667665833,K02,0.024431831667665833,Mechanism analysis and causal identification,#CDD1D5
NSFC,CN_341300,宿州,prefecture_or_equivalent,,宿州,K05,1.0,5546.0,0.0,587.0,0.018031013342949875,0.0,-0.018031013342949875,0.0,10.584204832311576,1,0,111,False,False,K02,0.024431831667665833,K02,0.024431831667665833,Mechanism analysis and causal identification,#CDD1D5
NSFC,CN_341300,宿州,prefecture_or_equivalent,,宿州,K06,1.0,5546.0,0.0,20.0,0.018031013342949875,0.0,-0.018031013342949875,0.0,0.36062026685899745,1,0,111,False,False,K02,0.024431831667665833,K02,0.024431831667665833,Mechanism analysis and causal identification,#CDD1D5
NSFC,CN_350100,Fuzhou,prefecture_or_equivalent,,Fuzhou,K01,40.0,5546.0,12.0,1065.0,0.7212405337179949,1.1267605633802817,0.40552002966228684,30.0,19.203029210241617,40,12,28,False,False,K01,0.40552002966228684,K01,0.40552002966228684,State measurement and problem diagnosis,#CDD1D5
NSFC,CN_350100,Fuzhou,prefecture_or_equivalent,,Fuzhou,K02,40.0,5546.0,16.0,2355.0,0.7212405337179949,0.6794055201698513,-0.04183501354814356,40.0,42.46303642264695,40,16,28,False,False,K01,0.40552002966228684,K01,0.40552002966228684,State measurement and problem diagnosis,#CDD1D5
NSFC,CN_350100,Fuzhou,prefecture_or_equivalent,,Fuzhou,K03,40.0,5546.0,3.0,659.0,0.7212405337179949,0.4552352048558422,-0.2660053288621527,7.5,11.882437793003966,40,3,28,False,False,K01,0.40552002966228684,K01,0.40552002966228684,State measurement and problem diagnosis,#CDD1D5
NSFC,CN_350100,Fuzhou,prefecture_or_equivalent,,Fuzhou,K04,40.0,5546.0,5.0,860.0,0.7212405337179949,0.5813953488372093,-0.13984518488078557,12.5,15.50667147493689,40,5,28,False,False,K01,0.40552002966228684,K01,0.40552002966228684,State measurement and problem diagnosis,#CDD1D5
NSFC,CN_350100,Fuzhou,prefecture_or_equivalent,,Fuzhou,K05,40.0,5546.0,4.0,587.0,0.7212405337179949,0.6814310051107325,-0.03980952860726239,10.0,10.584204832311576,40,4,28,False,False,K01,0.40552002966228684,K01,0.40552002966228684,State measurement and problem diagnosis,#CDD1D5
NSFC,CN_350100,Fuzhou,prefecture_or_equivalent,,Fuzhou,K06,40.0,5546.0,0.0,20.0,0.7212405337179949,0.0,-0.7212405337179949,0.0,0.36062026685899745,40,0,28,False,False,K01,0.40552002966228684,K01,0.40552002966228684,State measurement and problem diagnosis,#CDD1D5
NSFC,CN_350200,Xiamen,prefecture_or_equivalent,,Xiamen,K01,68.0,5546.0,10.0,1065.0,1.2261089073205915,0.9389671361502347,-0.2871417711703568,14.705882352941176,19.203029210241617,68,10,20,False,False,K06,3.7738910926794085,K03,0.13959670724693507,Scenario simulation and risk prediction,#CDD1D5
NSFC,CN_350200,Xiamen,prefecture_or_equivalent,,Xiamen,K02,68.0,5546.0,32.0,2355.0,1.2261089073205915,1.3588110403397027,0.13270213301911116,47.05882352941177,42.46303642264695,68,32,20,False,False,K06,3.7738910926794085,K03,0.13959670724693507,Scenario simulation and risk prediction,#CDD1D5
NSFC,CN_350200,Xiamen,prefecture_or_equivalent,,Xiamen,K03,68.0,5546.0,9.0,659.0,1.2261089073205915,1.3657056145675266,0.13959670724693507,13.235294117647058,11.882437793003966,68,9,20,False,False,K06,3.7738910926794085,K03,0.13959670724693507,Scenario simulation and risk prediction,#CDD1D5
NSFC,CN_350200,Xiamen,prefecture_or_equivalent,,Xiamen,K04,68.0,5546.0,8.0,860.0,1.2261089073205915,0.9302325581395349,-0.29587634918105665,11.764705882352942,15.50667147493689,68,8,20,False,False,K06,3.7738910926794085,K03,0.13959670724693507,Scenario simulation and risk prediction,#CDD1D5
NSFC,CN_350200,Xiamen,prefecture_or_equivalent,,Xiamen,K05,68.0,5546.0,8.0,587.0,1.2261089073205915,1.362862010221465,0.1367531029008735,11.764705882352942,10.584204832311576,68,8,20,False,False,K06,3.7738910926794085,K03,0.13959670724693507,Scenario simulation and risk prediction,#CDD1D5
NSFC,CN_350200,Xiamen,prefecture_or_equivalent,,Xiamen,K06,68.0,5546.0,1.0,20.0,1.2261089073205915,5.0,3.7738910926794085,1.4705882352941178,0.36062026685899745,68,1,20,False,False,K06,3.7738910926794085,K03,0.13959670724693507,Scenario simulation and risk prediction,#CDD1D5
NSFC,CN_350500,泉州,prefecture_or_equivalent,,泉州,K01,11.0,5546.0,3.0,1065.0,0.1983411467724486,0.28169014084507044,0.08334899407262183,27.272727272727273,19.203029210241617,11,3,45,False,False,K05,0.31273210706060073,K05,0.31273210706060073,Planning decision support and policy design,#CDD1D5
NSFC,CN_350500,泉州,prefecture_or_equivalent,,泉州,K02,11.0,5546.0,4.0,2355.0,0.1983411467724486,0.16985138004246284,-0.028489766729985766,36.36363636363637,42.46303642264695,11,4,45,False,False,K05,0.31273210706060073,K05,0.31273210706060073,Planning decision support and policy design,#CDD1D5
NSFC,CN_350500,泉州,prefecture_or_equivalent,,泉州,K03,11.0,5546.0,0.0,659.0,0.1983411467724486,0.0,-0.1983411467724486,0.0,11.882437793003966,11,0,45,False,False,K05,0.31273210706060073,K05,0.31273210706060073,Planning decision support and policy design,#CDD1D5
NSFC,CN_350500,泉州,prefecture_or_equivalent,,泉州,K04,11.0,5546.0,1.0,860.0,0.1983411467724486,0.11627906976744186,-0.08206207700500674,9.090909090909092,15.50667147493689,11,1,45,False,False,K05,0.31273210706060073,K05,0.31273210706060073,Planning decision support and policy design,#CDD1D5
NSFC,CN_350500,泉州,prefecture_or_equivalent,,泉州,K05,11.0,5546.0,3.0,587.0,0.1983411467724486,0.5110732538330494,0.31273210706060073,27.272727272727273,10.584204832311576,11,3,45,False,False,K05,0.31273210706060073,K05,0.31273210706060073,Planning decision support and policy design,#CDD1D5
NSFC,CN_350500,泉州,prefecture_or_equivalent,,泉州,K06,11.0,5546.0,0.0,20.0,0.1983411467724486,0.0,-0.1983411467724486,0.0,0.36062026685899745,11,0,45,False,False,K05,0.31273210706060073,K05,0.31273210706060073,Planning decision support and policy design,#CDD1D5
NSFC,CN_360100,Nanchang,prefecture_or_equivalent,,Nanchang,K01,75.0,5546.0,11.0,1065.0,1.3523260007212405,1.0328638497652582,-0.3194621509559823,14.666666666666666,19.203029210241617,75,11,18,False,False,K05,0.5216092633332738,K05,0.5216092633332738,Planning decision support and policy design,#CDD1D5
NSFC,CN_360100,Nanchang,prefecture_or_equivalent,,Nanchang,K02,75.0,5546.0,29.0,2355.0,1.3523260007212405,1.2314225053078556,-0.12090349541338496,38.666666666666664,42.46303642264695,75,29,18,False,False,K05,0.5216092633332738,K05,0.5216092633332738,Planning decision support and policy design,#CDD1D5
NSFC,CN_360100,Nanchang,prefecture_or_equivalent,,Nanchang,K03,75.0,5546.0,11.0,659.0,1.3523260007212405,1.669195751138088,0.3168697504168474,14.666666666666666,11.882437793003966,75,11,18,False,False,K05,0.5216092633332738,K05,0.5216092633332738,Planning decision support and policy design,#CDD1D5
NSFC,CN_360100,Nanchang,prefecture_or_equivalent,,Nanchang,K04,75.0,5546.0,13.0,860.0,1.3523260007212405,1.5116279069767442,0.15930190625550367,17.333333333333332,15.50667147493689,75,13,18,False,False,K05,0.5216092633332738,K05,0.5216092633332738,Planning decision support and policy design,#CDD1D5
NSFC,CN_360100,Nanchang,prefecture_or_equivalent,,Nanchang,K05,75.0,5546.0,11.0,587.0,1.3523260007212405,1.8739352640545144,0.5216092633332738,14.666666666666666,10.584204832311576,75,11,18,False,False,K05,0.5216092633332738,K05,0.5216092633332738,Planning decision support and policy design,#CDD1D5
NSFC,CN_360100,Nanchang,prefecture_or_equivalent,,Nanchang,K06,75.0,5546.0,0.0,20.0,1.3523260007212405,0.0,-1.3523260007212405,0.0,0.36062026685899745,75,0,18,False,False,K05,0.5216092633332738,K05,0.5216092633332738,Planning decision support and policy design,#CDD1D5
NSFC,CN_360700,赣州,prefecture_or_equivalent,,赣州,K01,7.0,5546.0,2.0,1065.0,0.12621709340064913,0.18779342723004694,0.06157633382939781,28.571428571428573,19.203029210241617,7,2,54,False,False,K01,0.06157633382939781,K01,0.06157633382939781,State measurement and problem diagnosis,#CDD1D5
NSFC,CN_360700,赣州,prefecture_or_equivalent,,赣州,K02,7.0,5546.0,4.0,2355.0,0.12621709340064913,0.16985138004246284,0.04363428664181371,57.142857142857146,42.46303642264695,7,4,54,False,False,K01,0.06157633382939781,K01,0.06157633382939781,State measurement and problem diagnosis,#CDD1D5
NSFC,CN_360700,赣州,prefecture_or_equivalent,,赣州,K03,7.0,5546.0,0.0,659.0,0.12621709340064913,0.0,-0.12621709340064913,0.0,11.882437793003966,7,0,54,False,False,K01,0.06157633382939781,K01,0.06157633382939781,State measurement and problem diagnosis,#CDD1D5
NSFC,CN_360700,赣州,prefecture_or_equivalent,,赣州,K04,7.0,5546.0,0.0,860.0,0.12621709340064913,0.0,-0.12621709340064913,0.0,15.50667147493689,7,0,54,False,False,K01,0.06157633382939781,K01,0.06157633382939781,State measurement and problem diagnosis,#CDD1D5
NSFC,CN_360700,赣州,prefecture_or_equivalent,,赣州,K05,7.0,5546.0,1.0,587.0,0.12621709340064913,0.17035775127768313,0.044140657877034,14.285714285714286,10.584204832311576,7,1,54,False,False,K01,0.06157633382939781,K01,0.06157633382939781,State measurement and problem diagnosis,#CDD1D5
NSFC,CN_360700,赣州,prefecture_or_equivalent,,赣州,K06,7.0,5546.0,0.0,20.0,0.12621709340064913,0.0,-0.12621709340064913,0.0,0.36062026685899745,7,0,54,False,False,K01,0.06157633382939781,K01,0.06157633382939781,State measurement and problem diagnosis,#CDD1D5
NSFC,CN_360900,宜春,prefecture_or_equivalent,,宜春,K01,1.0,5546.0,0.0,1065.0,0.018031013342949875,0.0,-0.018031013342949875,0.0,19.203029210241617,1,0,112,False,False,K02,0.024431831667665833,K02,0.024431831667665833,Mechanism analysis and causal identification,#CDD1D5
NSFC,CN_360900,宜春,prefecture_or_equivalent,,宜春,K02,1.0,5546.0,1.0,2355.0,0.018031013342949875,0.04246284501061571,0.024431831667665833,100.0,42.46303642264695,1,1,112,False,False,K02,0.024431831667665833,K02,0.024431831667665833,Mechanism analysis and causal identification,#CDD1D5
NSFC,CN_360900,宜春,prefecture_or_equivalent,,宜春,K03,1.0,5546.0,0.0,659.0,0.018031013342949875,0.0,-0.018031013342949875,0.0,11.882437793003966,1,0,112,False,False,K02,0.024431831667665833,K02,0.024431831667665833,Mechanism analysis and causal identification,#CDD1D5
NSFC,CN_360900,宜春,prefecture_or_equivalent,,宜春,K04,1.0,5546.0,0.0,860.0,0.018031013342949875,0.0,-0.018031013342949875,0.0,15.50667147493689,1,0,112,False,False,K02,0.024431831667665833,K02,0.024431831667665833,Mechanism analysis and causal identification,#CDD1D5
NSFC,CN_360900,宜春,prefecture_or_equivalent,,宜春,K05,1.0,5546.0,0.0,587.0,0.018031013342949875,0.0,-0.018031013342949875,0.0,10.584204832311576,1,0,112,False,False,K02,0.024431831667665833,K02,0.024431831667665833,Mechanism analysis and causal identification,#CDD1D5
NSFC,CN_360900,宜春,prefecture_or_equivalent,,宜春,K06,1.0,5546.0,0.0,20.0,0.018031013342949875,0.0,-0.018031013342949875,0.0,0.36062026685899745,1,0,112,False,False,K02,0.024431831667665833,K02,0.024431831667665833,Mechanism analysis and causal identification,#CDD1D5
NSFC,CN_361100,上饶,prefecture_or_equivalent,,上饶,K01,1.0,5546.0,0.0,1065.0,0.018031013342949875,0.0,-0.018031013342949875,0.0,19.203029210241617,1,0,113,False,False,K02,0.024431831667665833,K02,0.024431831667665833,Mechanism analysis and causal identification,#CDD1D5
NSFC,CN_361100,上饶,prefecture_or_equivalent,,上饶,K02,1.0,5546.0,1.0,2355.0,0.018031013342949875,0.04246284501061571,0.024431831667665833,100.0,42.46303642264695,1,1,113,False,False,K02,0.024431831667665833,K02,0.024431831667665833,Mechanism analysis and causal identification,#CDD1D5
NSFC,CN_361100,上饶,prefecture_or_equivalent,,上饶,K03,1.0,5546.0,0.0,659.0,0.018031013342949875,0.0,-0.018031013342949875,0.0,11.882437793003966,1,0,113,False,False,K02,0.024431831667665833,K02,0.024431831667665833,Mechanism analysis and causal identification,#CDD1D5
NSFC,CN_361100,上饶,prefecture_or_equivalent,,上饶,K04,1.0,5546.0,0.0,860.0,0.018031013342949875,0.0,-0.018031013342949875,0.0,15.50667147493689,1,0,113,False,False,K02,0.024431831667665833,K02,0.024431831667665833,Mechanism analysis and causal identification,#CDD1D5
NSFC,CN_361100,上饶,prefecture_or_equivalent,,上饶,K05,1.0,5546.0,0.0,587.0,0.018031013342949875,0.0,-0.018031013342949875,0.0,10.584204832311576,1,0,113,False,False,K02,0.024431831667665833,K02,0.024431831667665833,Mechanism analysis and causal identification,#CDD1D5
NSFC,CN_361100,上饶,prefecture_or_equivalent,,上饶,K06,1.0,5546.0,0.0,20.0,0.018031013342949875,0.0,-0.018031013342949875,0.0,0.36062026685899745,1,0,113,False,False,K02,0.024431831667665833,K02,0.024431831667665833,Mechanism analysis and causal identification,#CDD1D5
NSFC,CN_370100,Jinan,prefecture_or_equivalent,,Jinan,K01,60.0,5546.0,10.0,1065.0,1.0818608005769925,0.9389671361502347,-0.14289366442675777,16.666666666666668,19.203029210241617,60,10,25,False,False,K05,0.6217167121998388,K05,0.6217167121998388,Planning decision support and policy design,#CDD1D5
NSFC,CN_370100,Jinan,prefecture_or_equivalent,,Jinan,K02,60.0,5546.0,19.0,2355.0,1.0818608005769925,0.8067940552016986,-0.27506674537529396,31.666666666666668,42.46303642264695,60,19,25,False,False,K05,0.6217167121998388,K05,0.6217167121998388,Planning decision support and policy design,#CDD1D5
NSFC,CN_370100,Jinan,prefecture_or_equivalent,,Jinan,K03,60.0,5546.0,8.0,659.0,1.0818608005769925,1.2139605462822458,0.1320997457052533,13.333333333333334,11.882437793003966,60,8,25,False,False,K05,0.6217167121998388,K05,0.6217167121998388,Planning decision support and policy design,#CDD1D5
NSFC,CN_370100,Jinan,prefecture_or_equivalent,,Jinan,K04,60.0,5546.0,13.0,860.0,1.0818608005769925,1.5116279069767442,0.4297671063997517,21.666666666666668,15.50667147493689,60,13,25,False,False,K05,0.6217167121998388,K05,0.6217167121998388,Planning decision support and policy design,#CDD1D5
NSFC,CN_370100,Jinan,prefecture_or_equivalent,,Jinan,K05,60.0,5546.0,10.0,587.0,1.0818608005769925,1.7035775127768313,0.6217167121998388,16.666666666666668,10.584204832311576,60,10,25,False,False,K05,0.6217167121998388,K05,0.6217167121998388,Planning decision support and policy design,#CDD1D5
NSFC,CN_370100,Jinan,prefecture_or_equivalent,,Jinan,K06,60.0,5546.0,0.0,20.0,1.0818608005769925,0.0,-1.0818608005769925,0.0,0.36062026685899745,60,0,25,False,False,K05,0.6217167121998388,K05,0.6217167121998388,Planning decision support and policy design,#CDD1D5
NSFC,CN_370200,Qingdao,prefecture_or_equivalent,,Qingdao,K01,69.0,5546.0,14.0,1065.0,1.2441399206635413,1.3145539906103287,0.07041406994678745,20.28985507246377,19.203029210241617,69,14,19,False,False,K04,0.2674879863132029,K04,0.2674879863132029,Intervention design and performance optimization,#CDD1D5
NSFC,CN_370200,Qingdao,prefecture_or_equivalent,,Qingdao,K02,69.0,5546.0,28.0,2355.0,1.2441399206635413,1.1889596602972399,-0.055180260366301415,40.57971014492754,42.46303642264695,69,28,19,False,False,K04,0.2674879863132029,K04,0.2674879863132029,Intervention design and performance optimization,#CDD1D5
NSFC,CN_370200,Qingdao,prefecture_or_equivalent,,Qingdao,K03,69.0,5546.0,9.0,659.0,1.2441399206635413,1.3657056145675266,0.1215656939039853,13.043478260869565,11.882437793003966,69,9,19,False,False,K04,0.2674879863132029,K04,0.2674879863132029,Intervention design and performance optimization,#CDD1D5
NSFC,CN_370200,Qingdao,prefecture_or_equivalent,,Qingdao,K04,69.0,5546.0,13.0,860.0,1.2441399206635413,1.5116279069767442,0.2674879863132029,18.840579710144926,15.50667147493689,69,13,19,False,False,K04,0.2674879863132029,K04,0.2674879863132029,Intervention design and performance optimization,#CDD1D5
NSFC,CN_370200,Qingdao,prefecture_or_equivalent,,Qingdao,K05,69.0,5546.0,5.0,587.0,1.2441399206635413,0.8517887563884157,-0.3923511642751256,7.246376811594203,10.584204832311576,69,5,19,False,False,K04,0.2674879863132029,K04,0.2674879863132029,Intervention design and performance optimization,#CDD1D5
NSFC,CN_370200,Qingdao,prefecture_or_equivalent,,Qingdao,K06,69.0,5546.0,0.0,20.0,1.2441399206635413,0.0,-1.2441399206635413,0.0,0.36062026685899745,69,0,19,False,False,K04,0.2674879863132029,K04,0.2674879863132029,Intervention design and performance optimization,#CDD1D5
NSFC,CN_370300,淄博,prefecture_or_equivalent,,淄博,K01,8.0,5546.0,2.0,1065.0,0.144248106743599,0.18779342723004694,0.043545320486447936,25.0,19.203029210241617,8,2,52,False,False,K02,0.06806611830947956,K02,0.06806611830947956,Mechanism analysis and causal identification,#CDD1D5
NSFC,CN_370300,淄博,prefecture_or_equivalent,,淄博,K02,8.0,5546.0,5.0,2355.0,0.144248106743599,0.21231422505307856,0.06806611830947956,62.5,42.46303642264695,8,5,52,False,False,K02,0.06806611830947956,K02,0.06806611830947956,Mechanism analysis and causal identification,#CDD1D5
NSFC,CN_370300,淄博,prefecture_or_equivalent,,淄博,K03,8.0,5546.0,0.0,659.0,0.144248106743599,0.0,-0.144248106743599,0.0,11.882437793003966,8,0,52,False,False,K02,0.06806611830947956,K02,0.06806611830947956,Mechanism analysis and causal identification,#CDD1D5
NSFC,CN_370300,淄博,prefecture_or_equivalent,,淄博,K04,8.0,5546.0,1.0,860.0,0.144248106743599,0.11627906976744186,-0.027969036976157144,12.5,15.50667147493689,8,1,52,False,False,K02,0.06806611830947956,K02,0.06806611830947956,Mechanism analysis and causal identification,#CDD1D5
NSFC,CN_370300,淄博,prefecture_or_equivalent,,淄博,K05,8.0,5546.0,0.0,587.0,0.144248106743599,0.0,-0.144248106743599,0.0,10.584204832311576,8,0,52,False,False,K02,0.06806611830947956,K02,0.06806611830947956,Mechanism analysis and causal identification,#CDD1D5
NSFC,CN_370300,淄博,prefecture_or_equivalent,,淄博,K06,8.0,5546.0,0.0,20.0,0.144248106743599,0.0,-0.144248106743599,0.0,0.36062026685899745,8,0,52,False,False,K02,0.06806611830947956,K02,0.06806611830947956,Mechanism analysis and causal identification,#CDD1D5
NSFC,CN_370600,烟台,prefecture_or_equivalent,,烟台,K01,21.0,5546.0,8.0,1065.0,0.3786512802019473,0.7511737089201878,0.37252242871824043,38.095238095238095,19.203029210241617,21,8,37,False,False,K01,0.37252242871824043,K01,0.37252242871824043,State measurement and problem diagnosis,#CDD1D5
NSFC,CN_370600,烟台,prefecture_or_equivalent,,烟台,K02,21.0,5546.0,10.0,2355.0,0.3786512802019473,0.42462845010615713,0.0459771699042098,47.61904761904762,42.46303642264695,21,10,37,False,False,K01,0.37252242871824043,K01,0.37252242871824043,State measurement and problem diagnosis,#CDD1D5
NSFC,CN_370600,烟台,prefecture_or_equivalent,,烟台,K03,21.0,5546.0,1.0,659.0,0.3786512802019473,0.15174506828528073,-0.2269062119166666,4.761904761904762,11.882437793003966,21,1,37,False,False,K01,0.37252242871824043,K01,0.37252242871824043,State measurement and problem diagnosis,#CDD1D5
NSFC,CN_370600,烟台,prefecture_or_equivalent,,烟台,K04,21.0,5546.0,1.0,860.0,0.3786512802019473,0.11627906976744186,-0.2623722104345055,4.761904761904762,15.50667147493689,21,1,37,False,False,K01,0.37252242871824043,K01,0.37252242871824043,State measurement and problem diagnosis,#CDD1D5
NSFC,CN_370600,烟台,prefecture_or_equivalent,,烟台,K05,21.0,5546.0,1.0,587.0,0.3786512802019473,0.17035775127768313,-0.2082935289242642,4.761904761904762,10.584204832311576,21,1,37,False,False,K01,0.37252242871824043,K01,0.37252242871824043,State measurement and problem diagnosis,#CDD1D5
NSFC,CN_370600,烟台,prefecture_or_equivalent,,烟台,K06,21.0,5546.0,0.0,20.0,0.3786512802019473,0.0,-0.3786512802019473,0.0,0.36062026685899745,21,0,37,False,False,K01,0.37252242871824043,K01,0.37252242871824043,State measurement and problem diagnosis,#CDD1D5
NSFC,CN_370800,曲阜,prefecture_or_equivalent,,曲阜,K01,6.0,5546.0,1.0,1065.0,0.10818608005769924,0.09389671361502347,-0.014289366442675769,16.666666666666668,19.203029210241617,6,1,55,False,False,K05,0.232529422497667,K05,0.232529422497667,Planning decision support and policy design,#CDD1D5
NSFC,CN_370800,曲阜,prefecture_or_equivalent,,曲阜,K02,6.0,5546.0,3.0,2355.0,0.10818608005769924,0.12738853503184713,0.019202454974147895,50.0,42.46303642264695,6,3,55,False,False,K05,0.232529422497667,K05,0.232529422497667,Planning decision support and policy design,#CDD1D5
NSFC,CN_370800,曲阜,prefecture_or_equivalent,,曲阜,K03,6.0,5546.0,0.0,659.0,0.10818608005769924,0.0,-0.10818608005769924,0.0,11.882437793003966,6,0,55,False,False,K05,0.232529422497667,K05,0.232529422497667,Planning decision support and policy design,#CDD1D5
NSFC,CN_370800,曲阜,prefecture_or_equivalent,,曲阜,K04,6.0,5546.0,0.0,860.0,0.10818608005769924,0.0,-0.10818608005769924,0.0,15.50667147493689,6,0,55,False,False,K05,0.232529422497667,K05,0.232529422497667,Planning decision support and policy design,#CDD1D5
NSFC,CN_370800,曲阜,prefecture_or_equivalent,,曲阜,K05,6.0,5546.0,2.0,587.0,0.10818608005769924,0.34071550255536626,0.232529422497667,33.333333333333336,10.584204832311576,6,2,55,False,False,K05,0.232529422497667,K05,0.232529422497667,Planning decision support and policy design,#CDD1D5
NSFC,CN_370800,曲阜,prefecture_or_equivalent,,曲阜,K06,6.0,5546.0,0.0,20.0,0.10818608005769924,0.0,-0.10818608005769924,0.0,0.36062026685899745,6,0,55,False,False,K05,0.232529422497667,K05,0.232529422497667,Planning decision support and policy design,#CDD1D5
NSFC,CN_370900,泰安,prefecture_or_equivalent,,泰安,K01,3.0,5546.0,0.0,1065.0,0.05409304002884962,0.0,-0.05409304002884962,0.0,19.203029210241617,3,0,80,False,False,K02,0.07329549500299751,K02,0.07329549500299751,Mechanism analysis and causal identification,#CDD1D5
NSFC,CN_370900,泰安,prefecture_or_equivalent,,泰安,K02,3.0,5546.0,3.0,2355.0,0.05409304002884962,0.12738853503184713,0.07329549500299751,100.0,42.46303642264695,3,3,80,False,False,K02,0.07329549500299751,K02,0.07329549500299751,Mechanism analysis and causal identification,#CDD1D5
NSFC,CN_370900,泰安,prefecture_or_equivalent,,泰安,K03,3.0,5546.0,0.0,659.0,0.05409304002884962,0.0,-0.05409304002884962,0.0,11.882437793003966,3,0,80,False,False,K02,0.07329549500299751,K02,0.07329549500299751,Mechanism analysis and causal identification,#CDD1D5
NSFC,CN_370900,泰安,prefecture_or_equivalent,,泰安,K04,3.0,5546.0,0.0,860.0,0.05409304002884962,0.0,-0.05409304002884962,0.0,15.50667147493689,3,0,80,False,False,K02,0.07329549500299751,K02,0.07329549500299751,Mechanism analysis and causal identification,#CDD1D5
NSFC,CN_370900,泰安,prefecture_or_equivalent,,泰安,K05,3.0,5546.0,0.0,587.0,0.05409304002884962,0.0,-0.05409304002884962,0.0,10.584204832311576,3,0,80,False,False,K02,0.07329549500299751,K02,0.07329549500299751,Mechanism analysis and causal identification,#CDD1D5
NSFC,CN_370900,泰安,prefecture_or_equivalent,,泰安,K06,3.0,5546.0,0.0,20.0,0.05409304002884962,0.0,-0.05409304002884962,0.0,0.36062026685899745,3,0,80,False,False,K02,0.07329549500299751,K02,0.07329549500299751,Mechanism analysis and causal identification,#CDD1D5
NSFC,CN_371300,临沂,prefecture_or_equivalent,,临沂,K01,4.0,5546.0,1.0,1065.0,0.0721240533717995,0.09389671361502347,0.021772660243223968,25.0,19.203029210241617,4,1,72,False,False,K02,0.05526448166004763,K02,0.05526448166004763,Mechanism analysis and causal identification,#CDD1D5
NSFC,CN_371300,临沂,prefecture_or_equivalent,,临沂,K02,4.0,5546.0,3.0,2355.0,0.0721240533717995,0.12738853503184713,0.05526448166004763,75.0,42.46303642264695,4,3,72,False,False,K02,0.05526448166004763,K02,0.05526448166004763,Mechanism analysis and causal identification,#CDD1D5
NSFC,CN_371300,临沂,prefecture_or_equivalent,,临沂,K03,4.0,5546.0,0.0,659.0,0.0721240533717995,0.0,-0.0721240533717995,0.0,11.882437793003966,4,0,72,False,False,K02,0.05526448166004763,K02,0.05526448166004763,Mechanism analysis and causal identification,#CDD1D5
NSFC,CN_371300,临沂,prefecture_or_equivalent,,临沂,K04,4.0,5546.0,0.0,860.0,0.0721240533717995,0.0,-0.0721240533717995,0.0,15.50667147493689,4,0,72,False,False,K02,0.05526448166004763,K02,0.05526448166004763,Mechanism analysis and causal identification,#CDD1D5
NSFC,CN_371300,临沂,prefecture_or_equivalent,,临沂,K05,4.0,5546.0,0.0,587.0,0.0721240533717995,0.0,-0.0721240533717995,0.0,10.584204832311576,4,0,72,False,False,K02,0.05526448166004763,K02,0.05526448166004763,Mechanism analysis and causal identification,#CDD1D5
NSFC,CN_371300,临沂,prefecture_or_equivalent,,临沂,K06,4.0,5546.0,0.0,20.0,0.0721240533717995,0.0,-0.0721240533717995,0.0,0.36062026685899745,4,0,72,False,False,K02,0.05526448166004763,K02,0.05526448166004763,Mechanism analysis and causal identification,#CDD1D5
NSFC,CN_410100,Zhengzhou,prefecture_or_equivalent,,Zhengzhou,K01,61.0,5546.0,13.0,1065.0,1.0998918139199423,1.2206572769953052,0.12076546307536296,21.311475409836067,19.203029210241617,61,13,23,False,False,K04,0.4117360930568019,K04,0.4117360930568019,Intervention design and performance optimization,#CDD1D5
NSFC,CN_410100,Zhengzhou,prefecture_or_equivalent,,Zhengzhou,K02,61.0,5546.0,23.0,2355.0,1.0998918139199423,0.9766454352441614,-0.12324637867578092,37.704918032786885,42.46303642264695,61,23,23,False,False,K04,0.4117360930568019,K04,0.4117360930568019,Intervention design and performance optimization,#CDD1D5
NSFC,CN_410100,Zhengzhou,prefecture_or_equivalent,,Zhengzhou,K03,61.0,5546.0,6.0,659.0,1.0998918139199423,0.9104704097116844,-0.18942140420825793,9.836065573770492,11.882437793003966,61,6,23,False,False,K04,0.4117360930568019,K04,0.4117360930568019,Intervention design and performance optimization,#CDD1D5
NSFC,CN_410100,Zhengzhou,prefecture_or_equivalent,,Zhengzhou,K04,61.0,5546.0,13.0,860.0,1.0998918139199423,1.5116279069767442,0.4117360930568019,21.311475409836067,15.50667147493689,61,13,23,False,False,K04,0.4117360930568019,K04,0.4117360930568019,Intervention design and performance optimization,#CDD1D5
NSFC,CN_410100,Zhengzhou,prefecture_or_equivalent,,Zhengzhou,K05,61.0,5546.0,6.0,587.0,1.0998918139199423,1.0221465076660987,-0.07774530625384357,9.836065573770492,10.584204832311576,61,6,23,False,False,K04,0.4117360930568019,K04,0.4117360930568019,Intervention design and performance optimization,#CDD1D5
NSFC,CN_410100,Zhengzhou,prefecture_or_equivalent,,Zhengzhou,K06,61.0,5546.0,0.0,20.0,1.0998918139199423,0.0,-1.0998918139199423,0.0,0.36062026685899745,61,0,23,False,False,K04,0.4117360930568019,K04,0.4117360930568019,Intervention design and performance optimization,#CDD1D5
NSFC,CN_410200,开封,prefecture_or_equivalent,,开封,K01,21.0,5546.0,7.0,1065.0,0.3786512802019473,0.6572769953051644,0.27862571510321704,33.333333333333336,19.203029210241617,21,7,38,False,False,K01,0.27862571510321704,K01,0.27862571510321704,State measurement and problem diagnosis,#CDD1D5
NSFC,CN_410200,开封,prefecture_or_equivalent,,开封,K02,21.0,5546.0,12.0,2355.0,0.3786512802019473,0.5095541401273885,0.1309028599254412,57.142857142857146,42.46303642264695,21,12,38,False,False,K01,0.27862571510321704,K01,0.27862571510321704,State measurement and problem diagnosis,#CDD1D5
NSFC,CN_410200,开封,prefecture_or_equivalent,,开封,K03,21.0,5546.0,0.0,659.0,0.3786512802019473,0.0,-0.3786512802019473,0.0,11.882437793003966,21,0,38,False,False,K01,0.27862571510321704,K01,0.27862571510321704,State measurement and problem diagnosis,#CDD1D5
NSFC,CN_410200,开封,prefecture_or_equivalent,,开封,K04,21.0,5546.0,1.0,860.0,0.3786512802019473,0.11627906976744186,-0.2623722104345055,4.761904761904762,15.50667147493689,21,1,38,False,False,K01,0.27862571510321704,K01,0.27862571510321704,State measurement and problem diagnosis,#CDD1D5
NSFC,CN_410200,开封,prefecture_or_equivalent,,开封,K05,21.0,5546.0,1.0,587.0,0.3786512802019473,0.17035775127768313,-0.2082935289242642,4.761904761904762,10.584204832311576,21,1,38,False,False,K01,0.27862571510321704,K01,0.27862571510321704,State measurement and problem diagnosis,#CDD1D5
NSFC,CN_410200,开封,prefecture_or_equivalent,,开封,K06,21.0,5546.0,0.0,20.0,0.3786512802019473,0.0,-0.3786512802019473,0.0,0.36062026685899745,21,0,38,False,False,K01,0.27862571510321704,K01,0.27862571510321704,State measurement and problem diagnosis,#CDD1D5
NSFC,CN_410400,平顶山,prefecture_or_equivalent,,平顶山,K01,1.0,5546.0,0.0,1065.0,0.018031013342949875,0.0,-0.018031013342949875,0.0,19.203029210241617,1,0,114,False,False,K02,0.024431831667665833,K02,0.024431831667665833,Mechanism analysis and causal identification,#CDD1D5
NSFC,CN_410400,平顶山,prefecture_or_equivalent,,平顶山,K02,1.0,5546.0,1.0,2355.0,0.018031013342949875,0.04246284501061571,0.024431831667665833,100.0,42.46303642264695,1,1,114,False,False,K02,0.024431831667665833,K02,0.024431831667665833,Mechanism analysis and causal identification,#CDD1D5
NSFC,CN_410400,平顶山,prefecture_or_equivalent,,平顶山,K03,1.0,5546.0,0.0,659.0,0.018031013342949875,0.0,-0.018031013342949875,0.0,11.882437793003966,1,0,114,False,False,K02,0.024431831667665833,K02,0.024431831667665833,Mechanism analysis and causal identification,#CDD1D5
NSFC,CN_410400,平顶山,prefecture_or_equivalent,,平顶山,K04,1.0,5546.0,0.0,860.0,0.018031013342949875,0.0,-0.018031013342949875,0.0,15.50667147493689,1,0,114,False,False,K02,0.024431831667665833,K02,0.024431831667665833,Mechanism analysis and causal identification,#CDD1D5
NSFC,CN_410400,平顶山,prefecture_or_equivalent,,平顶山,K05,1.0,5546.0,0.0,587.0,0.018031013342949875,0.0,-0.018031013342949875,0.0,10.584204832311576,1,0,114,False,False,K02,0.024431831667665833,K02,0.024431831667665833,Mechanism analysis and causal identification,#CDD1D5
NSFC,CN_410400,平顶山,prefecture_or_equivalent,,平顶山,K06,1.0,5546.0,0.0,20.0,0.018031013342949875,0.0,-0.018031013342949875,0.0,0.36062026685899745,1,0,114,False,False,K02,0.024431831667665833,K02,0.024431831667665833,Mechanism analysis and causal identification,#CDD1D5
NSFC,CN_410700,新乡,prefecture_or_equivalent,,新乡,K01,6.0,5546.0,1.0,1065.0,0.10818608005769924,0.09389671361502347,-0.014289366442675769,16.666666666666668,19.203029210241617,6,1,56,False,False,K03,0.1953040565128622,K03,0.1953040565128622,Scenario simulation and risk prediction,#CDD1D5
NSFC,CN_410700,新乡,prefecture_or_equivalent,,新乡,K02,6.0,5546.0,2.0,2355.0,0.10818608005769924,0.08492569002123142,-0.02326039003646782,33.333333333333336,42.46303642264695,6,2,56,False,False,K03,0.1953040565128622,K03,0.1953040565128622,Scenario simulation and risk prediction,#CDD1D5
NSFC,CN_410700,新乡,prefecture_or_equivalent,,新乡,K03,6.0,5546.0,2.0,659.0,0.10818608005769924,0.30349013657056145,0.1953040565128622,33.333333333333336,11.882437793003966,6,2,56,False,False,K03,0.1953040565128622,K03,0.1953040565128622,Scenario simulation and risk prediction,#CDD1D5
NSFC,CN_410700,新乡,prefecture_or_equivalent,,新乡,K04,6.0,5546.0,1.0,860.0,0.10818608005769924,0.11627906976744186,0.00809298970974262,16.666666666666668,15.50667147493689,6,1,56,False,False,K03,0.1953040565128622,K03,0.1953040565128622,Scenario simulation and risk prediction,#CDD1D5
NSFC,CN_410700,新乡,prefecture_or_equivalent,,新乡,K05,6.0,5546.0,0.0,587.0,0.10818608005769924,0.0,-0.10818608005769924,0.0,10.584204832311576,6,0,56,False,False,K03,0.1953040565128622,K03,0.1953040565128622,Scenario simulation and risk prediction,#CDD1D5
NSFC,CN_410700,新乡,prefecture_or_equivalent,,新乡,K06,6.0,5546.0,0.0,20.0,0.10818608005769924,0.0,-0.10818608005769924,0.0,0.36062026685899745,6,0,56,False,False,K03,0.1953040565128622,K03,0.1953040565128622,Scenario simulation and risk prediction,#CDD1D5
NSFC,CN_410800,焦作,prefecture_or_equivalent,,焦作,K01,6.0,5546.0,2.0,1065.0,0.10818608005769924,0.18779342723004694,0.0796073471723477,33.333333333333336,19.203029210241617,6,2,57,False,False,K04,0.12437205947718448,K04,0.12437205947718448,Intervention design and performance optimization,#CDD1D5
NSFC,CN_410800,焦作,prefecture_or_equivalent,,焦作,K02,6.0,5546.0,2.0,2355.0,0.10818608005769924,0.08492569002123142,-0.02326039003646782,33.333333333333336,42.46303642264695,6,2,57,False,False,K04,0.12437205947718448,K04,0.12437205947718448,Intervention design and performance optimization,#CDD1D5
NSFC,CN_410800,焦作,prefecture_or_equivalent,,焦作,K03,6.0,5546.0,0.0,659.0,0.10818608005769924,0.0,-0.10818608005769924,0.0,11.882437793003966,6,0,57,False,False,K04,0.12437205947718448,K04,0.12437205947718448,Intervention design and performance optimization,#CDD1D5
NSFC,CN_410800,焦作,prefecture_or_equivalent,,焦作,K04,6.0,5546.0,2.0,860.0,0.10818608005769924,0.23255813953488372,0.12437205947718448,33.333333333333336,15.50667147493689,6,2,57,False,False,K04,0.12437205947718448,K04,0.12437205947718448,Intervention design and performance optimization,#CDD1D5
NSFC,CN_410800,焦作,prefecture_or_equivalent,,焦作,K05,6.0,5546.0,0.0,587.0,0.10818608005769924,0.0,-0.10818608005769924,0.0,10.584204832311576,6,0,57,False,False,K04,0.12437205947718448,K04,0.12437205947718448,Intervention design and performance optimization,#CDD1D5
NSFC,CN_410800,焦作,prefecture_or_equivalent,,焦作,K06,6.0,5546.0,0.0,20.0,0.10818608005769924,0.0,-0.10818608005769924,0.0,0.36062026685899745,6,0,57,False,False,K04,0.12437205947718448,K04,0.12437205947718448,Intervention design and performance optimization,#CDD1D5
NSFC,CN_411000,许昌,prefecture_or_equivalent,,许昌,K01,1.0,5546.0,1.0,1065.0,0.018031013342949875,0.09389671361502347,0.0758657002720736,100.0,19.203029210241617,1,1,115,False,False,K01,0.0758657002720736,K01,0.0758657002720736,State measurement and problem diagnosis,#CDD1D5
NSFC,CN_411000,许昌,prefecture_or_equivalent,,许昌,K02,1.0,5546.0,0.0,2355.0,0.018031013342949875,0.0,-0.018031013342949875,0.0,42.46303642264695,1,0,115,False,False,K01,0.0758657002720736,K01,0.0758657002720736,State measurement and problem diagnosis,#CDD1D5
NSFC,CN_411000,许昌,prefecture_or_equivalent,,许昌,K03,1.0,5546.0,0.0,659.0,0.018031013342949875,0.0,-0.018031013342949875,0.0,11.882437793003966,1,0,115,False,False,K01,0.0758657002720736,K01,0.0758657002720736,State measurement and problem diagnosis,#CDD1D5
NSFC,CN_411000,许昌,prefecture_or_equivalent,,许昌,K04,1.0,5546.0,0.0,860.0,0.018031013342949875,0.0,-0.018031013342949875,0.0,15.50667147493689,1,0,115,False,False,K01,0.0758657002720736,K01,0.0758657002720736,State measurement and problem diagnosis,#CDD1D5
NSFC,CN_411000,许昌,prefecture_or_equivalent,,许昌,K05,1.0,5546.0,0.0,587.0,0.018031013342949875,0.0,-0.018031013342949875,0.0,10.584204832311576,1,0,115,False,False,K01,0.0758657002720736,K01,0.0758657002720736,State measurement and problem diagnosis,#CDD1D5
NSFC,CN_411000,许昌,prefecture_or_equivalent,,许昌,K06,1.0,5546.0,0.0,20.0,0.018031013342949875,0.0,-0.018031013342949875,0.0,0.36062026685899745,1,0,115,False,False,K01,0.0758657002720736,K01,0.0758657002720736,State measurement and problem diagnosis,#CDD1D5
NSFC,CN_411300,南阳,prefecture_or_equivalent,,南阳,K01,1.0,5546.0,0.0,1065.0,0.018031013342949875,0.0,-0.018031013342949875,0.0,19.203029210241617,1,0,116,False,False,K02,0.024431831667665833,K02,0.024431831667665833,Mechanism analysis and causal identification,#CDD1D5
NSFC,CN_411300,南阳,prefecture_or_equivalent,,南阳,K02,1.0,5546.0,1.0,2355.0,0.018031013342949875,0.04246284501061571,0.024431831667665833,100.0,42.46303642264695,1,1,116,False,False,K02,0.024431831667665833,K02,0.024431831667665833,Mechanism analysis and causal identification,#CDD1D5
NSFC,CN_411300,南阳,prefecture_or_equivalent,,南阳,K03,1.0,5546.0,0.0,659.0,0.018031013342949875,0.0,-0.018031013342949875,0.0,11.882437793003966,1,0,116,False,False,K02,0.024431831667665833,K02,0.024431831667665833,Mechanism analysis and causal identification,#CDD1D5
NSFC,CN_411300,南阳,prefecture_or_equivalent,,南阳,K04,1.0,5546.0,0.0,860.0,0.018031013342949875,0.0,-0.018031013342949875,0.0,15.50667147493689,1,0,116,False,False,K02,0.024431831667665833,K02,0.024431831667665833,Mechanism analysis and causal identification,#CDD1D5
NSFC,CN_411300,南阳,prefecture_or_equivalent,,南阳,K05,1.0,5546.0,0.0,587.0,0.018031013342949875,0.0,-0.018031013342949875,0.0,10.584204832311576,1,0,116,False,False,K02,0.024431831667665833,K02,0.024431831667665833,Mechanism analysis and causal identification,#CDD1D5
NSFC,CN_411300,南阳,prefecture_or_equivalent,,南阳,K06,1.0,5546.0,0.0,20.0,0.018031013342949875,0.0,-0.018031013342949875,0.0,0.36062026685899745,1,0,116,False,False,K02,0.024431831667665833,K02,0.024431831667665833,Mechanism analysis and causal identification,#CDD1D5
NSFC,CN_411500,信阳,prefecture_or_equivalent,,信阳,K01,6.0,5546.0,1.0,1065.0,0.10818608005769924,0.09389671361502347,-0.014289366442675769,16.666666666666668,19.203029210241617,6,1,58,False,False,K05,0.06217167121998389,K05,0.06217167121998389,Planning decision support and policy design,#CDD1D5
NSFC,CN_411500,信阳,prefecture_or_equivalent,,信阳,K02,6.0,5546.0,3.0,2355.0,0.10818608005769924,0.12738853503184713,0.019202454974147895,50.0,42.46303642264695,6,3,58,False,False,K05,0.06217167121998389,K05,0.06217167121998389,Planning decision support and policy design,#CDD1D5
NSFC,CN_411500,信阳,prefecture_or_equivalent,,信阳,K03,6.0,5546.0,0.0,659.0,0.10818608005769924,0.0,-0.10818608005769924,0.0,11.882437793003966,6,0,58,False,False,K05,0.06217167121998389,K05,0.06217167121998389,Planning decision support and policy design,#CDD1D5
NSFC,CN_411500,信阳,prefecture_or_equivalent,,信阳,K04,6.0,5546.0,1.0,860.0,0.10818608005769924,0.11627906976744186,0.00809298970974262,16.666666666666668,15.50667147493689,6,1,58,False,False,K05,0.06217167121998389,K05,0.06217167121998389,Planning decision support and policy design,#CDD1D5
NSFC,CN_411500,信阳,prefecture_or_equivalent,,信阳,K05,6.0,5546.0,1.0,587.0,0.10818608005769924,0.17035775127768313,0.06217167121998389,16.666666666666668,10.584204832311576,6,1,58,False,False,K05,0.06217167121998389,K05,0.06217167121998389,Planning decision support and policy design,#CDD1D5
NSFC,CN_411500,信阳,prefecture_or_equivalent,,信阳,K06,6.0,5546.0,0.0,20.0,0.10818608005769924,0.0,-0.10818608005769924,0.0,0.36062026685899745,6,0,58,False,False,K05,0.06217167121998389,K05,0.06217167121998389,Planning decision support and policy design,#CDD1D5
NSFC,CN_420100,Wuhan,prefecture_or_equivalent,,Wuhan,K01,338.0,5546.0,77.0,1065.0,6.094482509917057,7.230046948356808,1.1355644384397507,22.781065088757398,19.203029210241617,338,77,3,True,False,K06,3.905517490082943,K03,1.3410258360616982,Scenario simulation and risk prediction,#9b2323
NSFC,CN_420100,Wuhan,prefecture_or_equivalent,,Wuhan,K02,338.0,5546.0,122.0,2355.0,6.094482509917057,5.1804670912951165,-0.9140154186219407,36.094674556213015,42.46303642264695,338,122,3,True,False,K06,3.905517490082943,K03,1.3410258360616982,Scenario simulation and risk prediction,#9b2323
NSFC,CN_420100,Wuhan,prefecture_or_equivalent,,Wuhan,K03,338.0,5546.0,49.0,659.0,6.094482509917057,7.435508345978755,1.3410258360616982,14.497041420118343,11.882437793003966,338,49,3,True,False,K06,3.905517490082943,K03,1.3410258360616982,Scenario simulation and risk prediction,#9b2323
NSFC,CN_420100,Wuhan,prefecture_or_equivalent,,Wuhan,K04,338.0,5546.0,51.0,860.0,6.094482509917057,5.930232558139535,-0.16424995177752244,15.088757396449704,15.50667147493689,338,51,3,True,False,K06,3.905517490082943,K03,1.3410258360616982,Scenario simulation and risk prediction,#9b2323
NSFC,CN_420100,Wuhan,prefecture_or_equivalent,,Wuhan,K05,338.0,5546.0,37.0,587.0,6.094482509917057,6.303236797274276,0.2087542873572188,10.946745562130177,10.584204832311576,338,37,3,True,False,K06,3.905517490082943,K03,1.3410258360616982,Scenario simulation and risk prediction,#9b2323
NSFC,CN_420100,Wuhan,prefecture_or_equivalent,,Wuhan,K06,338.0,5546.0,2.0,20.0,6.094482509917057,10.0,3.905517490082943,0.591715976331361,0.36062026685899745,338,2,3,True,False,K06,3.905517490082943,K03,1.3410258360616982,Scenario simulation and risk prediction,#9b2323
NSFC,CN_420500,宜昌,prefecture_or_equivalent,,宜昌,K01,5.0,5546.0,2.0,1065.0,0.09015506671474936,0.18779342723004694,0.09763836051529758,40.0,19.203029210241617,5,2,66,False,False,K01,0.09763836051529758,K01,0.09763836051529758,State measurement and problem diagnosis,#CDD1D5
NSFC,CN_420500,宜昌,prefecture_or_equivalent,,宜昌,K02,5.0,5546.0,2.0,2355.0,0.09015506671474936,0.08492569002123142,-0.005229376693517945,40.0,42.46303642264695,5,2,66,False,False,K01,0.09763836051529758,K01,0.09763836051529758,State measurement and problem diagnosis,#CDD1D5
NSFC,CN_420500,宜昌,prefecture_or_equivalent,,宜昌,K03,5.0,5546.0,0.0,659.0,0.09015506671474936,0.0,-0.09015506671474936,0.0,11.882437793003966,5,0,66,False,False,K01,0.09763836051529758,K01,0.09763836051529758,State measurement and problem diagnosis,#CDD1D5
NSFC,CN_420500,宜昌,prefecture_or_equivalent,,宜昌,K04,5.0,5546.0,1.0,860.0,0.09015506671474936,0.11627906976744186,0.026124003052692496,20.0,15.50667147493689,5,1,66,False,False,K01,0.09763836051529758,K01,0.09763836051529758,State measurement and problem diagnosis,#CDD1D5
NSFC,CN_420500,宜昌,prefecture_or_equivalent,,宜昌,K05,5.0,5546.0,0.0,587.0,0.09015506671474936,0.0,-0.09015506671474936,0.0,10.584204832311576,5,0,66,False,False,K01,0.09763836051529758,K01,0.09763836051529758,State measurement and problem diagnosis,#CDD1D5
NSFC,CN_420500,宜昌,prefecture_or_equivalent,,宜昌,K06,5.0,5546.0,0.0,20.0,0.09015506671474936,0.0,-0.09015506671474936,0.0,0.36062026685899745,5,0,66,False,False,K01,0.09763836051529758,K01,0.09763836051529758,State measurement and problem diagnosis,#CDD1D5
NSFC,CN_420600,襄阳,prefecture_or_equivalent,,襄阳,K01,2.0,5546.0,2.0,1065.0,0.03606202668589975,0.18779342723004694,0.1517314005441472,100.0,19.203029210241617,2,2,91,False,False,K01,0.1517314005441472,K01,0.1517314005441472,State measurement and problem diagnosis,#CDD1D5
NSFC,CN_420600,襄阳,prefecture_or_equivalent,,襄阳,K02,2.0,5546.0,0.0,2355.0,0.03606202668589975,0.0,-0.03606202668589975,0.0,42.46303642264695,2,0,91,False,False,K01,0.1517314005441472,K01,0.1517314005441472,State measurement and problem diagnosis,#CDD1D5
NSFC,CN_420600,襄阳,prefecture_or_equivalent,,襄阳,K03,2.0,5546.0,0.0,659.0,0.03606202668589975,0.0,-0.03606202668589975,0.0,11.882437793003966,2,0,91,False,False,K01,0.1517314005441472,K01,0.1517314005441472,State measurement and problem diagnosis,#CDD1D5
NSFC,CN_420600,襄阳,prefecture_or_equivalent,,襄阳,K04,2.0,5546.0,0.0,860.0,0.03606202668589975,0.0,-0.03606202668589975,0.0,15.50667147493689,2,0,91,False,False,K01,0.1517314005441472,K01,0.1517314005441472,State measurement and problem diagnosis,#CDD1D5
NSFC,CN_420600,襄阳,prefecture_or_equivalent,,襄阳,K05,2.0,5546.0,0.0,587.0,0.03606202668589975,0.0,-0.03606202668589975,0.0,10.584204832311576,2,0,91,False,False,K01,0.1517314005441472,K01,0.1517314005441472,State measurement and problem diagnosis,#CDD1D5
NSFC,CN_420600,襄阳,prefecture_or_equivalent,,襄阳,K06,2.0,5546.0,0.0,20.0,0.03606202668589975,0.0,-0.03606202668589975,0.0,0.36062026685899745,2,0,91,False,False,K01,0.1517314005441472,K01,0.1517314005441472,State measurement and problem diagnosis,#CDD1D5
NSFC,CN_421000,荆州,prefecture_or_equivalent,,荆州,K01,2.0,5546.0,0.0,1065.0,0.03606202668589975,0.0,-0.03606202668589975,0.0,19.203029210241617,2,0,92,False,False,K03,0.11568304159938098,K03,0.11568304159938098,Scenario simulation and risk prediction,#CDD1D5
NSFC,CN_421000,荆州,prefecture_or_equivalent,,荆州,K02,2.0,5546.0,0.0,2355.0,0.03606202668589975,0.0,-0.03606202668589975,0.0,42.46303642264695,2,0,92,False,False,K03,0.11568304159938098,K03,0.11568304159938098,Scenario simulation and risk prediction,#CDD1D5
NSFC,CN_421000,荆州,prefecture_or_equivalent,,荆州,K03,2.0,5546.0,1.0,659.0,0.03606202668589975,0.15174506828528073,0.11568304159938098,50.0,11.882437793003966,2,1,92,False,False,K03,0.11568304159938098,K03,0.11568304159938098,Scenario simulation and risk prediction,#CDD1D5
NSFC,CN_421000,荆州,prefecture_or_equivalent,,荆州,K04,2.0,5546.0,1.0,860.0,0.03606202668589975,0.11627906976744186,0.08021704308154211,50.0,15.50667147493689,2,1,92,False,False,K03,0.11568304159938098,K03,0.11568304159938098,Scenario simulation and risk prediction,#CDD1D5
NSFC,CN_421000,荆州,prefecture_or_equivalent,,荆州,K05,2.0,5546.0,0.0,587.0,0.03606202668589975,0.0,-0.03606202668589975,0.0,10.584204832311576,2,0,92,False,False,K03,0.11568304159938098,K03,0.11568304159938098,Scenario simulation and risk prediction,#CDD1D5
NSFC,CN_421000,荆州,prefecture_or_equivalent,,荆州,K06,2.0,5546.0,0.0,20.0,0.03606202668589975,0.0,-0.03606202668589975,0.0,0.36062026685899745,2,0,92,False,False,K03,0.11568304159938098,K03,0.11568304159938098,Scenario simulation and risk prediction,#CDD1D5
NSFC,CN_422800,恩施,prefecture_or_equivalent,,恩施,K01,1.0,5546.0,0.0,1065.0,0.018031013342949875,0.0,-0.018031013342949875,0.0,19.203029210241617,1,0,117,False,False,K05,0.15232673793473325,K05,0.15232673793473325,Planning decision support and policy design,#CDD1D5
NSFC,CN_422800,恩施,prefecture_or_equivalent,,恩施,K02,1.0,5546.0,0.0,2355.0,0.018031013342949875,0.0,-0.018031013342949875,0.0,42.46303642264695,1,0,117,False,False,K05,0.15232673793473325,K05,0.15232673793473325,Planning decision support and policy design,#CDD1D5
NSFC,CN_422800,恩施,prefecture_or_equivalent,,恩施,K03,1.0,5546.0,0.0,659.0,0.018031013342949875,0.0,-0.018031013342949875,0.0,11.882437793003966,1,0,117,False,False,K05,0.15232673793473325,K05,0.15232673793473325,Planning decision support and policy design,#CDD1D5
NSFC,CN_422800,恩施,prefecture_or_equivalent,,恩施,K04,1.0,5546.0,0.0,860.0,0.018031013342949875,0.0,-0.018031013342949875,0.0,15.50667147493689,1,0,117,False,False,K05,0.15232673793473325,K05,0.15232673793473325,Planning decision support and policy design,#CDD1D5
NSFC,CN_422800,恩施,prefecture_or_equivalent,,恩施,K05,1.0,5546.0,1.0,587.0,0.018031013342949875,0.17035775127768313,0.15232673793473325,100.0,10.584204832311576,1,1,117,False,False,K05,0.15232673793473325,K05,0.15232673793473325,Planning decision support and policy design,#CDD1D5
NSFC,CN_422800,恩施,prefecture_or_equivalent,,恩施,K06,1.0,5546.0,0.0,20.0,0.018031013342949875,0.0,-0.018031013342949875,0.0,0.36062026685899745,1,0,117,False,False,K05,0.15232673793473325,K05,0.15232673793473325,Planning decision support and policy design,#CDD1D5
NSFC,CN_430100,Changsha,prefecture_or_equivalent,,Changsha,K01,92.0,5546.0,13.0,1065.0,1.6588532275513883,1.2206572769953052,-0.43819595055608307,14.130434782608695,19.203029210241617,92,13,14,False,False,K04,0.8992863073323327,K04,0.8992863073323327,Intervention design and performance optimization,#CDD1D5
NSFC,CN_430100,Changsha,prefecture_or_equivalent,,Changsha,K02,92.0,5546.0,39.0,2355.0,1.6588532275513883,1.6560509554140128,-0.0028022721373754944,42.391304347826086,42.46303642264695,92,39,14,False,False,K04,0.8992863073323327,K04,0.8992863073323327,Intervention design and performance optimization,#CDD1D5
NSFC,CN_430100,Changsha,prefecture_or_equivalent,,Changsha,K03,92.0,5546.0,9.0,659.0,1.6588532275513883,1.3657056145675266,-0.2931476129838617,9.782608695652174,11.882437793003966,92,9,14,False,False,K04,0.8992863073323327,K04,0.8992863073323327,Intervention design and performance optimization,#CDD1D5
NSFC,CN_430100,Changsha,prefecture_or_equivalent,,Changsha,K04,92.0,5546.0,22.0,860.0,1.6588532275513883,2.558139534883721,0.8992863073323327,23.91304347826087,15.50667147493689,92,22,14,False,False,K04,0.8992863073323327,K04,0.8992863073323327,Intervention design and performance optimization,#CDD1D5
NSFC,CN_430100,Changsha,prefecture_or_equivalent,,Changsha,K05,92.0,5546.0,9.0,587.0,1.6588532275513883,1.5332197614991483,-0.12563346605224002,9.782608695652174,10.584204832311576,92,9,14,False,False,K04,0.8992863073323327,K04,0.8992863073323327,Intervention design and performance optimization,#CDD1D5
NSFC,CN_430100,Changsha,prefecture_or_equivalent,,Changsha,K06,92.0,5546.0,0.0,20.0,1.6588532275513883,0.0,-1.6588532275513883,0.0,0.36062026685899745,92,0,14,False,False,K04,0.8992863073323327,K04,0.8992863073323327,Intervention design and performance optimization,#CDD1D5
NSFC,CN_430300,湘潭,prefecture_or_equivalent,,湘潭,K01,11.0,5546.0,3.0,1065.0,0.1983411467724486,0.28169014084507044,0.08334899407262183,27.272727272727273,19.203029210241617,11,3,46,False,False,K04,0.26677513229731886,K04,0.26677513229731886,Intervention design and performance optimization,#CDD1D5
NSFC,CN_430300,湘潭,prefecture_or_equivalent,,湘潭,K02,11.0,5546.0,1.0,2355.0,0.1983411467724486,0.04246284501061571,-0.1558783017618329,9.090909090909092,42.46303642264695,11,1,46,False,False,K04,0.26677513229731886,K04,0.26677513229731886,Intervention design and performance optimization,#CDD1D5
NSFC,CN_430300,湘潭,prefecture_or_equivalent,,湘潭,K03,11.0,5546.0,3.0,659.0,0.1983411467724486,0.4552352048558422,0.2568940580833936,27.272727272727273,11.882437793003966,11,3,46,False,False,K04,0.26677513229731886,K04,0.26677513229731886,Intervention design and performance optimization,#CDD1D5
NSFC,CN_430300,湘潭,prefecture_or_equivalent,,湘潭,K04,11.0,5546.0,4.0,860.0,0.1983411467724486,0.46511627906976744,0.26677513229731886,36.36363636363637,15.50667147493689,11,4,46,False,False,K04,0.26677513229731886,K04,0.26677513229731886,Intervention design and performance optimization,#CDD1D5
NSFC,CN_430300,湘潭,prefecture_or_equivalent,,湘潭,K05,11.0,5546.0,0.0,587.0,0.1983411467724486,0.0,-0.1983411467724486,0.0,10.584204832311576,11,0,46,False,False,K04,0.26677513229731886,K04,0.26677513229731886,Intervention design and performance optimization,#CDD1D5
NSFC,CN_430300,湘潭,prefecture_or_equivalent,,湘潭,K06,11.0,5546.0,0.0,20.0,0.1983411467724486,0.0,-0.1983411467724486,0.0,0.36062026685899745,11,0,46,False,False,K04,0.26677513229731886,K04,0.26677513229731886,Intervention design and performance optimization,#CDD1D5
NSFC,CN_430400,衡阳,prefecture_or_equivalent,,衡阳,K01,1.0,5546.0,0.0,1065.0,0.018031013342949875,0.0,-0.018031013342949875,0.0,19.203029210241617,1,0,118,False,False,K02,0.024431831667665833,K02,0.024431831667665833,Mechanism analysis and causal identification,#CDD1D5
NSFC,CN_430400,衡阳,prefecture_or_equivalent,,衡阳,K02,1.0,5546.0,1.0,2355.0,0.018031013342949875,0.04246284501061571,0.024431831667665833,100.0,42.46303642264695,1,1,118,False,False,K02,0.024431831667665833,K02,0.024431831667665833,Mechanism analysis and causal identification,#CDD1D5
NSFC,CN_430400,衡阳,prefecture_or_equivalent,,衡阳,K03,1.0,5546.0,0.0,659.0,0.018031013342949875,0.0,-0.018031013342949875,0.0,11.882437793003966,1,0,118,False,False,K02,0.024431831667665833,K02,0.024431831667665833,Mechanism analysis and causal identification,#CDD1D5
NSFC,CN_430400,衡阳,prefecture_or_equivalent,,衡阳,K04,1.0,5546.0,0.0,860.0,0.018031013342949875,0.0,-0.018031013342949875,0.0,15.50667147493689,1,0,118,False,False,K02,0.024431831667665833,K02,0.024431831667665833,Mechanism analysis and causal identification,#CDD1D5
NSFC,CN_430400,衡阳,prefecture_or_equivalent,,衡阳,K05,1.0,5546.0,0.0,587.0,0.018031013342949875,0.0,-0.018031013342949875,0.0,10.584204832311576,1,0,118,False,False,K02,0.024431831667665833,K02,0.024431831667665833,Mechanism analysis and causal identification,#CDD1D5
NSFC,CN_430400,衡阳,prefecture_or_equivalent,,衡阳,K06,1.0,5546.0,0.0,20.0,0.018031013342949875,0.0,-0.018031013342949875,0.0,0.36062026685899745,1,0,118,False,False,K02,0.024431831667665833,K02,0.024431831667665833,Mechanism analysis and causal identification,#CDD1D5
NSFC,CN_430600,岳阳,prefecture_or_equivalent,,岳阳,K01,1.0,5546.0,0.0,1065.0,0.018031013342949875,0.0,-0.018031013342949875,0.0,19.203029210241617,1,0,119,False,False,K04,0.09824805642449198,K04,0.09824805642449198,Intervention design and performance optimization,#CDD1D5
NSFC,CN_430600,岳阳,prefecture_or_equivalent,,岳阳,K02,1.0,5546.0,0.0,2355.0,0.018031013342949875,0.0,-0.018031013342949875,0.0,42.46303642264695,1,0,119,False,False,K04,0.09824805642449198,K04,0.09824805642449198,Intervention design and performance optimization,#CDD1D5
NSFC,CN_430600,岳阳,prefecture_or_equivalent,,岳阳,K03,1.0,5546.0,0.0,659.0,0.018031013342949875,0.0,-0.018031013342949875,0.0,11.882437793003966,1,0,119,False,False,K04,0.09824805642449198,K04,0.09824805642449198,Intervention design and performance optimization,#CDD1D5
NSFC,CN_430600,岳阳,prefecture_or_equivalent,,岳阳,K04,1.0,5546.0,1.0,860.0,0.018031013342949875,0.11627906976744186,0.09824805642449198,100.0,15.50667147493689,1,1,119,False,False,K04,0.09824805642449198,K04,0.09824805642449198,Intervention design and performance optimization,#CDD1D5
NSFC,CN_430600,岳阳,prefecture_or_equivalent,,岳阳,K05,1.0,5546.0,0.0,587.0,0.018031013342949875,0.0,-0.018031013342949875,0.0,10.584204832311576,1,0,119,False,False,K04,0.09824805642449198,K04,0.09824805642449198,Intervention design and performance optimization,#CDD1D5
NSFC,CN_430600,岳阳,prefecture_or_equivalent,,岳阳,K06,1.0,5546.0,0.0,20.0,0.018031013342949875,0.0,-0.018031013342949875,0.0,0.36062026685899745,1,0,119,False,False,K04,0.09824805642449198,K04,0.09824805642449198,Intervention design and performance optimization,#CDD1D5
NSFC,CN_430700,常德,prefecture_or_equivalent,,常德,K01,2.0,5546.0,1.0,1065.0,0.03606202668589975,0.09389671361502347,0.05783468692912372,50.0,19.203029210241617,2,1,93,False,False,K01,0.05783468692912372,K01,0.05783468692912372,State measurement and problem diagnosis,#CDD1D5
NSFC,CN_430700,常德,prefecture_or_equivalent,,常德,K02,2.0,5546.0,1.0,2355.0,0.03606202668589975,0.04246284501061571,0.006400818324715958,50.0,42.46303642264695,2,1,93,False,False,K01,0.05783468692912372,K01,0.05783468692912372,State measurement and problem diagnosis,#CDD1D5
NSFC,CN_430700,常德,prefecture_or_equivalent,,常德,K03,2.0,5546.0,0.0,659.0,0.03606202668589975,0.0,-0.03606202668589975,0.0,11.882437793003966,2,0,93,False,False,K01,0.05783468692912372,K01,0.05783468692912372,State measurement and problem diagnosis,#CDD1D5
NSFC,CN_430700,常德,prefecture_or_equivalent,,常德,K04,2.0,5546.0,0.0,860.0,0.03606202668589975,0.0,-0.03606202668589975,0.0,15.50667147493689,2,0,93,False,False,K01,0.05783468692912372,K01,0.05783468692912372,State measurement and problem diagnosis,#CDD1D5
NSFC,CN_430700,常德,prefecture_or_equivalent,,常德,K05,2.0,5546.0,0.0,587.0,0.03606202668589975,0.0,-0.03606202668589975,0.0,10.584204832311576,2,0,93,False,False,K01,0.05783468692912372,K01,0.05783468692912372,State measurement and problem diagnosis,#CDD1D5
NSFC,CN_430700,常德,prefecture_or_equivalent,,常德,K06,2.0,5546.0,0.0,20.0,0.03606202668589975,0.0,-0.03606202668589975,0.0,0.36062026685899745,2,0,93,False,False,K01,0.05783468692912372,K01,0.05783468692912372,State measurement and problem diagnosis,#CDD1D5
NSFC,CN_433100,吉首,prefecture_or_equivalent,,吉首,K01,4.0,5546.0,0.0,1065.0,0.0721240533717995,0.0,-0.0721240533717995,0.0,19.203029210241617,4,0,73,False,False,K05,0.09823369790588363,K05,0.09823369790588363,Planning decision support and policy design,#CDD1D5
NSFC,CN_433100,吉首,prefecture_or_equivalent,,吉首,K02,4.0,5546.0,3.0,2355.0,0.0721240533717995,0.12738853503184713,0.05526448166004763,75.0,42.46303642264695,4,3,73,False,False,K05,0.09823369790588363,K05,0.09823369790588363,Planning decision support and policy design,#CDD1D5
NSFC,CN_433100,吉首,prefecture_or_equivalent,,吉首,K03,4.0,5546.0,0.0,659.0,0.0721240533717995,0.0,-0.0721240533717995,0.0,11.882437793003966,4,0,73,False,False,K05,0.09823369790588363,K05,0.09823369790588363,Planning decision support and policy design,#CDD1D5
NSFC,CN_433100,吉首,prefecture_or_equivalent,,吉首,K04,4.0,5546.0,0.0,860.0,0.0721240533717995,0.0,-0.0721240533717995,0.0,15.50667147493689,4,0,73,False,False,K05,0.09823369790588363,K05,0.09823369790588363,Planning decision support and policy design,#CDD1D5
NSFC,CN_433100,吉首,prefecture_or_equivalent,,吉首,K05,4.0,5546.0,1.0,587.0,0.0721240533717995,0.17035775127768313,0.09823369790588363,25.0,10.584204832311576,4,1,73,False,False,K05,0.09823369790588363,K05,0.09823369790588363,Planning decision support and policy design,#CDD1D5
NSFC,CN_433100,吉首,prefecture_or_equivalent,,吉首,K06,4.0,5546.0,0.0,20.0,0.0721240533717995,0.0,-0.0721240533717995,0.0,0.36062026685899745,4,0,73,False,False,K05,0.09823369790588363,K05,0.09823369790588363,Planning decision support and policy design,#CDD1D5
NSFC,CN_440100,Guangzhou,prefecture_or_equivalent,,Guangzhou,K01,334.0,5546.0,65.0,1065.0,6.022358456545258,6.103286384976526,0.08092792843126784,19.461077844311376,19.203029210241617,334,65,5,True,False,K02,0.8141595901638716,K02,0.8141595901638716,Mechanism analysis and causal identification,#9b2323
NSFC,CN_440100,Guangzhou,prefecture_or_equivalent,,Guangzhou,K02,334.0,5546.0,161.0,2355.0,6.022358456545258,6.83651804670913,0.8141595901638716,48.203592814371255,42.46303642264695,334,161,5,True,False,K02,0.8141595901638716,K02,0.8141595901638716,Mechanism analysis and causal identification,#9b2323
NSFC,CN_440100,Guangzhou,prefecture_or_equivalent,,Guangzhou,K03,334.0,5546.0,41.0,659.0,6.022358456545258,6.22154779969651,0.19918934315125192,12.275449101796408,11.882437793003966,334,41,5,True,False,K02,0.8141595901638716,K02,0.8141595901638716,Mechanism analysis and causal identification,#9b2323
NSFC,CN_440100,Guangzhou,prefecture_or_equivalent,,Guangzhou,K04,334.0,5546.0,44.0,860.0,6.022358456545258,5.116279069767442,-0.9060793867778161,13.173652694610778,15.50667147493689,334,44,5,True,False,K02,0.8141595901638716,K02,0.8141595901638716,Mechanism analysis and causal identification,#9b2323
NSFC,CN_440100,Guangzhou,prefecture_or_equivalent,,Guangzhou,K05,334.0,5546.0,22.0,587.0,6.022358456545258,3.7478705281090288,-2.2744879284362294,6.586826347305389,10.584204832311576,334,22,5,True,False,K02,0.8141595901638716,K02,0.8141595901638716,Mechanism analysis and causal identification,#9b2323
NSFC,CN_440100,Guangzhou,prefecture_or_equivalent,,Guangzhou,K06,334.0,5546.0,1.0,20.0,6.022358456545258,5.0,-1.0223584565452581,0.2994011976047904,0.36062026685899745,334,1,5,True,False,K02,0.8141595901638716,K02,0.8141595901638716,Mechanism analysis and causal identification,#9b2323
NSFC,CN_440300,Shenzhen,prefecture_or_equivalent,,Shenzhen,K01,94.0,5546.0,21.0,1065.0,1.694915254237288,1.971830985915493,0.27691573167820493,22.340425531914892,19.203029210241617,94,21,13,False,False,K03,0.581260770041923,K03,0.581260770041923,Scenario simulation and risk prediction,#CDD1D5
NSFC,CN_440300,Shenzhen,prefecture_or_equivalent,,Shenzhen,K02,94.0,5546.0,30.0,2355.0,1.694915254237288,1.2738853503184713,-0.4210299039188168,31.914893617021278,42.46303642264695,94,30,13,False,False,K03,0.581260770041923,K03,0.581260770041923,Scenario simulation and risk prediction,#CDD1D5
NSFC,CN_440300,Shenzhen,prefecture_or_equivalent,,Shenzhen,K03,94.0,5546.0,15.0,659.0,1.694915254237288,2.276176024279211,0.581260770041923,15.957446808510639,11.882437793003966,94,15,13,False,False,K03,0.581260770041923,K03,0.581260770041923,Scenario simulation and risk prediction,#CDD1D5
NSFC,CN_440300,Shenzhen,prefecture_or_equivalent,,Shenzhen,K04,94.0,5546.0,16.0,860.0,1.694915254237288,1.8604651162790697,0.16554986204178168,17.02127659574468,15.50667147493689,94,16,13,False,False,K03,0.581260770041923,K03,0.581260770041923,Scenario simulation and risk prediction,#CDD1D5
NSFC,CN_440300,Shenzhen,prefecture_or_equivalent,,Shenzhen,K05,94.0,5546.0,12.0,587.0,1.694915254237288,2.0442930153321974,0.34937776109490937,12.76595744680851,10.584204832311576,94,12,13,False,False,K03,0.581260770041923,K03,0.581260770041923,Scenario simulation and risk prediction,#CDD1D5
NSFC,CN_440300,Shenzhen,prefecture_or_equivalent,,Shenzhen,K06,94.0,5546.0,0.0,20.0,1.694915254237288,0.0,-1.694915254237288,0.0,0.36062026685899745,94,0,13,False,False,K03,0.581260770041923,K03,0.581260770041923,Scenario simulation and risk prediction,#CDD1D5
NSFC,CN_440400,珠海,prefecture_or_equivalent,,珠海,K01,1.0,5546.0,0.0,1065.0,0.018031013342949875,0.0,-0.018031013342949875,0.0,19.203029210241617,1,0,120,False,False,K03,0.13371405494233085,K03,0.13371405494233085,Scenario simulation and risk prediction,#CDD1D5
NSFC,CN_440400,珠海,prefecture_or_equivalent,,珠海,K02,1.0,5546.0,0.0,2355.0,0.018031013342949875,0.0,-0.018031013342949875,0.0,42.46303642264695,1,0,120,False,False,K03,0.13371405494233085,K03,0.13371405494233085,Scenario simulation and risk prediction,#CDD1D5
NSFC,CN_440400,珠海,prefecture_or_equivalent,,珠海,K03,1.0,5546.0,1.0,659.0,0.018031013342949875,0.15174506828528073,0.13371405494233085,100.0,11.882437793003966,1,1,120,False,False,K03,0.13371405494233085,K03,0.13371405494233085,Scenario simulation and risk prediction,#CDD1D5
NSFC,CN_440400,珠海,prefecture_or_equivalent,,珠海,K04,1.0,5546.0,0.0,860.0,0.018031013342949875,0.0,-0.018031013342949875,0.0,15.50667147493689,1,0,120,False,False,K03,0.13371405494233085,K03,0.13371405494233085,Scenario simulation and risk prediction,#CDD1D5
NSFC,CN_440400,珠海,prefecture_or_equivalent,,珠海,K05,1.0,5546.0,0.0,587.0,0.018031013342949875,0.0,-0.018031013342949875,0.0,10.584204832311576,1,0,120,False,False,K03,0.13371405494233085,K03,0.13371405494233085,Scenario simulation and risk prediction,#CDD1D5
NSFC,CN_440400,珠海,prefecture_or_equivalent,,珠海,K06,1.0,5546.0,0.0,20.0,0.018031013342949875,0.0,-0.018031013342949875,0.0,0.36062026685899745,1,0,120,False,False,K03,0.13371405494233085,K03,0.13371405494233085,Scenario simulation and risk prediction,#CDD1D5
NSFC,CN_440500,汕头,prefecture_or_equivalent,,汕头,K01,4.0,5546.0,0.0,1065.0,0.0721240533717995,0.0,-0.0721240533717995,0.0,19.203029210241617,4,0,74,False,False,K03,0.07962101491348123,K03,0.07962101491348123,Scenario simulation and risk prediction,#CDD1D5
NSFC,CN_440500,汕头,prefecture_or_equivalent,,汕头,K02,4.0,5546.0,3.0,2355.0,0.0721240533717995,0.12738853503184713,0.05526448166004763,75.0,42.46303642264695,4,3,74,False,False,K03,0.07962101491348123,K03,0.07962101491348123,Scenario simulation and risk prediction,#CDD1D5
NSFC,CN_440500,汕头,prefecture_or_equivalent,,汕头,K03,4.0,5546.0,1.0,659.0,0.0721240533717995,0.15174506828528073,0.07962101491348123,25.0,11.882437793003966,4,1,74,False,False,K03,0.07962101491348123,K03,0.07962101491348123,Scenario simulation and risk prediction,#CDD1D5
NSFC,CN_440500,汕头,prefecture_or_equivalent,,汕头,K04,4.0,5546.0,0.0,860.0,0.0721240533717995,0.0,-0.0721240533717995,0.0,15.50667147493689,4,0,74,False,False,K03,0.07962101491348123,K03,0.07962101491348123,Scenario simulation and risk prediction,#CDD1D5
NSFC,CN_440500,汕头,prefecture_or_equivalent,,汕头,K05,4.0,5546.0,0.0,587.0,0.0721240533717995,0.0,-0.0721240533717995,0.0,10.584204832311576,4,0,74,False,False,K03,0.07962101491348123,K03,0.07962101491348123,Scenario simulation and risk prediction,#CDD1D5
NSFC,CN_440500,汕头,prefecture_or_equivalent,,汕头,K06,4.0,5546.0,0.0,20.0,0.0721240533717995,0.0,-0.0721240533717995,0.0,0.36062026685899745,4,0,74,False,False,K03,0.07962101491348123,K03,0.07962101491348123,Scenario simulation and risk prediction,#CDD1D5
NSFC,CN_440600,佛山,prefecture_or_equivalent,,佛山,K01,2.0,5546.0,0.0,1065.0,0.03606202668589975,0.0,-0.03606202668589975,0.0,19.203029210241617,2,0,94,False,False,K02,0.04886366333533167,K02,0.04886366333533167,Mechanism analysis and causal identification,#CDD1D5
NSFC,CN_440600,佛山,prefecture_or_equivalent,,佛山,K02,2.0,5546.0,2.0,2355.0,0.03606202668589975,0.08492569002123142,0.04886366333533167,100.0,42.46303642264695,2,2,94,False,False,K02,0.04886366333533167,K02,0.04886366333533167,Mechanism analysis and causal identification,#CDD1D5
NSFC,CN_440600,佛山,prefecture_or_equivalent,,佛山,K03,2.0,5546.0,0.0,659.0,0.03606202668589975,0.0,-0.03606202668589975,0.0,11.882437793003966,2,0,94,False,False,K02,0.04886366333533167,K02,0.04886366333533167,Mechanism analysis and causal identification,#CDD1D5
NSFC,CN_440600,佛山,prefecture_or_equivalent,,佛山,K04,2.0,5546.0,0.0,860.0,0.03606202668589975,0.0,-0.03606202668589975,0.0,15.50667147493689,2,0,94,False,False,K02,0.04886366333533167,K02,0.04886366333533167,Mechanism analysis and causal identification,#CDD1D5
NSFC,CN_440600,佛山,prefecture_or_equivalent,,佛山,K05,2.0,5546.0,0.0,587.0,0.03606202668589975,0.0,-0.03606202668589975,0.0,10.584204832311576,2,0,94,False,False,K02,0.04886366333533167,K02,0.04886366333533167,Mechanism analysis and causal identification,#CDD1D5
NSFC,CN_440600,佛山,prefecture_or_equivalent,,佛山,K06,2.0,5546.0,0.0,20.0,0.03606202668589975,0.0,-0.03606202668589975,0.0,0.36062026685899745,2,0,94,False,False,K02,0.04886366333533167,K02,0.04886366333533167,Mechanism analysis and causal identification,#CDD1D5
NSFC,CN_440800,湛江,prefecture_or_equivalent,,湛江,K01,2.0,5546.0,0.0,1065.0,0.03606202668589975,0.0,-0.03606202668589975,0.0,19.203029210241617,2,0,95,False,False,K02,0.04886366333533167,K02,0.04886366333533167,Mechanism analysis and causal identification,#CDD1D5
NSFC,CN_440800,湛江,prefecture_or_equivalent,,湛江,K02,2.0,5546.0,2.0,2355.0,0.03606202668589975,0.08492569002123142,0.04886366333533167,100.0,42.46303642264695,2,2,95,False,False,K02,0.04886366333533167,K02,0.04886366333533167,Mechanism analysis and causal identification,#CDD1D5
NSFC,CN_440800,湛江,prefecture_or_equivalent,,湛江,K03,2.0,5546.0,0.0,659.0,0.03606202668589975,0.0,-0.03606202668589975,0.0,11.882437793003966,2,0,95,False,False,K02,0.04886366333533167,K02,0.04886366333533167,Mechanism analysis and causal identification,#CDD1D5
NSFC,CN_440800,湛江,prefecture_or_equivalent,,湛江,K04,2.0,5546.0,0.0,860.0,0.03606202668589975,0.0,-0.03606202668589975,0.0,15.50667147493689,2,0,95,False,False,K02,0.04886366333533167,K02,0.04886366333533167,Mechanism analysis and causal identification,#CDD1D5
NSFC,CN_440800,湛江,prefecture_or_equivalent,,湛江,K05,2.0,5546.0,0.0,587.0,0.03606202668589975,0.0,-0.03606202668589975,0.0,10.584204832311576,2,0,95,False,False,K02,0.04886366333533167,K02,0.04886366333533167,Mechanism analysis and causal identification,#CDD1D5
NSFC,CN_440800,湛江,prefecture_or_equivalent,,湛江,K06,2.0,5546.0,0.0,20.0,0.03606202668589975,0.0,-0.03606202668589975,0.0,0.36062026685899745,2,0,95,False,False,K02,0.04886366333533167,K02,0.04886366333533167,Mechanism analysis and causal identification,#CDD1D5
NSFC,CN_441900,东莞,prefecture_or_equivalent,,东莞,K01,5.0,5546.0,1.0,1065.0,0.09015506671474936,0.09389671361502347,0.0037416469002741065,20.0,19.203029210241617,5,1,67,False,False,K05,0.08020268456293377,K05,0.08020268456293377,Planning decision support and policy design,#CDD1D5
NSFC,CN_441900,东莞,prefecture_or_equivalent,,东莞,K02,5.0,5546.0,2.0,2355.0,0.09015506671474936,0.08492569002123142,-0.005229376693517945,40.0,42.46303642264695,5,2,67,False,False,K05,0.08020268456293377,K05,0.08020268456293377,Planning decision support and policy design,#CDD1D5
NSFC,CN_441900,东莞,prefecture_or_equivalent,,东莞,K03,5.0,5546.0,0.0,659.0,0.09015506671474936,0.0,-0.09015506671474936,0.0,11.882437793003966,5,0,67,False,False,K05,0.08020268456293377,K05,0.08020268456293377,Planning decision support and policy design,#CDD1D5
NSFC,CN_441900,东莞,prefecture_or_equivalent,,东莞,K04,5.0,5546.0,1.0,860.0,0.09015506671474936,0.11627906976744186,0.026124003052692496,20.0,15.50667147493689,5,1,67,False,False,K05,0.08020268456293377,K05,0.08020268456293377,Planning decision support and policy design,#CDD1D5
NSFC,CN_441900,东莞,prefecture_or_equivalent,,东莞,K05,5.0,5546.0,1.0,587.0,0.09015506671474936,0.17035775127768313,0.08020268456293377,20.0,10.584204832311576,5,1,67,False,False,K05,0.08020268456293377,K05,0.08020268456293377,Planning decision support and policy design,#CDD1D5
NSFC,CN_441900,东莞,prefecture_or_equivalent,,东莞,K06,5.0,5546.0,0.0,20.0,0.09015506671474936,0.0,-0.09015506671474936,0.0,0.36062026685899745,5,0,67,False,False,K05,0.08020268456293377,K05,0.08020268456293377,Planning decision support and policy design,#CDD1D5
NSFC,CN_450100,Nanning,prefecture_or_equivalent,,Nanning,K01,40.0,5546.0,8.0,1065.0,0.7212405337179949,0.7511737089201878,0.029933175202192852,20.0,19.203029210241617,40,8,29,False,False,K03,0.3409749442789701,K03,0.3409749442789701,Scenario simulation and risk prediction,#CDD1D5
NSFC,CN_450100,Nanning,prefecture_or_equivalent,,Nanning,K02,40.0,5546.0,16.0,2355.0,0.7212405337179949,0.6794055201698513,-0.04183501354814356,40.0,42.46303642264695,40,16,29,False,False,K03,0.3409749442789701,K03,0.3409749442789701,Scenario simulation and risk prediction,#CDD1D5
NSFC,CN_450100,Nanning,prefecture_or_equivalent,,Nanning,K03,40.0,5546.0,7.0,659.0,0.7212405337179949,1.062215477996965,0.3409749442789701,17.5,11.882437793003966,40,7,29,False,False,K03,0.3409749442789701,K03,0.3409749442789701,Scenario simulation and risk prediction,#CDD1D5
NSFC,CN_450100,Nanning,prefecture_or_equivalent,,Nanning,K04,40.0,5546.0,6.0,860.0,0.7212405337179949,0.6976744186046512,-0.023566115113343722,15.0,15.50667147493689,40,6,29,False,False,K03,0.3409749442789701,K03,0.3409749442789701,Scenario simulation and risk prediction,#CDD1D5
NSFC,CN_450100,Nanning,prefecture_or_equivalent,,Nanning,K05,40.0,5546.0,3.0,587.0,0.7212405337179949,0.5110732538330494,-0.21016727988494555,7.5,10.584204832311576,40,3,29,False,False,K03,0.3409749442789701,K03,0.3409749442789701,Scenario simulation and risk prediction,#CDD1D5
NSFC,CN_450100,Nanning,prefecture_or_equivalent,,Nanning,K06,40.0,5546.0,0.0,20.0,0.7212405337179949,0.0,-0.7212405337179949,0.0,0.36062026685899745,40,0,29,False,False,K03,0.3409749442789701,K03,0.3409749442789701,Scenario simulation and risk prediction,#CDD1D5
NSFC,CN_450300,桂林,prefecture_or_equivalent,,桂林,K01,26.0,5546.0,1.0,1065.0,0.4688063469166967,0.09389671361502347,-0.37490963330167326,3.8461538461538463,19.203029210241617,26,1,33,False,False,K02,0.29552486327438615,K02,0.29552486327438615,Mechanism analysis and causal identification,#CDD1D5
NSFC,CN_450300,桂林,prefecture_or_equivalent,,桂林,K02,26.0,5546.0,18.0,2355.0,0.4688063469166967,0.7643312101910829,0.29552486327438615,69.23076923076923,42.46303642264695,26,18,33,False,False,K02,0.29552486327438615,K02,0.29552486327438615,Mechanism analysis and causal identification,#CDD1D5
NSFC,CN_450300,桂林,prefecture_or_equivalent,,桂林,K03,26.0,5546.0,3.0,659.0,0.4688063469166967,0.4552352048558422,-0.013571142060854524,11.538461538461538,11.882437793003966,26,3,33,False,False,K02,0.29552486327438615,K02,0.29552486327438615,Mechanism analysis and causal identification,#CDD1D5
NSFC,CN_450300,桂林,prefecture_or_equivalent,,桂林,K04,26.0,5546.0,3.0,860.0,0.4688063469166967,0.3488372093023256,-0.11996913761437111,11.538461538461538,15.50667147493689,26,3,33,False,False,K02,0.29552486327438615,K02,0.29552486327438615,Mechanism analysis and causal identification,#CDD1D5
NSFC,CN_450300,桂林,prefecture_or_equivalent,,桂林,K05,26.0,5546.0,1.0,587.0,0.4688063469166967,0.17035775127768313,-0.2984485956390136,3.8461538461538463,10.584204832311576,26,1,33,False,False,K02,0.29552486327438615,K02,0.29552486327438615,Mechanism analysis and causal identification,#CDD1D5
NSFC,CN_450300,桂林,prefecture_or_equivalent,,桂林,K06,26.0,5546.0,0.0,20.0,0.4688063469166967,0.0,-0.4688063469166967,0.0,0.36062026685899745,26,0,33,False,False,K02,0.29552486327438615,K02,0.29552486327438615,Mechanism analysis and causal identification,#CDD1D5
NSFC,CN_450700,钦州,prefecture_or_equivalent,,钦州,K01,2.0,5546.0,1.0,1065.0,0.03606202668589975,0.09389671361502347,0.05783468692912372,50.0,19.203029210241617,2,1,96,False,False,K01,0.05783468692912372,K01,0.05783468692912372,State measurement and problem diagnosis,#CDD1D5
NSFC,CN_450700,钦州,prefecture_or_equivalent,,钦州,K02,2.0,5546.0,1.0,2355.0,0.03606202668589975,0.04246284501061571,0.006400818324715958,50.0,42.46303642264695,2,1,96,False,False,K01,0.05783468692912372,K01,0.05783468692912372,State measurement and problem diagnosis,#CDD1D5
NSFC,CN_450700,钦州,prefecture_or_equivalent,,钦州,K03,2.0,5546.0,0.0,659.0,0.03606202668589975,0.0,-0.03606202668589975,0.0,11.882437793003966,2,0,96,False,False,K01,0.05783468692912372,K01,0.05783468692912372,State measurement and problem diagnosis,#CDD1D5
NSFC,CN_450700,钦州,prefecture_or_equivalent,,钦州,K04,2.0,5546.0,0.0,860.0,0.03606202668589975,0.0,-0.03606202668589975,0.0,15.50667147493689,2,0,96,False,False,K01,0.05783468692912372,K01,0.05783468692912372,State measurement and problem diagnosis,#CDD1D5
NSFC,CN_450700,钦州,prefecture_or_equivalent,,钦州,K05,2.0,5546.0,0.0,587.0,0.03606202668589975,0.0,-0.03606202668589975,0.0,10.584204832311576,2,0,96,False,False,K01,0.05783468692912372,K01,0.05783468692912372,State measurement and problem diagnosis,#CDD1D5
NSFC,CN_450700,钦州,prefecture_or_equivalent,,钦州,K06,2.0,5546.0,0.0,20.0,0.03606202668589975,0.0,-0.03606202668589975,0.0,0.36062026685899745,2,0,96,False,False,K01,0.05783468692912372,K01,0.05783468692912372,State measurement and problem diagnosis,#CDD1D5
NSFC,CN_450900,玉林,prefecture_or_equivalent,,玉林,K01,1.0,5546.0,1.0,1065.0,0.018031013342949875,0.09389671361502347,0.0758657002720736,100.0,19.203029210241617,1,1,121,False,False,K01,0.0758657002720736,K01,0.0758657002720736,State measurement and problem diagnosis,#CDD1D5
NSFC,CN_450900,玉林,prefecture_or_equivalent,,玉林,K02,1.0,5546.0,0.0,2355.0,0.018031013342949875,0.0,-0.018031013342949875,0.0,42.46303642264695,1,0,121,False,False,K01,0.0758657002720736,K01,0.0758657002720736,State measurement and problem diagnosis,#CDD1D5
NSFC,CN_450900,玉林,prefecture_or_equivalent,,玉林,K03,1.0,5546.0,0.0,659.0,0.018031013342949875,0.0,-0.018031013342949875,0.0,11.882437793003966,1,0,121,False,False,K01,0.0758657002720736,K01,0.0758657002720736,State measurement and problem diagnosis,#CDD1D5
NSFC,CN_450900,玉林,prefecture_or_equivalent,,玉林,K04,1.0,5546.0,0.0,860.0,0.018031013342949875,0.0,-0.018031013342949875,0.0,15.50667147493689,1,0,121,False,False,K01,0.0758657002720736,K01,0.0758657002720736,State measurement and problem diagnosis,#CDD1D5
NSFC,CN_450900,玉林,prefecture_or_equivalent,,玉林,K05,1.0,5546.0,0.0,587.0,0.018031013342949875,0.0,-0.018031013342949875,0.0,10.584204832311576,1,0,121,False,False,K01,0.0758657002720736,K01,0.0758657002720736,State measurement and problem diagnosis,#CDD1D5
NSFC,CN_450900,玉林,prefecture_or_equivalent,,玉林,K06,1.0,5546.0,0.0,20.0,0.018031013342949875,0.0,-0.018031013342949875,0.0,0.36062026685899745,1,0,121,False,False,K01,0.0758657002720736,K01,0.0758657002720736,State measurement and problem diagnosis,#CDD1D5
NSFC,CN_460100,海口,prefecture_or_equivalent,,海口,K01,25.0,5546.0,4.0,1065.0,0.45077533357374683,0.3755868544600939,-0.07518847911365295,16.0,19.203029210241617,25,4,34,False,False,K02,0.1861673415854888,K02,0.1861673415854888,Mechanism analysis and causal identification,#CDD1D5
NSFC,CN_460100,海口,prefecture_or_equivalent,,海口,K02,25.0,5546.0,15.0,2355.0,0.45077533357374683,0.6369426751592356,0.1861673415854888,60.0,42.46303642264695,25,15,34,False,False,K02,0.1861673415854888,K02,0.1861673415854888,Mechanism analysis and causal identification,#CDD1D5
NSFC,CN_460100,海口,prefecture_or_equivalent,,海口,K03,25.0,5546.0,2.0,659.0,0.45077533357374683,0.30349013657056145,-0.14728519700318538,8.0,11.882437793003966,25,2,34,False,False,K02,0.1861673415854888,K02,0.1861673415854888,Mechanism analysis and causal identification,#CDD1D5
NSFC,CN_460100,海口,prefecture_or_equivalent,,海口,K04,25.0,5546.0,2.0,860.0,0.45077533357374683,0.23255813953488372,-0.2182171940388631,8.0,15.50667147493689,25,2,34,False,False,K02,0.1861673415854888,K02,0.1861673415854888,Mechanism analysis and causal identification,#CDD1D5
NSFC,CN_460100,海口,prefecture_or_equivalent,,海口,K05,25.0,5546.0,2.0,587.0,0.45077533357374683,0.34071550255536626,-0.11005983101838057,8.0,10.584204832311576,25,2,34,False,False,K02,0.1861673415854888,K02,0.1861673415854888,Mechanism analysis and causal identification,#CDD1D5
NSFC,CN_460100,海口,prefecture_or_equivalent,,海口,K06,25.0,5546.0,0.0,20.0,0.45077533357374683,0.0,-0.45077533357374683,0.0,0.36062026685899745,25,0,34,False,False,K02,0.1861673415854888,K02,0.1861673415854888,Mechanism analysis and causal identification,#CDD1D5
NSFC,CN_460200,三亚,prefecture_or_equivalent,,三亚,K01,2.0,5546.0,1.0,1065.0,0.03606202668589975,0.09389671361502347,0.05783468692912372,50.0,19.203029210241617,2,1,97,False,False,K04,0.08021704308154211,K04,0.08021704308154211,Intervention design and performance optimization,#CDD1D5
NSFC,CN_460200,三亚,prefecture_or_equivalent,,三亚,K02,2.0,5546.0,0.0,2355.0,0.03606202668589975,0.0,-0.03606202668589975,0.0,42.46303642264695,2,0,97,False,False,K04,0.08021704308154211,K04,0.08021704308154211,Intervention design and performance optimization,#CDD1D5
NSFC,CN_460200,三亚,prefecture_or_equivalent,,三亚,K03,2.0,5546.0,0.0,659.0,0.03606202668589975,0.0,-0.03606202668589975,0.0,11.882437793003966,2,0,97,False,False,K04,0.08021704308154211,K04,0.08021704308154211,Intervention design and performance optimization,#CDD1D5
NSFC,CN_460200,三亚,prefecture_or_equivalent,,三亚,K04,2.0,5546.0,1.0,860.0,0.03606202668589975,0.11627906976744186,0.08021704308154211,50.0,15.50667147493689,2,1,97,False,False,K04,0.08021704308154211,K04,0.08021704308154211,Intervention design and performance optimization,#CDD1D5
NSFC,CN_460200,三亚,prefecture_or_equivalent,,三亚,K05,2.0,5546.0,0.0,587.0,0.03606202668589975,0.0,-0.03606202668589975,0.0,10.584204832311576,2,0,97,False,False,K04,0.08021704308154211,K04,0.08021704308154211,Intervention design and performance optimization,#CDD1D5
NSFC,CN_460200,三亚,prefecture_or_equivalent,,三亚,K06,2.0,5546.0,0.0,20.0,0.03606202668589975,0.0,-0.03606202668589975,0.0,0.36062026685899745,2,0,97,False,False,K04,0.08021704308154211,K04,0.08021704308154211,Intervention design and performance optimization,#CDD1D5
NSFC,CN_460400,儋州,prefecture_or_equivalent,,儋州,K01,2.0,5546.0,2.0,1065.0,0.03606202668589975,0.18779342723004694,0.1517314005441472,100.0,19.203029210241617,2,2,98,False,False,K01,0.1517314005441472,K01,0.1517314005441472,State measurement and problem diagnosis,#CDD1D5
NSFC,CN_460400,儋州,prefecture_or_equivalent,,儋州,K02,2.0,5546.0,0.0,2355.0,0.03606202668589975,0.0,-0.03606202668589975,0.0,42.46303642264695,2,0,98,False,False,K01,0.1517314005441472,K01,0.1517314005441472,State measurement and problem diagnosis,#CDD1D5
NSFC,CN_460400,儋州,prefecture_or_equivalent,,儋州,K03,2.0,5546.0,0.0,659.0,0.03606202668589975,0.0,-0.03606202668589975,0.0,11.882437793003966,2,0,98,False,False,K01,0.1517314005441472,K01,0.1517314005441472,State measurement and problem diagnosis,#CDD1D5
NSFC,CN_460400,儋州,prefecture_or_equivalent,,儋州,K04,2.0,5546.0,0.0,860.0,0.03606202668589975,0.0,-0.03606202668589975,0.0,15.50667147493689,2,0,98,False,False,K01,0.1517314005441472,K01,0.1517314005441472,State measurement and problem diagnosis,#CDD1D5
NSFC,CN_460400,儋州,prefecture_or_equivalent,,儋州,K05,2.0,5546.0,0.0,587.0,0.03606202668589975,0.0,-0.03606202668589975,0.0,10.584204832311576,2,0,98,False,False,K01,0.1517314005441472,K01,0.1517314005441472,State measurement and problem diagnosis,#CDD1D5
NSFC,CN_460400,儋州,prefecture_or_equivalent,,儋州,K06,2.0,5546.0,0.0,20.0,0.03606202668589975,0.0,-0.03606202668589975,0.0,0.36062026685899745,2,0,98,False,False,K01,0.1517314005441472,K01,0.1517314005441472,State measurement and problem diagnosis,#CDD1D5
NSFC,CN_500000,Chongqing,prefecture_or_equivalent,,Chongqing,K01,106.0,5546.0,17.0,1065.0,1.9112874143526866,1.596244131455399,-0.31504328289728756,16.037735849056602,19.203029210241617,106,17,11,False,False,K04,1.3445265391356855,K04,1.3445265391356855,Intervention design and performance optimization,#CDD1D5
NSFC,CN_500000,Chongqing,prefecture_or_equivalent,,Chongqing,K02,106.0,5546.0,38.0,2355.0,1.9112874143526866,1.6135881104033971,-0.29769930394928945,35.84905660377358,42.46303642264695,106,38,11,False,False,K04,1.3445265391356855,K04,1.3445265391356855,Intervention design and performance optimization,#CDD1D5
NSFC,CN_500000,Chongqing,prefecture_or_equivalent,,Chongqing,K03,106.0,5546.0,8.0,659.0,1.9112874143526866,1.2139605462822458,-0.6973268680704408,7.547169811320755,11.882437793003966,106,8,11,False,False,K04,1.3445265391356855,K04,1.3445265391356855,Intervention design and performance optimization,#CDD1D5
NSFC,CN_500000,Chongqing,prefecture_or_equivalent,,Chongqing,K04,106.0,5546.0,28.0,860.0,1.9112874143526866,3.255813953488372,1.3445265391356855,26.41509433962264,15.50667147493689,106,28,11,False,False,K04,1.3445265391356855,K04,1.3445265391356855,Intervention design and performance optimization,#CDD1D5
NSFC,CN_500000,Chongqing,prefecture_or_equivalent,,Chongqing,K05,106.0,5546.0,15.0,587.0,1.9112874143526866,2.5553662691652472,0.6440788548125607,14.150943396226415,10.584204832311576,106,15,11,False,False,K04,1.3445265391356855,K04,1.3445265391356855,Intervention design and performance optimization,#CDD1D5
NSFC,CN_500000,Chongqing,prefecture_or_equivalent,,Chongqing,K06,106.0,5546.0,0.0,20.0,1.9112874143526866,0.0,-1.9112874143526866,0.0,0.36062026685899745,106,0,11,False,False,K04,1.3445265391356855,K04,1.3445265391356855,Intervention design and performance optimization,#CDD1D5
NSFC,CN_510100,Chengdu,prefecture_or_equivalent,,Chengdu,K01,140.0,5546.0,29.0,1065.0,2.5243418680129825,2.723004694835681,0.19866282682269842,20.714285714285715,19.203029210241617,140,29,9,False,False,K06,2.4756581319870175,K03,1.2692848391190354,Scenario simulation and risk prediction,#CDD1D5
NSFC,CN_510100,Chengdu,prefecture_or_equivalent,,Chengdu,K02,140.0,5546.0,56.0,2355.0,2.5243418680129825,2.3779193205944797,-0.1464225474185028,40.0,42.46303642264695,140,56,9,False,False,K06,2.4756581319870175,K03,1.2692848391190354,Scenario simulation and risk prediction,#CDD1D5
NSFC,CN_510100,Chengdu,prefecture_or_equivalent,,Chengdu,K03,140.0,5546.0,25.0,659.0,2.5243418680129825,3.793626707132018,1.2692848391190354,17.857142857142858,11.882437793003966,140,25,9,False,False,K06,2.4756581319870175,K03,1.2692848391190354,Scenario simulation and risk prediction,#CDD1D5
NSFC,CN_510100,Chengdu,prefecture_or_equivalent,,Chengdu,K04,140.0,5546.0,19.0,860.0,2.5243418680129825,2.2093023255813953,-0.31503954243158727,13.571428571428571,15.50667147493689,140,19,9,False,False,K06,2.4756581319870175,K03,1.2692848391190354,Scenario simulation and risk prediction,#CDD1D5
NSFC,CN_510100,Chengdu,prefecture_or_equivalent,,Chengdu,K05,140.0,5546.0,10.0,587.0,2.5243418680129825,1.7035775127768313,-0.8207643552361512,7.142857142857143,10.584204832311576,140,10,9,False,False,K06,2.4756581319870175,K03,1.2692848391190354,Scenario simulation and risk prediction,#CDD1D5
NSFC,CN_510100,Chengdu,prefecture_or_equivalent,,Chengdu,K06,140.0,5546.0,1.0,20.0,2.5243418680129825,5.0,2.4756581319870175,0.7142857142857143,0.36062026685899745,140,1,9,False,False,K06,2.4756581319870175,K03,1.2692848391190354,Scenario simulation and risk prediction,#CDD1D5
NSFC,CN_510700,绵阳,prefecture_or_equivalent,,绵阳,K01,6.0,5546.0,1.0,1065.0,0.10818608005769924,0.09389671361502347,-0.014289366442675769,16.666666666666668,19.203029210241617,6,1,59,False,False,K05,0.06217167121998389,K05,0.06217167121998389,Planning decision support and policy design,#CDD1D5
NSFC,CN_510700,绵阳,prefecture_or_equivalent,,绵阳,K02,6.0,5546.0,3.0,2355.0,0.10818608005769924,0.12738853503184713,0.019202454974147895,50.0,42.46303642264695,6,3,59,False,False,K05,0.06217167121998389,K05,0.06217167121998389,Planning decision support and policy design,#CDD1D5
NSFC,CN_510700,绵阳,prefecture_or_equivalent,,绵阳,K03,6.0,5546.0,1.0,659.0,0.10818608005769924,0.15174506828528073,0.04355898822758149,16.666666666666668,11.882437793003966,6,1,59,False,False,K05,0.06217167121998389,K05,0.06217167121998389,Planning decision support and policy design,#CDD1D5
NSFC,CN_510700,绵阳,prefecture_or_equivalent,,绵阳,K04,6.0,5546.0,0.0,860.0,0.10818608005769924,0.0,-0.10818608005769924,0.0,15.50667147493689,6,0,59,False,False,K05,0.06217167121998389,K05,0.06217167121998389,Planning decision support and policy design,#CDD1D5
NSFC,CN_510700,绵阳,prefecture_or_equivalent,,绵阳,K05,6.0,5546.0,1.0,587.0,0.10818608005769924,0.17035775127768313,0.06217167121998389,16.666666666666668,10.584204832311576,6,1,59,False,False,K05,0.06217167121998389,K05,0.06217167121998389,Planning decision support and policy design,#CDD1D5
NSFC,CN_510700,绵阳,prefecture_or_equivalent,,绵阳,K06,6.0,5546.0,0.0,20.0,0.10818608005769924,0.0,-0.10818608005769924,0.0,0.36062026685899745,6,0,59,False,False,K05,0.06217167121998389,K05,0.06217167121998389,Planning decision support and policy design,#CDD1D5
NSFC,CN_511300,南充,prefecture_or_equivalent,,南充,K01,4.0,5546.0,1.0,1065.0,0.0721240533717995,0.09389671361502347,0.021772660243223968,25.0,19.203029210241617,4,1,75,False,False,K03,0.07962101491348123,K03,0.07962101491348123,Scenario simulation and risk prediction,#CDD1D5
NSFC,CN_511300,南充,prefecture_or_equivalent,,南充,K02,4.0,5546.0,2.0,2355.0,0.0721240533717995,0.08492569002123142,0.012801636649431916,50.0,42.46303642264695,4,2,75,False,False,K03,0.07962101491348123,K03,0.07962101491348123,Scenario simulation and risk prediction,#CDD1D5
NSFC,CN_511300,南充,prefecture_or_equivalent,,南充,K03,4.0,5546.0,1.0,659.0,0.0721240533717995,0.15174506828528073,0.07962101491348123,25.0,11.882437793003966,4,1,75,False,False,K03,0.07962101491348123,K03,0.07962101491348123,Scenario simulation and risk prediction,#CDD1D5
NSFC,CN_511300,南充,prefecture_or_equivalent,,南充,K04,4.0,5546.0,0.0,860.0,0.0721240533717995,0.0,-0.0721240533717995,0.0,15.50667147493689,4,0,75,False,False,K03,0.07962101491348123,K03,0.07962101491348123,Scenario simulation and risk prediction,#CDD1D5
NSFC,CN_511300,南充,prefecture_or_equivalent,,南充,K05,4.0,5546.0,0.0,587.0,0.0721240533717995,0.0,-0.0721240533717995,0.0,10.584204832311576,4,0,75,False,False,K03,0.07962101491348123,K03,0.07962101491348123,Scenario simulation and risk prediction,#CDD1D5
NSFC,CN_511300,南充,prefecture_or_equivalent,,南充,K06,4.0,5546.0,0.0,20.0,0.0721240533717995,0.0,-0.0721240533717995,0.0,0.36062026685899745,4,0,75,False,False,K03,0.07962101491348123,K03,0.07962101491348123,Scenario simulation and risk prediction,#CDD1D5
NSFC,CN_511800,雅安,prefecture_or_equivalent,,雅安,K01,6.0,5546.0,2.0,1065.0,0.10818608005769924,0.18779342723004694,0.0796073471723477,33.333333333333336,19.203029210241617,6,2,60,False,False,K04,0.12437205947718448,K04,0.12437205947718448,Intervention design and performance optimization,#CDD1D5
NSFC,CN_511800,雅安,prefecture_or_equivalent,,雅安,K02,6.0,5546.0,2.0,2355.0,0.10818608005769924,0.08492569002123142,-0.02326039003646782,33.333333333333336,42.46303642264695,6,2,60,False,False,K04,0.12437205947718448,K04,0.12437205947718448,Intervention design and performance optimization,#CDD1D5
NSFC,CN_511800,雅安,prefecture_or_equivalent,,雅安,K03,6.0,5546.0,0.0,659.0,0.10818608005769924,0.0,-0.10818608005769924,0.0,11.882437793003966,6,0,60,False,False,K04,0.12437205947718448,K04,0.12437205947718448,Intervention design and performance optimization,#CDD1D5
NSFC,CN_511800,雅安,prefecture_or_equivalent,,雅安,K04,6.0,5546.0,2.0,860.0,0.10818608005769924,0.23255813953488372,0.12437205947718448,33.333333333333336,15.50667147493689,6,2,60,False,False,K04,0.12437205947718448,K04,0.12437205947718448,Intervention design and performance optimization,#CDD1D5
NSFC,CN_511800,雅安,prefecture_or_equivalent,,雅安,K05,6.0,5546.0,0.0,587.0,0.10818608005769924,0.0,-0.10818608005769924,0.0,10.584204832311576,6,0,60,False,False,K04,0.12437205947718448,K04,0.12437205947718448,Intervention design and performance optimization,#CDD1D5
NSFC,CN_511800,雅安,prefecture_or_equivalent,,雅安,K06,6.0,5546.0,0.0,20.0,0.10818608005769924,0.0,-0.10818608005769924,0.0,0.36062026685899745,6,0,60,False,False,K04,0.12437205947718448,K04,0.12437205947718448,Intervention design and performance optimization,#CDD1D5
NSFC,CN_520100,Guiyang,prefecture_or_equivalent,,Guiyang,K01,39.0,5546.0,9.0,1065.0,0.703209520375045,0.8450704225352113,0.14186090216016622,23.076923076923077,19.203029210241617,39,9,30,False,False,K02,0.18851022484788493,K02,0.18851022484788493,Mechanism analysis and causal identification,#CDD1D5
NSFC,CN_520100,Guiyang,prefecture_or_equivalent,,Guiyang,K02,39.0,5546.0,21.0,2355.0,0.703209520375045,0.89171974522293,0.18851022484788493,53.84615384615385,42.46303642264695,39,21,30,False,False,K02,0.18851022484788493,K02,0.18851022484788493,Mechanism analysis and causal identification,#CDD1D5
NSFC,CN_520100,Guiyang,prefecture_or_equivalent,,Guiyang,K03,39.0,5546.0,3.0,659.0,0.703209520375045,0.4552352048558422,-0.24797431551920285,7.6923076923076925,11.882437793003966,39,3,30,False,False,K02,0.18851022484788493,K02,0.18851022484788493,Mechanism analysis and causal identification,#CDD1D5
NSFC,CN_520100,Guiyang,prefecture_or_equivalent,,Guiyang,K04,39.0,5546.0,4.0,860.0,0.703209520375045,0.46511627906976744,-0.2380932413052776,10.256410256410257,15.50667147493689,39,4,30,False,False,K02,0.18851022484788493,K02,0.18851022484788493,Mechanism analysis and causal identification,#CDD1D5
NSFC,CN_520100,Guiyang,prefecture_or_equivalent,,Guiyang,K05,39.0,5546.0,2.0,587.0,0.703209520375045,0.34071550255536626,-0.36249401781967877,5.128205128205129,10.584204832311576,39,2,30,False,False,K02,0.18851022484788493,K02,0.18851022484788493,Mechanism analysis and causal identification,#CDD1D5
NSFC,CN_520100,Guiyang,prefecture_or_equivalent,,Guiyang,K06,39.0,5546.0,0.0,20.0,0.703209520375045,0.0,-0.703209520375045,0.0,0.36062026685899745,39,0,30,False,False,K02,0.18851022484788493,K02,0.18851022484788493,Mechanism analysis and causal identification,#CDD1D5
NSFC,CN_520300,遵义,prefecture_or_equivalent,,遵义,K01,1.0,5546.0,1.0,1065.0,0.018031013342949875,0.09389671361502347,0.0758657002720736,100.0,19.203029210241617,1,1,122,False,False,K01,0.0758657002720736,K01,0.0758657002720736,State measurement and problem diagnosis,#CDD1D5
NSFC,CN_520300,遵义,prefecture_or_equivalent,,遵义,K02,1.0,5546.0,0.0,2355.0,0.018031013342949875,0.0,-0.018031013342949875,0.0,42.46303642264695,1,0,122,False,False,K01,0.0758657002720736,K01,0.0758657002720736,State measurement and problem diagnosis,#CDD1D5
NSFC,CN_520300,遵义,prefecture_or_equivalent,,遵义,K03,1.0,5546.0,0.0,659.0,0.018031013342949875,0.0,-0.018031013342949875,0.0,11.882437793003966,1,0,122,False,False,K01,0.0758657002720736,K01,0.0758657002720736,State measurement and problem diagnosis,#CDD1D5
NSFC,CN_520300,遵义,prefecture_or_equivalent,,遵义,K04,1.0,5546.0,0.0,860.0,0.018031013342949875,0.0,-0.018031013342949875,0.0,15.50667147493689,1,0,122,False,False,K01,0.0758657002720736,K01,0.0758657002720736,State measurement and problem diagnosis,#CDD1D5
NSFC,CN_520300,遵义,prefecture_or_equivalent,,遵义,K05,1.0,5546.0,0.0,587.0,0.018031013342949875,0.0,-0.018031013342949875,0.0,10.584204832311576,1,0,122,False,False,K01,0.0758657002720736,K01,0.0758657002720736,State measurement and problem diagnosis,#CDD1D5
NSFC,CN_520300,遵义,prefecture_or_equivalent,,遵义,K06,1.0,5546.0,0.0,20.0,0.018031013342949875,0.0,-0.018031013342949875,0.0,0.36062026685899745,1,0,122,False,False,K01,0.0758657002720736,K01,0.0758657002720736,State measurement and problem diagnosis,#CDD1D5
NSFC,CN_520600,铜仁,prefecture_or_equivalent,,铜仁,K01,1.0,5546.0,1.0,1065.0,0.018031013342949875,0.09389671361502347,0.0758657002720736,100.0,19.203029210241617,1,1,123,False,False,K01,0.0758657002720736,K01,0.0758657002720736,State measurement and problem diagnosis,#CDD1D5
NSFC,CN_520600,铜仁,prefecture_or_equivalent,,铜仁,K02,1.0,5546.0,0.0,2355.0,0.018031013342949875,0.0,-0.018031013342949875,0.0,42.46303642264695,1,0,123,False,False,K01,0.0758657002720736,K01,0.0758657002720736,State measurement and problem diagnosis,#CDD1D5
NSFC,CN_520600,铜仁,prefecture_or_equivalent,,铜仁,K03,1.0,5546.0,0.0,659.0,0.018031013342949875,0.0,-0.018031013342949875,0.0,11.882437793003966,1,0,123,False,False,K01,0.0758657002720736,K01,0.0758657002720736,State measurement and problem diagnosis,#CDD1D5
NSFC,CN_520600,铜仁,prefecture_or_equivalent,,铜仁,K04,1.0,5546.0,0.0,860.0,0.018031013342949875,0.0,-0.018031013342949875,0.0,15.50667147493689,1,0,123,False,False,K01,0.0758657002720736,K01,0.0758657002720736,State measurement and problem diagnosis,#CDD1D5
NSFC,CN_520600,铜仁,prefecture_or_equivalent,,铜仁,K05,1.0,5546.0,0.0,587.0,0.018031013342949875,0.0,-0.018031013342949875,0.0,10.584204832311576,1,0,123,False,False,K01,0.0758657002720736,K01,0.0758657002720736,State measurement and problem diagnosis,#CDD1D5
NSFC,CN_520600,铜仁,prefecture_or_equivalent,,铜仁,K06,1.0,5546.0,0.0,20.0,0.018031013342949875,0.0,-0.018031013342949875,0.0,0.36062026685899745,1,0,123,False,False,K01,0.0758657002720736,K01,0.0758657002720736,State measurement and problem diagnosis,#CDD1D5
NSFC,CN_530100,Kunming,prefecture_or_equivalent,,Kunming,K01,86.0,5546.0,21.0,1065.0,1.550667147493689,1.971830985915493,0.42116383842180394,24.41860465116279,19.203029210241617,86,21,15,False,False,K05,0.6639836191161916,K05,0.6639836191161916,Planning decision support and policy design,#CDD1D5
NSFC,CN_530100,Kunming,prefecture_or_equivalent,,Kunming,K02,86.0,5546.0,38.0,2355.0,1.550667147493689,1.6135881104033971,0.06292096290970806,44.18604651162791,42.46303642264695,86,38,15,False,False,K05,0.6639836191161916,K05,0.6639836191161916,Planning decision support and policy design,#CDD1D5
NSFC,CN_530100,Kunming,prefecture_or_equivalent,,Kunming,K03,86.0,5546.0,5.0,659.0,1.550667147493689,0.7587253414264037,-0.7919418060672854,5.813953488372093,11.882437793003966,86,5,15,False,False,K05,0.6639836191161916,K05,0.6639836191161916,Planning decision support and policy design,#CDD1D5
NSFC,CN_530100,Kunming,prefecture_or_equivalent,,Kunming,K04,86.0,5546.0,9.0,860.0,1.550667147493689,1.0465116279069768,-0.5041555195867122,10.465116279069768,15.50667147493689,86,9,15,False,False,K05,0.6639836191161916,K05,0.6639836191161916,Planning decision support and policy design,#CDD1D5
NSFC,CN_530100,Kunming,prefecture_or_equivalent,,Kunming,K05,86.0,5546.0,13.0,587.0,1.550667147493689,2.2146507666098807,0.6639836191161916,15.116279069767442,10.584204832311576,86,13,15,False,False,K05,0.6639836191161916,K05,0.6639836191161916,Planning decision support and policy design,#CDD1D5
NSFC,CN_530100,Kunming,prefecture_or_equivalent,,Kunming,K06,86.0,5546.0,0.0,20.0,1.550667147493689,0.0,-1.550667147493689,0.0,0.36062026685899745,86,0,15,False,False,K05,0.6639836191161916,K05,0.6639836191161916,Planning decision support and policy design,#CDD1D5
NSFC,CN_530300,曲靖,prefecture_or_equivalent,,曲靖,K01,2.0,5546.0,1.0,1065.0,0.03606202668589975,0.09389671361502347,0.05783468692912372,50.0,19.203029210241617,2,1,99,False,False,K01,0.05783468692912372,K01,0.05783468692912372,State measurement and problem diagnosis,#CDD1D5
NSFC,CN_530300,曲靖,prefecture_or_equivalent,,曲靖,K02,2.0,5546.0,1.0,2355.0,0.03606202668589975,0.04246284501061571,0.006400818324715958,50.0,42.46303642264695,2,1,99,False,False,K01,0.05783468692912372,K01,0.05783468692912372,State measurement and problem diagnosis,#CDD1D5
NSFC,CN_530300,曲靖,prefecture_or_equivalent,,曲靖,K03,2.0,5546.0,0.0,659.0,0.03606202668589975,0.0,-0.03606202668589975,0.0,11.882437793003966,2,0,99,False,False,K01,0.05783468692912372,K01,0.05783468692912372,State measurement and problem diagnosis,#CDD1D5
NSFC,CN_530300,曲靖,prefecture_or_equivalent,,曲靖,K04,2.0,5546.0,0.0,860.0,0.03606202668589975,0.0,-0.03606202668589975,0.0,15.50667147493689,2,0,99,False,False,K01,0.05783468692912372,K01,0.05783468692912372,State measurement and problem diagnosis,#CDD1D5
NSFC,CN_530300,曲靖,prefecture_or_equivalent,,曲靖,K05,2.0,5546.0,0.0,587.0,0.03606202668589975,0.0,-0.03606202668589975,0.0,10.584204832311576,2,0,99,False,False,K01,0.05783468692912372,K01,0.05783468692912372,State measurement and problem diagnosis,#CDD1D5
NSFC,CN_530300,曲靖,prefecture_or_equivalent,,曲靖,K06,2.0,5546.0,0.0,20.0,0.03606202668589975,0.0,-0.03606202668589975,0.0,0.36062026685899745,2,0,99,False,False,K01,0.05783468692912372,K01,0.05783468692912372,State measurement and problem diagnosis,#CDD1D5
NSFC,CN_530400,玉溪,prefecture_or_equivalent,,玉溪,K01,3.0,5546.0,1.0,1065.0,0.05409304002884962,0.09389671361502347,0.03980367358617385,33.333333333333336,19.203029210241617,3,1,81,False,False,K01,0.03980367358617385,K01,0.03980367358617385,State measurement and problem diagnosis,#CDD1D5
NSFC,CN_530400,玉溪,prefecture_or_equivalent,,玉溪,K02,3.0,5546.0,2.0,2355.0,0.05409304002884962,0.08492569002123142,0.0308326499923818,66.66666666666667,42.46303642264695,3,2,81,False,False,K01,0.03980367358617385,K01,0.03980367358617385,State measurement and problem diagnosis,#CDD1D5
NSFC,CN_530400,玉溪,prefecture_or_equivalent,,玉溪,K03,3.0,5546.0,0.0,659.0,0.05409304002884962,0.0,-0.05409304002884962,0.0,11.882437793003966,3,0,81,False,False,K01,0.03980367358617385,K01,0.03980367358617385,State measurement and problem diagnosis,#CDD1D5
NSFC,CN_530400,玉溪,prefecture_or_equivalent,,玉溪,K04,3.0,5546.0,0.0,860.0,0.05409304002884962,0.0,-0.05409304002884962,0.0,15.50667147493689,3,0,81,False,False,K01,0.03980367358617385,K01,0.03980367358617385,State measurement and problem diagnosis,#CDD1D5
NSFC,CN_530400,玉溪,prefecture_or_equivalent,,玉溪,K05,3.0,5546.0,0.0,587.0,0.05409304002884962,0.0,-0.05409304002884962,0.0,10.584204832311576,3,0,81,False,False,K01,0.03980367358617385,K01,0.03980367358617385,State measurement and problem diagnosis,#CDD1D5
NSFC,CN_530400,玉溪,prefecture_or_equivalent,,玉溪,K06,3.0,5546.0,0.0,20.0,0.05409304002884962,0.0,-0.05409304002884962,0.0,0.36062026685899745,3,0,81,False,False,K01,0.03980367358617385,K01,0.03980367358617385,State measurement and problem diagnosis,#CDD1D5
NSFC,CN_532800,西双版纳,prefecture_or_equivalent,,西双版纳,K01,12.0,5546.0,0.0,1065.0,0.21637216011539848,0.0,-0.21637216011539848,0.0,19.203029210241617,12,0,44,False,False,K02,0.20825628999075865,K02,0.20825628999075865,Mechanism analysis and causal identification,#CDD1D5
NSFC,CN_532800,西双版纳,prefecture_or_equivalent,,西双版纳,K02,12.0,5546.0,10.0,2355.0,0.21637216011539848,0.42462845010615713,0.20825628999075865,83.33333333333333,42.46303642264695,12,10,44,False,False,K02,0.20825628999075865,K02,0.20825628999075865,Mechanism analysis and causal identification,#CDD1D5
NSFC,CN_532800,西双版纳,prefecture_or_equivalent,,西双版纳,K03,12.0,5546.0,2.0,659.0,0.21637216011539848,0.30349013657056145,0.08711797645516298,16.666666666666668,11.882437793003966,12,2,44,False,False,K02,0.20825628999075865,K02,0.20825628999075865,Mechanism analysis and causal identification,#CDD1D5
NSFC,CN_532800,西双版纳,prefecture_or_equivalent,,西双版纳,K04,12.0,5546.0,0.0,860.0,0.21637216011539848,0.0,-0.21637216011539848,0.0,15.50667147493689,12,0,44,False,False,K02,0.20825628999075865,K02,0.20825628999075865,Mechanism analysis and causal identification,#CDD1D5
NSFC,CN_532800,西双版纳,prefecture_or_equivalent,,西双版纳,K05,12.0,5546.0,0.0,587.0,0.21637216011539848,0.0,-0.21637216011539848,0.0,10.584204832311576,12,0,44,False,False,K02,0.20825628999075865,K02,0.20825628999075865,Mechanism analysis and causal identification,#CDD1D5
NSFC,CN_532800,西双版纳,prefecture_or_equivalent,,西双版纳,K06,12.0,5546.0,0.0,20.0,0.21637216011539848,0.0,-0.21637216011539848,0.0,0.36062026685899745,12,0,44,False,False,K02,0.20825628999075865,K02,0.20825628999075865,Mechanism analysis and causal identification,#CDD1D5
NSFC,CN_532900,大理,prefecture_or_equivalent,,大理,K01,3.0,5546.0,0.0,1065.0,0.05409304002884962,0.0,-0.05409304002884962,0.0,19.203029210241617,3,0,82,False,False,K02,0.07329549500299751,K02,0.07329549500299751,Mechanism analysis and causal identification,#CDD1D5
NSFC,CN_532900,大理,prefecture_or_equivalent,,大理,K02,3.0,5546.0,3.0,2355.0,0.05409304002884962,0.12738853503184713,0.07329549500299751,100.0,42.46303642264695,3,3,82,False,False,K02,0.07329549500299751,K02,0.07329549500299751,Mechanism analysis and causal identification,#CDD1D5
NSFC,CN_532900,大理,prefecture_or_equivalent,,大理,K03,3.0,5546.0,0.0,659.0,0.05409304002884962,0.0,-0.05409304002884962,0.0,11.882437793003966,3,0,82,False,False,K02,0.07329549500299751,K02,0.07329549500299751,Mechanism analysis and causal identification,#CDD1D5
NSFC,CN_532900,大理,prefecture_or_equivalent,,大理,K04,3.0,5546.0,0.0,860.0,0.05409304002884962,0.0,-0.05409304002884962,0.0,15.50667147493689,3,0,82,False,False,K02,0.07329549500299751,K02,0.07329549500299751,Mechanism analysis and causal identification,#CDD1D5
NSFC,CN_532900,大理,prefecture_or_equivalent,,大理,K05,3.0,5546.0,0.0,587.0,0.05409304002884962,0.0,-0.05409304002884962,0.0,10.584204832311576,3,0,82,False,False,K02,0.07329549500299751,K02,0.07329549500299751,Mechanism analysis and causal identification,#CDD1D5
NSFC,CN_532900,大理,prefecture_or_equivalent,,大理,K06,3.0,5546.0,0.0,20.0,0.05409304002884962,0.0,-0.05409304002884962,0.0,0.36062026685899745,3,0,82,False,False,K02,0.07329549500299751,K02,0.07329549500299751,Mechanism analysis and causal identification,#CDD1D5
NSFC,CN_540100,拉萨,prefecture_or_equivalent,,拉萨,K01,5.0,5546.0,1.0,1065.0,0.09015506671474936,0.09389671361502347,0.0037416469002741065,20.0,19.203029210241617,5,1,68,False,False,K03,0.061590001570531364,K03,0.061590001570531364,Scenario simulation and risk prediction,#CDD1D5
NSFC,CN_540100,拉萨,prefecture_or_equivalent,,拉萨,K02,5.0,5546.0,2.0,2355.0,0.09015506671474936,0.08492569002123142,-0.005229376693517945,40.0,42.46303642264695,5,2,68,False,False,K03,0.061590001570531364,K03,0.061590001570531364,Scenario simulation and risk prediction,#CDD1D5
NSFC,CN_540100,拉萨,prefecture_or_equivalent,,拉萨,K03,5.0,5546.0,1.0,659.0,0.09015506671474936,0.15174506828528073,0.061590001570531364,20.0,11.882437793003966,5,1,68,False,False,K03,0.061590001570531364,K03,0.061590001570531364,Scenario simulation and risk prediction,#CDD1D5
NSFC,CN_540100,拉萨,prefecture_or_equivalent,,拉萨,K04,5.0,5546.0,1.0,860.0,0.09015506671474936,0.11627906976744186,0.026124003052692496,20.0,15.50667147493689,5,1,68,False,False,K03,0.061590001570531364,K03,0.061590001570531364,Scenario simulation and risk prediction,#CDD1D5
NSFC,CN_540100,拉萨,prefecture_or_equivalent,,拉萨,K05,5.0,5546.0,0.0,587.0,0.09015506671474936,0.0,-0.09015506671474936,0.0,10.584204832311576,5,0,68,False,False,K03,0.061590001570531364,K03,0.061590001570531364,Scenario simulation and risk prediction,#CDD1D5
NSFC,CN_540100,拉萨,prefecture_or_equivalent,,拉萨,K06,5.0,5546.0,0.0,20.0,0.09015506671474936,0.0,-0.09015506671474936,0.0,0.36062026685899745,5,0,68,False,False,K03,0.061590001570531364,K03,0.061590001570531364,Scenario simulation and risk prediction,#CDD1D5
NSFC,CN_540400,林芝,prefecture_or_equivalent,,林芝,K01,4.0,5546.0,0.0,1065.0,0.0721240533717995,0.0,-0.0721240533717995,0.0,19.203029210241617,4,0,76,False,False,K02,0.05526448166004763,K02,0.05526448166004763,Mechanism analysis and causal identification,#CDD1D5
NSFC,CN_540400,林芝,prefecture_or_equivalent,,林芝,K02,4.0,5546.0,3.0,2355.0,0.0721240533717995,0.12738853503184713,0.05526448166004763,75.0,42.46303642264695,4,3,76,False,False,K02,0.05526448166004763,K02,0.05526448166004763,Mechanism analysis and causal identification,#CDD1D5
NSFC,CN_540400,林芝,prefecture_or_equivalent,,林芝,K03,4.0,5546.0,0.0,659.0,0.0721240533717995,0.0,-0.0721240533717995,0.0,11.882437793003966,4,0,76,False,False,K02,0.05526448166004763,K02,0.05526448166004763,Mechanism analysis and causal identification,#CDD1D5
NSFC,CN_540400,林芝,prefecture_or_equivalent,,林芝,K04,4.0,5546.0,1.0,860.0,0.0721240533717995,0.11627906976744186,0.04415501639564236,25.0,15.50667147493689,4,1,76,False,False,K02,0.05526448166004763,K02,0.05526448166004763,Mechanism analysis and causal identification,#CDD1D5
NSFC,CN_540400,林芝,prefecture_or_equivalent,,林芝,K05,4.0,5546.0,0.0,587.0,0.0721240533717995,0.0,-0.0721240533717995,0.0,10.584204832311576,4,0,76,False,False,K02,0.05526448166004763,K02,0.05526448166004763,Mechanism analysis and causal identification,#CDD1D5
NSFC,CN_540400,林芝,prefecture_or_equivalent,,林芝,K06,4.0,5546.0,0.0,20.0,0.0721240533717995,0.0,-0.0721240533717995,0.0,0.36062026685899745,4,0,76,False,False,K02,0.05526448166004763,K02,0.05526448166004763,Mechanism analysis and causal identification,#CDD1D5
NSFC,CN_610100,Xi'an,prefecture_or_equivalent,,Xi'an,K01,204.0,5546.0,28.0,1065.0,3.678326721961774,2.6291079812206575,-1.0492187407411167,13.72549019607843,19.203029210241617,204,28,6,False,False,K04,1.55423141757311,K04,1.55423141757311,Intervention design and performance optimization,#CDD1D5
NSFC,CN_610100,Xi'an,prefecture_or_equivalent,,Xi'an,K02,204.0,5546.0,77.0,2355.0,3.678326721961774,3.26963906581741,-0.4086876561443642,37.745098039215684,42.46303642264695,204,77,6,False,False,K04,1.55423141757311,K04,1.55423141757311,Intervention design and performance optimization,#CDD1D5
NSFC,CN_610100,Xi'an,prefecture_or_equivalent,,Xi'an,K03,204.0,5546.0,25.0,659.0,3.678326721961774,3.793626707132018,0.11529998517024387,12.254901960784315,11.882437793003966,204,25,6,False,False,K04,1.55423141757311,K04,1.55423141757311,Intervention design and performance optimization,#CDD1D5
NSFC,CN_610100,Xi'an,prefecture_or_equivalent,,Xi'an,K04,204.0,5546.0,45.0,860.0,3.678326721961774,5.232558139534884,1.55423141757311,22.058823529411764,15.50667147493689,204,45,6,False,False,K04,1.55423141757311,K04,1.55423141757311,Intervention design and performance optimization,#CDD1D5
NSFC,CN_610100,Xi'an,prefecture_or_equivalent,,Xi'an,K05,204.0,5546.0,29.0,587.0,3.678326721961774,4.940374787052811,1.2620480650910366,14.215686274509803,10.584204832311576,204,29,6,False,False,K04,1.55423141757311,K04,1.55423141757311,Intervention design and performance optimization,#CDD1D5
NSFC,CN_610100,Xi'an,prefecture_or_equivalent,,Xi'an,K06,204.0,5546.0,0.0,20.0,3.678326721961774,0.0,-3.678326721961774,0.0,0.36062026685899745,204,0,6,False,False,K04,1.55423141757311,K04,1.55423141757311,Intervention design and performance optimization,#CDD1D5
NSFC,CN_610300,宝鸡,prefecture_or_equivalent,,宝鸡,K01,4.0,5546.0,1.0,1065.0,0.0721240533717995,0.09389671361502347,0.021772660243223968,25.0,19.203029210241617,4,1,77,False,False,K02,0.05526448166004763,K02,0.05526448166004763,Mechanism analysis and causal identification,#CDD1D5
NSFC,CN_610300,宝鸡,prefecture_or_equivalent,,宝鸡,K02,4.0,5546.0,3.0,2355.0,0.0721240533717995,0.12738853503184713,0.05526448166004763,75.0,42.46303642264695,4,3,77,False,False,K02,0.05526448166004763,K02,0.05526448166004763,Mechanism analysis and causal identification,#CDD1D5
NSFC,CN_610300,宝鸡,prefecture_or_equivalent,,宝鸡,K03,4.0,5546.0,0.0,659.0,0.0721240533717995,0.0,-0.0721240533717995,0.0,11.882437793003966,4,0,77,False,False,K02,0.05526448166004763,K02,0.05526448166004763,Mechanism analysis and causal identification,#CDD1D5
NSFC,CN_610300,宝鸡,prefecture_or_equivalent,,宝鸡,K04,4.0,5546.0,0.0,860.0,0.0721240533717995,0.0,-0.0721240533717995,0.0,15.50667147493689,4,0,77,False,False,K02,0.05526448166004763,K02,0.05526448166004763,Mechanism analysis and causal identification,#CDD1D5
NSFC,CN_610300,宝鸡,prefecture_or_equivalent,,宝鸡,K05,4.0,5546.0,0.0,587.0,0.0721240533717995,0.0,-0.0721240533717995,0.0,10.584204832311576,4,0,77,False,False,K02,0.05526448166004763,K02,0.05526448166004763,Mechanism analysis and causal identification,#CDD1D5
NSFC,CN_610300,宝鸡,prefecture_or_equivalent,,宝鸡,K06,4.0,5546.0,0.0,20.0,0.0721240533717995,0.0,-0.0721240533717995,0.0,0.36062026685899745,4,0,77,False,False,K02,0.05526448166004763,K02,0.05526448166004763,Mechanism analysis and causal identification,#CDD1D5
NSFC,CN_610400,Yangling,prefecture_or_equivalent,,Yangling,K01,36.0,5546.0,5.0,1065.0,0.6491164803461954,0.4694835680751174,-0.17963291227107803,13.88888888888889,19.203029210241617,36,5,32,False,False,K06,4.350883519653805,K03,0.26135392936548896,Scenario simulation and risk prediction,#CDD1D5
NSFC,CN_610400,Yangling,prefecture_or_equivalent,,Yangling,K02,36.0,5546.0,20.0,2355.0,0.6491164803461954,0.8492569002123143,0.20014041986611886,55.55555555555556,42.46303642264695,36,20,32,False,False,K06,4.350883519653805,K03,0.26135392936548896,Scenario simulation and risk prediction,#CDD1D5
NSFC,CN_610400,Yangling,prefecture_or_equivalent,,Yangling,K03,36.0,5546.0,6.0,659.0,0.6491164803461954,0.9104704097116844,0.26135392936548896,16.666666666666668,11.882437793003966,36,6,32,False,False,K06,4.350883519653805,K03,0.26135392936548896,Scenario simulation and risk prediction,#CDD1D5
NSFC,CN_610400,Yangling,prefecture_or_equivalent,,Yangling,K04,36.0,5546.0,2.0,860.0,0.6491164803461954,0.23255813953488372,-0.4165583408113117,5.555555555555555,15.50667147493689,36,2,32,False,False,K06,4.350883519653805,K03,0.26135392936548896,Scenario simulation and risk prediction,#CDD1D5
NSFC,CN_610400,Yangling,prefecture_or_equivalent,,Yangling,K05,36.0,5546.0,2.0,587.0,0.6491164803461954,0.34071550255536626,-0.30840097779082914,5.555555555555555,10.584204832311576,36,2,32,False,False,K06,4.350883519653805,K03,0.26135392936548896,Scenario simulation and risk prediction,#CDD1D5
NSFC,CN_610400,Yangling,prefecture_or_equivalent,,Yangling,K06,36.0,5546.0,1.0,20.0,0.6491164803461954,5.0,4.350883519653805,2.7777777777777777,0.36062026685899745,36,1,32,False,False,K06,4.350883519653805,K03,0.26135392936548896,Scenario simulation and risk prediction,#CDD1D5
NSFC,CN_610600,延安,prefecture_or_equivalent,,延安,K01,2.0,5546.0,0.0,1065.0,0.03606202668589975,0.0,-0.03606202668589975,0.0,19.203029210241617,2,0,100,False,False,K04,0.08021704308154211,K04,0.08021704308154211,Intervention design and performance optimization,#CDD1D5
NSFC,CN_610600,延安,prefecture_or_equivalent,,延安,K02,2.0,5546.0,1.0,2355.0,0.03606202668589975,0.04246284501061571,0.006400818324715958,50.0,42.46303642264695,2,1,100,False,False,K04,0.08021704308154211,K04,0.08021704308154211,Intervention design and performance optimization,#CDD1D5
NSFC,CN_610600,延安,prefecture_or_equivalent,,延安,K03,2.0,5546.0,0.0,659.0,0.03606202668589975,0.0,-0.03606202668589975,0.0,11.882437793003966,2,0,100,False,False,K04,0.08021704308154211,K04,0.08021704308154211,Intervention design and performance optimization,#CDD1D5
NSFC,CN_610600,延安,prefecture_or_equivalent,,延安,K04,2.0,5546.0,1.0,860.0,0.03606202668589975,0.11627906976744186,0.08021704308154211,50.0,15.50667147493689,2,1,100,False,False,K04,0.08021704308154211,K04,0.08021704308154211,Intervention design and performance optimization,#CDD1D5
NSFC,CN_610600,延安,prefecture_or_equivalent,,延安,K05,2.0,5546.0,0.0,587.0,0.03606202668589975,0.0,-0.03606202668589975,0.0,10.584204832311576,2,0,100,False,False,K04,0.08021704308154211,K04,0.08021704308154211,Intervention design and performance optimization,#CDD1D5
NSFC,CN_610600,延安,prefecture_or_equivalent,,延安,K06,2.0,5546.0,0.0,20.0,0.03606202668589975,0.0,-0.03606202668589975,0.0,0.36062026685899745,2,0,100,False,False,K04,0.08021704308154211,K04,0.08021704308154211,Intervention design and performance optimization,#CDD1D5
NSFC,CN_620100,Lanzhou,prefecture_or_equivalent,,Lanzhou,K01,183.0,5546.0,31.0,1065.0,3.299675441759827,2.9107981220657275,-0.38887731969409955,16.939890710382514,19.203029210241617,183,31,7,True,False,K06,1.700324558240173,K02,1.2013861293654382,Mechanism analysis and causal identification,#a23333
NSFC,CN_620100,Lanzhou,prefecture_or_equivalent,,Lanzhou,K02,183.0,5546.0,106.0,2355.0,3.299675441759827,4.501061571125265,1.2013861293654382,57.923497267759565,42.46303642264695,183,106,7,True,True,K06,1.700324558240173,K02,1.2013861293654382,Mechanism analysis and causal identification,#a23333
NSFC,CN_620100,Lanzhou,prefecture_or_equivalent,,Lanzhou,K03,183.0,5546.0,28.0,659.0,3.299675441759827,4.24886191198786,0.949186470228033,15.300546448087431,11.882437793003966,183,28,7,True,False,K06,1.700324558240173,K02,1.2013861293654382,Mechanism analysis and causal identification,#a23333
NSFC,CN_620100,Lanzhou,prefecture_or_equivalent,,Lanzhou,K04,183.0,5546.0,14.0,860.0,3.299675441759827,1.627906976744186,-1.671768465015641,7.6502732240437155,15.50667147493689,183,14,7,True,False,K06,1.700324558240173,K02,1.2013861293654382,Mechanism analysis and causal identification,#a23333
NSFC,CN_620100,Lanzhou,prefecture_or_equivalent,,Lanzhou,K05,183.0,5546.0,3.0,587.0,3.299675441759827,0.5110732538330494,-2.7886021879267777,1.639344262295082,10.584204832311576,183,3,7,True,False,K06,1.700324558240173,K02,1.2013861293654382,Mechanism analysis and causal identification,#a23333
NSFC,CN_620100,Lanzhou,prefecture_or_equivalent,,Lanzhou,K06,183.0,5546.0,1.0,20.0,3.299675441759827,5.0,1.700324558240173,0.546448087431694,0.36062026685899745,183,1,7,True,False,K06,1.700324558240173,K02,1.2013861293654382,Mechanism analysis and causal identification,#a23333
NSFC,CN_623000,合作,prefecture_or_equivalent,,合作,K01,1.0,5546.0,0.0,1065.0,0.018031013342949875,0.0,-0.018031013342949875,0.0,19.203029210241617,1,0,124,False,False,K02,0.024431831667665833,K02,0.024431831667665833,Mechanism analysis and causal identification,#CDD1D5
NSFC,CN_623000,合作,prefecture_or_equivalent,,合作,K02,1.0,5546.0,1.0,2355.0,0.018031013342949875,0.04246284501061571,0.024431831667665833,100.0,42.46303642264695,1,1,124,False,False,K02,0.024431831667665833,K02,0.024431831667665833,Mechanism analysis and causal identification,#CDD1D5
NSFC,CN_623000,合作,prefecture_or_equivalent,,合作,K03,1.0,5546.0,0.0,659.0,0.018031013342949875,0.0,-0.018031013342949875,0.0,11.882437793003966,1,0,124,False,False,K02,0.024431831667665833,K02,0.024431831667665833,Mechanism analysis and causal identification,#CDD1D5
NSFC,CN_623000,合作,prefecture_or_equivalent,,合作,K04,1.0,5546.0,0.0,860.0,0.018031013342949875,0.0,-0.018031013342949875,0.0,15.50667147493689,1,0,124,False,False,K02,0.024431831667665833,K02,0.024431831667665833,Mechanism analysis and causal identification,#CDD1D5
NSFC,CN_623000,合作,prefecture_or_equivalent,,合作,K05,1.0,5546.0,0.0,587.0,0.018031013342949875,0.0,-0.018031013342949875,0.0,10.584204832311576,1,0,124,False,False,K02,0.024431831667665833,K02,0.024431831667665833,Mechanism analysis and causal identification,#CDD1D5
NSFC,CN_623000,合作,prefecture_or_equivalent,,合作,K06,1.0,5546.0,0.0,20.0,0.018031013342949875,0.0,-0.018031013342949875,0.0,0.36062026685899745,1,0,124,False,False,K02,0.024431831667665833,K02,0.024431831667665833,Mechanism analysis and causal identification,#CDD1D5
NSFC,CN_630100,西宁,prefecture_or_equivalent,,西宁,K01,18.0,5546.0,3.0,1065.0,0.3245582401730977,0.28169014084507044,-0.042868099328027265,16.666666666666668,19.203029210241617,18,3,41,False,False,K02,0.10007020993305943,K02,0.10007020993305943,Mechanism analysis and causal identification,#CDD1D5
NSFC,CN_630100,西宁,prefecture_or_equivalent,,西宁,K02,18.0,5546.0,10.0,2355.0,0.3245582401730977,0.42462845010615713,0.10007020993305943,55.55555555555556,42.46303642264695,18,10,41,False,False,K02,0.10007020993305943,K02,0.10007020993305943,Mechanism analysis and causal identification,#CDD1D5
NSFC,CN_630100,西宁,prefecture_or_equivalent,,西宁,K03,18.0,5546.0,1.0,659.0,0.3245582401730977,0.15174506828528073,-0.17281317188781697,5.555555555555555,11.882437793003966,18,1,41,False,False,K02,0.10007020993305943,K02,0.10007020993305943,Mechanism analysis and causal identification,#CDD1D5
NSFC,CN_630100,西宁,prefecture_or_equivalent,,西宁,K04,18.0,5546.0,2.0,860.0,0.3245582401730977,0.23255813953488372,-0.09200010063821398,11.11111111111111,15.50667147493689,18,2,41,False,False,K02,0.10007020993305943,K02,0.10007020993305943,Mechanism analysis and causal identification,#CDD1D5
NSFC,CN_630100,西宁,prefecture_or_equivalent,,西宁,K05,18.0,5546.0,2.0,587.0,0.3245582401730977,0.34071550255536626,0.016157262382268556,11.11111111111111,10.584204832311576,18,2,41,False,False,K02,0.10007020993305943,K02,0.10007020993305943,Mechanism analysis and causal identification,#CDD1D5
NSFC,CN_630100,西宁,prefecture_or_equivalent,,西宁,K06,18.0,5546.0,0.0,20.0,0.3245582401730977,0.0,-0.3245582401730977,0.0,0.36062026685899745,18,0,41,False,False,K02,0.10007020993305943,K02,0.10007020993305943,Mechanism analysis and causal identification,#CDD1D5
NSFC,CN_640100,银川,prefecture_or_equivalent,,银川,K01,24.0,5546.0,3.0,1065.0,0.43274432023079695,0.28169014084507044,-0.15105417938572652,12.5,19.203029210241617,24,3,36,False,False,K02,0.11927266490720728,K02,0.11927266490720728,Mechanism analysis and causal identification,#CDD1D5
NSFC,CN_640100,银川,prefecture_or_equivalent,,银川,K02,24.0,5546.0,13.0,2355.0,0.43274432023079695,0.5520169851380042,0.11927266490720728,54.166666666666664,42.46303642264695,24,13,36,False,False,K02,0.11927266490720728,K02,0.11927266490720728,Mechanism analysis and causal identification,#CDD1D5
NSFC,CN_640100,银川,prefecture_or_equivalent,,银川,K03,24.0,5546.0,3.0,659.0,0.43274432023079695,0.4552352048558422,0.022490884625045227,12.5,11.882437793003966,24,3,36,False,False,K02,0.11927266490720728,K02,0.11927266490720728,Mechanism analysis and causal identification,#CDD1D5
NSFC,CN_640100,银川,prefecture_or_equivalent,,银川,K04,24.0,5546.0,2.0,860.0,0.43274432023079695,0.23255813953488372,-0.20018618069591324,8.333333333333334,15.50667147493689,24,2,36,False,False,K02,0.11927266490720728,K02,0.11927266490720728,Mechanism analysis and causal identification,#CDD1D5
NSFC,CN_640100,银川,prefecture_or_equivalent,,银川,K05,24.0,5546.0,3.0,587.0,0.43274432023079695,0.5110732538330494,0.0783289336022524,12.5,10.584204832311576,24,3,36,False,False,K02,0.11927266490720728,K02,0.11927266490720728,Mechanism analysis and causal identification,#CDD1D5
NSFC,CN_640100,银川,prefecture_or_equivalent,,银川,K06,24.0,5546.0,0.0,20.0,0.43274432023079695,0.0,-0.43274432023079695,0.0,0.36062026685899745,24,0,36,False,False,K02,0.11927266490720728,K02,0.11927266490720728,Mechanism analysis and causal identification,#CDD1D5
NSFC,CN_650100,乌鲁木齐,prefecture_or_equivalent,,乌鲁木齐,K01,86.0,5546.0,18.0,1065.0,1.550667147493689,1.6901408450704225,0.13947369757673345,20.930232558139537,19.203029210241617,86,18,16,False,False,K06,3.449332852506311,K05,0.3232681165608253,Planning decision support and policy design,#CDD1D5
NSFC,CN_650100,乌鲁木齐,prefecture_or_equivalent,,乌鲁木齐,K02,86.0,5546.0,39.0,2355.0,1.550667147493689,1.6560509554140128,0.10538380792032376,45.348837209302324,42.46303642264695,86,39,16,False,False,K06,3.449332852506311,K05,0.3232681165608253,Planning decision support and policy design,#CDD1D5
NSFC,CN_650100,乌鲁木齐,prefecture_or_equivalent,,乌鲁木齐,K03,86.0,5546.0,10.0,659.0,1.550667147493689,1.5174506828528074,-0.03321646464088168,11.627906976744185,11.882437793003966,86,10,16,False,False,K06,3.449332852506311,K05,0.3232681165608253,Planning decision support and policy design,#CDD1D5
NSFC,CN_650100,乌鲁木齐,prefecture_or_equivalent,,乌鲁木齐,K04,86.0,5546.0,7.0,860.0,1.550667147493689,0.813953488372093,-0.736713659121596,8.13953488372093,15.50667147493689,86,7,16,False,False,K06,3.449332852506311,K05,0.3232681165608253,Planning decision support and policy design,#CDD1D5
NSFC,CN_650100,乌鲁木齐,prefecture_or_equivalent,,乌鲁木齐,K05,86.0,5546.0,11.0,587.0,1.550667147493689,1.8739352640545144,0.3232681165608253,12.790697674418604,10.584204832311576,86,11,16,False,False,K06,3.449332852506311,K05,0.3232681165608253,Planning decision support and policy design,#CDD1D5
NSFC,CN_650100,乌鲁木齐,prefecture_or_equivalent,,乌鲁木齐,K06,86.0,5546.0,1.0,20.0,1.550667147493689,5.0,3.449332852506311,1.1627906976744187,0.36062026685899745,86,1,16,False,False,K06,3.449332852506311,K05,0.3232681165608253,Planning decision support and policy design,#CDD1D5
NSFC,CN_659001,石河子,prefecture_or_equivalent,,石河子,K01,9.0,5546.0,0.0,1065.0,0.16227912008654885,0.0,-0.16227912008654885,0.0,19.203029210241617,9,0,48,False,False,K03,0.29295608476929336,K03,0.29295608476929336,Scenario simulation and risk prediction,#CDD1D5
NSFC,CN_659001,石河子,prefecture_or_equivalent,,石河子,K02,9.0,5546.0,5.0,2355.0,0.16227912008654885,0.21231422505307856,0.050035104966529714,55.55555555555556,42.46303642264695,9,5,48,False,False,K03,0.29295608476929336,K03,0.29295608476929336,Scenario simulation and risk prediction,#CDD1D5
NSFC,CN_659001,石河子,prefecture_or_equivalent,,石河子,K03,9.0,5546.0,3.0,659.0,0.16227912008654885,0.4552352048558422,0.29295608476929336,33.333333333333336,11.882437793003966,9,3,48,False,False,K03,0.29295608476929336,K03,0.29295608476929336,Scenario simulation and risk prediction,#CDD1D5
NSFC,CN_659001,石河子,prefecture_or_equivalent,,石河子,K04,9.0,5546.0,1.0,860.0,0.16227912008654885,0.11627906976744186,-0.04600005031910699,11.11111111111111,15.50667147493689,9,1,48,False,False,K03,0.29295608476929336,K03,0.29295608476929336,Scenario simulation and risk prediction,#CDD1D5
NSFC,CN_659001,石河子,prefecture_or_equivalent,,石河子,K05,9.0,5546.0,0.0,587.0,0.16227912008654885,0.0,-0.16227912008654885,0.0,10.584204832311576,9,0,48,False,False,K03,0.29295608476929336,K03,0.29295608476929336,Scenario simulation and risk prediction,#CDD1D5
NSFC,CN_659001,石河子,prefecture_or_equivalent,,石河子,K06,9.0,5546.0,0.0,20.0,0.16227912008654885,0.0,-0.16227912008654885,0.0,0.36062026685899745,9,0,48,False,False,K03,0.29295608476929336,K03,0.29295608476929336,Scenario simulation and risk prediction,#CDD1D5
NSFC,CN_659002,阿拉尔,prefecture_or_equivalent,,阿拉尔,K01,1.0,5546.0,1.0,1065.0,0.018031013342949875,0.09389671361502347,0.0758657002720736,100.0,19.203029210241617,1,1,125,False,False,K01,0.0758657002720736,K01,0.0758657002720736,State measurement and problem diagnosis,#CDD1D5
NSFC,CN_659002,阿拉尔,prefecture_or_equivalent,,阿拉尔,K02,1.0,5546.0,0.0,2355.0,0.018031013342949875,0.0,-0.018031013342949875,0.0,42.46303642264695,1,0,125,False,False,K01,0.0758657002720736,K01,0.0758657002720736,State measurement and problem diagnosis,#CDD1D5
NSFC,CN_659002,阿拉尔,prefecture_or_equivalent,,阿拉尔,K03,1.0,5546.0,0.0,659.0,0.018031013342949875,0.0,-0.018031013342949875,0.0,11.882437793003966,1,0,125,False,False,K01,0.0758657002720736,K01,0.0758657002720736,State measurement and problem diagnosis,#CDD1D5
NSFC,CN_659002,阿拉尔,prefecture_or_equivalent,,阿拉尔,K04,1.0,5546.0,0.0,860.0,0.018031013342949875,0.0,-0.018031013342949875,0.0,15.50667147493689,1,0,125,False,False,K01,0.0758657002720736,K01,0.0758657002720736,State measurement and problem diagnosis,#CDD1D5
NSFC,CN_659002,阿拉尔,prefecture_or_equivalent,,阿拉尔,K05,1.0,5546.0,0.0,587.0,0.018031013342949875,0.0,-0.018031013342949875,0.0,10.584204832311576,1,0,125,False,False,K01,0.0758657002720736,K01,0.0758657002720736,State measurement and problem diagnosis,#CDD1D5
NSFC,CN_659002,阿拉尔,prefecture_or_equivalent,,阿拉尔,K06,1.0,5546.0,0.0,20.0,0.018031013342949875,0.0,-0.018031013342949875,0.0,0.36062026685899745,1,0,125,False,False,K01,0.0758657002720736,K01,0.0758657002720736,State measurement and problem diagnosis,#CDD1D5
NSFC,CN_810000,香港,prefecture_or_equivalent,,香港,K01,1.0,5546.0,0.0,1065.0,0.018031013342949875,0.0,-0.018031013342949875,0.0,19.203029210241617,1,0,126,False,False,K02,0.024431831667665833,K02,0.024431831667665833,Mechanism analysis and causal identification,#CDD1D5
NSFC,CN_810000,香港,prefecture_or_equivalent,,香港,K02,1.0,5546.0,1.0,2355.0,0.018031013342949875,0.04246284501061571,0.024431831667665833,100.0,42.46303642264695,1,1,126,False,False,K02,0.024431831667665833,K02,0.024431831667665833,Mechanism analysis and causal identification,#CDD1D5
NSFC,CN_810000,香港,prefecture_or_equivalent,,香港,K03,1.0,5546.0,0.0,659.0,0.018031013342949875,0.0,-0.018031013342949875,0.0,11.882437793003966,1,0,126,False,False,K02,0.024431831667665833,K02,0.024431831667665833,Mechanism analysis and causal identification,#CDD1D5
NSFC,CN_810000,香港,prefecture_or_equivalent,,香港,K04,1.0,5546.0,0.0,860.0,0.018031013342949875,0.0,-0.018031013342949875,0.0,15.50667147493689,1,0,126,False,False,K02,0.024431831667665833,K02,0.024431831667665833,Mechanism analysis and causal identification,#CDD1D5
NSFC,CN_810000,香港,prefecture_or_equivalent,,香港,K05,1.0,5546.0,0.0,587.0,0.018031013342949875,0.0,-0.018031013342949875,0.0,10.584204832311576,1,0,126,False,False,K02,0.024431831667665833,K02,0.024431831667665833,Mechanism analysis and causal identification,#CDD1D5
NSFC,CN_810000,香港,prefecture_or_equivalent,,香港,K06,1.0,5546.0,0.0,20.0,0.018031013342949875,0.0,-0.018031013342949875,0.0,0.36062026685899745,1,0,126,False,False,K02,0.024431831667665833,K02,0.024431831667665833,Mechanism analysis and causal identification,#CDD1D5
