agency,sdg,theme,full_theme_name,within_sdg_topic_share,contribution_pp,ci_low,ci_high
NSF,S02,N01.1,Urban heat-risk adaptation,0.0037509377344336074,0.01717481579132211,0.0,0.03844292273260986
NSF,S02,N01.2,"Adaptation to flood, storm and coastal climate risks",0.00289358053799164,0.013249143610448488,0.0009149772699497711,0.03018257817701218
NSF,S02,N01.3,Adaptation to drought and compound climate risks,0.023488014860858067,0.10754706078851704,0.05077742038874193,0.17705946056971075
NSF,S02,N01.4,Climate-adaptation capacity and resilience planning,0.03673954202836423,0.16822323143414503,0.09939140225348907,0.25835827950380746
NSF,S02,N02.1,Disaster prevention and risk reduction,0.0011074197120708748,0.005070659900295101,0.0,0.012552109031404975
NSF,S02,N02.2,Emergency preparedness and response,0.001357482227699782,0.006215647619716575,0.0,0.016227549252976176
NSF,S02,N02.3,Post-disaster recovery and reconstruction,0.00503697352909656,0.02306332406263256,0.0021567864772158974,0.060151355427572856
NSF,S02,N03.1,Infrastructure reliability and disturbance resistance,0.002936448397813739,0.01344542721949217,0.002448638618244292,0.028598907748192667
NSF,S02,N03.2,Infrastructure interdependence and cascading-risk control,0.0026792412388811485,0.012267725565230082,0.0,0.031131525387131473
NSF,S02,N03.3,Infrastructure service continuity and rapid recovery,0.0,0.0,0.0,0.0
NSF,S02,N04.1,Outdoor air-pollution control,0.006430178973314757,0.0294425413565522,0.0,0.09903144392105448
NSF,S02,N04.2,Indoor air-quality improvement,0.0,0.0,0.0,0.0
NSF,S02,N04.3,Reduction of air-pollution exposure,0.0,0.0,0.0,0.0
NSF,S02,N05.1,Water pollution control and water quality improvement,0.06999071196370518,0.32047388418236045,0.20701308789633724,0.456108631323807
NSF,S02,N05.2,Water availability and supply security,0.07012467402564923,0.3210872704606219,0.22398153914511645,0.43340180044275384
NSF,S02,N06.1,Ecosystem integrity and functional restoration,0.042599935698210266,0.19505683648715832,0.09391002002059066,0.3096006517147237
NSF,S02,N06.2,Habitat protection and ecological connectivity,0.0016075447433286892,0.00736063533913805,0.0,0.024880809450724028
NSF,S02,N06.3,Species and biodiversity protection,0.024827635480298645,0.1136809235711321,0.04614601182043004,0.19897570799702197
NSF,S02,N06.4,Enhancement of urban ecosystem services,0.017950916300503696,0.08219376128704156,0.01936970642154903,0.1651571199073324
NSF,S02,N07.1,Housing affordability and housing security,0.0,0.0,0.0,0.0
NSF,S02,N07.2,Community renewal and residential-environment improvement,0.0,0.0,0.0,0.0
NSF,S02,N08.1,Transport-service accessibility and travel equity,0.0016075447433286892,0.00736063533913805,0.0,0.024168685061976117
NSF,S02,N08.2,Road-traffic safety and injury reduction,0.0,0.0,0.0,0.0
NSF,S02,N08.3,"Improvement of walking, cycling and active travel",0.0,0.0,0.0,0.0
NSF,S02,N09.1,Accessibility of municipal basic services,0.00042867859822098375,0.0019628360904368133,0.0,0.006409660780675713
NSF,S02,N09.2,Accessibility of public service facilities,0.0,0.0,0.0,0.0
NSF,S02,N10.1,Food affordability and equitable access,0.10181116707748364,0.4661735714787431,0.30547542815160406,0.6378235701467081
NSF,S02,N10.2,Urban food-supply resilience,0.4127353266888153,1.8898349448399854,1.6250224173332588,2.1633796987461134
NSF,S02,N10.3,Nutrition security and healthy diets,0.03683956703461579,0.16868122652191364,0.09367785099373835,0.2588043419418267
NSF,S02,N11.1,Clean-energy access and energy affordability,0.002036223341549673,0.009323471429574863,0.0,0.023079275610249268
NSF,S02,N11.2,Energy-supply reliability and resilience,0.008252063015753935,0.037784594740908645,0.018612370420721558,0.06122854013181763
NSF,S02,N11.3,Renewable-energy substitution and energy-system transition,0.012796056156896368,0.058590657299538884,0.020604293141498784,0.11062377038760474
NSF,S02,N12.1,Decarbonization of building operations and the built environment,0.0,0.0,0.0,0.0
NSF,S02,N12.2,Decarbonization of transport systems and travel,0.0,0.0,0.0,0.0
NSF,S02,N12.3,Decarbonization of industrial production and energy use,0.0,0.0,0.0,0.0
NSF,S02,N13.1,Source reduction and prevention of consumption waste,0.0005358482477762297,0.0024535451130460162,0.0,0.008385609415592809
NSF,S02,N13.2,"Safe waste collection, transport and disposal",0.0007144643303683062,0.0032713934840613553,0.0,0.011762519409456674
NSF,S02,N13.3,"Recycling, reuse and resource circularity",0.01301932626013646,0.059612967763308045,0.02277569695029877,0.10836891817167144
NSF,S02,N14.1,Reduction of harmful environmental exposure,0.009109420212195905,0.04171026692178228,0.01364186993553562,0.07720455988452288
NSF,S02,N14.2,Reduction of cumulative and compound exposure risks,0.0005358482477762297,0.0024535451130460162,0.0,0.008850148118874357
NSF,S02,N14.3,Reduction of environmental health risks for susceptible populations,0.0010716964955524593,0.0049070902260920325,0.0,0.01699861918175147
NSF,S02,N15.1,Disease prevention and public-health protection,0.002036223341549673,0.009323471429574863,0.0,0.022167693611724326
NSF,S02,N15.2,Access to medical and health services,0.0,0.0,0.0,0.0
NSF,S02,N15.3,Promotion of mental health and social well-being,0.0031079198371021326,0.014230561655666897,0.0,0.03472278626328768
NSF,S02,N16.1,Reduction of socioeconomic and spatial inequalities,0.017968777908762903,0.08227554612414309,0.030509751998041568,0.14401717546780154
NSF,S02,N16.2,Inclusion and opportunity protection for vulnerable groups,0.00560599333506846,0.025668755301724275,0.007237373954426512,0.050488070783102655
NSF,S02,N16.3,"Equitable distribution of resources, risks and benefits",0.009517685543834939,0.043579634626960205,0.013166300901667323,0.08656305438191358
NSF,S02,N17.1,Planning and governance capacity enhancement,0.012241580803364106,0.05605182228494412,0.02081164679557682,0.10290136800387954
NSF,S02,N17.2,Policy implementation and regulatory capacity enhancement,0.0036169756724895507,0.016561429513060614,0.0,0.05024729521708132
NSF,S02,N18.1,Public participation and joint decision-making,0.004409265581701548,0.02018917121592151,0.0024647703964544446,0.04229371300413364
NSF,S02,N18.2,Cross-sectoral and cross-organizational coordination,0.008204857336783174,0.03756844909999745,0.013995835936529167,0.06700226763702215
NSF,S02,N18.3,Community and organizational action-capacity building,0.0018371939923756448,0.008412154673300629,0.0010102934344232057,0.018233628074863784
NSF,S02,N19.1,Urban-rural functional linkages and factor flows,0.014429627815117044,0.06607046482988202,0.01247394149770474,0.14425313019819977
NSF,S02,N19.2,Cross-regional coordination and collaborative governance,0.0020094309291608615,0.009200794173922562,0.0,0.026904579246346802
NSF,S03,N01.1,Urban heat-risk adaptation,0.008672343109429199,-0.007802237401567279,-0.01634912065979016,-0.001915306441869306
NSF,S03,N01.2,"Adaptation to flood, storm and coastal climate risks",0.001152808437576649,-0.001037145901056822,-0.0025218224865752085,0.0
NSF,S03,N01.3,Adaptation to drought and compound climate risks,0.0,-0.0,-0.0,0.0
NSF,S03,N01.4,Climate-adaptation capacity and resilience planning,0.0027856617260590757,-0.002506173225957974,-0.00638696207408917,-0.00022295939357677916
NSF,S03,N02.1,Disaster prevention and risk reduction,0.004231052244297277,-0.003806546126219188,-0.007769673784691332,-0.001039313176316711
NSF,S03,N02.2,Emergency preparedness and response,0.009063036546480252,-0.008153732137031824,-0.014707156736336617,-0.002983420059201806
NSF,S03,N02.3,Post-disaster recovery and reconstruction,0.004893303899926414,-0.004402353345975233,-0.008759091004782591,-0.0014320286077841781
NSF,S03,N03.1,Infrastructure reliability and disturbance resistance,0.005089526612705418,-0.004578888818495544,-0.009668395110430451,-0.0010468910979616105
NSF,S03,N03.2,Infrastructure interdependence and cascading-risk control,0.0012263919548687755,-0.0011033467032519383,-0.0026216708889892494,0.0
NSF,S03,N03.3,Infrastructure service continuity and rapid recovery,0.0012877115526122142,-0.001158514038414535,-0.003341235585548712,0.0
NSF,S03,N04.1,Outdoor air-pollution control,0.0960282420547321,-0.08639362307420285,-0.14188947136908264,-0.041604654736793804
NSF,S03,N04.2,Indoor air-quality improvement,0.020261747082939124,-0.018228863747298093,-0.03560064031234294,-0.006338686201412259
NSF,S03,N04.3,Reduction of air-pollution exposure,0.0423122744314797,-0.038067037471767935,-0.06647659498227589,-0.01614267973040248
NSF,S03,N05.1,Water pollution control and water quality improvement,0.12496934020112824,-0.11243102906137252,-0.17086612061563453,-0.05663463472811963
NSF,S03,N05.2,Water availability and supply security,0.03070885454991414,-0.027627801449428533,-0.045011053596149896,-0.01327429216364312
NSF,S03,N06.1,Ecosystem integrity and functional restoration,0.002084866323276918,-0.0018756893955282948,-0.004534435878394752,-0.00024355153940295668
NSF,S03,N06.2,Habitat protection and ecological connectivity,0.0,-0.0,-0.0,0.0
NSF,S03,N06.3,Species and biodiversity protection,0.0,-0.0,-0.0,0.0
NSF,S03,N06.4,Enhancement of urban ecosystem services,0.0,-0.0,-0.0,0.0
NSF,S03,N07.1,Housing affordability and housing security,0.00029433406916850615,-0.00026480320878046517,-0.0009399046529400838,0.0
NSF,S03,N07.2,Community renewal and residential-environment improvement,0.0018395879323031632,-0.0016550200548779072,-0.004889808967769321,0.0
NSF,S03,N08.1,Transport-service accessibility and travel equity,0.006622516556291388,-0.005958072197560467,-0.012152654381428487,-0.001613136083395094
NSF,S03,N08.2,Road-traffic safety and injury reduction,0.09878587196467987,-0.08887457694694363,-0.14839697692485246,-0.04239415083808771
NSF,S03,N08.3,"Improvement of walking, cycling and active travel",0.0029433406916850612,-0.002648032087804652,-0.006432925917835223,0.0
NSF,S03,N09.1,Accessibility of municipal basic services,0.000846210448859455,-0.0007613092252438373,-0.0022671161536563585,0.0
NSF,S03,N09.2,Accessibility of public service facilities,0.0,-0.0,-0.0,0.0
NSF,S03,N10.1,Food affordability and equitable access,0.0029923963698798126,-0.0026921659559347296,-0.006929924645638698,-0.0002360590673817784
NSF,S03,N10.2,Urban food-supply resilience,0.0071743929359823376,-0.006454578214023839,-0.013810342028803298,-0.001720672446627766
NSF,S03,N10.3,Nutrition security and healthy diets,0.0007358351729212653,-0.000662008021951163,-0.0023116064925472243,0.0
NSF,S03,N11.1,Clean-energy access and energy affordability,0.0014716703458425306,-0.001324016043902326,-0.0040130397662530085,0.0
NSF,S03,N11.2,Energy-supply reliability and resilience,0.0,-0.0,-0.0,0.0
NSF,S03,N11.3,Renewable-energy substitution and energy-system transition,0.0,-0.0,-0.0,0.0
NSF,S03,N12.1,Decarbonization of building operations and the built environment,0.0004905567819475102,-0.0004413386813007753,-0.0015860377650634015,0.0
NSF,S03,N12.2,Decarbonization of transport systems and travel,0.006806475349521705,-0.0061235742030482584,-0.012064237968403236,-0.0018411917850225269
NSF,S03,N12.3,Decarbonization of industrial production and energy use,0.001103752759381898,-0.0009930120329267444,-0.003519678974607446,0.0
NSF,S03,N13.1,Source reduction and prevention of consumption waste,0.0007358351729212653,-0.000662008021951163,-0.0024968612869771195,0.0
NSF,S03,N13.2,"Safe waste collection, transport and disposal",0.0,-0.0,-0.0,0.0
NSF,S03,N13.3,"Recycling, reuse and resource circularity",0.0012263919548687757,-0.0011033467032519385,-0.0031422759099427964,0.0
NSF,S03,N14.1,Reduction of harmful environmental exposure,0.35204807456463094,-0.3167267046355016,-0.49733986139802755,-0.1587942667803848
NSF,S03,N14.2,Reduction of cumulative and compound exposure risks,0.009898735064297975,-0.008905584104819217,-0.017845299899791597,-0.0032489145483165214
NSF,S03,N14.3,Reduction of environmental health risks for susceptible populations,0.0306983426188724,-0.027618344191972084,-0.05177485780112039,-0.01066170284054378
NSF,S03,N15.1,Disease prevention and public-health protection,0.06455727250429236,-0.05808017045918204,-0.09996217652600718,-0.026412918968720066
NSF,S03,N15.2,Access to medical and health services,0.0,-0.0,-0.0,0.0
NSF,S03,N15.3,Promotion of mental health and social well-being,0.022185430463576145,-0.019959541861827558,-0.03854255700609484,-0.006668861319429607
NSF,S03,N16.1,Reduction of socioeconomic and spatial inequalities,0.009909246995339707,-0.008915041362275661,-0.018152810996659323,-0.0030146904079873683
NSF,S03,N16.2,Inclusion and opportunity protection for vulnerable groups,0.001949963208241353,-0.0017543212581705818,-0.004128459955211942,-0.00011848015030143538
NSF,S03,N16.3,"Equitable distribution of resources, risks and benefits",0.008989453029188127,-0.008087531334836709,-0.014486206613264732,-0.003251794677909422
NSF,S03,N17.1,Planning and governance capacity enhancement,0.00029433406916850615,-0.00026480320878046517,-0.0009716220649051317,0.0
NSF,S03,N17.2,Policy implementation and regulatory capacity enhancement,0.0036055923473142003,-0.003243839307560699,-0.008937961092105798,0.0
NSF,S03,N18.1,Public participation and joint decision-making,0.005187637969094921,-0.004667156554755699,-0.011287743682450934,-0.000781708956229565
NSF,S03,N18.2,Cross-sectoral and cross-organizational coordination,0.0014716703458425306,-0.001324016043902326,-0.004195667383355862,0.0
NSF,S03,N18.3,Community and organizational action-capacity building,0.00036791758646063266,-0.0003310040109755815,-0.0011982575666166064,0.0
NSF,S03,N19.1,Urban-rural functional linkages and factor flows,0.0,-0.0,-0.0,0.0
NSF,S03,N19.2,Cross-regional coordination and collaborative governance,0.0,-0.0,-0.0,0.0
NSF,S06,N01.1,Urban heat-risk adaptation,0.0006725854183481302,-0.00634547276863342,-0.01464050487488342,0.0
NSF,S06,N01.2,"Adaptation to flood, storm and coastal climate risks",0.008116523445536405,-0.07657492579324388,-0.10588598895703268,-0.05072120456960288
NSF,S06,N01.3,Adaptation to drought and compound climate risks,0.005372770577157416,-0.05068912952825991,-0.07306690284188586,-0.030092507460037433
NSF,S06,N01.4,Climate-adaptation capacity and resilience planning,0.004601275538463973,-0.043410498999533344,-0.0648640059161386,-0.025480987459410298
NSF,S06,N02.1,Disaster prevention and risk reduction,0.006140309231037047,-0.05793043374658275,-0.08544545108235807,-0.035009120153975996
NSF,S06,N02.2,Emergency preparedness and response,0.001721027394008451,-0.016236945025620814,-0.028670100770825456,-0.0057861931482024375
NSF,S06,N02.3,Post-disaster recovery and reconstruction,0.0009970089730807576,-0.009406230221738952,-0.0193025585840535,-0.0019409975185575824
NSF,S06,N03.1,Infrastructure reliability and disturbance resistance,0.012585260092737655,-0.11873499339425238,-0.18471153327568327,-0.06783957167297834
NSF,S06,N03.2,Infrastructure interdependence and cascading-risk control,0.002164142493155454,-0.02041749179083812,-0.03863872266494778,-0.006195985919894171
NSF,S06,N03.3,Infrastructure service continuity and rapid recovery,0.0023303106553355804,-0.021985196827794616,-0.04208280998943845,-0.007311437372422521
NSF,S06,N04.1,Outdoor air-pollution control,0.0007616040766589121,-0.007185314752717256,-0.01637160551439319,-0.0008356513735355752
NSF,S06,N04.2,Indoor air-quality improvement,0.00035607463324312775,-0.0033593679363353402,-0.008466214554212924,0.0
NSF,S06,N04.3,Reduction of air-pollution exposure,0.0,-0.0,-0.0,0.0
NSF,S06,N05.1,Water pollution control and water quality improvement,0.485757014670275,-4.582849738748672,-5.109063021318002,-4.0896334555620495
NSF,S06,N05.2,Water availability and supply security,0.28719990821187236,-2.7095728616720764,-3.0794856104765964,-2.3623647982885116
NSF,S06,N06.1,Ecosystem integrity and functional restoration,0.05044390637610976,-0.47591045764750645,-0.609217761633549,-0.35730679033534063
NSF,S06,N06.2,Habitat protection and ecological connectivity,0.005554764278592793,-0.05240613980683131,-0.1001679384749548,-0.014471453253473035
NSF,S06,N06.3,Species and biodiversity protection,0.005351010460681448,-0.05048383482103942,-0.08084078290158717,-0.023378207995058606
NSF,S06,N06.4,Enhancement of urban ecosystem services,0.0012423048315371346,-0.011720461466769964,-0.021160521614027022,-0.004188431107343208
NSF,S06,N07.1,Housing affordability and housing security,0.0,-0.0,-0.0,0.0
NSF,S06,N07.2,Community renewal and residential-environment improvement,0.0,-0.0,-0.0,0.0
NSF,S06,N08.1,Transport-service accessibility and travel equity,0.0,-0.0,-0.0,0.0
NSF,S06,N08.2,Road-traffic safety and injury reduction,0.000514330025795629,-0.004852420352484381,-0.013338818302463576,0.0
NSF,S06,N08.3,"Improvement of walking, cycling and active travel",0.0,-0.0,-0.0,0.0
NSF,S06,N09.1,Accessibility of municipal basic services,0.002765512984854959,-0.026091090972204474,-0.06245055764430671,-0.0025980664662979295
NSF,S06,N09.2,Accessibility of public service facilities,0.0,-0.0,-0.0,0.0
NSF,S06,N10.1,Food affordability and equitable access,0.0005400465270854104,-0.0050950413701086,-0.014129809631882454,0.0
NSF,S06,N10.2,Urban food-supply resilience,0.010353859057747387,-0.0976829543265509,-0.1282862590670367,-0.06843547576430545
NSF,S06,N10.3,Nutrition security and healthy diets,8.901865831078194e-05,-0.0008398419840838351,-0.002572866946129157,0.0
NSF,S06,N11.1,Clean-energy access and energy affordability,0.0005697194131890044,-0.005374988698136544,-0.012985833514540943,0.0
NSF,S06,N11.2,Energy-supply reliability and resilience,0.0027457310607858962,-0.025904459420185846,-0.039797369467941025,-0.013620092297264075
NSF,S06,N11.3,Renewable-energy substitution and energy-system transition,0.00478326923989935,-0.045127509278104744,-0.06981469022501326,-0.023372967711925943
NSF,S06,N12.1,Decarbonization of building operations and the built environment,0.0017605912421465762,-0.01661020812965807,-0.031955017857119475,-0.004738960131418815
NSF,S06,N12.2,Decarbonization of transport systems and travel,0.0002373830888287518,-0.00223957862422356,-0.006844125041638467,0.0
NSF,S06,N12.3,Decarbonization of industrial production and energy use,0.0024133947364256437,-0.02276904934627286,-0.03813765958014516,-0.009961440305515032
NSF,S06,N13.1,Source reduction and prevention of consumption waste,0.0005934577220718795,-0.0055989465605589,-0.014720225821390268,0.0
NSF,S06,N13.2,"Safe waste collection, transport and disposal",0.0022551393438731424,-0.02127599693012382,-0.03923689217352896,-0.006828067407424298
NSF,S06,N13.3,"Recycling, reuse and resource circularity",0.013113437465381635,-0.12371805583314985,-0.16558258049554617,-0.08447762447273696
NSF,S06,N14.1,Reduction of harmful environmental exposure,0.03011402301033408,-0.2841092116379605,-0.34853601933907036,-0.2233679476826157
NSF,S06,N14.2,Reduction of cumulative and compound exposure risks,0.0007121492664862555,-0.0067187358726706805,-0.017065791697354112,0.0
NSF,S06,N14.3,Reduction of environmental health risks for susceptible populations,0.0008308408109006313,-0.007838525184782459,-0.01804055213281675,0.0
NSF,S06,N15.1,Disease prevention and public-health protection,0.007081928816724429,-0.06681409562266953,-0.10890398459501581,-0.033787509378399146
NSF,S06,N15.2,Access to medical and health services,0.0,-0.0,-0.0,0.0
NSF,S06,N15.3,Promotion of mental health and social well-being,0.0006092832613271297,-0.005748251802173804,-0.014651487288537176,0.0
NSF,S06,N16.1,Reduction of socioeconomic and spatial inequalities,0.0017249837788222632,-0.016274271336024534,-0.030958330874595034,-0.004705829323170159
NSF,S06,N16.2,Inclusion and opportunity protection for vulnerable groups,0.0027200145594961146,-0.025661838402561626,-0.04604337903542167,-0.009536464934054328
NSF,S06,N16.3,"Equitable distribution of resources, risks and benefits",0.004656664925857349,-0.043933067345185504,-0.0804497433817327,-0.018308733458263907
NSF,S06,N17.1,Planning and governance capacity enhancement,0.009768314105303136,-0.09215866038679948,-0.1365708025759901,-0.051528125953922345
NSF,S06,N17.2,Policy implementation and regulatory capacity enhancement,0.0021364477994587666,-0.020156207618012043,-0.03987302073865571,-0.005437834212493141
NSF,S06,N18.1,Public participation and joint decision-making,0.006290651853961924,-0.05934883354192435,-0.0905638245871563,-0.034479493591562035
NSF,S06,N18.2,Cross-sectoral and cross-organizational coordination,0.00527583914921901,-0.04977463492336862,-0.07923781155085385,-0.02539052846302265
NSF,S06,N18.3,Community and organizational action-capacity building,0.003032568959787305,-0.028610616924455982,-0.05046180501989711,-0.009697911629460682
NSF,S06,N19.1,Urban-rural functional linkages and factor flows,0.00035607463324312775,-0.0033593679363353402,-0.009880753579006685,0.0
NSF,S06,N19.2,Cross-regional coordination and collaborative governance,0.0005875231448511607,-0.005542957094953311,-0.014046763420110657,0.0
NSF,S07,N01.1,Urban heat-risk adaptation,0.0013261192446424777,-0.003074251897094824,-0.0074796931716284215,-0.00032599977739100454
NSF,S07,N01.2,"Adaptation to flood, storm and coastal climate risks",0.001540420114576702,-0.003571051003665347,-0.009411534684840555,-0.0002868078024448899
NSF,S07,N01.3,Adaptation to drought and compound climate risks,0.00015913430935709732,-0.00036891022765137883,-0.001242194452867168,0.0
NSF,S07,N01.4,Climate-adaptation capacity and resilience planning,0.0023806492679821763,-0.0055188970056646285,-0.010304520282714323,-0.00190570384440213
NSF,S07,N02.1,Disaster prevention and risk reduction,0.0003819223424570336,-0.0008853845463633092,-0.002786181997951818,0.0
NSF,S07,N02.2,Emergency preparedness and response,0.0006975387226819433,-0.0016170564978718774,-0.0034558308279886143,-0.00024114910607078003
NSF,S07,N02.3,Post-disaster recovery and reconstruction,0.0004296626352641628,-0.000996057614658723,-0.00247203767925709,0.0
NSF,S07,N03.1,Infrastructure reliability and disturbance resistance,0.01693401230638658,-0.03925696702514206,-0.061349903810500137,-0.020953538463040836
NSF,S07,N03.2,Infrastructure interdependence and cascading-risk control,0.0032145130490133663,-0.007451986598557853,-0.013531863809318243,-0.003080380559656012
NSF,S07,N03.3,Infrastructure service continuity and rapid recovery,0.004275408444727348,-0.009911388116233712,-0.01663713133978725,-0.0044078742999269825
NSF,S07,N04.1,Outdoor air-pollution control,0.002546148949713557,-0.005902563642422061,-0.012412030452709019,-0.0013814139318723976
NSF,S07,N04.2,Indoor air-quality improvement,0.0007691491618926371,-0.0017830661003149979,-0.004181522917679548,0.0
NSF,S07,N04.3,Reduction of air-pollution exposure,0.0,-0.0,-0.0,0.0
NSF,S07,N05.1,Water pollution control and water quality improvement,0.009354445151708038,-0.021685772882106887,-0.03598915916221253,-0.010912588489996133
NSF,S07,N05.2,Water availability and supply security,0.010484298748143427,-0.024305035498431674,-0.03749919395540815,-0.01340322458855994
NSF,S07,N06.1,Ecosystem integrity and functional restoration,0.0006365372374283893,-0.0014756409106055153,-0.003555333416604412,0.0
NSF,S07,N06.2,Habitat protection and ecological connectivity,0.0,-0.0,-0.0,0.0
NSF,S07,N06.3,Species and biodiversity protection,0.00015913430935709732,-0.00036891022765137883,-0.0012148021760238661,0.0
NSF,S07,N06.4,Enhancement of urban ecosystem services,0.0,-0.0,-0.0,0.0
NSF,S07,N07.1,Housing affordability and housing security,0.002864417568427752,-0.00664038409772482,-0.012954037120918022,-0.0019109226742657253
NSF,S07,N07.2,Community renewal and residential-environment improvement,0.000954805856142584,-0.002213461365908273,-0.005980153431659026,0.0
NSF,S07,N08.1,Transport-service accessibility and travel equity,0.0009017610863568848,-0.00209049129002448,-0.004252335175454197,-0.00044114454067031676
NSF,S07,N08.2,Road-traffic safety and injury reduction,0.0005569700827498406,-0.0012911857967798257,-0.003465051399002568,0.0
NSF,S07,N08.3,"Improvement of walking, cycling and active travel",0.0,-0.0,-0.0,0.0
NSF,S07,N09.1,Accessibility of municipal basic services,0.00012730744748567786,-0.0002951281821211031,-0.0010064485000946953,0.0
NSF,S07,N09.2,Accessibility of public service facilities,0.0,-0.0,-0.0,0.0
NSF,S07,N10.1,Food affordability and equitable access,0.0,-0.0,-0.0,0.0
NSF,S07,N10.2,Urban food-supply resilience,0.004728410778697219,-0.010961552564281305,-0.01820814796549945,-0.005712216966532918
NSF,S07,N10.3,Nutrition security and healthy diets,0.0002784850413749203,-0.0006455928983899129,-0.0017790279905634788,0.0
NSF,S07,N11.1,Clean-energy access and energy affordability,0.08344207511139401,-0.19343807786900055,-0.28315880861328446,-0.12111795868957863
NSF,S07,N11.2,Energy-supply reliability and resilience,0.2010847655421175,-0.4661611121640766,-0.6494733988677783,-0.30496051227851767
NSF,S07,N11.3,Renewable-energy substitution and energy-system transition,0.3846239125822193,-0.891647412328071,-1.2175818381300898,-0.5850873309020146
NSF,S07,N12.1,Decarbonization of building operations and the built environment,0.1390568639932102,-0.32236605392936324,-0.46136881829912013,-0.20548270414867245
NSF,S07,N12.2,Decarbonization of transport systems and travel,0.03752917462338212,-0.08700132868778351,-0.13265893304450355,-0.04846885274977209
NSF,S07,N12.3,Decarbonization of industrial production and energy use,0.04121578612348822,-0.09554774896170715,-0.1488008296672295,-0.05502427432329453
NSF,S07,N13.1,Source reduction and prevention of consumption waste,0.001909611712285168,-0.004426922731816546,-0.009316671103902049,-0.0007962593917729814
NSF,S07,N13.2,"Safe waste collection, transport and disposal",0.0018300445576066192,-0.004242467617990857,-0.009178624197737293,-0.0009292473495191243
NSF,S07,N13.3,"Recycling, reuse and resource circularity",0.017286760025461485,-0.04007471802976929,-0.06230806443804058,-0.02268167711735181
NSF,S07,N14.1,Reduction of harmful environmental exposure,0.0010078506259282832,-0.0023364314417920664,-0.0058325280063182714,0.0
NSF,S07,N14.2,Reduction of cumulative and compound exposure risks,0.0,-0.0,-0.0,0.0
NSF,S07,N14.3,Reduction of environmental health risks for susceptible populations,0.0,-0.0,-0.0,0.0
NSF,S07,N15.1,Disease prevention and public-health protection,0.0011139401654996813,-0.0025823715935596524,-0.008215137718122902,0.0
NSF,S07,N15.2,Access to medical and health services,0.0,-0.0,-0.0,0.0
NSF,S07,N15.3,Promotion of mental health and social well-being,0.001909611712285168,-0.004426922731816546,-0.012394067790296129,0.0
NSF,S07,N16.1,Reduction of socioeconomic and spatial inequalities,0.0015085932527052828,-0.003497268958135072,-0.00740903753967936,-0.0006127102386557461
NSF,S07,N16.2,Inclusion and opportunity protection for vulnerable groups,0.004890197326543601,-0.011336611295726872,-0.020883727066098576,-0.004081034173154831
NSF,S07,N16.3,"Equitable distribution of resources, risks and benefits",0.005869403776787607,-0.01360663889654169,-0.02346510802052395,-0.0063414237890862465
NSF,S07,N17.1,Planning and governance capacity enhancement,0.002010396774877996,-0.004660565875995753,-0.010822554426574402,-0.0007819184651673515
NSF,S07,N17.2,Policy implementation and regulatory capacity enhancement,0.00266549968173138,-0.006179246313160596,-0.018021198778772084,0.0
NSF,S07,N18.1,Public participation and joint decision-making,0.004134839804795246,-0.00958551741514166,-0.017357368967986973,-0.003527470604188978
NSF,S07,N18.2,Cross-sectoral and cross-organizational coordination,0.0007001909611712283,-0.001623205001666067,-0.004257100497596181,0.0
NSF,S07,N18.3,Community and organizational action-capacity building,0.00038192234245703363,-0.0008853845463633093,-0.002418435773263806,0.0
NSF,S07,N19.1,Urban-rural functional linkages and factor flows,0.00012730744748567786,-0.0002951281821211031,-0.0010064485000946953,0.0
NSF,S07,N19.2,Cross-regional coordination and collaborative governance,0.0,-0.0,-0.0,0.0
NSF,S09,N01.1,Urban heat-risk adaptation,0.00042636089525068075,-0.0029004917552713626,-0.0076617542577288745,0.0
NSF,S09,N01.2,"Adaptation to flood, storm and coastal climate risks",0.01288564952062417,-0.0876598220245132,-0.12321268562956732,-0.05356085731874215
NSF,S09,N01.3,Adaptation to drought and compound climate risks,0.0005320983972728495,-0.00361981371057866,-0.010165844122710562,0.0
NSF,S09,N01.4,Climate-adaptation capacity and resilience planning,0.014413044791770205,-0.09805054368859731,-0.1535143399565648,-0.054553260065037634
NSF,S09,N02.1,Disaster prevention and risk reduction,0.042890444253434766,-0.29177952603713814,-0.36721405336875595,-0.21795469887508623
NSF,S09,N02.2,Emergency preparedness and response,0.013092934006155188,-0.08906995824473314,-0.12532223291388392,-0.05632355339651546
NSF,S09,N02.3,Post-disaster recovery and reconstruction,0.00994614696440788,-0.06766267166697033,-0.1113642637871972,-0.03601778102529875
NSF,S09,N03.1,Infrastructure reliability and disturbance resistance,0.34168688835484134,-2.3244627112785423,-2.667664174860627,-1.9931083366657896
NSF,S09,N03.2,Infrastructure interdependence and cascading-risk control,0.07257393341558446,-0.4937134194629907,-0.6292689018435602,-0.36821511586207806
NSF,S09,N03.3,Infrastructure service continuity and rapid recovery,0.052698206652984136,-0.35850078095154037,-0.4585021793440825,-0.27070549779221914
NSF,S09,N04.1,Outdoor air-pollution control,0.009158232029984623,-0.06230256290322887,-0.10426977054234987,-0.027652868669887153
NSF,S09,N04.2,Indoor air-quality improvement,0.0004093064594406535,-0.0027844720850605078,-0.008436718998175509,0.0
NSF,S09,N04.3,Reduction of air-pollution exposure,0.0,-0.0,-0.0,0.0
NSF,S09,N05.1,Water pollution control and water quality improvement,0.010539641330596828,-0.07170015619030809,-0.10813731162659003,-0.03926425227556928
NSF,S09,N05.2,Water availability and supply security,0.0174125789620378,-0.11845608328528244,-0.18607734491401387,-0.06399194148302641
NSF,S09,N06.1,Ecosystem integrity and functional restoration,0.010628324396808969,-0.07230345847540452,-0.1405736050611354,-0.01840874838482487
NSF,S09,N06.2,Habitat protection and ecological connectivity,0.0,-0.0,-0.0,0.0
NSF,S09,N06.3,Species and biodiversity protection,0.0007674496114512253,-0.005220885159488452,-0.015624136103275421,0.0
NSF,S09,N06.4,Enhancement of urban ecosystem services,0.0035473226484856644,-0.02413209140385774,-0.06563861193244255,-0.001861308150905284
NSF,S09,N07.1,Housing affordability and housing security,0.0016235822891145922,-0.011045072604073348,-0.02469272946227323,-0.0008312292277501977
NSF,S09,N07.2,Community renewal and residential-environment improvement,0.0,-0.0,-0.0,0.0
NSF,S09,N08.1,Transport-service accessibility and travel equity,0.016051634984397628,-0.10919771360245625,-0.17433796414208766,-0.05380086868103051
NSF,S09,N08.2,Road-traffic safety and injury reduction,0.013029588958860801,-0.08863902804109282,-0.13552293186255324,-0.046353694648955425
NSF,S09,N08.3,"Improvement of walking, cycling and active travel",0.0,-0.0,-0.0,0.0
NSF,S09,N09.1,Accessibility of municipal basic services,0.004461440407903123,-0.030350745727159536,-0.07287877609696487,-0.004141089647322016
NSF,S09,N09.2,Accessibility of public service facilities,0.0,-0.0,-0.0,0.0
NSF,S09,N10.1,Food affordability and equitable access,0.0003410887162005446,-0.00232039340421709,-0.006035586354448152,0.0
NSF,S09,N10.2,Urban food-supply resilience,0.0028610521514901683,-0.01946345987457295,-0.03812330081673897,-0.005996991956445229
NSF,S09,N10.3,Nutrition security and healthy diets,0.0,-0.0,-0.0,0.0
NSF,S09,N11.1,Clean-energy access and energy affordability,0.005280053326784431,-0.03591968989728056,-0.08098887864852594,-0.0069729368126046605
NSF,S09,N11.2,Energy-supply reliability and resilience,0.04134677417783001,-0.2812780884591956,-0.3706393633674758,-0.2004695451980436
NSF,S09,N11.3,Renewable-energy substitution and energy-system transition,0.028281711992484353,-0.19239773950406422,-0.25023688542140127,-0.13969317927900424
NSF,S09,N12.1,Decarbonization of building operations and the built environment,0.027955631179796634,-0.1901794434096327,-0.2787129638221264,-0.11515364922993822
NSF,S09,N12.2,Decarbonization of transport systems and travel,0.032915061113352545,-0.22391796350694912,-0.3182390563670753,-0.1386698335307761
NSF,S09,N12.3,Decarbonization of industrial production and energy use,0.12190510717007463,-0.829308602667188,-1.039883380298702,-0.6348562528674299
NSF,S09,N13.1,Source reduction and prevention of consumption waste,0.003069798445804901,-0.020883540637953807,-0.046068216617188504,-0.004140996817733276
NSF,S09,N13.2,"Safe waste collection, transport and disposal",0.001637225837762614,-0.011137888340242031,-0.030793654727484663,0.0
NSF,S09,N13.3,"Recycling, reuse and resource circularity",0.033490818866299066,-0.22783478757326758,-0.30466027943465057,-0.15960813161328105
NSF,S09,N14.1,Reduction of harmful environmental exposure,0.003496159341055582,-0.023784032393225175,-0.047087305477268526,-0.006879050345197746
NSF,S09,N14.2,Reduction of cumulative and compound exposure risks,0.0,-0.0,-0.0,0.0
NSF,S09,N14.3,Reduction of environmental health risks for susceptible populations,0.0,-0.0,-0.0,0.0
NSF,S09,N15.1,Disease prevention and public-health protection,0.0025581653715040847,-0.017402950531628176,-0.032592888709434775,-0.005391972921419839
NSF,S09,N15.2,Access to medical and health services,0.0,-0.0,-0.0,0.0
NSF,S09,N15.3,Promotion of mental health and social well-being,0.000750395175641198,-0.005104865489277598,-0.011258776801407595,0.0
NSF,S09,N16.1,Reduction of socioeconomic and spatial inequalities,0.0035636949068632903,-0.02424347028726016,-0.04811144324790472,-0.007487442265191166
NSF,S09,N16.2,Inclusion and opportunity protection for vulnerable groups,0.004007110237923999,-0.027259981712742378,-0.0494757188701258,-0.010518931640422268
NSF,S09,N16.3,"Equitable distribution of resources, risks and benefits",0.005116330743008169,-0.03480590106325635,-0.06067095608982657,-0.015589640785245718
NSF,S09,N17.1,Planning and governance capacity enhancement,0.018916780200482205,-0.1286890181978798,-0.20918625511507907,-0.06555326343569473
NSF,S09,N17.2,Policy implementation and regulatory capacity enhancement,0.0022102548809795285,-0.01503614925932674,-0.03306104298582516,-0.001096626473332993
NSF,S09,N18.1,Public participation and joint decision-making,0.001964671005315137,-0.01336546600829044,-0.03327749504960384,-0.0013815788550559842
NSF,S09,N18.2,Cross-sectoral and cross-organizational coordination,0.0041135299173785675,-0.027983944454858103,-0.05567702451077101,-0.005692202519038301
NSF,S09,N18.3,Community and organizational action-capacity building,0.003069798445804901,-0.020883540637953807,-0.04923963015215195,0.0
NSF,S09,N19.1,Urban-rural functional linkages and factor flows,0.001391641962098222,-0.009467205089205727,-0.020188007694077657,-0.001110069644471017
NSF,S09,N19.2,Cross-regional coordination and collaborative governance,0.0009823355026575683,-0.006682733004145219,-0.020069802070030344,0.0
NSF,S10,N01.1,Urban heat-risk adaptation,0.0038653152379316256,0.04647320140446277,0.0,0.12258891427970696
NSF,S10,N01.2,"Adaptation to flood, storm and coastal climate risks",0.016875680009162224,0.20289855487252118,0.08137258205762714,0.35527115898400763
NSF,S10,N01.3,Adaptation to drought and compound climate risks,0.0021473973544064587,0.02581844522470154,0.0,0.06876032576848869
NSF,S10,N01.4,Climate-adaptation capacity and resilience planning,0.011578766534959628,0.13921305665159073,0.04757567502042482,0.2519809858344147
NSF,S10,N02.1,Disaster prevention and risk reduction,0.006155872415965181,0.07401287631081108,0.017164439714620512,0.1480129192055737
NSF,S10,N02.2,Emergency preparedness and response,0.008117161999656414,0.09759372294937183,0.03479898629574289,0.17848996659977343
NSF,S10,N02.3,Post-disaster recovery and reconstruction,0.01620569203458741,0.1948431999624143,0.07524262306316104,0.3305213557723979
NSF,S10,N03.1,Infrastructure reliability and disturbance resistance,0.004352058638263756,0.052325382322061784,0.010989657893736595,0.11115940328856945
NSF,S10,N03.2,Infrastructure interdependence and cascading-risk control,0.001345702342094714,0.016179559007479628,0.0,0.03719014784033199
NSF,S10,N03.3,Infrastructure service continuity and rapid recovery,0.0008589589417625834,0.010327378089880615,0.0,0.03276395580469317
NSF,S10,N04.1,Outdoor air-pollution control,0.002949092366718203,0.035457331441923444,0.0,0.08410008277893884
NSF,S10,N04.2,Indoor air-quality improvement,0.0,0.0,0.0,0.0
NSF,S10,N04.3,Reduction of air-pollution exposure,0.007673366546412413,0.09225791093626684,0.01923082772575956,0.19070297272299022
NSF,S10,N05.1,Water pollution control and water quality improvement,0.0045095344442535636,0.05421873497187324,0.0,0.13716662315315192
NSF,S10,N05.2,Water availability and supply security,0.004208898814636659,0.05060415264041502,0.0,0.1300953758925644
NSF,S10,N06.1,Ecosystem integrity and functional restoration,0.007344098952070088,0.08829908266847926,0.009229783042931415,0.1936136074988018
NSF,S10,N06.2,Habitat protection and ecological connectivity,0.0,0.0,0.0,0.0
NSF,S10,N06.3,Species and biodiversity protection,0.0068716715341006675,0.08261902471904492,0.0,0.1963732750869643
NSF,S10,N06.4,Enhancement of urban ecosystem services,0.0017179178835251669,0.02065475617976123,0.0,0.06683668751814063
NSF,S10,N07.1,Housing affordability and housing security,0.027057206665521374,0.3253124098312393,0.1662679528777252,0.5228161215734224
NSF,S10,N07.2,Community renewal and residential-environment improvement,0.004294794708812917,0.05163689044940308,0.0,0.1340991969066977
NSF,S10,N08.1,Transport-service accessibility and travel equity,0.05972627841722497,0.7180970231830321,0.4466035859536968,1.0525792121375794
NSF,S10,N08.2,Road-traffic safety and injury reduction,0.0017179178835251669,0.02065475617976123,0.0,0.06833203000295969
NSF,S10,N08.3,"Improvement of walking, cycling and active travel",0.0,0.0,0.0,0.0
NSF,S10,N09.1,Accessibility of municipal basic services,0.008160109946744543,0.09811009185386585,0.015940945164903776,0.2139844741124464
NSF,S10,N09.2,Accessibility of public service facilities,0.004294794708812917,0.05163689044940308,0.0,0.14197506988611575
NSF,S10,N10.1,Food affordability and equitable access,0.01259806447918456,0.15146821198491572,0.045915009261192095,0.28174561681996435
NSF,S10,N10.2,Urban food-supply resilience,0.0011452785890167779,0.013769837453174153,0.0,0.045554441875394786
NSF,S10,N10.3,Nutrition security and healthy diets,0.0017179178835251669,0.02065475617976123,0.0,0.0669337019590763
NSF,S10,N11.1,Clean-energy access and energy affordability,0.012240164920116816,0.1471651377807988,0.04347430143267779,0.268595136938149
NSF,S10,N11.2,Energy-supply reliability and resilience,0.0044236385500773055,0.053185997162885176,0.0040533742220952105,0.12024506463553535
NSF,S10,N11.3,Renewable-energy substitution and energy-system transition,0.019438240852087268,0.23370856617399838,0.1077102116400097,0.39277202209291456
NSF,S10,N12.1,Decarbonization of building operations and the built environment,0.0,0.0,0.0,0.0
NSF,S10,N12.2,Decarbonization of transport systems and travel,0.0012884384126438753,0.015491067134820924,0.0,0.05390762290584782
NSF,S10,N12.3,Decarbonization of industrial production and energy use,0.0037221554143045286,0.044751971722816,0.0,0.12297586237048941
NSF,S10,N13.1,Source reduction and prevention of consumption waste,0.0,0.0,0.0,0.0
NSF,S10,N13.2,"Safe waste collection, transport and disposal",0.0,0.0,0.0,0.0
NSF,S10,N13.3,"Recycling, reuse and resource circularity",0.008732749241252932,0.10499501058045294,0.017961635788392875,0.2156757261742155
NSF,S10,N14.1,Reduction of harmful environmental exposure,0.023821794651548982,0.2864126190260224,0.14429659488805177,0.44668787211263106
NSF,S10,N14.2,Reduction of cumulative and compound exposure risks,0.002748668613640267,0.03304760988761797,0.0,0.07560127470107139
NSF,S10,N14.3,Reduction of environmental health risks for susceptible populations,0.007072095287178604,0.0850287462733504,0.029681087342611597,0.15747290130510014
NSF,S10,N15.1,Disease prevention and public-health protection,0.004724274179694209,0.05680057949434338,0.0,0.12814659422978986
NSF,S10,N15.2,Access to medical and health services,0.0,0.0,0.0,0.0
NSF,S10,N15.3,Promotion of mental health and social well-being,0.0011452785890167779,0.013769837453174153,0.0,0.04590994763166581
NSF,S10,N16.1,Reduction of socioeconomic and spatial inequalities,0.20052110175800267,2.410891990488998,1.9113631260206814,2.93280215792697
NSF,S10,N16.2,Inclusion and opportunity protection for vulnerable groups,0.2643090288855621,3.177822758639894,2.49881067003363,3.8462850517180516
NSF,S10,N16.3,"Equitable distribution of resources, risks and benefits",0.12401526492747925,1.4910520952196915,1.1040187368599048,1.906098571237704
NSF,S10,N17.1,Planning and governance capacity enhancement,0.007096636971228963,0.08532381421877555,0.02215446074361593,0.16862713122093495
NSF,S10,N17.2,Policy implementation and regulatory capacity enhancement,0.003221096031609688,0.03872766783705231,0.007335044925558545,0.08200990679543306
NSF,S10,N18.1,Public participation and joint decision-making,0.02457645143609754,0.29548595834784613,0.16711744338938023,0.45018435643422405
NSF,S10,N18.2,Cross-sectoral and cross-organizational coordination,0.021842098804819982,0.26261047142839283,0.06829535277874602,0.5558513076324283
NSF,S10,N18.3,Community and organizational action-capacity building,0.002730262350602497,0.03282630892854909,0.004374875474565078,0.07153787217482394
NSF,S10,N19.1,Urban-rural functional linkages and factor flows,0.033008565047733564,0.3968663865968408,0.023371758644761566,0.8601119172727395
NSF,S10,N19.2,Cross-regional coordination and collaborative governance,0.0018324457424268446,0.022031739925078647,0.0,0.059194381814525174
NSF,S11,N01.1,Urban heat-risk adaptation,0.005131648160996773,-0.094080430175095,-0.13889567530362334,-0.054220330476642146
NSF,S11,N01.2,"Adaptation to flood, storm and coastal climate risks",0.05019184174642745,-0.9201858573770516,-1.072325797007381,-0.7696685480205419
NSF,S11,N01.3,Adaptation to drought and compound climate risks,0.0026760811024753744,-0.049061598419370675,-0.09416214875327837,-0.020111755573841254
NSF,S11,N01.4,Climate-adaptation capacity and resilience planning,0.022312957033139482,-0.4090718089582397,-0.5064715345579127,-0.325740502750626
NSF,S11,N02.1,Disaster prevention and risk reduction,0.24913673038045134,-4.567517107809032,-5.032299472990456,-4.101957357140145
NSF,S11,N02.2,Emergency preparedness and response,0.12011157390485318,-2.20205052791097,-2.502115587763461,-1.8937465544969616
NSF,S11,N02.3,Post-disaster recovery and reconstruction,0.03562405292045226,-0.6531091217067182,-0.7865388808167623,-0.5266707042397494
NSF,S11,N03.1,Infrastructure reliability and disturbance resistance,0.04233541335166028,-0.7761510093457018,-0.9118120320987417,-0.6387831188974775
NSF,S11,N03.2,Infrastructure interdependence and cascading-risk control,0.011142434197806743,-0.20427842471642263,-0.2673030354568204,-0.14542662603167789
NSF,S11,N03.3,Infrastructure service continuity and rapid recovery,0.00905475533337564,-0.16600422518615296,-0.22803258547004526,-0.10770783837988332
NSF,S11,N04.1,Outdoor air-pollution control,0.09206981157266457,-1.6879503830234768,-2.003875891657112,-1.3910866176150956
NSF,S11,N04.2,Indoor air-quality improvement,0.0028271031276150696,-0.05183034184161978,-0.0948942208506174,-0.019831344946580162
NSF,S11,N04.3,Reduction of air-pollution exposure,0.006179865043216375,-0.11329778337275882,-0.1639141770902802,-0.07013512840961672
NSF,S11,N05.1,Water pollution control and water quality improvement,0.006219079699502647,-0.11401672037249741,-0.15909392319968318,-0.07278033026193352
NSF,S11,N05.2,Water availability and supply security,0.005115962298482262,-0.09379285537519955,-0.12637677052180737,-0.06553808731366728
NSF,S11,N06.1,Ecosystem integrity and functional restoration,0.0038941065661020464,-0.07139211602055368,-0.10854529762335492,-0.03959194341087289
NSF,S11,N06.2,Habitat protection and ecological connectivity,0.00025535125023619983,-0.00468145023085598,-0.012130162789552932,0.0
NSF,S11,N06.3,Species and biodiversity protection,0.0003191890627952498,-0.0058518127885699755,-0.012231717445183794,-0.001049303819115917
NSF,S11,N06.4,Enhancement of urban ecosystem services,0.003128052815393448,-0.057347765327985765,-0.11412398706623898,-0.013165329581499904
NSF,S11,N07.1,Housing affordability and housing security,0.019130915667696095,-0.3507342512957301,-0.47898219807996484,-0.23310295055455058
NSF,S11,N07.2,Community renewal and residential-environment improvement,0.005822008505385356,-0.10673706526351635,-0.19233144461934634,-0.043739124545181945
NSF,S11,N08.1,Transport-service accessibility and travel equity,0.10113696968105167,-1.8541819929351282,-2.1862150110368535,-1.5357531008929937
NSF,S11,N08.2,Road-traffic safety and injury reduction,0.0339872514064382,-0.623101025726931,-0.7819683569341411,-0.4686518179123735
NSF,S11,N08.3,"Improvement of walking, cycling and active travel",0.002987609627763538,-0.054772967701014974,-0.09642582542967632,-0.02100388233135925
NSF,S11,N09.1,Accessibility of municipal basic services,0.0010954568635132974,-0.020083421490372157,-0.03863535991071732,-0.00505795703857717
NSF,S11,N09.2,Accessibility of public service facilities,0.00038302687535429975,-0.0070221753462839705,-0.019591186129463645,0.0
NSF,S11,N10.1,Food affordability and equitable access,0.0009767185321534644,-0.017906547133024125,-0.03210806080441698,-0.005665053655666941
NSF,S11,N10.2,Urban food-supply resilience,0.003151034427914706,-0.057769095848762796,-0.09407815554388278,-0.028300073835136972
NSF,S11,N10.3,Nutrition security and healthy diets,0.0006894483756377395,-0.012639915623311146,-0.02670544641357756,-0.002795257901833721
NSF,S11,N11.1,Clean-energy access and energy affordability,0.001742772282862064,-0.031950897825592066,-0.07150838748497049,-0.006944646064758333
NSF,S11,N11.2,Energy-supply reliability and resilience,0.001962374358065196,-0.03597694502412821,-0.05941161492434086,-0.01844666087404537
NSF,S11,N11.3,Renewable-energy substitution and energy-system transition,0.001981525701832911,-0.03632805379144241,-0.06242287283854005,-0.014749262112061616
NSF,S11,N12.1,Decarbonization of building operations and the built environment,0.005464516755054677,-0.10018303494031798,-0.1493154666977299,-0.056300378683123625
NSF,S11,N12.2,Decarbonization of transport systems and travel,0.014381382413302776,-0.2636592770018088,-0.3602912157410989,-0.17670425687100721
NSF,S11,N12.3,Decarbonization of industrial production and energy use,0.0008477661507841835,-0.015542414766441857,-0.03291724254139049,-0.002752169226675444
NSF,S11,N13.1,Source reduction and prevention of consumption waste,0.0017619236266297788,-0.03230200659290626,-0.06434000007780996,-0.007043262914471512
NSF,S11,N13.2,"Safe waste collection, transport and disposal",0.003554489403287902,-0.06516578721351525,-0.11011166169876677,-0.028525695101426485
NSF,S11,N13.3,"Recycling, reuse and resource circularity",0.005972665743024714,-0.10949912089972137,-0.1664591025981937,-0.06270765797485191
NSF,S11,N14.1,Reduction of harmful environmental exposure,0.011991294711091942,-0.2198409028409968,-0.3116442425528425,-0.14639650805976256
NSF,S11,N14.2,Reduction of cumulative and compound exposure risks,0.000682152625630991,-0.012506159902429549,-0.023367384689145513,-0.0036300435582129927
NSF,S11,N14.3,Reduction of environmental health risks for susceptible populations,0.0008123817632514529,-0.014893699520166096,-0.02810794633640053,-0.0043867460605224425
NSF,S11,N15.1,Disease prevention and public-health protection,0.003048893927820227,-0.05589651575642042,-0.09056303374277817,-0.028946280522756888
NSF,S11,N15.2,Access to medical and health services,0.00022981612521257987,-0.004213305207770383,-0.01675913510991567,0.0
NSF,S11,N15.3,Promotion of mental health and social well-being,0.002272626127102179,-0.04166490705461823,-0.07406158206933548,-0.01685661848628796
NSF,S11,N16.1,Reduction of socioeconomic and spatial inequalities,0.017371545553568683,-0.3184790592051325,-0.4095051069749435,-0.2383033864671841
NSF,S11,N16.2,Inclusion and opportunity protection for vulnerable groups,0.014715527763611859,-0.26978528901818605,-0.3493472263293314,-0.19756611360865617
NSF,S11,N16.3,"Equitable distribution of resources, risks and benefits",0.00809937686999192,-0.1484889135367076,-0.1950389584384454,-0.10477972848871372
NSF,S11,N17.1,Planning and governance capacity enhancement,0.03709451133431241,-0.6800675872504041,-0.8571866123917522,-0.5134687552966223
NSF,S11,N17.2,Policy implementation and regulatory capacity enhancement,0.005883292805442045,-0.1078606133189218,-0.17038027177205312,-0.0562363325759588
NSF,S11,N18.1,Public participation and joint decision-making,0.007657619207083297,-0.1403900046373268,-0.18848072815927605,-0.09774736515663049
NSF,S11,N18.2,Cross-sectoral and cross-organizational coordination,0.006346390537120409,-0.1163507577018813,-0.17378677228674658,-0.06978735553791135
NSF,S11,N18.3,Community and organizational action-capacity building,0.0017602820828782604,-0.032271911555707904,-0.054192877707098706,-0.013438150731765143
NSF,S11,N19.1,Urban-rural functional linkages and factor flows,0.006797085493787303,-0.12461351735934213,-0.20219181133733657,-0.05905625218009372
NSF,S11,N19.2,Cross-regional coordination and collaborative governance,0.0004813371066952367,-0.008824533685163524,-0.017898934936821875,-0.0018658977802261496
NSF,S12,N01.1,Urban heat-risk adaptation,0.0,0.0,0.0,0.0
NSF,S12,N01.2,"Adaptation to flood, storm and coastal climate risks",0.0,0.0,0.0,0.0
NSF,S12,N01.3,Adaptation to drought and compound climate risks,0.0,0.0,0.0,0.0
NSF,S12,N01.4,Climate-adaptation capacity and resilience planning,0.0020827976343533033,0.013269992567431887,0.0,0.03181160123937408
NSF,S12,N02.1,Disaster prevention and risk reduction,0.002892774492157366,0.01843054523254429,0.0,0.049933345148751584
NSF,S12,N02.2,Emergency preparedness and response,0.0,0.0,0.0,0.0
NSF,S12,N02.3,Post-disaster recovery and reconstruction,0.002839204594154452,0.018089238839349025,0.002716608988054191,0.038784024821853794
NSF,S12,N03.1,Infrastructure reliability and disturbance resistance,0.008618325190708834,0.05490937253725417,0.01665680927163899,0.10394084217940604
NSF,S12,N03.2,Infrastructure interdependence and cascading-risk control,0.0033213336761806797,0.02116099637810641,0.0,0.05371417765700096
NSF,S12,N03.3,Infrastructure service continuity and rapid recovery,0.0004285591840233134,0.0027304511455621167,0.0,0.009028080039454812
NSF,S12,N04.1,Outdoor air-pollution control,0.0045266563812462485,0.02884039022499986,0.007402002151431185,0.05889175157805705
NSF,S12,N04.2,Indoor air-quality improvement,0.0006428387760349702,0.004095676718343175,0.0,0.014583788075132414
NSF,S12,N04.3,Reduction of air-pollution exposure,0.0,0.0,0.0,0.0
NSF,S12,N05.1,Water pollution control and water quality improvement,0.09210808262621063,0.5868422124599378,0.4355031342134099,0.7699554573845584
NSF,S12,N05.2,Water availability and supply security,0.014672795062998194,0.09348382109618297,0.05104693532437164,0.14630434736732975
NSF,S12,N06.1,Ecosystem integrity and functional restoration,0.027577783491900223,0.17570453121692223,0.09319125823496296,0.27302838039544014
NSF,S12,N06.2,Habitat protection and ecological connectivity,0.0016070969400874254,0.010239191795857937,0.0,0.02678025070047088
NSF,S12,N06.3,Species and biodiversity protection,0.010606839804577009,0.0675786658526624,0.027290633787873143,0.11858817760896125
NSF,S12,N06.4,Enhancement of urban ecosystem services,0.005464129596297246,0.034813252105916986,0.006520559495711127,0.07093718270332372
NSF,S12,N07.1,Housing affordability and housing security,0.0,0.0,0.0,0.0
NSF,S12,N07.2,Community renewal and residential-environment improvement,0.0,0.0,0.0,0.0
NSF,S12,N08.1,Transport-service accessibility and travel equity,0.0,0.0,0.0,0.0
NSF,S12,N08.2,Road-traffic safety and injury reduction,0.0019285163281049106,0.012287030155029527,0.0,0.040102042807422474
NSF,S12,N08.3,"Improvement of walking, cycling and active travel",0.0,0.0,0.0,0.0
NSF,S12,N09.1,Accessibility of municipal basic services,0.0,0.0,0.0,0.0
NSF,S12,N09.2,Accessibility of public service facilities,0.0,0.0,0.0,0.0
NSF,S12,N10.1,Food affordability and equitable access,0.0003214193880174851,0.0020478383591715876,0.0,0.0067425511606434415
NSF,S12,N10.2,Urban food-supply resilience,0.01793413045341561,0.11426255431391069,0.05850243242069742,0.1800717764554368
NSF,S12,N10.3,Nutrition security and healthy diets,0.0003214193880174851,0.0020478383591715876,0.0,0.0067425511606434415
NSF,S12,N11.1,Clean-energy access and energy affordability,0.002892774492157366,0.01843054523254429,0.0028722881147056813,0.04149011830827754
NSF,S12,N11.2,Energy-supply reliability and resilience,0.005619482300505698,0.03580304064618326,0.014391381185883623,0.06324237957148646
NSF,S12,N11.3,Renewable-energy substitution and energy-system transition,0.016675237850347125,0.10624185407382196,0.06257886054418163,0.15812319721747176
NSF,S12,N12.1,Decarbonization of building operations and the built environment,0.010606839804577007,0.06757866585266238,0.027008491668334137,0.11863676703135292
NSF,S12,N12.2,Decarbonization of transport systems and travel,0.003535613268192336,0.022526221950887465,0.003500214610344089,0.05034199929858962
NSF,S12,N12.3,Decarbonization of industrial production and energy use,0.03878460615410986,0.24710582867337155,0.16007180535096396,0.35214694915770645
NSF,S12,N13.1,Source reduction and prevention of consumption waste,0.06830161995371557,0.4351656513239623,0.2833306500622054,0.6076435996952809
NSF,S12,N13.2,"Safe waste collection, transport and disposal",0.03610611125396416,0.23004050901360834,0.13846649771918268,0.3469456993830002
NSF,S12,N13.3,"Recycling, reuse and resource circularity",0.4961526099254306,3.1611047263680385,2.8056150983300596,3.537746461066429
NSF,S12,N14.1,Reduction of harmful environmental exposure,0.048078983457615465,0.3063224878927499,0.2016926548866133,0.4282307688923895
NSF,S12,N14.2,Reduction of cumulative and compound exposure risks,0.003535613268192336,0.022526221950887465,0.0,0.05731391622998457
NSF,S12,N14.3,Reduction of environmental health risks for susceptible populations,0.0016070969400874254,0.010239191795857937,0.0,0.02706475129276716
NSF,S12,N15.1,Disease prevention and public-health protection,0.0004285591840233134,0.0027304511455621167,0.0,0.00934642481661525
NSF,S12,N15.2,Access to medical and health services,0.0,0.0,0.0,0.0
NSF,S12,N15.3,Promotion of mental health and social well-being,0.0019285163281049106,0.012287030155029527,0.0,0.04049792726636149
NSF,S12,N16.1,Reduction of socioeconomic and spatial inequalities,0.0017142367360932537,0.010921804582248467,0.0,0.026917611259607118
NSF,S12,N16.2,Inclusion and opportunity protection for vulnerable groups,0.008560469700865684,0.05454076163260327,0.01593275863626109,0.10189350085528295
NSF,S12,N16.3,"Equitable distribution of resources, risks and benefits",0.012535356132681919,0.07986569600769192,0.02140204161917254,0.15862994338038275
NSF,S12,N17.1,Planning and governance capacity enhancement,0.026463529613439604,0.1686053582384607,0.08259806773400585,0.27243290606062376
NSF,S12,N17.2,Policy implementation and regulatory capacity enhancement,0.012535356132681919,0.07986569600769192,0.019385053356741535,0.15890488174590048
NSF,S12,N18.1,Public participation and joint decision-making,0.003535613268192336,0.022526221950887465,0.002135323733833908,0.056209981976856734
NSF,S12,N18.2,Cross-sectoral and cross-organizational coordination,0.0016070969400874254,0.010239191795857937,0.0,0.02652079597980502
NSF,S12,N18.3,Community and organizational action-capacity building,0.0006428387760349702,0.004095676718343175,0.0,0.013929733488819184
NSF,S12,N19.1,Urban-rural functional linkages and factor flows,0.0,0.0,0.0,0.0
NSF,S12,N19.2,Cross-regional coordination and collaborative governance,0.00025713551041398806,0.00163827068733727,0.0,0.005521622270362334
NSF,S13,N01.1,Urban heat-risk adaptation,0.029546911972043406,-0.2827385052273886,-0.38078377037684036,-0.1989804444951123
NSF,S13,N01.2,"Adaptation to flood, storm and coastal climate risks",0.1818656048882324,-1.7402972373907115,-2.0104601146480805,-1.4782404048119158
NSF,S13,N01.3,Adaptation to drought and compound climate risks,0.040491102317575724,-0.38746498297733484,-0.4971531219196668,-0.2853298537255373
NSF,S13,N01.4,Climate-adaptation capacity and resilience planning,0.24351083265743262,-2.3301889854812377,-2.674555037956719,-2.0054769317060988
NSF,S13,N02.1,Disaster prevention and risk reduction,0.07061318151450899,-0.6757073432801713,-0.8048202414851557,-0.5664850408770113
NSF,S13,N02.2,Emergency preparedness and response,0.03573577834332476,-0.34196062727262266,-0.41171810734785125,-0.2788322824714731
NSF,S13,N02.3,Post-disaster recovery and reconstruction,0.01617767211632491,-0.1548063918339882,-0.2033397672275031,-0.1107240364821032
NSF,S13,N03.1,Infrastructure reliability and disturbance resistance,0.02477140407834339,-0.23704100679357987,-0.29767683571105585,-0.18224465608522317
NSF,S13,N03.2,Infrastructure interdependence and cascading-risk control,0.005571432082600639,-0.053313807564759855,-0.07581700783228432,-0.03518820291039028
NSF,S13,N03.3,Infrastructure service continuity and rapid recovery,0.005049331435598027,-0.04831775394496217,-0.06675873336246314,-0.031268338848257464
NSF,S13,N04.1,Outdoor air-pollution control,0.010521333509104733,-0.10068010194018853,-0.15495430584371075,-0.05668197975561282
NSF,S13,N04.2,Indoor air-quality improvement,0.00014895881512200096,-0.0014254075948067608,-0.003993939847139443,0.0
NSF,S13,N04.3,Reduction of air-pollution exposure,0.0005399757048172534,-0.005167102531174508,-0.011020642095351807,-0.0007662461415400377
NSF,S13,N05.1,Water pollution control and water quality improvement,0.019394437728884523,-0.18558806884384024,-0.2548872772039119,-0.12466365828214111
NSF,S13,N05.2,Water availability and supply security,0.03325859324784588,-0.31825609897098617,-0.41021945213861943,-0.23976047831021396
NSF,S13,N06.1,Ecosystem integrity and functional restoration,0.11140201526380981,-1.0660213596876262,-1.2748229923973384,-0.8837889443459248
NSF,S13,N06.2,Habitat protection and ecological connectivity,0.00313856223462056,-0.03003333802257845,-0.062035723093844745,-0.006712668758926926
NSF,S13,N06.3,Species and biodiversity protection,0.030866873272543234,-0.29536939827687,-0.3842741693867273,-0.21649767194352804
NSF,S13,N06.4,Enhancement of urban ecosystem services,0.009579913797533689,-0.09167152594100983,-0.13865560154837875,-0.049167564504059645
NSF,S13,N07.1,Housing affordability and housing security,0.0011912981239382027,-0.01139969723946707,-0.024193469872274782,-0.0025133083899460187
NSF,S13,N07.2,Community renewal and residential-environment improvement,0.0,-0.0,-0.0,0.0
NSF,S13,N08.1,Transport-service accessibility and travel equity,0.0028257487228643585,-0.027039982073484257,-0.052688013208961694,-0.008744431996942727
NSF,S13,N08.2,Road-traffic safety and injury reduction,0.0003388813044025522,-0.003242802278185381,-0.009107013010882976,0.0
NSF,S13,N08.3,"Improvement of walking, cycling and active travel",0.0,-0.0,-0.0,0.0
NSF,S13,N09.1,Accessibility of municipal basic services,0.0,-0.0,-0.0,0.0
NSF,S13,N09.2,Accessibility of public service facilities,0.0,-0.0,-0.0,0.0
NSF,S13,N10.1,Food affordability and equitable access,0.0015080218045913573,-0.014430470137924947,-0.023817559212140488,-0.005974709553672303
NSF,S13,N10.2,Urban food-supply resilience,0.010192246246796452,-0.09753102021136169,-0.1315912961818055,-0.06608570658948539
NSF,S13,N10.3,Nutrition security and healthy diets,0.0006060761790276414,-0.0057996271513700084,-0.01603003384789964,0.0
NSF,S13,N11.1,Clean-energy access and energy affordability,0.0006764592191727869,-0.006473132239916204,-0.011696012593852625,-0.001961298816708247
NSF,S13,N11.2,Energy-supply reliability and resilience,0.0049059585760431,-0.04694579913496065,-0.07419549439703706,-0.024901247379183464
NSF,S13,N11.3,Renewable-energy substitution and energy-system transition,0.005978126887587483,-0.05720552665048102,-0.09607735079317366,-0.02910535549463497
NSF,S13,N12.1,Decarbonization of building operations and the built environment,0.005390819519265215,-0.051585500856056676,-0.08615738456944394,-0.021611784761805506
NSF,S13,N12.2,Decarbonization of transport systems and travel,0.0048486094322211315,-0.04639701721096007,-0.07992339903707366,-0.01859293238514702
NSF,S13,N12.3,Decarbonization of industrial production and energy use,0.025885318097825714,-0.24770020478754484,-0.3466264307336757,-0.16056484388560763
NSF,S13,N13.1,Source reduction and prevention of consumption waste,0.0,-0.0,-0.0,0.0
NSF,S13,N13.2,"Safe waste collection, transport and disposal",0.0008211354683600303,-0.00785755936637227,-0.020235385281832635,0.0
NSF,S13,N13.3,"Recycling, reuse and resource circularity",0.0008847408824171248,-0.008466208409354756,-0.015264492467547804,-0.0029643188224410854
NSF,S13,N14.1,Reduction of harmful environmental exposure,0.007880293716991655,-0.07540762528426466,-0.11487614606034222,-0.045282589503358964
NSF,S13,N14.2,Reduction of cumulative and compound exposure risks,0.000618179082756304,-0.0059154415184480575,-0.012362902203118979,-0.0013703290803174473
NSF,S13,N14.3,Reduction of environmental health risks for susceptible populations,0.0007693722801051352,-0.007362230227176922,-0.015840892028039354,-0.0014485170444549864
NSF,S13,N15.1,Disease prevention and public-health protection,0.0022783250772910046,-0.021801609162569405,-0.0375315392010117,-0.00943055693333522
NSF,S13,N15.2,Access to medical and health services,0.0,-0.0,-0.0,0.0
NSF,S13,N15.3,Promotion of mental health and social well-being,0.0007429320904209799,-0.007109220379098721,-0.013500690641172555,-0.001995896104205308
NSF,S13,N16.1,Reduction of socioeconomic and spatial inequalities,0.004002448882920606,-0.03829998936866027,-0.05630835237465487,-0.022761923574963556
NSF,S13,N16.2,Inclusion and opportunity protection for vulnerable groups,0.005997938409998712,-0.057395105860590344,-0.08108397956226195,-0.03677502033847651
NSF,S13,N16.3,"Equitable distribution of resources, risks and benefits",0.0037133570624725814,-0.035533629579039036,-0.05311027897373028,-0.02097255977581081
NSF,S13,N17.1,Planning and governance capacity enhancement,0.010376284862879682,-0.09929211129474542,-0.14055990104711957,-0.06297669217993698
NSF,S13,N17.2,Policy implementation and regulatory capacity enhancement,0.004950273823541898,-0.04736985789441569,-0.08081565358985376,-0.020212256926092968
NSF,S13,N18.1,Public participation and joint decision-making,0.009138064712178047,-0.08744341066291421,-0.1260140324847618,-0.05405425320277662
NSF,S13,N18.2,Cross-sectoral and cross-organizational coordination,0.006467419355559479,-0.06188763424752256,-0.09394159716658196,-0.03655341063561006
NSF,S13,N18.3,Community and organizational action-capacity building,0.00391798923474643,-0.03749178326240482,-0.05874902506973019,-0.01968018785073384
NSF,S13,N19.1,Urban-rural functional linkages and factor flows,0.0006256270235124042,-0.0059867118981883965,-0.012646166341837056,-0.0010836887155002937
NSF,S13,N19.2,Cross-regional coordination and collaborative governance,0.0002841389398452168,-0.002718964987093896,-0.006265584104420153,0.0
NSF,S15,N01.1,Urban heat-risk adaptation,0.00018899304505594195,0.0013198076207429374,0.0,0.004286543165298123
NSF,S15,N01.2,"Adaptation to flood, storm and coastal climate risks",0.009365655343883346,0.06540379987237223,0.032056161562705195,0.10474010843525096
NSF,S15,N01.3,Adaptation to drought and compound climate risks,0.008441689345832074,0.0589514070598512,0.01663217515145645,0.11634133757958015
NSF,S15,N01.4,Climate-adaptation capacity and resilience planning,0.014447468333165342,0.10089196034123789,0.05740134701883138,0.14862135068747226
NSF,S15,N02.1,Disaster prevention and risk reduction,0.0049558176259113665,0.03460828872170369,0.012258301403147128,0.06307617390856206
NSF,S15,N02.2,Emergency preparedness and response,0.0,0.0,0.0,0.0
NSF,S15,N02.3,Post-disaster recovery and reconstruction,0.0,0.0,0.0,0.0
NSF,S15,N03.1,Infrastructure reliability and disturbance resistance,0.0018899304505594196,0.013198076207429374,0.0,0.03920932342769907
NSF,S15,N03.2,Infrastructure interdependence and cascading-risk control,0.0003359876356550079,0.002346324659098555,0.0,0.007711002239145147
NSF,S15,N03.3,Infrastructure service continuity and rapid recovery,0.0,0.0,0.0,0.0
NSF,S15,N04.1,Outdoor air-pollution control,0.003611867083291335,0.02522299008530947,0.0,0.07582961105468206
NSF,S15,N04.2,Indoor air-quality improvement,0.0,0.0,0.0,0.0
NSF,S15,N04.3,Reduction of air-pollution exposure,0.0,0.0,0.0,0.0
NSF,S15,N05.1,Water pollution control and water quality improvement,0.013166515472230623,0.09194659757842463,0.04769890288434282,0.1436020637891285
NSF,S15,N05.2,Water availability and supply security,0.013313510062829688,0.09297311461678025,0.04878481498769805,0.1492037892984269
NSF,S15,N06.1,Ecosystem integrity and functional restoration,0.5051490105164131,3.5276404668382013,3.1041325778880022,3.9426721883285594
NSF,S15,N06.2,Habitat protection and ecological connectivity,0.010365218559956995,0.07238411573319044,0.03171336507355262,0.12014671411004348
NSF,S15,N06.3,Species and biodiversity protection,0.3108389611262305,2.170702258365028,1.8625518978989457,2.4961676895965748
NSF,S15,N06.4,Enhancement of urban ecosystem services,0.04061250545979908,0.28361199316853786,0.1813040807571467,0.413762498066488
NSF,S15,N07.1,Housing affordability and housing security,0.00015119443604475356,0.0010558460965943497,0.0,0.003770565573623456
NSF,S15,N07.2,Community renewal and residential-environment improvement,0.0,0.0,0.0,0.0
NSF,S15,N08.1,Transport-service accessibility and travel equity,0.0,0.0,0.0,0.0
NSF,S15,N08.2,Road-traffic safety and injury reduction,0.0,0.0,0.0,0.0
NSF,S15,N08.3,"Improvement of walking, cycling and active travel",0.0,0.0,0.0,0.0
NSF,S15,N09.1,Accessibility of municipal basic services,0.0,0.0,0.0,0.0
NSF,S15,N09.2,Accessibility of public service facilities,0.0,0.0,0.0,0.0
NSF,S15,N10.1,Food affordability and equitable access,0.0008819675435943956,0.006159102230133707,0.0,0.016100270311589667
NSF,S15,N10.2,Urban food-supply resilience,0.009365655343883346,0.06540379987237223,0.02634117220956893,0.11348670208983076
NSF,S15,N10.3,Nutrition security and healthy diets,0.0012599536337062796,0.008798717471619581,0.0,0.02061017931916099
NSF,S15,N11.1,Clean-energy access and energy affordability,0.00025199072674125594,0.0017597434943239165,0.0,0.005930841455143549
NSF,S15,N11.2,Energy-supply reliability and resilience,0.0,0.0,0.0,0.0
NSF,S15,N11.3,Renewable-energy substitution and energy-system transition,0.0,0.0,0.0,0.0
NSF,S15,N12.1,Decarbonization of building operations and the built environment,0.00015119443604475356,0.0010558460965943497,0.0,0.003770565573623456
NSF,S15,N12.2,Decarbonization of transport systems and travel,0.0,0.0,0.0,0.0
NSF,S15,N12.3,Decarbonization of industrial production and energy use,0.00025199072674125594,0.0017597434943239165,0.0,0.006010255660108908
NSF,S15,N13.1,Source reduction and prevention of consumption waste,0.0,0.0,0.0,0.0
NSF,S15,N13.2,"Safe waste collection, transport and disposal",0.0003359876356550079,0.002346324659098555,0.0,0.00809827416512323
NSF,S15,N13.3,"Recycling, reuse and resource circularity",0.0023519134495850556,0.016424272613689887,0.0022490341301687105,0.0348448406800519
NSF,S15,N14.1,Reduction of harmful environmental exposure,0.0060477774417901425,0.042233843863774,0.0,0.10231955384486761
NSF,S15,N14.2,Reduction of cumulative and compound exposure risks,0.0,0.0,0.0,0.0
NSF,S15,N14.3,Reduction of environmental health risks for susceptible populations,0.0,0.0,0.0,0.0
NSF,S15,N15.1,Disease prevention and public-health protection,0.00025199072674125594,0.0017597434943239165,0.0,0.005930841455143549
NSF,S15,N15.2,Access to medical and health services,0.0,0.0,0.0,0.0
NSF,S15,N15.3,Promotion of mental health and social well-being,0.0005039814534825119,0.003519486988647833,0.0,0.011820199258422523
NSF,S15,N16.1,Reduction of socioeconomic and spatial inequalities,0.0014111480697510332,0.009854563568213931,0.0,0.02528229479442576
NSF,S15,N16.2,Inclusion and opportunity protection for vulnerable groups,0.004422437254309041,0.030883498325384732,0.0074572161621144,0.06423717403849179
NSF,S15,N16.3,"Equitable distribution of resources, risks and benefits",0.003779860901118839,0.026396152414858747,0.006990763564510066,0.05048502507790556
NSF,S15,N17.1,Planning and governance capacity enhancement,0.016463394147095387,0.1149699082958292,0.04620815205129959,0.1972210129846318
NSF,S15,N17.2,Policy implementation and regulatory capacity enhancement,0.0010079629069650238,0.007038973977295666,0.0,0.023780565541026432
NSF,S15,N18.1,Public participation and joint decision-making,0.00510701206195612,0.03566413481829804,0.015121564763117244,0.06119362505557971
NSF,S15,N18.2,Cross-sectoral and cross-organizational coordination,0.003889056882706717,0.02715870792906578,0.009406842237408234,0.0491847618284416
NSF,S15,N18.3,Community and organizational action-capacity building,0.0014489466787622216,0.010118525092362518,0.0012224576250721697,0.023281854496087415
NSF,S15,N19.1,Urban-rural functional linkages and factor flows,0.0030238887208950713,0.021116921931887,0.0,0.05752334277774873
NSF,S15,N19.2,Cross-regional coordination and collaborative governance,0.0009575647616167725,0.006687025278430883,0.0,0.018735437077142987
NSF,S16,N01.1,Urban heat-risk adaptation,0.0009153318077803202,0.006725979623921156,0.0,0.022449949448013484
NSF,S16,N01.2,"Adaptation to flood, storm and coastal climate risks",0.017887109077040424,0.13143685181745926,0.03614393703245111,0.26506873635795986
NSF,S16,N01.3,Adaptation to drought and compound climate risks,0.0011441647597254002,0.008407474529901445,0.0,0.028612567314715585
NSF,S16,N01.4,Climate-adaptation capacity and resilience planning,0.018745232646834475,0.13774245771488536,0.05726311796051626,0.24039723731863266
NSF,S16,N02.1,Disaster prevention and risk reduction,0.0122044241037376,0.08967972831894873,0.023833286549298206,0.17772830892308777
NSF,S16,N02.2,Emergency preparedness and response,0.015865751334858885,0.11658364681463337,0.020799968062258655,0.2529080563701832
NSF,S16,N02.3,Post-disaster recovery and reconstruction,0.009382151029748282,0.06894129114519185,0.010638090553531753,0.15065198121645912
NSF,S16,N03.1,Infrastructure reliability and disturbance resistance,0.0,0.0,0.0,0.0
NSF,S16,N03.2,Infrastructure interdependence and cascading-risk control,0.0,0.0,0.0,0.0
NSF,S16,N03.3,Infrastructure service continuity and rapid recovery,0.0,0.0,0.0,0.0
NSF,S16,N04.1,Outdoor air-pollution control,0.004958047292143402,0.03643238962957293,0.0,0.1003185962897273
NSF,S16,N04.2,Indoor air-quality improvement,0.0,0.0,0.0,0.0
NSF,S16,N04.3,Reduction of air-pollution exposure,0.004118993135011441,0.0302669083076452,0.0,0.09029921763370649
NSF,S16,N05.1,Water pollution control and water quality improvement,0.016933638443935927,0.1244306230425414,0.04133445416305112,0.2334278097670552
NSF,S16,N05.2,Water availability and supply security,0.018077803203661324,0.13283809757244283,0.03882604273338661,0.25341348674264846
NSF,S16,N06.1,Ecosystem integrity and functional restoration,0.020976353928299003,0.15413703304819315,0.02911923481744756,0.3209893467963448
NSF,S16,N06.2,Habitat protection and ecological connectivity,0.0,0.0,0.0,0.0
NSF,S16,N06.3,Species and biodiversity protection,0.020976353928299007,0.15413703304819318,0.05747361400729966,0.2785787538130243
NSF,S16,N06.4,Enhancement of urban ecosystem services,0.0034324942791762007,0.025222423589704335,0.0,0.08493785339256572
NSF,S16,N07.1,Housing affordability and housing security,0.0,0.0,0.0,0.0
NSF,S16,N07.2,Community renewal and residential-environment improvement,0.0,0.0,0.0,0.0
NSF,S16,N08.1,Transport-service accessibility and travel equity,0.0,0.0,0.0,0.0
NSF,S16,N08.2,Road-traffic safety and injury reduction,0.0,0.0,0.0,0.0
NSF,S16,N08.3,"Improvement of walking, cycling and active travel",0.0,0.0,0.0,0.0
NSF,S16,N09.1,Accessibility of municipal basic services,0.0,0.0,0.0,0.0
NSF,S16,N09.2,Accessibility of public service facilities,0.0,0.0,0.0,0.0
NSF,S16,N10.1,Food affordability and equitable access,0.0008581235697940502,0.006305605897426084,0.0,0.021713751494924407
NSF,S16,N10.2,Urban food-supply resilience,0.007246376811594202,0.05324733868937582,0.0,0.12472194137785268
NSF,S16,N10.3,Nutrition security and healthy diets,0.0,0.0,0.0,0.0
NSF,S16,N11.1,Clean-energy access and energy affordability,0.005720823798627001,0.04203737264950722,0.0,0.11470774612083709
NSF,S16,N11.2,Energy-supply reliability and resilience,0.0062929061784897005,0.04624110991445794,0.0,0.10774518384066714
NSF,S16,N11.3,Renewable-energy substitution and energy-system transition,0.014016018306636156,0.10299156299129271,0.02454056799205306,0.19806637935767057
NSF,S16,N12.1,Decarbonization of building operations and the built environment,0.0,0.0,0.0,0.0
NSF,S16,N12.2,Decarbonization of transport systems and travel,0.0,0.0,0.0,0.0
NSF,S16,N12.3,Decarbonization of industrial production and energy use,0.0,0.0,0.0,0.0
NSF,S16,N13.1,Source reduction and prevention of consumption waste,0.0,0.0,0.0,0.0
NSF,S16,N13.2,"Safe waste collection, transport and disposal",0.0,0.0,0.0,0.0
NSF,S16,N13.3,"Recycling, reuse and resource circularity",0.0,0.0,0.0,0.0
NSF,S16,N14.1,Reduction of harmful environmental exposure,0.011327231121281462,0.0832339978460243,0.015483133261369329,0.17207819945347672
NSF,S16,N14.2,Reduction of cumulative and compound exposure risks,0.002288329519450801,0.01681494905980289,0.0,0.044805336560476056
NSF,S16,N14.3,Reduction of environmental health risks for susceptible populations,0.002974828375286041,0.02185943377774376,0.0,0.051134902958071396
NSF,S16,N15.1,Disease prevention and public-health protection,0.0068649885583524015,0.05044484717940867,0.0,0.1655620864469743
NSF,S16,N15.2,Access to medical and health services,0.0,0.0,0.0,0.0
NSF,S16,N15.3,Promotion of mental health and social well-being,0.015446224256292905,0.11350090615366952,0.0,0.3392526430247744
NSF,S16,N16.1,Reduction of socioeconomic and spatial inequalities,0.024027459954233405,0.17655696512793034,0.06321586198642291,0.32835024236425076
NSF,S16,N16.2,Inclusion and opportunity protection for vulnerable groups,0.07429443173150266,0.5459253461416005,0.30163130901705293,0.8555372434235925
NSF,S16,N16.3,"Equitable distribution of resources, risks and benefits",0.04471777269260106,0.32859212954364814,0.14732991675332666,0.577309396611165
NSF,S16,N17.1,Planning and governance capacity enhancement,0.2168764302059496,1.5936367971428187,1.0822561463933598,2.1665950889533305
NSF,S16,N17.2,Policy implementation and regulatory capacity enhancement,0.07494279176201371,0.5506895817085445,0.2915462030776203,0.8725569767368904
NSF,S16,N18.1,Public participation and joint decision-making,0.21988939740655983,1.6157764800715593,1.136936221924841,2.1236215418671107
NSF,S16,N18.2,Cross-sectoral and cross-organizational coordination,0.10282227307398933,0.7555517110871434,0.45279578392416137,1.1040769816061315
NSF,S16,N18.3,Community and organizational action-capacity building,0.0037757437070938204,0.027744665948674765,0.0,0.0669004127303534
NSF,S16,N19.1,Urban-rural functional linkages and factor flows,0.0,0.0,0.0,0.0
NSF,S16,N19.2,Cross-regional coordination and collaborative governance,0.0,0.0,0.0,0.0
NSF,S17,N01.1,Urban heat-risk adaptation,0.0017413512885999533,0.017505967306901002,0.0,0.05905520932144894
NSF,S17,N01.2,"Adaptation to flood, storm and coastal climate risks",0.01932512963392926,0.19427733495703023,0.059335714072868584,0.39206152279059864
NSF,S17,N01.3,Adaptation to drought and compound climate risks,0.01044810773159972,0.10503580384140601,0.0,0.284011051211556
NSF,S17,N01.4,Climate-adaptation capacity and resilience planning,0.04128550421793978,0.41504703377183727,0.24357374593002212,0.6334039891590495
NSF,S17,N02.1,Disaster prevention and risk reduction,0.013930810308799627,0.14004773845520802,0.0,0.3685164082672629
NSF,S17,N02.2,Emergency preparedness and response,0.009867657302066402,0.09920048140577234,0.012960592173329495,0.2288277465101354
NSF,S17,N02.3,Post-disaster recovery and reconstruction,0.002321801718133271,0.023341289742534667,0.0,0.08106078781230086
NSF,S17,N03.1,Infrastructure reliability and disturbance resistance,0.03018342233573252,0.30343676665295066,0.10530068996097722,0.5453059972130632
NSF,S17,N03.2,Infrastructure interdependence and cascading-risk control,0.016833062456466215,0.16922435063337635,0.03137002013831114,0.3510719051485424
NSF,S17,N03.3,Infrastructure service continuity and rapid recovery,0.002321801718133271,0.023341289742534667,0.0,0.07721335212135728
NSF,S17,N04.1,Outdoor air-pollution control,0.004353378221499883,0.043764918267252505,0.0,0.12402514112227836
NSF,S17,N04.2,Indoor air-quality improvement,0.0,0.0,0.0,0.0
NSF,S17,N04.3,Reduction of air-pollution exposure,0.0,0.0,0.0,0.0
NSF,S17,N05.1,Water pollution control and water quality improvement,0.015768903335655133,0.1585262595013813,0.04390574528603979,0.31382268898989424
NSF,S17,N05.2,Water availability and supply security,0.049144803033820905,0.4940572995503172,0.2674616368755086,0.7928044458125486
NSF,S17,N06.1,Ecosystem integrity and functional restoration,0.03695534401362123,0.37151552840201013,0.14417540263327358,0.673000285533121
NSF,S17,N06.2,Habitat protection and ecological connectivity,0.0058045042953331774,0.05835322435633667,0.0,0.14938142406646482
NSF,S17,N06.3,Species and biodiversity protection,0.038890178778732284,0.39096660318745563,0.09645018663815809,0.8011994772479694
NSF,S17,N06.4,Enhancement of urban ecosystem services,0.0034827025771999066,0.035011934613802004,0.0,0.11839119924313088
NSF,S17,N07.1,Housing affordability and housing security,0.0,0.0,0.0,0.0
NSF,S17,N07.2,Community renewal and residential-environment improvement,0.0,0.0,0.0,0.0
NSF,S17,N08.1,Transport-service accessibility and travel equity,0.002321801718133271,0.023341289742534667,0.0,0.07754563988174526
NSF,S17,N08.2,Road-traffic safety and injury reduction,0.0,0.0,0.0,0.0
NSF,S17,N08.3,"Improvement of walking, cycling and active travel",0.0,0.0,0.0,0.0
NSF,S17,N09.1,Accessibility of municipal basic services,0.0,0.0,0.0,0.0
NSF,S17,N09.2,Accessibility of public service facilities,0.0,0.0,0.0,0.0
NSF,S17,N10.1,Food affordability and equitable access,0.006384954724866494,0.06418854679197032,0.011751290988654246,0.1333687769720063
NSF,S17,N10.2,Urban food-supply resilience,0.029989938859221417,0.3014916591744061,0.1415331469491054,0.5225968607730997
NSF,S17,N10.3,Nutrition security and healthy diets,0.0034827025771999066,0.035011934613802004,0.0,0.1137144370535288
NSF,S17,N11.1,Clean-energy access and energy affordability,0.0058045042953331774,0.05835322435633667,0.0,0.15434751275562023
NSF,S17,N11.2,Energy-supply reliability and resilience,0.020122281557155015,0.20229117776863378,0.07675393543930784,0.3673532304656191
NSF,S17,N11.3,Renewable-energy substitution and energy-system transition,0.02435570002321801,0.24485012939918863,0.06426090681881678,0.48085399118797006
NSF,S17,N12.1,Decarbonization of building operations and the built environment,0.0015478678120888472,0.015560859828356444,0.0,0.0536893100014518
NSF,S17,N12.2,Decarbonization of transport systems and travel,0.0,0.0,0.0,0.0
NSF,S17,N12.3,Decarbonization of industrial production and energy use,0.017800479839021742,0.1789498880260991,0.01470394097075744,0.40892938494555514
NSF,S17,N13.1,Source reduction and prevention of consumption waste,0.012189459020199673,0.12254177114830701,0.0,0.31931893452863874
NSF,S17,N13.2,"Safe waste collection, transport and disposal",0.0,0.0,0.0,0.0
NSF,S17,N13.3,"Recycling, reuse and resource circularity",0.02321801718133271,0.23341289742534668,0.010465601716877332,0.5891050393681344
NSF,S17,N14.1,Reduction of harmful environmental exposure,0.0047403451745220955,0.04765513322434162,0.0,0.11448932089120553
NSF,S17,N14.2,Reduction of cumulative and compound exposure risks,0.0,0.0,0.0,0.0
NSF,S17,N14.3,Reduction of environmental health risks for susceptible populations,0.0,0.0,0.0,0.0
NSF,S17,N15.1,Disease prevention and public-health protection,0.0,0.0,0.0,0.0
NSF,S17,N15.2,Access to medical and health services,0.0,0.0,0.0,0.0
NSF,S17,N15.3,Promotion of mental health and social well-being,0.016833062456466215,0.16922435063337635,0.0,0.5055793078601842
NSF,S17,N16.1,Reduction of socioeconomic and spatial inequalities,0.008683538425818435,0.08729642363707968,0.0,0.2565464368835368
NSF,S17,N16.2,Inclusion and opportunity protection for vulnerable groups,0.008600616935885102,0.08646280614627484,0.02880902591322838,0.1599914275090161
NSF,S17,N16.3,"Equitable distribution of resources, risks and benefits",0.009204285382599754,0.09253154147933387,0.012514639563169483,0.20695731510754364
NSF,S17,N17.1,Planning and governance capacity enhancement,0.132936968611452,1.3364277740085773,0.7458352133108695,2.0197549588517854
NSF,S17,N17.2,Policy implementation and regulatory capacity enhancement,0.01247968423496633,0.12545943236612384,0.017029470877831864,0.2751997158482663
NSF,S17,N18.1,Public participation and joint decision-making,0.03938770771833228,0.39596830813228456,0.20304424727160664,0.6179268502464202
NSF,S17,N18.2,Cross-sectoral and cross-organizational coordination,0.23587017811536032,2.3712249525942806,1.6782860229547385,3.081303758024141
NSF,S17,N18.3,Community and organizational action-capacity building,0.059703472751998395,0.6002045933794629,0.2818761134633193,0.9410326847738725
NSF,S17,N19.1,Urban-rural functional linkages and factor flows,0.019071942684666155,0.1917320228851062,0.055706928966857194,0.3985389388270398
NSF,S17,N19.2,Cross-regional coordination and collaborative governance,0.00261202693289993,0.026258950960351503,0.0,0.07117838405729761
NSFC,S02,N01.1,Urban heat-risk adaptation,0.000594059405940594,0.00031227835955955827,0.0,0.001314746706317674
NSFC,S02,N01.2,"Adaptation to flood, storm and coastal climate risks",0.006930693069306931,0.0036432475281948464,0.0,0.011321601565666023
NSFC,S02,N01.3,Adaptation to drought and compound climate risks,0.08745874587458745,0.0459743140462683,0.0075436580884577515,0.09139817106667919
NSFC,S02,N01.4,Climate-adaptation capacity and resilience planning,0.04125412541254124,0.021685997191635983,0.0034487163106649323,0.04760680412982425
NSFC,S02,N02.1,Disaster prevention and risk reduction,0.04079207920792078,0.02144311402308966,0.0035360791117376236,0.045429938289872455
NSFC,S02,N02.2,Emergency preparedness and response,0.006336633663366335,0.003330969168635287,0.0,0.009559214134719423
NSFC,S02,N02.3,Post-disaster recovery and reconstruction,0.0,0.0,0.0,0.0
NSFC,S02,N03.1,Infrastructure reliability and disturbance resistance,0.0,0.0,0.0,0.0
NSFC,S02,N03.2,Infrastructure interdependence and cascading-risk control,0.0,0.0,0.0,0.0
NSFC,S02,N03.3,Infrastructure service continuity and rapid recovery,0.0,0.0,0.0,0.0
NSFC,S02,N04.1,Outdoor air-pollution control,0.001188118811881188,0.0006245567191191165,0.0,0.0026284843490562413
NSFC,S02,N04.2,Indoor air-quality improvement,0.0,0.0,0.0,0.0
NSFC,S02,N04.3,Reduction of air-pollution exposure,0.0,0.0,0.0,0.0
NSFC,S02,N05.1,Water pollution control and water quality improvement,0.02244224422442244,0.011797182472249977,0.0014450034574714694,0.02710963267142429
NSFC,S02,N05.2,Water availability and supply security,0.058217821782178214,0.030603279236836707,0.004727892354056659,0.0633209221981796
NSFC,S02,N06.1,Ecosystem integrity and functional restoration,0.0854125412541254,0.044898688585563146,0.007485415776389764,0.08940238326559692
NSFC,S02,N06.2,Habitat protection and ecological connectivity,0.0,0.0,0.0,0.0
NSFC,S02,N06.3,Species and biodiversity protection,0.007788778877887788,0.0040943162697808745,0.00029560852497990665,0.011670378729008774
NSFC,S02,N06.4,Enhancement of urban ecosystem services,0.016237623762376235,0.008535608494627924,0.0008578923660595032,0.021407161887437437
NSFC,S02,N07.1,Housing affordability and housing security,0.0,0.0,0.0,0.0
NSFC,S02,N07.2,Community renewal and residential-environment improvement,0.001485148514851485,0.0007806958988988955,0.0,0.002819279436563871
NSFC,S02,N08.1,Transport-service accessibility and travel equity,0.0,0.0,0.0,0.0
NSFC,S02,N08.2,Road-traffic safety and injury reduction,0.0,0.0,0.0,0.0
NSFC,S02,N08.3,"Improvement of walking, cycling and active travel",0.0,0.0,0.0,0.0
NSFC,S02,N09.1,Accessibility of municipal basic services,0.0,0.0,0.0,0.0
NSFC,S02,N09.2,Accessibility of public service facilities,0.0,0.0,0.0,0.0
NSFC,S02,N10.1,Food affordability and equitable access,0.000594059405940594,0.00031227835955955827,0.0,0.001314746706317674
NSFC,S02,N10.2,Urban food-supply resilience,0.4986798679867987,0.26214033405249587,0.051523581222180315,0.4700581169821743
NSFC,S02,N10.3,Nutrition security and healthy diets,0.004158415841584158,0.0021859485169169073,0.0,0.006869136353764884
NSFC,S02,N11.1,Clean-energy access and energy affordability,0.0,0.0,0.0,0.0
NSFC,S02,N11.2,Energy-supply reliability and resilience,0.00039603960396039596,0.00020818557303970545,0.0,0.0008852881937965255
NSFC,S02,N11.3,Renewable-energy substitution and energy-system transition,0.001419141914191419,0.000745998303392278,0.0,0.002470837986164743
NSFC,S02,N12.1,Decarbonization of building operations and the built environment,0.001617161716171617,0.0008500910899121308,0.0,0.002637098723235932
NSFC,S02,N12.2,Decarbonization of transport systems and travel,0.0,0.0,0.0,0.0
NSFC,S02,N12.3,Decarbonization of industrial production and energy use,0.010297029702970298,0.0054128248990323435,0.0002721360834712428,0.01472131884871092
NSFC,S02,N13.1,Source reduction and prevention of consumption waste,0.0,0.0,0.0,0.0
NSFC,S02,N13.2,"Safe waste collection, transport and disposal",0.0,0.0,0.0,0.0
NSFC,S02,N13.3,"Recycling, reuse and resource circularity",0.01099009900990099,0.005777149651851827,0.0004822838897135428,0.015003676563838617
NSFC,S02,N14.1,Reduction of harmful environmental exposure,0.017029702970297027,0.008951979640707335,0.001166991282408088,0.021558838282102435
NSFC,S02,N14.2,Reduction of cumulative and compound exposure risks,0.002244224422442244,0.0011797182472249976,0.0,0.003520859176306146
NSFC,S02,N14.3,Reduction of environmental health risks for susceptible populations,0.001188118811881188,0.0006245567191191165,0.0,0.0025246312812016733
NSFC,S02,N15.1,Disease prevention and public-health protection,0.0,0.0,0.0,0.0
NSFC,S02,N15.2,Access to medical and health services,0.0,0.0,0.0,0.0
NSFC,S02,N15.3,Promotion of mental health and social well-being,0.0,0.0,0.0,0.0
NSFC,S02,N16.1,Reduction of socioeconomic and spatial inequalities,0.0,0.0,0.0,0.0
NSFC,S02,N16.2,Inclusion and opportunity protection for vulnerable groups,0.002376237623762376,0.001249113438238233,0.0,0.004990909870674483
NSFC,S02,N16.3,"Equitable distribution of resources, risks and benefits",0.010033003300330032,0.0052740345170058725,0.0,0.015791702247155114
NSFC,S02,N17.1,Planning and governance capacity enhancement,0.00594059405940594,0.003122783595595582,8.899964395662941e-05,0.00839605652340784
NSFC,S02,N17.2,Policy implementation and regulatory capacity enhancement,0.014785478547854784,0.007772261393482338,0.0006225972002893471,0.02083073863487336
NSFC,S02,N18.1,Public participation and joint decision-making,0.0,0.0,0.0,0.0
NSFC,S02,N18.2,Cross-sectoral and cross-organizational coordination,0.0,0.0,0.0,0.0
NSFC,S02,N18.3,Community and organizational action-capacity building,0.0,0.0,0.0,0.0
NSFC,S02,N19.1,Urban-rural functional linkages and factor flows,0.03326732673267326,0.01748758813533526,0.0027446375092341564,0.04006591007646088
NSFC,S02,N19.2,Cross-regional coordination and collaborative governance,0.008844884488448845,0.004649477797886756,0.0,0.014998421288050366
NSFC,S03,N01.1,Urban heat-risk adaptation,0.004834176503653738,0.007469335933525663,0.0020242897888574436,0.01512464199682051
NSFC,S03,N01.2,"Adaptation to flood, storm and coastal climate risks",0.0,0.0,0.0,0.0
NSFC,S03,N01.3,Adaptation to drought and compound climate risks,0.0,0.0,0.0,0.0
NSFC,S03,N01.4,Climate-adaptation capacity and resilience planning,0.0011242270938729626,0.0017370548682617824,0.0,0.004977669368005974
NSFC,S03,N02.1,Disaster prevention and risk reduction,0.0020236087689713324,0.003126698762871208,0.0,0.011212854384661648
NSFC,S03,N02.2,Emergency preparedness and response,0.005733558178752108,0.00885897982813509,0.001634674816677429,0.01950355681232699
NSFC,S03,N02.3,Post-disaster recovery and reconstruction,0.0,0.0,0.0,0.0
NSFC,S03,N03.1,Infrastructure reliability and disturbance resistance,0.0013490725126475548,0.0020844658419141384,0.0,0.005839051522478151
NSFC,S03,N03.2,Infrastructure interdependence and cascading-risk control,0.0,0.0,0.0,0.0
NSFC,S03,N03.3,Infrastructure service continuity and rapid recovery,0.0,0.0,0.0,0.0
NSFC,S03,N04.1,Outdoor air-pollution control,0.07417088251826869,0.11460219493357106,0.07075567813885088,0.165263838665355
NSFC,S03,N04.2,Indoor air-quality improvement,0.021922428330522766,0.03387256993110475,0.013044874314006475,0.05973292852912219
NSFC,S03,N04.3,Reduction of air-pollution exposure,0.012225969645868468,0.018890471692346884,0.009409522057335931,0.03121215593660355
NSFC,S03,N05.1,Water pollution control and water quality improvement,0.034569983136593596,0.0534144371990498,0.030939666923050037,0.0815242211579814
NSFC,S03,N05.2,Water availability and supply security,0.0064080944350758855,0.009901212749092158,0.003486973087076115,0.018637380296725955
NSFC,S03,N06.1,Ecosystem integrity and functional restoration,0.005171444631815627,0.007990452394004198,0.0020882488598645624,0.01591719867835433
NSFC,S03,N06.2,Habitat protection and ecological connectivity,0.0,0.0,0.0,0.0
NSFC,S03,N06.3,Species and biodiversity protection,0.0020236087689713324,0.003126698762871208,0.0,0.008691345145549473
NSFC,S03,N06.4,Enhancement of urban ecosystem services,0.003372681281618887,0.005211164604785346,0.0009206387922264635,0.01201148768138482
NSFC,S03,N07.1,Housing affordability and housing security,0.0003372681281618887,0.0005211164604785346,0.0,0.0017753030539430217
NSFC,S03,N07.2,Community renewal and residential-environment improvement,0.005059021922428331,0.00781674690717802,0.00228988373789757,0.01593743251877584
NSFC,S03,N08.1,Transport-service accessibility and travel equity,0.0007869589657110736,0.0012159384077832474,0.0,0.003511344561524854
NSFC,S03,N08.2,Road-traffic safety and injury reduction,0.19314221472737497,0.2984260263673742,0.19927110695108796,0.4126911100945309
NSFC,S03,N08.3,"Improvement of walking, cycling and active travel",0.0030354131534569987,0.004690048144306812,0.0005088713638001659,0.010927255912212065
NSFC,S03,N09.1,Accessibility of municipal basic services,0.0,0.0,0.0,0.0
NSFC,S03,N09.2,Accessibility of public service facilities,0.0003372681281618887,0.0005211164604785346,0.0,0.001749539592522912
NSFC,S03,N10.1,Food affordability and equitable access,0.0,0.0,0.0,0.0
NSFC,S03,N10.2,Urban food-supply resilience,0.002136031478358629,0.0033004042496973863,0.0,0.008079444133606612
NSFC,S03,N10.3,Nutrition security and healthy diets,0.0010118043844856662,0.001563349381435604,0.0,0.005492025234611044
NSFC,S03,N11.1,Clean-energy access and energy affordability,0.0006745362563237774,0.0010422329209570692,0.0,0.0036077889501366775
NSFC,S03,N11.2,Energy-supply reliability and resilience,0.0,0.0,0.0,0.0
NSFC,S03,N11.3,Renewable-energy substitution and energy-system transition,0.0,0.0,0.0,0.0
NSFC,S03,N12.1,Decarbonization of building operations and the built environment,0.0034851039910061836,0.005384870091611525,0.0007102669607959009,0.012186438198777185
NSFC,S03,N12.2,Decarbonization of transport systems and travel,0.0012366498032602585,0.00191076035508796,0.0,0.00465708739572134
NSFC,S03,N12.3,Decarbonization of industrial production and energy use,0.0018830803822372118,0.0029095669043384845,0.0006531975211304896,0.0061223971612417724
NSFC,S03,N13.1,Source reduction and prevention of consumption waste,0.0,0.0,0.0,0.0
NSFC,S03,N13.2,"Safe waste collection, transport and disposal",0.0006745362563237774,0.0010422329209570692,0.0,0.00383867421614915
NSFC,S03,N13.3,"Recycling, reuse and resource circularity",0.0010118043844856662,0.001563349381435604,0.0,0.005649568788432193
NSFC,S03,N14.1,Reduction of harmful environmental exposure,0.33445756042720637,0.5167738233078802,0.35423363821470855,0.6750985423073963
NSFC,S03,N14.2,Reduction of cumulative and compound exposure risks,0.05199550309162451,0.08033878765710742,0.04704038261997307,0.12083113385087238
NSFC,S03,N14.3,Reduction of environmental health risks for susceptible populations,0.036930860033726816,0.05706225242239954,0.03267993405595986,0.08595204079025291
NSFC,S03,N15.1,Disease prevention and public-health protection,0.0910061832490163,0.14061459158579126,0.0857350159117642,0.20391734511585743
NSFC,S03,N15.2,Access to medical and health services,0.004047217537942665,0.006253397525742416,0.0,0.01527168200075813
NSFC,S03,N15.3,Promotion of mental health and social well-being,0.06205733558178752,0.09588542872805036,0.05726561068414526,0.14180095272072324
NSFC,S03,N16.1,Reduction of socioeconomic and spatial inequalities,0.0055087127599775165,0.008511568854482733,0.002953524706658827,0.016029307687882965
NSFC,S03,N16.2,Inclusion and opportunity protection for vulnerable groups,0.0026981450252951096,0.004168931683828277,0.0,0.010438635860929147
NSFC,S03,N16.3,"Equitable distribution of resources, risks and benefits",0.006183249016301294,0.009553801775439802,0.0029036302959021694,0.01967345244667507
NSFC,S03,N17.1,Planning and governance capacity enhancement,0.013237774030354131,0.020453821073782484,0.008918972426661164,0.03707482948434621
NSFC,S03,N17.2,Policy implementation and regulatory capacity enhancement,0.0016863406408094434,0.002605582302392673,0.0,0.007359133857008049
NSFC,S03,N18.1,Public participation and joint decision-making,0.0,0.0,0.0,0.0
NSFC,S03,N18.2,Cross-sectoral and cross-organizational coordination,0.0,0.0,0.0,0.0
NSFC,S03,N18.3,Community and organizational action-capacity building,0.0,0.0,0.0,0.0
NSFC,S03,N19.1,Urban-rural functional linkages and factor flows,0.00044969083754918494,0.0006948219473047128,0.0,0.0026039929197734053
NSFC,S03,N19.2,Cross-regional coordination and collaborative governance,0.0,0.0,0.0,0.0
NSFC,S06,N01.1,Urban heat-risk adaptation,0.0,-0.0,-0.0,0.0
NSFC,S06,N01.2,"Adaptation to flood, storm and coastal climate risks",0.002855520402368785,-0.016044739236232338,-0.026907956768154617,-0.0068272612865012865
NSFC,S06,N01.3,Adaptation to drought and compound climate risks,0.005086395716719399,-0.028579691764538857,-0.044319916267152815,-0.015711928812698082
NSFC,S06,N01.4,Climate-adaptation capacity and resilience planning,0.005617749655228362,-0.03156528954855367,-0.054418382166551926,-0.013860578022518673
NSFC,S06,N02.1,Disaster prevention and risk reduction,0.010667640139531111,-0.05993986390808386,-0.08202909992154304,-0.03990787518352731
NSFC,S06,N02.2,Emergency preparedness and response,0.002190313944998784,-0.012307044300519123,-0.02703625188734853,-0.0019863990294088736
NSFC,S06,N02.3,Post-disaster recovery and reconstruction,0.0,-0.0,-0.0,0.0
NSFC,S06,N03.1,Infrastructure reliability and disturbance resistance,0.00243368216110976,-0.01367449366724347,-0.034628991326425,0.0
NSFC,S06,N03.2,Infrastructure interdependence and cascading-risk control,0.0,-0.0,-0.0,0.0
NSFC,S06,N03.3,Infrastructure service continuity and rapid recovery,0.0,-0.0,-0.0,0.0
NSFC,S06,N04.1,Outdoor air-pollution control,0.001744138882128661,-0.00980005379485782,-0.01933653486826704,-0.0026699117486406114
NSFC,S06,N04.2,Indoor air-quality improvement,0.0,-0.0,-0.0,0.0
NSFC,S06,N04.3,Reduction of air-pollution exposure,0.00024336821611097595,-0.0013674493667243468,-0.004358167007216842,0.0
NSFC,S06,N05.1,Water pollution control and water quality improvement,0.48453394986614734,-2.722523316679837,-3.2074096252592934,-2.296654408617385
NSFC,S06,N05.2,Water availability and supply security,0.3151091100835565,-1.7705506492119056,-2.09536671042797,-1.462807606054368
NSFC,S06,N06.1,Ecosystem integrity and functional restoration,0.09037478705281095,-0.5078023223330863,-0.6336057030630948,-0.39806575897621116
NSFC,S06,N06.2,Habitat protection and ecological connectivity,0.0030421027013871993,-0.017093117084054334,-0.029264779241555784,-0.006744892724588992
NSFC,S06,N06.3,Species and biodiversity protection,0.013178388902409346,-0.07404738320812337,-0.10674211924938148,-0.045887930560012696
NSFC,S06,N06.4,Enhancement of urban ecosystem services,0.008708525999837758,-0.048931896505952886,-0.07928222945941389,-0.025751514740707523
NSFC,S06,N07.1,Housing affordability and housing security,0.0,-0.0,-0.0,0.0
NSFC,S06,N07.2,Community renewal and residential-environment improvement,0.0,-0.0,-0.0,0.0
NSFC,S06,N08.1,Transport-service accessibility and travel equity,0.0,-0.0,-0.0,0.0
NSFC,S06,N08.2,Road-traffic safety and injury reduction,0.0,-0.0,-0.0,0.0
NSFC,S06,N08.3,"Improvement of walking, cycling and active travel",0.0,-0.0,-0.0,0.0
NSFC,S06,N09.1,Accessibility of municipal basic services,0.0,-0.0,-0.0,0.0
NSFC,S06,N09.2,Accessibility of public service facilities,0.00024336821611097595,-0.0013674493667243468,-0.004299264650190153,0.0
NSFC,S06,N10.1,Food affordability and equitable access,0.0,-0.0,-0.0,0.0
NSFC,S06,N10.2,Urban food-supply resilience,0.006388415672913119,-0.035895545876514105,-0.053354610781394696,-0.021079267434539934
NSFC,S06,N10.3,Nutrition security and healthy diets,0.0,-0.0,-0.0,0.0
NSFC,S06,N11.1,Clean-energy access and energy affordability,0.0,-0.0,-0.0,0.0
NSFC,S06,N11.2,Energy-supply reliability and resilience,0.005009329114950923,-0.028146666131742812,-0.04850560619255895,-0.012703092838447557
NSFC,S06,N11.3,Renewable-energy substitution and energy-system transition,0.002230875314350613,-0.012534952528306513,-0.023483320473488115,-0.004481676623129496
NSFC,S06,N12.1,Decarbonization of building operations and the built environment,0.0,-0.0,-0.0,0.0
NSFC,S06,N12.2,Decarbonization of transport systems and travel,0.0,-0.0,-0.0,0.0
NSFC,S06,N12.3,Decarbonization of industrial production and energy use,0.0010545956031475627,-0.00592561392247217,-0.011479083614647946,-0.0013406473884978482
NSFC,S06,N13.1,Source reduction and prevention of consumption waste,0.0007301046483329279,-0.0041023481001730405,-0.01068227212152987,0.0
NSFC,S06,N13.2,"Safe waste collection, transport and disposal",0.0004867364322219519,-0.0027348987334486936,-0.007200630090679308,0.0
NSFC,S06,N13.3,"Recycling, reuse and resource circularity",0.010545956031475626,-0.059256139224721706,-0.09080368613646954,-0.033396196624807285
NSFC,S06,N14.1,Reduction of harmful environmental exposure,0.012715989291798496,-0.07144922941134713,-0.09955212100751412,-0.048836533084599114
NSFC,S06,N14.2,Reduction of cumulative and compound exposure risks,0.0018049809361564053,-0.010141916136538908,-0.017924515977339895,-0.0036903160870378994
NSFC,S06,N14.3,Reduction of environmental health risks for susceptible populations,0.0004258943781942079,-0.002393036391767607,-0.006394269779109212,0.0
NSFC,S06,N15.1,Disease prevention and public-health protection,0.00036505232416646395,-0.0020511740500865202,-0.006347985006804916,0.0
NSFC,S06,N15.2,Access to medical and health services,0.0,-0.0,-0.0,0.0
NSFC,S06,N15.3,Promotion of mental health and social well-being,0.0,-0.0,-0.0,0.0
NSFC,S06,N16.1,Reduction of socioeconomic and spatial inequalities,0.00036505232416646395,-0.0020511740500865202,-0.006608357997127643,0.0
NSFC,S06,N16.2,Inclusion and opportunity protection for vulnerable groups,0.0,-0.0,-0.0,0.0
NSFC,S06,N16.3,"Equitable distribution of resources, risks and benefits",0.0001622454774073173,-0.0009116329111495645,-0.002861173310120759,0.0
NSFC,S06,N17.1,Planning and governance capacity enhancement,0.004709174981747386,-0.026460145246116114,-0.043055022064234894,-0.012510822233856009
NSFC,S06,N17.2,Policy implementation and regulatory capacity enhancement,0.0009978096860550015,-0.0056065424035698225,-0.013549838079952744,0.0
NSFC,S06,N18.1,Public participation and joint decision-making,0.0001460209296665856,-0.0008204696200346082,-0.0025467659916069557,0.0
NSFC,S06,N18.2,Cross-sectoral and cross-organizational coordination,0.0019712825504989056,-0.011076339870467211,-0.0238051854928668,-0.0014827533301160537
NSFC,S06,N18.3,Community and organizational action-capacity building,0.0,-0.0,-0.0,0.0
NSFC,S06,N19.1,Urban-rural functional linkages and factor flows,0.00024336821611097595,-0.0013674493667243468,-0.0035466300981788147,0.0
NSFC,S06,N19.2,Cross-regional coordination and collaborative governance,0.0036180741461831764,-0.020329413918635294,-0.037107068518371,-0.006333674990660869
NSFC,S07,N01.1,Urban heat-risk adaptation,0.0012695725772323317,0.007331372516835818,0.0,0.02534408806607775
NSFC,S07,N01.2,"Adaptation to flood, storm and coastal climate risks",0.0,0.0,0.0,0.0
NSFC,S07,N01.3,Adaptation to drought and compound climate risks,0.0,0.0,0.0,0.0
NSFC,S07,N01.4,Climate-adaptation capacity and resilience planning,0.002115954295387219,0.012218954194726362,0.0,0.03221942039048967
NSFC,S07,N02.1,Disaster prevention and risk reduction,0.0,0.0,0.0,0.0
NSFC,S07,N02.2,Emergency preparedness and response,0.0,0.0,0.0,0.0
NSFC,S07,N02.3,Post-disaster recovery and reconstruction,0.0,0.0,0.0,0.0
NSFC,S07,N03.1,Infrastructure reliability and disturbance resistance,0.016504443504020312,0.09530784271886564,0.0350424259163123,0.17995169623297014
NSFC,S07,N03.2,Infrastructure interdependence and cascading-risk control,0.007405840033855268,0.04276633968154227,0.00880080381503081,0.08724904201986815
NSFC,S07,N03.3,Infrastructure service continuity and rapid recovery,0.010791366906474819,0.06231666639310445,0.01708135541388069,0.14239936660526567
NSFC,S07,N04.1,Outdoor air-pollution control,0.008181689942163914,0.047246622886275264,0.011521829568211355,0.09263410869593687
NSFC,S07,N04.2,Indoor air-quality improvement,0.0,0.0,0.0,0.0
NSFC,S07,N04.3,Reduction of air-pollution exposure,0.0,0.0,0.0,0.0
NSFC,S07,N05.1,Water pollution control and water quality improvement,0.013824234729863168,0.07983050073887892,0.0280751884840198,0.1443196461784651
NSFC,S07,N05.2,Water availability and supply security,0.012554662152630836,0.07249912822204309,0.03314577344745681,0.12518076004596065
NSFC,S07,N06.1,Ecosystem integrity and functional restoration,0.0004231908590774439,0.0024437908389452726,0.0,0.008476509293475572
NSFC,S07,N06.2,Habitat protection and ecological connectivity,0.0,0.0,0.0,0.0
NSFC,S07,N06.3,Species and biodiversity protection,0.0,0.0,0.0,0.0
NSFC,S07,N06.4,Enhancement of urban ecosystem services,0.0,0.0,0.0,0.0
NSFC,S07,N07.1,Housing affordability and housing security,0.0,0.0,0.0,0.0
NSFC,S07,N07.2,Community renewal and residential-environment improvement,0.008358019466779516,0.04826486906916913,0.010568522435763996,0.09513290716042377
NSFC,S07,N08.1,Transport-service accessibility and travel equity,0.007194244604316546,0.04154444426206964,0.004602662893283249,0.09192700833424654
NSFC,S07,N08.2,Road-traffic safety and injury reduction,0.0031033996332345886,0.017921132818932,0.0,0.05275504735382672
NSFC,S07,N08.3,"Improvement of walking, cycling and active travel",0.0,0.0,0.0,0.0
NSFC,S07,N09.1,Accessibility of municipal basic services,0.0,0.0,0.0,0.0
NSFC,S07,N09.2,Accessibility of public service facilities,0.0,0.0,0.0,0.0
NSFC,S07,N10.1,Food affordability and equitable access,0.0,0.0,0.0,0.0
NSFC,S07,N10.2,Urban food-supply resilience,0.0024686133446184225,0.01425544656051409,0.0024010262910720247,0.029979254150532725
NSFC,S07,N10.3,Nutrition security and healthy diets,0.0,0.0,0.0,0.0
NSFC,S07,N11.1,Clean-energy access and energy affordability,0.006771053745239103,0.03910065342312437,0.006678834753779967,0.0853210055945869
NSFC,S07,N11.2,Energy-supply reliability and resilience,0.3313584426576386,1.9134882268941487,1.5907144615525577,2.2444930232254956
NSFC,S07,N11.3,Renewable-energy substitution and energy-system transition,0.2226336577796586,1.2856376305217923,1.0239549242488375,1.5991540873569565
NSFC,S07,N12.1,Decarbonization of building operations and the built environment,0.2137466497390323,1.2343180229039414,0.9390226491503343,1.5569287662391755
NSFC,S07,N12.2,Decarbonization of transport systems and travel,0.04817322612498236,0.2781848571666035,0.12830064622267193,0.4487787748329375
NSFC,S07,N12.3,Decarbonization of industrial production and energy use,0.04535195373113274,0.26189291824030175,0.14988768439820388,0.3922470359091104
NSFC,S07,N13.1,Source reduction and prevention of consumption waste,0.0,0.0,0.0,0.0
NSFC,S07,N13.2,"Safe waste collection, transport and disposal",0.0,0.0,0.0,0.0
NSFC,S07,N13.3,"Recycling, reuse and resource circularity",0.005959937932007335,0.034416720981812594,0.00871805104862811,0.07112517059048175
NSFC,S07,N14.1,Reduction of harmful environmental exposure,0.003385526872619551,0.01955032671156218,0.0,0.045796797130965
NSFC,S07,N14.2,Reduction of cumulative and compound exposure risks,0.0,0.0,0.0,0.0
NSFC,S07,N14.3,Reduction of environmental health risks for susceptible populations,0.0,0.0,0.0,0.0
NSFC,S07,N15.1,Disease prevention and public-health protection,0.004231908590774439,0.024437908389452728,0.0,0.0623665411983798
NSFC,S07,N15.2,Access to medical and health services,0.0,0.0,0.0,0.0
NSFC,S07,N15.3,Promotion of mental health and social well-being,0.005078290308929327,0.029325490067343273,0.0,0.0721632780246675
NSFC,S07,N16.1,Reduction of socioeconomic and spatial inequalities,0.0012695725772323317,0.007331372516835818,0.0,0.0250849924724946
NSFC,S07,N16.2,Inclusion and opportunity protection for vulnerable groups,0.0,0.0,0.0,0.0
NSFC,S07,N16.3,"Equitable distribution of resources, risks and benefits",0.0025391451544646633,0.014662745033671636,0.0,0.048980002001288644
NSFC,S07,N17.1,Planning and governance capacity enhancement,0.0055720129778530116,0.03217657937944609,0.005673621259957041,0.07010419636336974
NSFC,S07,N17.2,Policy implementation and regulatory capacity enhancement,0.006771053745239103,0.03910065342312437,0.008440619616937609,0.08120475837057496
NSFC,S07,N18.1,Public participation and joint decision-making,0.0,0.0,0.0,0.0
NSFC,S07,N18.2,Cross-sectoral and cross-organizational coordination,0.0,0.0,0.0,0.0
NSFC,S07,N18.3,Community and organizational action-capacity building,0.0,0.0,0.0,0.0
NSFC,S07,N19.1,Urban-rural functional linkages and factor flows,0.0,0.0,0.0,0.0
NSFC,S07,N19.2,Cross-regional coordination and collaborative governance,0.0029623360135421074,0.01710653587261691,0.0,0.05192163236757384
NSFC,S09,N01.1,Urban heat-risk adaptation,0.0,0.0,0.0,0.0
NSFC,S09,N01.2,"Adaptation to flood, storm and coastal climate risks",0.0,0.0,0.0,0.0
NSFC,S09,N01.3,Adaptation to drought and compound climate risks,0.0,0.0,0.0,0.0
NSFC,S09,N01.4,Climate-adaptation capacity and resilience planning,0.001321253303133258,0.0025743044061354143,0.0,0.006350936452326313
NSFC,S09,N02.1,Disaster prevention and risk reduction,0.04526236315590789,0.08818831379875318,0.048638109866123554,0.1401764914591252
NSFC,S09,N02.2,Emergency preparedness and response,0.00799358248395621,0.015574541657119252,0.007387090144421278,0.027276128111490418
NSFC,S09,N02.3,Post-disaster recovery and reconstruction,0.003652321630804077,0.007116112894102894,0.0020792686350302554,0.014107883492588708
NSFC,S09,N03.1,Infrastructure reliability and disturbance resistance,0.4245658739146848,0.8272159451343848,0.5982905059292649,1.0749576097110656
NSFC,S09,N03.2,Infrastructure interdependence and cascading-risk control,0.06366553416383541,0.12404469659849646,0.07787935631977158,0.18293679790065745
NSFC,S09,N03.3,Infrastructure service continuity and rapid recovery,0.06273121932804833,0.12222429562558641,0.07763581702591553,0.1733848165837035
NSFC,S09,N04.1,Outdoor air-pollution control,0.024844280860702152,0.04840611677965341,0.021321729787993484,0.08529098191243858
NSFC,S09,N04.2,Indoor air-quality improvement,0.0,0.0,0.0,0.0
NSFC,S09,N04.3,Reduction of air-pollution exposure,0.0010617214043035109,0.0020686374692159577,0.0,0.006164549047235822
NSFC,S09,N05.1,Water pollution control and water quality improvement,0.007738769346923367,0.015078068664507423,0.002719851756529887,0.034930810068657864
NSFC,S09,N05.2,Water availability and supply security,0.003491883729709324,0.006803518787643593,0.0006754640682598653,0.016803316485651327
NSFC,S09,N06.1,Ecosystem integrity and functional restoration,0.0020762551906379767,0.00404533549535565,0.0,0.012553407748020684
NSFC,S09,N06.2,Habitat protection and ecological connectivity,0.0,0.0,0.0,0.0
NSFC,S09,N06.3,Species and biodiversity protection,0.0,0.0,0.0,0.0
NSFC,S09,N06.4,Enhancement of urban ecosystem services,0.0008493771234428086,0.001654909975372766,0.0,0.0058426149420345505
NSFC,S09,N07.1,Housing affordability and housing security,0.0,0.0,0.0,0.0
NSFC,S09,N07.2,Community renewal and residential-environment improvement,0.0008493771234428086,0.001654909975372766,0.0,0.005848585520160973
NSFC,S09,N08.1,Transport-service accessibility and travel equity,0.04199697999244998,0.08182610433787565,0.04162483979512117,0.1313476225570056
NSFC,S09,N08.2,Road-traffic safety and injury reduction,0.0029256323140807857,0.005700245470728418,0.0004870144520043852,0.0152737016120024
NSFC,S09,N08.3,"Improvement of walking, cycling and active travel",0.0,0.0,0.0,0.0
NSFC,S09,N09.1,Accessibility of municipal basic services,0.0042468856172140435,0.00827454987686383,0.0,0.024827986621288923
NSFC,S09,N09.2,Accessibility of public service facilities,0.0020762551906379767,0.00404533549535565,0.0,0.012447510114535978
NSFC,S09,N10.1,Food affordability and equitable access,0.0,0.0,0.0,0.0
NSFC,S09,N10.2,Urban food-supply resilience,0.0016987542468856172,0.003309819950745532,0.0,0.011674773521809722
NSFC,S09,N10.3,Nutrition security and healthy diets,0.0,0.0,0.0,0.0
NSFC,S09,N11.1,Clean-energy access and energy affordability,0.0,0.0,0.0,0.0
NSFC,S09,N11.2,Energy-supply reliability and resilience,0.027227255568138924,0.05304905865500478,0.026888774327703917,0.08738872971408697
NSFC,S09,N11.3,Renewable-energy substitution and energy-system transition,0.006842204605511514,0.013331219246058394,0.004816301435887911,0.025733571841479556
NSFC,S09,N12.1,Decarbonization of building operations and the built environment,0.010192525481313703,0.019858919704473194,0.0,0.04855093914267666
NSFC,S09,N12.2,Decarbonization of transport systems and travel,0.01868629671574179,0.03640801945820085,0.012395280360060767,0.06837649790217404
NSFC,S09,N12.3,Decarbonization of industrial production and energy use,0.12337202718006798,0.24037567392289433,0.1601362253777017,0.3442760866009386
NSFC,S09,N13.1,Source reduction and prevention of consumption waste,0.0016987542468856172,0.003309819950745532,0.0,0.011934814317657626
NSFC,S09,N13.2,"Safe waste collection, transport and disposal",0.0,0.0,0.0,0.0
NSFC,S09,N13.3,"Recycling, reuse and resource circularity",0.021611929029822573,0.042108264928929266,0.020047316328227104,0.07110094781641808
NSFC,S09,N14.1,Reduction of harmful environmental exposure,0.0,0.0,0.0,0.0
NSFC,S09,N14.2,Reduction of cumulative and compound exposure risks,0.0,0.0,0.0,0.0
NSFC,S09,N14.3,Reduction of environmental health risks for susceptible populations,0.0,0.0,0.0,0.0
NSFC,S09,N15.1,Disease prevention and public-health protection,0.0,0.0,0.0,0.0
NSFC,S09,N15.2,Access to medical and health services,0.0,0.0,0.0,0.0
NSFC,S09,N15.3,Promotion of mental health and social well-being,0.0,0.0,0.0,0.0
NSFC,S09,N16.1,Reduction of socioeconomic and spatial inequalities,0.0016987542468856172,0.003309819950745532,0.0,0.008908343787260901
NSFC,S09,N16.2,Inclusion and opportunity protection for vulnerable groups,0.0,0.0,0.0,0.0
NSFC,S09,N16.3,"Equitable distribution of resources, risks and benefits",0.002548131370328426,0.0049647299261182986,0.0,0.014119236804352538
NSFC,S09,N17.1,Planning and governance capacity enhancement,0.04183182332955832,0.08150431628710872,0.042890955464034444,0.130484636310458
NSFC,S09,N17.2,Policy implementation and regulatory capacity enhancement,0.005473763684409211,0.010664975396846715,0.0016356894381439136,0.024734359555019483
NSFC,S09,N18.1,Public participation and joint decision-making,0.0,0.0,0.0,0.0
NSFC,S09,N18.2,Cross-sectoral and cross-organizational coordination,0.0008493771234428086,0.001654909975372766,0.0,0.006004418640560108
NSFC,S09,N18.3,Community and organizational action-capacity building,0.0,0.0,0.0,0.0
NSFC,S09,N19.1,Urban-rural functional linkages and factor flows,0.0037750094375235944,0.007355155446101183,0.0,0.02450868141050406
NSFC,S09,N19.2,Cross-regional coordination and collaborative governance,0.031143827859569654,0.06068003243033476,0.028702152931264175,0.10298900052616967
NSFC,S10,N01.1,Urban heat-risk adaptation,0.0,0.0,0.0,0.0
NSFC,S10,N01.2,"Adaptation to flood, storm and coastal climate risks",0.0,0.0,0.0,0.0
NSFC,S10,N01.3,Adaptation to drought and compound climate risks,0.0,0.0,0.0,0.0
NSFC,S10,N01.4,Climate-adaptation capacity and resilience planning,0.0,0.0,0.0,0.0
NSFC,S10,N02.1,Disaster prevention and risk reduction,0.0,0.0,0.0,0.0
NSFC,S10,N02.2,Emergency preparedness and response,0.0,0.0,0.0,0.0
NSFC,S10,N02.3,Post-disaster recovery and reconstruction,0.0,0.0,0.0,0.0
NSFC,S10,N03.1,Infrastructure reliability and disturbance resistance,0.0012062726176115801,0.0119294633727145,0.0,0.039623970849505766
NSFC,S10,N03.2,Infrastructure interdependence and cascading-risk control,0.0,0.0,0.0,0.0
NSFC,S10,N03.3,Infrastructure service continuity and rapid recovery,0.0,0.0,0.0,0.0
NSFC,S10,N04.1,Outdoor air-pollution control,0.009650180940892643,0.09543570698171602,0.0,0.2606380962561463
NSFC,S10,N04.2,Indoor air-quality improvement,0.0,0.0,0.0,0.0
NSFC,S10,N04.3,Reduction of air-pollution exposure,0.0,0.0,0.0,0.0
NSFC,S10,N05.1,Water pollution control and water quality improvement,0.0,0.0,0.0,0.0
NSFC,S10,N05.2,Water availability and supply security,0.003618817852834741,0.035788390118143505,0.0,0.12394794543833215
NSFC,S10,N06.1,Ecosystem integrity and functional restoration,0.0008041817450743868,0.007952975581809667,0.0,0.026492941955230824
NSFC,S10,N06.2,Habitat protection and ecological connectivity,0.0,0.0,0.0,0.0
NSFC,S10,N06.3,Species and biodiversity protection,0.0,0.0,0.0,0.0
NSFC,S10,N06.4,Enhancement of urban ecosystem services,0.003618817852834741,0.035788390118143505,0.0,0.10084784388554055
NSFC,S10,N07.1,Housing affordability and housing security,0.03277615026710323,0.32414056192718554,0.1780585786167269,0.5018293547415243
NSFC,S10,N07.2,Community renewal and residential-environment improvement,0.023729105635016377,0.23466958663182674,0.11248287610288604,0.3951133957414207
NSFC,S10,N08.1,Transport-service accessibility and travel equity,0.011338962605548855,0.11213695570351633,0.03010063883501125,0.2226363777863318
NSFC,S10,N08.2,Road-traffic safety and injury reduction,0.0012062726176115801,0.0119294633727145,0.0,0.039623970849505766
NSFC,S10,N08.3,"Improvement of walking, cycling and active travel",0.0,0.0,0.0,0.0
NSFC,S10,N09.1,Accessibility of municipal basic services,0.0,0.0,0.0,0.0
NSFC,S10,N09.2,Accessibility of public service facilities,0.03760124073754955,0.3718584154180435,0.1936085105984336,0.5861154547171809
NSFC,S10,N10.1,Food affordability and equitable access,0.0,0.0,0.0,0.0
NSFC,S10,N10.2,Urban food-supply resilience,0.0,0.0,0.0,0.0
NSFC,S10,N10.3,Nutrition security and healthy diets,0.0,0.0,0.0,0.0
NSFC,S10,N11.1,Clean-energy access and energy affordability,0.0,0.0,0.0,0.0
NSFC,S10,N11.2,Energy-supply reliability and resilience,0.0,0.0,0.0,0.0
NSFC,S10,N11.3,Renewable-energy substitution and energy-system transition,0.0,0.0,0.0,0.0
NSFC,S10,N12.1,Decarbonization of building operations and the built environment,0.0,0.0,0.0,0.0
NSFC,S10,N12.2,Decarbonization of transport systems and travel,0.0,0.0,0.0,0.0
NSFC,S10,N12.3,Decarbonization of industrial production and energy use,0.0012062726176115801,0.0119294633727145,0.0,0.04021932904036125
NSFC,S10,N13.1,Source reduction and prevention of consumption waste,0.0016083634901487736,0.015905951163619335,0.0,0.05377780614743789
NSFC,S10,N13.2,"Safe waste collection, transport and disposal",0.0,0.0,0.0,0.0
NSFC,S10,N13.3,"Recycling, reuse and resource circularity",0.0016083634901487736,0.015905951163619335,0.0,0.05377780614743789
NSFC,S10,N14.1,Reduction of harmful environmental exposure,0.005830317651789304,0.05765907296812008,0.010922649553486425,0.12638057838218533
NSFC,S10,N14.2,Reduction of cumulative and compound exposure risks,0.0,0.0,0.0,0.0
NSFC,S10,N14.3,Reduction of environmental health risks for susceptible populations,0.0024125452352231603,0.023858926745429,0.0,0.0804265881361039
NSFC,S10,N15.1,Disease prevention and public-health protection,0.003256936067551267,0.03220955110632916,0.0,0.08275994905615325
NSFC,S10,N15.2,Access to medical and health services,0.003618817852834741,0.035788390118143505,0.0,0.12015415863595594
NSFC,S10,N15.3,Promotion of mental health and social well-being,0.015721753116204266,0.15548067262437903,0.04365330803114578,0.29479114199390893
NSFC,S10,N16.1,Reduction of socioeconomic and spatial inequalities,0.36474237463381026,3.6071288820982175,3.0093674625721,4.253917727996524
NSFC,S10,N16.2,Inclusion and opportunity protection for vulnerable groups,0.2711356195071515,2.681402524375571,2.034235150450347,3.306656224882349
NSFC,S10,N16.3,"Equitable distribution of resources, risks and benefits",0.0763168476075593,0.7547373827137374,0.48843875459996755,1.0589535670534993
NSFC,S10,N17.1,Planning and governance capacity enhancement,0.032534895743580906,0.3217546692526425,0.15956873661024285,0.528298310587825
NSFC,S10,N17.2,Policy implementation and regulatory capacity enhancement,0.020391751392957673,0.20166473796731663,0.0309906397381629,0.42375615871565186
NSFC,S10,N18.1,Public participation and joint decision-making,0.008041817450743869,0.07952975581809668,0.0,0.2398166638272907
NSFC,S10,N18.2,Cross-sectoral and cross-organizational coordination,0.0,0.0,0.0,0.0
NSFC,S10,N18.3,Community and organizational action-capacity building,0.0008041817450743868,0.007952975581809667,0.0,0.026492941955230824
NSFC,S10,N19.1,Urban-rural functional linkages and factor flows,0.03843988741455569,0.3801522328105021,0.13462036011394385,0.7328727625676339
NSFC,S10,N19.2,Cross-regional coordination and collaborative governance,0.026779252110977085,0.26483408687426196,0.08985781715027658,0.48104750583287165
NSFC,S11,N01.1,Urban heat-risk adaptation,0.03574604813954156,-0.9366665968492729,-1.1399019443008018,-0.7485228049181373
NSFC,S11,N01.2,"Adaptation to flood, storm and coastal climate risks",0.010386722896405314,-0.272167047663948,-0.3536485850523284,-0.1941525217477406
NSFC,S11,N01.3,Adaptation to drought and compound climate risks,0.0008463149439137047,-0.02217629583230622,-0.04086810854492649,-0.006067925283761495
NSFC,S11,N01.4,Climate-adaptation capacity and resilience planning,0.010487133143988294,-0.2747981336101538,-0.3659730811547594,-0.18749710730748895
NSFC,S11,N02.1,Disaster prevention and risk reduction,0.1427891097914335,-3.741554563273032,-4.130498581631729,-3.3433938059777253
NSFC,S11,N02.2,Emergency preparedness and response,0.043081733941532536,-1.128886218690652,-1.3337100161950153,-0.9198527938641365
NSFC,S11,N02.3,Post-disaster recovery and reconstruction,0.0076641707547981785,-0.20082703157968163,-0.27394978897660205,-0.1353708649873283
NSFC,S11,N03.1,Infrastructure reliability and disturbance resistance,0.015516252115787365,-0.406577952572977,-0.5093428256560302,-0.3085272006834623
NSFC,S11,N03.2,Infrastructure interdependence and cascading-risk control,0.0038241960008032825,-0.10020678760835319,-0.13770177079558824,-0.06445500564145826
NSFC,S11,N03.3,Infrastructure service continuity and rapid recovery,0.004714978340075163,-0.12354827864540766,-0.16659525247747073,-0.08098426547141814
NSFC,S11,N04.1,Outdoor air-pollution control,0.12583555670310126,-3.2973144947272255,-3.674173315368872,-2.9165465886690325
NSFC,S11,N04.2,Indoor air-quality improvement,0.0019364833462432226,-0.050742371819683725,-0.09827302280082023,-0.013414678999749016
NSFC,S11,N04.3,Reduction of air-pollution exposure,0.0029477579826146824,-0.0772411659921852,-0.12831250538244449,-0.03730780785769837
NSFC,S11,N05.1,Water pollution control and water quality improvement,0.0074447026422239425,-0.19507622944011738,-0.2583403080604213,-0.13856826817574613
NSFC,S11,N05.2,Water availability and supply security,0.00390165533465301,-0.1022364824811405,-0.14157952128434934,-0.0671954315866192
NSFC,S11,N06.1,Ecosystem integrity and functional restoration,0.020856642855093668,-0.5465141379690379,-0.6799585643877094,-0.42726032971548655
NSFC,S11,N06.2,Habitat protection and ecological connectivity,0.0023754195713916867,-0.06224397609881204,-0.10113101098136425,-0.030394741192767336
NSFC,S11,N06.3,Species and biodiversity protection,0.001328284132312018,-0.03480550837409417,-0.06309872460938319,-0.013969066552533153
NSFC,S11,N06.4,Enhancement of urban ecosystem services,0.024155836704248788,-0.6329641047729435,-0.7786470331624203,-0.49599435052353846
NSFC,S11,N07.1,Housing affordability and housing security,0.006677486383140915,-0.1749725849858427,-0.25810688756749434,-0.10563700182242663
NSFC,S11,N07.2,Community renewal and residential-environment improvement,0.048933704646330504,-1.282227518504474,-1.519860489466128,-1.049846803110863
NSFC,S11,N08.1,Transport-service accessibility and travel equity,0.09113234070631437,-2.3879736047764046,-2.7292332814957385,-2.0572873789610333
NSFC,S11,N08.2,Road-traffic safety and injury reduction,0.017973434317353758,-0.47096438437084215,-0.6072464524623474,-0.34075984142687843
NSFC,S11,N08.3,"Improvement of walking, cycling and active travel",0.00981151562096566,-0.2570946838863975,-0.3667780907603695,-0.16118293228136407
NSFC,S11,N09.1,Accessibility of municipal basic services,0.0005163955589981927,-0.013531299151915659,-0.04106981606078187,0.0
NSFC,S11,N09.2,Accessibility of public service facilities,0.017987983557309666,-0.4713456233548844,-0.609782887484228,-0.34566689170371456
NSFC,S11,N10.1,Food affordability and equitable access,0.0,-0.0,-0.0,0.0
NSFC,S11,N10.2,Urban food-supply resilience,0.0010471354390796685,-0.027438467724717867,-0.04501509464181983,-0.011320683228497662
NSFC,S11,N10.3,Nutrition security and healthy diets,0.0,-0.0,-0.0,0.0
NSFC,S11,N11.1,Clean-energy access and energy affordability,8.606592649969878e-05,-0.0022552165253192764,-0.006810365872094422,0.0
NSFC,S11,N11.2,Energy-supply reliability and resilience,0.0004016409903319276,-0.01052434378482329,-0.021569205157119225,-0.0022263621112091733
NSFC,S11,N11.3,Renewable-energy substitution and energy-system transition,0.00041239923114439,-0.010806245850488201,-0.026956536163950124,-0.0008432348672302845
NSFC,S11,N12.1,Decarbonization of building operations and the built environment,0.009635797687695442,-0.2524902834805373,-0.3276980061411032,-0.1824766821892519
NSFC,S11,N12.2,Decarbonization of transport systems and travel,0.013304357804745103,-0.3486188878722715,-0.45589854647555456,-0.24623612627859517
NSFC,S11,N12.3,Decarbonization of industrial production and energy use,0.005658834667355194,-0.14828048653974243,-0.2116695544715043,-0.09752243108518996
NSFC,S11,N13.1,Source reduction and prevention of consumption waste,0.0008534871044553463,-0.022364230542749493,-0.03916561340722936,-0.008224912003509872
NSFC,S11,N13.2,"Safe waste collection, transport and disposal",0.005013340218607454,-0.13136636259984785,-0.18927708359341183,-0.07689730090650589
NSFC,S11,N13.3,"Recycling, reuse and resource circularity",0.0073335341538285,-0.1921632414282467,-0.26000750523060906,-0.13341934390712284
NSFC,S11,N14.1,Reduction of harmful environmental exposure,0.013634277189660614,-0.357263884552662,-0.4637446708324359,-0.2681235499376389
NSFC,S11,N14.2,Reduction of cumulative and compound exposure risks,0.0005379120406231173,-0.014095103283245475,-0.02817806783511569,-0.0033776638111057676
NSFC,S11,N14.3,Reduction of environmental health risks for susceptible populations,0.0009467251914966866,-0.024807381778512043,-0.04603393342684548,-0.00899580055737857
NSFC,S11,N15.1,Disease prevention and public-health protection,0.006456378919585736,-0.16917882634103437,-0.23065123288393344,-0.11353706291570285
NSFC,S11,N15.2,Access to medical and health services,0.0003872966692486445,-0.010148474363936745,-0.02727000499815906,0.0
NSFC,S11,N15.3,Promotion of mental health and social well-being,0.00738875978999914,-0.19361033869865987,-0.26286075814140625,-0.13038942645482823
NSFC,S11,N16.1,Reduction of socioeconomic and spatial inequalities,0.012474026532895631,-0.3268614179660961,-0.4074015525217813,-0.25600982631975794
NSFC,S11,N16.2,Inclusion and opportunity protection for vulnerable groups,0.007736097279087208,-0.20271174824726979,-0.26773402413143116,-0.14624454104844528
NSFC,S11,N16.3,"Equitable distribution of resources, risks and benefits",0.005528301345497317,-0.14486007480967483,-0.21009083170306536,-0.08800247776325962
NSFC,S11,N17.1,Planning and governance capacity enhancement,0.17393944237476397,-4.557797967233417,-5.00809700207549,-4.126386062705545
NSFC,S11,N17.2,Policy implementation and regulatory capacity enhancement,0.012647592818003353,-0.3314094379588232,-0.42991267829766794,-0.24119516512359135
NSFC,S11,N18.1,Public participation and joint decision-making,0.0020168115443096077,-0.05284724057664837,-0.08378584321876667,-0.026528172333576842
NSFC,S11,N18.2,Cross-sectoral and cross-organizational coordination,0.0024614854978913846,-0.0644991926241313,-0.1013396369637867,-0.032165927291996424
NSFC,S11,N18.3,Community and organizational action-capacity building,0.0005163955589981927,-0.013531299151915659,-0.03211338777402779,-0.0007549632388929306
NSFC,S11,N19.1,Urban-rural functional linkages and factor flows,0.02410706601256563,-0.6316861487419294,-0.796781786602628,-0.4758657774843328
NSFC,S11,N19.2,Cross-regional coordination and collaborative governance,0.02660297788105689,-0.6970874279761883,-0.8736710578382898,-0.5412023667451955
NSFC,S12,N01.1,Urban heat-risk adaptation,0.0,0.0,0.0,0.0
NSFC,S12,N01.2,"Adaptation to flood, storm and coastal climate risks",0.0,0.0,0.0,0.0
NSFC,S12,N01.3,Adaptation to drought and compound climate risks,0.0,0.0,0.0,0.0
NSFC,S12,N01.4,Climate-adaptation capacity and resilience planning,0.0022787694644891754,0.007327347715791265,0.0,0.025095106837738423
NSFC,S12,N02.1,Disaster prevention and risk reduction,0.0070262058488416235,0.02259265545702307,0.0018520703893552173,0.05958826431034277
NSFC,S12,N02.2,Emergency preparedness and response,0.003608051652107861,0.01160163388333617,0.0,0.029657051727675077
NSFC,S12,N02.3,Post-disaster recovery and reconstruction,0.0,0.0,0.0,0.0
NSFC,S12,N03.1,Infrastructure reliability and disturbance resistance,0.0011393847322445877,0.0036636738578956327,0.0,0.012296993719309458
NSFC,S12,N03.2,Infrastructure interdependence and cascading-risk control,0.0011393847322445877,0.0036636738578956327,0.0,0.012563998465688514
NSFC,S12,N03.3,Infrastructure service continuity and rapid recovery,0.0011393847322445877,0.0036636738578956327,0.0,0.012563998465688514
NSFC,S12,N04.1,Outdoor air-pollution control,0.0282947208507406,0.09098123413774156,0.03914807148101169,0.15807182007410536
NSFC,S12,N04.2,Indoor air-quality improvement,0.0,0.0,0.0,0.0
NSFC,S12,N04.3,Reduction of air-pollution exposure,0.0005696923661222938,0.0018318369289478163,0.0,0.006357763570101556
NSFC,S12,N05.1,Water pollution control and water quality improvement,0.09646790733004175,0.3101910533018302,0.21590222331008838,0.4230550172185437
NSFC,S12,N05.2,Water availability and supply security,0.011520445626028608,0.03704381345205584,0.015436604366644662,0.06706170924977407
NSFC,S12,N06.1,Ecosystem integrity and functional restoration,0.04190403848588428,0.1347417829959394,0.07641344390778235,0.21769522511256964
NSFC,S12,N06.2,Habitat protection and ecological connectivity,0.0022787694644891754,0.007327347715791265,0.0,0.025214041252972358
NSFC,S12,N06.3,Species and biodiversity protection,0.030383592859855674,0.09769796954388354,0.03923801547796485,0.17418400227751524
NSFC,S12,N06.4,Enhancement of urban ecosystem services,0.0075325990631725515,0.024220954949421124,0.006659296671580565,0.0465131710655124
NSFC,S12,N07.1,Housing affordability and housing security,0.0,0.0,0.0,0.0
NSFC,S12,N07.2,Community renewal and residential-environment improvement,0.0018040258260539305,0.005800816941668085,0.0,0.017893440446594105
NSFC,S12,N08.1,Transport-service accessibility and travel equity,0.0,0.0,0.0,0.0
NSFC,S12,N08.2,Road-traffic safety and injury reduction,0.0022787694644891754,0.007327347715791265,0.0,0.02569856038960582
NSFC,S12,N08.3,"Improvement of walking, cycling and active travel",0.0,0.0,0.0,0.0
NSFC,S12,N09.1,Accessibility of municipal basic services,0.0,0.0,0.0,0.0
NSFC,S12,N09.2,Accessibility of public service facilities,0.0,0.0,0.0,0.0
NSFC,S12,N10.1,Food affordability and equitable access,0.0,0.0,0.0,0.0
NSFC,S12,N10.2,Urban food-supply resilience,0.016077984555006957,0.05169850888363837,0.013218454243273392,0.10383823337554325
NSFC,S12,N10.3,Nutrition security and healthy diets,0.004557538928978351,0.01465469543158253,0.0,0.04885335747319325
NSFC,S12,N11.1,Clean-energy access and energy affordability,0.0,0.0,0.0,0.0
NSFC,S12,N11.2,Energy-supply reliability and resilience,0.014179010001265981,0.04559238578714565,0.010938950493899266,0.09765759564915291
NSFC,S12,N11.3,Renewable-energy substitution and energy-system transition,0.004779085960248132,0.015367076459506681,0.0018583147940705632,0.035705518050645355
NSFC,S12,N12.1,Decarbonization of building operations and the built environment,0.01471705279149259,0.047322453997818585,0.020075873972037417,0.08479513086102154
NSFC,S12,N12.2,Decarbonization of transport systems and travel,0.023167489555639954,0.07449470177721121,0.024652461976896127,0.13700189893549156
NSFC,S12,N12.3,Decarbonization of industrial production and energy use,0.09013799215090516,0.2898373096468545,0.19330070517219314,0.40228540904229915
NSFC,S12,N13.1,Source reduction and prevention of consumption waste,0.02500316495758956,0.08039728743715416,0.04104282978271053,0.1314642319052606
NSFC,S12,N13.2,"Safe waste collection, transport and disposal",0.08887200911507784,0.28576656091585934,0.19203843037213397,0.39864178739944833
NSFC,S12,N13.3,"Recycling, reuse and resource circularity",0.31829978478288395,1.0234879996904553,0.8298247076767026,1.228833764430418
NSFC,S12,N14.1,Reduction of harmful environmental exposure,0.06817318647930115,0.21920981916408866,0.14020351318309063,0.31617454625092034
NSFC,S12,N14.2,Reduction of cumulative and compound exposure risks,0.012849727813647295,0.04131809961960075,0.013515751679082342,0.08166515115442427
NSFC,S12,N14.3,Reduction of environmental health risks for susceptible populations,0.0011393847322445877,0.0036636738578956327,0.0,0.012368455822008982
NSFC,S12,N15.1,Disease prevention and public-health protection,0.0011393847322445877,0.0036636738578956327,0.0,0.011524463747726085
NSFC,S12,N15.2,Access to medical and health services,0.0,0.0,0.0,0.0
NSFC,S12,N15.3,Promotion of mental health and social well-being,0.0,0.0,0.0,0.0
NSFC,S12,N16.1,Reduction of socioeconomic and spatial inequalities,0.0,0.0,0.0,0.0
NSFC,S12,N16.2,Inclusion and opportunity protection for vulnerable groups,0.0,0.0,0.0,0.0
NSFC,S12,N16.3,"Equitable distribution of resources, risks and benefits",0.0032915558931510317,0.010583946700587385,0.0,0.02896487023458008
NSFC,S12,N17.1,Planning and governance capacity enhancement,0.03253576402076211,0.10461824238657527,0.0575134594793034,0.15923495497675777
NSFC,S12,N17.2,Policy implementation and regulatory capacity enhancement,0.024243575136093168,0.07795483819855706,0.031606204519647345,0.1335477456096435
NSFC,S12,N18.1,Public participation and joint decision-making,0.002848461830611469,0.00915918464473908,0.0,0.027836359999944115
NSFC,S12,N18.2,Cross-sectoral and cross-organizational coordination,0.0017090770983668815,0.005495510786843449,0.0,0.012912724391570015
NSFC,S12,N18.3,Community and organizational action-capacity building,0.0,0.0,0.0,0.0
NSFC,S12,N19.1,Urban-rural functional linkages and factor flows,0.004557538928978351,0.01465469543158253,0.0,0.03439434101754066
NSFC,S12,N19.2,Cross-regional coordination and collaborative governance,0.00835548803646031,0.026866941624567976,0.00723461776133829,0.05152223421040674
NSFC,S13,N01.1,Urban heat-risk adaptation,0.06032671186709487,-0.5424412922528814,-0.6899125796614931,-0.4021470010779097
NSFC,S13,N01.2,"Adaptation to flood, storm and coastal climate risks",0.04908607906109987,-0.4413685966540041,-0.5652610679113161,-0.3267234648718873
NSFC,S13,N01.3,Adaptation to drought and compound climate risks,0.07580587605566788,-0.6816257027001538,-0.8481898754381368,-0.5285764261892716
NSFC,S13,N01.4,Climate-adaptation capacity and resilience planning,0.20023393204075965,-1.800448747950231,-2.1004832270222273,-1.5052768277458646
NSFC,S13,N02.1,Disaster prevention and risk reduction,0.1114428452480076,-1.0020635820802983,-1.194741358956107,-0.8232588617456911
NSFC,S13,N02.2,Emergency preparedness and response,0.010376273740137184,-0.09330061530238518,-0.1294742147988857,-0.05997278850614239
NSFC,S13,N02.3,Post-disaster recovery and reconstruction,0.0015701201379802543,-0.014118090813811438,-0.03230426239897168,-0.0012898622557970143
NSFC,S13,N03.1,Infrastructure reliability and disturbance resistance,0.01163712779033345,-0.10463787004680952,-0.16028359629040506,-0.059968042573565784
NSFC,S13,N03.2,Infrastructure interdependence and cascading-risk control,0.0006740414733753616,-0.006060796561484707,-0.015067660979474217,0.0
NSFC,S13,N03.3,Infrastructure service continuity and rapid recovery,0.0018040521787399384,-0.016221543738091423,-0.02990592183542962,-0.004463260593882814
NSFC,S13,N04.1,Outdoor air-pollution control,0.022082788152729863,-0.19856239087758282,-0.2835984617728412,-0.12480940204302954
NSFC,S13,N04.2,Indoor air-quality improvement,0.0,-0.0,-0.0,0.0
NSFC,S13,N04.3,Reduction of air-pollution exposure,0.0011002735815391932,-0.009893359093011802,-0.019824463457654557,-0.0020630224657147513
NSFC,S13,N05.1,Water pollution control and water quality improvement,0.007787161492407119,-0.07002002615738803,-0.11266327727515361,-0.03513475156151645
NSFC,S13,N05.2,Water availability and supply security,0.06579834265096546,-0.5916406996343455,-0.7252680767167423,-0.45950980626829047
NSFC,S13,N06.1,Ecosystem integrity and functional restoration,0.10022996709091628,-0.9012404486927761,-1.090228550122636,-0.7326302140919284
NSFC,S13,N06.2,Habitat protection and ecological connectivity,0.001843701677173783,-0.01657806118288464,-0.03123266249025981,-0.0047732510374412
NSFC,S13,N06.3,Species and biodiversity protection,0.022437651163712772,-0.2017532220084821,-0.27556911800233497,-0.13390848862274132
NSFC,S13,N06.4,Enhancement of urban ecosystem services,0.03512945561238649,-0.3158744560867912,-0.43824346362567745,-0.21211074580914566
NSFC,S13,N07.1,Housing affordability and housing security,0.0,-0.0,-0.0,0.0
NSFC,S13,N07.2,Community renewal and residential-environment improvement,0.0007136909718092065,-0.006417314006277926,-0.01621711711565097,0.0
NSFC,S13,N08.1,Transport-service accessibility and travel equity,0.0002378969906030688,-0.0021391046687593085,-0.00537598891347398,0.0
NSFC,S13,N08.2,Road-traffic safety and injury reduction,0.0001189484953015344,-0.0010695523343796543,-0.0032482278466432583,0.0
NSFC,S13,N08.3,"Improvement of walking, cycling and active travel",0.0004757939812061376,-0.004278209337518617,-0.011714441170354032,0.0
NSFC,S13,N09.1,Accessibility of municipal basic services,0.0,-0.0,-0.0,0.0
NSFC,S13,N09.2,Accessibility of public service facilities,0.0001189484953015344,-0.0010695523343796543,-0.0032450168118695263,0.0
NSFC,S13,N10.1,Food affordability and equitable access,0.00017842274295230162,-0.0016043285015694814,-0.004894552104966785,0.0
NSFC,S13,N10.2,Urban food-supply resilience,0.021192656912890045,-0.19055857424197506,-0.25793718461408816,-0.12933070102376887
NSFC,S13,N10.3,Nutrition security and healthy diets,0.00017842274295230162,-0.0016043285015694814,-0.004894552104966785,0.0
NSFC,S13,N11.1,Clean-energy access and energy affordability,0.00035684548590460323,-0.003208657003138963,-0.009767703256356718,0.0
NSFC,S13,N11.2,Energy-supply reliability and resilience,0.0072558582133935975,-0.0652426923971589,-0.1124860420483451,-0.028148282776541054
NSFC,S13,N11.3,Renewable-energy substitution and energy-system transition,0.01570913127948931,-0.14125221162707302,-0.20124585455967414,-0.0849224266069057
NSFC,S13,N12.1,Decarbonization of building operations and the built environment,0.025197256254708377,-0.22656683616609016,-0.30320490296648817,-0.15463073940022296
NSFC,S13,N12.2,Decarbonization of transport systems and travel,0.026612743348796628,-0.23929450894520796,-0.3209588863158112,-0.16661725448378847
NSFC,S13,N12.3,Decarbonization of industrial production and energy use,0.08476864517663853,-0.7622164710956609,-0.9222358467515988,-0.5970830230722058
NSFC,S13,N13.1,Source reduction and prevention of consumption waste,0.0007136909718092065,-0.006417314006277926,-0.016111498588110406,0.0
NSFC,S13,N13.2,"Safe waste collection, transport and disposal",0.0007136909718092065,-0.006417314006277926,-0.01958774982847199,0.0
NSFC,S13,N13.3,"Recycling, reuse and resource circularity",0.0021410729154276195,-0.01925194201883378,-0.03607736212945618,-0.005339286948718934
NSFC,S13,N14.1,Reduction of harmful environmental exposure,0.004797589310495222,-0.0431386108199794,-0.07705577315572053,-0.018540468970136097
NSFC,S13,N14.2,Reduction of cumulative and compound exposure risks,0.0013084334483168785,-0.011765075678176197,-0.028245315315283574,0.0
NSFC,S13,N14.3,Reduction of environmental health risks for susceptible populations,0.001189484953015344,-0.010695523343796542,-0.02237910020143818,-0.0021064850084761212
NSFC,S13,N15.1,Disease prevention and public-health protection,0.0021212481662106967,-0.019073683296437167,-0.033831710311067,-0.006411808693458219
NSFC,S13,N15.2,Access to medical and health services,0.0,-0.0,-0.0,0.0
NSFC,S13,N15.3,Promotion of mental health and social well-being,0.0009119384639784304,-0.008199901230244016,-0.01722496387759755,-0.0014084122718096448
NSFC,S13,N16.1,Reduction of socioeconomic and spatial inequalities,0.0014749613417390265,-0.013262448946307712,-0.030356255613706716,-0.0021227404500881062
NSFC,S13,N16.2,Inclusion and opportunity protection for vulnerable groups,0.0,-0.0,-0.0,0.0
NSFC,S13,N16.3,"Equitable distribution of resources, risks and benefits",0.0004757939812061376,-0.004278209337518617,-0.009838718218219532,0.0
NSFC,S13,N17.1,Planning and governance capacity enhancement,0.011036437889060701,-0.09923663075819227,-0.15403955021150587,-0.05694234588029053
NSFC,S13,N17.2,Policy implementation and regulatory capacity enhancement,0.007493755203996669,-0.06738179706591824,-0.11995708943659072,-0.023377510148072933
NSFC,S13,N18.1,Public participation and joint decision-making,0.00038063518496491013,-0.003422567470014894,-0.009032493575897192,0.0
NSFC,S13,N18.2,Cross-sectoral and cross-organizational coordination,0.00038063518496491013,-0.003422567470014894,-0.009032493575897192,0.0
NSFC,S13,N18.3,Community and organizational action-capacity building,0.0,-0.0,-0.0,0.0
NSFC,S13,N19.1,Urban-rural functional linkages and factor flows,0.0001189484953015344,-0.0010695523343796543,-0.003252718316273664,0.0
NSFC,S13,N19.2,Cross-regional coordination and collaborative governance,0.002260021410729154,-0.020321494353213433,-0.04307170032056875,-0.0032153479269854605
NSFC,S15,N01.1,Urban heat-risk adaptation,0.00011754679831908075,-0.0005389317552835281,-0.001759596020653702,0.0
NSFC,S15,N01.2,"Adaptation to flood, storm and coastal climate risks",0.0011284492638631751,-0.005173744850721869,-0.010873862463166658,-0.0011358494107410026
NSFC,S15,N01.3,Adaptation to drought and compound climate risks,0.004037732522260424,-0.01851230579398919,-0.03127122789723743,-0.008374624501148764
NSFC,S15,N01.4,Climate-adaptation capacity and resilience planning,0.008198889182755882,-0.03759048993102608,-0.058177037203314026,-0.020774317514091107
NSFC,S15,N02.1,Disaster prevention and risk reduction,0.0055129448411648865,-0.025275899322797463,-0.043937320623337425,-0.011611428510615323
NSFC,S15,N02.2,Emergency preparedness and response,0.0007934408886537952,-0.003637789348163815,-0.009846440872899967,0.0
NSFC,S15,N02.3,Post-disaster recovery and reconstruction,0.0,-0.0,-0.0,0.0
NSFC,S15,N03.1,Infrastructure reliability and disturbance resistance,0.00011754679831908075,-0.0005389317552835281,-0.0017581233825916252,0.0
NSFC,S15,N03.2,Infrastructure interdependence and cascading-risk control,0.0,-0.0,-0.0,0.0
NSFC,S15,N03.3,Infrastructure service continuity and rapid recovery,0.0,-0.0,-0.0,0.0
NSFC,S15,N04.1,Outdoor air-pollution control,0.0017632019747862114,-0.008083976329252921,-0.015988924340231903,-0.0022583489344611975
NSFC,S15,N04.2,Indoor air-quality improvement,0.0,-0.0,-0.0,0.0
NSFC,S15,N04.3,Reduction of air-pollution exposure,0.0,-0.0,-0.0,0.0
NSFC,S15,N05.1,Water pollution control and water quality improvement,0.007093949278556524,-0.03252453143136092,-0.04829512231945005,-0.01937453766213656
NSFC,S15,N05.2,Water availability and supply security,0.01416438919744923,-0.06494127651166513,-0.09387234130920014,-0.04235582378706309
NSFC,S15,N06.1,Ecosystem integrity and functional restoration,0.5673043580475476,-2.6009924373493636,-3.162878920481622,-2.0334625361883716
NSFC,S15,N06.2,Habitat protection and ecological connectivity,0.019351141673278668,-0.0887216402135508,-0.1252556186933897,-0.05864347526128477
NSFC,S15,N06.3,Species and biodiversity protection,0.2225278438978518,-1.0202517059272471,-1.2600376961326742,-0.7853236722438005
NSFC,S15,N06.4,Enhancement of urban ecosystem services,0.1060683534632226,-0.48630506938009194,-0.6142389265045721,-0.36866816391897433
NSFC,S15,N07.1,Housing affordability and housing security,0.0,-0.0,-0.0,0.0
NSFC,S15,N07.2,Community renewal and residential-environment improvement,0.0005465926121837254,-0.002506032662068405,-0.005728129337693649,0.0
NSFC,S15,N08.1,Transport-service accessibility and travel equity,0.0,-0.0,-0.0,0.0
NSFC,S15,N08.2,Road-traffic safety and injury reduction,0.0,-0.0,-0.0,0.0
NSFC,S15,N08.3,"Improvement of walking, cycling and active travel",0.0,-0.0,-0.0,0.0
NSFC,S15,N09.1,Accessibility of municipal basic services,0.0,-0.0,-0.0,0.0
NSFC,S15,N09.2,Accessibility of public service facilities,0.00013224014810896584,-0.0006062982246939691,-0.0022513888628957687,0.0
NSFC,S15,N10.1,Food affordability and equitable access,0.0,-0.0,-0.0,0.0
NSFC,S15,N10.2,Urban food-supply resilience,0.002938669957977019,-0.013473293882088202,-0.023698783256028307,-0.004966415924488156
NSFC,S15,N10.3,Nutrition security and healthy diets,0.0,-0.0,-0.0,0.0
NSFC,S15,N11.1,Clean-energy access and energy affordability,0.0,-0.0,-0.0,0.0
NSFC,S15,N11.2,Energy-supply reliability and resilience,0.0,-0.0,-0.0,0.0
NSFC,S15,N11.3,Renewable-energy substitution and energy-system transition,0.0,-0.0,-0.0,0.0
NSFC,S15,N12.1,Decarbonization of building operations and the built environment,0.0,-0.0,-0.0,0.0
NSFC,S15,N12.2,Decarbonization of transport systems and travel,0.0,-0.0,-0.0,0.0
NSFC,S15,N12.3,Decarbonization of industrial production and energy use,0.0005289605924358634,-0.0024251928987758763,-0.008089633536413746,0.0
NSFC,S15,N13.1,Source reduction and prevention of consumption waste,0.0,-0.0,-0.0,0.0
NSFC,S15,N13.2,"Safe waste collection, transport and disposal",0.0,-0.0,-0.0,0.0
NSFC,S15,N13.3,"Recycling, reuse and resource circularity",0.0015281083781480498,-0.007006112818685865,-0.014945060110476733,-0.001220625790140167
NSFC,S15,N14.1,Reduction of harmful environmental exposure,0.0021452290693232236,-0.009835504533924387,-0.020275982967285774,-0.0022788607634759697
NSFC,S15,N14.2,Reduction of cumulative and compound exposure risks,0.0,-0.0,-0.0,0.0
NSFC,S15,N14.3,Reduction of environmental health risks for susceptible populations,0.0,-0.0,-0.0,0.0
NSFC,S15,N15.1,Disease prevention and public-health protection,0.0,-0.0,-0.0,0.0
NSFC,S15,N15.2,Access to medical and health services,0.0,-0.0,-0.0,0.0
NSFC,S15,N15.3,Promotion of mental health and social well-being,0.0021158423697434535,-0.009700771595103505,-0.02014098135536343,-0.0021602249609251676
NSFC,S15,N16.1,Reduction of socioeconomic and spatial inequalities,0.0005436539422257484,-0.002492559368186317,-0.00566619380206905,-0.0002634630675256022
NSFC,S15,N16.2,Inclusion and opportunity protection for vulnerable groups,0.0008816009873931056,-0.004041988164626461,-0.010367977249247222,0.0
NSFC,S15,N16.3,"Equitable distribution of resources, risks and benefits",0.0023097945869699366,-0.010590008991321325,-0.019710466559893586,-0.0036566814341022617
NSFC,S15,N17.1,Planning and governance capacity enhancement,0.018378441917188276,-0.08426197993857962,-0.11609621964897993,-0.05636766717938415
NSFC,S15,N17.2,Policy implementation and regulatory capacity enhancement,0.004863498780451966,-0.022298301374855972,-0.040336169371273885,-0.009420096445477774
NSFC,S15,N18.1,Public participation and joint decision-making,5.8773399159540376e-05,-0.00026946587764176404,-0.0008812492509213336,0.0
NSFC,S15,N18.2,Cross-sectoral and cross-organizational coordination,0.0005289605924358634,-0.0024251928987758763,-0.008052865518404688,0.0
NSFC,S15,N18.3,Community and organizational action-capacity building,0.00017632019747862112,-0.0008083976329252921,-0.0022766602854560826,0.0
NSFC,S15,N19.1,Urban-rural functional linkages and factor flows,0.0012048546827705777,-0.005524050491656163,-0.012125712968279986,-0.0009134667705830286
NSFC,S15,N19.2,Cross-regional coordination and collaborative governance,0.0029386699579770194,-0.013473293882088205,-0.025365465752499188,-0.004576230950463233
NSFC,S16,N01.1,Urban heat-risk adaptation,0.007812500000000002,0.07796905785803833,0.0,0.2709904996488459
NSFC,S16,N01.2,"Adaptation to flood, storm and coastal climate risks",0.0,0.0,0.0,0.0
NSFC,S16,N01.3,Adaptation to drought and compound climate risks,0.0,0.0,0.0,0.0
NSFC,S16,N01.4,Climate-adaptation capacity and resilience planning,0.007812500000000002,0.07796905785803833,0.0,0.2709904996488459
NSFC,S16,N02.1,Disaster prevention and risk reduction,0.023437500000000007,0.233907173574115,0.035996238668375105,0.5124556551579913
NSFC,S16,N02.2,Emergency preparedness and response,0.019531250000000003,0.19492264464509582,0.035257966715316245,0.41979496933262406
NSFC,S16,N02.3,Post-disaster recovery and reconstruction,0.0,0.0,0.0,0.0
NSFC,S16,N03.1,Infrastructure reliability and disturbance resistance,0.003906250000000001,0.038984528929019165,0.0,0.13296379131290806
NSFC,S16,N03.2,Infrastructure interdependence and cascading-risk control,0.003906250000000001,0.038984528929019165,0.0,0.13296379131290806
NSFC,S16,N03.3,Infrastructure service continuity and rapid recovery,0.0,0.0,0.0,0.0
NSFC,S16,N04.1,Outdoor air-pollution control,0.023437500000000007,0.233907173574115,0.0,0.5398314701778514
NSFC,S16,N04.2,Indoor air-quality improvement,0.0,0.0,0.0,0.0
NSFC,S16,N04.3,Reduction of air-pollution exposure,0.0,0.0,0.0,0.0
NSFC,S16,N05.1,Water pollution control and water quality improvement,0.026562500000000006,0.2650947967173303,0.029702664572144686,0.557011663355021
NSFC,S16,N05.2,Water availability and supply security,0.0,0.0,0.0,0.0
NSFC,S16,N06.1,Ecosystem integrity and functional restoration,0.003472222222222223,0.034652914603572595,0.0,0.1199620120744929
NSFC,S16,N06.2,Habitat protection and ecological connectivity,0.0,0.0,0.0,0.0
NSFC,S16,N06.3,Species and biodiversity protection,0.0,0.0,0.0,0.0
NSFC,S16,N06.4,Enhancement of urban ecosystem services,0.0,0.0,0.0,0.0
NSFC,S16,N07.1,Housing affordability and housing security,0.0014880952380952384,0.014851249115816825,0.0,0.05434436870967311
NSFC,S16,N07.2,Community renewal and residential-environment improvement,0.02362351190476191,0.2357635797135921,0.04820961556813734,0.5146518483509611
NSFC,S16,N08.1,Transport-service accessibility and travel equity,0.0,0.0,0.0,0.0
NSFC,S16,N08.2,Road-traffic safety and injury reduction,0.0,0.0,0.0,0.0
NSFC,S16,N08.3,"Improvement of walking, cycling and active travel",0.0,0.0,0.0,0.0
NSFC,S16,N09.1,Accessibility of municipal basic services,0.007812500000000002,0.07796905785803833,0.0,0.26933955235891044
NSFC,S16,N09.2,Accessibility of public service facilities,0.010168650793650794,0.10148353562474828,0.0,0.2513818359347038
NSFC,S16,N10.1,Food affordability and equitable access,0.0,0.0,0.0,0.0
NSFC,S16,N10.2,Urban food-supply resilience,0.0,0.0,0.0,0.0
NSFC,S16,N10.3,Nutrition security and healthy diets,0.0,0.0,0.0,0.0
NSFC,S16,N11.1,Clean-energy access and energy affordability,0.0,0.0,0.0,0.0
NSFC,S16,N11.2,Energy-supply reliability and resilience,0.0,0.0,0.0,0.0
NSFC,S16,N11.3,Renewable-energy substitution and energy-system transition,0.0,0.0,0.0,0.0
NSFC,S16,N12.1,Decarbonization of building operations and the built environment,0.0,0.0,0.0,0.0
NSFC,S16,N12.2,Decarbonization of transport systems and travel,0.0,0.0,0.0,0.0
NSFC,S16,N12.3,Decarbonization of industrial production and energy use,0.0,0.0,0.0,0.0
NSFC,S16,N13.1,Source reduction and prevention of consumption waste,0.0,0.0,0.0,0.0
NSFC,S16,N13.2,"Safe waste collection, transport and disposal",0.003906250000000001,0.038984528929019165,0.0,0.1338114844596313
NSFC,S16,N13.3,"Recycling, reuse and resource circularity",0.0,0.0,0.0,0.0
NSFC,S16,N14.1,Reduction of harmful environmental exposure,0.0,0.0,0.0,0.0
NSFC,S16,N14.2,Reduction of cumulative and compound exposure risks,0.0,0.0,0.0,0.0
NSFC,S16,N14.3,Reduction of environmental health risks for susceptible populations,0.0,0.0,0.0,0.0
NSFC,S16,N15.1,Disease prevention and public-health protection,0.0,0.0,0.0,0.0
NSFC,S16,N15.2,Access to medical and health services,0.0,0.0,0.0,0.0
NSFC,S16,N15.3,Promotion of mental health and social well-being,0.0,0.0,0.0,0.0
NSFC,S16,N16.1,Reduction of socioeconomic and spatial inequalities,0.0014880952380952384,0.014851249115816825,0.0,0.05434436870967311
NSFC,S16,N16.2,Inclusion and opportunity protection for vulnerable groups,0.0014880952380952384,0.014851249115816825,0.0,0.05434436870967311
NSFC,S16,N16.3,"Equitable distribution of resources, risks and benefits",0.005208333333333334,0.05197937190535888,0.0,0.1865021708618165
NSFC,S16,N17.1,Planning and governance capacity enhancement,0.2880332341269842,2.8745830267756447,1.764641224859471,4.110589971813462
NSFC,S16,N17.2,Policy implementation and regulatory capacity enhancement,0.2954117063492064,2.9482204703082364,1.7850061867858555,4.185923949506527
NSFC,S16,N18.1,Public participation and joint decision-making,0.11640625,1.161738962084771,0.5831489633096942,1.8291003756610855
NSFC,S16,N18.2,Cross-sectoral and cross-organizational coordination,0.09817708333333336,0.9798111604160151,0.4575418369189764,1.601403170411643
NSFC,S16,N18.3,Community and organizational action-capacity building,0.003472222222222223,0.034652914603572595,0.0,0.1199620120744929
NSFC,S16,N19.1,Urban-rural functional linkages and factor flows,0.0,0.0,0.0,0.0
NSFC,S16,N19.2,Cross-regional coordination and collaborative governance,0.023437500000000007,0.233907173574115,0.0,0.6487184165229628
NSFC,S17,N01.1,Urban heat-risk adaptation,0.0,0.0,0.0,0.0
NSFC,S17,N01.2,"Adaptation to flood, storm and coastal climate risks",0.0,0.0,0.0,0.0
NSFC,S17,N01.3,Adaptation to drought and compound climate risks,0.0,0.0,0.0,0.0
NSFC,S17,N01.4,Climate-adaptation capacity and resilience planning,0.0,0.0,0.0,0.0
NSFC,S17,N02.1,Disaster prevention and risk reduction,0.0,0.0,0.0,0.0
NSFC,S17,N02.2,Emergency preparedness and response,0.0,0.0,0.0,0.0
NSFC,S17,N02.3,Post-disaster recovery and reconstruction,0.0,0.0,0.0,0.0
NSFC,S17,N03.1,Infrastructure reliability and disturbance resistance,0.0,0.0,0.0,0.0
NSFC,S17,N03.2,Infrastructure interdependence and cascading-risk control,0.0,0.0,0.0,0.0
NSFC,S17,N03.3,Infrastructure service continuity and rapid recovery,0.0,0.0,0.0,0.0
NSFC,S17,N04.1,Outdoor air-pollution control,0.04130434782608696,0.5171253805370218,0.0,1.4198576033190309
NSFC,S17,N04.2,Indoor air-quality improvement,0.0,0.0,0.0,0.0
NSFC,S17,N04.3,Reduction of air-pollution exposure,0.006521739130434783,0.0816513758742666,0.0,0.31750141423223427
NSFC,S17,N05.1,Water pollution control and water quality improvement,0.008695652173913044,0.10886850116568879,0.0,0.38804920064129794
NSFC,S17,N05.2,Water availability and supply security,0.017391304347826087,0.21773700233137758,0.0,0.644896064539913
NSFC,S17,N06.1,Ecosystem integrity and functional restoration,0.008695652173913044,0.10886850116568879,0.0,0.4137071988141772
NSFC,S17,N06.2,Habitat protection and ecological connectivity,0.0,0.0,0.0,0.0
NSFC,S17,N06.3,Species and biodiversity protection,0.0,0.0,0.0,0.0
NSFC,S17,N06.4,Enhancement of urban ecosystem services,0.026086956521739132,0.3266055034970664,0.0,1.0958172463497773
NSFC,S17,N07.1,Housing affordability and housing security,0.0,0.0,0.0,0.0
NSFC,S17,N07.2,Community renewal and residential-environment improvement,0.0,0.0,0.0,0.0
NSFC,S17,N08.1,Transport-service accessibility and travel equity,0.052173913043478265,0.6532110069941328,0.0,2.235070306683693
NSFC,S17,N08.2,Road-traffic safety and injury reduction,0.0,0.0,0.0,0.0
NSFC,S17,N08.3,"Improvement of walking, cycling and active travel",0.0,0.0,0.0,0.0
NSFC,S17,N09.1,Accessibility of municipal basic services,0.0,0.0,0.0,0.0
NSFC,S17,N09.2,Accessibility of public service facilities,0.0,0.0,0.0,0.0
NSFC,S17,N10.1,Food affordability and equitable access,0.0,0.0,0.0,0.0
NSFC,S17,N10.2,Urban food-supply resilience,0.008695652173913044,0.10886850116568879,0.0,0.42719345685367843
NSFC,S17,N10.3,Nutrition security and healthy diets,0.0,0.0,0.0,0.0
NSFC,S17,N11.1,Clean-energy access and energy affordability,0.0,0.0,0.0,0.0
NSFC,S17,N11.2,Energy-supply reliability and resilience,0.008695652173913044,0.10886850116568879,0.0,0.42719345685367843
NSFC,S17,N11.3,Renewable-energy substitution and energy-system transition,0.034782608695652174,0.43547400466275515,0.0,1.3188992570861704
NSFC,S17,N12.1,Decarbonization of building operations and the built environment,0.0,0.0,0.0,0.0
NSFC,S17,N12.2,Decarbonization of transport systems and travel,0.0,0.0,0.0,0.0
NSFC,S17,N12.3,Decarbonization of industrial production and energy use,0.11086956521739132,1.3880733898625321,0.19742615726703844,3.2131638337512696
NSFC,S17,N13.1,Source reduction and prevention of consumption waste,0.0,0.0,0.0,0.0
NSFC,S17,N13.2,"Safe waste collection, transport and disposal",0.026086956521739132,0.3266055034970664,0.0,1.1272138506931186
NSFC,S17,N13.3,"Recycling, reuse and resource circularity",0.0,0.0,0.0,0.0
NSFC,S17,N14.1,Reduction of harmful environmental exposure,0.0,0.0,0.0,0.0
NSFC,S17,N14.2,Reduction of cumulative and compound exposure risks,0.0,0.0,0.0,0.0
NSFC,S17,N14.3,Reduction of environmental health risks for susceptible populations,0.0,0.0,0.0,0.0
NSFC,S17,N15.1,Disease prevention and public-health protection,0.0,0.0,0.0,0.0
NSFC,S17,N15.2,Access to medical and health services,0.0,0.0,0.0,0.0
NSFC,S17,N15.3,Promotion of mental health and social well-being,0.0,0.0,0.0,0.0
NSFC,S17,N16.1,Reduction of socioeconomic and spatial inequalities,0.0,0.0,0.0,0.0
NSFC,S17,N16.2,Inclusion and opportunity protection for vulnerable groups,0.0,0.0,0.0,0.0
NSFC,S17,N16.3,"Equitable distribution of resources, risks and benefits",0.0,0.0,0.0,0.0
NSFC,S17,N17.1,Planning and governance capacity enhancement,0.09347826086956523,1.1703363875311548,0.08463437818807563,2.89904077583034
NSFC,S17,N17.2,Policy implementation and regulatory capacity enhancement,0.2521739130434783,3.1571865338049756,0.9023619274974817,5.746971474378921
NSFC,S17,N18.1,Public participation and joint decision-making,0.026086956521739132,0.3266055034970664,0.0,1.1272138506931186
NSFC,S17,N18.2,Cross-sectoral and cross-organizational coordination,0.11304347826086956,1.4152905151539543,0.0,3.928899648094691
NSFC,S17,N18.3,Community and organizational action-capacity building,0.0,0.0,0.0,0.0
NSFC,S17,N19.1,Urban-rural functional linkages and factor flows,0.0,0.0,0.0,0.0
NSFC,S17,N19.2,Cross-regional coordination and collaborative governance,0.16521739130434787,2.068501522148088,0.6130572677195247,3.690649782420792
