stage,panel_role,source,source_label,target,target_label,pair_code,observed_nsf_share,observed_nsfc_share,balanced_nsf_share,balanced_nsfc_share,observed_local_jsd,balanced_local_jsd,observed_absolute_contribution,balanced_absolute_contribution,retained_fraction,observed_overlap_contribution,balanced_overlap_contribution,overlap_gain,observed_signed_gap_nsfc_minus_nsf,balanced_signed_gap_nsfc_minus_nsf,absolute_gap_change,movement_magnitude,movement_class,observed_dominance_class,balanced_dominance_class,ranking_metric,ranking_value,importance_rank,stage_pair_n,supporting_cutoff,emphasis_class,label_code,importance_normalised,key_coverage,rank
Pressure → system,Largest initial contribution,P04,Population and spatial-development pressure,O02,Housing and built-environment systems,P04→O02,0.004511035927178992,0.07428777497295348,0.01594604987898868,0.049667957888113116,0.0186682803910777,0.0045471113811943915,0.006222760130359233,0.0015157037937314638,0.24357419569119146,0.004511035927178992,0.01594604987898868,0.01143501395180969,0.06977673904577449,0.03372190800912443,-0.036054831036650054,0.027145808836155163,Toward parity,NSFC-dominant / NSFC,NSFC-dominant / NSFC,Observed absolute contribution to total Jensen–Shannon divergence,0.006222760130359233,1,90,20,Key,P04→O02,1.0,0.5746008325521716,1
Need → pressure,Largest overlap gain,N17,Planning and policy implementation capacity,P04,Population and spatial-development pressure,N17→P04,0.003262445625906236,0.038751652842889776,0.01744648944434121,0.020834720644901546,0.008826157633378143,7.507042424873195e-05,0.002942052544459381,2.5023474749577318e-05,0.008505447938617808,0.003262445625906236,0.01744648944434121,0.014184043818434973,0.03548920721698354,0.0033882312005603377,-0.0321009760164232,0.022851773638617,Toward parity,NSFC-dominant / NSFC,Balanced,Pair contribution to distribution overlap coefficient gain,0.014184043818434973,3,150,23,Key,N17→P04,0.46285540550958837,0.54153435544169,2
Pressure → system,Largest initial contribution,P01,Extreme climate and natural-hazard shocks,O01,Population and community systems,P01→O01,0.052360238440470434,0.009376126938333935,0.04013531344226596,0.013800379604246085,0.008248033463067917,0.0033563504129869503,0.0027493444876893055,0.00111878347099565,0.40692735159424664,0.009376126938333935,0.013800379604246085,0.00442425266591215,-0.0429841115021365,-0.026334933838019874,-0.016649177664116624,0.013000877003631542,Toward parity,NSF-dominant / NSF,NSF-dominant / NSF,Observed absolute contribution to total Jensen–Shannon divergence,0.0027493444876893055,2,90,20,Key,P01→O01,0.4418207403296757,0.5746008325521716,3
Pressure → system,Largest initial contribution,P03,Resource and environmental carrying-capacity pressure,O08,Green-blue spaces and ecosystems,P03→O08,0.0259384565812792,0.08348359177785791,0.03737623781588147,0.06182614496808184,0.007960016714706027,0.0015221463816827664,0.002653338904902009,0.0005073821272275887,0.19122401827003963,0.0259384565812792,0.03737623781588147,0.011437781234602273,0.05754513519657871,0.02444990715220037,-0.03309522804437834,0.024492199613119676,Toward parity,NSFC-dominant / NSFC,NSFC-dominant / NSFC,Observed absolute contribution to total Jensen–Shannon divergence,0.002653338904902009,3,90,20,Key,P03→O08,0.42639260542232005,0.5746008325521716,4
Need → pressure,Largest overlap gain,N01,Climate adaptation and extreme-risk reduction,P01,Extreme climate and natural-hazard shocks,N01→P01,0.13602652918747649,0.05887125856473134,0.10255786709312667,0.08951591270422186,0.007849087011501757,0.000221560067203658,0.002616362337167252,7.385335573455265e-05,0.02822749536079702,0.05887125856473134,0.08951591270422186,0.030644654139490524,-0.07715527062274515,-0.013041954388904806,-0.06411331623384034,0.04537891767897029,Toward parity,NSF-dominant / NSF,Balanced,Pair contribution to distribution overlap coefficient gain,0.030644654139490524,1,150,23,Key,N01→P01,1.0,0.54153435544169,5
System → knowledge,Most persistent residual,O05,Energy supply and power systems,K04,Intervention design and performance optimization,O05→K04,0.06975994844530368,0.01983411467724486,0.04850659818906666,0.038217590648003216,0.007369166100771957,0.0003058934173333005,0.0024563887002573186,0.0001019644724444335,0.04150990941855099,0.01983411467724486,0.038217590648003216,0.018383475970758355,-0.04992583376805883,-0.010289007541063447,-0.03963682622699538,0.02810083781458731,Toward parity,NSF-dominant / NSF,Balanced,Balanced residual contribution to total Jensen–Shannon divergence,0.0001019644724444335,23,71,20,Background,,0.15291585549188846,0.3735939307365201,6
Need → pressure,Largest overlap gain,N06,Ecological integrity and biodiversity protection,P03,Resource and environmental carrying-capacity pressure,N06→P03,0.021427420654100214,0.07203389830508473,0.034227979620636964,0.05022464582148232,0.007232052129280561,0.0007621015107245085,0.0024106840430935202,0.0002540338369081695,0.10537832099397791,0.021427420654100214,0.034227979620636964,0.01280055896653675,0.05060647765098452,0.015996666200845354,-0.034609811450139166,0.025288293808584685,Toward parity,NSFC-dominant / NSFC,Balanced,Pair contribution to distribution overlap coefficient gain,0.01280055896653675,4,150,23,Key,N06→P03,0.4177093632145513,0.54153435544169,7
Need → pressure,Largest overlap gain,N06,Ecological integrity and biodiversity protection,P04,Population and spatial-development pressure,N06→P04,0.0066591482734547035,0.04141122731097489,0.010370012901344367,0.027518302100688972,0.006990940224600945,0.0020126908228865117,0.002330313408200315,0.0006708969409621705,0.2878998758713317,0.0066591482734547035,0.010370012901344367,0.0037108646278896634,0.03475207903752019,0.017148289199344607,-0.01760378983817558,0.014379982169151692,Toward parity,NSFC-dominant / NSFC,NSFC-dominant / NSFC,Pair contribution to distribution overlap coefficient gain,0.0037108646278896634,15,150,23,Supporting,,0.1210933760582934,0.54153435544169,8
Pressure → system,Largest initial contribution,P04,Population and spatial-development pressure,O08,Green-blue spaces and ecosystems,P04→O08,0.008860963428387304,0.04597908402452218,0.015532962755385231,0.03200750433668178,0.00687884239837958,0.001457294284500385,0.0022929474661265263,0.00048576476150012833,0.21185167504981273,0.008860963428387304,0.015532962755385231,0.006671999326997927,0.037118120596134875,0.016474541581296548,-0.020643579014838327,0.015482913614469832,Toward parity,NSFC-dominant / NSFC,NSFC-dominant / NSFC,Observed absolute contribution to total Jensen–Shannon divergence,0.0022929474661265263,4,90,20,Key,P04→O08,0.36847755949001315,0.5746008325521716,9
Pressure → system,Largest initial contribution,P07,High-carbon technological and industrial path dependence,O05,Energy supply and power systems,P07→O05,0.03995488964072821,0.010638297872340425,0.02586030378527038,0.01899940650305155,0.004523820531252006,0.00026336081940752883,0.0015079401770840021,8.778693980250961e-05,0.058216460531125766,0.010638297872340425,0.01899940650305155,0.008361108630711123,-0.02931659176838778,-0.006860897282218833,-0.022455694486168947,0.016387967780399856,Toward parity,NSF-dominant / NSF,Balanced,Observed absolute contribution to total Jensen–Shannon divergence,0.0015079401770840021,5,90,20,Key,P07→O05,0.24232657944296343,0.5746008325521716,10
Need → pressure,Largest overlap gain,N11,Clean-energy access and energy security,P07,High-carbon technological and industrial path dependence,N11→P07,0.03376564094302133,0.008264214448852024,0.021163341485602227,0.017258594052632255,0.004149525567894706,9.937947731586936e-05,0.0013831751892982354,3.312649243862312e-05,0.02394959994578134,0.008264214448852024,0.017258594052632255,0.008994379603780231,-0.025501426494169303,-0.0039047474329699725,-0.02159667906119933,0.015482790965176903,Toward parity,NSF-dominant / NSF,Balanced,Pair contribution to distribution overlap coefficient gain,0.008994379603780231,7,150,23,Supporting,,0.2935056653874758,0.54153435544169,11
System → knowledge,Most persistent residual,O02,Housing and built-environment systems,K05,Planning decision support and policy design,O02→K05,0.004188819075237635,0.02434186801298233,0.005364600544690983,0.01644895651240008,0.003937199053164105,0.0014759937219626788,0.0013123996843880349,0.0004919979073208929,0.37488420118777227,0.004188819075237635,0.005364600544690983,0.0011757814694533485,0.020153048937744694,0.011084355967709097,-0.009068692970035597,0.007980007144102904,Toward parity,NSFC-dominant / NSFC,NSFC-dominant / NSFC,Balanced residual contribution to total Jensen–Shannon divergence,0.0004919979073208929,3,71,20,Key,O02→K05,0.7378479885647702,0.3735939307365201,12
Pressure → system,Largest initial contribution,P01,Extreme climate and natural-hazard shocks,O02,Housing and built-environment systems,P01→O02,0.05864346705332689,0.02452217814641183,0.04820877986705247,0.03242190903080279,0.0036052956804641153,0.0007777514720146445,0.0012017652268213716,0.00025925049067154814,0.2157247396459098,0.02452217814641183,0.03242190903080279,0.00789973088439096,-0.03412128890691506,-0.015786870836249682,-0.018334418070665374,0.013087721143163157,Toward parity,NSF-dominant / NSF,Balanced,Observed absolute contribution to total Jensen–Shannon divergence,0.0012017652268213716,6,90,20,Key,P01→O02,0.1931241445348778,0.5746008325521716,13
System → knowledge,Most persistent residual,O02,Housing and built-environment systems,K02,Mechanism analysis and causal identification,O02→K02,0.02497180602545513,0.05896141363144609,0.03272895782237687,0.046498911613025155,0.003541935721202168,0.0006013602162730407,0.0011806452404007225,0.00020045340542434689,0.16978292764413386,0.02497180602545513,0.03272895782237687,0.007757151796921741,0.03398960760599096,0.013769953790648284,-0.020219653815342672,0.01467948774854327,Toward parity,NSFC-dominant / NSFC,Balanced,Balanced residual contribution to total Jensen–Shannon divergence,0.00020045340542434689,16,71,20,Supporting,,0.300619453441793,0.3735939307365201,14
Need → pressure,Largest overlap gain,N02,"Disaster prevention, emergency response and recovery",P01,Extreme climate and natural-hazard shocks,N02→P01,0.12281563825788085,0.07275513883880273,0.09780679968855704,0.1000353995655198,0.0032394458066153983,6.276166651916814e-06,0.0010798152688717994,2.092055550638938e-06,0.001937419863329712,0.07275513883880273,0.09780679968855704,0.025051660849754312,-0.050060499419078114,0.00222859987696275,-0.047831899542115364,0.03700884531979023,Toward parity,NSF-dominant / NSF,Balanced,Pair contribution to distribution overlap coefficient gain,0.025051660849754312,2,150,23,Key,N02→P01,0.8174887775114829,0.54153435544169,15
Pressure → system,Largest initial contribution,P04,Population and spatial-development pressure,O12,"Planning, governance and public administration systems",P04→O12,0.002416626389560174,0.01694915254237288,0.01063290155758076,0.009102095022386568,0.0030674308901542896,2.9715285834222267e-05,0.001022476963384763,9.905095278074089e-06,0.009687352999411052,0.002416626389560174,0.009102095022386568,0.006685468632826394,0.014532526152812707,-0.001530806535194192,-0.013001719617618515,0.01136149151117957,Toward parity,NSFC-dominant / NSFC,Balanced,Observed absolute contribution to total Jensen–Shannon divergence,0.001022476963384763,7,90,20,Supporting,,0.16431245009692133,0.5746008325521716,16
Need → pressure,Largest overlap gain,N19,Urban-rural linkages and cross-regional coordination,P04,Population and spatial-development pressure,N19→P04,0.0013694216207507655,0.013974035340786152,0.004015094621949513,0.00802257159819729,0.003009966521835177,0.0003399852269133667,0.001003322173945059,0.00011332840897112222,0.11295315892951449,0.0013694216207507655,0.004015094621949513,0.0026456730011987476,0.012604613720035386,0.0040074769762477765,-0.00859713674378761,0.006513025894975532,Toward parity,NSFC-dominant / NSFC,NSFC-dominant / NSFC,Pair contribution to distribution overlap coefficient gain,0.0026456730011987476,17,150,23,Supporting,,0.08633391615894845,0.54153435544169,17
Pressure → system,Largest initial contribution,P01,Extreme climate and natural-hazard shocks,O12,"Planning, governance and public administration systems",P01→O12,0.03479942000966651,0.011900468806346917,0.029234497706945924,0.015713662146294743,0.0029320327231036085,0.0010327170555736258,0.000977344241034536,0.0003442390185245419,0.3522188028244366,0.011900468806346917,0.015713662146294743,0.0038131933399478263,-0.02289895120331959,-0.01352083556065118,-0.009378115642668411,0.006746021322464037,Toward parity,NSF-dominant / NSF,NSF-dominant / NSF,Observed absolute contribution to total Jensen–Shannon divergence,0.000977344241034536,8,90,20,Supporting,,0.15705960386715326,0.5746008325521716,18
Need → pressure,Largest overlap gain,N01,Climate adaptation and extreme-risk reduction,P04,Population and spatial-development pressure,N01→P04,0.001423124429407658,0.013388027407140282,0.0027489432041763275,0.012902782969970245,0.002790074954640011,0.0017877575444489782,0.0009300249848800037,0.0005959191814829927,0.6407560992137012,0.001423124429407658,0.0027489432041763275,0.0013258187747686695,0.011964902977732624,0.010153839765793917,-0.001811063211938706,0.0014118277470476213,Toward parity,NSFC-dominant / NSFC,NSFC-dominant / NSFC,Pair contribution to distribution overlap coefficient gain,0.0013258187747686695,26,150,23,Background,,0.04326427600499953,0.54153435544169,19
Need → pressure,Largest overlap gain,N07,Housing security and community renewal,P04,Population and spatial-development pressure,N07→P04,0.0012083131947800872,0.01274191609568458,0.004656399262944518,0.0074419708419986305,0.002779648692655972,0.00016178754810537688,0.0009265495642186573,5.392918270179229e-05,0.05820431500312648,0.0012083131947800872,0.004656399262944518,0.003448086068164431,0.011533602900904494,0.0027855715790541125,-0.008748031321850381,0.006322872545413032,Toward parity,NSFC-dominant / NSFC,NSFC-dominant / NSFC,Pair contribution to distribution overlap coefficient gain,0.003448086068164431,16,150,23,Supporting,,0.11251835483178198,0.54153435544169,20
System → knowledge,Most persistent residual,O06,Waste and resource-circulation systems,K04,Intervention design and performance optimization,O06→K04,0.01868857741259868,0.003966822935448972,0.015156942014027674,0.003907028864110775,0.0025971599724576152,0.0017726450981276386,0.000865719990819205,0.0005908816993758795,0.6825321185164568,0.003966822935448972,0.003907028864110775,-5.97940713381968e-05,-0.014721754477149707,-0.011249913149916899,-0.0034718413272328084,0.0035321415486085734,Toward parity,NSF-dominant / NSF,NSF-dominant / NSF,Balanced residual contribution to total Jensen–Shannon divergence,0.0005908816993758795,2,71,20,Key,O06→K04,0.8861437556478644,0.3735939307365201,21
Pressure → system,Largest initial contribution,P04,Population and spatial-development pressure,O03,Transport and urban mobility systems,P04→O03,0.0038666022232962784,0.018031013342949875,0.0060146616998172425,0.014727052493056518,0.00248521467493498,0.0009438962492579789,0.0008284048916449933,0.00031463208308599297,0.3798047141672676,0.0038666022232962784,0.0060146616998172425,0.002148059476520964,0.014164411119653598,0.008712390793239277,-0.005452020326414321,0.003940852295164024,Toward parity,NSFC-dominant / NSFC,NSFC-dominant / NSFC,Observed absolute contribution to total Jensen–Shannon divergence,0.0008284048916449933,9,90,20,Supporting,,0.13312499185103097,0.5746008325521716,22
System → knowledge,Most persistent residual,O04,"Water supply, drainage and stormwater systems",K01,State measurement and problem diagnosis,O04→K01,0.03157725149025294,0.01153984853948792,0.025648559792329148,0.013522807280331737,0.0024199491242232656,0.0009539943915370802,0.0008066497080744218,0.00031799813051236003,0.3942208462102628,0.01153984853948792,0.013522807280331737,0.001982958740843817,-0.020037402950765025,-0.012125752511997412,-0.007911650438767613,0.006251520664359946,Toward parity,NSF-dominant / NSF,NSF-dominant / NSF,Balanced residual contribution to total Jensen–Shannon divergence,0.00031799813051236003,10,71,20,Supporting,,0.4769009735093609,0.3735939307365201,23
System → knowledge,Most persistent residual,O04,"Water supply, drainage and stormwater systems",K04,Intervention design and performance optimization,O04→K04,0.04946028677299823,0.02416155787955283,0.03954018947563055,0.029590377956493382,0.0022182858892526146,0.00035926007010729814,0.0007394286297508715,0.0001197533567024327,0.16195390857773526,0.02416155787955283,0.029590377956493382,0.005428820076940552,-0.025298728893445397,-0.00994981151913717,-0.015348917374308227,0.011308422428306888,Toward parity,NSF-dominant / NSF,Balanced,Balanced residual contribution to total Jensen–Shannon divergence,0.0001197533567024327,20,71,20,Supporting,,0.17959379918487955,0.3735939307365201,24
Pressure → system,Largest initial contribution,P08,Institutional coordination and policy implementation pressure,O02,Housing and built-environment systems,P08→O02,0.0028999516674722086,0.014785430941218897,0.004913171423839891,0.011074972531447534,0.0021836589487102646,0.0006093333846272132,0.0007278863162367548,0.00020311112820907106,0.279042377467921,0.0028999516674722086,0.004913171423839891,0.0020132197563676826,0.011885479273746688,0.006161801107607643,-0.005723678166139045,0.004221439967365659,Toward parity,NSFC-dominant / NSFC,NSFC-dominant / NSFC,Observed absolute contribution to total Jensen–Shannon divergence,0.0007278863162367548,10,90,20,Supporting,,0.11697161725479122,0.5746008325521716,25
Need → pressure,Largest overlap gain,N17,Planning and policy implementation capacity,P08,Institutional coordination and policy implementation pressure,N17→P08,0.015520111701842011,0.036197259285971894,0.027438319140287118,0.03023689430013811,0.0021256515779904655,3.396215960914395e-05,0.0007085505259968218,1.1320719869714648e-05,0.01597729372056867,0.015520111701842011,0.027438319140287118,0.011918207438445107,0.020677147584129883,0.002798575159850991,-0.017878572424278892,0.01332552510448131,Toward parity,NSFC-dominant / NSFC,Balanced,Pair contribution to distribution overlap coefficient gain,0.011918207438445107,5,150,23,Key,N17→P08,0.3889163631671273,0.54153435544169,26
Need → pressure,Largest overlap gain,N03,Critical infrastructure resilience,P01,Extreme climate and natural-hazard shocks,N03→P01,0.03635411632028356,0.017069359297992547,0.027726260214745734,0.025116068134762873,0.0017802645314228087,3.2246289199528355e-05,0.0005934215104742695,1.074876306650945e-05,0.018113200948713354,0.017069359297992547,0.025116068134762873,0.008046708836770326,-0.019284757022291016,-0.0026101920799828614,-0.016674564942308154,0.011797856757971934,Toward parity,NSF-dominant / NSF,Balanced,Pair contribution to distribution overlap coefficient gain,0.008046708836770326,8,150,23,Supporting,,0.2625811601639471,0.54153435544169,27
Need → pressure,Largest overlap gain,N12,"Decarbonization of buildings, transport and industry",P04,Population and spatial-development pressure,N12→P04,0.0004833252779120349,0.0071222502704652,0.0012966645206845416,0.004929219206440273,0.001736066277576131,0.0005649732045391676,0.0005786887591920436,0.00018832440151305584,0.32543296983337205,0.0004833252779120349,0.0012966645206845416,0.0008133392427725067,0.006638924992553165,0.0036325546857557314,-0.0030063703067974333,0.002338996787430897,Toward parity,NSFC-dominant / NSFC,NSFC-dominant / NSFC,Pair contribution to distribution overlap coefficient gain,0.0008133392427725067,32,150,23,Background,,0.026540982941765018,0.54153435544169,28
Need → pressure,Largest overlap gain,N02,"Disaster prevention, emergency response and recovery",P04,Population and spatial-development pressure,N02→P04,0.0011009075774663017,0.008865248226950355,0.0009344628729833146,0.01024031487743279,0.0017224584427638651,0.002266347447750921,0.0005741528142546217,0.000755449149250307,1.315763208843709,0.0011009075774663017,0.0009344628729833146,-0.0001664447044829871,0.007764340649484053,0.009305852004449475,0.0015415113549654223,0.001385103654214879,Away from parity,NSFC-dominant / NSFC,NSFC-dominant / NSFC,Pair contribution to distribution overlap coefficient gain,0.0,90,150,23,Background,,0.0,0.54153435544169,29
System → knowledge,Most persistent residual,O11,Industrial production and employment systems,K02,Mechanism analysis and causal identification,O11→K02,0.0038666022232962784,0.014785430941218897,0.00512354752327651,0.013536807900784232,0.001704677191098299,0.000983373457086818,0.0005682257303660996,0.00032779115236227267,0.5768678446699018,0.0038666022232962784,0.00512354752327651,0.0012569452999802314,0.01091882871792262,0.008413260377507722,-0.0025055683404148973,0.0017717141372825078,Toward parity,NSFC-dominant / NSFC,NSFC-dominant / NSFC,Balanced residual contribution to total Jensen–Shannon divergence,0.00032779115236227267,9,71,20,Supporting,,0.49158754303823504,0.3735939307365201,30
Pressure → system,Largest initial contribution,P05,Infrastructure ageing and system-function failure,O05,Energy supply and power systems,P05→O05,0.028355082970839374,0.012080778939776415,0.021909686353839334,0.022203943882254374,0.0016848369753129184,4.907107774452732e-07,0.0005616123251043061,1.6357025914842438e-07,0.0002912511920354403,0.012080778939776415,0.021909686353839334,0.009828907414062919,-0.01627430403106296,0.00029425752841504005,-0.01598004650264792,0.012000900216360869,Toward parity,NSF-dominant / NSF,Balanced,Observed absolute contribution to total Jensen–Shannon divergence,0.0005616123251043061,11,90,20,Supporting,,0.09025132149387298,0.5746008325521716,31
Need → pressure,Largest overlap gain,N16,Social inclusion and distributive equity,P01,Extreme climate and natural-hazard shocks,N16→P01,0.005818699317974328,0.00018031013342949875,0.003938012003411283,0.00025300464375702043,0.0016743479629174173,0.000974762172380134,0.0005581159876391391,0.0003249207241267113,0.5821741919652644,0.00018031013342949875,0.00025300464375702043,7.269451032752169e-05,-0.00563838918454483,-0.0036850073596542622,-0.0019533818248905674,0.0018820917265080675,Toward parity,NSF-dominant / NSF,NSF-dominant / NSF,Pair contribution to distribution overlap coefficient gain,7.269451032752169e-05,71,150,23,Background,,0.002372175910246062,0.54153435544169,32
Pressure → system,Largest initial contribution,P01,Extreme climate and natural-hazard shocks,O08,Green-blue spaces and ecosystems,P01→O08,0.17190269051071372,0.12820050486837362,0.16789635626590263,0.14413657455406084,0.0015966917648852635,0.000452735888684783,0.0005322305882950878,0.00015091196289492766,0.28354620387067386,0.12820050486837362,0.14413657455406084,0.015936069685687226,-0.0437021856423401,-0.023759781711841788,-0.019942403930498315,0.016431951530728947,Toward parity,Balanced,Balanced,Observed absolute contribution to total Jensen–Shannon divergence,0.0005322305882950878,12,90,20,Supporting,,0.08552966483449569,0.5746008325521716,33
System → knowledge,Most persistent residual,O01,Population and community systems,K04,Intervention design and performance optimization,O01→K04,0.005477686483003061,0.00018031013342949875,0.003828914790671467,5.166250121655337e-05,0.0015615215852359202,0.0012076817166214327,0.00052050719507864,0.00040256057220714424,0.7734005908339538,0.00018031013342949875,5.166250121655337e-05,-0.00012864763221294537,-0.005297376349573562,-0.0037772522894549136,-0.0015201240601186486,0.001653783028909169,Toward parity,NSF-dominant / NSF,NSF-dominant / NSF,Balanced residual contribution to total Jensen–Shannon divergence,0.00040256057220714424,5,71,20,Key,O01→K04,0.6037190485137474,0.3735939307365201,34
Need → pressure,Largest overlap gain,N08,Transport accessibility and travel safety,P04,Population and spatial-development pressure,N08→P04,0.00281939745448687,0.011990623873061665,0.004252742989679349,0.009456412527315447,0.0015282965890936302,0.0005063962368215325,0.0005094321963645433,0.0001687987456071775,0.33134683440068097,0.00281939745448687,0.004252742989679349,0.0014333455351924792,0.009171226418574796,0.005203669537636098,-0.0039675568809386975,0.002911478416228613,Toward parity,NSFC-dominant / NSFC,NSFC-dominant / NSFC,Pair contribution to distribution overlap coefficient gain,0.0014333455351924792,25,150,23,Background,,0.0467731020447506,0.54153435544169,35
Need → pressure,Largest overlap gain,N04,Air quality improvement,P02,Pollutant emissions and cumulative environmental exposure,N04→P02,0.02985876161323238,0.050757302560403915,0.04507818073372095,0.03746801959601364,0.0013700038134979754,0.00017564973714174147,0.00045666793783265844,5.854991238058049e-05,0.12821113007945728,0.02985876161323238,0.03746801959601364,0.00760925798278126,0.020898540947171536,-0.007610161137707308,-0.013288379809464228,0.020204844965322714,Toward parity,NSFC-dominant / NSFC,Balanced,Pair contribution to distribution overlap coefficient gain,0.00760925798278126,9,150,23,Supporting,,0.2483062118483993,0.54153435544169,36
Pressure → system,Largest initial contribution,P02,Pollutant emissions and cumulative environmental exposure,O04,"Water supply, drainage and stormwater systems",P02→O04,0.06025455131303367,0.03750450775333574,0.05063128601406776,0.05144714017982251,0.001335784894879964,1.6301806641907707e-06,0.00044526163162665464,5.433935547302568e-07,0.0012203915993055615,0.03750450775333574,0.05063128601406776,0.013126778260732018,-0.02275004355969793,0.0008158541657547549,-0.021934189393943176,0.01694119930803017,Toward parity,NSF-dominant / NSF,Balanced,Observed absolute contribution to total Jensen–Shannon divergence,0.00044526163162665464,13,90,20,Supporting,,0.07155371929802318,0.5746008325521716,37
Need → pressure,Largest overlap gain,N19,Urban-rural linkages and cross-regional coordination,P08,Institutional coordination and policy implementation pressure,N19→P08,0.00126201600343698,0.007768361581920906,0.0037097225375085446,0.0066841467939475685,0.001303235216607543,0.0002158025356255736,0.00043441173886918095,7.193417854185786e-05,0.1655898588954111,0.00126201600343698,0.0037097225375085446,0.0024477065340715648,0.006506345578483926,0.002974424256439024,-0.003531921322044902,0.0026770859125916564,Toward parity,NSFC-dominant / NSFC,NSFC-dominant / NSFC,Pair contribution to distribution overlap coefficient gain,0.0024477065340715648,18,150,23,Supporting,,0.07987385084947995,0.54153435544169,38
System → knowledge,Most persistent residual,O03,Transport and urban mobility systems,K02,Mechanism analysis and causal identification,O03→K02,0.009988722410182052,0.02289938694554634,0.011208290596849484,0.022287337270995994,0.0013017963543883243,0.0009336106049865679,0.0004339321181294414,0.0003112035349955226,0.7171710089979811,0.009988722410182052,0.011208290596849484,0.0012195681866674322,0.012910664535364288,0.01107904667414651,-0.0018316178612177783,0.0013645333876635168,Toward parity,NSFC-dominant / NSFC,NSFC-dominant / NSFC,Balanced residual contribution to total Jensen–Shannon divergence,0.0003112035349955226,11,71,20,Supporting,,0.4667111361937728,0.3735939307365201,39
Need → pressure,Largest overlap gain,N18,Public participation and multi-actor coordination,P01,Extreme climate and natural-hazard shocks,N18→P01,0.004255947586058752,9.015506671474937e-05,0.0034098774352081993,0.00017522290584493533,0.0012869395310937653,0.0008926127552558594,0.00042897984369792176,0.00029753758508528643,0.6935933924550681,9.015506671474937e-05,0.00017522290584493533,8.506783913018595e-05,-0.0041657925193440025,-0.003234654529363264,-0.0009311379899807383,0.0008503359556166943,Toward parity,NSF-dominant / NSF,NSF-dominant / NSF,Pair contribution to distribution overlap coefficient gain,8.506783913018595e-05,69,150,23,Background,,0.002775943847921014,0.54153435544169,40
System → knowledge,Most persistent residual,O08,Green-blue spaces and ecosystems,K02,Mechanism analysis and causal identification,O08→K02,0.14854196874496536,0.18986657050126218,0.17158993653273188,0.16984678892701024,0.0012647379429727035,2.2248461783847917e-06,0.0004215793143242345,7.416153927949305e-07,0.0017591361046347684,0.14854196874496536,0.16984678892701024,0.02130482018204488,0.04132460175629682,-0.00174314760572164,-0.03958145415057518,0.030528682798749776,Toward parity,Balanced,Balanced,Balanced residual contribution to total Jensen–Shannon divergence,7.416153927949305e-07,68,71,20,Background,,0.0011121986856450486,0.3735939307365201,41
System → knowledge,Most persistent residual,O05,Energy supply and power systems,K02,Mechanism analysis and causal identification,O05→K02,0.013533107781536975,0.00432744320230797,0.010736065702084858,0.008330132856402418,0.0012452492485318719,7.610292333540063e-05,0.0004150830828439573,2.536764111180021e-05,0.06111461093040185,0.00432744320230797,0.008330132856402418,0.004002689654094448,-0.009205664579229004,-0.0024059328456824403,-0.006799731733546564,0.004883131050997971,Toward parity,NSF-dominant / NSF,Balanced,Balanced residual contribution to total Jensen–Shannon divergence,2.536764111180021e-05,41,71,20,Background,,0.03804378573660635,0.3735939307365201,42
Pressure → system,Largest initial contribution,P01,Extreme climate and natural-hazard shocks,O05,Energy supply and power systems,P01→O05,0.016594167874979863,0.006310854670032456,0.011799681970258276,0.010657669040061414,0.001196470647036458,1.4524823266322652e-05,0.00039882354901215266,4.841607755440884e-06,0.012139723863932002,0.006310854670032456,0.010657669040061414,0.004346814370028958,-0.010283313204947407,-0.0011420129301968618,-0.009141300274750545,0.00647162191865874,Toward parity,NSF-dominant / NSF,Balanced,Observed absolute contribution to total Jensen–Shannon divergence,0.00039882354901215266,14,90,20,Supporting,,0.0640911011604635,0.5746008325521716,43
Pressure → system,Largest initial contribution,P04,Population and spatial-development pressure,O01,Population and community systems,P04→O01,0.005155469631061705,0.014605120807789397,0.01273991044911689,0.012513177681546145,0.0011772826278801302,5.089321979806483e-07,0.00039242754262671005,1.6964406599354943e-07,0.0004322939844080221,0.005155469631061705,0.012513177681546145,0.00735770805048444,0.009449651176727691,-0.00022673276757074513,-0.009222918409156946,0.007867653307436596,Toward parity,NSFC-dominant / NSFC,Balanced,Observed absolute contribution to total Jensen–Shannon divergence,0.00039242754262671005,15,90,20,Supporting,,0.06306326041914388,0.5746008325521716,44
Need → pressure,Largest overlap gain,N11,Clean-energy access and energy security,P06,Barriers to urban service access,N11→P06,0.005128618226733259,0.00045077533357374685,0.0033701106383034513,0.0007676305640925936,0.0011505980307505094,0.0004416769844180648,0.00038353267691683645,0.00014722566147268827,0.3838673217004976,0.00045077533357374685,0.0007676305640925936,0.0003168552305188468,-0.004677842893159511,-0.002602480074210858,-0.0020753628189486535,0.0017868257261614432,Toward parity,NSF-dominant / NSF,NSF-dominant / NSF,Pair contribution to distribution overlap coefficient gain,0.0003168552305188468,43,150,23,Background,,0.010339657581924813,0.54153435544169,45
Pressure → system,Largest initial contribution,P06,Barriers to urban service access,O05,Energy supply and power systems,P06→O05,0.004833252779120348,0.0003606202668589975,0.003055823421798211,0.000249563408835313,0.0011451978998269893,0.0007032264730399437,0.0003817326332756631,0.0002344088243466479,0.6140654581589642,0.0003606202668589975,0.000249563408835313,-0.0001110568580236845,-0.00447263251226135,-0.0028062600129628978,-0.0016663724992984526,0.0017808954899108137,Toward parity,NSF-dominant / NSF,NSF-dominant / NSF,Observed absolute contribution to total Jensen–Shannon divergence,0.0003817326332756631,16,90,20,Supporting,,0.061344584280742014,0.5746008325521716,46
Need → pressure,Largest overlap gain,N18,Public participation and multi-actor coordination,P08,Institutional coordination and policy implementation pressure,N18→P08,0.011103055689812583,0.003260608246183435,0.008870672739681085,0.007467339101469849,0.0011312565861856007,3.0171572396259574e-05,0.00037708552872853354,1.0057190798753191e-05,0.02667084794440211,0.003260608246183435,0.007467339101469849,0.004206730855286413,-0.007842447443629148,-0.0014033336382112361,-0.006439113805417912,0.004762364761844326,Toward parity,NSF-dominant / NSF,Balanced,Pair contribution to distribution overlap coefficient gain,0.004206730855286413,13,150,23,Supporting,,0.1372745417891785,0.54153435544169,47
System → knowledge,Most persistent residual,O06,Waste and resource-circulation systems,K02,Mechanism analysis and causal identification,O06→K02,0.0033832769453842437,0.011179228272628922,0.0037329728020828856,0.013319871348863454,0.0011000022658832328,0.0014292596892557258,0.0003666674219610776,0.0004764198964185753,1.2993243137623176,0.0033832769453842437,0.0037329728020828856,0.00034969585669864184,0.007795951327244678,0.009586898546780569,0.0017909472195358905,0.0021690182046315417,Away from parity,NSFC-dominant / NSFC,NSFC-dominant / NSFC,Balanced residual contribution to total Jensen–Shannon divergence,0.0004764198964185753,4,71,20,Key,O06→K02,0.7144856859226609,0.3735939307365201,48
Need → pressure,Largest overlap gain,N15,Public health and physical and mental well-being,P04,Population and spatial-development pressure,N15→P04,0.0007249879168680523,0.005709820891934126,0.002206125734880252,0.004082968563390263,0.001097433387331119,0.00014218190289756434,0.000365811129110373,4.7393967632521444e-05,0.12955857233698778,0.0007249879168680523,0.002206125734880252,0.0014811378180121996,0.0049848329750660746,0.0018768428285100107,-0.003107990146556064,0.0022000949376866745,Toward parity,NSFC-dominant / NSFC,NSFC-dominant / NSFC,Pair contribution to distribution overlap coefficient gain,0.0014811378180121996,24,150,23,Background,,0.04833266550407946,0.54153435544169,49
Pressure → system,Largest initial contribution,P03,Resource and environmental carrying-capacity pressure,O02,Housing and built-environment systems,P03→O02,0.0016110842597067826,0.00721240533717995,0.0019416546928425786,0.006053683205440558,0.000961091693962164,0.000554901183570675,0.00032036389798738795,0.000184967061190225,0.5773654970245953,0.0016110842597067826,0.0019416546928425786,0.000330570433135796,0.005601321077473167,0.004112028512597979,-0.001489292564875188,0.001204953853824398,Toward parity,NSFC-dominant / NSFC,NSFC-dominant / NSFC,Observed absolute contribution to total Jensen–Shannon divergence,0.00032036389798738795,17,90,20,Supporting,,0.051482604387145754,0.5746008325521716,50
System → knowledge,Most persistent residual,O07,"Information, communication and digital infrastructure",K04,Intervention design and performance optimization,O07→K04,0.009827613984211375,0.0030652722683014787,0.010555144661993667,0.00441890110937679,0.0009326438154181201,0.0006475412571880122,0.00031088127180604,0.0002158470857293374,0.6943071368545005,0.0030652722683014787,0.00441890110937679,0.0013536288410753113,-0.0067623417159098954,-0.006136243552616877,-0.0006260981632930183,0.0015367536974106334,Toward parity,NSF-dominant / NSF,NSF-dominant / NSF,Balanced residual contribution to total Jensen–Shannon divergence,0.0002158470857293374,15,71,20,Supporting,,0.3237053159640461,0.3735939307365201,51
System → knowledge,Most persistent residual,O05,Energy supply and power systems,K01,State measurement and problem diagnosis,O05→K01,0.010955372966006122,0.003966822935448972,0.007902198886227708,0.005597501292621927,0.0008511351034635563,9.884920956406752e-05,0.00028371170115451874,3.294973652135584e-05,0.11613809507070816,0.003966822935448972,0.005597501292621927,0.0016306783571729553,-0.00698855003055715,-0.0023046975936057814,-0.004683852436951369,0.0034613557843687567,Toward parity,NSF-dominant / NSF,Balanced,Balanced residual contribution to total Jensen–Shannon divergence,3.294973652135584e-05,38,71,20,Background,,0.049414634603648325,0.3735939307365201,52
Need → pressure,Largest overlap gain,N11,Clean-energy access and energy security,P05,Infrastructure ageing and system-function failure,N11→P05,0.017445357392191614,0.008294266137756943,0.012642186704894648,0.017113868671352363,0.0008314260771386556,0.00016863702701241522,0.0002771420257128852,5.6212342337471735e-05,0.20282864784897994,0.008294266137756943,0.012642186704894648,0.004347920567137705,-0.009151091254434671,0.004471681966457716,-0.0046794092879769555,0.010042700707574213,Toward parity,NSF-dominant / NSF,Balanced,Pair contribution to distribution overlap coefficient gain,0.004347920567137705,12,150,23,Supporting,,0.14188186126515018,0.54153435544169,53
Pressure → system,Largest initial contribution,P01,Extreme climate and natural-hazard shocks,O04,"Water supply, drainage and stormwater systems",P01→O04,0.05332688899629451,0.03624233681932924,0.040665987401425525,0.050947155615650296,0.0008196958216882895,0.0002890562804590494,0.00027323194056276317,9.635209348634981e-05,0.3526384700408666,0.03624233681932924,0.040665987401425525,0.004423650582096282,-0.017084552176965265,0.01028116821422477,-0.006803383962740495,0.019404384170274326,Toward parity,Balanced,Balanced,Observed absolute contribution to total Jensen–Shannon divergence,0.00027323194056276317,18,90,20,Supporting,,0.04390848029473857,0.5746008325521716,54
System → knowledge,Most persistent residual,O03,Transport and urban mobility systems,K03,Scenario simulation and risk prediction,O03→K03,0.007572096020621879,0.016047601875225387,0.007419292681325275,0.017783789699471215,0.0007775408757070407,0.0010978442886165041,0.0002591802919023469,0.00036594809620550136,1.4119441471397913,0.007572096020621879,0.007419292681325275,-0.0001528033392966038,0.008475505854603507,0.01036449701814594,0.0018889911635424327,0.0017428990279300905,Away from parity,NSFC-dominant / NSFC,NSFC-dominant / NSFC,Balanced residual contribution to total Jensen–Shannon divergence,0.00036594809620550136,6,71,20,Key,O03→K03,0.5488114129888494,0.3735939307365201,55
Pressure → system,Largest initial contribution,P02,Pollutant emissions and cumulative environmental exposure,O05,Energy supply and power systems,P02→O05,0.007410987594651201,0.002163721601153985,0.006939109060877595,0.001800647564513773,0.0007600900037265688,0.0008062376571843914,0.00025336333457552293,0.00026874588572813046,1.060713406611809,0.002163721601153985,0.001800647564513773,-0.00036307403664021204,-0.005247265993497216,-0.005138461496363822,-0.00010880449713339402,0.0005953923972629695,Toward parity,NSF-dominant / NSF,NSF-dominant / NSF,Observed absolute contribution to total Jensen–Shannon divergence,0.00025336333457552293,19,90,20,Supporting,,0.040715587499416686,0.5746008325521716,56
Pressure → system,Largest initial contribution,P02,Pollutant emissions and cumulative environmental exposure,O02,Housing and built-environment systems,P02→O02,0.007249879168680522,0.015326361341507392,0.008948465759964658,0.012496481362407882,0.000738580047675039,0.0001474296382006937,0.00024619334922501297,4.914321273356457e-05,0.19961226770853677,0.007249879168680522,0.008948465759964658,0.0016985865912841364,0.00807648217282687,0.0035480156024432236,-0.004528466570383647,0.003300517702451921,Toward parity,NSFC-dominant / NSFC,Balanced,Observed absolute contribution to total Jensen–Shannon divergence,0.00024619334922501297,20,90,20,Supporting,,0.039563368034049626,0.5746008325521716,57
System → knowledge,Most persistent residual,O07,"Information, communication and digital infrastructure",K02,Mechanism analysis and causal identification,O07→K02,0.0028999516674722086,0.00018031013342949875,0.004013993480781172,0.000208373735388639,0.0007242057582118357,0.0010483089575231965,0.0002414019194039452,0.00034943631917439883,1.4475291664507288,0.00018031013342949875,0.000208373735388639,2.806360195914024e-05,-0.00271964153404271,-0.0038056197453925334,0.0010859782113498235,0.0011143952295104484,Away from parity,NSF-dominant / NSF,NSF-dominant / NSF,Balanced residual contribution to total Jensen–Shannon divergence,0.00034943631917439883,7,71,20,Supporting,,0.5240487436995209,0.3735939307365201,58
System → knowledge,Most persistent residual,O11,Industrial production and employment systems,K04,Intervention design and performance optimization,O11→K04,0.015949734171097147,0.007753335737468446,0.01332520053056132,0.007983057394755858,0.0007234112324284996,0.0003384278820448576,0.00024113707747616653,0.00011280929401495253,0.46782226605571414,0.007753335737468446,0.007983057394755858,0.00022972165728741244,-0.008196398433628701,-0.005342143135805461,-0.00285425529782324,0.0026345680613966155,Toward parity,NSF-dominant / NSF,NSF-dominant / NSF,Balanced residual contribution to total Jensen–Shannon divergence,0.00011280929401495253,21,71,20,Background,,0.16917980634022473,0.3735939307365201,59
Pressure → system,Largest initial contribution,P02,Pollutant emissions and cumulative environmental exposure,O12,"Planning, governance and public administration systems",P02→O12,0.005799903334944417,0.01298232960692391,0.00832688752021305,0.008329560173579642,0.0007044481302145458,1.0721187644469727e-10,0.0002348160434048486,3.573729214823242e-11,1.5219271916023815e-07,0.005799903334944417,0.00832688752021305,0.0025269841852686324,0.007182426271979492,2.6726533665921703e-06,-0.0071797536186129,0.005294706079893435,Toward parity,NSFC-dominant / NSFC,Balanced,Observed absolute contribution to total Jensen–Shannon divergence,0.0002348160434048486,21,90,20,Background,,0.037735030514713566,0.5746008325521716,60
Pressure → system,Largest initial contribution,P01,Extreme climate and natural-hazard shocks,O07,"Information, communication and digital infrastructure",P01→O07,0.007410987594651201,0.0023440317345834838,0.0055578498671521575,0.00343493504453245,0.0006913061520567,0.00012647885272882897,0.00023043538401889998,4.215961757627632e-05,0.1829563534948194,0.0023440317345834838,0.00343493504453245,0.001090903309948966,-0.005066955860067716,-0.0021229148226197076,-0.0029440410374480088,0.002150392863813012,Toward parity,NSF-dominant / NSF,NSF-dominant / NSF,Observed absolute contribution to total Jensen–Shannon divergence,0.00023043538401889998,22,90,20,Background,,0.037031056828731916,0.5746008325521716,61
Need → pressure,Largest overlap gain,N18,Public participation and multi-actor coordination,P02,Pollutant emissions and cumulative environmental exposure,N18→P02,0.0019735782181408094,0.0,0.0019101639571878486,0.0,0.0006839900887594114,0.0006620123806659927,0.00022799669625313713,0.0002206707935553309,0.967868382225712,0.0,0.0,0.0,-0.0019735782181408094,-0.0019101639571878486,-6.341426095296076e-05,6.341426095296076e-05,Toward parity,NSF-dominant / NSF,NSF-dominant / NSF,Pair contribution to distribution overlap coefficient gain,0.0,144,150,23,Background,,0.0,0.54153435544169,62
Pressure → system,Largest initial contribution,P01,Extreme climate and natural-hazard shocks,O10,Food supply and urban-rural supply chains,P01→O10,0.010472047688094087,0.019293184276956366,0.008901039358312303,0.018433248217157947,0.0006634709741006237,0.0008487559885907033,0.00022115699136687457,0.00028291866286356775,1.2792661950905162,0.010472047688094087,0.008901039358312303,-0.001571008329781784,0.008821136588862279,0.009532208858845644,0.0007110722699833656,0.0017909654377417168,Away from parity,NSFC-dominant / NSFC,NSFC-dominant / NSFC,Observed absolute contribution to total Jensen–Shannon divergence,0.00022115699136687457,23,90,20,Background,,0.03554001548089681,0.5746008325521716,63
System → knowledge,Most persistent residual,O10,Food supply and urban-rural supply chains,K02,Mechanism analysis and causal identification,O10→K02,0.010633156114064766,0.019473494410385865,0.013924480976626848,0.017680432798434977,0.0006586190581196537,0.0001118541996453958,0.00021953968603988456,3.728473321513193e-05,0.16983140446123385,0.010633156114064766,0.013924480976626848,0.0032913248625620825,0.0088403382963211,0.003755951821808129,-0.00508438647451297,0.0037480513997504394,Toward parity,NSFC-dominant / NSFC,Balanced,Balanced residual contribution to total Jensen–Shannon divergence,3.728473321513193e-05,36,71,20,Background,,0.055915817928502254,0.3735939307365201,64
Need → pressure,Largest overlap gain,N05,Water environmental quality and water security,P02,Pollutant emissions and cumulative environmental exposure,N05→P02,0.0773051930615971,0.05860079336458709,0.07035407640150787,0.07208945740843399,0.0006456070895955023,5.285641370888041e-06,0.00021520236319850077,1.7618804569626803e-06,0.008187086938899166,0.05860079336458709,0.07035407640150787,0.011753283036920782,-0.01870439969701001,0.0017353810069261205,-0.016969018690083888,0.015174388966608781,Toward parity,Balanced,Balanced,Pair contribution to distribution overlap coefficient gain,0.011753283036920782,6,150,23,Key,N05→P02,0.3835345304737769,0.54153435544169,65
System → knowledge,Most persistent residual,O01,Population and community systems,K01,State measurement and problem diagnosis,O01→K01,0.013855324633478331,0.0066714749368914535,0.014803988473484225,0.006619575168970127,0.0006420445661236179,0.0008018890208216494,0.00021401485537453927,0.0002672963402738831,1.248961619071246,0.0066714749368914535,0.006619575168970127,-5.189976792132657e-05,-0.0071838496965868776,-0.008184413304514098,0.0010005636079272202,0.0009500824528666,Away from parity,NSF-dominant / NSF,NSF-dominant / NSF,Balanced residual contribution to total Jensen–Shannon divergence,0.0002672963402738831,12,71,20,Supporting,,0.4008636298795774,0.3735939307365201,66
Pressure → system,Largest initial contribution,P03,Resource and environmental carrying-capacity pressure,O04,"Water supply, drainage and stormwater systems",P03→O04,0.029321733526663445,0.01839163360980887,0.02970624487062768,0.01730278801895445,0.0006315553617280388,0.000827939108890475,0.00021051845390934626,0.00027597970296349165,1.31095254519746,0.01839163360980887,0.01730278801895445,-0.0010888455908544224,-0.010930099916854574,-0.012403456851673232,0.0014733569348186586,0.0011547439951609618,Away from parity,NSF-dominant / NSF,NSF-dominant / NSF,Observed absolute contribution to total Jensen–Shannon divergence,0.00021051845390934626,24,90,20,Background,,0.03383039832795118,0.5746008325521716,67
System → knowledge,Most persistent residual,O04,"Water supply, drainage and stormwater systems",K05,Planning decision support and policy design,O04→K05,0.013210890929595619,0.006310854670032456,0.012162316634058307,0.00620356081305719,0.0006230867382417901,0.0004921834886133466,0.00020769557941393,0.00016406116287111553,0.7899116742593129,0.006310854670032456,0.00620356081305719,-0.00010729385697526642,-0.006900036259563163,-0.005958755821001117,-0.0009412804385620453,0.0010540493465707372,Toward parity,NSF-dominant / NSF,NSF-dominant / NSF,Balanced residual contribution to total Jensen–Shannon divergence,0.00016406116287111553,18,71,20,Supporting,,0.24604210144962385,0.3735939307365201,68
Pressure → system,Largest initial contribution,P06,Barriers to urban service access,O10,Food supply and urban-rural supply chains,P06→O10,0.003061060093442887,0.0003606202668589975,0.0021336998728197407,0.00037245475533629745,0.0006096992986163968,0.00034189745389936836,0.00020323309953879893,0.00011396581796645612,0.5607640597180337,0.0003606202668589975,0.00037245475533629745,1.183448847729996e-05,-0.0027004398265838897,-0.0017612451174834434,-0.0009391947091004463,0.0009274357303402377,Toward parity,NSF-dominant / NSF,NSF-dominant / NSF,Observed absolute contribution to total Jensen–Shannon divergence,0.00020323309953879893,25,90,20,Background,,0.03265963901569616,0.5746008325521716,69
Need → pressure,Largest overlap gain,N09,Accessibility of urban services,P06,Barriers to urban service access,N09→P06,0.0007249879168680523,0.003921745402091598,0.0009222163686531173,0.003023739808066758,0.0006043883220050324,0.0002948115155020629,0.00020146277400167746,9.827050516735428e-05,0.48778493026476466,0.0007249879168680523,0.0009222163686531173,0.000197228451785065,0.0031967574852235455,0.002101523439413641,-0.0010952340458099045,0.0009194091086635149,Toward parity,NSFC-dominant / NSFC,NSFC-dominant / NSFC,Pair contribution to distribution overlap coefficient gain,0.000197228451785065,54,150,23,Background,,0.006435982305014978,0.54153435544169,70
Need → pressure,Largest overlap gain,N09,Accessibility of urban services,P04,Population and spatial-development pressure,N09→P04,0.0001611084259706783,0.0024492126457506913,8.982415994798164e-05,0.0014845764223502505,0.000602297168509232,0.00037342171708617904,0.00020076572283641065,0.000124473905695393,0.6199958037499146,0.0001611084259706783,8.982415994798164e-05,-7.128426602269666e-05,0.0022881042197800128,0.001394752262402269,-0.0008933519573777438,0.0009672665041645242,Toward parity,NSFC-dominant / NSFC,NSFC-dominant / NSFC,Pair contribution to distribution overlap coefficient gain,0.0,115,150,23,Background,,0.0,0.54153435544169,71
Need → pressure,Largest overlap gain,N17,Planning and policy implementation capacity,P01,Extreme climate and natural-hazard shocks,N17→P01,0.0034289243327426037,0.0005409304002884963,0.0036570737668631757,0.0005439498000512433,0.0005856177659065137,0.0006464316488750396,0.00019520592196883792,0.00021547721629167985,1.103845693401033,0.0005409304002884963,0.0005439498000512433,3.0193997627470407e-06,-0.0028879939324541076,-0.0031131239668119324,0.00022513003435782478,0.00022816941307823112,Away from parity,NSF-dominant / NSF,NSF-dominant / NSF,Pair contribution to distribution overlap coefficient gain,3.0193997627470407e-06,85,150,23,Background,,9.852941230803655e-05,0.54153435544169,72
Pressure → system,Largest initial contribution,P03,Resource and environmental carrying-capacity pressure,O05,Energy supply and power systems,P03→O05,0.011116481391976801,0.005048683736025965,0.00777277784243564,0.009168913714178509,0.000583593266866241,2.8795937911997496e-05,0.00019453108895541366,9.598645970665832e-06,0.04934247796693223,0.005048683736025965,0.00777277784243564,0.002724094106409675,-0.006067797655950836,0.0013961358717428686,-0.004671661784207967,0.005306283869157498,Toward parity,NSF-dominant / NSF,Balanced,Observed absolute contribution to total Jensen–Shannon divergence,0.00019453108895541366,26,90,20,Background,,0.031261222492949214,0.5746008325521716,73
Need → pressure,Largest overlap gain,N05,Water environmental quality and water security,P04,Population and spatial-development pressure,N05→P04,0.0010874818753020786,0.004582882557999758,0.0017680926630061818,0.003512517082883668,0.0005793653736540557,0.00014680740615654258,0.00019312179121801855,4.893580205218086e-05,0.253393476435481,0.0010874818753020786,0.0017680926630061818,0.0006806107877041032,0.0034954006826976797,0.0017444244198774861,-0.0017509762628201936,0.0012684294598674748,Toward parity,NSFC-dominant / NSFC,NSFC-dominant / NSFC,Pair contribution to distribution overlap coefficient gain,0.0006806107877041032,36,150,23,Background,,0.02220977220385815,0.54153435544169,74
Need → pressure,Largest overlap gain,N16,Social inclusion and distributive equity,P07,High-carbon technological and industrial path dependence,N16→P07,0.0016513613661994523,0.0,0.0013124309278566627,0.0,0.0005723182375333848,0.00045485389866175934,0.0001907727458444616,0.00015161796622058645,0.7947569530932981,0.0,0.0,0.0,-0.0016513613661994523,-0.0013124309278566627,-0.0003389304383427897,0.0003389304383427897,Toward parity,NSF-dominant / NSF,NSF-dominant / NSF,Pair contribution to distribution overlap coefficient gain,0.0,142,150,23,Background,,0.0,0.54153435544169,75
System → knowledge,Most persistent residual,O10,Food supply and urban-rural supply chains,K03,Scenario simulation and risk prediction,O10→K03,0.00467214435314967,0.010457987738910927,0.005186618699332279,0.009175502880857474,0.0005674721048950506,0.00028063996294038136,0.0001891573682983502,9.354665431346044e-05,0.4945440674873057,0.00467214435314967,0.005186618699332279,0.0005144743461826095,0.005785843385761258,0.003988884181525195,-0.0017969592042360628,0.0013818289561361818,Toward parity,NSFC-dominant / NSFC,NSFC-dominant / NSFC,Balanced residual contribution to total Jensen–Shannon divergence,9.354665431346044e-05,26,71,20,Background,,0.14029167542196896,0.3735939307365201,76
Pressure → system,Largest initial contribution,P08,Institutional coordination and policy implementation pressure,O03,Transport and urban mobility systems,P08→O03,0.004511035927178992,0.01009736747205193,0.006010313529553077,0.009636743291802065,0.0005479041012779792,0.0002120419757488418,0.00018263470042599304,7.068065858294726e-05,0.3870056370343946,0.004511035927178992,0.006010313529553077,0.0014992776023740858,0.005586331544872938,0.0036264297622489875,-0.001959901782623951,0.0015684412530953932,Toward parity,NSFC-dominant / NSFC,NSFC-dominant / NSFC,Observed absolute contribution to total Jensen–Shannon divergence,0.00018263470042599304,27,90,20,Background,,0.0293494681781105,0.5746008325521716,77
Need → pressure,Largest overlap gain,N03,Critical infrastructure resilience,P05,Infrastructure ageing and system-function failure,N03→P05,0.029219698190215356,0.0189926673879072,0.0279178203664028,0.02351559211484334,0.0005464936869173887,9.4312938229034e-05,0.00018216456230579623,3.143764607634466e-05,0.17257827580959945,0.0189926673879072,0.02351559211484334,0.004522924726936141,-0.010227030802308155,-0.004402228251559458,-0.005824802550748697,0.00470656285984425,Toward parity,NSF-dominant / NSF,Balanced,Pair contribution to distribution overlap coefficient gain,0.004522924726936141,11,150,23,Supporting,,0.1475926178297973,0.54153435544169,78
Need → pressure,Largest overlap gain,N16,Social inclusion and distributive equity,P04,Population and spatial-development pressure,N16→P04,0.0045110359271789925,0.009992186560884722,0.00939851990081484,0.009744869860487722,0.0005309590800308718,1.5666614082628262e-06,0.00017698636001029058,5.22220469420942e-07,0.0029506255136869212,0.0045110359271789925,0.00939851990081484,0.004887483973635848,0.00548115063370573,0.0003463499596728821,-0.005134800674032848,0.004893737338971363,Toward parity,NSFC-dominant / NSFC,Balanced,Pair contribution to distribution overlap coefficient gain,0.004887483973635848,10,150,23,Supporting,,0.1594889585435897,0.54153435544169,79
Pressure → system,Largest initial contribution,P05,Infrastructure ageing and system-function failure,O04,"Water supply, drainage and stormwater systems",P05→O04,0.014821975189302401,0.007933645870897944,0.01105238527567348,0.008765045692958325,0.0005295578636770964,6.614885221135729e-05,0.00017651928789236545,2.2049617403785762e-05,0.12491336027386853,0.007933645870897944,0.008765045692958325,0.0008313998220603816,-0.006888329318404458,-0.002287339582715155,-0.004600989735689303,0.003860185718466785,Toward parity,NSF-dominant / NSF,Balanced,Observed absolute contribution to total Jensen–Shannon divergence,0.00017651928789236545,28,90,20,Background,,0.02836671897911887,0.5746008325521716,80
Need → pressure,Largest overlap gain,N14,Reduction of environmental exposure and health risks,P01,Extreme climate and natural-hazard shocks,N14→P01,0.004698995757478117,0.0012621709340064912,0.004120247709274347,0.0018103646586075997,0.0005272786065773284,0.00023097867312505272,0.00017575953552577612,7.699289104168424e-05,0.4380581162288791,0.0012621709340064912,0.0018103646586075997,0.0005481937246011085,-0.0034368248234716257,-0.0023098830506667473,-0.0011269417728048785,0.0007971610019260279,Toward parity,NSF-dominant / NSF,NSF-dominant / NSF,Pair contribution to distribution overlap coefficient gain,0.0005481937246011085,39,150,23,Background,,0.01788872284561611,0.54153435544169,81
Need → pressure,Largest overlap gain,N06,Ecological integrity and biodiversity protection,P02,Pollutant emissions and cumulative environmental exposure,N06→P02,0.011492401052575051,0.019533597788195696,0.015243099166790846,0.016014802786277788,0.0005270171044467577,4.763491393446707e-06,0.00017567236814891924,1.5878304644822356e-06,0.00903858974073951,0.011492401052575051,0.015243099166790846,0.003750698114215795,0.008041196735620645,0.0007717036194869412,-0.0072694931161337035,0.005142922769156112,Toward parity,NSFC-dominant / NSFC,Balanced,Pair contribution to distribution overlap coefficient gain,0.003750698114215795,14,150,23,Supporting,,0.12239322712350088,0.54153435544169,82
Need → pressure,Largest overlap gain,N12,"Decarbonization of buildings, transport and industry",P05,Infrastructure ageing and system-function failure,N12→P05,0.004161967670909189,0.000991705733862243,0.0038461288368799216,0.0017816837451926832,0.0005241908565278755,0.00019381717428122562,0.00017473028550929183,6.460572476040853e-05,0.3697454312061598,0.000991705733862243,0.0017816837451926832,0.0007899780113304403,-0.0031702619370469463,-0.0020644450916872384,-0.001105816845359708,0.0008507757797837011,Toward parity,NSF-dominant / NSF,NSF-dominant / NSF,Pair contribution to distribution overlap coefficient gain,0.0007899780113304403,33,150,23,Background,,0.025778656457813555,0.54153435544169,83
Need → pressure,Largest overlap gain,N02,"Disaster prevention, emergency response and recovery",P03,Resource and environmental carrying-capacity pressure,N02→P03,0.0,0.001502584445245823,0.0,0.0018016837720706495,0.0005207560858876859,0.0006244160134356889,0.00017358536196256195,0.00020813867114522963,1.1990565839884586,0.0,0.0,0.0,0.001502584445245823,0.0018016837720706495,0.00029909932682482647,0.00029909932682482647,Away from parity,NSFC-dominant / NSFC,NSFC-dominant / NSFC,Pair contribution to distribution overlap coefficient gain,0.0,89,150,23,Background,,0.0,0.54153435544169,84
Need → pressure,Largest overlap gain,N13,Waste reduction and resource circularity,P02,Pollutant emissions and cumulative environmental exposure,N13→P02,0.021991300144997585,0.01346315662940257,0.01824311420244993,0.015539893874228276,0.0005178990600005703,5.413385680799602e-05,0.0001726330200001901,1.804461893599867e-05,0.10452588349539851,0.01346315662940257,0.015539893874228276,0.0020767372448257052,-0.008528143515595015,-0.002703220328221654,-0.005824923187373361,0.004285059561308117,Toward parity,NSF-dominant / NSF,Balanced,Pair contribution to distribution overlap coefficient gain,0.0020767372448257052,19,150,23,Supporting,,0.06776833686465067,0.54153435544169,85
Need → pressure,Largest overlap gain,N04,Air quality improvement,P04,Population and spatial-development pressure,N04→P04,0.0008860963428387307,0.003921745402091598,0.0019674218061469084,0.002135164729543169,0.0005175454459545376,1.7151090686274678e-06,0.00017251514865151252,5.717030228758226e-07,0.003313929398923021,0.0008860963428387307,0.0019674218061469084,0.0010813254633081776,0.003035649059252867,0.00016774292339626073,-0.0028679061358566063,0.002088333128866714,Toward parity,NSFC-dominant / NSFC,Balanced,Pair contribution to distribution overlap coefficient gain,0.0010813254633081776,30,150,23,Background,,0.03528594117545342,0.54153435544169,86
Need → pressure,Largest overlap gain,N17,Planning and policy implementation capacity,P03,Resource and environmental carrying-capacity pressure,N17→P03,0.0015708071532141137,0.0051989421805505465,0.002519966928218706,0.0035548030585510026,0.0005125568473010171,4.428670725593832e-05,0.00017085228243367235,1.476223575197944e-05,0.08640350331702698,0.0015708071532141137,0.002519966928218706,0.0009491597750045924,0.003628135027336433,0.0010348361303322965,-0.0025932988970041363,0.0018984461359164762,Toward parity,NSFC-dominant / NSFC,Balanced,Pair contribution to distribution overlap coefficient gain,0.0009491597750045924,31,150,23,Background,,0.03097309470957444,0.54153435544169,87
Pressure → system,Largest initial contribution,P07,High-carbon technological and industrial path dependence,O07,"Information, communication and digital infrastructure",P07→O07,0.0014499758337361043,0.0,0.0010416726218346337,0.0,0.0005025233305171184,0.0003610162204455812,0.00016750777683903945,0.00012033874014852706,0.718406884858619,0.0,0.0,0.0,-0.0014499758337361043,-0.0010416726218346337,-0.0004083032119014706,0.0004083032119014706,Toward parity,NSF-dominant / NSF,NSF-dominant / NSF,Observed absolute contribution to total Jensen–Shannon divergence,0.00016750777683903945,29,90,20,Background,,0.026918565609143835,0.5746008325521716,88
Need → pressure,Largest overlap gain,N11,Clean-energy access and energy security,P02,Pollutant emissions and cumulative environmental exposure,N11→P02,0.0030476343912786644,0.000525904555836038,0.0022249170699270605,0.0008194185896494568,0.0004920496208230727,0.00016854036950105455,0.00016401654027435754,5.618012316701818e-05,0.34252718093579626,0.000525904555836038,0.0008194185896494568,0.0002935140338134188,-0.0025217298354426264,-0.0014054984802776037,-0.0011162313551650227,0.0008735068854321545,Toward parity,NSF-dominant / NSF,NSF-dominant / NSF,Pair contribution to distribution overlap coefficient gain,0.0002935140338134188,46,150,23,Background,,0.009577984873883082,0.54153435544169,89
Pressure → system,Largest initial contribution,P04,Population and spatial-development pressure,O04,"Water supply, drainage and stormwater systems",P04→O04,0.0014499758337361043,0.004868373602596466,0.0013570222200357852,0.0053370526179763005,0.0004880674227611822,0.000632580725365769,0.00016268914092039405,0.00021086024178858964,1.2960929082031747,0.0014499758337361043,0.0013570222200357852,-9.295361370031908e-05,0.0034183977688603618,0.0039800303979405155,0.0005616326290801537,0.000477807904661862,Away from parity,NSFC-dominant / NSFC,NSFC-dominant / NSFC,Observed absolute contribution to total Jensen–Shannon divergence,0.00016268914092039405,30,90,20,Background,,0.026144208922127002,0.5746008325521716,90
Pressure → system,Largest initial contribution,P03,Resource and environmental carrying-capacity pressure,O12,"Planning, governance and public administration systems",P03→O12,0.0028999516674722086,0.00721240533717995,0.005163076696658322,0.005030659712519965,0.0004748266425513253,4.3003738134833646e-07,0.00015827554751710843,1.433457937827788e-07,0.00090567239242868,0.0028999516674722086,0.005030659712519965,0.002130708045047756,0.0043124536697077415,-0.0001324169841383574,-0.004180036685569384,0.0031435249113776135,Toward parity,NSFC-dominant / NSFC,Balanced,Observed absolute contribution to total Jensen–Shannon divergence,0.00015827554751710843,31,90,20,Background,,0.025434942726608258,0.5746008325521716,91
System → knowledge,Most persistent residual,O08,Green-blue spaces and ecosystems,K05,Planning decision support and policy design,O08→K05,0.009505397132270018,0.016408222142084386,0.00882254812816975,0.011545677499108349,0.00046528748821098335,9.129027959068432e-05,0.0001550958294036611,3.0430093196894773e-05,0.1962018792761713,0.009505397132270018,0.00882254812816975,-0.000682849004100268,0.006902825009814368,0.0027231293709385988,-0.004179695638875769,0.004910256934961315,Toward parity,NSFC-dominant / NSFC,Balanced,Balanced residual contribution to total Jensen–Shannon divergence,3.0430093196894773e-05,39,71,20,Background,,0.04563593202953008,0.3735939307365201,92
System → knowledge,Most persistent residual,O11,Industrial production and employment systems,K03,Scenario simulation and risk prediction,O11→K03,0.0009666505558240696,0.0037865128020194735,0.001372180997173451,0.003947792479522151,0.0004470548975764419,0.0003252273367757197,0.0001490182991921473,0.00010840911225857323,0.7274885892959244,0.0009666505558240696,0.001372180997173451,0.0004055304413493814,0.0028198622461954037,0.0025756114823486994,-0.0002442507638467043,0.0004364241895637679,Toward parity,NSFC-dominant / NSFC,NSFC-dominant / NSFC,Balanced residual contribution to total Jensen–Shannon divergence,0.00010840911225857323,22,71,20,Background,,0.1625808651456511,0.3735939307365201,93
Need → pressure,Largest overlap gain,N14,Reduction of environmental exposure and health risks,P05,Infrastructure ageing and system-function failure,N14→P05,0.0012888674077654264,0.0,0.000805904420943902,0.0,0.00044668740490410534,0.0002793051885890305,0.00014889580163470178,9.310172952967682e-05,0.6252810925998498,0.0,0.0,0.0,-0.0012888674077654264,-0.000805904420943902,-0.0004829629868215244,0.0004829629868215244,Toward parity,NSF-dominant / NSF,NSF-dominant / NSF,Pair contribution to distribution overlap coefficient gain,0.0,131,150,23,Background,,0.0,0.54153435544169,94
Need → pressure,Largest overlap gain,N10,Urban food access and supply security,P06,Barriers to urban service access,N10→P06,0.0028999516674722086,0.0005409304002884963,0.002054667742177942,0.0004724285948614244,0.0004441113116208102,0.00026709400825173995,0.00014803710387360338,8.903133608391331e-05,0.6014123064710168,0.0005409304002884963,0.0004724285948614244,-6.850180542707188e-05,-0.0023590212671837124,-0.0015822391473165175,-0.0007767821198671949,0.0008480550758692809,Toward parity,NSF-dominant / NSF,NSF-dominant / NSF,Pair contribution to distribution overlap coefficient gain,0.0,120,150,23,Background,,0.0,0.54153435544169,95
System → knowledge,Most persistent residual,O07,"Information, communication and digital infrastructure",K05,Planning decision support and policy design,O07→K05,0.0028999516674722086,0.0005409304002884963,0.003323513779264754,0.0005676238194796667,0.0004441113116208102,0.0005402040817824527,0.00014803710387360338,0.00018006802726081757,1.2163709134337208,0.0005409304002884963,0.0005676238194796667,2.6693419191170433e-05,-0.0023590212671837124,-0.0027558899597850874,0.000396868692601375,0.000424402404769667,Away from parity,NSF-dominant / NSF,NSF-dominant / NSF,Balanced residual contribution to total Jensen–Shannon divergence,0.00018006802726081757,17,71,20,Supporting,,0.2700475545571053,0.3735939307365201,96
System → knowledge,Most persistent residual,O10,Food supply and urban-rural supply chains,K01,State measurement and problem diagnosis,O10→K01,0.007733204446592557,0.013883880274071402,0.008408965786374267,0.013370821611113344,0.00044361369136233894,0.00028509841514714096,0.00014787123045411298,9.503280504904698e-05,0.6426727143420728,0.007733204446592557,0.008408965786374267,0.0006757613397817101,0.006150675827478845,0.004961855824739077,-0.0011888200027397686,0.0008484589441922824,Toward parity,NSFC-dominant / NSFC,NSFC-dominant / NSFC,Balanced residual contribution to total Jensen–Shannon divergence,9.503280504904698e-05,25,71,20,Background,,0.1425204518347137,0.3735939307365201,97
System → knowledge,Most persistent residual,O05,Energy supply and power systems,K03,Scenario simulation and risk prediction,O05→K03,0.009988722410182052,0.005048683736025965,0.007770157376512799,0.007476216295564892,0.00041335363601605903,1.4168403947139983e-06,0.00013778454533868633,4.7228013157133277e-07,0.0034276712994946376,0.005048683736025965,0.007476216295564892,0.002427532559538927,-0.004940038674156087,-0.00029394108094790705,-0.00464609759320818,0.0032886083890061256,Toward parity,NSF-dominant / NSF,Balanced,Balanced residual contribution to total Jensen–Shannon divergence,4.7228013157133277e-07,69,71,20,Background,,0.0007082772912928912,0.3735939307365201,98
System → knowledge,Most persistent residual,O01,Population and community systems,K02,Mechanism analysis and causal identification,O01→K02,0.03818269695505075,0.027767760548142804,0.03514512258361059,0.02765116011404376,0.00041290963289326377,0.00022411174390052704,0.00013763654429775458,7.4703914633509e-05,0.5427622076292403,0.027767760548142804,0.02765116011404376,-0.00011660043409904286,-0.010414936406907944,-0.00749396246956683,-0.0029209739373411148,0.0030398114617953124,Toward parity,Balanced,Balanced,Balanced residual contribution to total Jensen–Shannon divergence,7.4703914633509e-05,28,71,20,Background,,0.11203326747952658,0.3735939307365201,99
Pressure → system,Largest initial contribution,P06,Barriers to urban service access,O04,"Water supply, drainage and stormwater systems",P06→O04,0.0027388432415015305,0.0005409304002884963,0.001284815438988275,0.00125515907242345,0.0004024171328757578,8.65678039302924e-08,0.00013413904429191925,2.88559346434308e-08,0.00021511957831333027,0.0005409304002884963,0.00125515907242345,0.0007142286721349538,-0.0021979128412130343,-2.96563665648248e-05,-0.0021682564746482095,0.0016199751376429167,Toward parity,NSF-dominant / NSF,Balanced,Observed absolute contribution to total Jensen–Shannon divergence,0.00013413904429191925,32,90,20,Background,,0.021556197166831104,0.5746008325521716,100
Need → pressure,Largest overlap gain,N08,Transport accessibility and travel safety,P03,Resource and environmental carrying-capacity pressure,N08→P03,0.00010740561731378553,0.0016227912008654887,9.571136041212684e-05,0.0016212604358404473,0.0003983797724129597,0.00041040232692125225,0.00013279325747098656,0.00013680077564041742,1.0301786268802573,0.00010740561731378553,9.571136041212684e-05,-1.1694256901658692e-05,0.0015153855835517032,0.0015255490754283204,1.0163491876617227e-05,1.1794019079341948e-05,Away from parity,NSFC-dominant / NSFC,NSFC-dominant / NSFC,Pair contribution to distribution overlap coefficient gain,0.0,110,150,23,Background,,0.0,0.54153435544169,101
Pressure → system,Largest initial contribution,P08,Institutional coordination and policy implementation pressure,O05,Energy supply and power systems,P08→O05,0.00644433703882713,0.002704652001442481,0.004955526301212925,0.005874191502398998,0.00039357672053311383,1.950560574672086e-05,0.0001311922401777046,6.5018685822402864e-06,0.049559856386576465,0.002704652001442481,0.004955526301212925,0.002250874299770444,-0.003739685037384649,0.0009186652011860729,-0.0028210198361985762,0.003501790693425157,Toward parity,NSF-dominant / NSF,Balanced,Observed absolute contribution to total Jensen–Shannon divergence,0.0001311922401777046,33,90,20,Background,,0.021082644586869367,0.5746008325521716,102
Need → pressure,Largest overlap gain,N16,Social inclusion and distributive equity,P02,Pollutant emissions and cumulative environmental exposure,N16→P02,0.003275871328070459,0.0008414472893376607,0.002832338554640553,0.000656507546322793,0.0003844525998391726,0.00036560294225211913,0.00012815086661305752,0.00012186764741737304,0.950970138854728,0.0008414472893376607,0.000656507546322793,-0.0001849397430148677,-0.0024344240387327984,-0.00217583100831776,-0.0002585930304150382,0.00048054555419109815,Toward parity,NSF-dominant / NSF,NSF-dominant / NSF,Pair contribution to distribution overlap coefficient gain,0.0,140,150,23,Background,,0.0,0.54153435544169,103
Pressure → system,Largest initial contribution,P06,Barriers to urban service access,O07,"Information, communication and digital infrastructure",P06→O07,0.002255517963589496,0.0003606202668589975,0.0053363756645103564,0.0002553745602490803,0.0003821078273651604,0.0014191434997742115,0.0001273692757883868,0.0004730478332580705,3.713986990426162,0.0003606202668589975,0.0002553745602490803,-0.00010524570660991718,-0.0018948976967304984,-0.005081001104261276,0.0031861034075307774,0.003082654835054225,Away from parity,NSF-dominant / NSF,NSF-dominant / NSF,Observed absolute contribution to total Jensen–Shannon divergence,0.0001273692757883868,34,90,20,Background,,0.020468292706155446,0.5746008325521716,104
Pressure → system,Largest initial contribution,P08,Institutional coordination and policy implementation pressure,O11,Industrial production and employment systems,P08→O11,0.001127758981794748,0.0037865128020194735,0.0021497428791929945,0.0029670956298135202,0.0003796079954809194,3.278078826477487e-05,0.0001265359984936398,1.0926929421591623e-05,0.08635431459562755,0.001127758981794748,0.0021497428791929945,0.0010219838973982466,0.0026587538202247256,0.0008173527506205257,-0.0018414010696042,0.001309921978076294,Toward parity,NSFC-dominant / NSFC,Balanced,Observed absolute contribution to total Jensen–Shannon divergence,0.0001265359984936398,35,90,20,Background,,0.020334384717209886,0.5746008325521716,105
System → knowledge,Most persistent residual,O03,Transport and urban mobility systems,K06,Implementation monitoring and impact evaluation,O03→K06,0.001772192685677461,0.00018031013342949875,0.0019024972656817014,0.00033573234443046233,0.0003760616766710072,0.0003026530922600415,0.00012535389222366906,0.0001008843640866805,0.8047964231271929,0.00018031013342949875,0.00033573234443046233,0.00015542221100096359,-0.0015918825522479622,-0.0015667649212512391,-2.5117630996723036e-05,0.00020281850813599228,Toward parity,NSF-dominant / NSF,NSF-dominant / NSF,Balanced residual contribution to total Jensen–Shannon divergence,0.0001008843640866805,24,71,20,Background,,0.15129601978254623,0.3735939307365201,106
Need → pressure,Largest overlap gain,N11,Clean-energy access and energy security,P03,Resource and environmental carrying-capacity pressure,N11→P03,0.010190107942645401,0.00542432984733742,0.0074042049446617,0.009859041194008803,0.0003695156632924307,8.756603893333807e-05,0.00012317188776414355,2.9188679644446024e-05,0.23697517489005404,0.00542432984733742,0.0074042049446617,0.0019798750973242796,-0.004765778095307981,0.002454836249347103,-0.002310941845960878,0.0052371671963448415,Toward parity,NSF-dominant / NSF,Balanced,Pair contribution to distribution overlap coefficient gain,0.0019798750973242796,20,150,23,Supporting,,0.06460751974266515,0.54153435544169,107
Need → pressure,Largest overlap gain,N01,Climate adaptation and extreme-risk reduction,P08,Institutional coordination and policy implementation pressure,N01→P08,0.0010472047688094086,0.0,0.0007119529884337306,0.0,0.0003629335164845855,0.0002467441033120338,0.00012097783882819515,8.22480344373446e-05,0.6798603383397177,0.0,0.0,0.0,-0.0010472047688094086,-0.0007119529884337306,-0.0003352517803756781,0.0003352517803756781,Toward parity,NSF-dominant / NSF,NSF-dominant / NSF,Pair contribution to distribution overlap coefficient gain,0.0,87,150,23,Background,,0.0,0.54153435544169,108
System → knowledge,Most persistent residual,O08,Green-blue spaces and ecosystems,K01,State measurement and problem diagnosis,O08→K01,0.06975994844530368,0.08456545257843491,0.07194148340118724,0.0817015431812673,0.00035564535825478123,0.00015510456194426812,0.00011854845275159373,5.170152064808937e-05,0.4361214292389346,0.06975994844530368,0.07194148340118724,0.0021815349558835517,0.014805504133131225,0.009760059780080058,-0.005045444353051168,0.0036001488578844667,Toward parity,Balanced,Balanced,Balanced residual contribution to total Jensen–Shannon divergence,5.170152064808937e-05,34,71,20,Background,,0.07753663673827726,0.3735939307365201,109
Need → pressure,Largest overlap gain,N07,Housing security and community renewal,P08,Institutional coordination and policy implementation pressure,N07→P08,0.0007921164276891683,0.0030502464238490214,0.0021161621163127715,0.0021402292528691236,0.0003541345848735297,3.402119884536857e-08,0.0001180448616245099,1.1340399615122856e-08,9.606855782673243e-05,0.0007921164276891683,0.0021161621163127715,0.0013240456886236033,0.002258129996159853,2.4067136556352176e-05,-0.002234062859603501,0.0016066201284189764,Toward parity,NSFC-dominant / NSFC,Balanced,Pair contribution to distribution overlap coefficient gain,0.0013240456886236033,27,150,23,Background,,0.043206416446950835,0.54153435544169,110
System → knowledge,Most persistent residual,O12,"Planning, governance and public administration systems",K05,Planning decision support and policy design,O12→K05,0.018849685838569358,0.026866209880995313,0.025046855478840533,0.02241686098753727,0.000353258568243148,3.645107998137662e-05,0.00011775285608104933,1.2150359993792206e-05,0.10318526784122424,0.018849685838569358,0.02241686098753727,0.003567175148967913,0.008016524042425956,-0.002629994491303262,-0.005386529551122694,0.00762899843531345,Toward parity,Balanced,Balanced,Balanced residual contribution to total Jensen–Shannon divergence,1.2150359993792206e-05,50,71,20,Background,,0.018221863443638932,0.3735939307365201,111
Pressure → system,Largest initial contribution,P05,Infrastructure ageing and system-function failure,O07,"Information, communication and digital infrastructure",P05→O07,0.004188819075237635,0.00144248106743599,0.008556129195350832,0.0013857978776296459,0.0003495669861298873,0.0014380694925738328,0.00011652232870996244,0.00047935649752461093,4.113859573797094,0.00144248106743599,0.0013857978776296459,-5.668318980634412e-05,-0.002746338007801645,-0.0071703313177211864,0.004423993309919542,0.004367677949351322,Away from parity,NSF-dominant / NSF,NSF-dominant / NSF,Observed absolute contribution to total Jensen–Shannon divergence,0.00011652232870996244,36,90,20,Background,,0.018725184045176386,0.5746008325521716,112
Pressure → system,Largest initial contribution,P03,Resource and environmental carrying-capacity pressure,O03,Transport and urban mobility systems,P03→O03,0.0006444337038827131,0.002704652001442481,0.0005402224833930599,0.0030036766928506283,0.0003406573248078103,0.0004717523629953921,0.00011355244160260342,0.00015725078766513068,1.3848296473928519,0.0006444337038827131,0.0005402224833930599,-0.00010421122048965322,0.002060218297559768,0.0024634542094575684,0.0004032359118978004,0.000316663456287082,Away from parity,NSFC-dominant / NSFC,NSFC-dominant / NSFC,Observed absolute contribution to total Jensen–Shannon divergence,0.00011355244160260342,37,90,20,Background,,0.018247922019139145,0.5746008325521716,113
Need → pressure,Largest overlap gain,N19,Urban-rural linkages and cross-regional coordination,P03,Resource and environmental carrying-capacity pressure,N19→P03,0.00036249395843402613,0.002103618223344152,0.0006847107170171583,0.0015957555249530798,0.0003399472481138816,9.357999581509222e-05,0.00011331574937129387,3.119333193836407e-05,0.275277991906977,0.00036249395843402613,0.0006847107170171583,0.00032221675858313213,0.0017411242649101259,0.0009110448079359216,-0.0008300794569742043,0.0006014550356667418,Toward parity,NSFC-dominant / NSFC,NSFC-dominant / NSFC,Pair contribution to distribution overlap coefficient gain,0.00032221675858313213,42,150,23,Background,,0.01051461560363654,0.54153435544169,114
Need → pressure,Largest overlap gain,N11,Clean-energy access and energy security,P01,Extreme climate and natural-hazard shocks,N11→P01,0.004964824660329736,0.0019533597788195696,0.003271896604769149,0.0035123558940706795,0.0003389448554423428,2.1311405418740815e-06,0.00011298161848078093,7.103801806246938e-07,0.0062875730599091665,0.0019533597788195696,0.003271896604769149,0.0013185368259495795,-0.0030114648815101662,0.00024045928930153037,-0.002771005592208636,0.002301407023686206,Toward parity,NSF-dominant / NSF,Balanced,Pair contribution to distribution overlap coefficient gain,0.0013185368259495795,28,150,23,Background,,0.04302665058472416,0.54153435544169,115
System → knowledge,Most persistent residual,O07,"Information, communication and digital infrastructure",K03,Scenario simulation and risk prediction,O07→K03,0.0020944095376188173,0.0003606202668589975,0.001987164532338148,0.000471990363072708,0.0003386347537139298,0.0002509997700756335,0.00011287825123797659,8.366659002521115e-05,0.7412108985354522,0.0003606202668589975,0.000471990363072708,0.00011137009621371051,-0.0017337892707598198,-0.00151517416926544,-0.00021861510149437987,0.00015461173787362304,Toward parity,NSF-dominant / NSF,NSF-dominant / NSF,Balanced residual contribution to total Jensen–Shannon divergence,8.366659002521115e-05,27,71,20,Background,,0.12547456857354358,0.3735939307365201,116
Need → pressure,Largest overlap gain,N12,"Decarbonization of buildings, transport and industry",P08,Institutional coordination and policy implementation pressure,N12→P08,0.001423124429407658,0.004072003846616179,0.0017023998186334488,0.005887579615504092,0.0003328965246816079,0.0006104461218660016,0.00011096550822720262,0.00020348204062200053,1.8337413478553144,0.001423124429407658,0.0017023998186334488,0.00027927538922579076,0.002648879417208521,0.004185179796870643,0.001536300379662122,0.0018369295347400105,Away from parity,NSFC-dominant / NSFC,NSFC-dominant / NSFC,Pair contribution to distribution overlap coefficient gain,0.00027927538922579076,47,150,23,Background,,0.00911334772957675,0.54153435544169,117
Need → pressure,Largest overlap gain,N11,Clean-energy access and energy security,P08,Institutional coordination and policy implementation pressure,N11→P08,0.004551313033671662,0.0017279721120326964,0.0038341690579825863,0.0036270335603144055,0.0003290284689014645,1.4377919193380958e-06,0.00010967615630048816,4.792639731126986e-07,0.004369810077950054,0.0017279721120326964,0.0036270335603144055,0.0018990614482817091,-0.002823340921638966,-0.00020713549766818076,-0.002616205423970785,0.0020299580946948033,Toward parity,NSF-dominant / NSF,Balanced,Pair contribution to distribution overlap coefficient gain,0.0018990614482817091,21,150,23,Supporting,,0.061970399131849416,0.54153435544169,118
System → knowledge,Most persistent residual,O01,Population and community systems,K06,Implementation monitoring and impact evaluation,O01→K06,0.0016110842597067826,0.00018031013342949875,0.001649294557400763,0.0003925916665780503,0.00032839006064196483,0.00020791572514709434,0.0001094633535473216,6.93052417156981e-05,0.6331364741692942,0.00018031013342949875,0.0003925916665780503,0.00021228153314855158,-0.0014307741262772839,-0.0012567028908227126,-0.00017407123545457124,0.00021569301371570247,Toward parity,NSF-dominant / NSF,NSF-dominant / NSF,Balanced residual contribution to total Jensen–Shannon divergence,6.93052417156981e-05,30,71,20,Background,,0.10393689167374942,0.3735939307365201,119
Pressure → system,Largest initial contribution,P02,Pollutant emissions and cumulative environmental exposure,O03,Transport and urban mobility systems,P02→O03,0.0040277106492669565,0.007933645870897944,0.005939933236786413,0.006346889079697613,0.0003247904857016145,3.370345629416963e-06,0.00010826349523387149,1.1234485431389877e-06,0.010376983864340486,0.0040277106492669565,0.005939933236786413,0.0019122225875194566,0.003905935221630987,0.0004069558429111997,-0.0034989793787197875,0.002484832456854984,Toward parity,NSFC-dominant / NSFC,Balanced,Observed absolute contribution to total Jensen–Shannon divergence,0.00010826349523387149,38,90,20,Background,,0.01739798625784754,0.5746008325521716,120
Pressure → system,Largest initial contribution,P04,Population and spatial-development pressure,O11,Industrial production and employment systems,P04→O11,0.0004833252779120348,0.002163721601153985,0.0006217783190728978,0.001253359612902388,0.00028832750818864915,5.4236250489110506e-05,9.610916939621638e-05,1.8078750163036834e-05,0.18810640313106855,0.0004833252779120348,0.0006217783190728978,0.000138453041160863,0.0016803963232419504,0.0006315812938294902,-0.0010488150294124601,0.0009208301658069703,Toward parity,NSFC-dominant / NSFC,NSFC-dominant / NSFC,Observed absolute contribution to total Jensen–Shannon divergence,9.610916939621638e-05,39,90,20,Background,,0.015444781316143727,0.5746008325521716,121
System → knowledge,Most persistent residual,O10,Food supply and urban-rural supply chains,K05,Planning decision support and policy design,O10→K05,0.004994361205091026,0.002163721601153985,0.004488941850982904,0.002280010844019568,0.00028763383068150636,0.0001835547636586277,9.587794356050211e-05,6.118492121954256e-05,0.6381542922948996,0.002163721601153985,0.002280010844019568,0.000116289242865583,-0.002830639603937041,-0.0022089310069633356,-0.0006217085969737052,0.0005186250201381745,Toward parity,NSF-dominant / NSF,NSF-dominant / NSF,Balanced residual contribution to total Jensen–Shannon divergence,6.118492121954256e-05,33,71,20,Background,,0.09175886803699072,0.3735939307365201,122
Pressure → system,Largest initial contribution,P06,Barriers to urban service access,O08,Green-blue spaces and ecosystems,P06→O08,0.001127758981794748,0.0032455824017309774,0.003606504864697896,0.002138221330803717,0.0002674925240584516,9.486806454363212e-05,8.916417468615053e-05,3.1622688181210704e-05,0.35465688201028694,0.001127758981794748,0.002138221330803717,0.001010462349008969,0.0021178234199362295,-0.0014682835338941792,-0.0006495398860420503,0.0027148535307479254,Toward parity,NSFC-dominant / NSFC,NSF-dominant / NSF,Observed absolute contribution to total Jensen–Shannon divergence,8.916417468615053e-05,40,90,20,Background,,0.014328717935171828,0.5746008325521716,123
System → knowledge,Most persistent residual,O05,Energy supply and power systems,K05,Planning decision support and policy design,O05→K05,0.010472047688094087,0.006310854670032456,0.0074272845802645536,0.009645630758847576,0.0002606440210360867,7.226359519226476e-05,8.688134034536223e-05,2.4087865064088252e-05,0.27725015484724935,0.006310854670032456,0.0074272845802645536,0.0011164299102320975,-0.004161193018061631,0.002218346178583022,-0.0019428468394786088,0.004515674251463764,Toward parity,NSF-dominant / NSF,Balanced,Balanced residual contribution to total Jensen–Shannon divergence,2.4087865064088252e-05,43,71,20,Background,,0.03612450890927269,0.3735939307365201,124
Need → pressure,Largest overlap gain,N18,Public participation and multi-actor coordination,P03,Resource and environmental carrying-capacity pressure,N18→P03,0.0009666505558240698,4.5077533357374686e-05,0.0007836834813153425,8.987935169968776e-05,0.000258490399285396,0.00015801180346083972,8.616346642846532e-05,5.267060115361324e-05,0.6112869332774751,4.5077533357374686e-05,8.987935169968776e-05,4.4801818342313076e-05,-0.0009215730224666951,-0.0006938041296156547,-0.00022776889285104043,0.00018837237929447036,Toward parity,NSF-dominant / NSF,NSF-dominant / NSF,Pair contribution to distribution overlap coefficient gain,4.4801818342313076e-05,76,150,23,Background,,0.0014619782666947705,0.54153435544169,125
Pressure → system,Largest initial contribution,P02,Pollutant emissions and cumulative environmental exposure,O01,Population and community systems,P02→O01,0.0038666022232962784,0.00721240533717995,0.003935716508945392,0.006487540531456907,0.00025659076236520873,0.000157783383009682,8.553025412173624e-05,5.259446100322734e-05,0.6149223049000767,0.0038666022232962784,0.003935716508945392,6.91142856491132e-05,0.003345803113883671,0.0025518240225115155,-0.0007939790913721557,0.0007281522993554929,Toward parity,NSFC-dominant / NSFC,NSFC-dominant / NSFC,Observed absolute contribution to total Jensen–Shannon divergence,8.553025412173624e-05,41,90,20,Background,,0.013744745471459893,0.5746008325521716,126
Pressure → system,Largest initial contribution,P07,High-carbon technological and industrial path dependence,O02,Housing and built-environment systems,P07→O02,0.01288867407765426,0.008294266137756943,0.010287255618896539,0.011003697505230902,0.0002511133697412878,6.028216372788302e-06,8.370445658042926e-05,2.0094054575961007e-06,0.024005955473414005,0.008294266137756943,0.010287255618896539,0.0019929894811395957,-0.004594407939897318,0.0007164418863343635,-0.0038779660535629545,0.00375611452602516,Toward parity,NSF-dominant / NSF,Balanced,Observed absolute contribution to total Jensen–Shannon divergence,8.370445658042926e-05,42,90,20,Background,,0.0134513390885914,0.5746008325521716,127
Pressure → system,Largest initial contribution,P03,Resource and environmental carrying-capacity pressure,O06,Waste and resource-circulation systems,P03→O06,0.006283228612856452,0.0032455824017309774,0.005087053688583743,0.003583991967407406,0.0002463660691405903,6.546634512410646e-05,8.212202304686343e-05,2.1822115041368818e-05,0.2657279281699611,0.0032455824017309774,0.003583991967407406,0.00033840956567642846,-0.003037646211125475,-0.0015030617211763374,-0.0015345844899491375,0.0012431232777163053,Toward parity,NSF-dominant / NSF,Balanced,Observed absolute contribution to total Jensen–Shannon divergence,8.212202304686343e-05,43,90,20,Background,,0.013197041397467883,0.5746008325521716,128
Pressure → system,Largest initial contribution,P02,Pollutant emissions and cumulative environmental exposure,O07,"Information, communication and digital infrastructure",P02→O07,0.004994361205091026,0.0023440317345834838,0.007204976425955911,0.001947400152369879,0.0002447920962432581,0.000803288143858668,8.159736541441937e-05,0.00026776271461955597,3.2815117652345016,0.0023440317345834838,0.001947400152369879,-0.00039663158221360474,-0.002650329470507542,-0.005257576273586032,0.00260724680307849,0.002245915462952418,Away from parity,NSF-dominant / NSF,NSF-dominant / NSF,Observed absolute contribution to total Jensen–Shannon divergence,8.159736541441937e-05,44,90,20,Background,,0.01311272870961665,0.5746008325521716,129
Pressure → system,Largest initial contribution,P08,Institutional coordination and policy implementation pressure,O04,"Water supply, drainage and stormwater systems",P08→O04,0.0027388432415015305,0.0009015506671474937,0.002175421152832452,0.0008303625279914445,0.00024282585099321162,0.00015594881843448722,8.094195033107053e-05,5.1982939478162404e-05,0.6422249435001337,0.0009015506671474937,0.0008303625279914445,-7.118813915604923e-05,-0.001837292574354037,-0.0013450586248410074,-0.0004922339495130295,0.0005679015769979233,Toward parity,NSF-dominant / NSF,NSF-dominant / NSF,Observed absolute contribution to total Jensen–Shannon divergence,8.094195033107053e-05,45,90,20,Background,,0.013007403247985688,0.5746008325521716,130
Need → pressure,Largest overlap gain,N13,Waste reduction and resource circularity,P07,High-carbon technological and industrial path dependence,N13→P07,0.0037591966059824936,0.0015326361341507393,0.002728552130832734,0.001829325186835348,0.00024166069840754028,4.4644585890913735e-05,8.055356613584675e-05,1.4881528630304578e-05,0.1847407798831419,0.0015326361341507393,0.001829325186835348,0.00029668905268460857,-0.002226560471831754,-0.000899226943997386,-0.001327333527834368,0.0010724982182454261,Toward parity,NSF-dominant / NSF,Balanced,Pair contribution to distribution overlap coefficient gain,0.00029668905268460857,45,150,23,Background,,0.00968159246745348,0.54153435544169,131
Need → pressure,Largest overlap gain,N08,Transport accessibility and travel safety,P08,Institutional coordination and policy implementation pressure,N08→P08,0.002618011922023522,0.005349200625075129,0.004178771113173505,0.004702488715711683,0.0002388797623020662,7.725235894676309e-06,7.962658743402207e-05,2.5750786315587692e-06,0.03233943227433247,0.002618011922023522,0.004178771113173505,0.0015607591911499827,0.002731188703051607,0.0005237176025381781,-0.0022074711005134287,0.0016894394178163543,Toward parity,NSFC-dominant / NSFC,Balanced,Pair contribution to distribution overlap coefficient gain,0.0015607591911499827,22,150,23,Supporting,,0.05093087962571245,0.54153435544169,132
Need → pressure,Largest overlap gain,N18,Public participation and multi-actor coordination,P07,High-carbon technological and industrial path dependence,N18→P07,0.0006847108103753827,0.0,0.000438277758212508,0.0,0.00023730268385530593,0.00015189549620356666,7.91008946184353e-05,5.063183206785555e-05,0.6400917753470675,0.0,0.0,0.0,-0.0006847108103753827,-0.000438277758212508,-0.0002464330521628747,0.0002464330521628747,Toward parity,NSF-dominant / NSF,NSF-dominant / NSF,Pair contribution to distribution overlap coefficient gain,0.0,147,150,23,Background,,0.0,0.54153435544169,133
Pressure → system,Largest initial contribution,P03,Resource and environmental carrying-capacity pressure,O07,"Information, communication and digital infrastructure",P03→O07,0.0012888674077654262,0.00018031013342949875,0.001040033164141961,0.0002523391932003522,0.00023567123023997974,0.00012884743178966416,7.85570767466599e-05,4.294914392988805e-05,0.5467253328225985,0.00018031013342949875,0.0002523391932003522,7.202905977085348e-05,-0.0011085572743359275,-0.0007876939709416087,-0.0003208633033943188,0.00025904954400873825,Toward parity,NSF-dominant / NSF,NSF-dominant / NSF,Observed absolute contribution to total Jensen–Shannon divergence,7.85570767466599e-05,46,90,20,Background,,0.012624153125138201,0.5746008325521716,134
Pressure → system,Largest initial contribution,P07,High-carbon technological and industrial path dependence,O06,Waste and resource-circulation systems,P07→O06,0.0012888674077654262,0.00018031013342949875,0.0009689776225996525,0.0001375162224330652,0.00023567123023997974,0.00017580991543614358,7.85570767466599e-05,5.860330514538119e-05,0.745996510720123,0.00018031013342949875,0.0001375162224330652,-4.2793910996433545e-05,-0.0011085572743359275,-0.0008314614001665873,-0.0002770958741693402,0.0003227395133412944,Toward parity,NSF-dominant / NSF,NSF-dominant / NSF,Observed absolute contribution to total Jensen–Shannon divergence,7.85570767466599e-05,47,90,20,Background,,0.012624153125138201,0.5746008325521716,135
Pressure → system,Largest initial contribution,P08,Institutional coordination and policy implementation pressure,O06,Waste and resource-circulation systems,P08→O06,0.001127758981794748,0.0030652722683014787,0.0016967355223378587,0.0035065362043326994,0.00023255638289574086,0.0001607085137311323,7.751879429858028e-05,5.35695045770441e-05,0.6910518289372466,0.001127758981794748,0.0016967355223378587,0.0005689765405431108,0.0019375132865067307,0.0018098006819948407,-0.00012771260451189008,0.0007200334470912942,Toward parity,NSFC-dominant / NSFC,NSFC-dominant / NSFC,Observed absolute contribution to total Jensen–Shannon divergence,7.751879429858028e-05,48,90,20,Background,,0.012457300727435432,0.5746008325521716,136
Pressure → system,Largest initial contribution,P02,Pollutant emissions and cumulative environmental exposure,O10,Food supply and urban-rural supply chains,P02→O10,0.007088770742709844,0.011179228272628922,0.009299178527880392,0.011704091406243849,0.00023093032396559454,6.899295372192254e-05,7.697677465519817e-05,2.2997651240640845e-05,0.2987609099452939,0.007088770742709844,0.009299178527880392,0.0022104077851705485,0.004090457529919079,0.002404912878363457,-0.0016855446515556217,0.0022718679287693313,Toward parity,NSFC-dominant / NSFC,Balanced,Observed absolute contribution to total Jensen–Shannon divergence,7.697677465519817e-05,49,90,20,Background,,0.012370197957598984,0.5746008325521716,137
Need → pressure,Largest overlap gain,N16,Social inclusion and distributive equity,P06,Barriers to urban service access,N16→P06,0.0051017668224048116,0.0025093160235605243,0.007555122180131195,0.0026015573949692834,0.00022523709693990466,0.0006305463331205293,7.507903231330155e-05,0.0002101821110401764,2.7994781574047938,0.0025093160235605243,0.0026015573949692834,9.224137140875907e-05,-0.002592450798844287,-0.004953564785161912,0.0023611139863176245,0.0024550887930753374,Away from parity,NSF-dominant / NSF,NSF-dominant / NSF,Pair contribution to distribution overlap coefficient gain,9.224137140875907e-05,67,150,23,Background,,0.003010031406746776,0.54153435544169,138
System → knowledge,Most persistent residual,O07,"Information, communication and digital infrastructure",K01,State measurement and problem diagnosis,O07→K01,0.006605445464797809,0.003606202668589975,0.014590777330208072,0.0031493762370284626,0.00022350626411046304,0.0020004035314017967,7.450208803682101e-05,0.0006668011771339322,8.95010052341594,0.003606202668589975,0.0031493762370284626,-0.00045682643156151224,-0.0029992427962078345,-0.01144140109317961,0.008442158296971775,0.0079983882994832,Away from parity,NSF-dominant / NSF,NSF-dominant / NSF,Balanced residual contribution to total Jensen–Shannon divergence,0.0006668011771339322,1,71,20,Key,O07→K01,1.0,0.3735939307365201,139
Pressure → system,Largest initial contribution,P08,Institutional coordination and policy implementation pressure,O08,Green-blue spaces and ecosystems,P08→O08,0.005316578057032383,0.008835196538045438,0.007481610014090433,0.007189288856896991,0.00022102350469700672,1.4562385519002193e-06,7.367450156566891e-05,4.854128506334064e-07,0.006588613975226414,0.005316578057032383,0.007189288856896991,0.0018727107998646082,0.003518618481013055,-0.0002923211571934422,-0.003226297323819613,0.002719627818276992,Toward parity,NSFC-dominant / NSFC,Balanced,Observed absolute contribution to total Jensen–Shannon divergence,7.367450156566891e-05,50,90,20,Background,,0.011839521373518822,0.5746008325521716,140
System → knowledge,Most persistent residual,O02,Housing and built-environment systems,K01,State measurement and problem diagnosis,O02→K01,0.02046077009827614,0.026866209880995313,0.020794015922404898,0.023732211944586502,0.00021740162789667269,4.850664703639866e-05,7.246720929889089e-05,1.616888234546622e-05,0.2231199807733411,0.02046077009827614,0.020794015922404898,0.00033324582412875767,0.006405439782719173,0.0029381960221816043,-0.0034672437605375687,0.0031516655667621113,Toward parity,Balanced,Balanced,Balanced residual contribution to total Jensen–Shannon divergence,1.616888234546622e-05,46,71,20,Background,,0.0242484310165196,0.3735939307365201,141
Pressure → system,Largest initial contribution,P08,Institutional coordination and policy implementation pressure,O07,"Information, communication and digital infrastructure",P08→O07,0.0019333011116481392,0.0005409304002884963,0.004476945774513194,0.0009715805690414735,0.00020781594606274423,0.0006110819884377115,6.927198202091474e-05,0.00020369399614590384,2.9404961458213243,0.0005409304002884963,0.0009715805690414735,0.0004306501687529773,-0.001392370711359643,-0.0035053652054717202,0.002112994494112077,0.0025798425802302056,Away from parity,NSF-dominant / NSF,NSF-dominant / NSF,Observed absolute contribution to total Jensen–Shannon divergence,6.927198202091474e-05,51,90,20,Background,,0.01113203475142079,0.5746008325521716,142
Need → pressure,Largest overlap gain,N05,Water environmental quality and water security,P06,Barriers to urban service access,N05→P06,0.0017184898770205685,0.00045077533357374685,0.0009751721020858323,0.0006415741754898928,0.0001975319046571598,1.733281146188002e-05,6.584396821905326e-05,5.777603820626673e-06,0.0877468958341853,0.00045077533357374685,0.0006415741754898928,0.00019079884191614596,-0.0012677145434468217,-0.00033359792659593945,-0.0009341166168508822,0.0007674148243358801,Toward parity,NSF-dominant / NSF,NSF-dominant / NSF,Pair contribution to distribution overlap coefficient gain,0.00019079884191614596,56,150,23,Background,,0.0062261705107734015,0.54153435544169,143
Need → pressure,Largest overlap gain,N14,Reduction of environmental exposure and health risks,P04,Population and spatial-development pressure,N14→P04,5.3702808656892765e-05,0.0007813439115278278,5.2552287123072626e-05,0.0006763573988364893,0.0001897554319633355,0.00015821608440654187,6.325181065444516e-05,5.273869480218062e-05,0.8337894877081166,5.3702808656892765e-05,5.2552287123072626e-05,-1.1505215338201391e-06,0.0007276411028709351,0.0006238051117134167,-0.0001038359911575184,0.00010499281664422749,Toward parity,NSFC-dominant / NSFC,NSFC-dominant / NSFC,Pair contribution to distribution overlap coefficient gain,0.0,130,150,23,Background,,0.0,0.54153435544169,144
Pressure → system,Largest initial contribution,P04,Population and spatial-development pressure,O10,Food supply and urban-rural supply chains,P04→O10,0.0012888674077654262,0.0030652722683014787,0.0018761747545410139,0.0019161231513379654,0.0001865790060534985,1.0520691955508999e-07,6.219300201783283e-05,3.5068973185029996e-08,0.000563873298397375,0.0012888674077654262,0.0018761747545410139,0.0005873073467755876,0.0017764048605360524,3.994839679695157e-05,-0.0017364564637391009,0.0012905322981601828,Toward parity,NSFC-dominant / NSFC,Balanced,Observed absolute contribution to total Jensen–Shannon divergence,6.219300201783283e-05,52,90,20,Background,,0.009994439881172552,0.5746008325521716,145
Need → pressure,Largest overlap gain,N07,Housing security and community renewal,P03,Resource and environmental carrying-capacity pressure,N07→P03,0.0001611084259706783,0.0010067315783147013,0.00025018527946715096,0.0004573228942671313,0.0001704549372241794,1.5385324648140127e-05,5.68183124080598e-05,5.128441549380042e-06,0.09026036381630655,0.0001611084259706783,0.00025018527946715096,8.907685349647266e-05,0.000845623152344023,0.00020713761479998033,-0.0006384855375440427,0.0005565829569217105,Toward parity,NSFC-dominant / NSFC,NSFC-dominant / NSFC,Pair contribution to distribution overlap coefficient gain,8.907685349647266e-05,68,150,23,Background,,0.0029067664817167224,0.54153435544169,146
System → knowledge,Most persistent residual,O06,Waste and resource-circulation systems,K01,State measurement and problem diagnosis,O06→K01,0.0037054937973256003,0.0018031013342949874,0.0035412422886509248,0.0015876198823916285,0.00016767912244355687,0.00019081951753712384,5.5893040814518955e-05,6.360650584570795e-05,1.1380040326806717,0.0018031013342949874,0.0015876198823916285,-0.00021548145190335892,-0.001902392463030613,-0.0019536224062592965,5.12299432286836e-05,0.0002709443009481591,Away from parity,NSF-dominant / NSF,NSF-dominant / NSF,Balanced residual contribution to total Jensen–Shannon divergence,6.360650584570795e-05,32,71,20,Background,,0.09539051223500178,0.3735939307365201,147
System → knowledge,Most persistent residual,O05,Energy supply and power systems,K06,Implementation monitoring and impact evaluation,O05→K06,0.0004833252779120348,0.0,0.0003996220971745062,0.0,0.00016750777683903947,0.00013849846497298072,5.583592561301315e-05,4.616615499099357e-05,0.8268181190540532,0.0,0.0,0.0,-0.0004833252779120348,-0.0003996220971745062,-8.370318073752859e-05,8.370318073752859e-05,Toward parity,NSF-dominant / NSF,NSF-dominant / NSF,Balanced residual contribution to total Jensen–Shannon divergence,4.616615499099357e-05,35,71,20,Background,,0.06923526318508694,0.3735939307365201,148
Pressure → system,Largest initial contribution,P01,Extreme climate and natural-hazard shocks,O11,Industrial production and employment systems,P01→O11,0.001772192685677461,0.003606202668589975,0.0009670891390349625,0.0040687313110384146,0.00015952776401183884,0.000513595205720567,5.317592133727961e-05,0.00017119840190685568,3.2194722273074183,0.001772192685677461,0.0009670891390349625,-0.0008051035466424983,0.001834009982912514,0.0031016421720034522,0.0012676321890909383,0.0009285065782758495,Away from parity,NSFC-dominant / NSFC,NSFC-dominant / NSFC,Observed absolute contribution to total Jensen–Shannon divergence,5.317592133727961e-05,53,90,20,Background,,0.008545391469911894,0.5746008325521716,149
Need → pressure,Largest overlap gain,N03,Critical infrastructure resilience,P07,High-carbon technological and industrial path dependence,N03→P07,0.0006981365125396058,6.010337780983291e-05,0.00047358837145655247,7.849184195288876e-05,0.00015777902458327355,7.846592667890203e-05,5.259300819442451e-05,2.6155308892967343e-05,0.49731532366958464,6.010337780983291e-05,7.849184195288876e-05,1.8388464143055852e-05,-0.0006380331347297729,-0.00039509652950366373,-0.00024293660522610916,0.00022529980753963215,Toward parity,NSF-dominant / NSF,NSF-dominant / NSF,Pair contribution to distribution overlap coefficient gain,1.8388464143055852e-05,82,150,23,Background,,0.0006000545497871808,0.54153435544169,150
Need → pressure,Largest overlap gain,N03,Critical infrastructure resilience,P08,Institutional coordination and policy implementation pressure,N03→P08,0.002430052091724398,0.000991705733862243,0.0023674257730156457,0.001692829903083849,0.00015595283001515372,2.8150737370808597e-05,5.198427667171791e-05,9.383579123602865e-06,0.18050802520270537,0.000991705733862243,0.001692829903083849,0.0007011241692216061,-0.001438346357862155,-0.0006745958699317966,-0.0007637504879303583,0.000703915589017389,Toward parity,NSF-dominant / NSF,Balanced,Pair contribution to distribution overlap coefficient gain,0.0007011241692216061,34,150,23,Background,,0.022879167310232287,0.54153435544169,151
Pressure → system,Largest initial contribution,P02,Pollutant emissions and cumulative environmental exposure,O08,Green-blue spaces and ecosystems,P02→O08,0.05590462381182536,0.06455102776776055,0.06556807315290009,0.060421526592001354,0.00015529498467776494,5.2572420003833224e-05,5.176499489258831e-05,1.752414000127774e-05,0.3385326326727183,0.05590462381182536,0.060421526592001354,0.0045169027801759964,0.008646403955935189,-0.005146546560898732,-0.003499857395036457,0.01050880740750891,Toward parity,Balanced,Balanced,Observed absolute contribution to total Jensen–Shannon divergence,5.176499489258831e-05,54,90,20,Background,,0.008318655035414322,0.5746008325521716,152
Pressure → system,Largest initial contribution,P03,Resource and environmental carrying-capacity pressure,O10,Food supply and urban-rural supply chains,P03→O10,0.011599806669888834,0.01568698160836639,0.0166827574625941,0.013878504149920326,0.00015362774862936633,6.441904416515517e-05,5.1209249543122105e-05,2.1473014721718388e-05,0.4193190666392497,0.011599806669888834,0.013878504149920326,0.0022786974800314917,0.004087174938477557,-0.0028042533126737754,-0.0012829216258037814,0.005395088458845753,Toward parity,Balanced,Balanced,Observed absolute contribution to total Jensen–Shannon divergence,5.1209249543122105e-05,55,90,20,Background,,0.008229346539212633,0.5746008325521716,153
System → knowledge,Most persistent residual,O03,Transport and urban mobility systems,K01,State measurement and problem diagnosis,O03→K01,0.012244240373771548,0.016408222142084386,0.011680923970591178,0.015064991244001968,0.0001518220120151053,0.00010733100835559877,5.060733733836843e-05,3.577700278519959e-05,0.7069528781170417,0.012244240373771548,0.011680923970591178,-0.0005633164031803705,0.004163981768312838,0.00338406727341079,-0.0007799144949020478,0.0014565694681872778,Toward parity,Balanced,Balanced,Balanced residual contribution to total Jensen–Shannon divergence,3.577700278519959e-05,37,71,20,Background,,0.05365467850398456,0.3735939307365201,154
Need → pressure,Largest overlap gain,N15,Public health and physical and mental well-being,P05,Infrastructure ageing and system-function failure,N15→P05,0.0009800762579882931,0.00018031013342949875,0.0010840290848410602,0.00021225054985195285,0.00015154923994866403,0.00016030448980678031,5.051641331622134e-05,5.343482993559344e-05,1.0577716513859263,0.00018031013342949875,0.00021225054985195285,3.1940416422454105e-05,-0.0007997661245587944,-0.0008717785349891074,7.201241043031299e-05,0.00010874916281020809,Away from parity,NSF-dominant / NSF,NSF-dominant / NSF,Pair contribution to distribution overlap coefficient gain,3.1940416422454105e-05,79,150,23,Background,,0.0010422834689882757,0.54153435544169,155
Need → pressure,Largest overlap gain,N10,Urban food access and supply security,P08,Institutional coordination and policy implementation pressure,N10→P08,0.0017721926856774613,0.0006010337780983291,0.0019099591903046923,0.00044654418122726903,0.00015101216464412904,0.0002446735995435326,5.0337388214709676e-05,8.155786651451087e-05,1.6202244376810533,0.0006010337780983291,0.00044654418122726903,-0.00015448959687106007,-0.0011711589075791323,-0.0014634150090774233,0.00029225610149829096,0.0002069943123339081,Away from parity,NSF-dominant / NSF,NSF-dominant / NSF,Pair contribution to distribution overlap coefficient gain,0.0,122,150,23,Background,,0.0,0.54153435544169,156
Pressure → system,Largest initial contribution,P01,Extreme climate and natural-hazard shocks,O06,Waste and resource-circulation systems,P01→O06,0.0009666505558240696,0.00018031013342949875,0.0009911760852016217,0.00015604323388109052,0.0001480371038736034,0.00016948865638143187,4.934570129120113e-05,5.649621879381062e-05,1.144906593999192,0.00018031013342949875,0.00015604323388109052,-2.426689954840823e-05,-0.0007863404223945709,-0.0008351328513205311,4.8792428925960264e-05,3.450194204594438e-05,Away from parity,NSF-dominant / NSF,NSF-dominant / NSF,Observed absolute contribution to total Jensen–Shannon divergence,4.934570129120113e-05,56,90,20,Background,,0.007929873602303301,0.5746008325521716,157
System → knowledge,Most persistent residual,O02,Housing and built-environment systems,K06,Implementation monitoring and impact evaluation,O02→K06,0.0009666505558240696,0.00018031013342949875,0.0008984316916404404,0.00029247488216552073,0.0001480371038736034,8.080828336605872e-05,4.934570129120113e-05,2.6936094455352903e-05,0.5458650652545473,0.00018031013342949875,0.00029247488216552073,0.00011216474873602199,-0.0007863404223945709,-0.0006059568094749198,-0.00018038361291965112,0.0001312811650219459,Toward parity,NSF-dominant / NSF,NSF-dominant / NSF,Balanced residual contribution to total Jensen–Shannon divergence,2.6936094455352903e-05,40,71,20,Background,,0.04039599115755997,0.3735939307365201,158
System → knowledge,Most persistent residual,O10,Food supply and urban-rural supply chains,K04,Intervention design and performance optimization,O10→K04,0.00934428870629934,0.006310854670032456,0.011104496855296752,0.005872054226767285,0.00014787767421173552,0.00040981965830925136,4.929255807057851e-05,0.00013660655276975044,2.7713423307054432,0.006310854670032456,0.005872054226767285,-0.0004388004432651707,-0.0030334340362668834,-0.005232442628529467,0.0021990085922625833,0.0018140778805791685,Away from parity,Balanced,NSF-dominant / NSF,Balanced residual contribution to total Jensen–Shannon divergence,0.00013660655276975044,19,71,20,Supporting,,0.2048684937193984,0.3735939307365201,159
Pressure → system,Largest initial contribution,P08,Institutional coordination and policy implementation pressure,O01,Population and community systems,P08→O01,0.0040277106492669565,0.006491164803461955,0.0033109599347418838,0.005441812460366701,0.00014557958843354013,0.00013100082756692583,4.852652947784671e-05,4.366694252230861e-05,0.899857108929321,0.0040277106492669565,0.0033109599347418838,-0.0007167507145250727,0.0024634541541949983,0.0021308525256248175,-0.0003326016285701808,0.0012707761119613876,Toward parity,NSFC-dominant / NSFC,NSFC-dominant / NSFC,Observed absolute contribution to total Jensen–Shannon divergence,4.852652947784671e-05,57,90,20,Background,,0.0077982323697644,0.5746008325521716,160
System → knowledge,Most persistent residual,O12,"Planning, governance and public administration systems",K01,State measurement and problem diagnosis,O12→K01,0.010955372966006122,0.014785430941218897,0.01126759927330807,0.010798965704584891,0.00014300211595089823,2.4883113166091636e-06,4.766737198363274e-05,8.294371055363878e-07,0.017400520964763626,0.010955372966006122,0.010798965704584891,-0.00015640726142123092,0.0038300579752127747,-0.0004686335687231792,-0.0033614244064895955,0.003998673573807048,Toward parity,Balanced,Balanced,Balanced residual contribution to total Jensen–Shannon divergence,8.294371055363878e-07,67,71,20,Background,,0.0012439046810047683,0.3735939307365201,161
Need → pressure,Largest overlap gain,N02,"Disaster prevention, emergency response and recovery",P02,Pollutant emissions and cumulative environmental exposure,N02→P02,0.0005907308952258204,0.0016828945786753213,0.00045671986050321395,0.0015862098239178145,0.0001367355652091041,0.00016524104891560624,4.557852173636803e-05,5.508034963853541e-05,1.2084716120704213,0.0005907308952258204,0.00045671986050321395,-0.00013401103472260642,0.001092163683449501,0.0011294899634146005,3.732627996509957e-05,0.00016524799311925956,Away from parity,NSFC-dominant / NSFC,NSFC-dominant / NSFC,Pair contribution to distribution overlap coefficient gain,0.0,88,150,23,Background,,0.0,0.54153435544169,162
Need → pressure,Largest overlap gain,N01,Climate adaptation and extreme-risk reduction,P02,Pollutant emissions and cumulative environmental exposure,N01→P02,0.003463831158369583,0.0018031013342949874,0.0028730961025712977,0.0020227721104709934,0.0001331726596109876,3.7109386657319484e-05,4.439088653699587e-05,1.2369795552439827e-05,0.2786561953911576,0.0018031013342949874,0.0020227721104709934,0.000219670776176006,-0.0016607298240745958,-0.0008503239921003043,-0.0008104058319742915,0.0006302564208754818,Toward parity,NSF-dominant / NSF,Balanced,Pair contribution to distribution overlap coefficient gain,0.000219670776176006,51,150,23,Background,,0.007168322904741978,0.54153435544169,163
Need → pressure,Largest overlap gain,N09,Accessibility of urban services,P08,Institutional coordination and policy implementation pressure,N09→P08,0.00017453412813490146,0.0008865248226950355,0.00016687387927733928,0.00048196735413626353,0.00013056620515833686,3.992080517248744e-05,4.3522068386112285e-05,1.3306935057495812e-05,0.3057514394638009,0.00017453412813490146,0.00016687387927733928,-7.66024885756218e-06,0.000711990694560134,0.0003150934748589242,-0.0003968972197012098,0.00040462998502241725,Toward parity,NSFC-dominant / NSFC,NSFC-dominant / NSFC,Pair contribution to distribution overlap coefficient gain,0.0,118,150,23,Background,,0.0,0.54153435544169,164
Need → pressure,Largest overlap gain,N14,Reduction of environmental exposure and health risks,P06,Barriers to urban service access,N14→P06,0.00037591966059824934,0.0,0.00027941502857196026,0.0,0.00013028382643036403,9.683786963036541e-05,4.342794214345467e-05,3.227928987678847e-05,0.7432838924340675,0.0,0.0,0.0,-0.00037591966059824934,-0.00027941502857196026,-9.650463202628908e-05,9.650463202628908e-05,Toward parity,NSF-dominant / NSF,NSF-dominant / NSF,Pair contribution to distribution overlap coefficient gain,0.0,132,150,23,Background,,0.0,0.54153435544169,165
Need → pressure,Largest overlap gain,N05,Water environmental quality and water security,P05,Infrastructure ageing and system-function failure,N05→P05,0.008485043767789057,0.00576992426974396,0.006396752142466594,0.006476568263602933,0.00013007932673920076,1.2371815912465582e-07,4.3359775579733584e-05,4.123938637488527e-08,0.0009510977818381655,0.00576992426974396,0.006396752142466594,0.0006268278727226346,-0.0027151194980450976,7.981612113633872e-05,-0.002635303376908759,0.002204610543032237,Toward parity,Balanced,Balanced,Pair contribution to distribution overlap coefficient gain,0.0006268278727226346,37,150,23,Background,,0.02045472172305795,0.54153435544169,166
Need → pressure,Largest overlap gain,N06,Ecological integrity and biodiversity protection,P08,Institutional coordination and policy implementation pressure,N06→P08,0.0045781644380001076,0.007017069359297992,0.0061283053029985626,0.006262096894817119,0.00012921068415783937,3.611774989770766e-07,4.307022805261312e-05,1.203924996590255e-07,0.0027952603248805217,0.0045781644380001076,0.0061283053029985626,0.001550140864998455,0.0024389049212978848,0.00013379159181855626,-0.0023051133294793285,0.001724215799562944,Toward parity,NSFC-dominant / NSFC,Balanced,Pair contribution to distribution overlap coefficient gain,0.001550140864998455,23,150,23,Supporting,,0.0505843811433607,0.54153435544169,167
Pressure → system,Largest initial contribution,P05,Infrastructure ageing and system-function failure,O02,Housing and built-environment systems,P05→O02,0.005316578057032383,0.0032455824017309774,0.00522848431575668,0.004336827573719504,0.0001264825327855947,2.080975549035449e-05,4.2160844261864896e-05,6.936585163451497e-06,0.1645267139426271,0.0032455824017309774,0.004336827573719504,0.0010912451719885265,-0.0020709956553014055,-0.0008916567420371758,-0.0011793389132642297,0.0010947952012318192,Toward parity,NSF-dominant / NSF,Balanced,Observed absolute contribution to total Jensen–Shannon divergence,4.2160844261864896e-05,58,90,20,Background,,0.00677526425230069,0.5746008325521716,168
Pressure → system,Largest initial contribution,P08,Institutional coordination and policy implementation pressure,O09,Public health and healthcare service systems,P08→O09,0.0,0.0003606202668589975,0.0,0.00029681694818671104,0.0001249814606130446,0.00010286891538901306,4.166048687101486e-05,3.428963846300435e-05,0.8230733973217497,0.0,0.0,0.0,0.0003606202668589975,0.00029681694818671104,-6.380331867228645e-05,6.380331867228645e-05,Toward parity,NSFC-dominant / NSFC,NSFC-dominant / NSFC,Observed absolute contribution to total Jensen–Shannon divergence,4.166048687101486e-05,59,90,20,Background,,0.006694856622829498,0.5746008325521716,169
System → knowledge,Most persistent residual,O06,Waste and resource-circulation systems,K06,Implementation monitoring and impact evaluation,O06→K06,0.0,0.0003606202668589975,0.0,0.000629337268523659,0.0001249814606130446,0.00021811167664923572,4.166048687101486e-05,7.27038922164119e-05,1.7451522456161064,0.0,0.0,0.0,0.0003606202668589975,0.000629337268523659,0.00026871700166466154,0.00026871700166466154,Away from parity,NSFC-dominant / NSFC,NSFC-dominant / NSFC,Balanced residual contribution to total Jensen–Shannon divergence,7.27038922164119e-05,29,71,20,Background,,0.1090338390356632,0.3735939307365201,170
Pressure → system,Largest initial contribution,P05,Infrastructure ageing and system-function failure,O03,Transport and urban mobility systems,P05→O03,0.027710649266956662,0.03317706455102777,0.028733214174478213,0.03281486796921189,0.00012285716710077233,6.771994358291422e-05,4.095238903359077e-05,2.257331452763807e-05,0.5512087343456945,0.027710649266956662,0.028733214174478213,0.001022564907521551,0.005466415284071109,0.004081653794733676,-0.0013847614893374334,0.0010848158156911557,Toward parity,Balanced,Balanced,Observed absolute contribution to total Jensen–Shannon divergence,4.095238903359077e-05,60,90,20,Background,,0.006581065021901565,0.5746008325521716,171
Need → pressure,Largest overlap gain,N13,Waste reduction and resource circularity,P08,Institutional coordination and policy implementation pressure,N13→P08,0.001423124429407658,0.0028248587570621473,0.002124007252916503,0.0032313454214926195,0.0001178304125842597,5.7656725507450616e-05,3.927680419475323e-05,1.9218908502483538e-05,0.48931955887212647,0.001423124429407658,0.002124007252916503,0.000700882823508845,0.0014017343276544892,0.0011073381685761164,-0.0002943961590783728,0.0008102272154461008,Toward parity,NSFC-dominant / NSFC,NSFC-dominant / NSFC,Pair contribution to distribution overlap coefficient gain,0.000700882823508845,35,150,23,Background,,0.022871291688218002,0.54153435544169,172
System → knowledge,Most persistent residual,O09,Public health and healthcare service systems,K01,State measurement and problem diagnosis,O09→K01,0.002416626389560174,0.004147133068878471,0.002808083424364057,0.003972978895427083,0.00011541968024823411,5.027736349976213e-05,3.847322674941137e-05,1.6759121166587377e-05,0.43560477200794673,0.002416626389560174,0.002808083424364057,0.0003914570348038833,0.0017305066793182975,0.0011648954710630254,-0.0005656112082552721,0.0004284486973115744,Toward parity,NSFC-dominant / NSFC,Balanced,Balanced residual contribution to total Jensen–Shannon divergence,1.6759121166587377e-05,45,71,20,Background,,0.025133610649312303,0.3735939307365201,173
Pressure → system,Largest initial contribution,P07,High-carbon technological and industrial path dependence,O01,Population and community systems,P07→O01,0.001772192685677461,0.000721240533717995,0.0010591520106968985,0.0004547510381390931,0.00011427778879731236,6.203864620328193e-05,3.809259626577078e-05,2.067954873442731e-05,0.542875801642576,0.000721240533717995,0.0004547510381390931,-0.0002664894955789019,-0.0010509521519594658,-0.0006044009725578054,-0.0004465511794016604,0.0007612119648498923,Toward parity,NSF-dominant / NSF,NSF-dominant / NSF,Observed absolute contribution to total Jensen–Shannon divergence,3.809259626577078e-05,61,90,20,Background,,0.006121495199521975,0.5746008325521716,174
System → knowledge,Most persistent residual,O03,Transport and urban mobility systems,K04,Intervention design and performance optimization,O03→K04,0.0356049621395199,0.04147133068878471,0.03973733021235057,0.04088413837809847,0.00011173209820609909,4.078359484541172e-06,3.724403273536636e-05,1.3594531615137239e-06,0.036501234202353385,0.0356049621395199,0.03973733021235057,0.004132368072830669,0.005866368549264811,0.0011468081657479007,-0.00471956038351691,0.004173878376172371,Toward parity,Balanced,Balanced,Balanced residual contribution to total Jensen–Shannon divergence,1.3594531615137239e-06,65,71,20,Background,,0.002038768388737663,0.3735939307365201,175
System → knowledge,Most persistent residual,O01,Population and community systems,K03,Scenario simulation and risk prediction,O01→K03,0.006283228612856452,0.004147133068878471,0.00507398530390466,0.005462868152672121,0.00011014352861415542,3.588932446472662e-06,3.671450953805181e-05,1.1963108154908872e-06,0.0325841426330645,0.004147133068878471,0.00507398530390466,0.0009268522350261883,-0.002136095543977981,0.00038888284876746095,-0.00174721269521052,0.0017870165614705875,Toward parity,NSF-dominant / NSF,Balanced,Balanced residual contribution to total Jensen–Shannon divergence,1.1963108154908872e-06,66,71,20,Background,,0.0017941042345379647,0.3735939307365201,176
System → knowledge,Most persistent residual,O06,Waste and resource-circulation systems,K03,Scenario simulation and risk prediction,O06→K03,0.0006444337038827131,0.0016227912008654887,0.0010428275111680405,0.0016487309684132137,0.00010909289401820238,3.4393110948907906e-05,3.636429800606746e-05,1.1464370316302634e-05,0.3152644474090983,0.0006444337038827131,0.0010428275111680405,0.0003983938072853274,0.0009783574969827757,0.0006059034572451732,-0.00037245403973760246,0.00039923739457086,Toward parity,NSFC-dominant / NSFC,NSFC-dominant / NSFC,Balanced residual contribution to total Jensen–Shannon divergence,1.1464370316302634e-05,51,71,20,Background,,0.017193086499305815,0.3735939307365201,177
Need → pressure,Largest overlap gain,N17,Planning and policy implementation capacity,P02,Pollutant emissions and cumulative environmental exposure,N17→P02,0.0005907308952258204,0.0015326361341507395,0.0007447983365196285,0.0010566173475926594,0.00010818275368523942,1.3561911047599707e-05,3.6060917895079806e-05,4.520637015866569e-06,0.1253611188993991,0.0005907308952258204,0.0007447983365196285,0.00015406744129380816,0.0009419052389249192,0.0003118190110730309,-0.0006300862278518883,0.0005003305523581865,Toward parity,NSFC-dominant / NSFC,Balanced,Pair contribution to distribution overlap coefficient gain,0.00015406744129380816,59,150,23,Background,,0.0050275470753402204,0.54153435544169,178
Need → pressure,Largest overlap gain,N14,Reduction of environmental exposure and health risks,P02,Pollutant emissions and cumulative environmental exposure,N14→P02,0.02446162934321466,0.029225267460031262,0.025612120173135553,0.031313746810990174,0.00010580849186068325,0.00014300668770446173,3.526949728689441e-05,4.766889590148724e-05,1.351561535275986,0.02446162934321466,0.025612120173135553,0.001150490829920893,0.004763638116816602,0.005701626637854621,0.000937988521038019,0.002384402472132971,Away from parity,Balanced,Balanced,Pair contribution to distribution overlap coefficient gain,0.001150490829920893,29,150,23,Background,,0.03754295364809819,0.54153435544169,179
Pressure → system,Largest initial contribution,P05,Infrastructure ageing and system-function failure,O10,Food supply and urban-rural supply chains,P05→O10,0.001127758981794748,0.0003606202668589975,0.0009372469320156814,0.00030012428837671045,0.00010377077071098932,8.6087500896943e-05,3.45902569036631e-05,2.869583363231433e-05,0.8295929605910342,0.0003606202668589975,0.00030012428837671045,-6.049597848228704e-05,-0.0007671387149357505,-0.000637122643638971,-0.0001300160712967795,0.00019988647909138538,Toward parity,NSF-dominant / NSF,NSF-dominant / NSF,Observed absolute contribution to total Jensen–Shannon divergence,3.45902569036631e-05,62,90,20,Background,,0.00555866788676398,0.5746008325521716,180
Need → pressure,Largest overlap gain,N13,Waste reduction and resource circularity,P05,Infrastructure ageing and system-function failure,N13→P05,0.001423124429407658,0.0005409304002884963,0.0011638644620844143,0.0011437152690021708,0.00010269690732170439,4.3984952671249435e-08,3.423230244056813e-05,1.4661650890416478e-08,0.0004282987075108685,0.0005409304002884963,0.0011437152690021708,0.0006027848687136745,-0.0008821940291191618,-2.0149193082243458e-05,-0.0008620448360369184,0.0006561747698644099,Toward parity,NSF-dominant / NSF,Balanced,Pair contribution to distribution overlap coefficient gain,0.0006027848687136745,38,150,23,Background,,0.01967014755558589,0.54153435544169,181
System → knowledge,Most persistent residual,O11,Industrial production and employment systems,K05,Planning decision support and policy design,O11→K05,0.0038666022232962784,0.00576992426974396,0.0037423144555178154,0.0053791124626523,9.460265061286756e-05,7.382820589140821e-05,3.153421687095585e-05,2.4609401963802735e-05,0.7804031431796513,0.0038666022232962784,0.0037423144555178154,-0.00012428776777846304,0.0019033220464476815,0.001636798007134485,-0.00026652403931319655,0.00041009915603619783,Toward parity,Balanced,Balanced,Balanced residual contribution to total Jensen–Shannon divergence,2.4609401963802735e-05,42,71,20,Background,,0.036906656448298,0.3735939307365201,182
Need → pressure,Largest overlap gain,N02,"Disaster prevention, emergency response and recovery",P05,Infrastructure ageing and system-function failure,N02→P05,0.0020138553246334787,0.0034108666907080175,0.001787172598850507,0.0034956478174046715,9.096348087855117e-05,0.0001406457219111203,3.032116029285039e-05,4.688190730370676e-05,1.546177878778647,0.0020138553246334787,0.001787172598850507,-0.00022668272578297167,0.0013970113660745388,0.0017084752185541644,0.0003114638524796256,0.00024201838279839824,Away from parity,NSFC-dominant / NSFC,NSFC-dominant / NSFC,Pair contribution to distribution overlap coefficient gain,0.0,91,150,23,Background,,0.0,0.54153435544169,183
Need → pressure,Largest overlap gain,N01,Climate adaptation and extreme-risk reduction,P07,High-carbon technological and industrial path dependence,N01→P07,0.0011546103861231943,0.0004207236446688303,0.0010240511561807287,0.0005980445385949761,8.88684796742973e-05,2.8300988024503924e-05,2.96228265580991e-05,9.43366267483464e-06,0.31845923468283643,0.0004207236446688303,0.0005980445385949761,0.00017732089392614574,-0.000733886741454364,-0.00042600661758575265,-0.0003078801238686114,0.0002202008445622701,Toward parity,NSF-dominant / NSF,NSF-dominant / NSF,Pair contribution to distribution overlap coefficient gain,0.00017732089392614574,58,150,23,Background,,0.00578635650834902,0.54153435544169,184
Need → pressure,Largest overlap gain,N01,Climate adaptation and extreme-risk reduction,P03,Resource and environmental carrying-capacity pressure,N01→P03,0.0018258954943343542,0.0031404014905637694,0.0019470269464486529,0.003046923194849264,8.802783757166466e-05,6.106124529247817e-05,2.9342612523888216e-05,2.0353748430826056e-05,0.6936583582752147,0.0018258954943343542,0.0019470269464486529,0.0001211314521142987,0.0013145059962294153,0.001099896248400611,-0.00021460974782880424,0.00015300660267128076,Toward parity,NSFC-dominant / NSFC,NSFC-dominant / NSFC,Pair contribution to distribution overlap coefficient gain,0.0001211314521142987,64,150,23,Background,,0.0039527759576898445,0.54153435544169,185
Pressure → system,Largest initial contribution,P02,Pollutant emissions and cumulative environmental exposure,O06,Waste and resource-circulation systems,P02→O06,0.017399710004833254,0.0142445005409304,0.014902841361550062,0.015570467080940155,7.878146054040582e-05,3.6569688981366556e-06,2.626048684680194e-05,1.2189896327122185e-06,0.0464191558908844,0.0142445005409304,0.014902841361550062,0.0006583408206196628,-0.0031552094639028545,0.0006676257193900925,-0.002487583744512762,0.0028271081137862925,Toward parity,Balanced,Balanced,Observed absolute contribution to total Jensen–Shannon divergence,2.626048684680194e-05,63,90,20,Background,,0.0042200705630101075,0.5746008325521716,186
Pressure → system,Largest initial contribution,P05,Infrastructure ageing and system-function failure,O12,"Planning, governance and public administration systems",P05→O12,0.0012888674077654262,0.0005409304002884963,0.001492437189372464,0.0005761256248256584,7.871534410662279e-05,0.0001050849888309682,2.6238448035540927e-05,3.502832961032273e-05,1.3350000565153697,0.0005409304002884963,0.0005761256248256584,3.51952245371621e-05,-0.0007479370074769299,-0.0009163115645468056,0.00016837455706987569,0.00020658983472997484,Away from parity,NSF-dominant / NSF,NSF-dominant / NSF,Observed absolute contribution to total Jensen–Shannon divergence,2.6238448035540927e-05,64,90,20,Background,,0.0042165289173738746,0.5746008325521716,187
Need → pressure,Largest overlap gain,N10,Urban food access and supply security,P05,Infrastructure ageing and system-function failure,N10→P05,0.0006847108103753827,0.00018031013342949875,0.0006072492473932103,0.00021410657155165015,7.839545103253308e-05,4.9029139751219516e-05,2.613181701084436e-05,1.634304658373984e-05,0.6254079682617435,0.00018031013342949875,0.00021410657155165015,3.3796438122151405e-05,-0.000504400676945884,-0.0003931426758415602,-0.00011125800110432381,8.451327096607652e-05,Toward parity,NSF-dominant / NSF,NSF-dominant / NSF,Pair contribution to distribution overlap coefficient gain,3.3796438122151405e-05,78,150,23,Background,,0.0011028493899234225,0.54153435544169,188
Need → pressure,Largest overlap gain,N10,Urban food access and supply security,P01,Extreme climate and natural-hazard shocks,N10→P01,0.00724719402824768,0.009526385382858518,0.007067429557936291,0.00921861592396833,7.766406959159352e-05,7.124433624576348e-05,2.588802319719784e-05,2.3748112081921157e-05,0.9173397250544681,0.00724719402824768,0.007067429557936291,-0.00017976447031138858,0.002279191354610838,0.002151186366032039,-0.00012800498857879882,0.0003564229294137694,Toward parity,Balanced,Balanced,Pair contribution to distribution overlap coefficient gain,0.0,119,150,23,Background,,0.0,0.54153435544169,189
Pressure → system,Largest initial contribution,P01,Extreme climate and natural-hazard shocks,O03,Transport and urban mobility systems,P01→O03,0.01304978250362494,0.016047601875225387,0.010205631496972156,0.021651883761579043,7.735134794979314e-05,0.0010514951775269046,2.5783782649931043e-05,0.0003504983925089682,13.593753766377858,0.01304978250362494,0.010205631496972156,-0.002844151006652784,0.002997819371600447,0.011446252264606887,0.00844843289300644,0.006284677430891401,Away from parity,Balanced,NSFC-dominant / NSFC,Observed absolute contribution to total Jensen–Shannon divergence,2.5783782649931043e-05,65,90,20,Background,,0.004143464011112794,0.5746008325521716,190
Pressure → system,Largest initial contribution,P03,Resource and environmental carrying-capacity pressure,O01,Population and community systems,P03→O01,0.002416626389560174,0.0037865128020194735,0.0030506191898172228,0.003915640071449096,7.625766582492231e-05,2.692248279386055e-05,2.5419221941640767e-05,8.97416093128685e-06,0.3530462479099619,0.002416626389560174,0.0030506191898172228,0.0006339928002570489,0.0013698864124592996,0.0008650208816318736,-0.000504865530827426,0.000647009059046413,Toward parity,NSFC-dominant / NSFC,Balanced,Observed absolute contribution to total Jensen–Shannon divergence,2.5419221941640767e-05,66,90,20,Background,,0.004084878961929928,0.5746008325521716,191
Need → pressure,Largest overlap gain,N12,"Decarbonization of buildings, transport and industry",P07,High-carbon technological and industrial path dependence,N12→P07,0.032355942215777894,0.028098329126096885,0.026948449603895665,0.02874308684507142,7.502482340968107e-05,1.446036811615577e-05,2.500827446989369e-05,4.820122705385256e-06,0.19274111499327873,0.028098329126096885,0.026948449603895665,-0.0011498795222012193,-0.0042576130896810095,0.0017946372411757547,-0.002462975848505255,0.005445795521660553,Toward parity,Balanced,Balanced,Pair contribution to distribution overlap coefficient gain,0.0,127,150,23,Background,,0.0,0.54153435544169,192
System → knowledge,Most persistent residual,O12,"Planning, governance and public administration systems",K02,Mechanism analysis and causal identification,O12→K02,0.032382793620106334,0.028128380815001804,0.04415713758876048,0.027072434076694556,7.48414241489772e-05,0.0010345150889095674,2.4947141382992397e-05,0.00034483836296985576,13.822760599134126,0.028128380815001804,0.027072434076694556,-0.0010559467383072473,-0.004254412805104531,-0.01708470351206592,0.01283029070696139,0.011821598851522746,Away from parity,Balanced,NSF-dominant / NSF,Balanced residual contribution to total Jensen–Shannon divergence,0.00034483836296985576,8,71,20,Supporting,,0.5171532006767773,0.3735939307365201,193
System → knowledge,Most persistent residual,O04,"Water supply, drainage and stormwater systems",K02,Mechanism analysis and causal identification,O04→K02,0.04946028677299823,0.04417598269022719,0.04163334809993392,0.057948411941115184,7.45937201542589e-05,0.0006712702596260332,2.4864573384752965e-05,0.00022375675320867772,8.999018392404274,0.04417598269022719,0.04163334809993392,-0.0025426345902932676,-0.005284304082771037,0.01631506384118126,0.011030759758410225,0.01584111032922329,Away from parity,Balanced,Balanced,Balanced residual contribution to total Jensen–Shannon divergence,0.00022375675320867772,14,71,20,Supporting,,0.33556742381655164,0.3735939307365201,194
Need → pressure,Largest overlap gain,N13,Waste reduction and resource circularity,P06,Barriers to urban service access,N13→P06,0.00021481123462757106,0.0,0.0001791569368404679,0.0,7.444790081735089e-05,6.209106282436325e-05,2.4815966939116963e-05,2.0697020941454417e-05,0.8340203302265878,0.0,0.0,0.0,-0.00021481123462757106,-0.0001791569368404679,-3.565429778710317e-05,3.565429778710317e-05,Toward parity,NSF-dominant / NSF,NSF-dominant / NSF,Pair contribution to distribution overlap coefficient gain,0.0,129,150,23,Background,,0.0,0.54153435544169,195
System → knowledge,Most persistent residual,O09,Public health and healthcare service systems,K04,Intervention design and performance optimization,O09→K04,0.0009666505558240696,0.0003606202668589975,0.0007685171442173347,0.00032802227482096977,7.180815272902241e-05,4.551220852690395e-05,2.3936050909674137e-05,1.5170736175634649e-05,0.6338028036823382,0.0003606202668589975,0.00032802227482096977,-3.259799203802772e-05,-0.0006060302889650722,-0.00044049486939636495,-0.00016553541956870722,0.0002007971062536389,Toward parity,NSF-dominant / NSF,NSF-dominant / NSF,Balanced residual contribution to total Jensen–Shannon divergence,1.5170736175634649e-05,47,71,20,Background,,0.022751513788325975,0.3735939307365201,196
Need → pressure,Largest overlap gain,N10,Urban food access and supply security,P04,Population and spatial-development pressure,N10→P04,0.0011680360882874176,0.0021336699122490683,0.002139655333198819,0.001383843185135679,7.164617887367021e-05,4.084828633620267e-05,2.3882059624556736e-05,1.361609544540089e-05,0.5701390775944691,0.0011680360882874176,0.001383843185135679,0.00021580709684826133,0.0009656338239616507,-0.0007558121480631401,-0.00020982167589851056,0.0012273076540850623,Toward parity,NSFC-dominant / NSFC,NSF-dominant / NSF,Pair contribution to distribution overlap coefficient gain,0.00021580709684826133,52,150,23,Background,,0.007042242861216028,0.54153435544169,197
Pressure → system,Largest initial contribution,P06,Barriers to urban service access,O03,Transport and urban mobility systems,P06→O03,0.01578862574512647,0.01298232960692391,0.01855167891543735,0.012006734196322314,6.853989679993472e-05,0.0003531757551101418,2.2846632266644904e-05,0.00011772525170338059,5.152849239634079,0.01298232960692391,0.012006734196322314,-0.0009755954106015954,-0.002806296138202562,-0.006544944719115035,0.0037386485809124733,0.0029302302344955573,Away from parity,Balanced,NSF-dominant / NSF,Observed absolute contribution to total Jensen–Shannon divergence,2.2846632266644904e-05,67,90,20,Background,,0.0036714627895075226,0.5746008325521716,198
Need → pressure,Largest overlap gain,N13,Waste reduction and resource circularity,P03,Resource and environmental carrying-capacity pressure,N13→P03,0.008350786746146824,0.006385983892294746,0.006686184334141705,0.008121538813623297,6.568551658399445e-05,3.483791834294332e-05,2.1895172194664814e-05,1.1612639447647773e-05,0.5303744288650728,0.006385983892294746,0.006686184334141705,0.0003002004418469588,-0.0019648028538520775,0.0014353544794815914,-0.0005294483743704861,0.00240479772018376,Toward parity,Balanced,Balanced,Pair contribution to distribution overlap coefficient gain,0.0003002004418469588,44,150,23,Background,,0.009796176536386574,0.54153435544169,199
Need → pressure,Largest overlap gain,N15,Public health and physical and mental well-being,P08,Institutional coordination and policy implementation pressure,N15→P08,0.0007249879168680523,0.0014725327563409065,0.0006233324849726596,0.0007946730153319785,6.486097794797594e-05,5.188526509815203e-06,2.1620325982658645e-05,1.7295088366050676e-06,0.07999457723219723,0.0007249879168680523,0.0006233324849726596,-0.00010165543189539269,0.0007475448394728542,0.00017134053035931893,-0.0005762043091135353,0.0006854397532347608,Toward parity,NSFC-dominant / NSFC,Balanced,Pair contribution to distribution overlap coefficient gain,0.0,139,150,23,Background,,0.0,0.54153435544169,200
Need → pressure,Largest overlap gain,N15,Public health and physical and mental well-being,P01,Extreme climate and natural-hazard shocks,N15→P01,0.0019064497073196934,0.001051809111672076,0.0018612268915562525,0.0007676074797834832,6.26150545823964e-05,0.00011727036381257094,2.08716848607988e-05,3.909012127085698e-05,1.8728780896973032,0.001051809111672076,0.0007676074797834832,-0.00028420163188859276,-0.0008546405956476174,-0.0010936194117727692,0.00023897881612515177,0.00028777711971891254,Away from parity,NSF-dominant / NSF,NSF-dominant / NSF,Pair contribution to distribution overlap coefficient gain,0.0,134,150,23,Background,,0.0,0.54153435544169,201
Need → pressure,Largest overlap gain,N02,"Disaster prevention, emergency response and recovery",P07,High-carbon technological and industrial path dependence,N02→P07,0.0,0.00018031013342949875,0.0,0.00029220538313272593,6.24907303065223e-05,0.00010127066873144378,2.083024343550743e-05,3.375688957714793e-05,1.620571054854098,0.0,0.0,0.0,0.00018031013342949875,0.00029220538313272593,0.00011189524970322718,0.00011189524970322718,Away from parity,NSFC-dominant / NSFC,NSFC-dominant / NSFC,Pair contribution to distribution overlap coefficient gain,0.0,93,150,23,Background,,0.0,0.54153435544169,202
Need → pressure,Largest overlap gain,N07,Housing security and community renewal,P02,Pollutant emissions and cumulative environmental exposure,N07→P02,0.0,0.00018031013342949875,0.0,0.00011228024276946347,6.24907303065223e-05,3.8913366854119895e-05,2.083024343550743e-05,1.297112228470663e-05,0.6227062263994444,0.0,0.0,0.0,0.00018031013342949875,0.00011228024276946347,-6.802989066003528e-05,6.802989066003528e-05,Toward parity,NSFC-dominant / NSFC,NSFC-dominant / NSFC,Pair contribution to distribution overlap coefficient gain,0.0,106,150,23,Background,,0.0,0.54153435544169,203
Need → pressure,Largest overlap gain,N09,Accessibility of urban services,P01,Extreme climate and natural-hazard shocks,N09→P01,0.0,0.00018031013342949875,0.0,0.0001288923296943808,6.24907303065223e-05,4.467067746173148e-05,2.083024343550743e-05,1.489022582057716e-05,0.7148368604850358,0.0,0.0,0.0,0.00018031013342949875,0.0001288923296943808,-5.1417803735117956e-05,5.1417803735117956e-05,Toward parity,NSFC-dominant / NSFC,NSFC-dominant / NSFC,Pair contribution to distribution overlap coefficient gain,0.0,113,150,23,Background,,0.0,0.54153435544169,204
Pressure → system,Largest initial contribution,P01,Extreme climate and natural-hazard shocks,O09,Public health and healthcare service systems,P01→O09,0.002416626389560174,0.00144248106743599,0.0018355135286587552,0.0017074588574976207,6.214539335458062e-05,1.1573312677106733e-06,2.071513111819354e-05,3.8577708923689106e-07,0.018622961497843163,0.00144248106743599,0.0017074588574976207,0.0002649777900616307,-0.0009741453221241839,-0.00012805467116113454,-0.0008460906509630494,0.0006386747108904322,Toward parity,NSF-dominant / NSF,Balanced,Observed absolute contribution to total Jensen–Shannon divergence,2.071513111819354e-05,68,90,20,Background,,0.0033289297167553972,0.5746008325521716,205
Pressure → system,Largest initial contribution,P02,Pollutant emissions and cumulative environmental exposure,O09,Public health and healthcare service systems,P02→O09,0.004833252779120348,0.006491164803461955,0.0054237622892748475,0.006516022643439377,6.089885689454397e-05,2.501515543701561e-05,2.0299618964847987e-05,8.33838514567187e-06,0.41076559910366334,0.004833252779120348,0.0054237622892748475,0.0005905095101544997,0.001657912024341607,0.0010922603541645296,-0.0005656516701770774,0.0005910324811643184,Toward parity,Balanced,Balanced,Observed absolute contribution to total Jensen–Shannon divergence,2.0299618964847987e-05,69,90,20,Background,,0.0032621567503158945,0.5746008325521716,206
Pressure → system,Largest initial contribution,P06,Barriers to urban service access,O06,Waste and resource-circulation systems,P06→O06,0.00016110842597067828,0.0,0.00020755926901424028,0.0,5.583592561301315e-05,7.193456105815193e-05,1.8611975204337716e-05,2.3978187019383974e-05,1.2883203827713894,0.0,0.0,0.0,-0.00016110842597067828,-0.00020755926901424028,4.645084304356201e-05,4.645084304356201e-05,Away from parity,NSF-dominant / NSF,NSF-dominant / NSF,Observed absolute contribution to total Jensen–Shannon divergence,1.8611975204337716e-05,70,90,20,Background,,0.002990951734349315,0.5746008325521716,207
System → knowledge,Most persistent residual,O07,"Information, communication and digital infrastructure",K06,Implementation monitoring and impact evaluation,O07→K06,0.00016110842597067828,0.0,5.735650395223902e-05,0.0,5.583592561301315e-05,1.9878249500634917e-05,1.8611975204337716e-05,6.6260831668783055e-06,0.35601182003154763,0.0,0.0,0.0,-0.00016110842597067828,-5.735650395223902e-05,-0.00010375192201843926,0.00010375192201843926,Toward parity,NSF-dominant / NSF,NSF-dominant / NSF,Balanced residual contribution to total Jensen–Shannon divergence,6.6260831668783055e-06,55,71,20,Background,,0.00993711978038006,0.3735939307365201,208
Need → pressure,Largest overlap gain,N17,Planning and policy implementation capacity,P07,High-carbon technological and industrial path dependence,N17→P07,0.0004564738735835885,0.0010217574227671595,0.000891292736812075,0.0008051695266369215,5.5442676915033604e-05,1.0935104107513716e-06,1.84808923050112e-05,3.645034702504572e-07,0.01972326142237299,0.0004564738735835885,0.0008051695266369215,0.000348695653053333,0.000565283549183571,-8.612321017515356e-05,-0.00047916033900841743,0.00048577542194869845,Toward parity,NSFC-dominant / NSFC,Balanced,Pair contribution to distribution overlap coefficient gain,0.000348695653053333,41,150,23,Background,,0.011378678038463584,0.54153435544169,209
Pressure → system,Largest initial contribution,P04,Population and spatial-development pressure,O06,Waste and resource-circulation systems,P04→O06,0.00016110842597067828,0.0005409304002884963,0.00016528699402042994,0.0004911628666322898,5.4229713640131336e-05,4.229339300383057e-05,1.807657121337711e-05,1.4097797667943524e-05,0.7798933493267133,0.00016110842597067828,0.00016528699402042994,4.178568049751659e-06,0.00037982197431781796,0.0003258758726118598,-5.394610170595814e-05,4.99426454762666e-05,Toward parity,NSFC-dominant / NSFC,NSFC-dominant / NSFC,Observed absolute contribution to total Jensen–Shannon divergence,1.807657121337711e-05,71,90,20,Background,,0.0029049121024585546,0.5746008325521716,210
Need → pressure,Largest overlap gain,N08,Transport accessibility and travel safety,P05,Infrastructure ageing and system-function failure,N08→P05,0.016814349390473125,0.01962375285491045,0.02023103485328674,0.01631600718940956,5.42055277135174e-05,0.00010504879956101717,1.8068509237839133e-05,3.5016266520339054e-05,1.9379720849912658,0.016814349390473125,0.01631600718940956,-0.0004983422010635639,0.002809403464437324,-0.003915027663877177,0.001105624199439853,0.004755514792264007,Away from parity,Balanced,Balanced,Pair contribution to distribution overlap coefficient gain,0.0,111,150,23,Background,,0.0,0.54153435544169,211
Pressure → system,Largest initial contribution,P06,Barriers to urban service access,O02,Housing and built-environment systems,P06→O02,0.003222168519413565,0.004507753335737469,0.0028724019290477243,0.0038372799840193277,5.370147915888067e-05,3.480884986840164e-05,1.7900493052960223e-05,1.160294995613388e-05,0.6481916404093175,0.003222168519413565,0.0028724019290477243,-0.0003497665903658409,0.0012855848163239036,0.0009648780549716034,-0.00032070676135230024,0.0007562216494522648,Toward parity,Balanced,Balanced,Observed absolute contribution to total Jensen–Shannon divergence,1.7900493052960223e-05,72,90,20,Background,,0.0028766162728382154,0.5746008325521716,212
Pressure → system,Largest initial contribution,P08,Institutional coordination and policy implementation pressure,O12,"Planning, governance and public administration systems",P08→O12,0.028999516674722087,0.03263613415073927,0.038510685957452745,0.03626110856371386,5.367295701534463e-05,1.6922698602047357e-05,1.789098567178154e-05,5.640899534015785e-06,0.3152928316807532,0.028999516674722087,0.03626110856371386,0.007261591888991774,0.0036366174760171857,-0.0022495773937388844,-0.0013870400822783013,0.01017854511310333,Toward parity,Balanced,Balanced,Observed absolute contribution to total Jensen–Shannon divergence,1.789098567178154e-05,73,90,20,Background,,0.002875088432944098,0.5746008325521716,213
Pressure → system,Largest initial contribution,P03,Resource and environmental carrying-capacity pressure,O11,Industrial production and employment systems,P03→O11,0.0033832769453842437,0.0046880634691669676,0.0034871290362780095,0.006090511295135104,5.296398953282341e-05,0.00017915762404972552,1.7654663177607804e-05,5.971920801657517e-05,3.382630833326784,0.0033832769453842437,0.0034871290362780095,0.0001038520908937658,0.0013047865237827238,0.002603382258857094,0.0012985957350743703,0.0014062877235280688,Away from parity,Balanced,NSFC-dominant / NSFC,Observed absolute contribution to total Jensen–Shannon divergence,1.7654663177607804e-05,74,90,20,Background,,0.002837111315198425,0.5746008325521716,214
Pressure → system,Largest initial contribution,P05,Infrastructure ageing and system-function failure,O06,Waste and resource-circulation systems,P05→O06,0.001127758981794748,0.0005409304002884963,0.0009965054378197112,0.0011437152690021708,5.271236420676767e-05,2.5333665659551185e-06,1.7570788068922554e-05,8.444555219850394e-07,0.048060196200227785,0.0005409304002884963,0.0009965054378197112,0.00045557503753121495,-0.0005868285815062516,0.0001472098311824596,-0.00043961875032379205,0.0006169093051301535,Toward parity,NSF-dominant / NSF,Balanced,Observed absolute contribution to total Jensen–Shannon divergence,1.7570788068922554e-05,75,90,20,Background,,0.002823632552249481,0.5746008325521716,215
System → knowledge,Most persistent residual,O02,Housing and built-environment systems,K04,Intervention design and performance optimization,O02→K04,0.030127275656516836,0.026685899747565814,0.024399271392996382,0.028254333086336285,5.2146007750428105e-05,7.062577626899835e-05,1.7382002583476033e-05,2.354192542299945e-05,1.3543851066607977,0.026685899747565814,0.024399271392996382,-0.0022866283545694317,-0.003441375908951022,0.0038550616933399028,0.0004136857843888807,0.005938856453988022,Away from parity,Balanced,Balanced,Balanced residual contribution to total Jensen–Shannon divergence,2.354192542299945e-05,44,71,20,Background,,0.0353057646421504,0.3735939307365201,216
Need → pressure,Largest overlap gain,N09,Accessibility of urban services,P07,High-carbon technological and industrial path dependence,N09→P07,0.0,0.00015025844452458227,0.0,9.244408733402358e-05,5.207560858876858e-05,3.20386792475079e-05,1.735853619625619e-05,1.0679559749169298e-05,0.6152338900253937,0.0,0.0,0.0,0.00015025844452458227,9.244408733402358e-05,-5.781435719055869e-05,5.781435719055869e-05,Toward parity,NSFC-dominant / NSFC,NSFC-dominant / NSFC,Pair contribution to distribution overlap coefficient gain,0.0,117,150,23,Background,,0.0,0.54153435544169,217
Pressure → system,Largest initial contribution,P06,Barriers to urban service access,O12,"Planning, governance and public administration systems",P06→O12,0.0016110842597067826,0.0025243418680129825,0.002005344028267922,0.0021730455547788823,5.083844388328212e-05,1.6831459142731609e-06,1.6946147961094037e-05,5.610486380910535e-07,0.03310773866598722,0.0016110842597067826,0.002005344028267922,0.0003942597685611393,0.0009132576083061999,0.0001677015265109604,-0.0007455560817952395,0.0005280623682840448,Toward parity,NSFC-dominant / NSFC,Balanced,Observed absolute contribution to total Jensen–Shannon divergence,1.6946147961094037e-05,76,90,20,Background,,0.0027232526412866494,0.5746008325521716,218
System → knowledge,Most persistent residual,O03,Transport and urban mobility systems,K05,Planning decision support and policy design,O03→K05,0.007410987594651201,0.009195816804904436,0.009141991419723812,0.007570114688681285,4.804923043977733e-05,3.701586747751641e-05,1.601641014659244e-05,1.233862249250547e-05,0.7703737841110772,0.007410987594651201,0.007570114688681285,0.0001591270940300843,0.0017848292102532349,-0.0015718767310425267,-0.0002129524792107082,0.0023747171648658373,Toward parity,Balanced,Balanced,Balanced residual contribution to total Jensen–Shannon divergence,1.233862249250547e-05,49,71,20,Background,,0.01850420022583008,0.3735939307365201,219
Need → pressure,Largest overlap gain,N08,Transport accessibility and travel safety,P07,High-carbon technological and industrial path dependence,N08→P07,0.0006444337038827132,0.0012321192451015747,0.0010004215834863975,0.0007041699401302869,4.6795073851463344e-05,1.293745262036827e-05,1.559835795048778e-05,4.312484206789423e-06,0.2764703964659669,0.0006444337038827132,0.0007041699401302869,5.973623624757371e-05,0.0005876855412188615,-0.00029625164335611055,-0.00029143389786275096,0.0006367557137901418,Toward parity,NSFC-dominant / NSFC,Balanced,Pair contribution to distribution overlap coefficient gain,5.973623624757371e-05,75,150,23,Background,,0.0019493199686856325,0.54153435544169,220
System → knowledge,Most persistent residual,O06,Waste and resource-circulation systems,K05,Planning decision support and policy design,O06→K05,0.0020944095376188173,0.0030652722683014787,0.0015421513651978052,0.0034968445123261505,4.594356868383939e-05,0.00019462859245191665,1.531452289461313e-05,6.487619748397222e-05,4.236253256495007,0.0020944095376188173,0.0015421513651978052,-0.0005522581724210121,0.0009708627306826614,0.0019546931471283455,0.0009838304164456841,0.0007008877876081785,Away from parity,Balanced,NSFC-dominant / NSFC,Balanced residual contribution to total Jensen–Shannon divergence,6.487619748397222e-05,31,71,20,Background,,0.09729466549958014,0.3735939307365201,221
Need → pressure,Largest overlap gain,N16,Social inclusion and distributive equity,P08,Institutional coordination and policy implementation pressure,N16→P08,0.006242951506363784,0.004853347758144005,0.006377785016346542,0.005086821441859185,4.3619898162891775e-05,3.6419194112408376e-05,1.4539966054297258e-05,1.213973137080279e-05,0.8349215758461085,0.004853347758144005,0.005086821441859185,0.00023347368371517963,-0.0013896037482197792,-0.001290963574487357,-9.864017373242221e-05,0.00026961089815103183,Toward parity,Balanced,Balanced,Pair contribution to distribution overlap coefficient gain,0.00023347368371517963,50,150,23,Background,,0.007618741025838877,0.54153435544169,222
Pressure → system,Largest initial contribution,P05,Infrastructure ageing and system-function failure,O11,Industrial production and employment systems,P05→O11,0.0008055421298533913,0.0003606202668589975,0.0007077325233595463,0.00032375247338743305,4.353200927032393e-05,3.660986450084809e-05,1.4510669756774643e-05,1.2203288166949363e-05,0.8409872439727998,0.0003606202668589975,0.00032375247338743305,-3.686779347156444e-05,-0.0004449218629943938,-0.0003839800499721133,-6.094181302228053e-05,0.00010452728504052293,Toward parity,NSF-dominant / NSF,NSF-dominant / NSF,Observed absolute contribution to total Jensen–Shannon divergence,1.4510669756774643e-05,77,90,20,Background,,0.0023318703361199554,0.5746008325521716,223
Need → pressure,Largest overlap gain,N16,Social inclusion and distributive equity,P05,Infrastructure ageing and system-function failure,N16→P05,0.00044304817141936533,0.00013523260007212407,0.0004684582396616123,6.010473919226906e-05,4.3156272145528645e-05,8.957494715159924e-05,1.4385424048509548e-05,2.9858315717199743e-05,2.0755951035237863,0.00013523260007212407,6.010473919226906e-05,-7.5127860879855e-05,-0.00030781557134724124,-0.00040835350046934324,0.000100537929122102,7.930868204968796e-05,Away from parity,NSF-dominant / NSF,NSF-dominant / NSF,Pair contribution to distribution overlap coefficient gain,0.0,141,150,23,Background,,0.0,0.54153435544169,224
Need → pressure,Largest overlap gain,N13,Waste reduction and resource circularity,P04,Population and spatial-development pressure,N13→P04,0.0003222168519413566,0.000721240533717995,0.0003886683717763701,0.0006177711594635058,3.9136007234141427e-05,1.315306601241657e-05,1.3045335744713808e-05,4.3843553374721895e-06,0.33608604816850385,0.0003222168519413566,0.0003886683717763701,6.64515198350135e-05,0.0003990236817766384,0.0002291027876871357,-0.00016992089408950268,0.00012297038626026487,Toward parity,NSFC-dominant / NSFC,NSFC-dominant / NSFC,Pair contribution to distribution overlap coefficient gain,6.64515198350135e-05,72,150,23,Background,,0.0021684539016996155,0.54153435544169,225
Need → pressure,Largest overlap gain,N18,Public participation and multi-actor coordination,P06,Barriers to urban service access,N18→P06,0.000281939745448687,6.010337780983291e-05,0.0002170714645532363,0.00010434107681131239,3.904560632385623e-05,1.0097944410562559e-05,1.3015202107952077e-05,3.3659814701875195e-06,0.25861922406344806,6.010337780983291e-05,0.00010434107681131239,4.4237699001479484e-05,-0.00022183636763885406,-0.0001127303877419239,-0.00010910597989693017,7.851667261974741e-05,Toward parity,NSF-dominant / NSF,NSF-dominant / NSF,Pair contribution to distribution overlap coefficient gain,4.4237699001479484e-05,77,150,23,Background,,0.0014435698572454162,0.54153435544169,226
System → knowledge,Most persistent residual,O01,Population and community systems,K05,Planning decision support and policy design,O01→K05,0.005961011760915096,0.0046880634691669676,0.0050217467675079805,0.003944228169129009,3.813191484994759e-05,3.245205969156569e-05,1.2710638283315864e-05,1.0817353230521896e-05,0.8510472085985551,0.0046880634691669676,0.003944228169129009,-0.0007438353000379589,-0.0012729482917481286,-0.0010775185983789718,-0.0001954296933691568,0.0011981275731000557,Toward parity,Balanced,Balanced,Balanced residual contribution to total Jensen–Shannon divergence,1.0817353230521896e-05,52,71,20,Background,,0.01622275664991687,0.3735939307365201,227
Pressure → system,Largest initial contribution,P07,High-carbon technological and industrial path dependence,O11,Industrial production and employment systems,P07→O11,0.011277589817947478,0.013162639740353407,0.009588575424152281,0.013560254755467852,3.6384117725301495e-05,0.0001712025286415011,1.2128039241767164e-05,5.706750954716703e-05,4.705419269310657,0.011277589817947478,0.009588575424152281,-0.001689014393795197,0.0018850499224059292,0.003971679331315571,0.002086629408909642,0.0017351850975304672,Away from parity,Balanced,Balanced,Observed absolute contribution to total Jensen–Shannon divergence,1.2128039241767164e-05,78,90,20,Background,,0.0019489806754076227,0.5746008325521716,228
Need → pressure,Largest overlap gain,N10,Urban food access and supply security,P07,High-carbon technological and industrial path dependence,N10→P07,0.0004833252779120349,0.00018031013342949875,0.0004926012045440484,6.807321890906625e-05,3.590407636451121e-05,9.066557119016374e-05,1.196802545483707e-05,3.0221857063387912e-05,2.525216643082361,0.00018031013342949875,6.807321890906625e-05,-0.0001122369145204325,-0.0003030151444825362,-0.00042452798563498217,0.00012151284115244598,0.00011261957110533395,Away from parity,NSF-dominant / NSF,NSF-dominant / NSF,Pair contribution to distribution overlap coefficient gain,0.0,121,150,23,Background,,0.0,0.54153435544169,229
Pressure → system,Largest initial contribution,P04,Population and spatial-development pressure,O05,Energy supply and power systems,P04→O05,0.0004833252779120348,0.00018031013342949875,0.00044901809563879466,0.00031273623614607343,3.5904076364511205e-05,6.128325005921128e-06,1.1968025454837068e-05,2.0427750019737093e-06,0.1706860509014116,0.00018031013342949875,0.00031273623614607343,0.0001324261027165747,-0.0003030151444825361,-0.00013628185949272122,-0.00016673328498981486,0.00013679786341982871,Toward parity,NSF-dominant / NSF,Balanced,Observed absolute contribution to total Jensen–Shannon divergence,1.1968025454837068e-05,79,90,20,Background,,0.0019232663969237984,0.5746008325521716,230
System → knowledge,Most persistent residual,O04,"Water supply, drainage and stormwater systems",K06,Implementation monitoring and impact evaluation,O04→K06,0.0004833252779120348,0.00018031013342949875,0.0003480073765454913,0.00013441559428476577,3.5904076364511205e-05,2.4482053360150222e-05,1.1968025454837068e-05,8.160684453383407e-06,0.6818739218243504,0.00018031013342949875,0.00013441559428476577,-4.589453914473297e-05,-0.0003030151444825361,-0.00021359178226072552,-8.942336222181056e-05,0.00014288891893199075,Toward parity,NSF-dominant / NSF,NSF-dominant / NSF,Balanced residual contribution to total Jensen–Shannon divergence,8.160684453383407e-06,54,71,20,Background,,0.012238557358971594,0.3735939307365201,231
Need → pressure,Largest overlap gain,N17,Planning and policy implementation capacity,P06,Barriers to urban service access,N17→P06,0.0004296224692551421,0.0008414472893376609,0.000841362916760036,0.0006236431569200382,3.39672681829633e-05,8.11906874210927e-06,1.1322422727654433e-05,2.7063562473697564e-06,0.23902625016460663,0.0004296224692551421,0.0006236431569200382,0.00019402068766489604,0.00041182482008251875,-0.00021771975983999779,-0.00019410506024252096,0.0004657991371929789,Toward parity,NSFC-dominant / NSFC,Balanced,Pair contribution to distribution overlap coefficient gain,0.00019402068766489604,55,150,23,Background,,0.00633130616458384,0.54153435544169,232
Need → pressure,Largest overlap gain,N15,Public health and physical and mental well-being,P02,Pollutant emissions and cumulative environmental exposure,N15→P02,0.002161538048439934,0.0029751172015867293,0.0016607452575306176,0.002645218105302751,3.235114353940713e-05,5.677080071868381e-05,1.0783714513135708e-05,1.892360023956127e-05,1.754831344664245,0.002161538048439934,0.0016607452575306176,-0.0005007927909093165,0.0008135791531467952,0.0009844728477721332,0.00017089369462533802,0.0005996889470014667,Away from parity,Balanced,NSFC-dominant / NSFC,Pair contribution to distribution overlap coefficient gain,0.0,135,150,23,Background,,0.0,0.54153435544169,233
Need → pressure,Largest overlap gain,N10,Urban food access and supply security,P02,Pollutant emissions and cumulative environmental exposure,N10→P02,0.002644863326351969,0.0035160476018752254,0.0028278679635834305,0.0037440952914669697,3.090094111450384e-05,3.203811549041074e-05,1.0300313704834612e-05,1.0679371830136912e-05,1.036800638909122,0.002644863326351969,0.0028278679635834305,0.00018300463723146167,0.0008711842755232567,0.0009162273278835393,4.5043052360282596e-05,0.00029239775302890313,Away from parity,Balanced,Balanced,Pair contribution to distribution overlap coefficient gain,0.00018300463723146167,57,150,23,Background,,0.005971829096143429,0.54153435544169,234
Pressure → system,Largest initial contribution,P04,Population and spatial-development pressure,O07,"Information, communication and digital infrastructure",P04→O07,0.0009666505558240696,0.0005409304002884963,0.0013139675750790045,0.0005688378673233828,3.0467127389445202e-05,7.577840925254736e-05,1.0155709129815066e-05,2.5259469750849117e-05,2.4872187090010804,0.0005409304002884963,0.0005688378673233828,2.7907467034886542e-05,-0.00042572015553557334,-0.0007451297077556217,0.0003194095522200483,0.00034843641971016184,Away from parity,NSF-dominant / NSF,NSF-dominant / NSF,Observed absolute contribution to total Jensen–Shannon divergence,1.0155709129815066e-05,80,90,20,Background,,0.0016320264508136824,0.5746008325521716,235
Need → pressure,Largest overlap gain,N09,Accessibility of urban services,P03,Resource and environmental carrying-capacity pressure,N09→P03,8.055421298533915e-05,0.00027046520014424813,7.0765962202193e-05,8.888832625809615e-05,2.7114856820065668e-05,5.153776301580688e-07,9.038285606688555e-06,1.7179254338602292e-07,0.019007204558671192,8.055421298533915e-05,7.0765962202193e-05,-9.788250783146157e-06,0.00018991098715890898,1.8122364055903154e-05,-0.00017178862310300583,0.00018184050974318484,Toward parity,NSFC-dominant / NSFC,Balanced,Pair contribution to distribution overlap coefficient gain,0.0,114,150,23,Background,,0.0,0.54153435544169,236
Need → pressure,Largest overlap gain,N02,"Disaster prevention, emergency response and recovery",P06,Barriers to urban service access,N02→P06,0.0011680360882874174,0.000721240533717995,0.0010018933343187806,0.0006444818579977422,2.666760870286583e-05,1.9552916939470565e-05,8.889202900955276e-06,6.517638979823521e-06,0.7332084836451539,0.000721240533717995,0.0006444818579977422,-7.675867572025277e-05,-0.00044679555456942244,-0.00035741147632103835,-8.938407824838409e-05,0.00018301723687841513,Toward parity,NSF-dominant / NSF,NSF-dominant / NSF,Pair contribution to distribution overlap coefficient gain,0.0,92,150,23,Background,,0.0,0.54153435544169,237
Need → pressure,Largest overlap gain,N01,Climate adaptation and extreme-risk reduction,P06,Barriers to urban service access,N01→P06,0.0004296224692551421,0.00018031013342949875,0.00020676876465221765,0.00022196237222518825,2.6238448035540934e-05,1.346380254420425e-07,8.74614934518031e-06,4.487934181401416e-08,0.0051313258032514115,0.00018031013342949875,0.00020676876465221765,2.6458631222718907e-05,-0.00024931233582564335,1.5193607572970601e-05,-0.00023411872825267275,0.00022671277566987851,Toward parity,NSF-dominant / NSF,Balanced,Pair contribution to distribution overlap coefficient gain,2.6458631222718907e-05,81,150,23,Background,,0.0008634012021242798,0.54153435544169,238
Need → pressure,Largest overlap gain,N05,Water environmental quality and water security,P07,High-carbon technological and industrial path dependence,N05→P07,0.0006847108103753827,0.0003606202668589975,0.000664393464371413,0.0004925307929530324,2.553870845007585e-05,6.40629278103434e-06,8.51290281669195e-06,2.1354309270114468e-06,0.25084638847565977,0.0003606202668589975,0.0004925307929530324,0.00013191052609403488,-0.00032409054351638524,-0.00017186267141838059,-0.00015222787209800466,0.00013346603104554387,Toward parity,NSF-dominant / NSF,Balanced,Pair contribution to distribution overlap coefficient gain,0.00013191052609403488,63,150,23,Background,,0.004304519982297569,0.54153435544169,239
Need → pressure,Largest overlap gain,N07,Housing security and community renewal,P07,High-carbon technological and industrial path dependence,N07→P07,0.00020138553246334788,0.00045077533357374685,0.0002656002192711174,0.0003608119381088037,2.446000452133836e-05,3.6319949644787837e-06,8.15333484044612e-06,1.2106649881595945e-06,0.14848709293206847,0.00020138553246334788,0.0002656002192711174,6.42146868077695e-05,0.00024938980111039897,9.521171883768631e-05,-0.00015417808227271266,0.0001105302606773443,Toward parity,NSFC-dominant / NSFC,Balanced,Pair contribution to distribution overlap coefficient gain,6.42146868077695e-05,74,150,23,Background,,0.0020954613002147947,0.54153435544169,240
Need → pressure,Largest overlap gain,N16,Social inclusion and distributive equity,P03,Resource and environmental carrying-capacity pressure,N16→P03,0.001758766983513238,0.0012321192451015747,0.001948440828004529,0.0013287249741693494,2.3304897954385604e-05,2.9474401062952823e-05,7.768299318128535e-06,9.824800354317607e-06,1.2647298915722656,0.0012321192451015747,0.0013287249741693494,9.660572906777473e-05,-0.0005266477384116633,-0.0006197158538351795,9.30681154235162e-05,0.00021285871880856257,Away from parity,Balanced,Balanced,Pair contribution to distribution overlap coefficient gain,9.660572906777473e-05,65,150,23,Background,,0.003152449645149783,0.54153435544169,241
Need → pressure,Largest overlap gain,N08,Transport accessibility and travel safety,P06,Barriers to urban service access,N08→P06,0.012714139949519363,0.011224305805986297,0.015064191420783562,0.010275008699851547,2.3195332920930188e-05,0.00022765927630717534,7.731777640310062e-06,7.588642543572511e-05,9.814874271614709,0.011224305805986297,0.010275008699851547,-0.0009492971061347503,-0.0014898341435330663,-0.004789182720932015,0.0032993485773989487,0.002534542742450171,Away from parity,Balanced,Balanced,Pair contribution to distribution overlap coefficient gain,0.0,112,150,23,Background,,0.0,0.54153435544169,242
Need → pressure,Largest overlap gain,N07,Housing security and community renewal,P01,Extreme climate and natural-hazard shocks,N07→P01,0.0013559959185865426,0.0009015506671474937,0.0012107228069805538,0.000994920038184674,2.3027029159582946e-05,5.28705544061097e-06,7.675676386527649e-06,1.76235181353699e-06,0.22960215162669845,0.0009015506671474937,0.000994920038184674,9.33693710371803e-05,-0.0004544452514390489,-0.00021580276879587979,-0.0002386424826431691,0.00017269081157827916,Toward parity,NSF-dominant / NSF,Balanced,Pair contribution to distribution overlap coefficient gain,9.33693710371803e-05,66,150,23,Background,,0.00304684042483152,0.54153435544169,243
Pressure → system,Largest initial contribution,P07,High-carbon technological and industrial path dependence,O08,Green-blue spaces and ecosystems,P07→O08,0.001127758981794748,0.000721240533717995,0.001096159888525771,0.0006764678247583062,2.2527729011186145e-05,2.5079310531385174e-05,7.509243003728715e-06,8.359770177128391e-06,1.1132640364651067,0.000721240533717995,0.0006764678247583062,-4.4772708959688805e-05,-0.0004065184480767529,-0.00041969206376746477,1.3173615690711851e-05,5.4800530681832846e-05,Away from parity,NSF-dominant / NSF,NSF-dominant / NSF,Observed absolute contribution to total Jensen–Shannon divergence,7.509243003728715e-06,81,90,20,Background,,0.0012067383036497045,0.5746008325521716,244
Pressure → system,Largest initial contribution,P07,High-carbon technological and industrial path dependence,O12,"Planning, governance and public administration systems",P07→O12,0.001127758981794748,0.0016227912008654887,0.0017325050346921388,0.001441530725426863,2.2395273312424957e-05,6.678015334399772e-06,7.465091104141652e-06,2.2260051114665906e-06,0.2981886061955222,0.001127758981794748,0.001441530725426863,0.0003137717436321151,0.0004950322190707408,-0.00029097430926527577,-0.00020405790980546502,0.000631326499088396,Toward parity,Balanced,Balanced,Observed absolute contribution to total Jensen–Shannon divergence,7.465091104141652e-06,82,90,20,Background,,0.0011996430760236776,0.5746008325521716,245
System → knowledge,Most persistent residual,O08,Green-blue spaces and ecosystems,K04,Intervention design and performance optimization,O08→K04,0.013210890929595619,0.014785430941218897,0.012333713839908644,0.013470489614790315,2.2150095947824037e-05,1.2523904105290486e-05,7.383365315941345e-06,4.174634701763495e-06,0.5654108286840537,0.013210890929595619,0.012333713839908644,-0.0008771770896869747,0.001574540011623278,0.0011367757748816706,-0.00043776423674160743,0.001580667687599601,Toward parity,Balanced,Balanced,Balanced residual contribution to total Jensen–Shannon divergence,4.174634701763495e-06,57,71,20,Background,,0.006260688860369225,0.3735939307365201,246
Pressure → system,Largest initial contribution,P08,Institutional coordination and policy implementation pressure,O10,Food supply and urban-rural supply chains,P08→O10,0.001772192685677461,0.0012621709340064912,0.0024256433622848405,0.001010924134238873,2.1533431970167683e-05,0.00015001757566244632,7.1778106567225604e-06,5.0005858554148775e-05,6.966728567479628,0.0012621709340064912,0.001010924134238873,-0.00025124679976761834,-0.0005100217516709697,-0.0014147192280459676,0.0009046974763749979,0.0007000876667618934,Away from parity,Balanced,NSF-dominant / NSF,Observed absolute contribution to total Jensen–Shannon divergence,7.1778106567225604e-06,83,90,20,Background,,0.0011534769951526628,0.5746008325521716,247
Need → pressure,Largest overlap gain,N12,"Decarbonization of buildings, transport and industry",P03,Resource and environmental carrying-capacity pressure,N12→P03,0.004403630309865207,0.005274071402812838,0.004147457903080524,0.005921726219588086,1.959898625814274e-05,7.856953421494616e-05,6.532995419380913e-06,2.6189844738315386e-05,4.008857049037579,0.004403630309865207,0.004147457903080524,-0.000256172406784683,0.0008704410929476309,0.0017742683165075622,0.0009038272235599313,0.0006964776117651144,Away from parity,Balanced,Balanced,Pair contribution to distribution overlap coefficient gain,0.0,125,150,23,Background,,0.0,0.54153435544169,248
Pressure → system,Largest initial contribution,P06,Barriers to urban service access,O09,Public health and healthcare service systems,P06→O09,0.00016110842597067828,0.0003606202668589975,7.574521219213185e-05,0.00022456517069373812,1.956800361707072e-05,1.927735547385671e-05,6.522667872356906e-06,6.425785157952236e-06,0.9851467656638996,0.00016110842597067828,7.574521219213185e-05,-8.536321377854642e-05,0.00019951184088831922,0.00014881995850160628,-5.069188238671294e-05,0.00016061714559516925,Toward parity,NSFC-dominant / NSFC,NSFC-dominant / NSFC,Observed absolute contribution to total Jensen–Shannon divergence,6.522667872356906e-06,84,90,20,Background,,0.001048195292075377,0.5746008325521716,249
Need → pressure,Largest overlap gain,N04,Air quality improvement,P03,Resource and environmental carrying-capacity pressure,N04→P03,0.0001611084259706783,0.0003606202668589975,0.00034543180195991167,0.00030815639638438817,1.9568003617070713e-05,5.317607019031736e-07,6.522667872356904e-06,1.7725356730105787e-07,0.027175010405214604,0.0001611084259706783,0.00030815639638438817,0.00014704797041370987,0.0001995118408883192,-3.7275405575523494e-05,-0.0001622364353127957,0.00019164437023102158,Toward parity,NSFC-dominant / NSFC,Balanced,Pair contribution to distribution overlap coefficient gain,0.00014704797041370987,60,150,23,Background,,0.004798486866399811,0.54153435544169,250
System → knowledge,Most persistent residual,O11,Industrial production and employment systems,K01,State measurement and problem diagnosis,O11→K01,0.003061060093442887,0.0037865128020194735,0.002860364685306569,0.003937938613685195,1.9250272262801856e-05,4.288118988475553e-05,6.4167574209339515e-06,1.4293729961585176e-05,2.227562774144069,0.003061060093442887,0.002860364685306569,-0.000200695408136318,0.0007254527085765864,0.0010775739283786258,0.00035212121980203936,0.0002514128542569488,Away from parity,Balanced,Balanced,Balanced residual contribution to total Jensen–Shannon divergence,1.4293729961585176e-05,48,71,20,Background,,0.02143626983836918,0.3735939307365201,251
Need → pressure,Largest overlap gain,N19,Urban-rural linkages and cross-regional coordination,P07,High-carbon technological and industrial path dependence,N19→P07,5.3702808656892765e-05,0.0,4.1668410698581875e-05,0.0,1.8611975204337722e-05,1.4441170697067944e-05,6.203991734779241e-06,4.8137235656893146e-06,0.7759074756182929,0.0,0.0,0.0,-5.3702808656892765e-05,-4.1668410698581875e-05,-1.203439795831089e-05,1.203439795831089e-05,Toward parity,NSF-dominant / NSF,NSF-dominant / NSF,Pair contribution to distribution overlap coefficient gain,0.0,150,150,23,Background,,0.0,0.54153435544169,252
Need → pressure,Largest overlap gain,N19,Urban-rural linkages and cross-regional coordination,P02,Pollutant emissions and cumulative environmental exposure,N19→P02,5.3702808656892765e-05,0.00018031013342949875,0.00015305303622728785,7.176172148580421e-05,1.8076571213377113e-05,7.517731880846681e-06,6.025523737792371e-06,2.5059106269488935e-06,0.415882624647498,5.3702808656892765e-05,7.176172148580421e-05,1.8058912828911447e-05,0.000126607324772606,-8.129131474148364e-05,-4.531601003112235e-05,0.00014715034982556888,Toward parity,NSFC-dominant / NSFC,NSF-dominant / NSF,Pair contribution to distribution overlap coefficient gain,1.8058912828911447e-05,83,150,23,Background,,0.0005893005920937988,0.54153435544169,253
Need → pressure,Largest overlap gain,N14,Reduction of environmental exposure and health risks,P03,Resource and environmental carrying-capacity pressure,N14→P03,0.00024166263895601745,9.015506671474937e-05,0.00022850795972714953,0.0001077943566156404,1.7952038182255606e-05,1.107784288877269e-05,5.984012727418535e-06,3.6926142962575634e-06,0.6170799536134232,9.015506671474937e-05,0.0001077943566156404,1.7639289900891024e-05,-0.0001515075722412681,-0.00012071360311150913,-3.079396912975896e-05,2.200432079892686e-05,Toward parity,NSF-dominant / NSF,NSF-dominant / NSF,Pair contribution to distribution overlap coefficient gain,1.7639289900891024e-05,84,150,23,Background,,0.0005756074067796375,0.54153435544169,254
Need → pressure,Largest overlap gain,N18,Public participation and multi-actor coordination,P05,Infrastructure ageing and system-function failure,N18→P05,0.00024166263895601745,9.015506671474937e-05,0.00019772758841534062,5.946467062299679e-05,1.7952038182255606e-05,1.96001619573439e-05,5.984012727418535e-06,6.5333873191146335e-06,1.0918070560209345,9.015506671474937e-05,5.946467062299679e-05,-3.069039609175258e-05,-0.0001515075722412681,-0.00013826291779234383,-1.3244654448924263e-05,5.35928080835525e-05,Toward parity,NSF-dominant / NSF,NSF-dominant / NSF,Pair contribution to distribution overlap coefficient gain,0.0,146,150,23,Background,,0.0,0.54153435544169,255
Need → pressure,Largest overlap gain,N13,Waste reduction and resource circularity,P01,Extreme climate and natural-hazard shocks,N13→P01,0.0005021212609419474,0.00027046520014424813,0.000498359231704892,0.00026118767506668866,1.763526271074624e-05,1.882769603491374e-05,5.87842090358208e-06,6.27589867830458e-06,1.0676164196545186,0.00027046520014424813,0.00026118767506668866,-9.277525077559475e-06,-0.0002316560607976993,-0.00023717155663820335,5.515495840504063e-06,1.0011260437387727e-05,Away from parity,NSF-dominant / NSF,NSF-dominant / NSF,Pair contribution to distribution overlap coefficient gain,0.0,128,150,23,Background,,0.0,0.54153435544169,256
Need → pressure,Largest overlap gain,N07,Housing security and community renewal,P05,Infrastructure ageing and system-function failure,N07→P05,0.0006175822995542668,0.0009466282005048684,0.0010752607946725556,0.0009794933316192738,1.743438635613172e-05,1.1162808035670214e-06,5.811462118710574e-06,3.720936011890071e-07,0.06402753620143461,0.0006175822995542668,0.0009794933316192738,0.00036191103206500703,0.0003290459009506016,-9.576746305328177e-05,-0.00023327843789731982,0.0004588569730721204,Toward parity,NSFC-dominant / NSFC,Balanced,Pair contribution to distribution overlap coefficient gain,0.00036191103206500703,40,150,23,Background,,0.011809923858746605,0.54153435544169,257
Need → pressure,Largest overlap gain,N11,Clean-energy access and energy security,P04,Population and spatial-development pressure,N11→P04,0.00022823693679179424,9.015506671474937e-05,0.0005776681548316575,0.00015636811807303672,1.5479653352888466e-05,6.43052549483242e-05,5.159884450962822e-06,2.143508498277473e-05,4.154179262439684,9.015506671474937e-05,0.00015636811807303672,6.621305135828734e-05,-0.00013808187007704489,-0.0004213000367586208,0.0002832181666815759,0.0003556491871367031,Away from parity,NSF-dominant / NSF,NSF-dominant / NSF,Pair contribution to distribution overlap coefficient gain,6.621305135828734e-05,73,150,23,Background,,0.0021606721699939588,0.54153435544169,258
Need → pressure,Largest overlap gain,N03,Critical infrastructure resilience,P03,Resource and environmental carrying-capacity pressure,N03→P03,0.0011546103861231943,0.0008113956004327443,0.0008400926245530203,0.0011108785703389651,1.5056177145179533e-05,9.426367506545121e-06,5.018725715059844e-06,3.142122502181707e-06,0.6260797422646637,0.0008113956004327443,0.0008400926245530203,2.8697024120275926e-05,-0.00034321478569045,0.00027078594578594484,-7.242883990450514e-05,0.00043429422239648,Toward parity,Balanced,Balanced,Pair contribution to distribution overlap coefficient gain,2.8697024120275926e-05,80,150,23,Background,,0.0009364447054827496,0.54153435544169,259
Need → pressure,Largest overlap gain,N17,Planning and policy implementation capacity,P05,Infrastructure ageing and system-function failure,N17→P05,0.00045647387358358854,0.000721240533717995,0.0011155340544385178,0.00044979463908973073,1.5008765782944153e-05,7.309054685158487e-05,5.002921927648051e-06,2.4363515617194954e-05,4.869857249331214,0.00045647387358358854,0.00044979463908973073,-6.6792344938578115e-06,0.00026476666013440644,-0.0006657394153487871,0.00040097275521438065,0.0007127714891177052,Away from parity,NSFC-dominant / NSFC,NSF-dominant / NSF,Pair contribution to distribution overlap coefficient gain,0.0,143,150,23,Background,,0.0,0.54153435544169,260
System → knowledge,Most persistent residual,O11,Industrial production and employment systems,K06,Implementation monitoring and impact evaluation,O11→K06,0.00032221685194135655,0.0005409304002884963,0.0005660566021261086,0.0003821359289987547,1.4007207367512074e-05,8.975548020728977e-06,4.669069122504025e-06,2.9918493402429923e-06,0.6407806913422737,0.00032221685194135655,0.0003821359289987547,5.9919077057398135e-05,0.0002187135483471397,-0.00018392067312735395,-3.4792875219785766e-05,0.00029098712666087285,Toward parity,NSFC-dominant / NSFC,Balanced,Balanced residual contribution to total Jensen–Shannon divergence,2.9918493402429923e-06,61,71,20,Background,,0.004486868714153539,0.3735939307365201,261
Need → pressure,Largest overlap gain,N08,Transport accessibility and travel safety,P02,Pollutant emissions and cumulative environmental exposure,N08→P02,0.00037591966059824934,0.0006010337780983291,0.0003495830534010747,0.00048298419726001534,1.308522395750389e-05,5.3667749602653956e-06,4.361741319167963e-06,1.7889249867551317e-06,0.4101400921906078,0.00037591966059824934,0.0003495830534010747,-2.633660719717466e-05,0.00022511411750007976,0.00013340114385894066,-9.17129736411391e-05,0.00012095172762205526,Toward parity,NSFC-dominant / NSFC,Balanced,Pair contribution to distribution overlap coefficient gain,0.0,109,150,23,Background,,0.0,0.54153435544169,262
Need → pressure,Largest overlap gain,N09,Accessibility of urban services,P05,Infrastructure ageing and system-function failure,N09→P05,3.2221685194135665e-05,0.0,3.639626510534272e-05,0.0,1.1167185122602635e-05,1.2613984270340314e-05,3.7223950408675446e-06,4.204661423446771e-06,1.129558087544311,0.0,0.0,0.0,-3.2221685194135665e-05,-3.639626510534272e-05,4.174579911207058e-06,4.174579911207058e-06,Away from parity,NSF-dominant / NSF,NSF-dominant / NSF,Pair contribution to distribution overlap coefficient gain,0.0,116,150,23,Background,,0.0,0.54153435544169,263
Need → pressure,Largest overlap gain,N19,Urban-rural linkages and cross-regional coordination,P05,Infrastructure ageing and system-function failure,N19→P05,3.2221685194135665e-05,0.0,3.639626510534272e-05,0.0,1.1167185122602635e-05,1.2613984270340314e-05,3.7223950408675446e-06,4.204661423446771e-06,1.129558087544311,0.0,0.0,0.0,-3.2221685194135665e-05,-3.639626510534272e-05,4.174579911207058e-06,4.174579911207058e-06,Away from parity,NSF-dominant / NSF,NSF-dominant / NSF,Pair contribution to distribution overlap coefficient gain,0.0,149,150,23,Background,,0.0,0.54153435544169,264
Need → pressure,Largest overlap gain,N15,Public health and physical and mental well-being,P06,Barriers to urban service access,N15→P06,0.0009532248536598465,0.0012621709340064912,0.002281468739223614,0.0006529316396343585,1.0806136999944962e-05,0.00023927315820267586,3.6020456666483205e-06,7.975771940089195e-05,22.14233987630312,0.0009532248536598465,0.0006529316396343585,-0.00030029321402548796,0.00030894608034664475,-0.0016285370995892557,0.001319591019242611,0.0014613022744608965,Away from parity,Balanced,NSF-dominant / NSF,Pair contribution to distribution overlap coefficient gain,0.0,137,150,23,Background,,0.0,0.54153435544169,265
Pressure → system,Largest initial contribution,P07,High-carbon technological and industrial path dependence,O04,"Water supply, drainage and stormwater systems",P07→O04,0.0006444337038827131,0.0009015506671474937,0.0005395954019115809,0.0010167836982689082,1.0740295831776036e-05,3.717243511835128e-05,3.580098610592012e-06,1.2390811706117092e-05,3.4610252548513247,0.0006444337038827131,0.0005395954019115809,-0.00010483830197113224,0.0002571169632647806,0.0004771882963573274,0.00022007133309254678,0.0001557874225398803,Away from parity,Balanced,NSFC-dominant / NSFC,Observed absolute contribution to total Jensen–Shannon divergence,3.580098610592012e-06,85,90,20,Background,,0.0005753232545676379,0.5746008325521716,266
Need → pressure,Largest overlap gain,N08,Transport accessibility and travel safety,P01,Extreme climate and natural-hazard shocks,N08→P01,0.002180334031469846,0.0017730496453900707,0.002082265625739756,0.0012707852723014296,1.050841922920791e-05,4.9587968864179394e-05,3.5028064097359696e-06,1.6529322954726462e-05,4.718879955450461,0.0017730496453900707,0.0012707852723014296,-0.000502264373088641,-0.0004072843860797755,-0.0008114803534383262,0.0004041959673585507,0.0005117488765757744,Away from parity,Balanced,NSF-dominant / NSF,Pair contribution to distribution overlap coefficient gain,0.0,108,150,23,Background,,0.0,0.54153435544169,267
Need → pressure,Largest overlap gain,N06,Ecological integrity and biodiversity protection,P05,Infrastructure ageing and system-function failure,N06→P05,0.001825895494334354,0.001457506911888448,0.0015370312554558445,0.0009151887884243891,1.0354831588081873e-05,3.985600533812657e-05,3.451610529360624e-06,1.3285335112708856e-05,3.8490249695610443,0.001457506911888448,0.0009151887884243891,-0.0005423181234640588,-0.00036838858244590605,-0.0006218424670314554,0.0002534538845855494,0.0006144521914196732,Away from parity,Balanced,NSF-dominant / NSF,Pair contribution to distribution overlap coefficient gain,0.0,103,150,23,Background,,0.0,0.54153435544169,268
Need → pressure,Largest overlap gain,N06,Ecological integrity and biodiversity protection,P07,High-carbon technological and industrial path dependence,N06→P07,0.0003222168519413566,0.00018031013342949875,0.000375677477690907,8.143847621546988e-05,1.015570912981513e-05,5.132489422486825e-05,3.3852363766050433e-06,1.710829807495608e-05,5.05379718627315,0.00018031013342949875,8.143847621546988e-05,-9.887165721402887e-05,-0.00014190671851185786,-0.00029423900147543714,0.00015233228296357928,0.00011239948000672385,Away from parity,NSF-dominant / NSF,NSF-dominant / NSF,Pair contribution to distribution overlap coefficient gain,0.0,105,150,23,Background,,0.0,0.54153435544169,269
Need → pressure,Largest overlap gain,N15,Public health and physical and mental well-being,P07,High-carbon technological and industrial path dependence,N15→P07,0.0003222168519413566,0.00018031013342949875,0.00018740437119988415,0.00016238343340039196,1.015570912981513e-05,4.478303047430961e-07,3.3852363766050433e-06,1.492767682476987e-07,0.044096409125026624,0.00018031013342949875,0.00016238343340039196,-1.792670002910679e-05,-0.00014190671851185786,-2.5020937799492197e-05,-0.00011688578071236566,0.00013599916006212486,Toward parity,NSF-dominant / NSF,Balanced,Pair contribution to distribution overlap coefficient gain,0.0,138,150,23,Background,,0.0,0.54153435544169,270
Pressure → system,Largest initial contribution,P05,Infrastructure ageing and system-function failure,O08,Green-blue spaces and ecosystems,P05→O08,0.0020944095376188173,0.0025243418680129825,0.0019639061917535315,0.002008546014154398,1.0019464868775215e-05,1.25410928949847e-07,3.3398216229250714e-06,4.180364298328233e-08,0.012516729245758343,0.0020944095376188173,0.0019639061917535315,-0.00013050334586528576,0.0004299323303941652,4.4639822400866554e-05,-0.00038529250799329865,0.0005320493267919249,Toward parity,Balanced,Balanced,Observed absolute contribution to total Jensen–Shannon divergence,3.3398216229250714e-06,86,90,20,Background,,0.0005367106481625329,0.5746008325521716,271
Need → pressure,Largest overlap gain,N05,Water environmental quality and water security,P01,Extreme climate and natural-hazard shocks,N05→P01,0.019257827184361743,0.018061065031854787,0.01661950999325187,0.02105369659024048,9.596247030211615e-06,0.00013078036291013818,3.1987490100705385e-06,4.3593454303379395e-05,13.628282233502928,0.018061065031854787,0.01661950999325187,-0.0014415550386029166,-0.0011967621525069555,0.004434186596988611,0.0032374244444816555,0.003989556522365848,Away from parity,Balanced,Balanced,Pair contribution to distribution overlap coefficient gain,0.0,100,150,23,Background,,0.0,0.54153435544169,272
Need → pressure,Largest overlap gain,N06,Ecological integrity and biodiversity protection,P01,Extreme climate and natural-hazard shocks,N06→P01,0.06980022555179638,0.07209400168289458,0.08690987812220444,0.05907009322573359,9.270352673893803e-06,0.0013354939458096486,3.0901175579646006e-06,0.0004451646486032162,144.06074858085248,0.06980022555179638,0.05907009322573359,-0.010730132326062791,0.002293776131098199,-0.02783978489647085,0.02554600876537265,0.02150261385461267,Away from parity,Balanced,Balanced,Pair contribution to distribution overlap coefficient gain,0.0,102,150,23,Background,,0.0,0.54153435544169,273
Pressure → system,Largest initial contribution,P06,Barriers to urban service access,O01,Population and community systems,P06→O01,0.001772192685677461,0.00144248106743599,0.001291380940995384,0.0015087843854055608,8.469067259672092e-06,4.224023491989243e-06,2.823022419890697e-06,1.408007830663081e-06,0.49875899700350124,0.00144248106743599,0.001291380940995384,-0.00015110012644060596,-0.00032971161824147093,0.00021740344441017675,-0.00011230817383129418,0.00048536178650363145,Toward parity,Balanced,Balanced,Observed absolute contribution to total Jensen–Shannon divergence,2.823022419890697e-06,87,90,20,Background,,0.0004536608130077042,0.5746008325521716,274
Need → pressure,Largest overlap gain,N05,Water environmental quality and water security,P03,Resource and environmental carrying-capacity pressure,N05→P03,0.035054508350786766,0.03660295708618824,0.03786014712565463,0.032330125648144935,8.365772174157872e-06,0.00010903524322978262,2.7885907247192907e-06,3.63450810765942e-05,13.033494214269405,0.035054508350786766,0.032330125648144935,-0.002724382702641831,0.0015484487354014767,-0.0055300214775096945,0.003981572742108218,0.005111623756984984,Away from parity,Balanced,Balanced,Pair contribution to distribution overlap coefficient gain,0.0,101,150,23,Background,,0.0,0.54153435544169,275
Need → pressure,Largest overlap gain,N04,Air quality improvement,P01,Extreme climate and natural-hazard shocks,N04→P01,0.001275441705601203,0.0010217574227671595,0.0019950901885680346,0.0008343682422621038,7.018020581280237e-06,0.00012262626632622304,2.339340193760079e-06,4.087542210874101e-05,17.47305595730433,0.0010217574227671595,0.0008343682422621038,-0.00018738918050505572,-0.0002536842828340436,-0.0011607219463059307,0.0009070376634718871,0.0007436455096393835,Away from parity,Balanced,NSF-dominant / NSF,Pair contribution to distribution overlap coefficient gain,0.0,96,150,23,Background,,0.0,0.54153435544169,276
Need → pressure,Largest overlap gain,N14,Reduction of environmental exposure and health risks,P08,Institutional coordination and policy implementation pressure,N14→P08,0.00036249395843402613,0.00024041351123933163,0.0007165104578295336,0.00015012453125492147,6.2228399076655316e-06,0.00010060806853983925,2.0742799692218437e-06,3.353602284661308e-05,16.167548905750635,0.00024041351123933163,0.00015012453125492147,-9.028897998441016e-05,-0.0001220804471946945,-0.0005663859265746122,0.0004443054793799177,0.00036534884939038,Away from parity,NSF-dominant / NSF,NSF-dominant / NSF,Pair contribution to distribution overlap coefficient gain,0.0,133,150,23,Background,,0.0,0.54153435544169,277
Need → pressure,Largest overlap gain,N03,Critical infrastructure resilience,P04,Population and spatial-development pressure,N03→P04,0.0019333011116481396,0.0022538766678687344,0.002174887098418755,0.0024356625467829114,6.141924667603548e-06,3.6893724560628158e-06,2.0473082225345157e-06,1.2297908186876053e-06,0.6006866993212948,0.0019333011116481396,0.002174887098418755,0.0002415859867706152,0.0003205755562205948,0.00026077544836415655,-5.9800107856438234e-05,0.0003023406932196387,Toward parity,Balanced,Balanced,Pair contribution to distribution overlap coefficient gain,0.0002415859867706152,49,150,23,Background,,0.00788346266435075,0.54153435544169,278
Need → pressure,Largest overlap gain,N19,Urban-rural linkages and cross-regional coordination,P06,Barriers to urban service access,N19→P06,0.0001611084259706783,9.015506671474937e-05,0.00023138222494794604,0.00024648837016205954,5.077854564907565e-06,1.194013849885349e-07,1.6926181883025216e-06,3.980046166284496e-08,0.023514140364260003,9.015506671474937e-05,0.00023138222494794604,0.00014122715823319668,-7.095335925592893e-05,1.5106145214113494e-05,-5.5847214041815436e-05,0.00017140160031180047,Toward parity,NSF-dominant / NSF,Balanced,Pair contribution to distribution overlap coefficient gain,0.00014122715823319668,61,150,23,Background,,0.004608541430761425,0.54153435544169,279
Need → pressure,Largest overlap gain,N04,Air quality improvement,P05,Infrastructure ageing and system-function failure,N04→P05,0.0001611084259706783,0.00024041351123933163,0.00029993680720344243,0.00024111529731728502,3.941777108869467e-06,1.6018874153032256e-06,1.313925702956489e-06,5.339624717677418e-07,0.40638711197007776,0.0001611084259706783,0.00024111529731728502,8.000687134660672e-05,7.930508526865333e-05,-5.882150988615741e-05,-2.048357538249592e-05,0.00013883015500750872,Toward parity,Balanced,Balanced,Pair contribution to distribution overlap coefficient gain,8.000687134660672e-05,70,150,23,Background,,0.0026107937450501393,0.54153435544169,280
Pressure → system,Largest initial contribution,P02,Pollutant emissions and cumulative environmental exposure,O11,Industrial production and employment systems,P02→O11,0.00918318028032866,0.00865488640461594,0.009467617472871082,0.006903139702653772,3.91207239449563e-06,0.00010084614437383301,1.3040241314985434e-06,3.3615381457944336e-05,25.778189717482146,0.00865488640461594,0.006903139702653772,-0.0017517467019621683,-0.0005282938757127202,-0.00256447777021731,0.0020361838945045898,0.001774688993693472,Away from parity,Balanced,Balanced,Observed absolute contribution to total Jensen–Shannon divergence,1.3040241314985434e-06,88,90,20,Background,,0.0002095571907290059,0.5746008325521716,281
Need → pressure,Largest overlap gain,N07,Housing security and community renewal,P06,Barriers to urban service access,N07→P06,0.002013855324633479,0.0022689025123211926,0.002161440230399506,0.0019106730420672838,3.799395971448551e-06,3.863104044944467e-06,1.2664653238161835e-06,1.2877013483148224e-06,1.016767947846096,0.002013855324633479,0.0019106730420672838,-0.00010318228256619533,0.00025504718768771346,-0.00025076718833222226,-4.2799993554912e-06,0.00038743987632710593,Toward parity,Balanced,Balanced,Pair contribution to distribution overlap coefficient gain,0.0,107,150,23,Background,,0.0,0.54153435544169,282
Need → pressure,Largest overlap gain,N19,Urban-rural linkages and cross-regional coordination,P01,Extreme climate and natural-hazard shocks,N19→P01,0.0005370280865689276,0.0004207236446688303,0.0005942381155630505,0.0003624518564202901,3.5395827430770408e-06,1.4179937440322994e-05,1.1798609143590134e-06,4.726645813440997e-06,4.006104241540077,0.0004207236446688303,0.0003624518564202901,-5.827178824854021e-05,-0.00011630444190009731,-0.0002317862591427604,0.0001154818172426631,8.166142738889083e-05,Away from parity,Balanced,NSF-dominant / NSF,Pair contribution to distribution overlap coefficient gain,0.0,148,150,23,Background,,0.0,0.54153435544169,283
Need → pressure,Largest overlap gain,N18,Public participation and multi-actor coordination,P04,Population and spatial-development pressure,N18→P04,0.00024166263895601745,0.000330568577954081,0.00016550897102874708,0.00032066594021044317,3.4672947551070196e-06,1.259832129866613e-05,1.1557649183690065e-06,4.19944043288871e-06,3.63347283357145,0.00024166263895601745,0.00016550897102874708,-7.615366792727038e-05,8.890593899806357e-05,0.0001551569691816961,6.625103018363253e-05,7.679481345155211e-05,Away from parity,Balanced,NSFC-dominant / NSFC,Pair contribution to distribution overlap coefficient gain,0.0,145,150,23,Background,,0.0,0.54153435544169,284
Need → pressure,Largest overlap gain,N01,Climate adaptation and extreme-risk reduction,P05,Infrastructure ageing and system-function failure,N01→P05,0.0005101766822404812,0.0006310854670032456,0.00032884360131766514,0.0008841450070427917,3.208378710466887e-06,6.598377469286617e-05,1.069459570155629e-06,2.199459156428872e-05,20.566080456027006,0.0005101766822404812,0.00032884360131766514,-0.00018133308092281608,0.0001209087847627644,0.0005553014057251266,0.0004343926209623622,0.00031132108351666004,Away from parity,Balanced,NSFC-dominant / NSFC,Pair contribution to distribution overlap coefficient gain,0.0,86,150,23,Background,,0.0,0.54153435544169,285
Need → pressure,Largest overlap gain,N03,Critical infrastructure resilience,P02,Pollutant emissions and cumulative environmental exposure,N03→P02,0.00040277106492669576,0.0005108787113835797,0.0006575931618204042,0.0006093527033087248,3.20546485146481e-06,4.593141153685716e-07,1.0684882838216033e-06,1.531047051228572e-07,0.1432909536221174,0.00040277106492669576,0.0006093527033087248,0.00020658163838202905,0.00010810764645688398,-4.824045851167943e-05,-5.986718794520455e-05,0.00027318753293475913,Toward parity,Balanced,Balanced,Pair contribution to distribution overlap coefficient gain,0.00020658163838202905,53,150,23,Background,,0.0067411966028951085,0.54153435544169,286
Need → pressure,Largest overlap gain,N12,"Decarbonization of buildings, transport and industry",P02,Pollutant emissions and cumulative environmental exposure,N12→P02,0.004323076096879867,0.00465801178026205,0.005366380299769819,0.0037377683136355583,3.123450404836722e-06,7.322781025517804e-05,1.0411501349455738e-06,2.4409270085059345e-05,23.444524728736976,0.004323076096879867,0.0037377683136355583,-0.000585307783244309,0.00033493568338218305,-0.0016286119861342605,0.0012936763027520774,0.0013911619954687451,Away from parity,Balanced,Balanced,Pair contribution to distribution overlap coefficient gain,0.0,124,150,23,Background,,0.0,0.54153435544169,287
Need → pressure,Largest overlap gain,N12,"Decarbonization of buildings, transport and industry",P06,Barriers to urban service access,N12→P06,0.0010337790666451858,0.0009015506671474937,0.0007681989694073044,0.0008772161253382053,2.260335524294609e-06,1.8070593221728232e-06,7.534451747648696e-07,6.023531073909411e-07,0.7994650806263636,0.0009015506671474937,0.0007681989694073044,-0.00013335169774018928,-0.00013222839949769206,0.00010901715593090089,-2.321124356679117e-05,0.0002666926282707314,Toward parity,Balanced,Balanced,Pair contribution to distribution overlap coefficient gain,0.0,126,150,23,Background,,0.0,0.54153435544169,288
Need → pressure,Largest overlap gain,N12,"Decarbonization of buildings, transport and industry",P01,Extreme climate and natural-hazard shocks,N12→P01,0.0012888674077654264,0.00144248106743599,0.0010721610797219036,0.0022047534763113934,2.1609849705194866e-06,9.991181049181022e-05,7.203283235064955e-07,3.3303936830603405e-05,46.23438471568457,0.0012888674077654264,0.0010721610797219036,-0.0002167063280435228,0.00015361365967056354,0.0011325923965894897,0.0009789787369189262,0.0007924776703143232,Away from parity,Balanced,NSFC-dominant / NSFC,Pair contribution to distribution overlap coefficient gain,0.0,123,150,23,Background,,0.0,0.54153435544169,289
Pressure → system,Largest initial contribution,P07,High-carbon technological and industrial path dependence,O10,Food supply and urban-rural supply chains,P07→O10,0.001127758981794748,0.0012621709340064912,0.001141014279094057,0.0009255036322754511,1.8908618492042984e-06,5.628960929827721e-06,6.302872830680994e-07,1.8763203099425736e-06,2.9769287122676196,0.001127758981794748,0.0009255036322754511,-0.00020225534951929679,0.00013441195221174334,-0.00021551064681860587,8.109869460686252e-05,0.0003369281451012252,Away from parity,Balanced,Balanced,Observed absolute contribution to total Jensen–Shannon divergence,6.302872830680994e-07,89,90,20,Background,,0.00010128741424453937,0.5746008325521716,290
System → knowledge,Most persistent residual,O02,Housing and built-environment systems,K03,Scenario simulation and risk prediction,O02→K03,0.015627517319155793,0.015146051208077894,0.014160986112279679,0.015665921042668028,1.8832644798133844e-06,1.8991166835840927e-05,6.277548266044614e-07,6.330388945280309e-06,10.084174070825567,0.015146051208077894,0.014160986112279679,-0.000985065095798215,-0.00048146611107789845,0.0015049349303883491,0.0010234688193104507,0.0015559493647475432,Away from parity,Balanced,Balanced,Balanced residual contribution to total Jensen–Shannon divergence,6.330388945280309e-06,56,71,20,Background,,0.009493667921358216,0.3735939307365201,291
System → knowledge,Most persistent residual,O09,Public health and healthcare service systems,K03,Scenario simulation and risk prediction,O09→K03,0.0009666505558240696,0.0010818608005769925,0.0008046408658417089,0.0009876946298153417,1.62073872788951e-06,4.682044583581713e-06,5.402462426298366e-07,1.560681527860571e-06,2.8888336553039418,0.0009666505558240696,0.0008046408658417089,-0.0001620096899823607,0.00011521024475292293,0.0001830537639736328,6.784351922070988e-05,0.00018738838641733647,Away from parity,Balanced,Balanced,Balanced residual contribution to total Jensen–Shannon divergence,1.560681527860571e-06,64,71,20,Background,,0.0023405500490697186,0.3735939307365201,292
System → knowledge,Most persistent residual,O12,"Planning, governance and public administration systems",K06,Implementation monitoring and impact evaluation,O12→K06,0.0009666505558240696,0.0010818608005769925,0.0006470296478701908,0.0006818314713002858,1.62073872788951e-06,2.2788412311275202e-07,5.402462426298366e-07,7.596137437091734e-08,0.14060509518983216,0.0009666505558240696,0.0006470296478701908,-0.0003196209079538788,0.00011521024475292293,3.4801823430095045e-05,-8.040842132282788e-05,0.0005120361208770664,Toward parity,Balanced,Balanced,Balanced residual contribution to total Jensen–Shannon divergence,7.596137437091734e-08,70,71,20,Background,,0.00011391907659404132,0.3735939307365201,293
Need → pressure,Largest overlap gain,N02,"Disaster prevention, emergency response and recovery",P08,Institutional coordination and policy implementation pressure,N02→P08,0.002349497878739059,0.0025243418680129825,0.0021330451842500792,0.0035416811755870697,1.5684235946754452e-06,8.833696861515564e-05,5.22807864891815e-07,2.944565620505188e-05,56.32213702665909,0.002349497878739059,0.0021330451842500792,-0.00021645269448897957,0.00017484398927392368,0.0014086359913369905,0.0012337920020630668,0.0010401110689185376,Away from parity,Balanced,NSFC-dominant / NSFC,Pair contribution to distribution overlap coefficient gain,0.0,94,150,23,Background,,0.0,0.54153435544169,294
System → knowledge,Most persistent residual,O12,"Planning, governance and public administration systems",K03,Scenario simulation and risk prediction,O12→K03,0.00934428870629934,0.009015506671474938,0.008299668529423572,0.009228331774144104,1.472012657447724e-06,1.2306300437028432e-05,4.90670885815908e-07,4.102100145676144e-06,8.360186561415809,0.009015506671474938,0.008299668529423572,-0.0007158381420513654,-0.00032878203482440173,0.0009286632447205317,0.00059988120989613,0.0010660796584974783,Away from parity,Balanced,Balanced,Balanced residual contribution to total Jensen–Shannon divergence,4.102100145676144e-06,58,71,20,Background,,0.006151908974288156,0.3735939307365201,295
System → knowledge,Most persistent residual,O08,Green-blue spaces and ecosystems,K03,Scenario simulation and risk prediction,O08→K03,0.03061060093442887,0.031193653083303283,0.03520345433395507,0.03352576794511104,1.3751272316918361e-06,1.0239135225598075e-05,4.583757438972787e-07,3.413045075199358e-06,7.445954810305618,0.03061060093442887,0.03352576794511104,0.0029151670106821737,0.0005830521488744134,-0.001677686388844024,0.0010946342399696107,0.005151025342415234,Away from parity,Balanced,Balanced,Balanced residual contribution to total Jensen–Shannon divergence,3.413045075199358e-06,60,71,20,Background,,0.005118534868023818,0.3735939307365201,296
Pressure → system,Largest initial contribution,P07,High-carbon technological and industrial path dependence,O03,Transport and urban mobility systems,P07→O03,0.004994361205091026,0.005228993869455464,0.005094670610084492,0.0037382561411592762,1.3463613655250044e-06,5.228053303073173e-05,4.4878712184166813e-07,1.7426844343577242e-05,38.830981317074034,0.004994361205091026,0.0037382561411592762,-0.0012561050639317496,0.00023463266436443784,-0.0013564144689252162,0.0011217818045607783,0.0014941087481491501,Away from parity,Balanced,Balanced,Observed absolute contribution to total Jensen–Shannon divergence,4.4878712184166813e-07,90,90,20,Background,,7.212026696194702e-05,0.5746008325521716,297
Need → pressure,Largest overlap gain,N05,Water environmental quality and water security,P08,Institutional coordination and policy implementation pressure,N05→P08,0.0021883894527683803,0.002344031734583484,0.002539445198636888,0.002467509714213074,1.336442606424468e-06,2.583851885139923e-07,4.4548086880815595e-07,8.612839617133075e-08,0.19333803582129025,0.0021883894527683803,0.002467509714213074,0.0002791202614446939,0.0001556422818151039,-7.193548442381396e-05,-8.370679739128995e-05,0.0003721383454586477,Toward parity,Balanced,Balanced,Pair contribution to distribution overlap coefficient gain,0.0002791202614446939,48,150,23,Background,,0.0091082855813668,0.54153435544169,298
Need → pressure,Largest overlap gain,N06,Ecological integrity and biodiversity protection,P06,Barriers to urban service access,N06→P06,0.0008055421298533915,0.000721240533717995,0.0018971051463321355,0.0003300039543425723,1.1642741915306908e-06,0.00030468547825458054,3.880913971768969e-07,0.00010156182608486017,261.6956387687383,0.000721240533717995,0.0003300039543425723,-0.0003912365793754227,-8.430159613539653e-05,-0.0015671011919895631,0.0014827995958541667,0.0011595584849353464,Away from parity,Balanced,NSF-dominant / NSF,Pair contribution to distribution overlap coefficient gain,0.0,104,150,23,Background,,0.0,0.54153435544169,299
Need → pressure,Largest overlap gain,N04,Air quality improvement,P06,Barriers to urban service access,N04→P06,0.00012083131947800873,9.015506671474937e-05,0.0001482600100881684,3.611573430909653e-05,1.1190015126791927e-06,1.8300027899857335e-05,3.7300050422639755e-07,6.1000092999524445e-06,16.353890224904262,9.015506671474937e-05,3.611573430909653e-05,-5.4039332405652844e-05,-3.0676252763259354e-05,-0.00011214427577907189,8.146802301581254e-05,6.0601835908134864e-05,Away from parity,Balanced,NSF-dominant / NSF,Pair contribution to distribution overlap coefficient gain,0.0,97,150,23,Background,,0.0,0.54153435544169,300
System → knowledge,Most persistent residual,O08,Green-blue spaces and ecosystems,K06,Implementation monitoring and impact evaluation,O08→K06,0.0006444337038827131,0.000721240533717995,0.0006306747131844971,0.0003140073101517666,1.0804924852597094e-06,2.7058337033890838e-05,3.6016416175323646e-07,9.019445677963613e-06,25.042596226281983,0.0006444337038827131,0.0003140073101517666,-0.0003304263937309465,7.680682983528188e-05,-0.00031666740303273053,0.00023986057319744865,0.00040746559143217887,Away from parity,Balanced,NSF-dominant / NSF,Balanced residual contribution to total Jensen–Shannon divergence,9.019445677963613e-06,53,71,20,Background,,0.01352643934543023,0.3735939307365201,301
Need → pressure,Largest overlap gain,N04,Air quality improvement,P08,Institutional coordination and policy implementation pressure,N04→P08,0.0003356425541055797,0.00028549104459670634,0.00045789659949107636,0.00016012824727266865,1.0134349140395595e-06,3.740197551445507e-05,3.378116380131865e-07,1.2467325171485024e-05,36.90614463376884,0.00028549104459670634,0.00016012824727266865,-0.0001253627973240377,-5.0151509508873367e-05,-0.0002977683522184077,0.00024761684270953435,0.0001751053470515016,Away from parity,Balanced,NSF-dominant / NSF,Pair contribution to distribution overlap coefficient gain,0.0,99,150,23,Background,,0.0,0.54153435544169,302
Need → pressure,Largest overlap gain,N15,Public health and physical and mental well-being,P03,Resource and environmental carrying-capacity pressure,N15→P03,0.0005101766822404812,0.00045077533357374685,0.0006295358464783947,0.0003140112255561611,9.185606433143954e-07,2.6893094246269427e-05,3.0618688110479844e-07,8.964364748756475e-06,29.277429249779797,0.00045077533357374685,0.0003140112255561611,-0.00013676410801758576,-5.940134866673437e-05,-0.00031552462092223363,0.00025612327225549926,0.0001815241893782178,Away from parity,Balanced,NSF-dominant / NSF,Pair contribution to distribution overlap coefficient gain,0.0,136,150,23,Background,,0.0,0.54153435544169,303
System → knowledge,Most persistent residual,O09,Public health and healthcare service systems,K05,Planning decision support and policy design,O09→K05,0.00016110842597067828,0.00018031013342949875,0.00019803121110979196,0.00018090624074049562,2.7012312131492736e-07,1.935441547829259e-07,9.004104043830911e-08,6.45147182609753e-08,0.7165034738262163,0.00016110842597067828,0.00018090624074049562,1.9797814769817343e-05,1.920170745882047e-05,-1.7124970369296344e-05,-2.0767370895241263e-06,3.69275968126194e-05,Toward parity,Balanced,Balanced,Balanced residual contribution to total Jensen–Shannon divergence,6.45147182609753e-08,71,71,20,Background,,9.6752556044179e-05,0.3735939307365201,304
System → knowledge,Most persistent residual,O10,Food supply and urban-rural supply chains,K06,Implementation monitoring and impact evaluation,O10→K06,0.00016110842597067828,0.00018031013342949875,0.00028325038092908084,0.00016215137369478603,2.7012312131492736e-07,8.335852146128702e-06,9.004104043830911e-08,2.7786173820429006e-06,30.859454405645696,0.00016110842597067828,0.00016215137369478603,1.04294772410775e-06,1.920170745882047e-05,-0.00012109900723429482,0.00010189729977547435,0.00012348440272424475,Away from parity,Balanced,NSF-dominant / NSF,Balanced residual contribution to total Jensen–Shannon divergence,2.7786173820429006e-06,63,71,20,Background,,0.004167085298178461,0.3735939307365201,305
System → knowledge,Most persistent residual,O04,"Water supply, drainage and stormwater systems",K03,Scenario simulation and risk prediction,O04→K03,0.021105203802158853,0.020915975477821855,0.01808033639706521,0.02950191383876346,2.1303233491801356e-07,0.0006921434674015585,7.101077830600451e-08,0.00023071448913385283,3249.0066245949615,0.020915975477821855,0.01808033639706521,-0.0028356390807566453,-0.00018922832433699785,0.01142157744169825,0.011232349117361252,0.00910319506306915,Away from parity,Balanced,NSFC-dominant / NSFC,Balanced residual contribution to total Jensen–Shannon divergence,0.00023071448913385283,13,71,20,Supporting,,0.346001922380398,0.3735939307365201,306
Need → pressure,Largest overlap gain,N10,Urban food access and supply security,P03,Resource and environmental carrying-capacity pressure,N10→P03,0.008176252618011923,0.008083904315422528,0.011177773279273908,0.008223693210736878,1.311219638594755e-07,0.00011288610854433094,4.370732128649183e-08,3.762870284811031e-05,860.9244799392413,0.008083904315422528,0.008223693210736878,0.0001397888953143505,-9.234830258939529e-05,-0.0029540800685370298,0.0028617317659476345,0.0030047740705809794,Away from parity,Balanced,Balanced,Pair contribution to distribution overlap coefficient gain,0.0001397888953143505,62,150,23,Background,,0.004561607864068213,0.54153435544169,307
System → knowledge,Most persistent residual,O12,"Planning, governance and public administration systems",K04,Intervention design and performance optimization,O12→K04,0.00644433703882713,0.006491164803461955,0.007680045172980522,0.008429363509265103,4.2380349000334136e-08,8.716654703833765e-06,1.4126783000111378e-08,2.905551567944588e-06,205.67680326948323,0.00644433703882713,0.007680045172980522,0.0012357081341533918,4.682776463482436e-05,0.0007493183362845806,0.0007024905716497562,0.002298605841807128,Away from parity,Balanced,Balanced,Balanced residual contribution to total Jensen–Shannon divergence,2.905551567944588e-06,62,71,20,Background,,0.0043574481683330704,0.3735939307365201,308
System → knowledge,Most persistent residual,O09,Public health and healthcare service systems,K02,Mechanism analysis and causal identification,O09→K02,0.0028999516674722086,0.00288496213487198,0.0027557483845928447,0.00327526157901356,9.71001239929005e-09,1.1201636680257686e-05,3.23667079976335e-09,3.7338788934192283e-06,1153.6171345236073,0.00288496213487198,0.0027557483845928447,-0.00012921375027913524,-1.4989532600228651e-05,0.0005195131944207153,0.0005045236618204866,0.0004160868213371005,Away from parity,Balanced,Balanced,Balanced residual contribution to total Jensen–Shannon divergence,3.7338788934192283e-06,59,71,20,Background,,0.005599688515050791,0.3735939307365201,309
Need → pressure,Largest overlap gain,N03,Critical infrastructure resilience,P06,Barriers to urban service access,N03→P06,0.0004564738735835885,0.00045077533357374685,0.00026632533953875544,0.000591385851728322,8.948360471590163e-09,3.1581546361600827e-05,2.9827868238633877e-09,1.0527182120533609e-05,3529.3109237013837,0.00045077533357374685,0.00026632533953875544,-0.0001844499940349914,-5.698540009841638e-06,0.0003250605121895666,0.00031936197217972495,0.0002364905554458722,Away from parity,Balanced,NSFC-dominant / NSFC,Pair contribution to distribution overlap coefficient gain,0.0,95,150,23,Background,,0.0,0.54153435544169,310
Need → pressure,Largest overlap gain,N04,Air quality improvement,P07,High-carbon technological and industrial path dependence,N04→P07,0.0004161967670909189,0.0004207236446688303,0.0004021313956469321,0.0003873987843036665,6.121466343749451e-09,6.873151913237427e-08,2.0404887812498168e-09,2.2910506377458088e-08,11.227950179380652,0.0004161967670909189,0.0003873987843036665,-2.8797982787252406e-05,4.526877577911413e-06,-1.473261134326561e-05,1.0205733765354197e-05,3.6171549485956305e-05,Away from parity,Balanced,Balanced,Pair contribution to distribution overlap coefficient gain,0.0,98,150,23,Background,,0.0,0.54153435544169,311
