record_id,organization,institution_region,institution_city,longitude_wgs84,latitude_wgs84,city_weight,city_id,GEOID,NAME,county_match_method
1750453,Academy of Natural Sciences Philadelphia,PA,Philadelphia city,-75.1635262,39.9527237,0.5,NSF|PA|PHILADELPHIA,42101,Philadelphia,source_coordinate_within_county
1752016,Temple University,PA,Philadelphia city,-75.1635262,39.9527237,0.5,NSF|PA|PHILADELPHIA,42101,Philadelphia,source_coordinate_within_county
1663978,University Corporation For Atmospheric Res,CO,Boulder city,-105.270545,40.0149856,0.5,NSF|CO|BOULDER,08013,Boulder,source_coordinate_within_county
1663947,University of Miami,FL,Coral Gables city,-80.2585107,25.7331105,0.5,NSF|FL|CORAL GABLES,12086,Miami-Dade,source_coordinate_within_county
1758420,University of Virginia Main Campus,VA,Charlottesville city,-78.4766781,38.029306,1.0,NSF|VA|CHARLOTTESVILLE,51540,Charlottesville,source_coordinate_within_county
1624877,Drummond Jennifer D,IL,Lincolnshire village,-87.9084039,42.1900249,1.0,NSF|IL|LINCOLNSHIRE,17097,Lake,source_coordinate_within_county
1559984,Stanford University,CA,Stanford CDP,-122.1702445,37.427467,1.0,NSF|CA|STANFORD,06085,Santa Clara,source_coordinate_within_county
1554531,University of Massachusetts Amherst,MA,Amherst Town city,-72.5198761,42.3731948,0.5,NSF|MA|AMHERST,25015,Hampshire,source_coordinate_within_county
1740449,Drexel University,PA,Philadelphia city,-75.1635262,39.9527237,0.5,NSF|PA|PHILADELPHIA,42101,Philadelphia,source_coordinate_within_county
1637222,Carnegie Mellon University,PA,Pittsburgh city,-80.0025666,40.4406968,1.0,NSF|PA|PITTSBURGH,42003,Allegheny,source_coordinate_within_county
1562536,Georgia Tech Research Corporation,GA,Atlanta city,-84.3898151,33.7544657,1.0,NSF|GA|ATLANTA,13121,Fulton,source_coordinate_within_county
1634975,University of Tennessee Knoxville,TN,Knoxville city,-83.9210261,35.9603948,1.0,NSF|TN|KNOXVILLE,47093,Knox,source_coordinate_within_county
1605202,Regents of the University of Michigan - Ann Arbor,MI,Ann Arbor city,-83.7484616,42.2813722,1.0,NSF|MI|ANN ARBOR,26161,Washtenaw,source_coordinate_within_county
1563612,Portland State University,OR,Portland city,-122.674194,45.5202471,1.0,NSF|OR|PORTLAND,41051,Multnomah,source_coordinate_within_county
1553475,University of Tennessee Knoxville,TN,Knoxville city,-83.9210261,35.9603948,1.0,NSF|TN|KNOXVILLE,47093,Knox,source_coordinate_within_county
1552444,Utah State University,UT,Logan city,-111.834914,41.7313063,1.0,NSF|UT|LOGAN,49005,Cache,source_coordinate_within_county
1631964,University of Washington,WA,Seattle city,-122.330062,47.6038321,1.0,NSF|WA|SEATTLE,53033,King,source_coordinate_within_county
1623948,Arizona State University,AZ,Scottsdale city,-111.926018,33.4942189,1.0,NSF|AZ|SCOTTSDALE,04013,Maricopa,source_coordinate_within_county
1637124,Northeastern University,MA,Boston city,-71.0578303,42.3588336,0.5,NSF|MA|BOSTON,25025,Suffolk,source_coordinate_within_county
1637136,Harvard University,MA,Cambridge city,-71.1040018,42.3656347,0.5,NSF|MA|CAMBRIDGE,25017,Middlesex,source_coordinate_within_county
1627893,Regents of the University of Michigan - Ann Arbor,MI,Ann Arbor city,-83.7484616,42.2813722,1.0,NSF|MI|ANN ARBOR,26161,Washtenaw,source_coordinate_within_county
1636520,Rutgers University Camden,NJ,Camden city,-75.1198911,39.9448402,1.0,NSF|NJ|CAMDEN,34007,Camden,source_coordinate_within_county
1637277,University of Georgia Research Foundation Inc,GA,Athens-Clarke County unified government (balance),-83.376398,33.9597677,1.0,NSF|GA|ATHENS,13059,Clarke,source_coordinate_within_county
1632145,Syracuse University,NY,Syracuse city,-76.1474244,43.0481221,1.0,NSF|NY|SYRACUSE,36067,Onondaga,source_coordinate_within_county
1627382,Indiana University,IN,Bloomington city,-86.5342881,39.1670396,1.0,NSF|IN|BLOOMINGTON,18105,Monroe,source_coordinate_within_county
1561072,University of North Carolina at Chapel Hill,NC,Chapel Hill town,-79.05578,35.9131542,1.0,NSF|NC|CHAPEL HILL,37135,Orange,source_coordinate_within_county
1628096,Regents of the University of Michigan - Ann Arbor,MI,Ann Arbor city,-83.7484616,42.2813722,1.0,NSF|MI|ANN ARBOR,26161,Washtenaw,source_coordinate_within_county
1559001,High Point University,NC,High Point city,-80.0053176,35.9556924,0.5,NSF|NC|HIGH POINT,37081,Guilford,source_coordinate_within_county
1648667,Western Washington University,WA,Bellingham city,-122.478836,48.7544012,0.5,NSF|WA|BELLINGHAM,53073,Whatcom,source_coordinate_within_county
1552410,University of North Texas,TX,Denton city,-97.1330431,33.215038,0.5,NSF|TX|DENTON,48121,Denton,source_coordinate_within_county
1560962,Texas A&M University,TX,College Station city,-96.3455991,30.6183939,1.0,NSF|TX|COLLEGE STATION,48041,Brazos,source_coordinate_within_county
1636536,University of Texas at Austin,TX,Austin city,-97.7436995,30.2711286,1.0,NSF|TX|AUSTIN,48453,Travis,source_coordinate_within_county
1560920,New York University,NY,New York city,-74.0060152,40.7127281,1.0,NSF|NY|NEW YORK,36061,New York,source_coordinate_within_county
1734036,CUNY Queens College,NY,New York city,-73.8174291,40.7654301,1.0,NSF|NY|FLUSHING,36081,Queens,source_coordinate_within_county
1557621,University of Washington,WA,Seattle city,-122.330062,47.6038321,1.0,NSF|WA|SEATTLE,53033,King,source_coordinate_within_county
1724462,University of Wisconsin-Madison,WI,Madison city,-89.3841663,43.07469,1.0,NSF|WI|MADISON,55025,Dane,source_coordinate_within_county
1556311,Rensselaer Polytechnic Institute,NY,Troy city,-73.6917878,42.7284117,1.0,NSF|NY|TROY,36083,Rensselaer,source_coordinate_within_county
1732129,Northwestern University,IL,Evanston city,-87.6846053,42.0470043,1.0,NSF|IL|EVANSTON,17031,Cook,source_coordinate_within_county
1728635,Stanford University,CA,Stanford CDP,-122.1702445,37.427467,1.0,NSF|CA|STANFORD,06085,Santa Clara,source_coordinate_within_county
1725966,CUNY Graduate School University Center,NY,New York city,-74.0060152,40.7127281,1.0,NSF|NY|NEW YORK,36061,New York,source_coordinate_within_county
1749062,Santa Clara University,CA,Santa Clara city,-121.955174,37.3541132,0.5,NSF|CA|SANTA CLARA,06085,Santa Clara,source_coordinate_within_county
1729875,University of California-Irvine,CA,Irvine city,-117.825981,33.6856969,1.0,NSF|CA|IRVINE,06059,Orange,source_coordinate_within_county
1660323,University of Vermont & State Agricultural College,VT,Burlington city,-73.212906,44.4761601,1.0,NSF|VT|BURLINGTON,50007,Chittenden,source_coordinate_within_county
1729241,Yale University,CT,New Haven city,-72.9250518,41.3082138,1.0,NSF|CT|NEW HAVEN,09170,South Central Connecticut,source_coordinate_within_county
1657164,Temple University,PA,Philadelphia city,-75.1635262,39.9527237,1.0,NSF|PA|PHILADELPHIA,42101,Philadelphia,source_coordinate_within_county
1660412,University of Illinois at Urbana-Champaign,IL,Urbana city,-88.207301,40.1117174,1.0,NSF|IL|URBANA,17019,Champaign,source_coordinate_within_county
1657773,Arizona State University,AZ,Scottsdale city,-111.926018,33.4942189,1.0,NSF|AZ|SCOTTSDALE,04013,Maricopa,source_coordinate_within_county
1657742,University of North Carolina at Chapel Hill,NC,Chapel Hill town,-79.05578,35.9131542,1.0,NSF|NC|CHAPEL HILL,37135,Orange,source_coordinate_within_county
1656997,University of Wisconsin-Madison,WI,Madison city,-89.3841663,43.07469,1.0,NSF|WI|MADISON,55025,Dane,source_coordinate_within_county
1632572,Drevno Ann G,CA,Santa Cruz city,-122.0294673,36.9743626,0.5,NSF|CA|SANTA CRUZ,06087,Santa Cruz,source_coordinate_within_county
1658486,Duke University,NC,Durham city,-78.9018053,35.996653,1.0,NSF|NC|DURHAM,37063,Durham,source_coordinate_within_county
1658827,Columbia University,NY,New York city,-74.0060152,40.7127281,1.0,NSF|NY|NEW YORK,36061,New York,source_coordinate_within_county
1657670,University of California-Berkeley,CA,Berkeley city,-122.272863,37.8708393,1.0,NSF|CA|BERKELEY,06001,Alameda,source_coordinate_within_county
1656950,University of Kentucky Research Foundation,KY,Lexington-Fayette urban county,-84.4970393,38.0464066,1.0,NSF|KY|LEXINGTON,21067,Fayette,source_coordinate_within_county
1560494,Molina Center for Strategic Studies in Energy & the Environment,CA,San Diego city,-117.2740777,32.8401623,1.0,NSF|CA|LA JOLLA,06073,San Diego,source_coordinate_within_county
1531636,Trinity College,DC,Washington city,-77.0363849,38.8950982,1.0,NSF|DC|WASHINGTON,11001,District of Columbia,source_coordinate_within_county
1600109,University of California - Merced,CA,Merced city,-120.4843269,37.3029568,0.5,NSF|CA|MERCED,06047,Merced,source_coordinate_within_county
1603833,Woods Hole Oceanographic Institution,MA,Woods Hole CDP,-70.6694015,41.5238752,0.5,NSF|MA|WOODS HOLE,25001,Barnstable,source_coordinate_within_county
1603538,Temple University,PA,Philadelphia city,-75.1635262,39.9527237,0.5,NSF|PA|PHILADELPHIA,42101,Philadelphia,source_coordinate_within_county
1620694,Air & Waste Management Association,PA,Pittsburgh city,-80.0025666,40.4406968,1.0,NSF|PA|PITTSBURGH,42003,Allegheny,source_coordinate_within_county
1645786,Rutgers University New Brunswick,NJ,New Brunswick city,-74.4436416,40.4936119,1.0,NSF|NJ|NEW BRUNSWICK,34023,Middlesex,source_coordinate_within_county
1665456,Kansas State University,KS,Manhattan city,-96.5716694,39.1836082,1.0,NSF|KS|MANHATTAN,20161,Riley,source_coordinate_within_county
1636744,Saint Lawrence University,NY,Canton village,-75.1690942,44.5956163,0.5,NSF|NY|CANTON,36089,St. Lawrence,source_coordinate_within_county
1636740,University of Cincinnati Main Campus,OH,Cincinnati city,-84.5127405,39.1012809,0.5,NSF|OH|CINCINNATI,39061,Hamilton,source_coordinate_within_county
1642311,Pennsylvania State Univ University Park,PA,College township,-77.8710571,40.8128971,1.0,NSF|PA|UNIVERSITY PARK,42027,Centre,source_coordinate_within_county
1615560,Research Foundation CUNY - Advanced Science Research Center,NY,New York city,-74.0060152,40.7127281,1.0,NSF|NY|NEW YORK,36061,New York,source_coordinate_within_county
1552195,Massachusetts Institute of Technology,MA,Cambridge city,-71.1040018,42.3656347,1.0,NSF|MA|CAMBRIDGE,25017,Middlesex,source_coordinate_within_county
1555003,Harvey Mudd College,CA,Claremont city,-117.7197785,34.0966764,1.0,NSF|CA|CLAREMONT,06037,Los Angeles,source_coordinate_within_county
1552077,University of Houston,TX,Houston city,-95.3676974,29.7589382,0.5,NSF|TX|HOUSTON,48201,Harris,source_coordinate_within_county
1530582,Rutgers University Newark,NJ,Newark city,-74.1723667,40.735657,1.0,NSF|NJ|NEWARK,34013,Essex,source_coordinate_within_county
1552086,William Marsh Rice University,TX,Houston city,-95.3676974,29.7589382,0.5,NSF|TX|HOUSTON,48201,Harris,source_coordinate_within_county
1551311,University of Minnesota Duluth,MN,Duluth city,-92.1052679,46.7838287,0.5,NSF|MN|DULUTH,27137,St. Louis,source_coordinate_within_county
1551429,University of Minnesota-Twin Cities,MN,Minneapolis city,-93.2654692,44.9772995,0.5,NSF|MN|MINNEAPOLIS,27053,Hennepin,source_coordinate_within_county
1762212,New York Institute of Technology,NY,New York city,-74.0060152,40.7127281,1.0,NSF|NY|NEW YORK,36061,New York,source_coordinate_within_county
1662553,Regents of the University of Michigan - Ann Arbor,MI,Ann Arbor city,-83.7484616,42.2813722,0.25,NSF|MI|ANN ARBOR,26161,Washtenaw,source_coordinate_within_county
1662691,Iowa State University,IA,Ames city,-93.6170448,42.0267567,0.25,NSF|IA|AMES,19169,Story,source_coordinate_within_county
1663044,University of Texas at Austin,TX,Austin city,-97.7436995,30.2711286,0.25,NSF|TX|AUSTIN,48453,Travis,source_coordinate_within_county
1703548,Clemson University,SC,Clemson city,-82.8364111,34.6850749,1.0,NSF|SC|CLEMSON,45077,Pickens,source_coordinate_within_county
1663411,University of Illinois at Chicago,IL,Chicago city,-87.6244212,41.8755616,1.0,NSF|IL|CHICAGO,17031,Cook,source_coordinate_within_county
1653726,University of Maryland Baltimore County,MD,Baltimore city,-76.610759,39.2908816,1.0,NSF|MD|BALTIMORE,24510,Baltimore,source_coordinate_within_county
1742069,Massachusetts Institute of Technology,MA,Cambridge city,-71.1040018,42.3656347,1.0,NSF|MA|CAMBRIDGE,25017,Middlesex,source_coordinate_within_county
1653772,New York University,NY,New York city,-74.0060152,40.7127281,1.0,NSF|NY|NEW YORK,36061,New York,source_coordinate_within_county
1652735,New York University,NY,New York city,-74.0060152,40.7127281,1.0,NSF|NY|NEW YORK,36061,New York,source_coordinate_within_county
1654063,Massachusetts Institute of Technology,MA,Cambridge city,-71.1040018,42.3656347,1.0,NSF|MA|CAMBRIDGE,25017,Middlesex,source_coordinate_within_county
1631133,University of Minnesota-Twin Cities,MN,Minneapolis city,-93.2654692,44.9772995,1.0,NSF|MN|MINNEAPOLIS,27053,Hennepin,source_coordinate_within_county
1632193,University of Massachusetts Amherst,MA,Amherst Town city,-72.5198761,42.3731948,1.0,NSF|MA|AMHERST,25015,Hampshire,source_coordinate_within_county
1648700,New Mexico State University,NM,Las Cruces city,-106.779807,32.3140354,1.0,NSF|NM|LAS CRUCES,35013,Doña Ana,source_coordinate_within_county
1648771,CUNY Brooklyn College,NY,New York city,-73.9497211,40.6526006,1.0,NSF|NY|BROOKLYN,36047,Kings,source_coordinate_within_county
1622211,"UbiQD, Inc.",NM,Los Alamos CDP,-106.298959,35.88137,1.0,NSF|NM|LOS ALAMOS,35028,Los Alamos,source_coordinate_within_county
1621647,Applied Environmental Technology,FL,Thonotosassa CDP,-82.2946444,28.058051,1.0,NSF|FL|THONOTOSASSA,12057,Hillsborough,source_coordinate_within_county
1640226,New Mexico State University,NM,Las Cruces city,-106.779807,32.3140354,1.0,NSF|NM|LAS CRUCES,35013,Doña Ana,source_coordinate_within_county
1639727,"University of Maryland, College Park",MD,College Park city,-76.9369189,38.980666,1.0,NSF|MD|COLLEGE PARK,24033,Prince George's,source_coordinate_within_county
1548642,"Urbanomix, Inc",DC,Washington city,-77.0363849,38.8950982,1.0,NSF|DC|WASHINGTON,11001,District of Columbia,source_coordinate_within_county
1628612,"University of Maryland, College Park",MD,College Park city,-76.9369189,38.980666,1.0,NSF|MD|COLLEGE PARK,24033,Prince George's,source_coordinate_within_county
1548367,ACP Semiconductor Inc.,CA,St. Helena city,-122.470042,38.5052288,1.0,NSF|CA|SAINT HELENA,06055,Napa,source_coordinate_within_county
1646408,University of Utah,UT,Salt Lake City city,-111.886797,40.7596198,1.0,NSF|UT|SALT LAKE CITY,49035,Salt Lake,source_coordinate_within_county
1636916,University of California-Los Angeles,CA,Los Angeles city,-118.242766,34.0536909,0.333333333333,NSF|CA|LOS ANGELES,06037,Los Angeles,source_coordinate_within_county
1636936,Arizona State University,AZ,Scottsdale city,-111.926018,33.4942189,0.333333333333,NSF|AZ|SCOTTSDALE,04013,Maricopa,source_coordinate_within_county
1636879,University of California-San Diego,CA,San Diego city,-117.2740777,32.8401623,0.333333333333,NSF|CA|LA JOLLA,06073,San Diego,source_coordinate_within_county
1544753,New York University,NY,New York city,-74.0060152,40.7127281,1.0,NSF|NY|NEW YORK,36061,New York,source_coordinate_within_county
1637290,Wichita State University,KS,Wichita city,-97.3375448,37.6922361,1.0,NSF|KS|WICHITA,20173,Sedgwick,source_coordinate_within_county
1636915,"University of Maryland, College Park",MD,College Park city,-76.9369189,38.980666,1.0,NSF|MD|COLLEGE PARK,24033,Prince George's,source_coordinate_within_county
1836428,Case Western Reserve University,OH,Cleveland city,-81.6936772,41.4996574,1.0,NSF|OH|CLEVELAND,39035,Cuyahoga,source_coordinate_within_county
1566386,University of Iowa,IA,Iowa City city,-91.5299106,41.6612561,1.0,NSF|IA|IOWA CITY,19103,Johnson,source_coordinate_within_county
1848683,Northwestern University,IL,Evanston city,-87.6846053,42.0470043,1.0,NSF|IL|EVANSTON,17031,Cook,source_coordinate_within_county
1826134,New York University,NY,New York city,-74.0060152,40.7127281,1.0,NSF|NY|NEW YORK,36061,New York,source_coordinate_within_county
1825367,Arizona State University,AZ,Scottsdale city,-111.926018,33.4942189,0.5,NSF|AZ|SCOTTSDALE,04013,Maricopa,source_coordinate_within_county
1840607,University of Houston,TX,Houston city,-95.3676974,29.7589382,1.0,NSF|TX|HOUSTON,48201,Harris,source_coordinate_within_county
1805047,"OHIO STATE UNIVERSITY, THE",OH,Columbus city,-83.0007065,39.9622601,1.0,NSF|OH|COLUMBUS,39049,Franklin,source_coordinate_within_county
1825123,Texas A&M University,TX,College Station city,-96.3455991,30.6183939,0.5,NSF|TX|COLLEGE STATION,48041,Brazos,source_coordinate_within_county
1840392,Georgia Tech Research Corporation,GA,Atlanta city,-84.3898151,33.7544657,1.0,NSF|GA|ATLANTA,13121,Fulton,source_coordinate_within_county
1760971,University of California-Berkeley,CA,Berkeley city,-122.272863,37.8708393,1.0,NSF|CA|BERKELEY,06001,Alameda,source_coordinate_within_county
1841584,Northwestern University,IL,Evanston city,-87.6846053,42.0470043,0.333333333333,NSF|IL|EVANSTON,17031,Cook,source_coordinate_within_county
1841576,University of Florida,FL,Gainesville city,-82.3249846,29.6519684,0.333333333333,NSF|FL|GAINESVILLE,12001,Alachua,source_coordinate_within_county
1841582,University of Texas at Austin,TX,Austin city,-97.7436995,30.2711286,0.333333333333,NSF|TX|AUSTIN,48453,Travis,source_coordinate_within_county
1749610,Stanford University,CA,Stanford CDP,-122.1702445,37.427467,1.0,NSF|CA|STANFORD,06085,Santa Clara,source_coordinate_within_county
1805085,Regents of the University of Michigan - Ann Arbor,MI,Ann Arbor city,-83.7484616,42.2813722,1.0,NSF|MI|ANN ARBOR,26161,Washtenaw,source_coordinate_within_county
1749200,Pennsylvania State Univ University Park,PA,College township,-77.8710571,40.8128971,1.0,NSF|PA|UNIVERSITY PARK,42027,Centre,source_coordinate_within_county
1752522,University of Southern California,CA,Los Angeles city,-118.242766,34.0536909,1.0,NSF|CA|LOS ANGELES,06037,Los Angeles,source_coordinate_within_county
1612843,University of California-Berkeley,CA,Berkeley city,-122.272863,37.8708393,1.0,NSF|CA|BERKELEY,06001,Alameda,source_coordinate_within_county
1642315,Stanford University,CA,Stanford CDP,-122.1702445,37.427467,1.0,NSF|CA|STANFORD,06085,Santa Clara,source_coordinate_within_county
1606036,Missouri University of Science and Technology,MO,Rolla city,-91.7708076,37.9509324,1.0,NSF|MO|ROLLA,29161,Phelps,source_coordinate_within_county
1603707,University of Washington,WA,Seattle city,-122.330062,47.6038321,1.0,NSF|WA|SEATTLE,53033,King,source_coordinate_within_county
1634204,University of Washington,WA,Seattle city,-122.330062,47.6038321,0.166666666667,NSF|WA|SEATTLE,53033,King,source_coordinate_within_county
1644300,Stanford University,CA,Stanford CDP,-122.1702445,37.427467,1.0,NSF|CA|STANFORD,06085,Santa Clara,source_coordinate_within_county
1635156,Washington State University,WA,Pullman city,-117.1799363,46.7295818,0.166666666667,NSF|WA|PULLMAN,53075,Whitman,source_coordinate_within_county
1719548,University of Washington,WA,Seattle city,-122.330062,47.6038321,1.0,NSF|WA|SEATTLE,53033,King,source_coordinate_within_county
1562109,Portland State University,OR,Portland city,-122.674194,45.5202471,0.5,NSF|OR|PORTLAND,41051,Multnomah,source_coordinate_within_county
1636164,Colorado School of Mines,CO,Golden city,-105.22058,39.7546349,0.166666666667,NSF|CO|GOLDEN,08059,Jefferson,source_coordinate_within_county
1634641,San Diego State University Foundation,CA,San Diego city,-117.162772,32.7174202,1.0,NSF|CA|SAN DIEGO,06073,San Diego,source_coordinate_within_county
1635227,Lehigh University,PA,Bethlehem city,-75.3786521,40.6178915,0.166666666667,NSF|PA|BETHLEHEM,42095,Northampton,source_coordinate_within_county
1649510,University of Tennessee Institute of Agriculture,TN,Knoxville city,-83.9210261,35.9603948,1.0,NSF|TN|KNOXVILLE,47093,Knox,source_coordinate_within_county
1553565,Clemson University,SC,Clemson city,-82.8364111,34.6850749,1.0,NSF|SC|CLEMSON,45077,Pickens,source_coordinate_within_county
1635363,"Board of Regents, NSHE, obo University of Nevada, Reno",NV,Reno city,-119.812658,39.5261788,0.166666666667,NSF|NV|RENO,32031,Washoe,source_coordinate_within_county
1635137,Stanford University,CA,Stanford CDP,-122.1702445,37.427467,1.0,NSF|CA|STANFORD,06085,Santa Clara,source_coordinate_within_county
1636377,University of Southern California,CA,Los Angeles city,-118.242766,34.0536909,1.0,NSF|CA|LOS ANGELES,06037,Los Angeles,source_coordinate_within_county
1645193,Texas A&M Engineering Experiment Station,TX,College Station city,-96.3455991,30.6183939,1.0,NSF|TX|COLLEGE STATION,48041,Brazos,source_coordinate_within_county
1634973,New York University,NY,New York city,-74.0060152,40.7127281,1.0,NSF|NY|NEW YORK,36061,New York,source_coordinate_within_county
1634628,Colorado State University,CO,Fort Collins city,-105.0770113,40.5871782,0.166666666667,NSF|CO|FORT COLLINS,08069,Larimer,source_coordinate_within_county
1551731,University of Illinois at Chicago,IL,Chicago city,-87.6244212,41.8755616,1.0,NSF|IL|CHICAGO,17031,Cook,source_coordinate_within_county
1562291,University of Texas at Austin,TX,Austin city,-97.7436995,30.2711286,0.5,NSF|TX|AUSTIN,48453,Travis,source_coordinate_within_county
1642252,University of Arizona,AZ,Tucson city,-110.974847,32.2228765,1.0,NSF|AZ|TUCSON,04019,Pima,source_coordinate_within_county
1664881,Nova Southeastern University,FL,Fort Lauderdale city,-80.1433786,26.1223084,0.5,NSF|FL|FT LAUDERDALE,12011,Broward,source_coordinate_within_county
1707947,The University of Central Florida Board of Trustees,FL,Orlando city,-81.379045,28.5421218,1.0,NSF|FL|ORLANDO,12095,Orange,source_coordinate_within_county
1645287,Delaware State University,DE,Dover city,-75.5243682,39.158168,1.0,NSF|DE|DOVER,10001,Kent,source_coordinate_within_county
1643025,University of Illinois at Urbana-Champaign,IL,Urbana city,-88.207301,40.1117174,1.0,NSF|IL|URBANA,17019,Champaign,source_coordinate_within_county
1562420,University of Florida,FL,Gainesville city,-82.3249846,29.6519684,0.5,NSF|FL|GAINESVILLE,12001,Alachua,source_coordinate_within_county
1629195,University of California-Riverside,CA,Riverside city,-117.374238,33.9824949,1.0,NSF|CA|RIVERSIDE,06065,Riverside,source_coordinate_within_county
1638234,Northeastern University,MA,Boston city,-71.0578303,42.3588336,1.0,NSF|MA|BOSTON,25025,Suffolk,source_coordinate_within_county
1554559,Illinois Institute of Technology,IL,Chicago city,-87.6244212,41.8755616,0.5,NSF|IL|CHICAGO,17031,Cook,source_coordinate_within_county
1647361,Clemson University,SC,Clemson city,-82.8364111,34.6850749,1.0,NSF|SC|CLEMSON,45077,Pickens,source_coordinate_within_county
1635490,Arizona State University,AZ,Scottsdale city,-111.926018,33.4942189,1.0,NSF|AZ|SCOTTSDALE,04013,Maricopa,source_coordinate_within_county
1643175,Arizona State University,AZ,Scottsdale city,-111.926018,33.4942189,1.0,NSF|AZ|SCOTTSDALE,04013,Maricopa,source_coordinate_within_county
1605407,Cornell University,NY,Ithaca city,-76.4968019,42.4396039,1.0,NSF|NY|ITHACA,36109,Tompkins,source_coordinate_within_county
1605843,Portland State University,OR,Portland city,-122.674194,45.5202471,1.0,NSF|OR|PORTLAND,41051,Multnomah,source_coordinate_within_county
1604374,University of Wisconsin-Madison,WI,Madison city,-89.3841663,43.07469,1.0,NSF|WI|MADISON,55025,Dane,source_coordinate_within_county
1664275,New York University,NY,New York city,-74.0060152,40.7127281,1.0,NSF|NY|NEW YORK,36061,New York,source_coordinate_within_county
1632540,University of California-Davis,CA,Davis city,-121.739005,38.5435526,1.0,NSF|CA|DAVIS,06113,Yolo,source_coordinate_within_county
1563577,CSU Fullerton Auxiliary Services Corporation,CA,Fullerton city,-117.929416,33.8708215,0.5,NSF|CA|FULLERTON,06059,Orange,source_coordinate_within_county
1563428,California State University-Long Beach Foundation,CA,Long Beach city,-118.191604,33.7690164,0.5,NSF|CA|LONG BEACH,06037,Los Angeles,source_coordinate_within_county
1552571,Pennsylvania State Univ University Park,PA,College township,-77.8710571,40.8128971,0.5,NSF|PA|UNIVERSITY PARK,42027,Centre,source_coordinate_within_county
1624417,University of Washington,WA,Seattle city,-122.330062,47.6038321,0.5,NSF|WA|SEATTLE,53033,King,source_coordinate_within_county
1624409,University of Texas at Austin,TX,Austin city,-97.7436995,30.2711286,0.5,NSF|TX|AUSTIN,48453,Travis,source_coordinate_within_county
1510461,Rutgers University New Brunswick,NJ,New Brunswick city,-74.4436416,40.4936119,1.0,NSF|NJ|NEW BRUNSWICK,34023,Middlesex,source_coordinate_within_county
1550129,University of Virginia Main Campus,VA,Charlottesville city,-78.4766781,38.029306,1.0,NSF|VA|CHARLOTTESVILLE,51540,Charlottesville,source_coordinate_within_county
1624153,University of Oklahoma Norman Campus,OK,Norman city,-97.4394816,35.2225717,1.0,NSF|OK|NORMAN,40027,Cleveland,source_coordinate_within_county
1827757,University of Alabama Tuscaloosa,AL,Tuscaloosa city,-87.5675258,33.2095614,0.5,NSF|AL|TUSCALOOSA,01125,Tuscaloosa,source_coordinate_within_county
1827505,CUNY City College,NY,New York city,-74.0060152,40.7127281,1.0,NSF|NY|NEW YORK,36061,New York,source_coordinate_within_county
1827665,Colorado School of Mines,CO,Golden city,-105.22058,39.7546349,1.0,NSF|CO|GOLDEN,08059,Jefferson,source_coordinate_within_county
1819302,Realtime Robotics Inc,MA,Boston city,-71.0578303,42.3588336,1.0,NSF|MA|BOSTON,25025,Suffolk,source_coordinate_within_county
1819345,"Transaera, Inc.",MA,Somerville city,-71.0994968,42.3875968,1.0,NSF|MA|SOMERVILLE,25017,Middlesex,source_coordinate_within_county
1818982,"Aware Vehicles, Inc",MO,Kansas City city,-94.5781416,39.100105,1.0,NSF|MO|KANSAS CITY,29095,Jackson,source_coordinate_within_county
1758547,LUNEWAVE INC.,AZ,Tucson city,-110.974847,32.2228765,1.0,NSF|AZ|TUCSON,04019,Pima,source_coordinate_within_county
1830750,Georgia Tech Research Corporation,GA,Atlanta city,-84.3898151,33.7544657,1.0,NSF|GA|ATLANTA,13121,Fulton,source_coordinate_within_county
1758697,"UbiQD, Inc.",NM,Los Alamos CDP,-106.298959,35.88137,1.0,NSF|NM|LOS ALAMOS,35028,Los Alamos,source_coordinate_within_county
1758531,Hive Battery Inc,WA,Seattle city,-122.330062,47.6038321,1.0,NSF|WA|SEATTLE,53033,King,source_coordinate_within_county
1820773,Massachusetts Institute of Technology,MA,Cambridge city,-71.1040018,42.3656347,1.0,NSF|MA|CAMBRIDGE,25017,Middlesex,source_coordinate_within_county
1745796,"2B Technologies, Inc",CO,Boulder city,-105.270545,40.0149856,1.0,NSF|CO|BOULDER,08013,Boulder,source_coordinate_within_county
1747293,FLUIDION US Inc.,CA,Los Angeles city,-118.242766,34.0536909,1.0,NSF|CA|LOS ANGELES,06037,Los Angeles,source_coordinate_within_county
1747116,Mirada Technologies Inc.,CA,South San Francisco city,-122.4168664,37.6535403,1.0,NSF|CA|SOUTH SAN FRANCISCO,06081,San Mateo,source_coordinate_within_county
1832233,City of Tempe,AZ,Tempe city,-111.940016,33.4255117,0.25,NSF|AZ|TEMPE,04013,Maricopa,source_coordinate_within_county
1832195,City of Phoenix,AZ,Phoenix city,-112.074141,33.4484367,0.25,NSF|AZ|PHOENIX,04013,Maricopa,source_coordinate_within_county
1832203,Local First Arizona Foundation,AZ,Phoenix city,-112.074141,33.4484367,0.25,NSF|AZ|PHOENIX,04013,Maricopa,source_coordinate_within_county
1824807,"University of Maryland, College Park",MD,College Park city,-76.9369189,38.980666,1.0,NSF|MD|COLLEGE PARK,24033,Prince George's,source_coordinate_within_county
1848717,University of Colorado at Boulder,CO,Boulder city,-105.270545,40.0149856,1.0,NSF|CO|BOULDER,08013,Boulder,source_coordinate_within_county
1832196,Arizona State University,AZ,Scottsdale city,-111.926018,33.4942189,0.25,NSF|AZ|SCOTTSDALE,04013,Maricopa,source_coordinate_within_county
1832065,Morgan State University,MD,Baltimore city,-76.610759,39.2908816,1.0,NSF|MD|BALTIMORE,24510,Baltimore,source_coordinate_within_county
1829627,Regents of the University of Michigan - Ann Arbor,MI,Ann Arbor city,-83.7484616,42.2813722,0.5,NSF|MI|ANN ARBOR,26161,Washtenaw,source_coordinate_within_county
1829639,Research Foundation of the City University of New York,NY,New York city,-74.0060152,40.7127281,0.5,NSF|NY|NEW YORK,36061,New York,source_coordinate_within_county
1751377,Washington State University,WA,Pullman city,-117.1799363,46.7295818,1.0,NSF|WA|PULLMAN,53075,Whitman,source_coordinate_within_county
1832214,Regents of the University of Michigan - Ann Arbor,MI,Ann Arbor city,-83.7484616,42.2813722,1.0,NSF|MI|ANN ARBOR,26161,Washtenaw,source_coordinate_within_county
1830104,University of California-Santa Cruz,CA,Santa Cruz city,-122.0294673,36.9743626,1.0,NSF|CA|SANTA CRUZ,06087,Santa Cruz,source_coordinate_within_county
1829999,Stanford University,CA,Stanford CDP,-122.1702445,37.427467,1.0,NSF|CA|STANFORD,06085,Santa Clara,source_coordinate_within_county
1830718,New York Institute of Technology,NY,New York city,-74.0060152,40.7127281,0.5,NSF|NY|NEW YORK,36061,New York,source_coordinate_within_county
1833225,University of Illinois at Urbana-Champaign,IL,Urbana city,-88.207301,40.1117174,1.0,NSF|IL|URBANA,17019,Champaign,source_coordinate_within_county
1818552,University of Alaska Fairbanks Campus,AK,Fairbanks city,-147.716675,64.837845,1.0,NSF|AK|FAIRBANKS,02090,Fairbanks North Star,source_coordinate_within_county
1830105,CUNY City College,NY,New York city,-74.0060152,40.7127281,0.5,NSF|NY|NEW YORK,36061,New York,source_coordinate_within_county
1810641,University of California-Berkeley,CA,Berkeley city,-122.272863,37.8708393,1.0,NSF|CA|BERKELEY,06001,Alameda,source_coordinate_within_county
1718420,Iowa State University,IA,Ames city,-93.6170448,42.0267567,1.0,NSF|IA|AMES,19169,Story,source_coordinate_within_county
1700967,University of Massachusetts Amherst,MA,Amherst Town city,-72.5198761,42.3731948,1.0,NSF|MA|AMHERST,25015,Hampshire,source_coordinate_within_county
1721940,Aerosol Devices Inc.,CO,Fort Collins city,-105.0770113,40.5871782,1.0,NSF|CO|FORT COLLINS,08069,Larimer,source_coordinate_within_county
1721679,DuKorp Corp,NY,New York city,-73.9497211,40.6526006,1.0,NSF|NY|BROOKLYN,36047,Kings,source_coordinate_within_county
1648144,"AEye Labs, Inc.",CA,Pasadena city,-118.144155,34.1476507,1.0,NSF|CA|PASADENA,06037,Los Angeles,source_coordinate_within_county
1648402,"ISCA TECHNOLOGIES, INC.",CA,Riverside city,-117.374238,33.9824949,1.0,NSF|CA|RIVERSIDE,06065,Riverside,source_coordinate_within_county
1648969,LUNEWAVE INC.,AZ,Tucson city,-110.974847,32.2228765,1.0,NSF|AZ|TUCSON,04019,Pima,source_coordinate_within_county
1760645,Georgia Tech Research Corporation,GA,Atlanta city,-84.3898151,33.7544657,1.0,NSF|GA|ATLANTA,13121,Fulton,source_coordinate_within_county
1760715,University of Texas at Arlington,TX,Arlington city,-97.1071186,32.7355816,0.5,NSF|TX|ARLINGTON,48439,Tarrant,source_coordinate_within_county
1737496,University of Notre Dame,IN,Notre Dame CDP,-86.2373691,41.6992003,1.0,NSF|IN|NOTRE DAME,18141,St. Joseph,source_coordinate_within_county
1737592,Prairie View A & M University,TX,Prairie View city,-95.9907058,30.0857916,1.0,NSF|TX|PRAIRIE VIEW,48473,Waller,source_coordinate_within_county
1736596,University of Washington,WA,Seattle city,-122.330062,47.6038321,1.0,NSF|WA|SEATTLE,53033,King,source_coordinate_within_county
1664198,Colorado State University,CO,Fort Collins city,-105.0770113,40.5871782,1.0,NSF|CO|FORT COLLINS,08069,Larimer,source_coordinate_within_county
1760718,Louisiana State University,LA,Baton Rouge city,-91.1869659,30.4494155,0.5,NSF|LA|BATON ROUGE,22033,East Baton Rouge,source_coordinate_within_county
1737453,University of Arizona,AZ,Tucson city,-110.974847,32.2228765,1.0,NSF|AZ|TUCSON,04019,Pima,source_coordinate_within_county
1724248,University of Texas at Arlington,TX,Arlington city,-97.1071186,32.7355816,1.0,NSF|TX|ARLINGTON,48439,Tarrant,source_coordinate_within_county
1737380,California State University-Fresno Foundation,CA,Fresno city,-119.78483,36.7394421,1.0,NSF|CA|FRESNO,06019,Fresno,source_coordinate_within_county
1737626,Arizona State University,AZ,Scottsdale city,-111.926018,33.4942189,1.0,NSF|AZ|SCOTTSDALE,04013,Maricopa,source_coordinate_within_county
1739413,University of Pittsburgh,PA,Pittsburgh city,-80.0025666,40.4406968,1.0,NSF|PA|PITTSBURGH,42003,Allegheny,source_coordinate_within_county
1737483,SUNY at Stony Brook,NY,Stony Brook CDP,-73.140943,40.9256538,1.0,NSF|NY|STONY BROOK,36103,Suffolk,source_coordinate_within_county
1724282,Cornell University,NY,Ithaca city,-76.4968019,42.4396039,1.0,NSF|NY|ITHACA,36109,Tompkins,source_coordinate_within_county
1737598,University of South Florida,FL,Tampa city,-82.4583107,27.9449854,1.0,NSF|FL|TAMPA,12057,Hillsborough,source_coordinate_within_county
1737617,Arizona State University,AZ,Scottsdale city,-111.926018,33.4942189,1.0,NSF|AZ|SCOTTSDALE,04013,Maricopa,source_coordinate_within_county
1724341,University of California-Riverside,CA,Riverside city,-117.374238,33.9824949,1.0,NSF|CA|RIVERSIDE,06065,Riverside,source_coordinate_within_county
1651532,New Mexico State University,NM,Las Cruces city,-106.779807,32.3140354,1.0,NSF|NM|LAS CRUCES,35013,Doña Ana,source_coordinate_within_county
1737533,CUNY City College,NY,New York city,-74.0060152,40.7127281,1.0,NSF|NY|NEW YORK,36061,New York,source_coordinate_within_county
1737432,Regents of the University of Michigan - Ann Arbor,MI,Ann Arbor city,-83.7484616,42.2813722,1.0,NSF|MI|ANN ARBOR,26161,Washtenaw,source_coordinate_within_county
1737633,University of Minnesota-Twin Cities,MN,Minneapolis city,-93.2654692,44.9772995,1.0,NSF|MN|MINNEAPOLIS,27053,Hennepin,source_coordinate_within_county
1737433,Wichita State University,KS,Wichita city,-97.3375448,37.6922361,1.0,NSF|KS|WICHITA,20173,Sedgwick,source_coordinate_within_county
1737586,University of North Carolina at Charlotte,NC,Charlotte city,-80.8430827,35.2272086,1.0,NSF|NC|CHARLOTTE,37119,Mecklenburg,source_coordinate_within_county
1736582,University of Washington,WA,Seattle city,-122.330062,47.6038321,1.0,NSF|WA|SEATTLE,53033,King,source_coordinate_within_county
1652525,Pennsylvania State Univ University Park,PA,College township,-77.8710571,40.8128971,1.0,NSF|PA|UNIVERSITY PARK,42027,Centre,source_coordinate_within_county
1823279,Iowa State University,IA,Ames city,-93.6170448,42.0267567,1.0,NSF|IA|AMES,19169,Story,source_coordinate_within_county
1657350,Worcester Polytechnic Institute,MA,Worcester city,-71.8018877,42.2625621,1.0,NSF|MA|WORCESTER,25027,Worcester,source_coordinate_within_county
1545116,University of California-Berkeley,CA,Berkeley city,-122.272863,37.8708393,1.0,NSF|CA|BERKELEY,06001,Alameda,source_coordinate_within_county
1704914,Barnard College,NY,New York city,-74.0060152,40.7127281,0.333333333333,NSF|NY|NEW YORK,36061,New York,source_coordinate_within_county
1704469,University of North Carolina at Chapel Hill,NC,Chapel Hill town,-79.05578,35.9131542,0.333333333333,NSF|NC|CHAPEL HILL,37135,Orange,source_coordinate_within_county
1704899,Columbia University,NY,New York city,-74.0060152,40.7127281,0.333333333333,NSF|NY|NEW YORK,36061,New York,source_coordinate_within_county
1645681,Trustees of Boston University,MA,Boston city,-71.0578303,42.3588336,1.0,NSF|MA|BOSTON,25025,Suffolk,source_coordinate_within_county
1712678,University of the District of Columbia,DC,Washington city,-77.0363849,38.8950982,1.0,NSF|DC|WASHINGTON,11001,District of Columbia,source_coordinate_within_county
1657315,Cornell University,NY,Ithaca city,-76.4968019,42.4396039,1.0,NSF|NY|ITHACA,36109,Tompkins,source_coordinate_within_county
1665169,Cornell University,NY,Ithaca city,-76.4968019,42.4396039,1.0,NSF|NY|ITHACA,36109,Tompkins,source_coordinate_within_county
1647209,University of Connecticut,CT,Storrs CDP,-72.2495231,41.8084314,0.5,NSF|CT|STORRS,09110,Capitol,source_coordinate_within_county
1647175,University of Tennessee Chattanooga,TN,Chattanooga city,-85.3094883,35.0457219,1.0,NSF|TN|CHATTANOOGA,47065,Hamilton,source_coordinate_within_county
1638336,University of Miami,FL,Coral Gables city,-80.2585107,25.7331105,0.5,NSF|FL|CORAL GABLES,12086,Miami-Dade,source_coordinate_within_county
1647161,University of Tennessee Chattanooga,TN,Chattanooga city,-85.3094883,35.0457219,0.5,NSF|TN|CHATTANOOGA,47065,Hamilton,source_coordinate_within_county
1647095,University of Vermont & State Agricultural College,VT,Burlington city,-73.212906,44.4761601,1.0,NSF|VT|BURLINGTON,50007,Chittenden,source_coordinate_within_county
1647167,Georgia Tech Applied Research Corporation,GA,Atlanta city,-84.3898151,33.7544657,0.5,NSF|GA|ATLANTA,13121,Fulton,source_coordinate_within_county
1927563,University of Alaska Anchorage Campus,AK,Anchorage municipality,-149.894852,61.2163129,0.333333333333,NSF|AK|ANCHORAGE,02020,Anchorage,source_coordinate_within_county
1638283,Virginia Polytechnic Institute and State University,VA,Blacksburg town,-80.4136767,37.2296566,0.5,NSF|VA|BLACKSBURG,51121,Montgomery,source_coordinate_within_county
1927537,University of Alaska Fairbanks Campus,AK,Fairbanks city,-147.716675,64.837845,0.333333333333,NSF|AK|FAIRBANKS,02090,Fairbanks North Star,source_coordinate_within_county
1927312,University of Alaska Southeast Juneau Campus,AK,Juneau city and borough,-134.4196751,58.3019613,0.333333333333,NSF|AK|JUNEAU,02110,Juneau,source_coordinate_within_county
1923150,University of California-Riverside,CA,Riverside city,-117.374238,33.9824949,0.333333333333,NSF|CA|RIVERSIDE,06065,Riverside,source_coordinate_within_county
1852506,California State L A University Auxiliary Services Inc.,CA,Los Angeles city,-118.242766,34.0536909,1.0,NSF|CA|LOS ANGELES,06037,Los Angeles,source_coordinate_within_county
1851976,Rutgers University Newark,NJ,Newark city,-74.1723667,40.735657,1.0,NSF|NJ|NEWARK,34013,Essex,source_coordinate_within_county
1923936,University of Utah,UT,Salt Lake City city,-111.886797,40.7596198,0.333333333333,NSF|UT|SALT LAKE CITY,49035,Salt Lake,source_coordinate_within_county
1855902,Iowa State University,IA,Ames city,-93.6170448,42.0267567,1.0,NSF|IA|AMES,19169,Story,source_coordinate_within_county
1854502,Iowa State University,IA,Ames city,-93.6170448,42.0267567,1.0,NSF|IA|AMES,19169,Story,source_coordinate_within_county
1854952,"University of Maryland, College Park",MD,College Park city,-76.9369189,38.980666,1.0,NSF|MD|COLLEGE PARK,24033,Prince George's,source_coordinate_within_county
1854706,Trustees of Boston University,MA,Boston city,-71.0578303,42.3588336,1.0,NSF|MA|BOSTON,25025,Suffolk,source_coordinate_within_county
1848577,San Diego State University Foundation,CA,San Diego city,-117.162772,32.7174202,1.0,NSF|CA|SAN DIEGO,06073,San Diego,source_coordinate_within_county
1840742,University of Iowa,IA,Iowa City city,-91.5299106,41.6612561,1.0,NSF|IA|IOWA CITY,19103,Johnson,source_coordinate_within_county
1743301,Washington University,MO,St. Louis city,-90.190009,38.6254063,1.0,NSF|MO|SAINT LOUIS,29510,St. Louis,source_coordinate_within_county
1760662,University of Tennessee Knoxville,TN,Knoxville city,-83.9210261,35.9603948,0.5,NSF|TN|KNOXVILLE,47093,Knox,source_coordinate_within_county
1760375,Colorado State University,CO,Fort Collins city,-105.0770113,40.5871782,0.5,NSF|CO|FORT COLLINS,08069,Larimer,source_coordinate_within_county
1739662,Texas Christian University,TX,Fort Worth city,-97.3327459,32.753177,1.0,NSF|TX|FORT WORTH,48439,Tarrant,source_coordinate_within_county
1739977,Texas A&M AgriLife Research,TX,College Station city,-96.3455991,30.6183939,1.0,NSF|TX|COLLEGE STATION,48041,Brazos,source_coordinate_within_county
1735505,Northeastern University,MA,Boston city,-71.0578303,42.3588336,1.0,NSF|MA|BOSTON,25025,Suffolk,source_coordinate_within_county
1733705,Arizona State University,AZ,Scottsdale city,-111.926018,33.4942189,0.5,NSF|AZ|SCOTTSDALE,04013,Maricopa,source_coordinate_within_county
1658838,National Bureau of Economic Research Inc,MA,Cambridge city,-71.1040018,42.3656347,0.5,NSF|MA|CAMBRIDGE,25017,Middlesex,source_coordinate_within_county
1737289,University of Chicago,IL,Chicago city,-87.6244212,41.8755616,1.0,NSF|IL|CHICAGO,17031,Cook,source_coordinate_within_county
1723322,Arizona State University,AZ,Scottsdale city,-111.926018,33.4942189,1.0,NSF|AZ|SCOTTSDALE,04013,Maricopa,source_coordinate_within_county
1658875,Yale University,CT,New Haven city,-72.9250518,41.3082138,0.5,NSF|CT|NEW HAVEN,09170,South Central Connecticut,source_coordinate_within_county
1728784,Regents of the University of Michigan - Ann Arbor,MI,Ann Arbor city,-83.7484616,42.2813722,1.0,NSF|MI|ANN ARBOR,26161,Washtenaw,source_coordinate_within_county
1714394,Warsaw Phillip M,WI,Madison city,-89.3841663,43.07469,1.0,NSF|WI|MADISON,55025,Dane,source_coordinate_within_county
1762160,University of California-Riverside,CA,Riverside city,-117.374238,33.9824949,0.5,NSF|CA|RIVERSIDE,06065,Riverside,source_coordinate_within_county
1734665,University of California-Berkeley,CA,Berkeley city,-122.272863,37.8708393,1.0,NSF|CA|BERKELEY,06001,Alameda,source_coordinate_within_county
1822091,Southern Methodist University,TX,Dallas city,-96.7968559,32.7762719,1.0,NSF|TX|DALLAS,48113,Dallas,source_coordinate_within_county
1660450,University of North Carolina at Chapel Hill,NC,Chapel Hill town,-79.05578,35.9131542,1.0,NSF|NC|CHAPEL HILL,37135,Orange,source_coordinate_within_county
1733545,Massachusetts Institute of Technology,MA,Cambridge city,-71.1040018,42.3656347,1.0,NSF|MA|CAMBRIDGE,25017,Middlesex,source_coordinate_within_county
1741918,Harvard University,MA,Cambridge city,-71.1040018,42.3656347,1.0,NSF|MA|CAMBRIDGE,25017,Middlesex,source_coordinate_within_county
1658766,Arizona State University,AZ,Scottsdale city,-111.926018,33.4942189,1.0,NSF|AZ|SCOTTSDALE,04013,Maricopa,source_coordinate_within_county
1658261,University of California-Berkeley,CA,Berkeley city,-122.272863,37.8708393,1.0,NSF|CA|BERKELEY,06001,Alameda,source_coordinate_within_county
1660503,Davidson College,NC,Davidson town,-80.8485218,35.4992614,1.0,NSF|NC|DAVIDSON,37119,Mecklenburg,source_coordinate_within_county
1701177,Princeton University,NJ,Princeton,-74.6597376,40.3496953,1.0,NSF|NJ|PRINCETON,34021,Mercer,source_coordinate_within_county
1656493,Clark University,MA,Worcester city,-71.8018877,42.2625621,1.0,NSF|MA|WORCESTER,25027,Worcester,source_coordinate_within_county
1702765,University of Southern California,CA,Los Angeles city,-118.242766,34.0536909,1.0,NSF|CA|LOS ANGELES,06037,Los Angeles,source_coordinate_within_county
1656180,"OHIO STATE UNIVERSITY, THE",OH,Columbus city,-83.0007065,39.9622601,1.0,NSF|OH|COLUMBUS,39049,Franklin,source_coordinate_within_county
1658469,Columbia University,NY,New York city,-74.0060152,40.7127281,1.0,NSF|NY|NEW YORK,36061,New York,source_coordinate_within_county
1665501,DePaul University,IL,Chicago city,-87.6244212,41.8755616,1.0,NSF|IL|CHICAGO,17031,Cook,source_coordinate_within_county
1700734,University of Arizona,AZ,Tucson city,-110.974847,32.2228765,1.0,NSF|AZ|TUCSON,04019,Pima,source_coordinate_within_county
1850186,Florida International University,FL,Miami city,-80.1935973,25.7741566,1.0,NSF|FL|MIAMI,12086,Miami-Dade,source_coordinate_within_county
1851048,EARTHSCOPE CONSORTIUM INC.,DC,Washington city,-77.0363849,38.8950982,1.0,NSF|DC|WASHINGTON,11001,District of Columbia,source_coordinate_within_county
1851037,EARTHSCOPE CONSORTIUM INC.,DC,Washington city,-77.0363849,38.8950982,1.0,NSF|DC|WASHINGTON,11001,District of Columbia,source_coordinate_within_county
1832121,Morgan State University,MD,Baltimore city,-76.610759,39.2908816,1.0,NSF|MD|BALTIMORE,24510,Baltimore,source_coordinate_within_county
1806383,Markovich Katherine H,CA,Davis city,-121.739005,38.5435526,1.0,NSF|CA|DAVIS,06113,Yolo,source_coordinate_within_county
1744961,"OHIO STATE UNIVERSITY, THE",OH,Columbus city,-83.0007065,39.9622601,1.0,NSF|OH|COLUMBUS,39049,Franklin,source_coordinate_within_county
1805702,Louisiana State University,LA,Baton Rouge city,-91.1869659,30.4494155,1.0,NSF|LA|BATON ROUGE,22033,East Baton Rouge,source_coordinate_within_county
1830036,The University of Central Florida Board of Trustees,FL,Orlando city,-81.379045,28.5421218,1.0,NSF|FL|ORLANDO,12095,Orange,source_coordinate_within_county
1742943,Bemidji State University,MN,Bemidji city,-94.8832791,47.4723148,0.25,NSF|MN|BEMIDJI,27007,Beltrami,source_coordinate_within_county
1742938,University of Delaware,DE,Newark city,-75.7515682,39.6828358,0.25,NSF|DE|NEWARK,10003,New Castle,source_coordinate_within_county
1742959,Rutgers University Newark,NJ,Newark city,-74.1723667,40.735657,0.25,NSF|NJ|NEWARK,34013,Essex,source_coordinate_within_county
1829224,Yale University,CT,New Haven city,-72.9250518,41.3082138,1.0,NSF|CT|NEW HAVEN,09170,South Central Connecticut,source_coordinate_within_county
1822015,Pennsylvania State Univ University Park,PA,College township,-77.8710571,40.8128971,1.0,NSF|PA|UNIVERSITY PARK,42027,Centre,source_coordinate_within_county
1832213,University of Washington,WA,Seattle city,-122.330062,47.6038321,1.0,NSF|WA|SEATTLE,53033,King,source_coordinate_within_county
1831027,University of Delaware,DE,Newark city,-75.7515682,39.6828358,0.5,NSF|DE|NEWARK,10003,New Castle,source_coordinate_within_county
1803725,University of Minnesota Duluth,MN,Duluth city,-92.1052679,46.7838287,1.0,NSF|MN|DULUTH,27137,St. Louis,source_coordinate_within_county
1804429,University of Pittsburgh,PA,Pittsburgh city,-80.0025666,40.4406968,1.0,NSF|PA|PITTSBURGH,42003,Allegheny,source_coordinate_within_county
1830933,University Corporation For Atmospheric Res,CO,Boulder city,-105.270545,40.0149856,0.5,NSF|CO|BOULDER,08013,Boulder,source_coordinate_within_county
1804858,University of New Mexico,NM,Albuquerque city,-106.650985,35.0841034,1.0,NSF|NM|ALBUQUERQUE,35001,Bernalillo,source_coordinate_within_county
1801280,University of Colorado at Boulder,CO,Boulder city,-105.270545,40.0149856,0.333333333333,NSF|CO|BOULDER,08013,Boulder,source_coordinate_within_county
1748773,Alaska Pacific University,AK,Anchorage municipality,-149.894852,61.2163129,1.0,NSF|AK|ANCHORAGE,02020,Anchorage,source_coordinate_within_county
1748847,Northern Arizona University,AZ,Flagstaff city,-111.651822,35.1987522,0.333333333333,NSF|AZ|FLAGSTAFF,04005,Coconino,source_coordinate_within_county
1801329,California Institute of Technology,CA,Pasadena city,-118.144155,34.1476507,0.333333333333,NSF|CA|PASADENA,06037,Los Angeles,source_coordinate_within_county
1748849,University of Alaska Anchorage Campus,AK,Anchorage municipality,-149.894852,61.2163129,0.333333333333,NSF|AK|ANCHORAGE,02020,Anchorage,source_coordinate_within_county
1801574,Carnegie Mellon University,PA,Pittsburgh city,-80.0025666,40.4406968,0.333333333333,NSF|PA|PITTSBURGH,42003,Allegheny,source_coordinate_within_county
1743401,Georgia Tech Research Corporation,GA,Atlanta city,-84.3898151,33.7544657,1.0,NSF|GA|ATLANTA,13121,Fulton,source_coordinate_within_county
1853039,University of California-Santa Cruz,CA,Santa Cruz city,-122.0294673,36.9743626,0.5,NSF|CA|SANTA CRUZ,06087,Santa Cruz,source_coordinate_within_county
1831475,Arizona State University,AZ,Scottsdale city,-111.926018,33.4942189,1.0,NSF|AZ|SCOTTSDALE,04013,Maricopa,source_coordinate_within_county
1816763,"University of Maryland, College Park",MD,College Park city,-76.9369189,38.980666,0.333333333333,NSF|MD|COLLEGE PARK,24033,Prince George's,source_coordinate_within_county
1815310,Emerson College,MA,Boston city,-71.0578303,42.3588336,0.333333333333,NSF|MA|BOSTON,25025,Suffolk,source_coordinate_within_county
1816080,Arizona State University,AZ,Scottsdale city,-111.926018,33.4942189,0.333333333333,NSF|AZ|SCOTTSDALE,04013,Maricopa,source_coordinate_within_county
1829066,University of Texas at San Antonio,TX,San Antonio city,-98.4951405,29.4246002,1.0,NSF|TX|SAN ANTONIO,48029,Bexar,source_coordinate_within_county
1755946,Missouri University of Science and Technology,MO,Rolla city,-91.7708076,37.9509324,0.5,NSF|MO|ROLLA,29161,Phelps,source_coordinate_within_county
1724331,University of California-Irvine,CA,Irvine city,-117.825981,33.6856969,1.0,NSF|CA|IRVINE,06059,Orange,source_coordinate_within_county
1832407,Villanova University,PA,Villanova CDP,-75.3290464,40.0385961,1.0,NSF|PA|VILLANOVA,42091,Montgomery,source_coordinate_within_county
1824949,North Carolina Agricultural & Technical State University,NC,Greensboro city,-79.7919754,36.0726355,1.0,NSF|NC|GREENSBORO,37081,Guilford,source_coordinate_within_county
1831205,Texas Southern University,TX,Houston city,-95.3676974,29.7589382,1.0,NSF|TX|HOUSTON,48201,Harris,source_coordinate_within_county
1830642,Illinois Institute of Technology,IL,Chicago city,-87.6244212,41.8755616,1.0,NSF|IL|CHICAGO,17031,Cook,source_coordinate_within_county
1802612,Harvard University,MA,Cambridge city,-71.1040018,42.3656347,1.0,NSF|MA|CAMBRIDGE,25017,Middlesex,source_coordinate_within_county
1808869,Goodling Erin,OR,Portland city,-122.674194,45.5202471,1.0,NSF|OR|PORTLAND,41051,Multnomah,source_coordinate_within_county
1823833,University of Pittsburgh,PA,Pittsburgh city,-80.0025666,40.4406968,1.0,NSF|PA|PITTSBURGH,42003,Allegheny,source_coordinate_within_county
1822230,Arizona State University,AZ,Scottsdale city,-111.926018,33.4942189,1.0,NSF|AZ|SCOTTSDALE,04013,Maricopa,source_coordinate_within_county
1801677,Stanford University,CA,Stanford CDP,-122.1702445,37.427467,1.0,NSF|CA|STANFORD,06085,Santa Clara,source_coordinate_within_county
1762025,University of Colorado at Boulder,CO,Boulder city,-105.270545,40.0149856,1.0,NSF|CO|BOULDER,08013,Boulder,source_coordinate_within_county
1758207,West Virginia University Research Corporation,WV,Morgantown city,-79.9559437,39.6296809,1.0,NSF|WV|MORGANTOWN,54061,Monongalia,source_coordinate_within_county
1802821,University of Virginia Main Campus,VA,Charlottesville city,-78.4766781,38.029306,1.0,NSF|VA|CHARLOTTESVILLE,51540,Charlottesville,source_coordinate_within_county
1756768,New York University,NY,New York city,-74.0060152,40.7127281,1.0,NSF|NY|NEW YORK,36061,New York,source_coordinate_within_county
1931335,University of California-Irvine,CA,Irvine city,-117.825981,33.6856969,0.25,NSF|CA|IRVINE,06059,Orange,source_coordinate_within_county
1931324,Arizona State University,AZ,Scottsdale city,-111.926018,33.4942189,0.25,NSF|AZ|SCOTTSDALE,04013,Maricopa,source_coordinate_within_county
1931363,Colorado State University,CO,Fort Collins city,-105.0770113,40.5871782,0.25,NSF|CO|FORT COLLINS,08069,Larimer,source_coordinate_within_county
1931283,University of Maryland Baltimore County,MD,Baltimore city,-76.610759,39.2908816,0.25,NSF|MD|BALTIMORE,24510,Baltimore,source_coordinate_within_county
2006828,SUNY at Stony Brook,NY,Stony Brook CDP,-73.140943,40.9256538,0.5,NSF|NY|STONY BROOK,36103,Suffolk,source_coordinate_within_county
1929601,Iowa State University,IA,Ames city,-93.6170448,42.0267567,1.0,NSF|IA|AMES,19169,Story,source_coordinate_within_county
1929937,Carnegie Mellon University,PA,Pittsburgh city,-80.0025666,40.4406968,1.0,NSF|PA|PITTSBURGH,42003,Allegheny,source_coordinate_within_county
1835739,Purdue University,IN,West Lafayette city,-86.9080655,40.4258686,1.0,NSF|IN|WEST LAFAYETTE,18157,Tippecanoe,source_coordinate_within_county
2035150,University of Pittsburgh,PA,Pittsburgh city,-80.0025666,40.4406968,0.5,NSF|PA|PITTSBURGH,42003,Allegheny,source_coordinate_within_county
2101983,University of South Carolina at Columbia,SC,Columbia city,-81.0352313,34.000754,0.5,NSF|SC|COLUMBIA,45079,Richland,source_coordinate_within_county
2028868,Arizona State University,AZ,Scottsdale city,-111.926018,33.4942189,0.5,NSF|AZ|SCOTTSDALE,04013,Maricopa,source_coordinate_within_county
2028842,Cornell University,NY,Ithaca city,-76.4968019,42.4396039,0.5,NSF|NY|ITHACA,36109,Tompkins,source_coordinate_within_county
2033822,Stanford University,CA,Stanford CDP,-122.1702445,37.427467,1.0,NSF|CA|STANFORD,06085,Santa Clara,source_coordinate_within_county
2101904,Chico State Enterprises,CA,Chico city,-121.8374777,39.7284945,0.5,NSF|CA|CHICO,06007,Butte,source_coordinate_within_county
1952206,Kansas State University,KS,Manhattan city,-96.5716694,39.1836082,1.0,NSF|KS|MANHATTAN,20161,Riley,source_coordinate_within_county
1941695,Stanford University,CA,Stanford CDP,-122.1702445,37.427467,1.0,NSF|CA|STANFORD,06085,Santa Clara,source_coordinate_within_county
1952013,University of Missouri-Kansas City,MO,Columbia city,-92.3337366,38.951883,1.0,NSF|MO|COLUMBIA,29019,Boone,source_coordinate_within_county
2015671,University of Texas at San Antonio,TX,San Antonio city,-98.4951405,29.4246002,0.25,NSF|TX|SAN ANTONIO,48029,Bexar,source_coordinate_within_county
2015658,University of Texas at Austin,TX,Austin city,-97.7436995,30.2711286,0.25,NSF|TX|AUSTIN,48453,Travis,source_coordinate_within_county
2025449,Michigan Technological University,MI,Houghton city,-88.569012,47.121872,1.0,NSF|MI|HOUGHTON,26061,Houghton,source_coordinate_within_county
2106726,Clemson University,SC,Clemson city,-82.8364111,34.6850749,0.25,NSF|SC|CLEMSON,45077,Pickens,source_coordinate_within_county
2015603,University of Illinois at Chicago,IL,Chicago city,-87.6244212,41.8755616,0.25,NSF|IL|CHICAGO,17031,Cook,source_coordinate_within_county
1952038,Regents of the University of Michigan - Ann Arbor,MI,Ann Arbor city,-83.7484616,42.2813722,1.0,NSF|MI|ANN ARBOR,26161,Washtenaw,source_coordinate_within_county
1952920,University of California-Santa Barbara,CA,Santa Barbara city,-119.702667,34.4221319,0.5,NSF|CA|SANTA BARBARA,06083,Santa Barbara,source_coordinate_within_county
1953032,Stanford University,CA,Stanford CDP,-122.1702445,37.427467,0.5,NSF|CA|STANFORD,06085,Santa Clara,source_coordinate_within_county
2013779,University of Colorado at Colorado Springs,CO,Colorado Springs city,-104.825348,38.8339578,1.0,NSF|CO|COLORADO SPRINGS,08041,El Paso,source_coordinate_within_county
1952090,University of Alabama at Birmingham,AL,Birmingham city,-86.8024326,33.5206824,1.0,NSF|AL|BIRMINGHAM,01073,Jefferson,source_coordinate_within_county
2011362,Yale University,CT,New Haven city,-72.9250518,41.3082138,1.0,NSF|CT|NEW HAVEN,09170,South Central Connecticut,source_coordinate_within_county
1955034,Howard University,DC,Washington city,-77.0363849,38.8950982,1.0,NSF|DC|WASHINGTON,11001,District of Columbia,source_coordinate_within_county
1952193,University of Texas at Austin,TX,Austin city,-97.7436995,30.2711286,1.0,NSF|TX|AUSTIN,48453,Travis,source_coordinate_within_county
2029301,Barnard College,NY,New York city,-74.0060152,40.7127281,1.0,NSF|NY|NEW YORK,36061,New York,source_coordinate_within_county
2021956,University of Tennessee Institute of Agriculture,TN,Knoxville city,-83.9210261,35.9603948,1.0,NSF|TN|KNOXVILLE,47093,Knox,source_coordinate_within_county
2029158,New York University,NY,New York city,-74.0060152,40.7127281,1.0,NSF|NY|NEW YORK,36061,New York,source_coordinate_within_county
1942805,Arizona State University,AZ,Scottsdale city,-111.926018,33.4942189,1.0,NSF|AZ|SCOTTSDALE,04013,Maricopa,source_coordinate_within_county
2032429,University of Washington,WA,Seattle city,-122.330062,47.6038321,0.5,NSF|WA|SEATTLE,53033,King,source_coordinate_within_county
1936319,Virginia Polytechnic Institute and State University,VA,Blacksburg town,-80.4136767,37.2296566,1.0,NSF|VA|BLACKSBURG,51121,Montgomery,source_coordinate_within_county
2032434,University of Texas at Austin,TX,Austin city,-97.7436995,30.2711286,0.5,NSF|TX|AUSTIN,48453,Travis,source_coordinate_within_county
2029515,University of Utah,UT,Salt Lake City city,-111.886797,40.7596198,1.0,NSF|UT|SALT LAKE CITY,49035,Salt Lake,source_coordinate_within_county
2029918,The New School,NY,New York city,-74.0060152,40.7127281,1.0,NSF|NY|NEW YORK,36061,New York,source_coordinate_within_county
2030254,Florida State University,FL,Tallahassee city,-84.2809332,30.4380832,1.0,NSF|FL|TALLAHASSEE,12073,Leon,source_coordinate_within_county
2028564,Arizona State University,AZ,Scottsdale city,-111.926018,33.4942189,1.0,NSF|AZ|SCOTTSDALE,04013,Maricopa,source_coordinate_within_county
2028110,Portland State University,OR,Portland city,-122.674194,45.5202471,0.5,NSF|OR|PORTLAND,41051,Multnomah,source_coordinate_within_county
2028098,University of Tennessee Knoxville,TN,Knoxville city,-83.9210261,35.9603948,0.5,NSF|TN|KNOXVILLE,47093,Knox,source_coordinate_within_county
2027600,Drexel University,PA,Philadelphia city,-75.1635262,39.9527237,1.0,NSF|PA|PHILADELPHIA,42101,Philadelphia,source_coordinate_within_county
1946746,Kean University,NJ,Union CDP,-74.2698106,40.6964878,1.0,NSF|NJ|UNION,34039,Union,source_coordinate_within_county
1927175,University Corporation For Atmospheric Res,CO,Boulder city,-105.270545,40.0149856,0.166666666667,NSF|CO|BOULDER,08013,Boulder,source_coordinate_within_county
1932452,University of South Florida,FL,Tampa city,-82.4583107,27.9449854,0.5,NSF|FL|TAMPA,12057,Hillsborough,source_coordinate_within_county
1927170,Worcester Polytechnic Institute,MA,Worcester city,-71.8018877,42.2625621,0.166666666667,NSF|MA|WORCESTER,25027,Worcester,source_coordinate_within_county
1927180,Georgetown University,DC,Washington city,-77.0363849,38.8950982,0.166666666667,NSF|DC|WASHINGTON,11001,District of Columbia,source_coordinate_within_county
1927357,University of New Hampshire,NH,Durham CDP,-70.9177186,43.1214141,0.166666666667,NSF|NH|DURHAM,33017,Strafford,source_coordinate_within_county
1927543,University of California-Davis,CA,Davis city,-121.739005,38.5435526,0.166666666667,NSF|CA|DAVIS,06113,Yolo,source_coordinate_within_county
1927516,Texas Tech University,TX,Lubbock city,-101.8470215,33.5855677,0.166666666667,NSF|TX|LUBBOCK,48303,Lubbock,source_coordinate_within_county
1932451,Georgia Tech Research Corporation,GA,Atlanta city,-84.3898151,33.7544657,1.0,NSF|GA|ATLANTA,13121,Fulton,source_coordinate_within_county
1937103,Carnegie Mellon University,PA,Pittsburgh city,-80.0025666,40.4406968,1.0,NSF|PA|PITTSBURGH,42003,Allegheny,source_coordinate_within_county
1936983,Pennsylvania State Univ University Park,PA,College township,-77.8710571,40.8128971,1.0,NSF|PA|UNIVERSITY PARK,42027,Centre,source_coordinate_within_county
1937023,University of Illinois at Urbana-Champaign,IL,Urbana city,-88.207301,40.1117174,1.0,NSF|IL|URBANA,17019,Champaign,source_coordinate_within_county
2013993,North Carolina State University,NC,Raleigh city,-78.6390989,35.7803977,0.333333333333,NSF|NC|RALEIGH,37183,Wake,source_coordinate_within_county
1932223,Rutgers University New Brunswick,NJ,New Brunswick city,-74.4436416,40.4936119,0.5,NSF|NJ|NEW BRUNSWICK,34023,Middlesex,source_coordinate_within_county
1936969,Iowa State University,IA,Ames city,-93.6170448,42.0267567,1.0,NSF|IA|AMES,19169,Story,source_coordinate_within_county
1847404,University of Illinois at Urbana-Champaign,IL,Urbana city,-88.207301,40.1117174,1.0,NSF|IL|URBANA,17019,Champaign,source_coordinate_within_county
1917676,Rutgers University New Brunswick,NJ,New Brunswick city,-74.4436416,40.4936119,0.5,NSF|NJ|NEW BRUNSWICK,34023,Middlesex,source_coordinate_within_county
1932250,University of Connecticut,CT,Storrs CDP,-72.2495231,41.8084314,0.5,NSF|CT|STORRS,09110,Capitol,source_coordinate_within_county
1937085,North Carolina State University,NC,Raleigh city,-78.6390989,35.7803977,1.0,NSF|NC|RALEIGH,37183,Wake,source_coordinate_within_county
1935514,University of Minnesota-Twin Cities,MN,Minneapolis city,-93.2654692,44.9772995,1.0,NSF|MN|MINNEAPOLIS,27053,Hennepin,source_coordinate_within_county
1936888,University of Miami,FL,Coral Gables city,-80.2585107,25.7331105,1.0,NSF|FL|CORAL GABLES,12086,Miami-Dade,source_coordinate_within_county
1936896,Pennsylvania State Univ University Park,PA,College township,-77.8710571,40.8128971,1.0,NSF|PA|UNIVERSITY PARK,42027,Centre,source_coordinate_within_county
1920478,Virginia Polytechnic Institute and State University,VA,Blacksburg town,-80.4136767,37.2296566,1.0,NSF|VA|BLACKSBURG,51121,Montgomery,source_coordinate_within_county
1855882,Purdue University,IN,West Lafayette city,-86.9080655,40.4258686,1.0,NSF|IN|WEST LAFAYETTE,18157,Tippecanoe,source_coordinate_within_county
1937135,University of Texas at San Antonio,TX,San Antonio city,-98.4951405,29.4246002,1.0,NSF|TX|SAN ANTONIO,48029,Bexar,source_coordinate_within_county
1917614,University of Nebraska-Lincoln,NE,Lincoln city,-96.7077751,40.8088861,0.5,NSF|NE|LINCOLN,31109,Lancaster,source_coordinate_within_county
1936928,Georgia Tech Research Corporation,GA,Atlanta city,-84.3898151,33.7544657,1.0,NSF|GA|ATLANTA,13121,Fulton,source_coordinate_within_county
1952395,Cleveland State University,OH,Cleveland city,-81.6936772,41.4996574,0.5,NSF|OH|CLEVELAND,39035,Cuyahoga,source_coordinate_within_county
2013161,Michigan State University,MI,East Lansing city,-84.4721678,42.7320307,0.25,NSF|MI|EAST LANSING,26065,Ingham,source_coordinate_within_county
1907446,Carnegie Mellon University,PA,Pittsburgh city,-80.0025666,40.4406968,1.0,NSF|PA|PITTSBURGH,42003,Allegheny,source_coordinate_within_county
1931937,Howard University,DC,Washington city,-77.0363849,38.8950982,0.5,NSF|DC|WASHINGTON,11001,District of Columbia,source_coordinate_within_county
1932000,William Marsh Rice University,TX,Houston city,-95.3676974,29.7589382,0.5,NSF|TX|HOUSTON,48201,Harris,source_coordinate_within_county
1917168,University of California-Irvine,CA,Irvine city,-117.825981,33.6856969,0.333333333333,NSF|CA|IRVINE,06059,Orange,source_coordinate_within_county
2001957,University of North Texas,TX,Denton city,-97.1330431,33.215038,0.333333333333,NSF|TX|DENTON,48121,Denton,source_coordinate_within_county
1917125,California State University-Long Beach Foundation,CA,Long Beach city,-118.191604,33.7690164,0.333333333333,NSF|CA|LONG BEACH,06037,Los Angeles,source_coordinate_within_county
1952884,Princeton University,NJ,Princeton,-74.6597376,40.3496953,1.0,NSF|NJ|PRINCETON,34021,Mercer,source_coordinate_within_county
1917036,University of Illinois at Urbana-Champaign,IL,Urbana city,-88.207301,40.1117174,0.333333333333,NSF|IL|URBANA,17019,Champaign,source_coordinate_within_county
1946392,University of Texas at Austin,TX,Austin city,-97.7436995,30.2711286,0.5,NSF|TX|AUSTIN,48453,Travis,source_coordinate_within_county
1854827,Northwestern University,IL,Evanston city,-87.6846053,42.0470043,1.0,NSF|IL|EVANSTON,17031,Cook,source_coordinate_within_county
1916979,University of California-San Diego,CA,San Diego city,-117.2740777,32.8401623,1.0,NSF|CA|LA JOLLA,06073,San Diego,source_coordinate_within_county
1856032,New York Institute of Technology,NY,New York city,-74.0060152,40.7127281,1.0,NSF|NY|NEW YORK,36061,New York,source_coordinate_within_county
1929942,Northwestern University,IL,Evanston city,-87.6846053,42.0470043,1.0,NSF|IL|EVANSTON,17031,Cook,source_coordinate_within_county
1929914,Central Michigan University,MI,Mount Pleasant city,-84.7668495,43.597646,1.0,NSF|MI|MOUNT PLEASANT,26073,Isabella,source_coordinate_within_county
1929769,University of New Mexico,NM,Albuquerque city,-106.650985,35.0841034,0.5,NSF|NM|ALBUQUERQUE,35001,Bernalillo,source_coordinate_within_county
1907434,University of California-San Diego,CA,San Diego city,-117.2740777,32.8401623,1.0,NSF|CA|LA JOLLA,06073,San Diego,source_coordinate_within_county
1929941,University of Texas at Austin,TX,Austin city,-97.7436995,30.2711286,1.0,NSF|TX|AUSTIN,48453,Travis,source_coordinate_within_county
1929840,Colorado State University,CO,Fort Collins city,-105.0770113,40.5871782,0.5,NSF|CO|FORT COLLINS,08069,Larimer,source_coordinate_within_county
1929869,University of Cincinnati Main Campus,OH,Cincinnati city,-84.5127405,39.1012809,1.0,NSF|OH|CINCINNATI,39061,Hamilton,source_coordinate_within_county
1903296,University of California-Berkeley,CA,Berkeley city,-122.272863,37.8708393,1.0,NSF|CA|BERKELEY,06001,Alameda,source_coordinate_within_county
1929950,Texas Tech University,TX,Lubbock city,-101.8470215,33.5855677,1.0,NSF|TX|LUBBOCK,48303,Lubbock,source_coordinate_within_county
1917904,Regents of the University of Michigan - Ann Arbor,MI,Ann Arbor city,-83.7484616,42.2813722,1.0,NSF|MI|ANN ARBOR,26161,Washtenaw,source_coordinate_within_county
1929791,Johns Hopkins University,MD,Baltimore city,-76.610759,39.2908816,1.0,NSF|MD|BALTIMORE,24510,Baltimore,source_coordinate_within_county
1929945,University of Texas at Arlington,TX,Arlington city,-97.1071186,32.7355816,1.0,NSF|TX|ARLINGTON,48439,Tarrant,source_coordinate_within_county
1929834,Temple University,PA,Philadelphia city,-75.1635262,39.9527237,1.0,NSF|PA|PHILADELPHIA,42101,Philadelphia,source_coordinate_within_county
1929920,Georgia Tech Research Corporation,GA,Atlanta city,-84.3898151,33.7544657,1.0,NSF|GA|ATLANTA,13121,Fulton,source_coordinate_within_county
1929856,University of Illinois at Urbana-Champaign,IL,Urbana city,-88.207301,40.1117174,1.0,NSF|IL|URBANA,17019,Champaign,source_coordinate_within_county
1929465,Massachusetts Institute of Technology,MA,Cambridge city,-71.1040018,42.3656347,1.0,NSF|MA|CAMBRIDGE,25017,Middlesex,source_coordinate_within_county
1929940,North Carolina Agricultural & Technical State University,NC,Greensboro city,-79.7919754,36.0726355,1.0,NSF|NC|GREENSBORO,37081,Guilford,source_coordinate_within_county
1917140,University of Washington,WA,Seattle city,-122.330062,47.6038321,0.5,NSF|WA|SEATTLE,53033,King,source_coordinate_within_county
1929881,Rochester Institute of Tech,NY,Rochester city,-77.615214,43.157285,1.0,NSF|NY|ROCHESTER,36055,Monroe,source_coordinate_within_county
1929923,New York University,NY,New York city,-74.0060152,40.7127281,1.0,NSF|NY|NEW YORK,36061,New York,source_coordinate_within_county
1929824,Washington State University,WA,Pullman city,-117.1799363,46.7295818,1.0,NSF|WA|PULLMAN,53075,Whitman,source_coordinate_within_county
1929944,Aspen Global Change Institute,CO,Basalt town,-107.032824,39.3688731,1.0,NSF|CO|BASALT,08037,Eagle,source_coordinate_within_county
1917156,University of North Carolina Greensboro,NC,Greensboro city,-79.7919754,36.0726355,0.5,NSF|NC|GREENSBORO,37081,Guilford,source_coordinate_within_county
1929916,University of Wisconsin-Milwaukee,WI,Milwaukee city,-87.9090751,43.0386475,1.0,NSF|WI|MILWAUKEE,55079,Milwaukee,source_coordinate_within_county
1917165,Chico State Enterprises,CA,Chico city,-121.8374777,39.7284945,1.0,NSF|CA|CHICO,06007,Butte,source_coordinate_within_county
1929928,Georgia Tech Research Corporation,GA,Atlanta city,-84.3898151,33.7544657,1.0,NSF|GA|ATLANTA,13121,Fulton,source_coordinate_within_county
1845650,University of Texas at San Antonio,TX,San Antonio city,-98.4951405,29.4246002,1.0,NSF|TX|SAN ANTONIO,48029,Bexar,source_coordinate_within_county
1917298,Oregon State University,OR,Corvallis city,-123.2620435,44.5645659,0.5,NSF|OR|CORVALLIS,41003,Benton,source_coordinate_within_county
1917316,Colorado State University,CO,Fort Collins city,-105.0770113,40.5871782,0.5,NSF|CO|FORT COLLINS,08069,Larimer,source_coordinate_within_county
1847537,Northwestern University,IL,Evanston city,-87.6846053,42.0470043,1.0,NSF|IL|EVANSTON,17031,Cook,source_coordinate_within_county
1845783,University of Wisconsin-Madison,WI,Madison city,-89.3841663,43.07469,1.0,NSF|WI|MADISON,55025,Dane,source_coordinate_within_county
1832688,Purdue University,IN,West Lafayette city,-86.9080655,40.4258686,0.333333333333,NSF|IN|WEST LAFAYETTE,18157,Tippecanoe,source_coordinate_within_county
1913017,University of Pittsburgh,PA,Pittsburgh city,-80.0025666,40.4406968,1.0,NSF|PA|PITTSBURGH,42003,Allegheny,source_coordinate_within_county
1832711,University of Southern California,CA,Los Angeles city,-118.242766,34.0536909,0.333333333333,NSF|CA|LOS ANGELES,06037,Los Angeles,source_coordinate_within_county
1841650,University of Chicago,IL,Chicago city,-87.6244212,41.8755616,1.0,NSF|IL|CHICAGO,17031,Cook,source_coordinate_within_county
1832662,Texas A&M Engineering Experiment Station,TX,College Station city,-96.3455991,30.6183939,1.0,NSF|TX|COLLEGE STATION,48041,Brazos,source_coordinate_within_county
1832683,University of California-Santa Cruz,CA,Santa Cruz city,-122.0294673,36.9743626,0.333333333333,NSF|CA|SANTA CRUZ,06087,Santa Cruz,source_coordinate_within_county
2024166,George Washington University,DC,Washington city,-77.0363849,38.8950982,1.0,NSF|DC|WASHINGTON,11001,District of Columbia,source_coordinate_within_county
2028644,Cornell University,NY,Ithaca city,-76.4968019,42.4396039,0.5,NSF|NY|ITHACA,36109,Tompkins,source_coordinate_within_county
2024421,University of North Carolina at Charlotte,NC,Charlotte city,-80.8430827,35.2272086,0.333333333333,NSF|NC|CHARLOTTE,37119,Mecklenburg,source_coordinate_within_county
2028633,Duke University,NC,Durham city,-78.9018053,35.996653,0.5,NSF|NC|DURHAM,37063,Durham,source_coordinate_within_county
1950458,University of South Florida,FL,Tampa city,-82.4583107,27.9449854,1.0,NSF|FL|TAMPA,12057,Hillsborough,source_coordinate_within_county
2026780,Washington University,MO,St. Louis city,-90.190009,38.6254063,0.5,NSF|MO|SAINT LOUIS,29510,St. Louis,source_coordinate_within_county
2024338,University of North Carolina at Chapel Hill,NC,Chapel Hill town,-79.05578,35.9131542,0.333333333333,NSF|NC|CHAPEL HILL,37135,Orange,source_coordinate_within_county
2030049,University of California-Riverside,CA,Riverside city,-117.374238,33.9824949,0.5,NSF|CA|RIVERSIDE,06065,Riverside,source_coordinate_within_county
2024411,"Georgia State University Research Foundation, Inc.",GA,Atlanta city,-84.3898151,33.7544657,0.333333333333,NSF|GA|ATLANTA,13121,Fulton,source_coordinate_within_county
2026789,Williams College,MA,Williamstown CDP,-73.2094566,42.7135472,0.5,NSF|MA|WILLIAMSTOWN,25003,Berkshire,source_coordinate_within_county
2019546,Kent State University,OH,Kent city,-81.3578047,41.1513108,0.5,NSF|OH|KENT,39133,Portage,source_coordinate_within_county
2031614,Colorado School of Mines,CO,Golden city,-105.22058,39.7546349,1.0,NSF|CO|GOLDEN,08059,Jefferson,source_coordinate_within_county
2030112,University of California-Irvine,CA,Irvine city,-117.825981,33.6856969,0.5,NSF|CA|IRVINE,06059,Orange,source_coordinate_within_county
2004800,"Borgias, Sophia L",CA,Bishop city,-118.39524,37.363679,1.0,NSF|CA|BISHOP,06027,Inyo,source_coordinate_within_county
2020853,Columbia University,NY,New York city,-74.0060152,40.7127281,1.0,NSF|NY|NEW YORK,36061,New York,source_coordinate_within_county
2022977,University of Pennsylvania,PA,Philadelphia city,-75.1635262,39.9527237,1.0,NSF|PA|PHILADELPHIA,42101,Philadelphia,source_coordinate_within_county
1951647,American University,DC,Washington city,-77.0363849,38.8950982,1.0,NSF|DC|WASHINGTON,11001,District of Columbia,source_coordinate_within_county
2025990,University of California-Berkeley,CA,Berkeley city,-122.272863,37.8708393,1.0,NSF|CA|BERKELEY,06001,Alameda,source_coordinate_within_county
2026814,Texas A&M Engineering Experiment Station,TX,College Station city,-96.3455991,30.6183939,1.0,NSF|TX|COLLEGE STATION,48041,Brazos,source_coordinate_within_county
1932905,University of Georgia Research Foundation Inc,GA,Athens-Clarke County unified government (balance),-83.376398,33.9597677,1.0,NSF|GA|ATHENS,13059,Clarke,source_coordinate_within_county
2020545,"START International, Inc.",CO,Fort Collins city,-105.0770113,40.5871782,1.0,NSF|CO|FORT COLLINS,08069,Larimer,source_coordinate_within_county
1917556,University of California-Irvine,CA,Irvine city,-117.825981,33.6856969,1.0,NSF|CA|IRVINE,06059,Orange,source_coordinate_within_county
1950690,Rochester Institute of Tech,NY,Rochester city,-77.615214,43.157285,1.0,NSF|NY|ROCHESTER,36055,Monroe,source_coordinate_within_county
1933259,University of Texas at El Paso,TX,El Paso city,-106.4870476,31.7601001,0.5,NSF|TX|EL PASO,48141,El Paso,source_coordinate_within_county
1933261,Oregon State University,OR,Corvallis city,-123.2620435,44.5645659,0.5,NSF|OR|CORVALLIS,41003,Benton,source_coordinate_within_county
2018355,Research Foundation CUNY - Advanced Science Research Center,NY,New York city,-74.0060152,40.7127281,1.0,NSF|NY|NEW YORK,36061,New York,source_coordinate_within_county
2022716,Regents of the University of Michigan - Ann Arbor,MI,Ann Arbor city,-83.7484616,42.2813722,1.0,NSF|MI|ANN ARBOR,26161,Washtenaw,source_coordinate_within_county
2035153,Regents of the University of Michigan - Ann Arbor,MI,Ann Arbor city,-83.7484616,42.2813722,1.0,NSF|MI|ANN ARBOR,26161,Washtenaw,source_coordinate_within_county
2000219,Morgan State University,MD,Baltimore city,-76.610759,39.2908816,0.5,NSF|MD|BALTIMORE,24510,Baltimore,source_coordinate_within_county
2000201,Howard University,DC,Washington city,-77.0363849,38.8950982,0.5,NSF|DC|WASHINGTON,11001,District of Columbia,source_coordinate_within_county
2030130,Yale University,CT,New Haven city,-72.9250518,41.3082138,1.0,NSF|CT|NEW HAVEN,09170,South Central Connecticut,source_coordinate_within_county
1933630,Yale University,CT,New Haven city,-72.9250518,41.3082138,1.0,NSF|CT|NEW HAVEN,09170,South Central Connecticut,source_coordinate_within_county
2019835,Columbia University,NY,New York city,-74.0060152,40.7127281,1.0,NSF|NY|NEW YORK,36061,New York,source_coordinate_within_county
1934358,Columbia University,NY,New York city,-74.0060152,40.7127281,0.5,NSF|NY|NEW YORK,36061,New York,source_coordinate_within_county
1934383,Washington State University,WA,Pullman city,-117.1799363,46.7295818,0.5,NSF|WA|PULLMAN,53075,Whitman,source_coordinate_within_county
1940319,Florida State University,FL,Tallahassee city,-84.2809332,30.4380832,1.0,NSF|FL|TALLAHASSEE,12073,Leon,source_coordinate_within_county
2023112,University of California-Los Angeles,CA,Los Angeles city,-118.242766,34.0536909,0.5,NSF|CA|LOS ANGELES,06037,Los Angeles,source_coordinate_within_county
1940302,SUNY at Stony Brook,NY,Stony Brook CDP,-73.140943,40.9256538,1.0,NSF|NY|STONY BROOK,36103,Suffolk,source_coordinate_within_county
1940273,University of Maryland Center for Environmental Sciences,MD,Cambridge city,-76.077268,38.5700533,1.0,NSF|MD|CAMBRIDGE,24019,Dorchester,source_coordinate_within_county
1953791,University of Louisville Research Foundation Inc,KY,Louisville city,-85.759407,38.2542376,1.0,NSF|KY|LOUISVILLE,21111,Jefferson,source_coordinate_within_county
1945431,University of California-Los Angeles,CA,Los Angeles city,-118.242766,34.0536909,1.0,NSF|CA|LOS ANGELES,06037,Los Angeles,source_coordinate_within_county
1940163,University of Texas at Arlington,TX,Arlington city,-97.1071186,32.7355816,0.25,NSF|TX|ARLINGTON,48439,Tarrant,source_coordinate_within_county
2052063,University of South Florida,FL,Tampa city,-82.4583107,27.9449854,0.25,NSF|FL|TAMPA,12057,Hillsborough,source_coordinate_within_county
1940230,University of Hawaii,HI,Urban Honolulu CDP,-157.855676,21.304547,0.25,NSF|HI|HONOLULU,15003,Honolulu,source_coordinate_within_county
1940024,University of Washington,WA,Seattle city,-122.330062,47.6038321,1.0,NSF|WA|SEATTLE,53033,King,source_coordinate_within_county
1940091,University of Wisconsin-Madison,WI,Madison city,-89.3841663,43.07469,0.25,NSF|WI|MADISON,55025,Dane,source_coordinate_within_county
1939943,University of Southern Maine,ME,Portland city,-70.2586618,43.6573605,1.0,NSF|ME|PORTLAND,23005,Cumberland,source_coordinate_within_county
1739085,University of Washington,WA,Seattle city,-122.330062,47.6038321,1.0,NSF|WA|SEATTLE,53033,King,source_coordinate_within_county
1739964,University of Texas at Austin,TX,Austin city,-97.7436995,30.2711286,1.0,NSF|TX|AUSTIN,48453,Travis,source_coordinate_within_county
1762034,University of Nebraska at Omaha,NE,Omaha city,-95.9383758,41.2587459,1.0,NSF|NE|OMAHA,31055,Douglas,source_coordinate_within_county
1761795,FPF Education and Innovation Foundation,DC,Washington city,-77.0363849,38.8950982,1.0,NSF|DC|WASHINGTON,11001,District of Columbia,source_coordinate_within_county
1801865,William Marsh Rice University,TX,Houston city,-95.3676974,29.7589382,1.0,NSF|TX|HOUSTON,48201,Harris,source_coordinate_within_county
1762378,Texas A&M University Corpus Christi,TX,Corpus Christi city,-97.4033191,27.7635302,0.5,NSF|TX|CORPUS CHRISTI,48355,Nueces,source_coordinate_within_county
1762493,University of South Florida,FL,Tampa city,-82.4583107,27.9449854,0.5,NSF|FL|TAMPA,12057,Hillsborough,source_coordinate_within_county
1763294,Coastal Carolina University,SC,Conway city,-79.0478143,33.8360035,0.5,NSF|SC|CONWAY,45051,Horry,source_coordinate_within_county
1763203,Florida Atlantic University,FL,Boca Raton city,-80.0830984,26.3586885,0.5,NSF|FL|BOCA RATON,12099,Palm Beach,source_coordinate_within_county
1737645,University of Oregon Eugene,OR,Eugene city,-123.0950506,44.0505054,1.0,NSF|OR|EUGENE,41039,Lane,source_coordinate_within_county
1737591,Purdue University,IN,West Lafayette city,-86.9080655,40.4258686,1.0,NSF|IN|WEST LAFAYETTE,18157,Tippecanoe,source_coordinate_within_county
2020888,University of Massachusetts Amherst,MA,Amherst Town city,-72.5198761,42.3731948,1.0,NSF|MA|AMHERST,25015,Hampshire,source_coordinate_within_county
2010014,Reed College,OR,Portland city,-122.674194,45.5202471,1.0,NSF|OR|PORTLAND,41051,Multnomah,source_coordinate_within_county
2021035,George Mason University,VA,Fairfax city,-77.3063733,38.8462236,0.333333333333,NSF|VA|FAIRFAX,51600,Fairfax,source_coordinate_within_county
2021044,University of Kansas Center for Research Inc,KS,Lawrence city,-95.2359403,38.9719137,0.333333333333,NSF|KS|LAWRENCE,20045,Douglas,source_coordinate_within_county
2020904,The University of Central Florida Board of Trustees,FL,Orlando city,-81.379045,28.5421218,0.333333333333,NSF|FL|ORLANDO,12095,Orange,source_coordinate_within_county
1941561,Indiana University,IN,Bloomington city,-86.5342881,39.1670396,1.0,NSF|IN|BLOOMINGTON,18105,Monroe,source_coordinate_within_county
2001261,Yale University,CT,New Haven city,-72.9250518,41.3082138,1.0,NSF|CT|NEW HAVEN,09170,South Central Connecticut,source_coordinate_within_county
1949505,Columbia University,NY,New York city,-74.0060152,40.7127281,1.0,NSF|NY|NEW YORK,36061,New York,source_coordinate_within_county
1949873,Clark University,MA,Worcester city,-71.8018877,42.2625621,1.0,NSF|MA|WORCESTER,25027,Worcester,source_coordinate_within_county
1949379,"OHIO STATE UNIVERSITY, THE",OH,Columbus city,-83.0007065,39.9622601,1.0,NSF|OH|COLUMBUS,39049,Franklin,source_coordinate_within_county
1948885,Yale University,CT,New Haven city,-72.9250518,41.3082138,1.0,NSF|CT|NEW HAVEN,09170,South Central Connecticut,source_coordinate_within_county
1946928,University of North Carolina at Chapel Hill,NC,Chapel Hill town,-79.05578,35.9131542,1.0,NSF|NC|CHAPEL HILL,37135,Orange,source_coordinate_within_county
1922257,Rensselaer Polytechnic Institute,NY,Troy city,-73.6917878,42.7284117,1.0,NSF|NY|TROY,36083,Rensselaer,source_coordinate_within_county
1934346,Michigan Technological University,MI,Houghton city,-88.569012,47.121872,0.5,NSF|MI|HOUGHTON,26061,Houghton,source_coordinate_within_county
1931871,The University of Central Florida Board of Trustees,FL,Orlando city,-81.379045,28.5421218,1.0,NSF|FL|ORLANDO,12095,Orange,source_coordinate_within_county
1934348,Michigan State University,MI,East Lansing city,-84.4721678,42.7320307,0.5,NSF|MI|EAST LANSING,26065,Ingham,source_coordinate_within_county
1853637,SUNY College at New Paltz,NY,New Paltz village,-74.0844894,41.7464972,1.0,NSF|NY|NEW PALTZ,36111,Ulster,source_coordinate_within_county
1917969,University of Illinois at Chicago,IL,Chicago city,-87.6244212,41.8755616,1.0,NSF|IL|CHICAGO,17031,Cook,source_coordinate_within_county
1918128,Northeastern University,MA,Boston city,-71.0578303,42.3588336,1.0,NSF|MA|BOSTON,25025,Suffolk,source_coordinate_within_county
1853713,National Academy of Sciences,DC,Washington city,-77.0363849,38.8950982,1.0,NSF|DC|WASHINGTON,11001,District of Columbia,source_coordinate_within_county
1919353,Colorado State University,CO,Fort Collins city,-105.0770113,40.5871782,1.0,NSF|CO|FORT COLLINS,08069,Larimer,source_coordinate_within_county
1917829,Harvard University,MA,Cambridge city,-71.1040018,42.3656347,1.0,NSF|MA|CAMBRIDGE,25017,Middlesex,source_coordinate_within_county
1853809,"Georgia State University Research Foundation, Inc.",GA,Atlanta city,-84.3898151,33.7544657,1.0,NSF|GA|ATLANTA,13121,Fulton,source_coordinate_within_county
1920807,University of Arizona,AZ,Tucson city,-110.974847,32.2228765,1.0,NSF|AZ|TUCSON,04019,Pima,source_coordinate_within_county
1919028,New York University,NY,New York city,-74.0060152,40.7127281,1.0,NSF|NY|NEW YORK,36061,New York,source_coordinate_within_county
1918352,Clemson University,SC,Clemson city,-82.8364111,34.6850749,1.0,NSF|SC|CLEMSON,45077,Pickens,source_coordinate_within_county
1929764,Georgetown University,DC,Washington city,-77.0363849,38.8950982,1.0,NSF|DC|WASHINGTON,11001,District of Columbia,source_coordinate_within_county
1853775,University of Alabama Tuscaloosa,AL,Tuscaloosa city,-87.5675258,33.2095614,0.5,NSF|AL|TUSCALOOSA,01125,Tuscaloosa,source_coordinate_within_county
1903911,University of California-Irvine,CA,Irvine city,-117.825981,33.6856969,1.0,NSF|CA|IRVINE,06059,Orange,source_coordinate_within_county
1853903,CAL POLY HUMBOLDT SPONSORED PROGRAMS FOUNDATION,CA,Arcata city,-124.08284,40.866517,1.0,NSF|CA|ARCATA,06023,Humboldt,source_coordinate_within_county
1929917,SUNY at Buffalo,NY,Amherst town,-78.7997616,42.9783924,1.0,NSF|NY|AMHERST,36029,Erie,source_coordinate_within_county
1929927,"OHIO STATE UNIVERSITY, THE",OH,Columbus city,-83.0007065,39.9622601,1.0,NSF|OH|COLUMBUS,39049,Franklin,source_coordinate_within_county
1852987,University of Pennsylvania,PA,Philadelphia city,-75.1635262,39.9527237,1.0,NSF|PA|PHILADELPHIA,42101,Philadelphia,source_coordinate_within_county
1853832,Macalester College,MN,St. Paul city,-93.0931028,44.9497487,1.0,NSF|MN|SAINT PAUL,27123,Ramsey,source_coordinate_within_county
1853109,New College of Florida,FL,Sarasota city,-82.5308545,27.3365805,1.0,NSF|FL|SARASOTA,12115,Sarasota,source_coordinate_within_county
1853185,Emory University,GA,Atlanta city,-84.3898151,33.7544657,1.0,NSF|GA|ATLANTA,13121,Fulton,source_coordinate_within_county
1832713,University of Nevada Las Vegas,NV,Las Vegas city,-115.1484131,36.1674263,1.0,NSF|NV|LAS VEGAS,32003,Clark,source_coordinate_within_county
1901588,North Carolina State University,NC,Raleigh city,-78.6390989,35.7803977,0.5,NSF|NC|RALEIGH,37183,Wake,source_coordinate_within_county
1841615,Columbia University,NY,New York city,-74.0060152,40.7127281,1.0,NSF|NY|NEW YORK,36061,New York,source_coordinate_within_county
1825486,North Carolina State University,NC,Raleigh city,-78.6390989,35.7803977,0.25,NSF|NC|RALEIGH,37183,Wake,source_coordinate_within_county
1803240,University of Washington,WA,Seattle city,-122.330062,47.6038321,1.0,NSF|WA|SEATTLE,53033,King,source_coordinate_within_county
1825712,Rensselaer Polytechnic Institute,NY,Troy city,-73.6917878,42.7284117,0.25,NSF|NY|TROY,36083,Rensselaer,source_coordinate_within_county
1831140,University of Minnesota-Twin Cities,MN,Minneapolis city,-93.2654692,44.9772995,1.0,NSF|MN|MINNEAPOLIS,27053,Hennepin,source_coordinate_within_county
1825490,University of Alaska Anchorage Campus,AK,Anchorage municipality,-149.894852,61.2163129,0.25,NSF|AK|ANCHORAGE,02020,Anchorage,source_coordinate_within_county
1822156,University of Colorado at Boulder,CO,Boulder city,-105.270545,40.0149856,1.0,NSF|CO|BOULDER,08013,Boulder,source_coordinate_within_county
1802458,University of St. Thomas,MN,St. Paul city,-93.0931028,44.9497487,1.0,NSF|MN|SAINT PAUL,27123,Ramsey,source_coordinate_within_county
1840464,University of Texas at El Paso,TX,El Paso city,-106.4870476,31.7601001,1.0,NSF|TX|EL PASO,48141,El Paso,source_coordinate_within_county
1802388,University of Wisconsin-Madison,WI,Madison city,-89.3841663,43.07469,1.0,NSF|WI|MADISON,55025,Dane,source_coordinate_within_county
1762595,University of Georgia Research Foundation Inc,GA,Athens-Clarke County unified government (balance),-83.376398,33.9597677,1.0,NSF|GA|ATHENS,13059,Clarke,source_coordinate_within_county
1840652,Oregon State University,OR,Corvallis city,-123.2620435,44.5645659,1.0,NSF|OR|CORVALLIS,41003,Benton,source_coordinate_within_county
1840540,Columbia University,NY,New York city,-74.0060152,40.7127281,1.0,NSF|NY|NEW YORK,36061,New York,source_coordinate_within_county
1840435,Stanford University,CA,Stanford CDP,-122.1702445,37.427467,1.0,NSF|CA|STANFORD,06085,Santa Clara,source_coordinate_within_county
1822184,CUNY City College,NY,New York city,-74.0060152,40.7127281,1.0,NSF|NY|NEW YORK,36061,New York,source_coordinate_within_county
1907563,Georgia Tech Research Corporation,GA,Atlanta city,-84.3898151,33.7544657,0.333333333333,NSF|GA|ATLANTA,13121,Fulton,source_coordinate_within_county
1802474,University of Maryland Baltimore County,MD,Baltimore city,-76.610759,39.2908816,1.0,NSF|MD|BALTIMORE,24510,Baltimore,source_coordinate_within_county
1804453,University of Illinois at Urbana-Champaign,IL,Urbana city,-88.207301,40.1117174,1.0,NSF|IL|URBANA,17019,Champaign,source_coordinate_within_county
1803593,University of Massachusetts Amherst,MA,Amherst Town city,-72.5198761,42.3731948,1.0,NSF|MA|AMHERST,25015,Hampshire,source_coordinate_within_county
1762749,University of Illinois at Urbana-Champaign,IL,Urbana city,-88.207301,40.1117174,0.5,NSF|IL|URBANA,17019,Champaign,source_coordinate_within_county
1763129,University of California-Davis,CA,Davis city,-121.739005,38.5435526,0.5,NSF|CA|DAVIS,06113,Yolo,source_coordinate_within_county
1805550,South Dakota School of Mines and Technology,SD,Rapid City city,-103.228023,44.0806041,1.0,NSF|SD|RAPID CITY,46103,Pennington,source_coordinate_within_county
1803920,Iowa State University,IA,Ames city,-93.6170448,42.0267567,1.0,NSF|IA|AMES,19169,Story,source_coordinate_within_county
1833076,Oklahoma State University,OK,Stillwater city,-97.0585717,36.1156306,0.333333333333,NSF|OK|STILLWATER,40119,Payne,source_coordinate_within_county
1833084,Jacksonville State University,AL,Jacksonville city,-85.7612872,33.8137919,0.333333333333,NSF|AL|JACKSONVILLE,01015,Calhoun,source_coordinate_within_county
1805584,Texas A&M Engineering Experiment Station,TX,College Station city,-96.3455991,30.6183939,1.0,NSF|TX|COLLEGE STATION,48041,Brazos,source_coordinate_within_county
1805340,Colorado State University,CO,Fort Collins city,-105.0770113,40.5871782,1.0,NSF|CO|FORT COLLINS,08069,Larimer,source_coordinate_within_county
1752231,University of Connecticut,CT,Storrs CDP,-72.2495231,41.8084314,1.0,NSF|CT|STORRS,09110,Capitol,source_coordinate_within_county
1805319,Kent State University,OH,Kent city,-81.3578047,41.1513108,1.0,NSF|OH|KENT,39133,Portage,source_coordinate_within_county
1829433,Texas A&M Engineering Experiment Station,TX,College Station city,-96.3455991,30.6183939,0.5,NSF|TX|COLLEGE STATION,48041,Brazos,source_coordinate_within_county
1829412,University of Utah,UT,Salt Lake City city,-111.886797,40.7596198,0.5,NSF|UT|SALT LAKE CITY,49035,Salt Lake,source_coordinate_within_county
1750744,Regents of the University of Michigan - Ann Arbor,MI,Ann Arbor city,-83.7484616,42.2813722,1.0,NSF|MI|ANN ARBOR,26161,Washtenaw,source_coordinate_within_county
1805721,Texas State University - San Marcos,TX,San Marcos city,-97.9405828,29.8826436,1.0,NSF|TX|SAN MARCOS,48209,Hays,source_coordinate_within_county
1938111,GENERATE LLC,MA,Boston city,-71.0578303,42.3588336,1.0,NSF|MA|BOSTON,25025,Suffolk,source_coordinate_within_county
1937099,University of Cincinnati Main Campus,OH,Cincinnati city,-84.5127405,39.1012809,1.0,NSF|OH|CINCINNATI,39061,Hamilton,source_coordinate_within_county
1937115,University of Illinois at Urbana-Champaign,IL,Urbana city,-88.207301,40.1117174,1.0,NSF|IL|URBANA,17019,Champaign,source_coordinate_within_county
1936884,Regents of the University of Michigan - Ann Arbor,MI,Ann Arbor city,-83.7484616,42.2813722,1.0,NSF|MI|ANN ARBOR,26161,Washtenaw,source_coordinate_within_county
1913428,VIANAIR INC.,FL,Naples city,-81.7942944,26.1421976,1.0,NSF|FL|NAPLES,12021,Collier,source_coordinate_within_county
1933799,Purdue University,IN,West Lafayette city,-86.9080655,40.4258686,1.0,NSF|IN|WEST LAFAYETTE,18157,Tippecanoe,source_coordinate_within_county
1912913,"University of Maryland, College Park",MD,College Park city,-76.9369189,38.980666,1.0,NSF|MD|COLLEGE PARK,24033,Prince George's,source_coordinate_within_county
1760710,Lamar University,TX,Beaumont city,-94.0984277,30.0829344,0.5,NSF|TX|BEAUMONT,48245,Jefferson,source_coordinate_within_county
1802394,University of Oregon Eugene,OR,Eugene city,-123.0950506,44.0505054,1.0,NSF|OR|EUGENE,41039,Lane,source_coordinate_within_county
1842686,"Kaizen Technologies, Inc",IL,Chicago city,-87.6244212,41.8755616,1.0,NSF|IL|CHICAGO,17031,Cook,source_coordinate_within_county
1760673,Texas Tech University,TX,Lubbock city,-101.8470215,33.5855677,0.5,NSF|TX|LUBBOCK,48303,Lubbock,source_coordinate_within_county
1760497,Texas Tech University,TX,Lubbock city,-101.8470215,33.5855677,1.0,NSF|TX|LUBBOCK,48303,Lubbock,source_coordinate_within_county
1760766,University of Washington,WA,Seattle city,-122.330062,47.6038321,1.0,NSF|WA|SEATTLE,53033,King,source_coordinate_within_county
1759440,University of Houston,TX,Houston city,-95.3676974,29.7589382,1.0,NSF|TX|HOUSTON,48201,Harris,source_coordinate_within_county
1759709,Texas A&M Engineering Experiment Station,TX,College Station city,-96.3455991,30.6183939,1.0,NSF|TX|COLLEGE STATION,48041,Brazos,source_coordinate_within_county
1759457,William Marsh Rice University,TX,Houston city,-95.3676974,29.7589382,1.0,NSF|TX|HOUSTON,48201,Harris,source_coordinate_within_county
1726964,South Dakota State University,SD,Brookings city,-96.79844,44.311461,1.0,NSF|SD|BROOKINGS,46011,Brookings,source_coordinate_within_county
1745829,Florida International University,FL,Miami city,-80.1935973,25.7741566,1.0,NSF|FL|MIAMI,12086,Miami-Dade,source_coordinate_within_county
1745921,Temple University,PA,Philadelphia city,-75.1635262,39.9527237,0.333333333333,NSF|PA|PHILADELPHIA,42101,Philadelphia,source_coordinate_within_county
1706143,University of New Hampshire,NH,Durham CDP,-70.9177186,43.1214141,1.0,NSF|NH|DURHAM,33017,Strafford,source_coordinate_within_county
1727785,University of Illinois at Urbana-Champaign,IL,Urbana city,-88.207301,40.1117174,1.0,NSF|IL|URBANA,17019,Champaign,source_coordinate_within_county
1706905,Columbia University,NY,New York city,-74.0060152,40.7127281,1.0,NSF|NY|NEW YORK,36061,New York,source_coordinate_within_county
1745912,University of Pennsylvania,PA,Philadelphia city,-75.1635262,39.9527237,0.333333333333,NSF|PA|PHILADELPHIA,42101,Philadelphia,source_coordinate_within_county
1818526,University of Florida,FL,Gainesville city,-82.3249846,29.6519684,0.5,NSF|FL|GAINESVILLE,12001,Alachua,source_coordinate_within_county
1705924,Kennesaw State University Research and Service Foundation,GA,Kennesaw city,-84.6154897,34.0234337,1.0,NSF|GA|KENNESAW,13067,Cobb,source_coordinate_within_county
1728612,Southern Methodist University,TX,Dallas city,-96.7968559,32.7762719,1.0,NSF|TX|DALLAS,48113,Dallas,source_coordinate_within_county
1827827,"University of Maryland, College Park",MD,College Park city,-76.9369189,38.980666,1.0,NSF|MD|COLLEGE PARK,24033,Prince George's,source_coordinate_within_county
1662968,Pennsylvania State Univ University Park,PA,College township,-77.8710571,40.8128971,0.333333333333,NSF|PA|UNIVERSITY PARK,42027,Centre,source_coordinate_within_county
1706612,Purdue University,IN,West Lafayette city,-86.9080655,40.4258686,1.0,NSF|IN|WEST LAFAYETTE,18157,Tippecanoe,source_coordinate_within_county
1706097,Yale University,CT,New Haven city,-72.9250518,41.3082138,1.0,NSF|CT|NEW HAVEN,09170,South Central Connecticut,source_coordinate_within_county
1740463,Florida Agricultural and Mechanical University,FL,Tallahassee city,-84.2809332,30.4380832,1.0,NSF|FL|TALLAHASSEE,12073,Leon,source_coordinate_within_county
1663513,Virginia Polytechnic Institute and State University,VA,Blacksburg town,-80.4136767,37.2296566,1.0,NSF|VA|BLACKSBURG,51121,Montgomery,source_coordinate_within_county
1662692,Purdue University,IN,West Lafayette city,-86.9080655,40.4258686,0.333333333333,NSF|IN|WEST LAFAYETTE,18157,Tippecanoe,source_coordinate_within_county
1702618,Northeastern University,MA,Boston city,-71.0578303,42.3588336,1.0,NSF|MA|BOSTON,25025,Suffolk,source_coordinate_within_county
1707117,William Marsh Rice University,TX,Houston city,-95.3676974,29.7589382,1.0,NSF|TX|HOUSTON,48201,Harris,source_coordinate_within_county
1706819,University of Maryland Baltimore County,MD,Baltimore city,-76.610759,39.2908816,1.0,NSF|MD|BALTIMORE,24510,Baltimore,source_coordinate_within_county
1653226,Georgia Tech Research Corporation,GA,Atlanta city,-84.3898151,33.7544657,0.5,NSF|GA|ATLANTA,13121,Fulton,source_coordinate_within_county
1723949,University of Pittsburgh,PA,Pittsburgh city,-80.0025666,40.4406968,1.0,NSF|PA|PITTSBURGH,42003,Allegheny,source_coordinate_within_county
1740865,Regents of the University of Michigan - Ann Arbor,MI,Ann Arbor city,-83.7484616,42.2813722,0.5,NSF|MI|ANN ARBOR,26161,Washtenaw,source_coordinate_within_county
1713756,George Mason University,VA,Fairfax city,-77.3063733,38.8462236,1.0,NSF|VA|FAIRFAX,51600,Fairfax,source_coordinate_within_county
1659882,University of Denver,CO,Denver city,-104.984862,39.7392364,1.0,NSF|CO|DENVER,08031,Denver,source_coordinate_within_county
1724168,Regents of the University of Michigan - Ann Arbor,MI,Ann Arbor city,-83.7484616,42.2813722,1.0,NSF|MI|ANN ARBOR,26161,Washtenaw,source_coordinate_within_county
1653527,Kansas State University,KS,Manhattan city,-96.5716694,39.1836082,1.0,NSF|KS|MANHATTAN,20161,Riley,source_coordinate_within_county
1636437,University of Minnesota-Twin Cities,MN,Minneapolis city,-93.2654692,44.9772995,1.0,NSF|MN|MINNEAPOLIS,27053,Hennepin,source_coordinate_within_county
1633082,Indiana University,IN,Bloomington city,-86.5342881,39.1670396,1.0,NSF|IN|BLOOMINGTON,18105,Monroe,source_coordinate_within_county
1639524,Regents of the University of Idaho,ID,Moscow city,-117.000165,46.7323875,1.0,NSF|ID|MOSCOW,16057,Latah,source_coordinate_within_county
1638334,University of New Hampshire,NH,Durham CDP,-70.9177186,43.1214141,0.333333333333,NSF|NH|DURHAM,33017,Strafford,source_coordinate_within_county
1633880,Syracuse University,NY,Syracuse city,-76.1474244,43.0481221,1.0,NSF|NY|SYRACUSE,36067,Onondaga,source_coordinate_within_county
1638268,Georgia Tech Research Corporation,GA,Atlanta city,-84.3898151,33.7544657,0.333333333333,NSF|GA|ATLANTA,13121,Fulton,source_coordinate_within_county
1558558,University of Arizona,AZ,Tucson city,-110.974847,32.2228765,1.0,NSF|AZ|TUCSON,04019,Pima,source_coordinate_within_county
1559334,University of California-Los Angeles,CA,Los Angeles city,-118.242766,34.0536909,1.0,NSF|CA|LOS ANGELES,06037,Los Angeles,source_coordinate_within_county
1632445,University of Chicago,IL,Chicago city,-87.6244212,41.8755616,1.0,NSF|IL|CHICAGO,17031,Cook,source_coordinate_within_county
1638137,Arizona State University,AZ,Scottsdale city,-111.926018,33.4942189,1.0,NSF|AZ|SCOTTSDALE,04013,Maricopa,source_coordinate_within_county
1627439,Rutgers University New Brunswick,NJ,New Brunswick city,-74.4436416,40.4936119,1.0,NSF|NJ|NEW BRUNSWICK,34023,Middlesex,source_coordinate_within_county
1617053,Trustees of Boston University,MA,Boston city,-71.0578303,42.3588336,1.0,NSF|MA|BOSTON,25025,Suffolk,source_coordinate_within_county
1628580,University of Chicago,IL,Chicago city,-87.6244212,41.8755616,1.0,NSF|IL|CHICAGO,17031,Cook,source_coordinate_within_county
1558577,University of Minnesota-Twin Cities,MN,Minneapolis city,-93.2654692,44.9772995,1.0,NSF|MN|MINNEAPOLIS,27053,Hennepin,source_coordinate_within_county
1552692,National Bureau of Economic Research Inc,MA,Cambridge city,-71.1040018,42.3656347,1.0,NSF|MA|CAMBRIDGE,25017,Middlesex,source_coordinate_within_county
1615154,University of South Carolina at Columbia,SC,Columbia city,-81.0352313,34.000754,1.0,NSF|SC|COLUMBIA,45079,Richland,source_coordinate_within_county
2035176,Drexel University,PA,Philadelphia city,-75.1635262,39.9527237,0.5,NSF|PA|PHILADELPHIA,42101,Philadelphia,source_coordinate_within_county
1646912,University of Washington,WA,Seattle city,-122.330062,47.6038321,0.5,NSF|WA|SEATTLE,53033,King,source_coordinate_within_county
1626374,SUNY at Buffalo,NY,Amherst town,-78.7997616,42.9783924,1.0,NSF|NY|AMHERST,36029,Erie,source_coordinate_within_county
1619184,University of California-San Diego,CA,San Diego city,-117.2740777,32.8401623,1.0,NSF|CA|LA JOLLA,06073,San Diego,source_coordinate_within_county
1639268,University of North Carolina at Chapel Hill,NC,Chapel Hill town,-79.05578,35.9131542,1.0,NSF|NC|CHAPEL HILL,37135,Orange,source_coordinate_within_county
1647015,Vanderbilt University,TN,Nashville-Davidson metropolitan government (balance),-86.7742984,36.1622767,0.5,NSF|TN|NASHVILLE,47037,Davidson,source_coordinate_within_county
1636772,Texas A&M Engineering Experiment Station,TX,College Station city,-96.3455991,30.6183939,0.333333333333,NSF|TX|COLLEGE STATION,48041,Brazos,source_coordinate_within_county
1636783,Georgia Tech Research Corporation,GA,Atlanta city,-84.3898151,33.7544657,0.333333333333,NSF|GA|ATLANTA,13121,Fulton,source_coordinate_within_county
1646107,Northwestern University,IL,Evanston city,-87.6846053,42.0470043,0.333333333333,NSF|IL|EVANSTON,17031,Cook,source_coordinate_within_county
1645661,Brown University,RI,Providence city,-71.4128343,41.8239891,0.333333333333,NSF|RI|PROVIDENCE,44007,Providence,source_coordinate_within_county
1636770,Temple University,PA,Philadelphia city,-75.1635262,39.9527237,0.333333333333,NSF|PA|PHILADELPHIA,42101,Philadelphia,source_coordinate_within_county
1640587,Florida State University,FL,Tallahassee city,-84.2809332,30.4380832,1.0,NSF|FL|TALLAHASSEE,12073,Leon,source_coordinate_within_county
1640687,University of Vermont & State Agricultural College,VT,Burlington city,-73.212906,44.4761601,1.0,NSF|VT|BURLINGTON,50007,Chittenden,source_coordinate_within_county
1640749,Portland State University,OR,Portland city,-122.674194,45.5202471,1.0,NSF|OR|PORTLAND,41051,Multnomah,source_coordinate_within_county
1637232,Regents of the University of Michigan - Ann Arbor,MI,Ann Arbor city,-83.7484616,42.2813722,1.0,NSF|MI|ANN ARBOR,26161,Washtenaw,source_coordinate_within_county
1637242,Kent State University,OH,Kent city,-81.3578047,41.1513108,1.0,NSF|OH|KENT,39133,Portage,source_coordinate_within_county
1664720,Carnegie Mellon University,PA,Pittsburgh city,-80.0025666,40.4406968,1.0,NSF|PA|PITTSBURGH,42003,Allegheny,source_coordinate_within_county
1646395,University of Illinois at Chicago,IL,Chicago city,-87.6244212,41.8755616,0.333333333333,NSF|IL|CHICAGO,17031,Cook,source_coordinate_within_county
1634136,University of Washington,WA,Seattle city,-122.330062,47.6038321,1.0,NSF|WA|SEATTLE,53033,King,source_coordinate_within_county
1764340,Texas A&M University,TX,College Station city,-96.3455991,30.6183939,1.0,NSF|TX|COLLEGE STATION,48041,Brazos,source_coordinate_within_county
1760582,Louisiana State University,LA,Baton Rouge city,-91.1869659,30.4494155,1.0,NSF|LA|BATON ROUGE,22033,East Baton Rouge,source_coordinate_within_county
1738588,Regents of the University of Michigan - Ann Arbor,MI,Ann Arbor city,-83.7484616,42.2813722,1.0,NSF|MI|ANN ARBOR,26161,Washtenaw,source_coordinate_within_county
1760463,Texas A&M University,TX,College Station city,-96.3455991,30.6183939,1.0,NSF|TX|COLLEGE STATION,48041,Brazos,source_coordinate_within_county
1724890,"START International, Inc.",CO,Fort Collins city,-105.0770113,40.5871782,1.0,NSF|CO|FORT COLLINS,08069,Larimer,source_coordinate_within_county
1641167,University of Illinois at Urbana-Champaign,IL,Urbana city,-88.207301,40.1117174,1.0,NSF|IL|URBANA,17019,Champaign,source_coordinate_within_county
1703009,University of Texas at Austin,TX,Austin city,-97.7436995,30.2711286,0.5,NSF|TX|AUSTIN,48453,Travis,source_coordinate_within_county
1739676,University of California-Berkeley,CA,Berkeley city,-122.272863,37.8708393,1.0,NSF|CA|BERKELEY,06001,Alameda,source_coordinate_within_county
1664091,Carnegie Mellon University,PA,Pittsburgh city,-80.0025666,40.4406968,0.5,NSF|PA|PITTSBURGH,42003,Allegheny,source_coordinate_within_county
1664021,Princeton University,NJ,Princeton,-74.6597376,40.3496953,0.5,NSF|NJ|PRINCETON,34021,Mercer,source_coordinate_within_county
1664175,University of Utah,UT,Salt Lake City city,-111.886797,40.7596198,1.0,NSF|UT|SALT LAKE CITY,49035,Salt Lake,source_coordinate_within_county
1702271,University of Arizona,AZ,Tucson city,-110.974847,32.2228765,0.5,NSF|AZ|TUCSON,04019,Pima,source_coordinate_within_county
1664173,University of California-Santa Barbara,CA,Santa Barbara city,-119.702667,34.4221319,1.0,NSF|CA|SANTA BARBARA,06083,Santa Barbara,source_coordinate_within_county
1719252,University of Maryland Baltimore County,MD,Baltimore city,-76.610759,39.2908816,0.5,NSF|MD|BALTIMORE,24510,Baltimore,source_coordinate_within_county
1719245,University of California-Irvine,CA,Irvine city,-117.825981,33.6856969,0.5,NSF|CA|IRVINE,06059,Orange,source_coordinate_within_county
1713001,University of Wisconsin-Madison,WI,Madison city,-89.3841663,43.07469,0.333333333333,NSF|WI|MADISON,55025,Dane,source_coordinate_within_county
1712828,University of Minnesota-Twin Cities,MN,Minneapolis city,-93.2654692,44.9772995,0.333333333333,NSF|MN|MINNEAPOLIS,27053,Hennepin,source_coordinate_within_county
1621554,Portland State University,OR,Portland city,-122.674194,45.5202471,1.0,NSF|OR|PORTLAND,41051,Multnomah,source_coordinate_within_county
1712909,University of Iowa,IA,Iowa City city,-91.5299106,41.6612561,0.333333333333,NSF|IA|IOWA CITY,19103,Johnson,source_coordinate_within_county
1659543,Old Dominion University Research Foundation,VA,Norfolk city,-76.2899539,36.8493695,1.0,NSF|VA|NORFOLK,51710,Norfolk,source_coordinate_within_county
1645062,University of Houston,TX,Houston city,-95.3676974,29.7589382,0.5,NSF|TX|HOUSTON,48201,Harris,source_coordinate_within_county
1644998,University of Washington,WA,Seattle city,-122.330062,47.6038321,0.5,NSF|WA|SEATTLE,53033,King,source_coordinate_within_county
1660049,East Carolina University,NC,Greenville city,-77.3724593,35.613224,1.0,NSF|NC|GREENVILLE,37147,Pitt,source_coordinate_within_county
1644375,University of California-Los Angeles,CA,Los Angeles city,-118.242766,34.0536909,0.5,NSF|CA|LOS ANGELES,06037,Los Angeles,source_coordinate_within_county
1644382,Duke University,NC,Durham city,-78.9018053,35.996653,0.5,NSF|NC|DURHAM,37063,Durham,source_coordinate_within_county
1823978,Yale University,CT,New Haven city,-72.9250518,41.3082138,1.0,NSF|CT|NEW HAVEN,09170,South Central Connecticut,source_coordinate_within_county
1832191,Trustees of Boston University,MA,Boston city,-71.0578303,42.3588336,1.0,NSF|MA|BOSTON,25025,Suffolk,source_coordinate_within_county
1823119,Yale University,CT,New Haven city,-72.9250518,41.3082138,1.0,NSF|CT|NEW HAVEN,09170,South Central Connecticut,source_coordinate_within_county
1824317,National Bureau of Economic Research Inc,MA,Cambridge city,-71.1040018,42.3656347,1.0,NSF|MA|CAMBRIDGE,25017,Middlesex,source_coordinate_within_county
1823618,SUNY College at Brockport,NY,Brockport village,-77.93918,43.213671,1.0,NSF|NY|BROCKPORT,36055,Monroe,source_coordinate_within_county
1823509,University of Colorado at Boulder,CO,Boulder city,-105.270545,40.0149856,1.0,NSF|CO|BOULDER,08013,Boulder,source_coordinate_within_county
1654642,University of Delaware,DE,Newark city,-75.7515682,39.6828358,1.0,NSF|DE|NEWARK,10003,New Castle,source_coordinate_within_county
1759594,University of Georgia Research Foundation Inc,GA,Athens-Clarke County unified government (balance),-83.376398,33.9597677,1.0,NSF|GA|ATHENS,13059,Clarke,source_coordinate_within_county
1750621,University of California-Davis,CA,Davis city,-121.739005,38.5435526,1.0,NSF|CA|DAVIS,06113,Yolo,source_coordinate_within_county
1802543,Brown University,RI,Providence city,-71.4128343,41.8239891,1.0,NSF|RI|PROVIDENCE,44007,Providence,source_coordinate_within_county
1759596,Northeastern University,MA,Boston city,-71.0578303,42.3588336,1.0,NSF|MA|BOSTON,25025,Suffolk,source_coordinate_within_county
1757630,University of Illinois at Urbana-Champaign,IL,Urbana city,-88.207301,40.1117174,1.0,NSF|IL|URBANA,17019,Champaign,source_coordinate_within_county
1759714,University of North Carolina at Charlotte,NC,Charlotte city,-80.8430827,35.2272086,1.0,NSF|NC|CHARLOTTE,37119,Mecklenburg,source_coordinate_within_county
1932482,Colorado School of Mines,CO,Golden city,-105.22058,39.7546349,1.0,NSF|CO|GOLDEN,08059,Jefferson,source_coordinate_within_county
1754594,Columbia University,NY,New York city,-74.0060152,40.7127281,1.0,NSF|NY|NEW YORK,36061,New York,source_coordinate_within_county
1914522,University of Southern California,CA,Los Angeles city,-118.242766,34.0536909,0.333333333333,NSF|CA|LOS ANGELES,06037,Los Angeles,source_coordinate_within_county
1926470,New York University,NY,New York city,-74.0060152,40.7127281,1.0,NSF|NY|NEW YORK,36061,New York,source_coordinate_within_county
1924146,Baylor University,TX,Waco city,-97.1474628,31.5491899,1.0,NSF|TX|WACO,48309,McLennan,source_coordinate_within_county
1935984,Northwestern University,IL,Evanston city,-87.6846053,42.0470043,1.0,NSF|IL|EVANSTON,17031,Cook,source_coordinate_within_county
1850269,Indiana University,IN,Bloomington city,-86.5342881,39.1670396,1.0,NSF|IN|BLOOMINGTON,18105,Monroe,source_coordinate_within_county
1849238,Rutgers University New Brunswick,NJ,New Brunswick city,-74.4436416,40.4936119,0.5,NSF|NJ|NEW BRUNSWICK,34023,Middlesex,source_coordinate_within_county
1940127,SUNY at Stony Brook,NY,Stony Brook CDP,-73.140943,40.9256538,0.333333333333,NSF|NY|STONY BROOK,36103,Suffolk,source_coordinate_within_county
1849246,University of Connecticut,CT,Storrs CDP,-72.2495231,41.8084314,0.5,NSF|CT|STORRS,09110,Capitol,source_coordinate_within_county
1940268,Old Dominion University Research Foundation,VA,Norfolk city,-76.2899539,36.8493695,1.0,NSF|VA|NORFOLK,51710,Norfolk,source_coordinate_within_county
1940119,Colorado State University,CO,Fort Collins city,-105.0770113,40.5871782,0.333333333333,NSF|CO|FORT COLLINS,08069,Larimer,source_coordinate_within_county
1940192,Missouri University of Science and Technology,MO,Rolla city,-91.7708076,37.9509324,0.333333333333,NSF|MO|ROLLA,29161,Phelps,source_coordinate_within_county
1946340,North Carolina State University,NC,Raleigh city,-78.6390989,35.7803977,1.0,NSF|NC|RALEIGH,37183,Wake,source_coordinate_within_county
1946321,Northern Arizona University,AZ,Flagstaff city,-111.651822,35.1987522,1.0,NSF|AZ|FLAGSTAFF,04005,Coconino,source_coordinate_within_county
1940345,Oregon State University,OR,Corvallis city,-123.2620435,44.5645659,1.0,NSF|OR|CORVALLIS,41003,Benton,source_coordinate_within_county
1935290,Missouri University of Science and Technology,MO,Rolla city,-91.7708076,37.9509324,1.0,NSF|MO|ROLLA,29161,Phelps,source_coordinate_within_county
1940171,University of California-Irvine,CA,Irvine city,-117.825981,33.6856969,1.0,NSF|CA|IRVINE,06059,Orange,source_coordinate_within_county
1918983,Purdue University,IN,West Lafayette city,-86.9080655,40.4258686,0.5,NSF|IN|WEST LAFAYETTE,18157,Tippecanoe,source_coordinate_within_county
1918850,University of Wisconsin-Eau Claire,WI,Eau Claire city,-91.4984941,44.811349,0.5,NSF|WI|EAU CLAIRE,55035,Eau Claire,source_coordinate_within_county
1929382,The University of Central Florida Board of Trustees,FL,Orlando city,-81.379045,28.5421218,1.0,NSF|FL|ORLANDO,12095,Orange,source_coordinate_within_county
1856215,Harvard University,MA,Cambridge city,-71.1040018,42.3656347,1.0,NSF|MA|CAMBRIDGE,25017,Middlesex,source_coordinate_within_county
1841308,Texas A&M University,TX,College Station city,-96.3455991,30.6183939,1.0,NSF|TX|COLLEGE STATION,48041,Brazos,source_coordinate_within_county
1854975,Middlebury College,VT,Middlebury CDP,-73.167229,44.014299,0.5,NSF|VT|MIDDLEBURY,50001,Addison,source_coordinate_within_county
1854977,North Carolina State University,NC,Raleigh city,-78.6390989,35.7803977,0.5,NSF|NC|RALEIGH,37183,Wake,source_coordinate_within_county
1854951,Northwestern University,IL,Evanston city,-87.6846053,42.0470043,0.5,NSF|IL|EVANSTON,17031,Cook,source_coordinate_within_county
1852564,San Francisco State University,CA,San Francisco city,-122.4075201,37.7879363,1.0,NSF|CA|SAN FRANCISCO,06075,San Francisco,source_coordinate_within_county
1850015,Harvard University,MA,Cambridge city,-71.1040018,42.3656347,0.5,NSF|MA|CAMBRIDGE,25017,Middlesex,source_coordinate_within_county
1927743,Cornell University,NY,Ithaca city,-76.4968019,42.4396039,1.0,NSF|NY|ITHACA,36109,Tompkins,source_coordinate_within_county
1912664,University of Utah,UT,Salt Lake City city,-111.886797,40.7596198,1.0,NSF|UT|SALT LAKE CITY,49035,Salt Lake,source_coordinate_within_county
1854433,Colorado State University,CO,Fort Collins city,-105.0770113,40.5871782,1.0,NSF|CO|FORT COLLINS,08069,Larimer,source_coordinate_within_county
1848324,Carnegie Mellon University,PA,Pittsburgh city,-80.0025666,40.4406968,1.0,NSF|PA|PITTSBURGH,42003,Allegheny,source_coordinate_within_county
1832011,Howard University,DC,Washington city,-77.0363849,38.8950982,1.0,NSF|DC|WASHINGTON,11001,District of Columbia,source_coordinate_within_county
1832510,University of Colorado at Boulder,CO,Boulder city,-105.270545,40.0149856,0.5,NSF|CO|BOULDER,08013,Boulder,source_coordinate_within_county
1852816,San Diego State University Foundation,CA,San Diego city,-117.162772,32.7174202,1.0,NSF|CA|SAN DIEGO,06073,San Diego,source_coordinate_within_county
1952719,"Conservation Science Partners, Inc.",CA,Truckee town,-120.1835765,39.3279454,1.0,NSF|CA|TRUCKEE,06057,Nevada,source_coordinate_within_county
2025022,University of Washington,WA,Seattle city,-122.330062,47.6038321,1.0,NSF|WA|SEATTLE,53033,King,source_coordinate_within_county
1952050,University of Chicago,IL,Chicago city,-87.6244212,41.8755616,1.0,NSF|IL|CHICAGO,17031,Cook,source_coordinate_within_county
1947975,Wesleyan University,CT,Middletown city,-72.6509061,41.5623178,1.0,NSF|CT|MIDDLETOWN,09130,Lower Connecticut River Valley,source_coordinate_within_county
1951928,Arizona State University,AZ,Scottsdale city,-111.926018,33.4942189,1.0,NSF|AZ|SCOTTSDALE,04013,Maricopa,source_coordinate_within_county
2124858,University of Florida,FL,Gainesville city,-82.3249846,29.6519684,1.0,NSF|FL|GAINESVILLE,12001,Alachua,source_coordinate_within_county
2125259,Virginia Polytechnic Institute and State University,VA,Blacksburg town,-80.4136767,37.2296566,1.0,NSF|VA|BLACKSBURG,51121,Montgomery,source_coordinate_within_county
2125672,Portland State University,OR,Portland city,-122.674194,45.5202471,1.0,NSF|OR|PORTLAND,41051,Multnomah,source_coordinate_within_county
2126742,"TWO BEARS ENVIRONMENTAL CONSULTING, LLC",AK,Anchorage municipality,-149.894852,61.2163129,1.0,NSF|AK|ANCHORAGE,02020,Anchorage,source_coordinate_within_county
2122014,University of North Carolina at Charlotte,NC,Charlotte city,-80.8430827,35.2272086,1.0,NSF|NC|CHARLOTTE,37119,Mecklenburg,source_coordinate_within_county
2137745,SUNY at Stony Brook,NY,Stony Brook CDP,-73.140943,40.9256538,1.0,NSF|NY|STONY BROOK,36103,Suffolk,source_coordinate_within_county
2137891,University of South Florida,FL,Tampa city,-82.4583107,27.9449854,1.0,NSF|FL|TAMPA,12057,Hillsborough,source_coordinate_within_county
2128431,SUNY at Buffalo,NY,Amherst town,-78.7997616,42.9783924,1.0,NSF|NY|AMHERST,36029,Erie,source_coordinate_within_county
2051419,CANOPII INC.,OR,Silverton city,-122.7832947,45.0049305,1.0,NSF|OR|SILVERTON,41047,Marion,source_coordinate_within_county
2051780,Rebel Research LLC,CA,Rancho Palos Verdes city,-118.3707683,33.7483311,1.0,NSF|CA|RANCHO PALOS VERDES,06037,Los Angeles,source_coordinate_within_county
2035792,BABYLON MICRO-FARMS INC.,VA,Richmond city,-77.43428,37.5385087,1.0,NSF|VA|RICHMOND,51760,Richmond,source_coordinate_within_county
2036232,"GREENSIGHT AGRONOMICS, INC.",MA,Boston city,-71.0619957,42.3778749,1.0,NSF|MA|CHARLESTOWN,25025,Suffolk,source_coordinate_within_county
2116488,William Marsh Rice University,TX,Houston city,-95.3676974,29.7589382,0.5,NSF|TX|HOUSTON,48201,Harris,source_coordinate_within_county
2105798,University of Washington,WA,Seattle city,-122.330062,47.6038321,1.0,NSF|WA|SEATTLE,53033,King,source_coordinate_within_county
2113938,University of Wisconsin-Madison,WI,Madison city,-89.3841663,43.07469,1.0,NSF|WI|MADISON,55025,Dane,source_coordinate_within_county
2117505,University of North Texas,TX,Denton city,-97.1330431,33.215038,1.0,NSF|TX|DENTON,48121,Denton,source_coordinate_within_county
2116759,University of California-Berkeley,CA,Berkeley city,-122.272863,37.8708393,1.0,NSF|CA|BERKELEY,06001,Alameda,source_coordinate_within_county
2117222,Texas A&M AgriLife Research,TX,College Station city,-96.3455991,30.6183939,1.0,NSF|TX|COLLEGE STATION,48041,Brazos,source_coordinate_within_county
2017165,"University of Maryland, College Park",MD,College Park city,-76.9369189,38.980666,1.0,NSF|MD|COLLEGE PARK,24033,Prince George's,source_coordinate_within_county
2228591,North Carolina State University,NC,Raleigh city,-78.6390989,35.7803977,1.0,NSF|NC|RALEIGH,37183,Wake,source_coordinate_within_county
2228360,Pennsylvania State Univ University Park,PA,College township,-77.8710571,40.8128971,1.0,NSF|PA|UNIVERSITY PARK,42027,Centre,source_coordinate_within_county
2204893,Regents of the University of Michigan - Ann Arbor,MI,Ann Arbor city,-83.7484616,42.2813722,1.0,NSF|MI|ANN ARBOR,26161,Washtenaw,source_coordinate_within_county
2203497,University of Florida,FL,Gainesville city,-82.3249846,29.6519684,0.5,NSF|FL|GAINESVILLE,12001,Alachua,source_coordinate_within_county
2203485,University of Washington,WA,Seattle city,-122.330062,47.6038321,0.5,NSF|WA|SEATTLE,53033,King,source_coordinate_within_county
2115333,"University of Massachusetts, Dartmouth",MA,Smith Mills CDP,-70.9703171,41.6389926,1.0,NSF|MA|NORTH DARTMOUTH,25005,Bristol,source_coordinate_within_county
2138647,South Dakota State University,SD,Brookings city,-96.79844,44.311461,1.0,NSF|SD|BROOKINGS,46011,Brookings,source_coordinate_within_county
2145134,University of Illinois at Urbana-Champaign,IL,Urbana city,-88.207301,40.1117174,1.0,NSF|IL|URBANA,17019,Champaign,source_coordinate_within_county
2053358,University of Wisconsin-Madison,WI,Madison city,-89.3841663,43.07469,0.5,NSF|WI|MADISON,55025,Dane,source_coordinate_within_county
2138186,Regents of the University of Michigan - Dearborn,MI,Dearborn city,-83.1763145,42.3222599,1.0,NSF|MI|DEARBORN,26163,Wayne,source_coordinate_within_county
2039564,SUNY at Binghamton,NY,Binghamton city,-75.9125187,42.098698,1.0,NSF|NY|BINGHAMTON,36007,Broome,source_coordinate_within_county
2018172,CUNY Queens College,NY,New York city,-73.8174291,40.7654301,1.0,NSF|NY|FLUSHING,36081,Queens,source_coordinate_within_county
2148871,Columbia University,NY,New York city,-74.0060152,40.7127281,1.0,NSF|NY|NEW YORK,36061,New York,source_coordinate_within_county
2033607,University of Cincinnati Main Campus,OH,Cincinnati city,-84.5127405,39.1012809,1.0,NSF|OH|CINCINNATI,39061,Hamilton,source_coordinate_within_county
2053429,Regents of the University of Michigan - Ann Arbor,MI,Ann Arbor city,-83.7484616,42.2813722,0.5,NSF|MI|ANN ARBOR,26161,Washtenaw,source_coordinate_within_county
2031566,"University of Maryland, College Park",MD,College Park city,-76.9369189,38.980666,1.0,NSF|MD|COLLEGE PARK,24033,Prince George's,source_coordinate_within_county
2037776,University of Wisconsin-Madison,WI,Madison city,-89.3841663,43.07469,1.0,NSF|WI|MADISON,55025,Dane,source_coordinate_within_county
1941254,University of California-Berkeley,CA,Berkeley city,-122.272863,37.8708393,1.0,NSF|CA|BERKELEY,06001,Alameda,source_coordinate_within_county
2021419,Regents of the University of Michigan - Ann Arbor,MI,Ann Arbor city,-83.7484616,42.2813722,1.0,NSF|MI|ANN ARBOR,26161,Washtenaw,source_coordinate_within_county
2050509,Texas A&M Engineering Experiment Station,TX,College Station city,-96.3455991,30.6183939,0.5,NSF|TX|COLLEGE STATION,48041,Brazos,source_coordinate_within_county
2431309,Carnegie Mellon University,PA,Pittsburgh city,-80.0025666,40.4406968,1.0,NSF|PA|PITTSBURGH,42003,Allegheny,source_coordinate_within_county
2431463,University of Oklahoma Norman Campus,OK,Norman city,-97.4394816,35.2225717,1.0,NSF|OK|NORMAN,40027,Cleveland,source_coordinate_within_county
2431193,University of Mississippi,MS,University CDP,-89.5350279,34.3653692,1.0,NSF|MS|UNIVERSITY,28071,Lafayette,source_coordinate_within_county
2430700,University of Texas at San Antonio,TX,San Antonio city,-98.4951405,29.4246002,1.0,NSF|TX|SAN ANTONIO,48029,Bexar,source_coordinate_within_county
2338556,University of Arizona,AZ,Tucson city,-110.974847,32.2228765,1.0,NSF|AZ|TUCSON,04019,Pima,source_coordinate_within_county
2431452,University of Louisiana at Lafayette,LA,Lafayette city,-92.0178202,30.2262187,1.0,NSF|LA|LAFAYETTE,22055,Lafayette,source_coordinate_within_county
2427231,"University of Maryland, College Park",MD,College Park city,-76.9369189,38.980666,1.0,NSF|MD|COLLEGE PARK,24033,Prince George's,source_coordinate_within_county
2427232,Morgan State University,MD,Baltimore city,-76.610759,39.2908816,0.5,NSF|MD|BALTIMORE,24510,Baltimore,source_coordinate_within_county
2411761,Oregon State University,OR,Corvallis city,-123.2620435,44.5645659,1.0,NSF|OR|CORVALLIS,41003,Benton,source_coordinate_within_county
2415488,Syracuse University,NY,Syracuse city,-76.1474244,43.0481221,1.0,NSF|NY|SYRACUSE,36067,Onondaga,source_coordinate_within_county
2126206,Wayne State University,MI,Detroit city,-83.0466403,42.3315509,1.0,NSF|MI|DETROIT,26163,Wayne,source_coordinate_within_county
2339462,University of Illinois at Urbana-Champaign,IL,Urbana city,-88.207301,40.1117174,1.0,NSF|IL|URBANA,17019,Champaign,source_coordinate_within_county
2135761,Georgetown University,DC,Washington city,-77.0363849,38.8950982,1.0,NSF|DC|WASHINGTON,11001,District of Columbia,source_coordinate_within_county
2114198,CUNY City College,NY,New York city,-74.0060152,40.7127281,1.0,NSF|NY|NEW YORK,36061,New York,source_coordinate_within_county
2052589,"Dietrich, Matthew",IN,Indianapolis city (balance),-86.1583502,39.7683331,1.0,NSF|IN|INDIANAPOLIS,18097,Marion,source_coordinate_within_county
2126097,Brown University,RI,Providence city,-71.4128343,41.8239891,1.0,NSF|RI|PROVIDENCE,44007,Providence,source_coordinate_within_county
2104299,James Madison University,VA,Harrisonburg city,-78.8688833,38.4493315,1.0,NSF|VA|HARRISONBURG,51660,Harrisonburg,source_coordinate_within_county
2030474,William Marsh Rice University,TX,Houston city,-95.3676974,29.7589382,1.0,NSF|TX|HOUSTON,48201,Harris,source_coordinate_within_county
2045340,Colorado State University,CO,Fort Collins city,-105.0770113,40.5871782,0.5,NSF|CO|FORT COLLINS,08069,Larimer,source_coordinate_within_county
2426219,Vanderbilt University,TN,Nashville-Davidson metropolitan government (balance),-86.7742984,36.1622767,1.0,NSF|TN|NASHVILLE,47037,Davidson,source_coordinate_within_county
2417594,Columbia University,NY,New York city,-74.0060152,40.7127281,1.0,NSF|NY|NEW YORK,36061,New York,source_coordinate_within_county
2417042,Arizona State University,AZ,Scottsdale city,-111.926018,33.4942189,1.0,NSF|AZ|SCOTTSDALE,04013,Maricopa,source_coordinate_within_county
2436273,Franklin and Marshall College,PA,Lancaster city,-76.3056707,40.0379958,1.0,NSF|PA|LANCASTER,42071,Lancaster,source_coordinate_within_county
2349605,Saint Louis University,MO,St. Louis city,-90.190009,38.6254063,1.0,NSF|MO|SAINT LOUIS,29510,St. Louis,source_coordinate_within_county
2322934,Clark University,MA,Worcester city,-71.8018877,42.2625621,1.0,NSF|MA|WORCESTER,25027,Worcester,source_coordinate_within_county
2307526,Regents of the University of Michigan - Ann Arbor,MI,Ann Arbor city,-83.7484616,42.2813722,1.0,NSF|MI|ANN ARBOR,26161,Washtenaw,source_coordinate_within_county
2334311,Cornell University,NY,Ithaca city,-76.4968019,42.4396039,1.0,NSF|NY|ITHACA,36109,Tompkins,source_coordinate_within_county
2324528,University of Utah,UT,Salt Lake City city,-111.886797,40.7596198,0.5,NSF|UT|SALT LAKE CITY,49035,Salt Lake,source_coordinate_within_county
2314709,Temple University,PA,Philadelphia city,-75.1635262,39.9527237,1.0,NSF|PA|PHILADELPHIA,42101,Philadelphia,source_coordinate_within_county
2149909,University of Tennessee Chattanooga,TN,Chattanooga city,-85.3094883,35.0457219,0.5,NSF|TN|CHATTANOOGA,47065,Hamilton,source_coordinate_within_county
2228314,Pennsylvania State Univ University Park,PA,College township,-77.8710571,40.8128971,1.0,NSF|PA|UNIVERSITY PARK,42027,Centre,source_coordinate_within_county
2150093,Southern Illinois University at Edwardsville,IL,Edwardsville city,-89.953157,38.8114364,0.5,NSF|IL|EDWARDSVILLE,17119,Madison,source_coordinate_within_county
2155193,University of Colorado at Boulder,CO,Boulder city,-105.270545,40.0149856,1.0,NSF|CO|BOULDER,08013,Boulder,source_coordinate_within_county
2138057,Rutgers University Newark,NJ,Newark city,-74.1723667,40.735657,1.0,NSF|NJ|NEWARK,34013,Essex,source_coordinate_within_county
2150932,CUNY Borough of Manhattan Community College,NY,New York city,-74.0060152,40.7127281,1.0,NSF|NY|NEW YORK,36061,New York,source_coordinate_within_county
2431391,University of Texas at San Antonio,TX,San Antonio city,-98.4951405,29.4246002,1.0,NSF|TX|SAN ANTONIO,48029,Bexar,source_coordinate_within_county
2115293,University of Georgia Research Foundation Inc,GA,Athens-Clarke County unified government (balance),-83.376398,33.9597677,1.0,NSF|GA|ATHENS,13059,Clarke,source_coordinate_within_county
2321572,The University of Central Florida Board of Trustees,FL,Orlando city,-81.379045,28.5421218,1.0,NSF|FL|ORLANDO,12095,Orange,source_coordinate_within_county
2409408,Weber State University,UT,Ogden city,-111.9738429,41.2230048,1.0,NSF|UT|OGDEN,49057,Weber,source_coordinate_within_county
2408967,University of South Florida,FL,Tampa city,-82.4583107,27.9449854,1.0,NSF|FL|TAMPA,12057,Hillsborough,source_coordinate_within_county
2334084,George Mason University,VA,Fairfax city,-77.3063733,38.8462236,1.0,NSF|VA|FAIRFAX,51600,Fairfax,source_coordinate_within_county
2335514,WEEL AUTONOMY INC.,WA,Redmond city,-122.1238767,47.6694141,1.0,NSF|WA|REDMOND,53033,King,source_coordinate_within_county
2322210,"WUI-GO, LLC",DE,Lewes city,-75.1379574,38.7733961,1.0,NSF|DE|LEWES,10005,Sussex,source_coordinate_within_county
2324972,University of Dayton,OH,Dayton city,-84.1916069,39.7589478,1.0,NSF|OH|DAYTON,39113,Montgomery,source_coordinate_within_county
2302898,HudsonAlpha Institute for Biotechnology,AL,Huntsville city,-86.5859011,34.729847,1.0,NSF|AL|HUNTSVILLE,01089,Madison,source_coordinate_within_county
2303637,University of Texas at Austin,TX,Austin city,-97.7436995,30.2711286,1.0,NSF|TX|AUSTIN,48453,Travis,source_coordinate_within_county
2305505,Cornell University,NY,Ithaca city,-76.4968019,42.4396039,1.0,NSF|NY|ITHACA,36109,Tompkins,source_coordinate_within_county
2302943,Case Western Reserve University,OH,Cleveland city,-81.6936772,41.4996574,1.0,NSF|OH|CLEVELAND,39035,Cuyahoga,source_coordinate_within_county
2302937,University of Oregon Eugene,OR,Eugene city,-123.0950506,44.0505054,1.0,NSF|OR|EUGENE,41039,Lane,source_coordinate_within_county
2220811,"AV-CONNECT, INC.",CA,Alameda city,-122.241635,37.7652076,1.0,NSF|CA|ALAMEDA,06001,Alameda,source_coordinate_within_county
2210046,ENVONICS LLC,FL,North Miami city,-80.1867138,25.8900949,1.0,NSF|FL|NORTH MIAMI,12086,Miami-Dade,source_coordinate_within_county
2232899,Systems Research and Consulting,MI,Rochester Hills city,-83.1499322,42.6583661,1.0,NSF|MI|ROCHESTER HILLS,26125,Oakland,source_coordinate_within_county
2314315,CUNY New York City College of Technology,NY,New York city,-73.9497211,40.6526006,1.0,NSF|NY|BROOKLYN,36047,Kings,source_coordinate_within_county
2208725,CALM WATERS GROUP LLC,CA,Vallejo city,-122.2566367,38.1040864,1.0,NSF|CA|VALLEJO,06095,Solano,source_coordinate_within_county
2345201,University of Hawaii,HI,Urban Honolulu CDP,-157.855676,21.304547,1.0,NSF|HI|HONOLULU,15003,Honolulu,source_coordinate_within_county
2322198,Pennsylvania State Univ University Park,PA,College township,-77.8710571,40.8128971,1.0,NSF|PA|UNIVERSITY PARK,42027,Centre,source_coordinate_within_county
2306041,Pennsylvania State Univ University Park,PA,College township,-77.8710571,40.8128971,1.0,NSF|PA|UNIVERSITY PARK,42027,Centre,source_coordinate_within_county
2324744,University of Texas at Austin,TX,Austin city,-97.7436995,30.2711286,1.0,NSF|TX|AUSTIN,48453,Travis,source_coordinate_within_county
2318216,University of Illinois at Chicago,IL,Chicago city,-87.6244212,41.8755616,1.0,NSF|IL|CHICAGO,17031,Cook,source_coordinate_within_county
2232533,Texas A&M University,TX,College Station city,-96.3455991,30.6183939,1.0,NSF|TX|COLLEGE STATION,48041,Brazos,source_coordinate_within_county
2319007,University of Vermont & State Agricultural College,VT,Burlington city,-73.212906,44.4761601,0.5,NSF|VT|BURLINGTON,50007,Chittenden,source_coordinate_within_county
2318903,University of Colorado at Boulder,CO,Boulder city,-105.270545,40.0149856,0.5,NSF|CO|BOULDER,08013,Boulder,source_coordinate_within_county
2125200,RFCUNY d/b/a CUNY Grad School of Public Health & Health Policy,NY,New York city,-74.0060152,40.7127281,1.0,NSF|NY|NEW YORK,36061,New York,source_coordinate_within_county
2133279,Michigan Technological University,MI,Houghton city,-88.569012,47.121872,1.0,NSF|MI|HOUGHTON,26061,Houghton,source_coordinate_within_county
2125516,SUNY at Buffalo,NY,Amherst town,-78.7997616,42.9783924,1.0,NSF|NY|AMHERST,36029,Erie,source_coordinate_within_county
2131193,Texas A&M University-San Antonio,TX,San Antonio city,-98.4951405,29.4246002,1.0,NSF|TX|SAN ANTONIO,48029,Bexar,source_coordinate_within_county
2125526,"University of Maryland, College Park",MD,College Park city,-76.9369189,38.980666,1.0,NSF|MD|COLLEGE PARK,24033,Prince George's,source_coordinate_within_county
2133297,Texas A&M Engineering Experiment Station,TX,College Station city,-96.3455991,30.6183939,1.0,NSF|TX|COLLEGE STATION,48041,Brazos,source_coordinate_within_county
2133256,University of Pennsylvania,PA,Philadelphia city,-75.1635262,39.9527237,0.5,NSF|PA|PHILADELPHIA,42101,Philadelphia,source_coordinate_within_county
2125288,University of Tennessee Knoxville,TN,Knoxville city,-83.9210261,35.9603948,1.0,NSF|TN|KNOXVILLE,47093,Knox,source_coordinate_within_county
2043863,Cornell University,NY,Ithaca city,-76.4968019,42.4396039,1.0,NSF|NY|ITHACA,36109,Tompkins,source_coordinate_within_county
2042661,University of Oregon Eugene,OR,Eugene city,-123.0950506,44.0505054,1.0,NSF|OR|EUGENE,41039,Lane,source_coordinate_within_county
2043385,Massachusetts Institute of Technology,MA,Cambridge city,-71.1040018,42.3656347,1.0,NSF|MA|CAMBRIDGE,25017,Middlesex,source_coordinate_within_county
2041039,Florida State University,FL,Tallahassee city,-84.2809332,30.4380832,1.0,NSF|FL|TALLAHASSEE,12073,Leon,source_coordinate_within_county
2042216,University of Pennsylvania,PA,Philadelphia city,-75.1635262,39.9527237,1.0,NSF|PA|PHILADELPHIA,42101,Philadelphia,source_coordinate_within_county
2043869,Case Western Reserve University,OH,Cleveland city,-81.6936772,41.4996574,1.0,NSF|OH|CLEVELAND,39035,Cuyahoga,source_coordinate_within_county
2042881,Michigan Technological University,MI,Houghton city,-88.569012,47.121872,1.0,NSF|MI|HOUGHTON,26061,Houghton,source_coordinate_within_county
2043736,New York University,NY,New York city,-74.0060152,40.7127281,1.0,NSF|NY|NEW YORK,36061,New York,source_coordinate_within_county
2044055,University of Illinois at Urbana-Champaign,IL,Urbana city,-88.207301,40.1117174,1.0,NSF|IL|URBANA,17019,Champaign,source_coordinate_within_county
2043330,University of Colorado at Denver-Downtown Campus,CO,Denver city,-104.984862,39.7392364,1.0,NSF|CO|DENVER,08031,Denver,source_coordinate_within_county
2038853,Northwestern University at Chicago,IL,Evanston city,-87.6846053,42.0470043,1.0,NSF|IL|EVANSTON,17031,Cook,source_coordinate_within_county
2404540,"ISEECHANGE, Inc.",LA,New Orleans city,-90.0733934,29.9561422,1.0,NSF|LA|NEW ORLEANS,22071,Orleans,source_coordinate_within_county
2236277,Utah State University,UT,Logan city,-111.834914,41.7313063,1.0,NSF|UT|LOGAN,49005,Cache,source_coordinate_within_county
2236305,University of Houston,TX,Houston city,-95.3676974,29.7589382,1.0,NSF|TX|HOUSTON,48201,Harris,source_coordinate_within_county
2235678,University of Florida,FL,Gainesville city,-82.3249846,29.6519684,1.0,NSF|FL|GAINESVILLE,12001,Alachua,source_coordinate_within_county
2234676,Carnegie Mellon University,PA,Pittsburgh city,-80.0025666,40.4406968,1.0,NSF|PA|PITTSBURGH,42003,Allegheny,source_coordinate_within_county
2223128,HYFI LLC,MI,Ann Arbor city,-83.7484616,42.2813722,1.0,NSF|MI|ANN ARBOR,26161,Washtenaw,source_coordinate_within_county
2228128,University of California-Berkeley,CA,Berkeley city,-122.272863,37.8708393,1.0,NSF|CA|BERKELEY,06001,Alameda,source_coordinate_within_county
2230357,New Jersey Institute of Technology,NJ,Newark city,-74.1723667,40.735657,1.0,NSF|NJ|NEWARK,34013,Essex,source_coordinate_within_county
2226389,University of Wisconsin-Madison,WI,Madison city,-89.3841663,43.07469,1.0,NSF|WI|MADISON,55025,Dane,source_coordinate_within_county
2152000,RESBONDS INTERNATIONAL CORPORATION,VA,Herndon town,-77.3859479,38.9695316,1.0,NSF|VA|HERNDON,51059,Fairfax,source_coordinate_within_county
2151904,"RAVEL HOLDINGS, INC.",WA,Seattle city,-122.330062,47.6038321,1.0,NSF|WA|SEATTLE,53033,King,source_coordinate_within_county
2228035,Villanova University,PA,Villanova CDP,-75.3290464,40.0385961,1.0,NSF|PA|VILLANOVA,42091,Montgomery,source_coordinate_within_county
2115275,University of Miami,FL,Coral Gables city,-80.2585107,25.7331105,1.0,NSF|FL|CORAL GABLES,12086,Miami-Dade,source_coordinate_within_county
2228444,The University of Central Florida Board of Trustees,FL,Orlando city,-81.379045,28.5421218,1.0,NSF|FL|ORLANDO,12095,Orange,source_coordinate_within_county
2203235,University of Florida,FL,Gainesville city,-82.3249846,29.6519684,0.5,NSF|FL|GAINESVILLE,12001,Alachua,source_coordinate_within_county
2048634,William Marsh Rice University,TX,Houston city,-95.3676974,29.7589382,1.0,NSF|TX|HOUSTON,48201,Harris,source_coordinate_within_county
2116479,Temple University,PA,Philadelphia city,-75.1635262,39.9527237,0.5,NSF|PA|PHILADELPHIA,42101,Philadelphia,source_coordinate_within_county
2105317,"Hernandez, Fred Ariel",CA,Monterey Park city,-118.129807,34.051522,1.0,NSF|CA|MONTEREY PARK,06037,Los Angeles,source_coordinate_within_county
2122054,Texas A&M University,TX,College Station city,-96.3455991,30.6183939,1.0,NSF|TX|COLLEGE STATION,48041,Brazos,source_coordinate_within_county
2043506,Johns Hopkins University,MD,Baltimore city,-76.610759,39.2908816,1.0,NSF|MD|BALTIMORE,24510,Baltimore,source_coordinate_within_county
2121585,University of New Hampshire,NH,Durham CDP,-70.9177186,43.1214141,1.0,NSF|NH|DURHAM,33017,Strafford,source_coordinate_within_county
2121491,SUNY at Stony Brook,NY,Stony Brook CDP,-73.140943,40.9256538,1.0,NSF|NY|STONY BROOK,36103,Suffolk,source_coordinate_within_county
2127329,CUNY Medgar Evers College,NY,New York city,-73.9497211,40.6526006,1.0,NSF|NY|BROOKLYN,36047,Kings,source_coordinate_within_county
2049507,University of North Carolina at Chapel Hill,NC,Chapel Hill town,-79.05578,35.9131542,1.0,NSF|NC|CHAPEL HILL,37135,Orange,source_coordinate_within_county
2043301,Rensselaer Polytechnic Institute,NY,Troy city,-73.6917878,42.7284117,1.0,NSF|NY|TROY,36083,Rensselaer,source_coordinate_within_county
2047940,University of Texas at Dallas,TX,Richardson city,-96.7297206,32.9481789,1.0,NSF|TX|RICHARDSON,48113,Dallas,source_coordinate_within_county
2055602,National Academy of Sciences,DC,Washington city,-77.0363849,38.8950982,1.0,NSF|DC|WASHINGTON,11001,District of Columbia,source_coordinate_within_county
2050518,California State University-Long Beach Foundation,CA,Long Beach city,-118.191604,33.7690164,1.0,NSF|CA|LONG BEACH,06037,Los Angeles,source_coordinate_within_county
2049784,Harvard University,MA,Cambridge city,-71.1040018,42.3656347,1.0,NSF|MA|CAMBRIDGE,25017,Middlesex,source_coordinate_within_county
2049895,Massachusetts Institute of Technology,MA,Cambridge city,-71.1040018,42.3656347,1.0,NSF|MA|CAMBRIDGE,25017,Middlesex,source_coordinate_within_county
2049917,University of Kansas Center for Research Inc,KS,Lawrence city,-95.2359403,38.9719137,0.5,NSF|KS|LAWRENCE,20045,Douglas,source_coordinate_within_county
2051264,University of Utah,UT,Salt Lake City city,-111.886797,40.7596198,1.0,NSF|UT|SALT LAKE CITY,49035,Salt Lake,source_coordinate_within_county
2049916,University of California-Davis,CA,Davis city,-121.739005,38.5435526,0.5,NSF|CA|DAVIS,06113,Yolo,source_coordinate_within_county
1951789,Old Dominion University Research Foundation,VA,Norfolk city,-76.2899539,36.8493695,0.5,NSF|VA|NORFOLK,51710,Norfolk,source_coordinate_within_county
1951890,Rutgers University New Brunswick,NJ,New Brunswick city,-74.4436416,40.4936119,1.0,NSF|NJ|NEW BRUNSWICK,34023,Middlesex,source_coordinate_within_county
1951875,CUNY City College,NY,New York city,-74.0060152,40.7127281,1.0,NSF|NY|NEW YORK,36061,New York,source_coordinate_within_county
1951971,University of Missouri-Kansas City,MO,Columbia city,-92.3337366,38.951883,1.0,NSF|MO|COLUMBIA,29019,Boone,source_coordinate_within_county
1951847,George Washington University,DC,Washington city,-77.0363849,38.8950982,1.0,NSF|DC|WASHINGTON,11001,District of Columbia,source_coordinate_within_county
2106594,SUNY at Stony Brook,NY,Stony Brook CDP,-73.140943,40.9256538,0.5,NSF|NY|STONY BROOK,36103,Suffolk,source_coordinate_within_county
2003874,Rutgers University New Brunswick,NJ,New Brunswick city,-74.4436416,40.4936119,1.0,NSF|NJ|NEW BRUNSWICK,34023,Middlesex,source_coordinate_within_county
2025234,University of Dayton,OH,Dayton city,-84.1916069,39.7589478,1.0,NSF|OH|DAYTON,39113,Montgomery,source_coordinate_within_county
2002985,University of Virginia Main Campus,VA,Charlottesville city,-78.4766781,38.029306,1.0,NSF|VA|CHARLOTTESVILLE,51540,Charlottesville,source_coordinate_within_county
1952169,Virginia Commonwealth University,VA,Richmond city,-77.43428,37.5385087,1.0,NSF|VA|RICHMOND,51760,Richmond,source_coordinate_within_county
1947613,University of Colorado at Boulder,CO,Boulder city,-105.270545,40.0149856,1.0,NSF|CO|BOULDER,08013,Boulder,source_coordinate_within_county
2301858,Cornell University,NY,Ithaca city,-76.4968019,42.4396039,1.0,NSF|NY|ITHACA,36109,Tompkins,source_coordinate_within_county
2228671,"EASTIE FARM, INC.",MA,Boston city,-71.0578303,42.3588336,1.0,NSF|MA|BOSTON,25025,Suffolk,source_coordinate_within_county
2228703,Washington University,MO,St. Louis city,-90.190009,38.6254063,1.0,NSF|MO|SAINT LOUIS,29510,St. Louis,source_coordinate_within_county
2228377,University of Washington,WA,Seattle city,-122.330062,47.6038321,1.0,NSF|WA|SEATTLE,53033,King,source_coordinate_within_county
2228584,Wayne State University,MI,Detroit city,-83.0466403,42.3315509,1.0,NSF|MI|DETROIT,26163,Wayne,source_coordinate_within_county
2228709,Drexel University,PA,Philadelphia city,-75.1635262,39.9527237,1.0,NSF|PA|PHILADELPHIA,42101,Philadelphia,source_coordinate_within_county
2228957,University of Massachusetts Lowell,MA,Lowell city,-71.3085329,42.6414437,1.0,NSF|MA|LOWELL,25017,Middlesex,source_coordinate_within_county
2228731,Texas A&M AgriLife Research,TX,College Station city,-96.3455991,30.6183939,1.0,NSF|TX|COLLEGE STATION,48041,Brazos,source_coordinate_within_county
2228311,Baylor University,TX,Waco city,-97.1474628,31.5491899,1.0,NSF|TX|WACO,48309,McLennan,source_coordinate_within_county
2228535,University of Southern Maine,ME,Portland city,-70.2586618,43.6573605,1.0,NSF|ME|PORTLAND,23005,Cumberland,source_coordinate_within_county
2228479,Stetson University,FL,DeLand city,-81.3034183,29.0281051,1.0,NSF|FL|DELAND,12127,Volusia,source_coordinate_within_county
2153426,University of Memphis,TN,Memphis city,-90.0517786,35.146026,0.5,NSF|TN|MEMPHIS,47157,Shelby,source_coordinate_within_county
2153229,Texas Tech University,TX,Lubbock city,-101.8470215,33.5855677,1.0,NSF|TX|LUBBOCK,48303,Lubbock,source_coordinate_within_county
2115367,Rutgers University Newark,NJ,Newark city,-74.1723667,40.735657,1.0,NSF|NJ|NEWARK,34013,Essex,source_coordinate_within_county
2115295,Georgetown University,DC,Washington city,-77.0363849,38.8950982,1.0,NSF|DC|WASHINGTON,11001,District of Columbia,source_coordinate_within_county
2431262,University of Pittsburgh,PA,Pittsburgh city,-80.0025666,40.4406968,1.0,NSF|PA|PITTSBURGH,42003,Allegheny,source_coordinate_within_county
2431474,University of California-Los Angeles,CA,Los Angeles city,-118.242766,34.0536909,1.0,NSF|CA|LOS ANGELES,06037,Los Angeles,source_coordinate_within_county
2435190,CUNY City College,NY,New York city,-74.0060152,40.7127281,1.0,NSF|NY|NEW YORK,36061,New York,source_coordinate_within_county
2053741,Northeastern University,MA,Boston city,-71.0578303,42.3588336,1.0,NSF|MA|BOSTON,25025,Suffolk,source_coordinate_within_county
2115392,Vanderbilt University,TN,Nashville-Davidson metropolitan government (balance),-86.7742984,36.1622767,1.0,NSF|TN|NASHVILLE,47037,Davidson,source_coordinate_within_county
2115335,Worcester Polytechnic Institute,MA,Worcester city,-71.8018877,42.2625621,1.0,NSF|MA|WORCESTER,25027,Worcester,source_coordinate_within_county
2053014,Stanford University,CA,Stanford CDP,-122.1702445,37.427467,1.0,NSF|CA|STANFORD,06085,Santa Clara,source_coordinate_within_county
2048607,Auburn University,AL,Auburn city,-85.4807825,32.6098566,0.333333333333,NSF|AL|AUBURN,01081,Lee,source_coordinate_within_county
2050979,University of Tennessee Knoxville,TN,Knoxville city,-83.9210261,35.9603948,1.0,NSF|TN|KNOXVILLE,47093,Knox,source_coordinate_within_county
2129801,University of Texas at Austin,TX,Austin city,-97.7436995,30.2711286,1.0,NSF|TX|AUSTIN,48453,Travis,source_coordinate_within_county
2107946,Purdue University,IN,West Lafayette city,-86.9080655,40.4258686,1.0,NSF|IN|WEST LAFAYETTE,18157,Tippecanoe,source_coordinate_within_county
2049094,University of Wisconsin-Madison,WI,Madison city,-89.3841663,43.07469,0.333333333333,NSF|WI|MADISON,55025,Dane,source_coordinate_within_county
2031535,University of California-Irvine,CA,Irvine city,-117.825981,33.6856969,1.0,NSF|CA|IRVINE,06059,Orange,source_coordinate_within_county
2110986,Rensselaer Polytechnic Institute,NY,Troy city,-73.6917878,42.7284117,1.0,NSF|NY|TROY,36083,Rensselaer,source_coordinate_within_county
2049025,University of Texas at Austin,TX,Austin city,-97.7436995,30.2711286,0.333333333333,NSF|TX|AUSTIN,48453,Travis,source_coordinate_within_county
2110880,Pennsylvania State Univ University Park,PA,College township,-77.8710571,40.8128971,1.0,NSF|PA|UNIVERSITY PARK,42027,Centre,source_coordinate_within_county
2050986,Texas A&M University Corpus Christi,TX,Corpus Christi city,-97.4033191,27.7635302,1.0,NSF|TX|CORPUS CHRISTI,48355,Nueces,source_coordinate_within_county
2041859,Iowa State University,IA,Ames city,-93.6170448,42.0267567,1.0,NSF|IA|AMES,19169,Story,source_coordinate_within_county
2228765,Oregon State University,OR,Corvallis city,-123.2620435,44.5645659,1.0,NSF|OR|CORVALLIS,41003,Benton,source_coordinate_within_county
2219505,University of Colorado at Denver-Downtown Campus,CO,Denver city,-104.984862,39.7392364,0.5,NSF|CO|DENVER,08031,Denver,source_coordinate_within_county
2219506,University of Colorado at Boulder,CO,Boulder city,-105.270545,40.0149856,0.5,NSF|CO|BOULDER,08013,Boulder,source_coordinate_within_county
2147919,Brown University,RI,Providence city,-71.4128343,41.8239891,1.0,NSF|RI|PROVIDENCE,44007,Providence,source_coordinate_within_county
2115322,Worcester Polytechnic Institute,MA,Worcester city,-71.8018877,42.2625621,1.0,NSF|MA|WORCESTER,25027,Worcester,source_coordinate_within_county
2051110,University of Texas at Austin,TX,Austin city,-97.7436995,30.2711286,1.0,NSF|TX|AUSTIN,48453,Travis,source_coordinate_within_county
2102901,Brown University,RI,Providence city,-71.4128343,41.8239891,0.333333333333,NSF|RI|PROVIDENCE,44007,Providence,source_coordinate_within_county
2102884,Vanderbilt University,TN,Nashville-Davidson metropolitan government (balance),-86.7742984,36.1622767,0.333333333333,NSF|TN|NASHVILLE,47037,Davidson,source_coordinate_within_county
2102885,Berkeley Geochronology Center,CA,Berkeley city,-122.272863,37.8708393,0.333333333333,NSF|CA|BERKELEY,06001,Alameda,source_coordinate_within_county
2212998,University of California-Davis,CA,Davis city,-121.739005,38.5435526,0.25,NSF|CA|DAVIS,06113,Yolo,source_coordinate_within_county
2029686,Colorado State University,CO,Fort Collins city,-105.0770113,40.5871782,1.0,NSF|CO|FORT COLLINS,08069,Larimer,source_coordinate_within_county
2113399,Yale University,CT,New Haven city,-72.9250518,41.3082138,1.0,NSF|CT|NEW HAVEN,09170,South Central Connecticut,source_coordinate_within_county
2052004,Rutgers University Newark,NJ,Newark city,-74.1723667,40.735657,0.5,NSF|NJ|NEWARK,34013,Essex,source_coordinate_within_county
2051350,University of Maine,ME,Orono CDP,-68.672791,44.883607,0.5,NSF|ME|ORONO,23019,Penobscot,source_coordinate_within_county
2042619,College of William and Mary,VA,Williamsburg city,-76.700035,37.2712497,1.0,NSF|VA|WILLIAMSBURG,51830,Williamsburg,source_coordinate_within_county
2041980,University of Montana,MT,Missoula city,-113.995267,46.8701049,0.5,NSF|MT|MISSOULA,30063,Missoula,source_coordinate_within_county
2041981,University of Colorado at Boulder,CO,Boulder city,-105.270545,40.0149856,0.5,NSF|CO|BOULDER,08013,Boulder,source_coordinate_within_county
2019754,Pennsylvania State Univ University Park,PA,College township,-77.8710571,40.8128971,1.0,NSF|PA|UNIVERSITY PARK,42027,Centre,source_coordinate_within_county
2022720,Columbia University,NY,New York city,-74.0060152,40.7127281,1.0,NSF|NY|NEW YORK,36061,New York,source_coordinate_within_county
2049304,Colby College,ME,Waterville city,-69.6303174,44.5505773,1.0,NSF|ME|WATERVILLE,23011,Kennebec,source_coordinate_within_county
2028764,University of Iowa,IA,Iowa City city,-91.5299106,41.6612561,0.5,NSF|IA|IOWA CITY,19103,Johnson,source_coordinate_within_county
2049360,University of Colorado at Boulder,CO,Boulder city,-105.270545,40.0149856,1.0,NSF|CO|BOULDER,08013,Boulder,source_coordinate_within_county
2019858,Texas A&M University,TX,College Station city,-96.3455991,30.6183939,0.111111111111,NSF|TX|COLLEGE STATION,48041,Brazos,source_coordinate_within_county
2125337,University of Washington,WA,Seattle city,-122.330062,47.6038321,0.5,NSF|WA|SEATTLE,53033,King,source_coordinate_within_county
2047150,University of Virginia Main Campus,VA,Charlottesville city,-78.4766781,38.029306,1.0,NSF|VA|CHARLOTTESVILLE,51540,Charlottesville,source_coordinate_within_county
2029017,University of Colorado at Boulder,CO,Boulder city,-105.270545,40.0149856,0.5,NSF|CO|BOULDER,08013,Boulder,source_coordinate_within_county
2022438,University of Alaska Fairbanks Campus,AK,Fairbanks city,-147.716675,64.837845,0.5,NSF|AK|FAIRBANKS,02090,Fairbanks North Star,source_coordinate_within_county
2129120,Amherst College,MA,Amherst Town city,-72.5198761,42.3731948,0.333333333333,NSF|MA|AMHERST,25015,Hampshire,source_coordinate_within_county
2019939,Texas Tech University,TX,Lubbock city,-101.8470215,33.5855677,0.111111111111,NSF|TX|LUBBOCK,48303,Lubbock,source_coordinate_within_county
2020000,Pennsylvania State Univ University Park,PA,College township,-77.8710571,40.8128971,0.111111111111,NSF|PA|UNIVERSITY PARK,42027,Centre,source_coordinate_within_county
2019649,Michigan Technological University,MI,Houghton city,-88.569012,47.121872,0.111111111111,NSF|MI|HOUGHTON,26061,Houghton,source_coordinate_within_county
2019991,University of Wyoming,WY,Laramie city,-105.5917876,41.3116442,0.111111111111,NSF|WY|LARAMIE,56001,Albany,source_coordinate_within_county
2019968,University of Oklahoma Norman Campus,OK,Norman city,-97.4394816,35.2225717,0.111111111111,NSF|OK|NORMAN,40027,Cleveland,source_coordinate_within_county
2022444,Pennsylvania State Univ University Park,PA,College township,-77.8710571,40.8128971,0.5,NSF|PA|UNIVERSITY PARK,42027,Centre,source_coordinate_within_county
2019965,University of California-San Diego Scripps Inst of Oceanography,CA,San Diego city,-117.2740777,32.8401623,0.111111111111,NSF|CA|LA JOLLA,06073,San Diego,source_coordinate_within_county
2019932,SUNY at Stony Brook,NY,Stony Brook CDP,-73.140943,40.9256538,0.111111111111,NSF|NY|STONY BROOK,36103,Suffolk,source_coordinate_within_county
2426287,Pennsylvania State Univ University Park,PA,College township,-77.8710571,40.8128971,1.0,NSF|PA|UNIVERSITY PARK,42027,Centre,source_coordinate_within_county
2420488,University of Florida,FL,Gainesville city,-82.3249846,29.6519684,1.0,NSF|FL|GAINESVILLE,12001,Alachua,source_coordinate_within_county
2315247,University of Minnesota-Twin Cities,MN,Minneapolis city,-93.2654692,44.9772995,1.0,NSF|MN|MINNEAPOLIS,27053,Hennepin,source_coordinate_within_county
2344289,New Jersey Institute of Technology,NJ,Newark city,-74.1723667,40.735657,1.0,NSF|NJ|NEWARK,34013,Essex,source_coordinate_within_county
2419076,Regents of the University of Michigan - Ann Arbor,MI,Ann Arbor city,-83.7484616,42.2813722,1.0,NSF|MI|ANN ARBOR,26161,Washtenaw,source_coordinate_within_county
2426993,New York University,NY,New York city,-74.0060152,40.7127281,1.0,NSF|NY|NEW YORK,36061,New York,source_coordinate_within_county
2431384,Colorado State University,CO,Fort Collins city,-105.0770113,40.5871782,1.0,NSF|CO|FORT COLLINS,08069,Larimer,source_coordinate_within_county
2229267,Kansas State University,KS,Manhattan city,-96.5716694,39.1836082,0.5,NSF|KS|MANHATTAN,20161,Riley,source_coordinate_within_county
2313578,University of Wisconsin-Madison,WI,Madison city,-89.3841663,43.07469,0.5,NSF|WI|MADISON,55025,Dane,source_coordinate_within_county
2228468,University of Colorado at Boulder,CO,Boulder city,-105.270545,40.0149856,1.0,NSF|CO|BOULDER,08013,Boulder,source_coordinate_within_county
2228553,Virginia Polytechnic Institute and State University,VA,Blacksburg town,-80.4136767,37.2296566,1.0,NSF|VA|BLACKSBURG,51121,Montgomery,source_coordinate_within_county
2228263,San Jose State University Foundation,CA,San Jose city,-121.890591,37.3361663,1.0,NSF|CA|SAN JOSE,06085,Santa Clara,source_coordinate_within_county
2228530,Rutgers University New Brunswick,NJ,New Brunswick city,-74.4436416,40.4936119,1.0,NSF|NJ|NEW BRUNSWICK,34023,Middlesex,source_coordinate_within_county
2138619,Worcester Polytechnic Institute,MA,Worcester city,-71.8018877,42.2625621,1.0,NSF|MA|WORCESTER,25027,Worcester,source_coordinate_within_county
2152834,Villanova University,PA,Villanova CDP,-75.3290464,40.0385961,1.0,NSF|PA|VILLANOVA,42091,Montgomery,source_coordinate_within_county
2210497,University of Washington,WA,Seattle city,-122.330062,47.6038321,1.0,NSF|WA|SEATTLE,53033,King,source_coordinate_within_county
2213768,"Board of Regents, NSHE, obo University of Nevada, Reno",NV,Reno city,-119.812658,39.5261788,0.25,NSF|NV|RENO,32031,Washoe,source_coordinate_within_county
2213715,Virginia Polytechnic Institute and State University,VA,Blacksburg town,-80.4136767,37.2296566,0.25,NSF|VA|BLACKSBURG,51121,Montgomery,source_coordinate_within_county
2213714,University of California-Irvine,CA,Irvine city,-117.825981,33.6856969,0.25,NSF|CA|IRVINE,06059,Orange,source_coordinate_within_county
2115432,"Board of Regents, NSHE, obo University of Nevada, Reno",NV,Reno city,-119.812658,39.5261788,1.0,NSF|NV|RENO,32031,Washoe,source_coordinate_within_county
2216980,Oregon State University,OR,Corvallis city,-123.2620435,44.5645659,0.5,NSF|OR|CORVALLIS,41003,Benton,source_coordinate_within_county
2220589,University of Colorado at Denver-Downtown Campus,CO,Denver city,-104.984862,39.7392364,1.0,NSF|CO|DENVER,08031,Denver,source_coordinate_within_county
2216962,University of Colorado at Boulder,CO,Boulder city,-105.270545,40.0149856,0.5,NSF|CO|BOULDER,08013,Boulder,source_coordinate_within_county
2217526,Colorado School of Mines,CO,Golden city,-105.22058,39.7546349,1.0,NSF|CO|GOLDEN,08059,Jefferson,source_coordinate_within_county
2105514,University of Alabama Tuscaloosa,AL,Tuscaloosa city,-87.5675258,33.2095614,0.5,NSF|AL|TUSCALOOSA,01125,Tuscaloosa,source_coordinate_within_county
2104191,University of Wisconsin-Madison,WI,Madison city,-89.3841663,43.07469,0.5,NSF|WI|MADISON,55025,Dane,source_coordinate_within_county
2115427,Texas A&M Engineering Experiment Station,TX,College Station city,-96.3455991,30.6183939,1.0,NSF|TX|COLLEGE STATION,48041,Brazos,source_coordinate_within_county
2115124,University of Texas at El Paso,TX,El Paso city,-106.4870476,31.7601001,1.0,NSF|TX|EL PASO,48141,El Paso,source_coordinate_within_county
2050798,SUNY at Stony Brook,NY,Stony Brook CDP,-73.140943,40.9256538,0.333333333333,NSF|NY|STONY BROOK,36103,Suffolk,source_coordinate_within_county
2130734,University of California-Berkeley,CA,Berkeley city,-122.272863,37.8708393,0.5,NSF|CA|BERKELEY,06001,Alameda,source_coordinate_within_county
2135732,Brigham Young University,UT,Provo city,-111.6587085,40.2337289,1.0,NSF|UT|PROVO,49049,Utah,source_coordinate_within_county
2138549,Stevens Institute of Technology,NJ,Hoboken city,-74.0323752,40.7433066,1.0,NSF|NJ|HOBOKEN,34017,Hudson,source_coordinate_within_county
2050854,University of Delaware,DE,Newark city,-75.7515682,39.6828358,0.333333333333,NSF|DE|NEWARK,10003,New Castle,source_coordinate_within_county
2050808,University of New Hampshire,NH,Durham CDP,-70.9177186,43.1214141,0.333333333333,NSF|NH|DURHAM,33017,Strafford,source_coordinate_within_county
2202061,University of Texas at Austin,TX,Austin city,-97.7436995,30.2711286,1.0,NSF|TX|AUSTIN,48453,Travis,source_coordinate_within_county
2130718,Illinois Institute of Technology,IL,Chicago city,-87.6244212,41.8755616,0.5,NSF|IL|CHICAGO,17031,Cook,source_coordinate_within_county
2326943,University of Oklahoma Norman Campus,OK,Norman city,-97.4394816,35.2225717,0.111111111111,NSF|OK|NORMAN,40027,Cleveland,source_coordinate_within_county
2228600,University of Utah,UT,Salt Lake City city,-111.886797,40.7596198,1.0,NSF|UT|SALT LAKE CITY,49035,Salt Lake,source_coordinate_within_county
2325166,Arizona State University,AZ,Scottsdale city,-111.926018,33.4942189,0.333333333333,NSF|AZ|SCOTTSDALE,04013,Maricopa,source_coordinate_within_county
2234815,Old Dominion University Research Foundation,VA,Norfolk city,-76.2899539,36.8493695,0.25,NSF|VA|NORFOLK,51710,Norfolk,source_coordinate_within_county
2228718,Utah State University,UT,Logan city,-111.834914,41.7313063,1.0,NSF|UT|LOGAN,49005,Cache,source_coordinate_within_county
2224871,Regents of the University of Michigan - Ann Arbor,MI,Ann Arbor city,-83.7484616,42.2813722,1.0,NSF|MI|ANN ARBOR,26161,Washtenaw,source_coordinate_within_county
2202785,Massachusetts Institute of Technology,MA,Cambridge city,-71.1040018,42.3656347,0.25,NSF|MA|CAMBRIDGE,25017,Middlesex,source_coordinate_within_county
2202783,William Marsh Rice University,TX,Houston city,-95.3676974,29.7589382,0.25,NSF|TX|HOUSTON,48201,Harris,source_coordinate_within_county
2243827,FUTURE EARTH,CO,Fort Collins city,-105.0770113,40.5871782,0.5,NSF|CO|FORT COLLINS,08069,Larimer,source_coordinate_within_county
2202784,Princeton University,NJ,Princeton,-74.6597376,40.3496953,0.25,NSF|NJ|PRINCETON,34021,Mercer,source_coordinate_within_county
2231695,"Nevada System of Higher Education, Desert Research Institute",NV,Reno city,-119.812658,39.5261788,1.0,NSF|NV|RENO,32031,Washoe,source_coordinate_within_county
2207119,Harvard University,MA,Cambridge city,-71.1040018,42.3656347,1.0,NSF|MA|CAMBRIDGE,25017,Middlesex,source_coordinate_within_county
2204589,"Sauer, Jason Robert",AZ,Tempe city,-111.940016,33.4255117,1.0,NSF|AZ|TEMPE,04013,Maricopa,source_coordinate_within_county
2203053,William Marsh Rice University,TX,Houston city,-95.3676974,29.7589382,1.0,NSF|TX|HOUSTON,48201,Harris,source_coordinate_within_county
2052598,"Castro, Cynthia V",TX,Houston city,-95.3676974,29.7589382,1.0,NSF|TX|HOUSTON,48201,Harris,source_coordinate_within_county
2348284,University of Illinois at Urbana-Champaign,IL,Urbana city,-88.207301,40.1117174,1.0,NSF|IL|URBANA,17019,Champaign,source_coordinate_within_county
2336001,Cornell University,NY,Ithaca city,-76.4968019,42.4396039,1.0,NSF|NY|ITHACA,36109,Tompkins,source_coordinate_within_county
2345468,University of South Carolina at Columbia,SC,Columbia city,-81.0352313,34.000754,1.0,NSF|SC|COLUMBIA,45079,Richland,source_coordinate_within_county
2322062,Rutgers University New Brunswick,NJ,New Brunswick city,-74.4436416,40.4936119,1.0,NSF|NJ|NEW BRUNSWICK,34023,Middlesex,source_coordinate_within_county
2423166,University of Missouri-Columbia,MO,Columbia city,-92.3337366,38.951883,0.5,NSF|MO|COLUMBIA,29019,Boone,source_coordinate_within_county
2238639,University of South Carolina at Columbia,SC,Columbia city,-81.0352313,34.000754,1.0,NSF|SC|COLUMBIA,45079,Richland,source_coordinate_within_county
2230595,Oregon State University,OR,Corvallis city,-123.2620435,44.5645659,1.0,NSF|OR|CORVALLIS,41003,Benton,source_coordinate_within_county
2330152,California Institute of Technology,CA,Pasadena city,-118.144155,34.1476507,0.5,NSF|CA|PASADENA,06037,Los Angeles,source_coordinate_within_county
2330153,University of Arkansas,AR,Fayetteville city,-94.1574328,36.0625843,0.5,NSF|AR|FAYETTEVILLE,05143,Washington,source_coordinate_within_county
2340510,University of California-Davis,CA,Davis city,-121.739005,38.5435526,0.25,NSF|CA|DAVIS,06113,Yolo,source_coordinate_within_county
2239755,South Dakota School of Mines and Technology,SD,Rapid City city,-103.228023,44.0806041,1.0,NSF|SD|RAPID CITY,46103,Pennington,source_coordinate_within_county
2301815,California State University-Long Beach Foundation,CA,Long Beach city,-118.191604,33.7690164,1.0,NSF|CA|LONG BEACH,06037,Los Angeles,source_coordinate_within_county
2312305,Princeton University,NJ,Princeton,-74.6597376,40.3496953,1.0,NSF|NJ|PRINCETON,34021,Mercer,source_coordinate_within_county
2314791,Emory University,GA,Atlanta city,-84.3898151,33.7544657,1.0,NSF|GA|ATLANTA,13121,Fulton,source_coordinate_within_county
2334298,University of Tennessee Knoxville,TN,Knoxville city,-83.9210261,35.9603948,1.0,NSF|TN|KNOXVILLE,47093,Knox,source_coordinate_within_county
2324616,SUNY at Buffalo,NY,Amherst town,-78.7997616,42.9783924,1.0,NSF|NY|AMHERST,36029,Erie,source_coordinate_within_county
2242124,University of Georgia Research Foundation Inc,GA,Athens-Clarke County unified government (balance),-83.376398,33.9597677,1.0,NSF|GA|ATHENS,13059,Clarke,source_coordinate_within_county
2242009,University of Chicago,IL,Chicago city,-87.6244212,41.8755616,1.0,NSF|IL|CHICAGO,17031,Cook,source_coordinate_within_county
2221894,University of North Texas,TX,Denton city,-97.1330431,33.215038,0.5,NSF|TX|DENTON,48121,Denton,source_coordinate_within_county
2221922,Indiana University,IN,Bloomington city,-86.5342881,39.1670396,0.5,NSF|IN|BLOOMINGTON,18105,Monroe,source_coordinate_within_county
2321506,Gulf of Maine Research Institute,ME,Portland city,-70.2586618,43.6573605,1.0,NSF|ME|PORTLAND,23005,Cumberland,source_coordinate_within_county
2325761,Gordon Research Conferences,RI,East Greenwich town,-71.4558911,41.6603788,1.0,NSF|RI|EAST GREENWICH,44003,Kent,source_coordinate_within_county
2323110,University of Illinois at Urbana-Champaign,IL,Urbana city,-88.207301,40.1117174,1.0,NSF|IL|URBANA,17019,Champaign,source_coordinate_within_county
2335773,New York University,NY,New York city,-74.0060152,40.7127281,1.0,NSF|NY|NEW YORK,36061,New York,source_coordinate_within_county
2347372,University of Hawaii,HI,Urban Honolulu CDP,-157.855676,21.304547,1.0,NSF|HI|HONOLULU,15003,Honolulu,source_coordinate_within_county
2322329,Drexel University,PA,Philadelphia city,-75.1635262,39.9527237,1.0,NSF|PA|PHILADELPHIA,42101,Philadelphia,source_coordinate_within_county
2412340,University of Tennessee Knoxville,TN,Knoxville city,-83.9210261,35.9603948,0.5,NSF|TN|KNOXVILLE,47093,Knox,source_coordinate_within_county
2243588,"Board of Regents, NSHE, obo University of Nevada, Reno",NV,Reno city,-119.812658,39.5261788,1.0,NSF|NV|RENO,32031,Washoe,source_coordinate_within_county
2318137,Environmental Defense Fund,NY,New York city,-74.0060152,40.7127281,0.5,NSF|NY|NEW YORK,36061,New York,source_coordinate_within_county
2115302,Texas A&M University,TX,College Station city,-96.3455991,30.6183939,1.0,NSF|TX|COLLEGE STATION,48041,Brazos,source_coordinate_within_county
2053545,Texas A&M University,TX,College Station city,-96.3455991,30.6183939,1.0,NSF|TX|COLLEGE STATION,48041,Brazos,source_coordinate_within_county
2115414,"Cary Institute of Ecosystem Studies, Inc.",NY,Millbrook village,-73.6921867,41.7865038,1.0,NSF|NY|MILLBROOK,36027,Dutchess,source_coordinate_within_county
2115457,Colorado State University,CO,Fort Collins city,-105.0770113,40.5871782,1.0,NSF|CO|FORT COLLINS,08069,Larimer,source_coordinate_within_county
2151392,Vanderbilt University,TN,Nashville-Davidson metropolitan government (balance),-86.7742984,36.1622767,0.25,NSF|TN|NASHVILLE,47037,Davidson,source_coordinate_within_county
2120683,Oregon State University,OR,Corvallis city,-123.2620435,44.5645659,0.333333333333,NSF|OR|CORVALLIS,41003,Benton,source_coordinate_within_county
2120684,Pennsylvania State Univ University Park,PA,College township,-77.8710571,40.8128971,0.333333333333,NSF|PA|UNIVERSITY PARK,42027,Centre,source_coordinate_within_county
2115442,Texas A&M Engineering Experiment Station,TX,College Station city,-96.3455991,30.6183939,1.0,NSF|TX|COLLEGE STATION,48041,Brazos,source_coordinate_within_county
2124849,The University of Central Florida Board of Trustees,FL,Orlando city,-81.379045,28.5421218,1.0,NSF|FL|ORLANDO,12095,Orange,source_coordinate_within_county
2124837,Arizona State University,AZ,Scottsdale city,-111.926018,33.4942189,1.0,NSF|AZ|SCOTTSDALE,04013,Maricopa,source_coordinate_within_county
2117239,University of Washington,WA,Seattle city,-122.330062,47.6038321,1.0,NSF|WA|SEATTLE,53033,King,source_coordinate_within_county
2120692,Colorado State University,CO,Fort Collins city,-105.0770113,40.5871782,0.333333333333,NSF|CO|FORT COLLINS,08069,Larimer,source_coordinate_within_county
2127677,University of Illinois at Chicago,IL,Chicago city,-87.6244212,41.8755616,0.5,NSF|IL|CHICAGO,17031,Cook,source_coordinate_within_county
2127678,Northwestern University,IL,Evanston city,-87.6846053,42.0470043,0.5,NSF|IL|EVANSTON,17031,Cook,source_coordinate_within_county
2117917,Arizona State University,AZ,Scottsdale city,-111.926018,33.4942189,1.0,NSF|AZ|SCOTTSDALE,04013,Maricopa,source_coordinate_within_county
2113891,"University of Maryland, College Park",MD,College Park city,-76.9369189,38.980666,1.0,NSF|MD|COLLEGE PARK,24033,Prince George's,source_coordinate_within_county
2052512,University of Illinois at Urbana-Champaign,IL,Urbana city,-88.207301,40.1117174,0.5,NSF|IL|URBANA,17019,Champaign,source_coordinate_within_county
2052337,Pennsylvania State Univ University Park,PA,College township,-77.8710571,40.8128971,0.5,NSF|PA|UNIVERSITY PARK,42027,Centre,source_coordinate_within_county
2135783,University of North Carolina at Chapel Hill,NC,Chapel Hill town,-79.05578,35.9131542,0.5,NSF|NC|CHAPEL HILL,37135,Orange,source_coordinate_within_county
2044836,University of Memphis,TN,Memphis city,-90.0517786,35.146026,1.0,NSF|TN|MEMPHIS,47157,Shelby,source_coordinate_within_county
2034204,Texas A&M Engineering Experiment Station,TX,College Station city,-96.3455991,30.6183939,1.0,NSF|TX|COLLEGE STATION,48041,Brazos,source_coordinate_within_county
2036982,"OHIO STATE UNIVERSITY, THE",OH,Columbus city,-83.0007065,39.9622601,1.0,NSF|OH|COLUMBUS,39049,Franklin,source_coordinate_within_county
1737813,Columbia University,NY,New York city,-74.0060152,40.7127281,1.0,NSF|NY|NEW YORK,36061,New York,source_coordinate_within_county
1737760,Barnard College,NY,New York city,-74.0060152,40.7127281,1.0,NSF|NY|NEW YORK,36061,New York,source_coordinate_within_county
1751193,Columbia University,NY,New York city,-74.0060152,40.7127281,1.0,NSF|NY|NEW YORK,36061,New York,source_coordinate_within_county
1654194,Johns Hopkins University,MD,Baltimore city,-76.610759,39.2908816,1.0,NSF|MD|BALTIMORE,24510,Baltimore,source_coordinate_within_county
1722482,Clemson University,SC,Clemson city,-82.8364111,34.6850749,1.0,NSF|SC|CLEMSON,45077,Pickens,source_coordinate_within_county
2432226,University of Arizona,AZ,Tucson city,-110.974847,32.2228765,1.0,NSF|AZ|TUCSON,04019,Pima,source_coordinate_within_county
2431213,Virginia Polytechnic Institute and State University,VA,Blacksburg town,-80.4136767,37.2296566,1.0,NSF|VA|BLACKSBURG,51121,Montgomery,source_coordinate_within_county
2431246,Vanderbilt University,TN,Nashville-Davidson metropolitan government (balance),-86.7742984,36.1622767,1.0,NSF|TN|NASHVILLE,47037,Davidson,source_coordinate_within_county
2431089,Regents of the University of Michigan - Ann Arbor,MI,Ann Arbor city,-83.7484616,42.2813722,1.0,NSF|MI|ANN ARBOR,26161,Washtenaw,source_coordinate_within_county
1723337,University of Utah,UT,Salt Lake City city,-111.886797,40.7596198,1.0,NSF|UT|SALT LAKE CITY,49035,Salt Lake,source_coordinate_within_county
1648517,"Membrion, Inc.",WA,Seattle city,-122.330062,47.6038321,1.0,NSF|WA|SEATTLE,53033,King,source_coordinate_within_county
1621727,Smart Walls Construction LLC,NY,Buffalo city,-78.8781493,42.8864163,1.0,NSF|NY|BUFFALO,36029,Erie,source_coordinate_within_county
1602119,California Institute of Technology,CA,Pasadena city,-118.144155,34.1476507,1.0,NSF|CA|PASADENA,06037,Los Angeles,source_coordinate_within_county
1640308,"OHIO STATE UNIVERSITY, THE",OH,Columbus city,-83.0007065,39.9622601,1.0,NSF|OH|COLUMBUS,39049,Franklin,source_coordinate_within_county
1640625,University of Maryland Baltimore County,MD,Baltimore city,-76.610759,39.2908816,1.0,NSF|MD|BALTIMORE,24510,Baltimore,source_coordinate_within_county
1625150,Reed Andra J,PA,College township,-77.8710571,40.8128971,1.0,NSF|PA|UNIVERSITY PARK,42027,Centre,source_coordinate_within_county
1622560,Massachusetts Institute of Technology,MA,Cambridge city,-71.1040018,42.3656347,1.0,NSF|MA|CAMBRIDGE,25017,Middlesex,source_coordinate_within_county
1542976,Berkeley Geochronology Center,CA,Berkeley city,-122.272863,37.8708393,0.5,NSF|CA|BERKELEY,06001,Alameda,source_coordinate_within_county
1542936,Tulane University,LA,New Orleans city,-90.0733934,29.9561422,0.5,NSF|LA|NEW ORLEANS,22071,Orleans,source_coordinate_within_county
1643187,Columbia University,NY,New York city,-74.0060152,40.7127281,1.0,NSF|NY|NEW YORK,36061,New York,source_coordinate_within_county
1637205,Virginia Polytechnic Institute and State University,VA,Blacksburg town,-80.4136767,37.2296566,1.0,NSF|VA|BLACKSBURG,51121,Montgomery,source_coordinate_within_county
1628014,Auburn University,AL,Auburn city,-85.4807825,32.6098566,1.0,NSF|AL|AUBURN,01081,Lee,source_coordinate_within_county
1629194,University of Notre Dame,IN,Notre Dame CDP,-86.2373691,41.6992003,1.0,NSF|IN|NOTRE DAME,18141,St. Joseph,source_coordinate_within_county
1558650,Pennsylvania State Univ University Park,PA,College township,-77.8710571,40.8128971,1.0,NSF|PA|UNIVERSITY PARK,42027,Centre,source_coordinate_within_county
2003464,Columbia University,NY,New York city,-74.0060152,40.7127281,1.0,NSF|NY|NEW YORK,36061,New York,source_coordinate_within_county
2022699,University of Alaska Southeast Juneau Campus,AK,Juneau city and borough,-134.4196751,58.3019613,0.5,NSF|AK|JUNEAU,02110,Juneau,source_coordinate_within_county
2022529,University of Colorado at Boulder,CO,Boulder city,-105.270545,40.0149856,0.5,NSF|CO|BOULDER,08013,Boulder,source_coordinate_within_county
1939880,University of Texas at Austin,TX,Austin city,-97.7436995,30.2711286,1.0,NSF|TX|AUSTIN,48453,Travis,source_coordinate_within_county
1948975,California State University-Long Beach Foundation,CA,Long Beach city,-118.191604,33.7690164,1.0,NSF|CA|LONG BEACH,06037,Los Angeles,source_coordinate_within_county
1948790,Northeastern University,MA,Boston city,-71.0578303,42.3588336,1.0,NSF|MA|BOSTON,25025,Suffolk,source_coordinate_within_county
1947411,Stanford University,CA,Stanford CDP,-122.1702445,37.427467,1.0,NSF|CA|STANFORD,06085,Santa Clara,source_coordinate_within_county
1735609,Columbia University,NY,New York city,-74.0060152,40.7127281,1.0,NSF|NY|NEW YORK,36061,New York,source_coordinate_within_county
1737495,"University of Maryland, College Park",MD,College Park city,-76.9369189,38.980666,1.0,NSF|MD|COLLEGE PARK,24033,Prince George's,source_coordinate_within_county
1647170,New Jersey Institute of Technology,NJ,Newark city,-74.1723667,40.735657,1.0,NSF|NJ|NEWARK,34013,Essex,source_coordinate_within_county
1828710,University of North Dakota Main Campus,ND,Grand Forks city,-97.0306325,47.9252104,1.0,NSF|ND|GRAND FORKS,38035,Grand Forks,source_coordinate_within_county
1761987,University of California-Santa Cruz,CA,Santa Cruz city,-122.0294673,36.9743626,1.0,NSF|CA|SANTA CRUZ,06087,Santa Cruz,source_coordinate_within_county
1954065,University of Iowa,IA,Iowa City city,-91.5299106,41.6612561,1.0,NSF|IA|IOWA CITY,19103,Johnson,source_coordinate_within_county
2001671,American Institute of Chemical Engineers,NY,New York city,-74.0060152,40.7127281,1.0,NSF|NY|NEW YORK,36061,New York,source_coordinate_within_county
1937121,Mississippi State University,MS,Mississippi State CDP,-88.7943232,33.4386876,1.0,NSF|MS|MISSISSIPPI STATE,28105,Oktibbeha,source_coordinate_within_county
1920266,Kansas State University,KS,Manhattan city,-96.5716694,39.1836082,1.0,NSF|KS|MANHATTAN,20161,Riley,source_coordinate_within_county
1926792,University of Texas at Arlington,TX,Arlington city,-97.1071186,32.7355816,1.0,NSF|TX|ARLINGTON,48439,Tarrant,source_coordinate_within_county
2017207,Indiana University,IN,Bloomington city,-86.5342881,39.1670396,0.333333333333,NSF|IN|BLOOMINGTON,18105,Monroe,source_coordinate_within_county
2041669,Northwestern University,IL,Evanston city,-87.6846053,42.0470043,0.5,NSF|IL|EVANSTON,17031,Cook,source_coordinate_within_county
1916780,Colorado State University,CO,Fort Collins city,-105.0770113,40.5871782,1.0,NSF|CO|FORT COLLINS,08069,Larimer,source_coordinate_within_county
1949818,Georgia Tech Research Corporation,GA,Atlanta city,-84.3898151,33.7544657,0.5,NSF|GA|ATLANTA,13121,Fulton,source_coordinate_within_county
1846940,CUNY City College,NY,New York city,-74.0060152,40.7127281,1.0,NSF|NY|NEW YORK,36061,New York,source_coordinate_within_county
1832635,George Washington University,DC,Washington city,-77.0363849,38.8950982,0.142857142857,NSF|DC|WASHINGTON,11001,District of Columbia,source_coordinate_within_county
1832680,West Virginia University Research Corporation,WV,Morgantown city,-79.9559437,39.6296809,0.142857142857,NSF|WV|MORGANTOWN,54061,Monongalia,source_coordinate_within_county
1832587,Virginia Polytechnic Institute and State University,VA,Blacksburg town,-80.4136767,37.2296566,0.142857142857,NSF|VA|BLACKSBURG,51121,Montgomery,source_coordinate_within_county
1832578,The University of Central Florida Board of Trustees,FL,Orlando city,-81.379045,28.5421218,0.142857142857,NSF|FL|ORLANDO,12095,Orange,source_coordinate_within_county
1916670,University of Virginia Main Campus,VA,Charlottesville city,-78.4766781,38.029306,0.142857142857,NSF|VA|CHARLOTTESVILLE,51540,Charlottesville,source_coordinate_within_county
1832693,Florida International University,FL,Miami city,-80.1935973,25.7741566,0.142857142857,NSF|FL|MIAMI,12086,Miami-Dade,source_coordinate_within_county
1831090,"Membrion, Inc.",WA,Seattle city,-122.330062,47.6038321,1.0,NSF|WA|SEATTLE,53033,King,source_coordinate_within_county
1758544,Smart Walls Construction LLC,NY,Buffalo city,-78.8781493,42.8864163,1.0,NSF|NY|BUFFALO,36029,Erie,source_coordinate_within_county
1819920,"ILANS, Inc.",MI,Saline city,-83.7816075,42.1667072,1.0,NSF|MI|SALINE,26161,Washtenaw,source_coordinate_within_county
1746187,"Zizmos, Inc.",CA,Palo Alto city,-122.1598465,37.4443293,1.0,NSF|CA|PALO ALTO,06085,Santa Clara,source_coordinate_within_county
1618627,University of Illinois at Urbana-Champaign,IL,Urbana city,-88.207301,40.1117174,1.0,NSF|IL|URBANA,17019,Champaign,source_coordinate_within_county
1800452,Iowa State University,IA,Ames city,-93.6170448,42.0267567,1.0,NSF|IA|AMES,19169,Story,source_coordinate_within_county
1700263,University of Arizona,AZ,Tucson city,-110.974847,32.2228765,0.333333333333,NSF|AZ|TUCSON,04019,Pima,source_coordinate_within_county
1646420,"Board of Regents, NSHE, obo University of Nevada, Reno",NV,Reno city,-119.812658,39.5261788,0.5,NSF|NV|RENO,32031,Washoe,source_coordinate_within_county
1646380,Washington University,MO,St. Louis city,-90.190009,38.6254063,1.0,NSF|MO|SAINT LOUIS,29510,St. Louis,source_coordinate_within_county
1639529,Northern Arizona University,AZ,Flagstaff city,-111.651822,35.1987522,1.0,NSF|AZ|FLAGSTAFF,04005,Coconino,source_coordinate_within_county
1636942,University of Illinois at Urbana-Champaign,IL,Urbana city,-88.207301,40.1117174,1.0,NSF|IL|URBANA,17019,Champaign,source_coordinate_within_county
1645783,Michigan State University,MI,East Lansing city,-84.4721678,42.7320307,0.5,NSF|MI|EAST LANSING,26065,Ingham,source_coordinate_within_county
1637371,San Jose State University Foundation,CA,San Jose city,-121.890591,37.3361663,1.0,NSF|CA|SAN JOSE,06085,Santa Clara,source_coordinate_within_county
1648664,Rutgers University Newark,NJ,Newark city,-74.1723667,40.735657,0.333333333333,NSF|NJ|NEWARK,34013,Essex,source_coordinate_within_county
1648703,University of North Carolina at Charlotte,NC,Charlotte city,-80.8430827,35.2272086,0.333333333333,NSF|NC|CHARLOTTE,37119,Mecklenburg,source_coordinate_within_county
1622978,University of North Texas,TX,Denton city,-97.1330431,33.215038,1.0,NSF|TX|DENTON,48121,Denton,source_coordinate_within_county
1541108,Florida International University,FL,Miami city,-80.1935973,25.7741566,0.333333333333,NSF|FL|MIAMI,12086,Miami-Dade,source_coordinate_within_county
1541105,Virginia Polytechnic Institute and State University,VA,Blacksburg town,-80.4136767,37.2296566,0.333333333333,NSF|VA|BLACKSBURG,51121,Montgomery,source_coordinate_within_county
1541069,Rutgers University New Brunswick,NJ,New Brunswick city,-74.4436416,40.4936119,0.333333333333,NSF|NJ|NEW BRUNSWICK,34023,Middlesex,source_coordinate_within_county
1526677,University of Cincinnati Main Campus,OH,Cincinnati city,-84.5127405,39.1012809,0.5,NSF|OH|CINCINNATI,39061,Hamilton,source_coordinate_within_county
1822484,California Institute of Technology,CA,Pasadena city,-118.144155,34.1476507,0.333333333333,NSF|CA|PASADENA,06037,Los Angeles,source_coordinate_within_county
1822488,University of Memphis,TN,Memphis city,-90.0517786,35.146026,0.333333333333,NSF|TN|MEMPHIS,47157,Shelby,source_coordinate_within_county
1822482,University of Arkansas,AR,Fayetteville city,-94.1574328,36.0625843,0.333333333333,NSF|AR|FAYETTEVILLE,05143,Washington,source_coordinate_within_county
2050264,Iowa State University,IA,Ames city,-93.6170448,42.0267567,1.0,NSF|IA|AMES,19169,Story,source_coordinate_within_county
2023857,"OHIO STATE UNIVERSITY, THE",OH,Columbus city,-83.0007065,39.9622601,1.0,NSF|OH|COLUMBUS,39049,Franklin,source_coordinate_within_county
1528137,"Board of Regents, NSHE, obo University of Nevada, Reno",NV,Reno city,-119.812658,39.5261788,0.5,NSF|NV|RENO,32031,Washoe,source_coordinate_within_county
2029511,"University of Maryland, College Park",MD,College Park city,-76.9369189,38.980666,1.0,NSF|MD|COLLEGE PARK,24033,Prince George's,source_coordinate_within_county
2029850,Northeastern University,MA,Boston city,-71.0578303,42.3588336,1.0,NSF|MA|BOSTON,25025,Suffolk,source_coordinate_within_county
1949710,New York University,NY,New York city,-74.0060152,40.7127281,1.0,NSF|NY|NEW YORK,36061,New York,source_coordinate_within_county
1652448,Princeton University,NJ,Princeton,-74.6597376,40.3496953,1.0,NSF|NJ|PRINCETON,34021,Mercer,source_coordinate_within_county
1735587,University of Virginia Main Campus,VA,Charlottesville city,-78.4766781,38.029306,1.0,NSF|VA|CHARLOTTESVILLE,51540,Charlottesville,source_coordinate_within_county
1745580,Georgia Tech Research Corporation,GA,Atlanta city,-84.3898151,33.7544657,1.0,NSF|GA|ATLANTA,13121,Fulton,source_coordinate_within_county
1745718,Texas A&M University,TX,College Station city,-96.3455991,30.6183939,0.333333333333,NSF|TX|COLLEGE STATION,48041,Brazos,source_coordinate_within_county
1745708,Columbia University,NY,New York city,-74.0060152,40.7127281,0.333333333333,NSF|NY|NEW YORK,36061,New York,source_coordinate_within_county
1727401,Rensselaer Polytechnic Institute,NY,Troy city,-73.6917878,42.7284117,1.0,NSF|NY|TROY,36083,Rensselaer,source_coordinate_within_county
1745710,Regents of the University of Michigan - Ann Arbor,MI,Ann Arbor city,-83.7484616,42.2813722,0.333333333333,NSF|MI|ANN ARBOR,26161,Washtenaw,source_coordinate_within_county
1701413,Georgia Tech Research Corporation,GA,Atlanta city,-84.3898151,33.7544657,1.0,NSF|GA|ATLANTA,13121,Fulton,source_coordinate_within_county
1705728,Regents of the University of Idaho,ID,Moscow city,-117.000165,46.7323875,1.0,NSF|ID|MOSCOW,16057,Latah,source_coordinate_within_county
1701694,CUNY City College,NY,New York city,-74.0060152,40.7127281,0.5,NSF|NY|NEW YORK,36061,New York,source_coordinate_within_county
1706726,Columbia University,NY,New York city,-74.0060152,40.7127281,1.0,NSF|NY|NEW YORK,36061,New York,source_coordinate_within_county
1653092,Cornell University,NY,Ithaca city,-76.4968019,42.4396039,0.5,NSF|NY|ITHACA,36109,Tompkins,source_coordinate_within_county
1724915,University of Texas at Austin,TX,Austin city,-97.7436995,30.2711286,0.333333333333,NSF|TX|AUSTIN,48453,Travis,source_coordinate_within_county
1650585,California Institute of Technology,CA,Pasadena city,-118.144155,34.1476507,1.0,NSF|CA|PASADENA,06037,Los Angeles,source_coordinate_within_county
1724575,Virginia Polytechnic Institute and State University,VA,Blacksburg town,-80.4136767,37.2296566,0.333333333333,NSF|VA|BLACKSBURG,51121,Montgomery,source_coordinate_within_county
1724866,University of California-Berkeley,CA,Berkeley city,-122.272863,37.8708393,0.333333333333,NSF|CA|BERKELEY,06001,Alameda,source_coordinate_within_county
1638384,Washington State University,WA,Pullman city,-117.1799363,46.7295818,0.5,NSF|WA|PULLMAN,53075,Whitman,source_coordinate_within_county
1638320,Case Western Reserve University,OH,Cleveland city,-81.6936772,41.4996574,0.5,NSF|OH|CLEVELAND,39035,Cuyahoga,source_coordinate_within_county
1649919,University of Colorado at Boulder,CO,Boulder city,-105.270545,40.0149856,1.0,NSF|CO|BOULDER,08013,Boulder,source_coordinate_within_county
1646612,University of California-Berkeley,CA,Berkeley city,-122.272863,37.8708393,1.0,NSF|CA|BERKELEY,06001,Alameda,source_coordinate_within_county
1637249,University of Texas at San Antonio,TX,San Antonio city,-98.4951405,29.4246002,0.5,NSF|TX|SAN ANTONIO,48029,Bexar,source_coordinate_within_county
1637258,University of California-Riverside,CA,Riverside city,-117.374238,33.9824949,0.5,NSF|CA|RIVERSIDE,06065,Riverside,source_coordinate_within_county
1636602,SUNY at Buffalo,NY,Amherst town,-78.7997616,42.9783924,1.0,NSF|NY|AMHERST,36029,Erie,source_coordinate_within_county
1645226,"OHIO STATE UNIVERSITY, THE",OH,Columbus city,-83.0007065,39.9622601,1.0,NSF|OH|COLUMBUS,39049,Franklin,source_coordinate_within_county
1605319,Rochester Institute of Tech,NY,Rochester city,-77.615214,43.157285,1.0,NSF|NY|ROCHESTER,36055,Monroe,source_coordinate_within_county
1561932,University of California-Berkeley,CA,Berkeley city,-122.272863,37.8708393,1.0,NSF|CA|BERKELEY,06001,Alameda,source_coordinate_within_county
1637169,University of Washington,WA,Seattle city,-122.330062,47.6038321,0.5,NSF|WA|SEATTLE,53033,King,source_coordinate_within_county
1637163,Purdue University,IN,West Lafayette city,-86.9080655,40.4258686,0.5,NSF|IN|WEST LAFAYETTE,18157,Tippecanoe,source_coordinate_within_county
1639066,Wayne State University,MI,Detroit city,-83.0466403,42.3315509,1.0,NSF|MI|DETROIT,26163,Wayne,source_coordinate_within_county
1633013,Wayne State University,MI,Detroit city,-83.0466403,42.3315509,1.0,NSF|MI|DETROIT,26163,Wayne,source_coordinate_within_county
1632974,Regents of the University of Michigan - Ann Arbor,MI,Ann Arbor city,-83.7484616,42.2813722,1.0,NSF|MI|ANN ARBOR,26161,Washtenaw,source_coordinate_within_county
1624183,Purdue University,IN,West Lafayette city,-86.9080655,40.4258686,1.0,NSF|IN|WEST LAFAYETTE,18157,Tippecanoe,source_coordinate_within_county
1552559,Northeastern University,MA,Boston city,-71.0578303,42.3588336,1.0,NSF|MA|BOSTON,25025,Suffolk,source_coordinate_within_county
1639391,Rochester Institute of Tech,NY,Rochester city,-77.615214,43.157285,1.0,NSF|NY|ROCHESTER,36055,Monroe,source_coordinate_within_county
1840192,Washington State University,WA,Pullman city,-117.1799363,46.7295818,0.25,NSF|WA|PULLMAN,53075,Whitman,source_coordinate_within_county
1840052,Vanderbilt University,TN,Nashville-Davidson metropolitan government (balance),-86.7742984,36.1622767,0.25,NSF|TN|NASHVILLE,47037,Davidson,source_coordinate_within_county
1840083,University of California-Berkeley,CA,Berkeley city,-122.272863,37.8708393,0.25,NSF|CA|BERKELEY,06001,Alameda,source_coordinate_within_county
1848542,University of Alaska Fairbanks Campus,AK,Fairbanks city,-147.716675,64.837845,1.0,NSF|AK|FAIRBANKS,02090,Fairbanks North Star,source_coordinate_within_county
1939915,East Carolina University,NC,Greenville city,-77.3724593,35.613224,1.0,NSF|NC|GREENVILLE,37147,Pitt,source_coordinate_within_county
1855096,University of Illinois at Urbana-Champaign,IL,Urbana city,-88.207301,40.1117174,0.25,NSF|IL|URBANA,17019,Champaign,source_coordinate_within_county
1854991,"OHIO STATE UNIVERSITY, THE",OH,Columbus city,-83.0007065,39.9622601,0.25,NSF|OH|COLUMBUS,39049,Franklin,source_coordinate_within_county
1855047,University of Notre Dame,IN,Notre Dame CDP,-86.2373691,41.6992003,0.25,NSF|IN|NOTRE DAME,18141,St. Joseph,source_coordinate_within_county
1854986,University of Texas at Austin,TX,Austin city,-97.7436995,30.2711286,0.25,NSF|TX|AUSTIN,48453,Travis,source_coordinate_within_county
1855054,Central Michigan University,MI,Mount Pleasant city,-84.7668495,43.597646,0.25,NSF|MI|MOUNT PLEASANT,26073,Isabella,source_coordinate_within_county
1916205,University of Illinois at Urbana-Champaign,IL,Urbana city,-88.207301,40.1117174,0.333333333333,NSF|IL|URBANA,17019,Champaign,source_coordinate_within_county
1950101,Michigan State University,MI,East Lansing city,-84.4721678,42.7320307,0.333333333333,NSF|MI|EAST LANSING,26065,Ingham,source_coordinate_within_county
1855050,Atmospheric and Environmental Research Inc,MA,Lexington CDP,-71.2245003,42.4473175,0.25,NSF|MA|LEXINGTON,25017,Middlesex,source_coordinate_within_county
1855100,University of Oklahoma Norman Campus,OK,Norman city,-97.4394816,35.2225717,0.25,NSF|OK|NORMAN,40027,Cleveland,source_coordinate_within_county
1916179,University of Wisconsin-Madison,WI,Madison city,-89.3841663,43.07469,0.333333333333,NSF|WI|MADISON,55025,Dane,source_coordinate_within_county
1855063,Pennsylvania State Univ University Park,PA,College township,-77.8710571,40.8128971,0.25,NSF|PA|UNIVERSITY PARK,42027,Centre,source_coordinate_within_county
1854993,Princeton University,NJ,Princeton,-74.6597376,40.3496953,0.25,NSF|NJ|PRINCETON,34021,Mercer,source_coordinate_within_county
1854980,Woods Hole Oceanographic Institution,MA,Woods Hole CDP,-70.6694015,41.5238752,1.0,NSF|MA|WOODS HOLE,25001,Barnstable,source_coordinate_within_county
1854956,University of Colorado at Boulder,CO,Boulder city,-105.270545,40.0149856,0.25,NSF|CO|BOULDER,08013,Boulder,source_coordinate_within_county
1854917,Texas A&M University,TX,College Station city,-96.3455991,30.6183939,0.25,NSF|TX|COLLEGE STATION,48041,Brazos,source_coordinate_within_county
1848166,California Institute of Technology,CA,Pasadena city,-118.144155,34.1476507,1.0,NSF|CA|PASADENA,06037,Los Angeles,source_coordinate_within_county
1854929,Massachusetts Institute of Technology,MA,Cambridge city,-71.1040018,42.3656347,0.25,NSF|MA|CAMBRIDGE,25017,Middlesex,source_coordinate_within_county
1827464,Drexel University,PA,Philadelphia city,-75.1635262,39.9527237,1.0,NSF|PA|PHILADELPHIA,42101,Philadelphia,source_coordinate_within_county
1763218,Wayne State University,MI,Detroit city,-83.0466403,42.3315509,1.0,NSF|MI|DETROIT,26163,Wayne,source_coordinate_within_county
1904653,Auburn University,AL,Auburn city,-85.4807825,32.6098566,0.5,NSF|AL|AUBURN,01081,Lee,source_coordinate_within_county
1855374,Clemson University,SC,Clemson city,-82.8364111,34.6850749,0.5,NSF|SC|CLEMSON,45077,Pickens,source_coordinate_within_county
1855128,University of Hawaii,HI,Urban Honolulu CDP,-157.855676,21.304547,1.0,NSF|HI|HONOLULU,15003,Honolulu,source_coordinate_within_county
1844351,University of North Texas,TX,Denton city,-97.1330431,33.215038,1.0,NSF|TX|DENTON,48121,Denton,source_coordinate_within_county
1804218,University of Oregon Eugene,OR,Eugene city,-123.0950506,44.0505054,1.0,NSF|OR|EUGENE,41039,Lane,source_coordinate_within_county
1840433,Regents of the University of Michigan - Ann Arbor,MI,Ann Arbor city,-83.7484616,42.2813722,1.0,NSF|MI|ANN ARBOR,26161,Washtenaw,source_coordinate_within_county
1832692,Wayne State University,MI,Detroit city,-83.0466403,42.3315509,1.0,NSF|MI|DETROIT,26163,Wayne,source_coordinate_within_county
1832442,University of North Carolina at Chapel Hill,NC,Chapel Hill town,-79.05578,35.9131542,0.333333333333,NSF|NC|CHAPEL HILL,37135,Orange,source_coordinate_within_county
1832591,Regents of the University of Michigan - Ann Arbor,MI,Ann Arbor city,-83.7484616,42.2813722,1.0,NSF|MI|ANN ARBOR,26161,Washtenaw,source_coordinate_within_county
1840559,Regents of the University of Michigan - Ann Arbor,MI,Ann Arbor city,-83.7484616,42.2813722,1.0,NSF|MI|ANN ARBOR,26161,Washtenaw,source_coordinate_within_county
1752220,Villanova University,PA,Villanova CDP,-75.3290464,40.0385961,1.0,NSF|PA|VILLANOVA,42091,Montgomery,source_coordinate_within_county
1853913,Vanderbilt University,TN,Nashville-Davidson metropolitan government (balance),-86.7742984,36.1622767,1.0,NSF|TN|NASHVILLE,47037,Davidson,source_coordinate_within_county
1810899,SUNY at Buffalo,NY,Amherst town,-78.7997616,42.9783924,0.2,NSF|NY|AMHERST,36029,Erie,source_coordinate_within_county
1811084,California Polytechnic State University Foundation,CA,San Luis Obispo city,-120.659615,35.2827525,0.2,NSF|CA|SAN LUIS OBISPO,06079,San Luis Obispo,source_coordinate_within_county
1810870,Purdue University,IN,West Lafayette city,-86.9080655,40.4258686,0.2,NSF|IN|WEST LAFAYETTE,18157,Tippecanoe,source_coordinate_within_county
1739163,Cornell University,NY,Ithaca city,-76.4968019,42.4396039,1.0,NSF|NY|ITHACA,36109,Tompkins,source_coordinate_within_county
1810876,University of Alabama Tuscaloosa,AL,Tuscaloosa city,-87.5675258,33.2095614,0.2,NSF|AL|TUSCALOOSA,01125,Tuscaloosa,source_coordinate_within_county
1917024,University of Delaware,DE,Newark city,-75.7515682,39.6828358,1.0,NSF|DE|NEWARK,10003,New Castle,source_coordinate_within_county
1843662,BEYOND THE DOME INC,CA,Petaluma city,-122.636465,38.2325829,1.0,NSF|CA|PETALUMA,06097,Sonoma,source_coordinate_within_county
2016552,Arizona State University,AZ,Scottsdale city,-111.926018,33.4942189,1.0,NSF|AZ|SCOTTSDALE,04013,Maricopa,source_coordinate_within_county
2024103,University of Washington,WA,Seattle city,-122.330062,47.6038321,1.0,NSF|WA|SEATTLE,53033,King,source_coordinate_within_county
2038502,University of Texas at San Antonio,TX,San Antonio city,-98.4951405,29.4246002,1.0,NSF|TX|SAN ANTONIO,48029,Bexar,source_coordinate_within_county
2029518,Regents of the University of Michigan - Ann Arbor,MI,Ann Arbor city,-83.7484616,42.2813722,1.0,NSF|MI|ANN ARBOR,26161,Washtenaw,source_coordinate_within_county
2016164,SUNY at Stony Brook,NY,Stony Brook CDP,-73.140943,40.9256538,1.0,NSF|NY|STONY BROOK,36103,Suffolk,source_coordinate_within_county
1760258,Texas A&M Engineering Experiment Station,TX,College Station city,-96.3455991,30.6183939,1.0,NSF|TX|COLLEGE STATION,48041,Brazos,source_coordinate_within_county
1810907,University of California-San Diego,CA,San Diego city,-117.2740777,32.8401623,0.2,NSF|CA|LA JOLLA,06073,San Diego,source_coordinate_within_county
1760598,Southern Illinois University at Carbondale,IL,Carbondale city,-89.216655,37.7274692,1.0,NSF|IL|CARBONDALE,17077,Jackson,source_coordinate_within_county
1823552,University of California-Irvine,CA,Irvine city,-117.825981,33.6856969,1.0,NSF|CA|IRVINE,06059,Orange,source_coordinate_within_county
1744724,Regents of the University of Michigan - Ann Arbor,MI,Ann Arbor city,-83.7484616,42.2813722,1.0,NSF|MI|ANN ARBOR,26161,Washtenaw,source_coordinate_within_county
1658962,University of California-Davis,CA,Davis city,-121.739005,38.5435526,1.0,NSF|CA|DAVIS,06113,Yolo,source_coordinate_within_county
1658960,Arizona State University,AZ,Scottsdale city,-111.926018,33.4942189,1.0,NSF|AZ|SCOTTSDALE,04013,Maricopa,source_coordinate_within_county
1719532,University of Georgia Research Foundation Inc,GA,Athens-Clarke County unified government (balance),-83.376398,33.9597677,1.0,NSF|GA|ATHENS,13059,Clarke,source_coordinate_within_county
1741619,Georgia Tech Research Corporation,GA,Atlanta city,-84.3898151,33.7544657,1.0,NSF|GA|ATLANTA,13121,Fulton,source_coordinate_within_county
1724972,University of North Carolina at Charlotte,NC,Charlotte city,-80.8430827,35.2272086,1.0,NSF|NC|CHARLOTTE,37119,Mecklenburg,source_coordinate_within_county
1918294,University of California-Santa Cruz,CA,Santa Cruz city,-122.0294673,36.9743626,1.0,NSF|CA|SANTA CRUZ,06087,Santa Cruz,source_coordinate_within_county
1853778,"Board of Regents, NSHE, obo University of Nevada, Reno",NV,Reno city,-119.812658,39.5261788,1.0,NSF|NV|RENO,32031,Washoe,source_coordinate_within_county
1851418,Regents of the University of Michigan - Ann Arbor,MI,Ann Arbor city,-83.7484616,42.2813722,1.0,NSF|MI|ANN ARBOR,26161,Washtenaw,source_coordinate_within_county
2202313,Louisiana State University,LA,Baton Rouge city,-91.1869659,30.4494155,1.0,NSF|LA|BATON ROUGE,22033,East Baton Rouge,source_coordinate_within_county
2141804,"Board of Regents, NSHE, obo University of Nevada, Reno",NV,Reno city,-119.812658,39.5261788,1.0,NSF|NV|RENO,32031,Washoe,source_coordinate_within_county
2105358,California Institute of Technology,CA,Pasadena city,-118.144155,34.1476507,0.333333333333,NSF|CA|PASADENA,06037,Los Angeles,source_coordinate_within_county
2105320,Louisiana State University,LA,Baton Rouge city,-91.1869659,30.4494155,0.333333333333,NSF|LA|BATON ROUGE,22033,East Baton Rouge,source_coordinate_within_county
2025310,University of California-Los Angeles,CA,Los Angeles city,-118.242766,34.0536909,1.0,NSF|CA|LOS ANGELES,06037,Los Angeles,source_coordinate_within_county
2246584,North Carolina State University,NC,Raleigh city,-78.6390989,35.7803977,0.333333333333,NSF|NC|RALEIGH,37183,Wake,source_coordinate_within_county
2135669,University of Colorado at Boulder,CO,Boulder city,-105.270545,40.0149856,1.0,NSF|CO|BOULDER,08013,Boulder,source_coordinate_within_county
2128782,University of Washington,WA,Seattle city,-122.330062,47.6038321,0.5,NSF|WA|SEATTLE,53033,King,source_coordinate_within_county
2041446,The University of Central Florida Board of Trustees,FL,Orlando city,-81.379045,28.5421218,1.0,NSF|FL|ORLANDO,12095,Orange,source_coordinate_within_county
2128856,Arizona State University,AZ,Scottsdale city,-111.926018,33.4942189,0.5,NSF|AZ|SCOTTSDALE,04013,Maricopa,source_coordinate_within_county
2049834,University of Connecticut,CT,Storrs CDP,-72.2495231,41.8084314,0.5,NSF|CT|STORRS,09110,Capitol,source_coordinate_within_county
2048505,Regents of the University of Michigan - Ann Arbor,MI,Ann Arbor city,-83.7484616,42.2813722,0.5,NSF|MI|ANN ARBOR,26161,Washtenaw,source_coordinate_within_county
2043900,George Mason University,VA,Fairfax city,-77.3063733,38.8462236,1.0,NSF|VA|FAIRFAX,51600,Fairfax,source_coordinate_within_county
2115453,University of Illinois at Chicago,IL,Chicago city,-87.6244212,41.8755616,1.0,NSF|IL|CHICAGO,17031,Cook,source_coordinate_within_county
2203180,Florida State University,FL,Tallahassee city,-84.2809332,30.4380832,1.0,NSF|FL|TALLAHASSEE,12073,Leon,source_coordinate_within_county
2133337,University of Wisconsin-Milwaukee,WI,Milwaukee city,-87.9090751,43.0386475,1.0,NSF|WI|MILWAUKEE,55079,Milwaukee,source_coordinate_within_county
2133342,Georgia Tech Research Corporation,GA,Atlanta city,-84.3898151,33.7544657,1.0,NSF|GA|ATLANTA,13121,Fulton,source_coordinate_within_county
2125548,Kansas State University,KS,Manhattan city,-96.5716694,39.1836082,1.0,NSF|KS|MANHATTAN,20161,Riley,source_coordinate_within_county
2043218,University of Wisconsin-Milwaukee,WI,Milwaukee city,-87.9090751,43.0386475,1.0,NSF|WI|MILWAUKEE,55079,Milwaukee,source_coordinate_within_county
2043431,Georgia Tech Research Corporation,GA,Atlanta city,-84.3898151,33.7544657,1.0,NSF|GA|ATLANTA,13121,Fulton,source_coordinate_within_county
2401551,Rand Corporation,CA,Santa Monica city,-118.491227,34.0194704,0.5,NSF|CA|SANTA MONICA,06037,Los Angeles,source_coordinate_within_county
2402003,Pennsylvania State Univ University Park,PA,College township,-77.8710571,40.8128971,0.5,NSF|PA|UNIVERSITY PARK,42027,Centre,source_coordinate_within_county
2334340,University of California-Santa Barbara,CA,Santa Barbara city,-119.702667,34.4221319,1.0,NSF|CA|SANTA BARBARA,06083,Santa Barbara,source_coordinate_within_county
2242302,Cornell University,NY,Ithaca city,-76.4968019,42.4396039,1.0,NSF|NY|ITHACA,36109,Tompkins,source_coordinate_within_county
2321162,Stetson University,FL,DeLand city,-81.3034183,29.0281051,1.0,NSF|FL|DELAND,12127,Volusia,source_coordinate_within_county
2228607,Vanderbilt University,TN,Nashville-Davidson metropolitan government (balance),-86.7742984,36.1622767,1.0,NSF|TN|NASHVILLE,47037,Davidson,source_coordinate_within_county
2317154,University of Arizona,AZ,Tucson city,-110.974847,32.2228765,0.333333333333,NSF|AZ|TUCSON,04019,Pima,source_coordinate_within_county
2241361,Pennsylvania State Univ University Park,PA,College township,-77.8710571,40.8128971,0.333333333333,NSF|PA|UNIVERSITY PARK,42027,Centre,source_coordinate_within_county
2236080,University of Georgia Research Foundation Inc,GA,Athens-Clarke County unified government (balance),-83.376398,33.9597677,1.0,NSF|GA|ATHENS,13059,Clarke,source_coordinate_within_county
2220685,University of Texas at Arlington,TX,Arlington city,-97.1071186,32.7355816,1.0,NSF|TX|ARLINGTON,48439,Tarrant,source_coordinate_within_county
2043634,Carnegie Mellon University,PA,Pittsburgh city,-80.0025666,40.4406968,1.0,NSF|PA|PITTSBURGH,42003,Allegheny,source_coordinate_within_county
2133379,University of Arkansas,AR,Fayetteville city,-94.1574328,36.0625843,1.0,NSF|AR|FAYETTEVILLE,05143,Washington,source_coordinate_within_county
2125427,University of Florida,FL,Gainesville city,-82.3249846,29.6519684,1.0,NSF|FL|GAINESVILLE,12001,Alachua,source_coordinate_within_county
2133356,New York University,NY,New York city,-74.0060152,40.7127281,1.0,NSF|NY|NEW YORK,36061,New York,source_coordinate_within_county
2133352,University of Houston,TX,Houston city,-95.3676974,29.7589382,1.0,NSF|TX|HOUSTON,48201,Harris,source_coordinate_within_county
2133384,University of Kansas Center for Research Inc,KS,Lawrence city,-95.2359403,38.9719137,1.0,NSF|KS|LAWRENCE,20045,Douglas,source_coordinate_within_county
2213359,West Virginia University Research Corporation,WV,Morgantown city,-79.9559437,39.6296809,0.25,NSF|WV|MORGANTOWN,54061,Monongalia,source_coordinate_within_county
2133302,University of Texas at Austin,TX,Austin city,-97.7436995,30.2711286,1.0,NSF|TX|AUSTIN,48453,Travis,source_coordinate_within_county
2125350,Carnegie Mellon University,PA,Pittsburgh city,-80.0025666,40.4406968,1.0,NSF|PA|PITTSBURGH,42003,Allegheny,source_coordinate_within_county
2118491,"OHIO STATE UNIVERSITY, THE",OH,Columbus city,-83.0007065,39.9622601,0.333333333333,NSF|OH|COLUMBUS,39049,Franklin,source_coordinate_within_county
2118234,Regents of the University of Michigan - Ann Arbor,MI,Ann Arbor city,-83.7484616,42.2813722,0.333333333333,NSF|MI|ANN ARBOR,26161,Washtenaw,source_coordinate_within_county
2047236,CUNY New York City College of Technology,NY,New York city,-73.9497211,40.6526006,1.0,NSF|NY|BROOKLYN,36047,Kings,source_coordinate_within_county
2043611,Wayne State University,MI,Detroit city,-83.0466403,42.3315509,1.0,NSF|MI|DETROIT,26163,Wayne,source_coordinate_within_county
2044022,University of Kansas Center for Research Inc,KS,Lawrence city,-95.2359403,38.9719137,1.0,NSF|KS|LAWRENCE,20045,Douglas,source_coordinate_within_county
2044026,University of Arkansas,AR,Fayetteville city,-94.1574328,36.0625843,1.0,NSF|AR|FAYETTEVILLE,05143,Washington,source_coordinate_within_county
2043026,University of Washington,WA,Seattle city,-122.330062,47.6038321,1.0,NSF|WA|SEATTLE,53033,King,source_coordinate_within_county
2043060,University of Texas at Austin,TX,Austin city,-97.7436995,30.2711286,1.0,NSF|TX|AUSTIN,48453,Travis,source_coordinate_within_county
2042600,Georgia Tech Research Corporation,GA,Atlanta city,-84.3898151,33.7544657,1.0,NSF|GA|ATLANTA,13121,Fulton,source_coordinate_within_county
2044034,University of California-Los Angeles,CA,Los Angeles city,-118.242766,34.0536909,1.0,NSF|CA|LOS ANGELES,06037,Los Angeles,source_coordinate_within_county
2043981,University of Missouri-Saint Louis,MO,St. Louis city,-90.190009,38.6254063,1.0,NSF|MO|SAINT LOUIS,29510,St. Louis,source_coordinate_within_county
2042715,"OHIO STATE UNIVERSITY, THE",OH,Columbus city,-83.0007065,39.9622601,1.0,NSF|OH|COLUMBUS,39049,Franklin,source_coordinate_within_county
2043955,New York University,NY,New York city,-74.0060152,40.7127281,1.0,NSF|NY|NEW YORK,36061,New York,source_coordinate_within_county
2044013,Missouri University of Science and Technology,MO,Rolla city,-91.7708076,37.9509324,1.0,NSF|MO|ROLLA,29161,Phelps,source_coordinate_within_county
1945703,Texas A&M Engineering Experiment Station,TX,College Station city,-96.3455991,30.6183939,0.5,NSF|TX|COLLEGE STATION,48041,Brazos,source_coordinate_within_county
1945787,Louisiana State University,LA,Baton Rouge city,-91.1869659,30.4494155,0.5,NSF|LA|BATON ROUGE,22033,East Baton Rouge,source_coordinate_within_county
1922782,University of Florida,FL,Gainesville city,-82.3249846,29.6519684,1.0,NSF|FL|GAINESVILLE,12001,Alachua,source_coordinate_within_county
1837135,Stanford University,CA,Stanford CDP,-122.1702445,37.427467,0.5,NSF|CA|STANFORD,06085,Santa Clara,source_coordinate_within_county
1837125,University of California-Santa Barbara,CA,Santa Barbara city,-119.702667,34.4221319,0.5,NSF|CA|SANTA BARBARA,06083,Santa Barbara,source_coordinate_within_county
2313785,University of Washington,WA,Seattle city,-122.330062,47.6038321,1.0,NSF|WA|SEATTLE,53033,King,source_coordinate_within_county
2326446,University of Illinois at Urbana-Champaign,IL,Urbana city,-88.207301,40.1117174,1.0,NSF|IL|URBANA,17019,Champaign,source_coordinate_within_county
2052257,"ETALYC, Inc.",IA,Ames city,-93.6170448,42.0267567,1.0,NSF|IA|AMES,19169,Story,source_coordinate_within_county
2140306,University of Arkansas,AR,Fayetteville city,-94.1574328,36.0625843,1.0,NSF|AR|FAYETTEVILLE,05143,Washington,source_coordinate_within_county
2120238,Chapman University,CA,Orange city,-117.850308,33.7872568,1.0,NSF|CA|ORANGE,06059,Orange,source_coordinate_within_county
2054807,Arizona State University,AZ,Scottsdale city,-111.926018,33.4942189,1.0,NSF|AZ|SCOTTSDALE,04013,Maricopa,source_coordinate_within_county
2044465,University of California-San Diego,CA,San Diego city,-117.2740777,32.8401623,1.0,NSF|CA|LA JOLLA,06073,San Diego,source_coordinate_within_county
2333548,Drexel University,PA,Philadelphia city,-75.1635262,39.9527237,1.0,NSF|PA|PHILADELPHIA,42101,Philadelphia,source_coordinate_within_county
2238381,University of Oklahoma Norman Campus,OK,Norman city,-97.4394816,35.2225717,1.0,NSF|OK|NORMAN,40027,Cleveland,source_coordinate_within_county
2025377,Virginia Polytechnic Institute and State University,VA,Blacksburg town,-80.4136767,37.2296566,0.333333333333,NSF|VA|BLACKSBURG,51121,Montgomery,source_coordinate_within_county
2025459,University of Colorado at Boulder,CO,Boulder city,-105.270545,40.0149856,0.333333333333,NSF|CO|BOULDER,08013,Boulder,source_coordinate_within_county
2150965,Georgia Tech Research Corporation,GA,Atlanta city,-84.3898151,33.7544657,0.5,NSF|GA|ATLANTA,13121,Fulton,source_coordinate_within_county
1661862,Colorado State University,CO,Fort Collins city,-105.0770113,40.5871782,0.5,NSF|CO|FORT COLLINS,08069,Larimer,source_coordinate_within_county
1663693,Pennsylvania State Univ University Park,PA,College township,-77.8710571,40.8128971,0.333333333333,NSF|PA|UNIVERSITY PARK,42027,Centre,source_coordinate_within_county
1664013,University of Massachusetts Amherst,MA,Amherst Town city,-72.5198761,42.3731948,0.333333333333,NSF|MA|AMHERST,25015,Hampshire,source_coordinate_within_county
1663807,Rutgers University New Brunswick,NJ,New Brunswick city,-74.4436416,40.4936119,0.333333333333,NSF|NJ|NEW BRUNSWICK,34023,Middlesex,source_coordinate_within_county
1639214,Johns Hopkins University,MD,Baltimore city,-76.610759,39.2908816,1.0,NSF|MD|BALTIMORE,24510,Baltimore,source_coordinate_within_county
2151594,Tulane University,LA,New Orleans city,-90.0733934,29.9561422,0.5,NSF|LA|NEW ORLEANS,22071,Orleans,source_coordinate_within_county
1707753,Washington State University,WA,Pullman city,-117.1799363,46.7295818,1.0,NSF|WA|PULLMAN,53075,Whitman,source_coordinate_within_county
1560166,University of California-Berkeley,CA,Berkeley city,-122.272863,37.8708393,1.0,NSF|CA|BERKELEY,06001,Alameda,source_coordinate_within_county
1559245,University of Chicago,IL,Chicago city,-87.6244212,41.8755616,1.0,NSF|IL|CHICAGO,17031,Cook,source_coordinate_within_county
1647380,Texas A&M University,TX,College Station city,-96.3455991,30.6183939,0.5,NSF|TX|COLLEGE STATION,48041,Brazos,source_coordinate_within_county
1647517,Regents of the University of Michigan - Ann Arbor,MI,Ann Arbor city,-83.7484616,42.2813722,0.5,NSF|MI|ANN ARBOR,26161,Washtenaw,source_coordinate_within_county
1639244,Regents of the University of Michigan - Ann Arbor,MI,Ann Arbor city,-83.7484616,42.2813722,1.0,NSF|MI|ANN ARBOR,26161,Washtenaw,source_coordinate_within_county
1637548,University of Minnesota-Twin Cities,MN,Minneapolis city,-93.2654692,44.9772995,1.0,NSF|MN|MINNEAPOLIS,27053,Hennepin,source_coordinate_within_county
1637604,SUNY at Buffalo,NY,Amherst town,-78.7997616,42.9783924,1.0,NSF|NY|AMHERST,36029,Erie,source_coordinate_within_county
1639769,University of California-San Diego,CA,San Diego city,-117.2740777,32.8401623,1.0,NSF|CA|LA JOLLA,06073,San Diego,source_coordinate_within_county
1634738,University of South Florida,FL,Tampa city,-82.4583107,27.9449854,0.333333333333,NSF|FL|TAMPA,12057,Hillsborough,source_coordinate_within_county
1541136,Pennsylvania State Univ University Park,PA,College township,-77.8710571,40.8128971,0.333333333333,NSF|PA|UNIVERSITY PARK,42027,Centre,source_coordinate_within_county
1541130,Mississippi State University,MS,Mississippi State CDP,-88.7943232,33.4386876,0.333333333333,NSF|MS|MISSISSIPPI STATE,28105,Oktibbeha,source_coordinate_within_county
1600168,Worcester Polytechnic Institute,MA,Worcester city,-71.8018877,42.2625621,1.0,NSF|MA|WORCESTER,25027,Worcester,source_coordinate_within_county
2219616,New Mexico Institute of Mining and Technology,NM,Socorro city,-106.8930799,34.0572858,0.5,NSF|NM|SOCORRO,35053,Socorro,source_coordinate_within_county
2228568,New York University,NY,New York city,-74.0060152,40.7127281,1.0,NSF|NY|NEW YORK,36061,New York,source_coordinate_within_county
2228679,Georgia Tech Research Corporation,GA,Atlanta city,-84.3898151,33.7544657,1.0,NSF|GA|ATLANTA,13121,Fulton,source_coordinate_within_county
2228614,University of California-Santa Cruz,CA,Santa Cruz city,-122.0294673,36.9743626,1.0,NSF|CA|SANTA CRUZ,06087,Santa Cruz,source_coordinate_within_county
2228652,Worcester Polytechnic Institute,MA,Worcester city,-71.8018877,42.2625621,1.0,NSF|MA|WORCESTER,25027,Worcester,source_coordinate_within_county
2131201,University of Puerto Rico Mayaguez,PR,Mayagüez zona urbana,-67.1391124,18.2011161,1.0,NSF|PR|MAYAGUEZ,72097,Mayagüez,source_coordinate_within_county
2125375,Temple University,PA,Philadelphia city,-75.1635262,39.9527237,1.0,NSF|PA|PHILADELPHIA,42101,Philadelphia,source_coordinate_within_county
2415650,MIMIC SYSTEMS INC,NY,New York city,-73.9497211,40.6526006,1.0,NSF|NY|BROOKLYN,36047,Kings,source_coordinate_within_county
2426085,Miami University,OH,Oxford city,-84.7420519,39.5103048,1.0,NSF|OH|OXFORD,39017,Butler,source_coordinate_within_county
2403646,Texas A&M Engineering Experiment Station,TX,College Station city,-96.3455991,30.6183939,1.0,NSF|TX|COLLEGE STATION,48041,Brazos,source_coordinate_within_county
2344359,Columbia University,NY,New York city,-74.0060152,40.7127281,1.0,NSF|NY|NEW YORK,36061,New York,source_coordinate_within_county
2431415,University of Memphis,TN,Memphis city,-90.0517786,35.146026,1.0,NSF|TN|MEMPHIS,47157,Shelby,source_coordinate_within_county
2431451,Iowa State University,IA,Ames city,-93.6170448,42.0267567,1.0,NSF|IA|AMES,19169,Story,source_coordinate_within_county
2431395,Arizona State University,AZ,Scottsdale city,-111.926018,33.4942189,1.0,NSF|AZ|SCOTTSDALE,04013,Maricopa,source_coordinate_within_county
2332339,Southern Methodist University,TX,Dallas city,-96.7968559,32.7762719,1.0,NSF|TX|DALLAS,48113,Dallas,source_coordinate_within_county
2423008,Texas A&M Engineering Experiment Station,TX,College Station city,-96.3455991,30.6183939,0.5,NSF|TX|COLLEGE STATION,48041,Brazos,source_coordinate_within_county
2428625,Virginia Polytechnic Institute and State University,VA,Blacksburg town,-80.4136767,37.2296566,0.142857142857,NSF|VA|BLACKSBURG,51121,Montgomery,source_coordinate_within_county
1663063,SUNY at Buffalo,NY,Amherst town,-78.7997616,42.9783924,0.5,NSF|NY|AMHERST,36029,Erie,source_coordinate_within_county
1662963,University of Alabama Tuscaloosa,AL,Tuscaloosa city,-87.5675258,33.2095614,0.5,NSF|AL|TUSCALOOSA,01125,Tuscaloosa,source_coordinate_within_county
1710797,Florida Atlantic University,FL,Boca Raton city,-80.0830984,26.3586885,0.5,NSF|FL|BOCA RATON,12099,Palm Beach,source_coordinate_within_county
1711471,University of Minnesota-Twin Cities,MN,Minneapolis city,-93.2654692,44.9772995,0.5,NSF|MN|MINNEAPOLIS,27053,Hennepin,source_coordinate_within_county
1711587,Virginia Polytechnic Institute and State University,VA,Blacksburg town,-80.4136767,37.2296566,1.0,NSF|VA|BLACKSBURG,51121,Montgomery,source_coordinate_within_county
2435284,Massachusetts Institute of Technology,MA,Cambridge city,-71.1040018,42.3656347,1.0,NSF|MA|CAMBRIDGE,25017,Middlesex,source_coordinate_within_county
2435436,George Mason University,VA,Fairfax city,-77.3063733,38.8462236,1.0,NSF|VA|FAIRFAX,51600,Fairfax,source_coordinate_within_county
2431983,Columbia University,NY,New York city,-74.0060152,40.7127281,1.0,NSF|NY|NEW YORK,36061,New York,source_coordinate_within_county
1664579,University of California-San Diego Scripps Inst of Oceanography,CA,San Diego city,-117.2740777,32.8401623,0.333333333333,NSF|CA|LA JOLLA,06073,San Diego,source_coordinate_within_county
1664474,Oklahoma State University,OK,Stillwater city,-97.0585717,36.1156306,0.333333333333,NSF|OK|STILLWATER,40119,Payne,source_coordinate_within_county
1664473,Woods Hole Oceanographic Institution,MA,Woods Hole CDP,-70.6694015,41.5238752,0.333333333333,NSF|MA|WOODS HOLE,25001,Barnstable,source_coordinate_within_county
1559196,University of Florida,FL,Gainesville city,-82.3249846,29.6519684,1.0,NSF|FL|GAINESVILLE,12001,Alachua,source_coordinate_within_county
1952181,University of Kentucky Research Foundation,KY,Lexington-Fayette urban county,-84.4970393,38.0464066,1.0,NSF|KY|LEXINGTON,21067,Fayette,source_coordinate_within_county
1951813,Texas A&M Engineering Experiment Station,TX,College Station city,-96.3455991,30.6183939,1.0,NSF|TX|COLLEGE STATION,48041,Brazos,source_coordinate_within_county
2038612,Carnegie Mellon University,PA,Pittsburgh city,-80.0025666,40.4406968,1.0,NSF|PA|PITTSBURGH,42003,Allegheny,source_coordinate_within_county
1951418,University of Washington,WA,Seattle city,-122.330062,47.6038321,1.0,NSF|WA|SEATTLE,53033,King,source_coordinate_within_county
2514412,Arizona State University,AZ,Scottsdale city,-111.926018,33.4942189,0.5,NSF|AZ|SCOTTSDALE,04013,Maricopa,source_coordinate_within_county
2431225,University of Oklahoma Health Sciences Center,OK,Oklahoma City city,-97.5170536,35.4729886,1.0,NSF|OK|OKLAHOMA CITY,40109,Oklahoma,source_coordinate_within_county
2430978,"University of Maryland, College Park",MD,College Park city,-76.9369189,38.980666,1.0,NSF|MD|COLLEGE PARK,24033,Prince George's,source_coordinate_within_county
1846795,Michigan Technological University,MI,Houghton city,-88.569012,47.121872,1.0,NSF|MI|HOUGHTON,26061,Houghton,source_coordinate_within_county
2341996,Saint Louis University,MO,St. Louis city,-90.190009,38.6254063,1.0,NSF|MO|SAINT LOUIS,29510,St. Louis,source_coordinate_within_county
1746758,Litterati Inc.,NC,Durham city,-78.9018053,35.996653,1.0,NSF|NC|DURHAM,37063,Durham,source_coordinate_within_county
1758196,Pontifical Catholic University of Puerto Rico,PR,Ponce zona urbana,-66.613958,18.011564,1.0,NSF|PR|PONCE,72113,Ponce,source_coordinate_within_county
1747353,Aerodyne Microsystems Inc.,CA,Danville town,-122.0008254,37.8225892,1.0,NSF|CA|DANVILLE,06013,Contra Costa,source_coordinate_within_county
1927574,Aerodyne Microsystems Inc.,CA,Danville town,-122.0008254,37.8225892,1.0,NSF|CA|DANVILLE,06013,Contra Costa,source_coordinate_within_county
1925735,"LUDLUM MEASUREMENTS, INC.",CO,Broomfield city,-105.05208,39.9403995,1.0,NSF|CO|BROOMFIELD,08014,Broomfield,source_coordinate_within_county
1950872,University of Nevada Las Vegas,NV,Las Vegas city,-115.1484131,36.1674263,1.0,NSF|NV|LAS VEGAS,32003,Clark,source_coordinate_within_county
1919084,Cornell University,NY,Ithaca city,-76.4968019,42.4396039,1.0,NSF|NY|ITHACA,36109,Tompkins,source_coordinate_within_county
1914219,"ETALYC, Inc.",IA,Ames city,-93.6170448,42.0267567,1.0,NSF|IA|AMES,19169,Story,source_coordinate_within_county
1914247,"TAGORE TECHNOLOGY, INC.",IL,Arlington Heights village,-87.9802164,42.0811563,1.0,NSF|IL|ARLINGTON HEIGHTS,17031,Cook,source_coordinate_within_county
1831244,"Mobius Labs, Inc",NY,Troy city,-73.6917878,42.7284117,1.0,NSF|NY|TROY,36083,Rensselaer,source_coordinate_within_county
1853170,Litterati Inc.,NC,Durham city,-78.9018053,35.996653,1.0,NSF|NC|DURHAM,37063,Durham,source_coordinate_within_county
1933927,Columbia University,NY,New York city,-74.0060152,40.7127281,1.0,NSF|NY|NEW YORK,36061,New York,source_coordinate_within_county
2019494,George Washington University,DC,Washington city,-77.0363849,38.8950982,1.0,NSF|DC|WASHINGTON,11001,District of Columbia,source_coordinate_within_county
1951071,University of Washington,WA,Seattle city,-122.330062,47.6038321,1.0,NSF|WA|SEATTLE,53033,King,source_coordinate_within_county
1940193,Georgetown University,DC,Washington city,-77.0363849,38.8950982,1.0,NSF|DC|WASHINGTON,11001,District of Columbia,source_coordinate_within_county
2133960,Tulane University,LA,New Orleans city,-90.0733934,29.9561422,0.333333333333,NSF|LA|NEW ORLEANS,22071,Orleans,source_coordinate_within_county
1940264,Florida International University,FL,Miami city,-80.1935973,25.7741566,1.0,NSF|FL|MIAMI,12086,Miami-Dade,source_coordinate_within_county
2026795,Stevens Institute of Technology,NJ,Hoboken city,-74.0323752,40.7433066,0.5,NSF|NJ|HOBOKEN,34017,Hudson,source_coordinate_within_county
2027024,University of Florida,FL,Gainesville city,-82.3249846,29.6519684,0.5,NSF|FL|GAINESVILLE,12001,Alachua,source_coordinate_within_county
1952196,University of Texas at Austin,TX,Austin city,-97.7436995,30.2711286,1.0,NSF|TX|AUSTIN,48453,Travis,source_coordinate_within_county
1952792,The University of Central Florida Board of Trustees,FL,Orlando city,-81.379045,28.5421218,1.0,NSF|FL|ORLANDO,12095,Orange,source_coordinate_within_county
1952241,University of California-Irvine,CA,Irvine city,-117.825981,33.6856969,1.0,NSF|CA|IRVINE,06059,Orange,source_coordinate_within_county
1951821,William Marsh Rice University,TX,Houston city,-95.3676974,29.7589382,1.0,NSF|TX|HOUSTON,48201,Harris,source_coordinate_within_county
1944559,Vanderbilt University,TN,Nashville-Davidson metropolitan government (balance),-86.7742984,36.1622767,1.0,NSF|TN|NASHVILLE,47037,Davidson,source_coordinate_within_county
1700887,Georgia Tech Research Corporation,GA,Atlanta city,-84.3898151,33.7544657,1.0,NSF|GA|ATLANTA,13121,Fulton,source_coordinate_within_county
1837481,Rutgers University Camden,NJ,Camden city,-75.1198911,39.9448402,0.25,NSF|NJ|CAMDEN,34007,Camden,source_coordinate_within_county
1837210,University of Pennsylvania,PA,Philadelphia city,-75.1635262,39.9527237,0.25,NSF|PA|PHILADELPHIA,42101,Philadelphia,source_coordinate_within_county
1837244,University of California-Berkeley,CA,Berkeley city,-122.272863,37.8708393,0.25,NSF|CA|BERKELEY,06001,Alameda,source_coordinate_within_county
1837652,Vanderbilt University,TN,Nashville-Davidson metropolitan government (balance),-86.7742984,36.1622767,0.25,NSF|TN|NASHVILLE,47037,Davidson,source_coordinate_within_county
1806785,University of Southern California,CA,Los Angeles city,-118.242766,34.0536909,1.0,NSF|CA|LOS ANGELES,06037,Los Angeles,source_coordinate_within_county
1737563,North Carolina State University,NC,Raleigh city,-78.6390989,35.7803977,1.0,NSF|NC|RALEIGH,37183,Wake,source_coordinate_within_county
1932220,University of North Carolina at Chapel Hill,NC,Chapel Hill town,-79.05578,35.9131542,1.0,NSF|NC|CHAPEL HILL,37135,Orange,source_coordinate_within_county
1918463,Duke University,NC,Durham city,-78.9018053,35.996653,1.0,NSF|NC|DURHAM,37063,Durham,source_coordinate_within_county
1904324,Princeton University,NJ,Princeton,-74.6597376,40.3496953,1.0,NSF|NJ|PRINCETON,34021,Mercer,source_coordinate_within_county
1917019,The University of Central Florida Board of Trustees,FL,Orlando city,-81.379045,28.5421218,0.333333333333,NSF|FL|ORLANDO,12095,Orange,source_coordinate_within_county
1851403,University of Chicago,IL,Chicago city,-87.6244212,41.8755616,1.0,NSF|IL|CHICAGO,17031,Cook,source_coordinate_within_county
2018492,SUNY at Stony Brook,NY,Stony Brook CDP,-73.140943,40.9256538,0.5,NSF|NY|STONY BROOK,36103,Suffolk,source_coordinate_within_county
1917112,Illinois Institute of Technology,IL,Chicago city,-87.6244212,41.8755616,0.333333333333,NSF|IL|CHICAGO,17031,Cook,source_coordinate_within_county
1917164,University of Texas at San Antonio,TX,San Antonio city,-98.4951405,29.4246002,0.333333333333,NSF|TX|SAN ANTONIO,48029,Bexar,source_coordinate_within_county
1937013,Kansas State University,KS,Manhattan city,-96.5716694,39.1836082,1.0,NSF|KS|MANHATTAN,20161,Riley,source_coordinate_within_county
1854684,Georgia Tech Research Corporation,GA,Atlanta city,-84.3898151,33.7544657,1.0,NSF|GA|ATLANTA,13121,Fulton,source_coordinate_within_county
1917056,University of Texas at Austin,TX,Austin city,-97.7436995,30.2711286,0.333333333333,NSF|TX|AUSTIN,48453,Travis,source_coordinate_within_county
1901710,University of Alabama Tuscaloosa,AL,Tuscaloosa city,-87.5675258,33.2095614,0.333333333333,NSF|AL|TUSCALOOSA,01125,Tuscaloosa,source_coordinate_within_county
1901699,North Carolina State University,NC,Raleigh city,-78.6390989,35.7803977,0.333333333333,NSF|NC|RALEIGH,37183,Wake,source_coordinate_within_county
1902888,Oregon State University,OR,Corvallis city,-123.2620435,44.5645659,1.0,NSF|OR|CORVALLIS,41003,Benton,source_coordinate_within_county
1803505,University of Minnesota-Twin Cities,MN,Minneapolis city,-93.2654692,44.9772995,0.333333333333,NSF|MN|MINNEAPOLIS,27053,Hennepin,source_coordinate_within_county
1901700,CUNY John Jay College of Criminal Justice,NY,New York city,-74.0060152,40.7127281,0.333333333333,NSF|NY|NEW YORK,36061,New York,source_coordinate_within_county
1804209,"Board of Regents, NSHE, obo University of Nevada, Reno",NV,Reno city,-119.812658,39.5261788,0.333333333333,NSF|NV|RENO,32031,Washoe,source_coordinate_within_county
1839843,University of California-Berkeley,CA,Berkeley city,-122.272863,37.8708393,1.0,NSF|CA|BERKELEY,06001,Alameda,source_coordinate_within_county
1803754,Georgia Tech Research Corporation,GA,Atlanta city,-84.3898151,33.7544657,0.333333333333,NSF|GA|ATLANTA,13121,Fulton,source_coordinate_within_county
1804702,University of Minnesota-Twin Cities,MN,Minneapolis city,-93.2654692,44.9772995,1.0,NSF|MN|MINNEAPOLIS,27053,Hennepin,source_coordinate_within_county
1804118,University of California-Berkeley,CA,Berkeley city,-122.272863,37.8708393,1.0,NSF|CA|BERKELEY,06001,Alameda,source_coordinate_within_county
1831811,University of Connecticut,CT,Storrs CDP,-72.2495231,41.8084314,0.5,NSF|CT|STORRS,09110,Capitol,source_coordinate_within_county
1749357,Georgia Tech Research Corporation,GA,Atlanta city,-84.3898151,33.7544657,1.0,NSF|GA|ATLANTA,13121,Fulton,source_coordinate_within_county
1737492,Virginia Polytechnic Institute and State University,VA,Blacksburg town,-80.4136767,37.2296566,1.0,NSF|VA|BLACKSBURG,51121,Montgomery,source_coordinate_within_county
1737590,SUNY at Buffalo,NY,Amherst town,-78.7997616,42.9783924,1.0,NSF|NY|AMHERST,36029,Erie,source_coordinate_within_county
1812524,Clemson University,SC,Clemson city,-82.8364111,34.6850749,0.25,NSF|SC|CLEMSON,45077,Pickens,source_coordinate_within_county
1802017,University of Colorado at Boulder,CO,Boulder city,-105.270545,40.0149856,1.0,NSF|CO|BOULDER,08013,Boulder,source_coordinate_within_county
1656873,University of Washington,WA,Seattle city,-122.330062,47.6038321,1.0,NSF|WA|SEATTLE,53033,King,source_coordinate_within_county
2040599,SUNY at Stony Brook,NY,Stony Brook CDP,-73.140943,40.9256538,1.0,NSF|NY|STONY BROOK,36103,Suffolk,source_coordinate_within_county
2016484,University of Cincinnati Main Campus,OH,Cincinnati city,-84.5127405,39.1012809,1.0,NSF|OH|CINCINNATI,39061,Hamilton,source_coordinate_within_county
2016469,University of Massachusetts Amherst,MA,Amherst Town city,-72.5198761,42.3731948,1.0,NSF|MA|AMHERST,25015,Hampshire,source_coordinate_within_county
2018092,CUNY City College,NY,New York city,-74.0060152,40.7127281,1.0,NSF|NY|NEW YORK,36061,New York,source_coordinate_within_county
2026167,V1 ENGINEERING LLC,WA,Seattle city,-122.330062,47.6038321,1.0,NSF|WA|SEATTLE,53033,King,source_coordinate_within_county
1831347,Regents of the University of Michigan - Ann Arbor,MI,Ann Arbor city,-83.7484616,42.2813722,1.0,NSF|MI|ANN ARBOR,26161,Washtenaw,source_coordinate_within_county
1829160,University of Hawaii,HI,Urban Honolulu CDP,-157.855676,21.304547,1.0,NSF|HI|HONOLULU,15003,Honolulu,source_coordinate_within_county
1758751,Harvard University,MA,Cambridge city,-71.1040018,42.3656347,0.5,NSF|MA|CAMBRIDGE,25017,Middlesex,source_coordinate_within_county
1758556,Stanford University,CA,Stanford CDP,-122.1702445,37.427467,0.5,NSF|CA|STANFORD,06085,Santa Clara,source_coordinate_within_county
1758774,University of California-Los Angeles,CA,Los Angeles city,-118.242766,34.0536909,1.0,NSF|CA|LOS ANGELES,06037,Los Angeles,source_coordinate_within_county
1904496,College of William & Mary Virginia Institute of Marine Science,VA,Gloucester Point CDP,-76.496899,37.2540351,0.5,NSF|VA|GLOUCESTER POINT,51073,Gloucester,source_coordinate_within_county
1904470,Trustees of Boston University,MA,Boston city,-71.0578303,42.3588336,0.5,NSF|MA|BOSTON,25025,Suffolk,source_coordinate_within_county
1818550,University of Wyoming,WY,Laramie city,-105.5917876,41.3116442,1.0,NSF|WY|LARAMIE,56001,Albany,source_coordinate_within_county
1747781,University of Miami,FL,Coral Gables city,-80.2585107,25.7331105,1.0,NSF|FL|CORAL GABLES,12086,Miami-Dade,source_coordinate_within_county
1633363,Virginia Polytechnic Institute and State University,VA,Blacksburg town,-80.4136767,37.2296566,0.5,NSF|VA|BLACKSBURG,51121,Montgomery,source_coordinate_within_county
1646501,University of Virginia Main Campus,VA,Charlottesville city,-78.4766781,38.029306,1.0,NSF|VA|CHARLOTTESVILLE,51540,Charlottesville,source_coordinate_within_county
1633338,University of Miami,FL,Coral Gables city,-80.2585107,25.7331105,0.5,NSF|FL|CORAL GABLES,12086,Miami-Dade,source_coordinate_within_county
1658225,Virginia Polytechnic Institute and State University,VA,Blacksburg town,-80.4136767,37.2296566,0.25,NSF|VA|BLACKSBURG,51121,Montgomery,source_coordinate_within_county
1553494,Florida International University,FL,Miami city,-80.1935973,25.7741566,1.0,NSF|FL|MIAMI,12086,Miami-Dade,source_coordinate_within_county
1545091,Utah State University,UT,Logan city,-111.834914,41.7313063,0.25,NSF|UT|LOGAN,49005,Cache,source_coordinate_within_county
1544601,Virginia Polytechnic Institute and State University,VA,Blacksburg town,-80.4136767,37.2296566,0.25,NSF|VA|BLACKSBURG,51121,Montgomery,source_coordinate_within_county
1744000,National Academy of Sciences,DC,Washington city,-77.0363849,38.8950982,1.0,NSF|DC|WASHINGTON,11001,District of Columbia,source_coordinate_within_county
2012905,Johns Hopkins University,MD,Baltimore city,-76.610759,39.2908816,0.166666666667,NSF|MD|BALTIMORE,24510,Baltimore,source_coordinate_within_county
1927838,Drexel University,PA,Philadelphia city,-75.1635262,39.9527237,0.166666666667,NSF|PA|PHILADELPHIA,42101,Philadelphia,source_coordinate_within_county
1927750,University of Alaska Fairbanks Campus,AK,Fairbanks city,-147.716675,64.837845,1.0,NSF|AK|FAIRBANKS,02090,Fairbanks North Star,source_coordinate_within_county
1927936,University of California-Los Angeles,CA,Los Angeles city,-118.242766,34.0536909,0.166666666667,NSF|CA|LOS ANGELES,06037,Los Angeles,source_coordinate_within_county
1927867,Washington University,MO,St. Louis city,-90.190009,38.6254063,0.166666666667,NSF|MO|SAINT LOUIS,29510,St. Louis,source_coordinate_within_county
1939843,Arizona State University,AZ,Scottsdale city,-111.926018,33.4942189,0.5,NSF|AZ|SCOTTSDALE,04013,Maricopa,source_coordinate_within_county
1939841,Florida State University,FL,Tallahassee city,-84.2809332,30.4380832,0.5,NSF|FL|TALLAHASSEE,12073,Leon,source_coordinate_within_county
1927778,Georgia Tech Research Corporation,GA,Atlanta city,-84.3898151,33.7544657,0.166666666667,NSF|GA|ATLANTA,13121,Fulton,source_coordinate_within_county
1927831,Regents of the University of Michigan - Ann Arbor,MI,Ann Arbor city,-83.7484616,42.2813722,0.166666666667,NSF|MI|ANN ARBOR,26161,Washtenaw,source_coordinate_within_county
1933104,"SOUTHERN CENTER FOR ENVIRONMENTAL JUSTICE INC., DEEP SOUTH CENTE",LA,New Orleans city,-90.0733934,29.9561422,1.0,NSF|LA|NEW ORLEANS,22071,Orleans,source_coordinate_within_county
1925974,New Mexico Institute of Mining and Technology,NM,Socorro city,-106.8930799,34.0572858,0.333333333333,NSF|NM|SOCORRO,35053,Socorro,source_coordinate_within_county
1925506,University of Minnesota-Twin Cities,MN,Minneapolis city,-93.2654692,44.9772995,0.333333333333,NSF|MN|MINNEAPOLIS,27053,Hennepin,source_coordinate_within_county
1925850,University of Colorado at Boulder,CO,Boulder city,-105.270545,40.0149856,0.333333333333,NSF|CO|BOULDER,08013,Boulder,source_coordinate_within_county
1916527,Colorado State University,CO,Fort Collins city,-105.0770113,40.5871782,1.0,NSF|CO|FORT COLLINS,08069,Larimer,source_coordinate_within_county
1856426,Harvard University,MA,Cambridge city,-71.1040018,42.3656347,1.0,NSF|MA|CAMBRIDGE,25017,Middlesex,source_coordinate_within_county
2009922,University of Colorado at Boulder,CO,Boulder city,-105.270545,40.0149856,1.0,NSF|CO|BOULDER,08013,Boulder,source_coordinate_within_county
2018051,Cornell University,NY,Ithaca city,-76.4968019,42.4396039,1.0,NSF|NY|ITHACA,36109,Tompkins,source_coordinate_within_county
2136230,"SOUTHERN CENTER FOR ENVIRONMENTAL JUSTICE INC., DEEP SOUTH CENTE",LA,New Orleans city,-90.0733934,29.9561422,1.0,NSF|LA|NEW ORLEANS,22071,Orleans,source_coordinate_within_county
2108984,Rutgers University New Brunswick,NJ,New Brunswick city,-74.4436416,40.4936119,0.5,NSF|NJ|NEW BRUNSWICK,34023,Middlesex,source_coordinate_within_county
2052958,Princeton University,NJ,Princeton,-74.6597376,40.3496953,1.0,NSF|NJ|PRINCETON,34021,Mercer,source_coordinate_within_county
2306194,Pratt Institute,NY,New York city,-73.9497211,40.6526006,0.5,NSF|NY|BROOKLYN,36047,Kings,source_coordinate_within_county
2228662,University of Delaware,DE,Newark city,-75.7515682,39.6828358,1.0,NSF|DE|NEWARK,10003,New Castle,source_coordinate_within_county
2228555,Clemson University,SC,Clemson city,-82.8364111,34.6850749,1.0,NSF|SC|CLEMSON,45077,Pickens,source_coordinate_within_county
2214972,Yale University,CT,New Haven city,-72.9250518,41.3082138,1.0,NSF|CT|NEW HAVEN,09170,South Central Connecticut,source_coordinate_within_county
2148783,University of North Texas,TX,Denton city,-97.1330431,33.215038,1.0,NSF|TX|DENTON,48121,Denton,source_coordinate_within_county
2131855,University of Washington,WA,Seattle city,-122.330062,47.6038321,1.0,NSF|WA|SEATTLE,53033,King,source_coordinate_within_county
2111941,"PHORESIS, INC.",NJ,Princeton,-74.6597376,40.3496953,1.0,NSF|NJ|PRINCETON,34021,Mercer,source_coordinate_within_county
2117405,Brown University,RI,Providence city,-71.4128343,41.8239891,1.0,NSF|RI|PROVIDENCE,44007,Providence,source_coordinate_within_county
2127282,CUNY Medgar Evers College,NY,New York city,-73.9497211,40.6526006,0.5,NSF|NY|BROOKLYN,36047,Kings,source_coordinate_within_county
2409276,University of California-Los Angeles,CA,Los Angeles city,-118.242766,34.0536909,1.0,NSF|CA|LOS ANGELES,06037,Los Angeles,source_coordinate_within_county
2223186,RSTREAM RECYCLING LLC,MA,Milton CDP,-71.065573,42.2501425,1.0,NSF|MA|MILTON,25021,Norfolk,source_coordinate_within_county
2147782,Northeastern University,MA,Boston city,-71.0578303,42.3588336,0.5,NSF|MA|BOSTON,25025,Suffolk,source_coordinate_within_county
2208348,"STEC TECHNOLOGY, INC.",RI,Bristol town,-71.2661597,41.6770463,1.0,NSF|RI|BRISTOL,44001,Bristol,source_coordinate_within_county
2139301,"Nevada System of Higher Education, Desert Research Institute",NV,Reno city,-119.812658,39.5261788,0.5,NSF|NV|RENO,32031,Washoe,source_coordinate_within_county
2147781,William Marsh Rice University,TX,Houston city,-95.3676974,29.7589382,0.5,NSF|TX|HOUSTON,48201,Harris,source_coordinate_within_county
2139300,University of the Pacific,CA,Stockton city,-121.290779,37.9577016,0.5,NSF|CA|STOCKTON,06077,San Joaquin,source_coordinate_within_county
2420344,University of Texas at Austin,TX,Austin city,-97.7436995,30.2711286,0.5,NSF|TX|AUSTIN,48453,Travis,source_coordinate_within_county
2332417,University of North Carolina at Chapel Hill,NC,Chapel Hill town,-79.05578,35.9131542,1.0,NSF|NC|CHAPEL HILL,37135,Orange,source_coordinate_within_county
2053588,University of Texas at Arlington,TX,Arlington city,-97.1071186,32.7355816,1.0,NSF|TX|ARLINGTON,48439,Tarrant,source_coordinate_within_county
2152928,Vanderbilt University,TN,Nashville-Davidson metropolitan government (balance),-86.7742984,36.1622767,0.333333333333,NSF|TN|NASHVILLE,47037,Davidson,source_coordinate_within_county
2126633,University of Houston,TX,Houston city,-95.3676974,29.7589382,1.0,NSF|TX|HOUSTON,48201,Harris,source_coordinate_within_county
2228562,University of South Florida,FL,Tampa city,-82.4583107,27.9449854,1.0,NSF|FL|TAMPA,12057,Hillsborough,source_coordinate_within_county
2225087,Northwestern University,IL,Evanston city,-87.6846053,42.0470043,1.0,NSF|IL|EVANSTON,17031,Cook,source_coordinate_within_county
2430807,Regents of the University of Michigan - Ann Arbor,MI,Ann Arbor city,-83.7484616,42.2813722,1.0,NSF|MI|ANN ARBOR,26161,Washtenaw,source_coordinate_within_county
1830169,University of California-Santa Barbara,CA,Santa Barbara city,-119.702667,34.4221319,1.0,NSF|CA|SANTA BARBARA,06083,Santa Barbara,source_coordinate_within_county
2430862,Regents of the University of Michigan - Ann Arbor,MI,Ann Arbor city,-83.7484616,42.2813722,1.0,NSF|MI|ANN ARBOR,26161,Washtenaw,source_coordinate_within_county
2342497,Harvard University,MA,Cambridge city,-71.1040018,42.3656347,1.0,NSF|MA|CAMBRIDGE,25017,Middlesex,source_coordinate_within_county
2229743,University of Missouri-Columbia,MO,Columbia city,-92.3337366,38.951883,1.0,NSF|MO|COLUMBIA,29019,Boone,source_coordinate_within_county
2151551,"EMERALD TUTU INC, THE",MA,Cambridge city,-71.1040018,42.3656347,1.0,NSF|MA|CAMBRIDGE,25017,Middlesex,source_coordinate_within_county
2514683,University of California-Berkeley,CA,Berkeley city,-122.272863,37.8708393,1.0,NSF|CA|BERKELEY,06001,Alameda,source_coordinate_within_county
2344374,Cornell University,NY,Ithaca city,-76.4968019,42.4396039,1.0,NSF|NY|ITHACA,36109,Tompkins,source_coordinate_within_county
2338023,Georgia Tech Research Corporation,GA,Atlanta city,-84.3898151,33.7544657,1.0,NSF|GA|ATLANTA,13121,Fulton,source_coordinate_within_county
2338026,"OHIO STATE UNIVERSITY, THE",OH,Columbus city,-83.0007065,39.9622601,0.333333333333,NSF|OH|COLUMBUS,39049,Franklin,source_coordinate_within_county
2338025,Portland State University,OR,Portland city,-122.674194,45.5202471,0.333333333333,NSF|OR|PORTLAND,41051,Multnomah,source_coordinate_within_county
2338024,University of California-Berkeley,CA,Berkeley city,-122.272863,37.8708393,0.333333333333,NSF|CA|BERKELEY,06001,Alameda,source_coordinate_within_county
2222097,University of Notre Dame,IN,Notre Dame CDP,-86.2373691,41.6992003,0.5,NSF|IN|NOTRE DAME,18141,St. Joseph,source_coordinate_within_county
2222096,Regents of the University of Michigan - Ann Arbor,MI,Ann Arbor city,-83.7484616,42.2813722,0.5,NSF|MI|ANN ARBOR,26161,Washtenaw,source_coordinate_within_county
2043539,University of Chicago,IL,Chicago city,-87.6244212,41.8755616,1.0,NSF|IL|CHICAGO,17031,Cook,source_coordinate_within_county
2022589,University of New Hampshire,NH,Durham CDP,-70.9177186,43.1214141,0.5,NSF|NH|DURHAM,33017,Strafford,source_coordinate_within_county
2044053,Northwestern University,IL,Evanston city,-87.6846053,42.0470043,1.0,NSF|IL|EVANSTON,17031,Cook,source_coordinate_within_county
2022628,University of Alaska Fairbanks Campus,AK,Fairbanks city,-147.716675,64.837845,0.5,NSF|AK|FAIRBANKS,02090,Fairbanks North Star,source_coordinate_within_county
1940218,University of Maryland Center for Environmental Sciences,MD,Cambridge city,-76.077268,38.5700533,1.0,NSF|MD|CAMBRIDGE,24019,Dorchester,source_coordinate_within_county
1643415,University of Vermont & State Agricultural College,VT,Burlington city,-73.212906,44.4761601,0.5,NSF|VT|BURLINGTON,50007,Chittenden,source_coordinate_within_county
1760655,University of Texas at El Paso,TX,El Paso city,-106.4870476,31.7601001,0.5,NSF|TX|EL PASO,48141,El Paso,source_coordinate_within_county
1743891,University of Wisconsin-Madison,WI,Madison city,-89.3841663,43.07469,1.0,NSF|WI|MADISON,55025,Dane,source_coordinate_within_county
1663642,Boise State University,ID,Boise City city,-116.200886,43.6166163,1.0,NSF|ID|BOISE,16001,Ada,source_coordinate_within_county
1663657,Arizona State University,AZ,Scottsdale city,-111.926018,33.4942189,1.0,NSF|AZ|SCOTTSDALE,04013,Maricopa,source_coordinate_within_county
1738802,Columbia University,NY,New York city,-74.0060152,40.7127281,1.0,NSF|NY|NEW YORK,36061,New York,source_coordinate_within_county
1757329,"University of Maryland, College Park",MD,College Park city,-76.9369189,38.980666,0.5,NSF|MD|COLLEGE PARK,24033,Prince George's,source_coordinate_within_county
1652696,Arizona State University,AZ,Scottsdale city,-111.926018,33.4942189,0.5,NSF|AZ|SCOTTSDALE,04013,Maricopa,source_coordinate_within_county
1638197,Regents of the University of Michigan - Ann Arbor,MI,Ann Arbor city,-83.7484616,42.2813722,0.5,NSF|MI|ANN ARBOR,26161,Washtenaw,source_coordinate_within_county
1562912,Massachusetts Institute of Technology,MA,Cambridge city,-71.1040018,42.3656347,1.0,NSF|MA|CAMBRIDGE,25017,Middlesex,source_coordinate_within_county
1638207,Virginia Polytechnic Institute and State University,VA,Blacksburg town,-80.4136767,37.2296566,0.5,NSF|VA|BLACKSBURG,51121,Montgomery,source_coordinate_within_county
1649189,George Mason University,VA,Fairfax city,-77.3063733,38.8462236,1.0,NSF|VA|FAIRFAX,51600,Fairfax,source_coordinate_within_county
1624612,University of Southern Mississippi,MS,Hattiesburg city,-89.2903392,31.3271189,0.5,NSF|MS|HATTIESBURG,28035,Forrest,source_coordinate_within_county
1830640,University of Minnesota-Twin Cities,MN,Minneapolis city,-93.2654692,44.9772995,0.5,NSF|MN|MINNEAPOLIS,27053,Hennepin,source_coordinate_within_county
1760292,University of Houston,TX,Houston city,-95.3676974,29.7589382,1.0,NSF|TX|HOUSTON,48201,Harris,source_coordinate_within_county
2000478,University of Washington,WA,Seattle city,-122.330062,47.6038321,0.5,NSF|WA|SEATTLE,53033,King,source_coordinate_within_county
1917148,Lewis and Clark College,OR,Portland city,-122.674194,45.5202471,1.0,NSF|OR|PORTLAND,41051,Multnomah,source_coordinate_within_county
1936709,New York University,NY,New York city,-74.0060152,40.7127281,1.0,NSF|NY|NEW YORK,36061,New York,source_coordinate_within_county
1833117,Texas A&M University,TX,College Station city,-96.3455991,30.6183939,0.5,NSF|TX|COLLEGE STATION,48041,Brazos,source_coordinate_within_county
1833200,Northeastern University,MA,Boston city,-71.0578303,42.3588336,0.5,NSF|MA|BOSTON,25025,Suffolk,source_coordinate_within_county
1746296,Tech4Imaging LLC,OH,Columbus city,-83.0007065,39.9622601,1.0,NSF|OH|COLUMBUS,39049,Franklin,source_coordinate_within_county
1836719,Arizona State University,AZ,Scottsdale city,-111.926018,33.4942189,1.0,NSF|AZ|SCOTTSDALE,04013,Maricopa,source_coordinate_within_county
1840432,University of Kansas Center for Research Inc,KS,Lawrence city,-95.2359403,38.9719137,1.0,NSF|KS|LAWRENCE,20045,Douglas,source_coordinate_within_county
1751448,Carnegie Mellon University,PA,Pittsburgh city,-80.0025666,40.4406968,1.0,NSF|PA|PITTSBURGH,42003,Allegheny,source_coordinate_within_county
1841654,University of Utah,UT,Salt Lake City city,-111.886797,40.7596198,0.5,NSF|UT|SALT LAKE CITY,49035,Salt Lake,source_coordinate_within_county
1735295,University of Illinois at Urbana-Champaign,IL,Urbana city,-88.207301,40.1117174,1.0,NSF|IL|URBANA,17019,Champaign,source_coordinate_within_county
2114100,George Washington University,DC,Washington city,-77.0363849,38.8950982,1.0,NSF|DC|WASHINGTON,11001,District of Columbia,source_coordinate_within_county
2127941,University of Texas at El Paso,TX,El Paso city,-106.4870476,31.7601001,0.5,NSF|TX|EL PASO,48141,El Paso,source_coordinate_within_county
2127932,University of Utah,UT,Salt Lake City city,-111.886797,40.7596198,0.5,NSF|UT|SALT LAKE CITY,49035,Salt Lake,source_coordinate_within_county
1940072,East Carolina University,NC,Greenville city,-77.3724593,35.613224,1.0,NSF|NC|GREENVILLE,37147,Pitt,source_coordinate_within_county
2051902,SUNY at Albany,NY,Albany city,-73.754968,42.6511674,1.0,NSF|NY|ALBANY,36001,Albany,source_coordinate_within_county
1936560,University of Minnesota-Twin Cities,MN,Minneapolis city,-93.2654692,44.9772995,1.0,NSF|MN|MINNEAPOLIS,27053,Hennepin,source_coordinate_within_county
2113333,University of New Hampshire,NH,Durham CDP,-70.9177186,43.1214141,0.5,NSF|NH|DURHAM,33017,Strafford,source_coordinate_within_county
2318481,North Dakota State University Fargo,ND,Fargo city,-96.789821,46.877229,0.5,NSF|ND|FARGO,38017,Cass,source_coordinate_within_county
2305615,WiSys Technology Foundation Inc,WI,Madison city,-89.3841663,43.07469,1.0,NSF|WI|MADISON,55025,Dane,source_coordinate_within_county
2233057,Regents of the University of Michigan - Ann Arbor,MI,Ann Arbor city,-83.7484616,42.2813722,1.0,NSF|MI|ANN ARBOR,26161,Washtenaw,source_coordinate_within_county
2417006,Cornell University,NY,Ithaca city,-76.4968019,42.4396039,1.0,NSF|NY|ITHACA,36109,Tompkins,source_coordinate_within_county
2113338,Loyola University of Chicago,IL,Chicago city,-87.6244212,41.8755616,0.5,NSF|IL|CHICAGO,17031,Cook,source_coordinate_within_county
2315399,North Carolina Agricultural & Technical State University,NC,Greensboro city,-79.7919754,36.0726355,1.0,NSF|NC|GREENSBORO,37081,Guilford,source_coordinate_within_county
1632124,Cornell University,NY,Ithaca city,-76.4968019,42.4396039,1.0,NSF|NY|ITHACA,36109,Tompkins,source_coordinate_within_county
1637343,University of Louisiana at Lafayette,LA,Lafayette city,-92.0178202,30.2262187,1.0,NSF|LA|LAFAYETTE,22055,Lafayette,source_coordinate_within_county
1658209,Pennsylvania State Univ University Park,PA,College township,-77.8710571,40.8128971,1.0,NSF|PA|UNIVERSITY PARK,42027,Centre,source_coordinate_within_county
1558645,Florida International University,FL,Miami city,-80.1935973,25.7741566,1.0,NSF|FL|MIAMI,12086,Miami-Dade,source_coordinate_within_county
1714277,University of Colorado at Denver-Downtown Campus,CO,Denver city,-104.984862,39.7392364,1.0,NSF|CO|DENVER,08031,Denver,source_coordinate_within_county
1635381,Indiana University,IN,Bloomington city,-86.5342881,39.1670396,0.5,NSF|IN|BLOOMINGTON,18105,Monroe,source_coordinate_within_county
1648889,Ironic Chemicals LLC,CT,Fairfield town,-73.2637258,41.1412078,1.0,NSF|CT|FAIRFIELD,09120,Greater Bridgeport,source_coordinate_within_county
1632244,"Nano Hydrophobics, Inc.",CA,San Francisco city,-122.4075201,37.7879363,1.0,NSF|CA|SAN FRANCISCO,06075,San Francisco,source_coordinate_within_county
1632227,Colorado School of Mines,CO,Golden city,-105.22058,39.7546349,1.0,NSF|CO|GOLDEN,08059,Jefferson,source_coordinate_within_county
1640753,University of California-Irvine,CA,Irvine city,-117.825981,33.6856969,1.0,NSF|CA|IRVINE,06059,Orange,source_coordinate_within_county
1556127,Foundation Instruments,TN,Collierville town,-89.6645266,35.042036,1.0,NSF|TN|COLLIERVILLE,47157,Shelby,source_coordinate_within_county
1549388,"Light Foundry, LLC",CO,Boulder city,-105.270545,40.0149856,1.0,NSF|CO|BOULDER,08013,Boulder,source_coordinate_within_county
1548975,Covalent LLC,NV,Las Vegas city,-115.1484131,36.1674263,1.0,NSF|NV|LAS VEGAS,32003,Clark,source_coordinate_within_county
1638834,University of Rhode Island,RI,Kingston CDP,-71.5227103,41.4801166,0.333333333333,NSF|RI|KINGSTON,44009,Washington,source_coordinate_within_county
1638804,University of Southern California,CA,Los Angeles city,-118.242766,34.0536909,0.333333333333,NSF|CA|LOS ANGELES,06037,Los Angeles,source_coordinate_within_county
1642847,Regents of the University of Idaho,ID,Moscow city,-117.000165,46.7323875,1.0,NSF|ID|MOSCOW,16057,Latah,source_coordinate_within_county
1600053,University of Alaska Anchorage Campus,AK,Anchorage municipality,-149.894852,61.2163129,0.333333333333,NSF|AK|ANCHORAGE,02020,Anchorage,source_coordinate_within_county
1600230,University of Alaska Fairbanks Campus,AK,Fairbanks city,-147.716675,64.837845,0.333333333333,NSF|AK|FAIRBANKS,02090,Fairbanks North Star,source_coordinate_within_county
1600049,University of Alaska Southeast Juneau Campus,AK,Juneau city and borough,-134.4196751,58.3019613,0.333333333333,NSF|AK|JUNEAU,02110,Juneau,source_coordinate_within_county
1623867,Brown University,RI,Providence city,-71.4128343,41.8239891,1.0,NSF|RI|PROVIDENCE,44007,Providence,source_coordinate_within_county
1953416,University of Rhode Island,RI,Kingston CDP,-71.5227103,41.4801166,1.0,NSF|RI|KINGSTON,44009,Washington,source_coordinate_within_county
1934978,Columbia University,NY,New York city,-74.0060152,40.7127281,1.0,NSF|NY|NEW YORK,36061,New York,source_coordinate_within_county
1911819,"Baik, Sunhee",PA,Pittsburgh city,-80.0025666,40.4406968,1.0,NSF|PA|PITTSBURGH,42003,Allegheny,source_coordinate_within_county
1916933,University of South Florida,FL,Tampa city,-82.4583107,27.9449854,1.0,NSF|FL|TAMPA,12057,Hillsborough,source_coordinate_within_county
1917980,Colgate University,NY,Hamilton village,-75.5444159,42.8268798,0.5,NSF|NY|HAMILTON,36053,Madison,source_coordinate_within_county
1917961,SUNY College at New Paltz,NY,New Paltz village,-74.0844894,41.7464972,0.5,NSF|NY|NEW PALTZ,36111,Ulster,source_coordinate_within_county
1919076,Yale University,CT,New Haven city,-72.9250518,41.3082138,1.0,NSF|CT|NEW HAVEN,09170,South Central Connecticut,source_coordinate_within_county
1935653,University of California-Irvine,CA,Irvine city,-117.825981,33.6856969,1.0,NSF|CA|IRVINE,06059,Orange,source_coordinate_within_county
1945769,University of California-Santa Barbara,CA,Santa Barbara city,-119.702667,34.4221319,0.5,NSF|CA|SANTA BARBARA,06083,Santa Barbara,source_coordinate_within_county
1922030,Northern Michigan University,MI,Marquette city,-87.396433,46.5434914,1.0,NSF|MI|MARQUETTE,26103,Marquette,source_coordinate_within_county
1904101,University of Wisconsin-Madison,WI,Madison city,-89.3841663,43.07469,1.0,NSF|WI|MADISON,55025,Dane,source_coordinate_within_county
1931049,Regents of the University of Michigan - Ann Arbor,MI,Ann Arbor city,-83.7484616,42.2813722,1.0,NSF|MI|ANN ARBOR,26161,Washtenaw,source_coordinate_within_county
1904031,University of California-Davis,CA,Davis city,-121.739005,38.5435526,1.0,NSF|CA|DAVIS,06113,Yolo,source_coordinate_within_county
1851571,Arizona State University,AZ,Scottsdale city,-111.926018,33.4942189,1.0,NSF|AZ|SCOTTSDALE,04013,Maricopa,source_coordinate_within_county
1810179,Carrillo Ian,WI,Madison city,-89.3841663,43.07469,1.0,NSF|WI|MADISON,55025,Dane,source_coordinate_within_county
1818597,"OHIO STATE UNIVERSITY, THE",OH,Columbus city,-83.0007065,39.9622601,1.0,NSF|OH|COLUMBUS,39049,Franklin,source_coordinate_within_county
1832393,Clark University,MA,Worcester city,-71.8018877,42.2625621,1.0,NSF|MA|WORCESTER,25027,Worcester,source_coordinate_within_county
1760512,Rutgers University New Brunswick,NJ,New Brunswick city,-74.4436416,40.4936119,1.0,NSF|NJ|NEW BRUNSWICK,34023,Middlesex,source_coordinate_within_county
1761843,SUNY at Buffalo,NY,Amherst town,-78.7997616,42.9783924,1.0,NSF|NY|AMHERST,36029,Erie,source_coordinate_within_county
1760484,Rand Corporation,CA,Santa Monica city,-118.491227,34.0194704,1.0,NSF|CA|SANTA MONICA,06037,Los Angeles,source_coordinate_within_county
1760504,Sam Houston State University,TX,Huntsville city,-95.5507771,30.7235263,1.0,NSF|TX|HUNTSVILLE,48471,Walker,source_coordinate_within_county
1760764,University of California-Irvine,CA,Irvine city,-117.825981,33.6856969,1.0,NSF|CA|IRVINE,06059,Orange,source_coordinate_within_county
1716130,University of California-Davis,CA,Davis city,-121.739005,38.5435526,1.0,NSF|CA|DAVIS,06113,Yolo,source_coordinate_within_county
1760235,University of Alabama Tuscaloosa,AL,Tuscaloosa city,-87.5675258,33.2095614,1.0,NSF|AL|TUSCALOOSA,01125,Tuscaloosa,source_coordinate_within_county
1740201,"Georgia State University Research Foundation, Inc.",GA,Atlanta city,-84.3898151,33.7544657,1.0,NSF|GA|ATLANTA,13121,Fulton,source_coordinate_within_county
1714704,University of California-Santa Barbara,CA,Santa Barbara city,-119.702667,34.4221319,1.0,NSF|CA|SANTA BARBARA,06083,Santa Barbara,source_coordinate_within_county
1735579,Arizona State University,AZ,Scottsdale city,-111.926018,33.4942189,0.5,NSF|AZ|SCOTTSDALE,04013,Maricopa,source_coordinate_within_county
1733924,Rowan University,NJ,Glassboro borough,-75.1119434,39.7027677,1.0,NSF|NJ|GLASSBORO,34015,Gloucester,source_coordinate_within_county
1733817,Washington University,MO,St. Louis city,-90.190009,38.6254063,1.0,NSF|MO|SAINT LOUIS,29510,St. Louis,source_coordinate_within_county
1714335,Acton Leslie D,NC,Beaufort town,-76.6645903,34.7163146,1.0,NSF|NC|BEAUFORT,37031,Carteret,source_coordinate_within_county
1735582,Texas A&M University-Kingsville,TX,Kingsville city,-97.856109,27.5158689,0.5,NSF|TX|KINGSVILLE,48273,Kleberg,source_coordinate_within_county
1716909,University of Colorado at Boulder,CO,Boulder city,-105.270545,40.0149856,1.0,NSF|CO|BOULDER,08013,Boulder,source_coordinate_within_county
1735708,Pennsylvania State Univ University Park,PA,College township,-77.8710571,40.8128971,1.0,NSF|PA|UNIVERSITY PARK,42027,Centre,source_coordinate_within_county
1735886,University of California-Santa Barbara,CA,Santa Barbara city,-119.702667,34.4221319,1.0,NSF|CA|SANTA BARBARA,06083,Santa Barbara,source_coordinate_within_county
1735693,University of Arizona,AZ,Tucson city,-110.974847,32.2228765,1.0,NSF|AZ|TUCSON,04019,Pima,source_coordinate_within_county
1735723,Louisiana State University,LA,Baton Rouge city,-91.1869659,30.4494155,1.0,NSF|LA|BATON ROUGE,22033,East Baton Rouge,source_coordinate_within_county
1733990,University of Missouri-Columbia,MO,Columbia city,-92.3337366,38.951883,1.0,NSF|MO|COLUMBIA,29019,Boone,source_coordinate_within_county
1703120,University of Kansas Center for Research Inc,KS,Lawrence city,-95.2359403,38.9719137,1.0,NSF|KS|LAWRENCE,20045,Douglas,source_coordinate_within_county
1702683,Texas A&M University,TX,College Station city,-96.3455991,30.6183939,1.0,NSF|TX|COLLEGE STATION,48041,Brazos,source_coordinate_within_county
1715197,University of Notre Dame,IN,Notre Dame CDP,-86.2373691,41.6992003,1.0,NSF|IN|NOTRE DAME,18141,St. Joseph,source_coordinate_within_county
1659791,University of Wisconsin-Stout,WI,Menomonie city,-91.9278716,44.8765289,1.0,NSF|WI|MENOMONIE,55033,Dunn,source_coordinate_within_county
1657569,Stanford University,CA,Stanford CDP,-122.1702445,37.427467,1.0,NSF|CA|STANFORD,06085,Santa Clara,source_coordinate_within_county
2003360,University Corporation For Atmospheric Res,CO,Boulder city,-105.270545,40.0149856,1.0,NSF|CO|BOULDER,08013,Boulder,source_coordinate_within_county
2005439,Denison University,OH,Granville village,-82.5196037,40.0681192,1.0,NSF|OH|GRANVILLE,39089,Licking,source_coordinate_within_county
1927920,"OHIO STATE UNIVERSITY, THE",OH,Columbus city,-83.0007065,39.9622601,0.166666666667,NSF|OH|COLUMBUS,39049,Franklin,source_coordinate_within_county
1927872,University of Alaska Fairbanks Campus,AK,Fairbanks city,-147.716675,64.837845,0.166666666667,NSF|AK|FAIRBANKS,02090,Fairbanks North Star,source_coordinate_within_county
1927722,University of Washington,WA,Seattle city,-122.330062,47.6038321,0.333333333333,NSF|WA|SEATTLE,53033,King,source_coordinate_within_county
1927729,University of Illinois at Urbana-Champaign,IL,Urbana city,-88.207301,40.1117174,0.166666666667,NSF|IL|URBANA,17019,Champaign,source_coordinate_within_county
1928007,University of California-San Diego Scripps Inst of Oceanography,CA,San Diego city,-117.2740777,32.8401623,0.333333333333,NSF|CA|LA JOLLA,06073,San Diego,source_coordinate_within_county
1927723,University of Connecticut,CT,Storrs CDP,-72.2495231,41.8084314,0.166666666667,NSF|CT|STORRS,09110,Capitol,source_coordinate_within_county
1928144,"WILDLIFE MANAGEMENT INSTITUTE, INCORPORATED",VT,Cabot CDP,-72.3104466,44.4028778,0.5,NSF|VT|CABOT,50023,Washington,source_coordinate_within_county
1927720,University of California-Santa Barbara,CA,Santa Barbara city,-119.702667,34.4221319,0.166666666667,NSF|CA|SANTA BARBARA,06083,Santa Barbara,source_coordinate_within_county
1927990,Atmospheric and Environmental Research Inc,MA,Lexington CDP,-71.2245003,42.4473175,0.333333333333,NSF|MA|LEXINGTON,25017,Middlesex,source_coordinate_within_county
1924041,Woods Hole Oceanographic Institution,MA,Woods Hole CDP,-70.6694015,41.5238752,1.0,NSF|MA|WOODS HOLE,25001,Barnstable,source_coordinate_within_county
1924220,Smithsonian Institution,DC,Washington city,-77.0363849,38.8950982,0.333333333333,NSF|DC|WASHINGTON,11001,District of Columbia,source_coordinate_within_county
1916565,Brigham Young University,UT,Provo city,-111.6587085,40.2337289,0.333333333333,NSF|UT|PROVO,49049,Utah,source_coordinate_within_county
1939913,University of Pennsylvania,PA,Philadelphia city,-75.1635262,39.9527237,1.0,NSF|PA|PHILADELPHIA,42101,Philadelphia,source_coordinate_within_county
1916576,University of Vermont & State Agricultural College,VT,Burlington city,-73.212906,44.4761601,0.333333333333,NSF|VT|BURLINGTON,50007,Chittenden,source_coordinate_within_county
1916567,Michigan State University,MI,East Lansing city,-84.4721678,42.7320307,0.333333333333,NSF|MI|EAST LANSING,26065,Ingham,source_coordinate_within_county
1946866,"The University Corporation, Northridge",CA,Los Angeles city,-118.5369316,34.2345615,1.0,NSF|CA|NORTHRIDGE,06037,Los Angeles,source_coordinate_within_county
1940174,Northern Michigan University,MI,Marquette city,-87.396433,46.5434914,1.0,NSF|MI|MARQUETTE,26103,Marquette,source_coordinate_within_county
1928254,Aleutian Pribilof Islands Association,AK,Anchorage municipality,-149.894852,61.2163129,1.0,NSF|AK|ANCHORAGE,02020,Anchorage,source_coordinate_within_county
1924492,Woods Hole Oceanographic Institution,MA,Woods Hole CDP,-70.6694015,41.5238752,1.0,NSF|MA|WOODS HOLE,25001,Barnstable,source_coordinate_within_county
1924551,University of California-San Diego,CA,San Diego city,-117.2740777,32.8401623,0.333333333333,NSF|CA|LA JOLLA,06073,San Diego,source_coordinate_within_county
1924664,University of California-Irvine,CA,Irvine city,-117.825981,33.6856969,0.333333333333,NSF|CA|IRVINE,06059,Orange,source_coordinate_within_county
1939994,Florida State University,FL,Tallahassee city,-84.2809332,30.4380832,1.0,NSF|FL|TALLAHASSEE,12073,Leon,source_coordinate_within_county
2013280,California Polytechnic State University Foundation,CA,San Luis Obispo city,-120.659615,35.2827525,0.2,NSF|CA|SAN LUIS OBISPO,06079,San Luis Obispo,source_coordinate_within_county
1940100,Harvard University,MA,Cambridge city,-71.1040018,42.3656347,0.5,NSF|MA|CAMBRIDGE,25017,Middlesex,source_coordinate_within_county
1928126,Columbia University,NY,New York city,-74.0060152,40.7127281,0.25,NSF|NY|NEW YORK,36061,New York,source_coordinate_within_county
1940006,University of Colorado at Boulder,CO,Boulder city,-105.270545,40.0149856,0.333333333333,NSF|CO|BOULDER,08013,Boulder,source_coordinate_within_county
1928235,Arizona State University,AZ,Scottsdale city,-111.926018,33.4942189,0.25,NSF|AZ|SCOTTSDALE,04013,Maricopa,source_coordinate_within_county
1851378,Texas A&M University,TX,College Station city,-96.3455991,30.6183939,1.0,NSF|TX|COLLEGE STATION,48041,Brazos,source_coordinate_within_county
1940217,University of Delaware,DE,Newark city,-75.7515682,39.6828358,1.0,NSF|DE|NEWARK,10003,New Castle,source_coordinate_within_county
1928202,University of Northern Iowa,IA,Cedar Falls city,-92.447758,42.5361805,0.25,NSF|IA|CEDAR FALLS,19013,Black Hawk,source_coordinate_within_county
1940085,Trustees of Boston University,MA,Boston city,-71.0578303,42.3588336,0.5,NSF|MA|BOSTON,25025,Suffolk,source_coordinate_within_county
1924281,"The University Corporation, Northridge",CA,Los Angeles city,-118.5369316,34.2345615,0.5,NSF|CA|NORTHRIDGE,06037,Los Angeles,source_coordinate_within_county
1928259,University of Alaska Fairbanks Campus,AK,Fairbanks city,-147.716675,64.837845,0.25,NSF|AK|FAIRBANKS,02090,Fairbanks North Star,source_coordinate_within_county
1928230,University of Colorado at Boulder,CO,Boulder city,-105.270545,40.0149856,1.0,NSF|CO|BOULDER,08013,Boulder,source_coordinate_within_county
1939954,University of North Carolina Greensboro,NC,Greensboro city,-79.7919754,36.0726355,0.333333333333,NSF|NC|GREENSBORO,37081,Guilford,source_coordinate_within_county
1928237,University of Alaska Fairbanks Campus,AK,Fairbanks city,-147.716675,64.837845,1.0,NSF|AK|FAIRBANKS,02090,Fairbanks North Star,source_coordinate_within_county
1923877,University of Hawaii,HI,Urban Honolulu CDP,-157.855676,21.304547,0.5,NSF|HI|HONOLULU,15003,Honolulu,source_coordinate_within_county
1940141,East Carolina University,NC,Greenville city,-77.3724593,35.613224,0.5,NSF|NC|GREENVILLE,37147,Pitt,source_coordinate_within_county
1855281,"Daniels, William C",MA,Amherst Town city,-72.5198761,42.3731948,1.0,NSF|MA|AMHERST,25015,Hampshire,source_coordinate_within_county
1912325,Columbia University,NY,New York city,-74.0060152,40.7127281,0.333333333333,NSF|NY|NEW YORK,36061,New York,source_coordinate_within_county
1940078,University of Arkansas,AR,Fayetteville city,-94.1574328,36.0625843,1.0,NSF|AR|FAYETTEVILLE,05143,Washington,source_coordinate_within_county
1922562,University of Florida,FL,Gainesville city,-82.3249846,29.6519684,1.0,NSF|FL|GAINESVILLE,12001,Alachua,source_coordinate_within_county
1927713,Regents of the University of Idaho,ID,Moscow city,-117.000165,46.7323875,0.25,NSF|ID|MOSCOW,16057,Latah,source_coordinate_within_county
2026874,Oregon State University,OR,Corvallis city,-123.2620435,44.5645659,0.5,NSF|OR|CORVALLIS,41003,Benton,source_coordinate_within_county
1912302,Woods Hole Oceanographic Institution,MA,Woods Hole CDP,-70.6694015,41.5238752,0.333333333333,NSF|MA|WOODS HOLE,25001,Barnstable,source_coordinate_within_county
1912332,University of Colorado at Boulder,CO,Boulder city,-105.270545,40.0149856,0.333333333333,NSF|CO|BOULDER,08013,Boulder,source_coordinate_within_county
1924655,University of California-Santa Barbara,CA,Santa Barbara city,-119.702667,34.4221319,1.0,NSF|CA|SANTA BARBARA,06083,Santa Barbara,source_coordinate_within_county
1928248,University of Alaska Fairbanks Campus,AK,Fairbanks city,-147.716675,64.837845,0.5,NSF|AK|FAIRBANKS,02090,Fairbanks North Star,source_coordinate_within_county
1931332,University Corporation For Atmospheric Res,CO,Boulder city,-105.270545,40.0149856,0.5,NSF|CO|BOULDER,08013,Boulder,source_coordinate_within_county
1924658,Oregon State University,OR,Corvallis city,-123.2620435,44.5645659,1.0,NSF|OR|CORVALLIS,41003,Benton,source_coordinate_within_county
1929275,Dartmouth College,NH,Hanover CDP,-72.2892164,43.7023545,0.5,NSF|NH|HANOVER,33009,Grafton,source_coordinate_within_county
1916661,Auburn University,AL,Auburn city,-85.4807825,32.6098566,1.0,NSF|AL|AUBURN,01081,Lee,source_coordinate_within_county
1924498,University of North Carolina at Charlotte,NC,Charlotte city,-80.8430827,35.2272086,1.0,NSF|NC|CHARLOTTE,37119,Mecklenburg,source_coordinate_within_county
1927715,Missouri University of Science and Technology,MO,Rolla city,-91.7708076,37.9509324,0.25,NSF|MO|ROLLA,29161,Phelps,source_coordinate_within_county
1914569,Columbia University,NY,New York city,-74.0060152,40.7127281,1.0,NSF|NY|NEW YORK,36061,New York,source_coordinate_within_county
1927644,University of Massachusetts Amherst,MA,Amherst Town city,-72.5198761,42.3731948,1.0,NSF|MA|AMHERST,25015,Hampshire,source_coordinate_within_county
1936715,University of California-Los Angeles,CA,Los Angeles city,-118.242766,34.0536909,1.0,NSF|CA|LOS ANGELES,06037,Los Angeles,source_coordinate_within_county
1927718,Pennsylvania State Univ University Park,PA,College township,-77.8710571,40.8128971,0.25,NSF|PA|UNIVERSITY PARK,42027,Centre,source_coordinate_within_county
1940105,University of New Hampshire,NH,Durham CDP,-70.9177186,43.1214141,1.0,NSF|NH|DURHAM,33017,Strafford,source_coordinate_within_county
1931333,Northern Arizona University,AZ,Flagstaff city,-111.651822,35.1987522,0.5,NSF|AZ|FLAGSTAFF,04005,Coconino,source_coordinate_within_county
1921045,Oregon State University,OR,Corvallis city,-123.2620435,44.5645659,1.0,NSF|OR|CORVALLIS,41003,Benton,source_coordinate_within_county
1928146,Columbia University,NY,New York city,-74.0060152,40.7127281,1.0,NSF|NY|NEW YORK,36061,New York,source_coordinate_within_county
1927708,University of Alaska Fairbanks Campus,AK,Fairbanks city,-147.716675,64.837845,0.25,NSF|AK|FAIRBANKS,02090,Fairbanks North Star,source_coordinate_within_county
1920602,University of Rochester,NY,Rochester city,-77.615214,43.157285,1.0,NSF|NY|ROCHESTER,36055,Monroe,source_coordinate_within_county
1923836,Oregon State University,OR,Corvallis city,-123.2620435,44.5645659,0.5,NSF|OR|CORVALLIS,41003,Benton,source_coordinate_within_county
1923926,Mote Marine Laboratory,FL,Sarasota city,-82.5308545,27.3365805,0.5,NSF|FL|SARASOTA,12115,Sarasota,source_coordinate_within_county
1938112,Central Caribbean Marine Institute,NJ,Princeton,-74.6597376,40.3496953,1.0,NSF|NJ|PRINCETON,34021,Mercer,source_coordinate_within_county
1929753,University of Rhode Island,RI,Kingston CDP,-71.5227103,41.4801166,0.333333333333,NSF|RI|KINGSTON,44009,Washington,source_coordinate_within_county
1929747,University of Delaware,DE,Newark city,-75.7515682,39.6828358,0.333333333333,NSF|DE|NEWARK,10003,New Castle,source_coordinate_within_county
1929545,Woods Hole Oceanographic Institution,MA,Woods Hole CDP,-70.6694015,41.5238752,1.0,NSF|MA|WOODS HOLE,25001,Barnstable,source_coordinate_within_county
1929750,Stroud Water Research Center,PA,Avondale borough,-75.783273,39.823443,0.333333333333,NSF|PA|AVONDALE,42029,Chester,source_coordinate_within_county
1928252,University of California-Irvine,CA,Irvine city,-117.825981,33.6856969,1.0,NSF|CA|IRVINE,06059,Orange,source_coordinate_within_county
1924599,College of Charleston,SC,Charleston city,-79.9399309,32.7884363,1.0,NSF|SC|CHARLESTON,45019,Charleston,source_coordinate_within_county
1902628,University of Colorado at Boulder,CO,Boulder city,-105.270545,40.0149856,1.0,NSF|CO|BOULDER,08013,Boulder,source_coordinate_within_county
1836523,University of Alaska Fairbanks Campus,AK,Fairbanks city,-147.716675,64.837845,1.0,NSF|AK|FAIRBANKS,02090,Fairbanks North Star,source_coordinate_within_county
1903600,University of Massachusetts Lowell,MA,Lowell city,-71.3085329,42.6414437,0.5,NSF|MA|LOWELL,25017,Middlesex,source_coordinate_within_county
1937514,University of Minnesota-Twin Cities,MN,Minneapolis city,-93.2654692,44.9772995,1.0,NSF|MN|MINNEAPOLIS,27053,Hennepin,source_coordinate_within_county
1903528,Yale University,CT,New Haven city,-72.9250518,41.3082138,0.5,NSF|CT|NEW HAVEN,09170,South Central Connecticut,source_coordinate_within_county
1927710,Oregon State University,OR,Corvallis city,-123.2620435,44.5645659,1.0,NSF|OR|CORVALLIS,41003,Benton,source_coordinate_within_county
1929554,University of Southern California,CA,Los Angeles city,-118.242766,34.0536909,0.333333333333,NSF|CA|LOS ANGELES,06037,Los Angeles,source_coordinate_within_county
1929476,University of Wisconsin-Madison,WI,Madison city,-89.3841663,43.07469,0.333333333333,NSF|WI|MADISON,55025,Dane,source_coordinate_within_county
1852912,University of California-Los Angeles,CA,Los Angeles city,-118.242766,34.0536909,1.0,NSF|CA|LOS ANGELES,06037,Los Angeles,source_coordinate_within_county
1929460,Northern Arizona University,AZ,Flagstaff city,-111.651822,35.1987522,0.333333333333,NSF|AZ|FLAGSTAFF,04005,Coconino,source_coordinate_within_county
1849654,University of California-Los Angeles,CA,Los Angeles city,-118.242766,34.0536909,1.0,NSF|CA|LOS ANGELES,06037,Los Angeles,source_coordinate_within_county
1933165,Oregon State University,OR,Corvallis city,-123.2620435,44.5645659,1.0,NSF|OR|CORVALLIS,41003,Benton,source_coordinate_within_county
1935308,Auburn University,AL,Auburn city,-85.4807825,32.6098566,0.5,NSF|AL|AUBURN,01081,Lee,source_coordinate_within_county
1935305,University of California-Santa Barbara,CA,Santa Barbara city,-119.702667,34.4221319,0.5,NSF|CA|SANTA BARBARA,06083,Santa Barbara,source_coordinate_within_county
1912130,University of Washington,WA,Seattle city,-122.330062,47.6038321,0.5,NSF|WA|SEATTLE,53033,King,source_coordinate_within_county
1836381,Northern Michigan University,MI,Marquette city,-87.396433,46.5434914,0.5,NSF|MI|MARQUETTE,26103,Marquette,source_coordinate_within_county
1855037,Stevens Institute of Technology,NJ,Hoboken city,-74.0323752,40.7433066,0.2,NSF|NJ|HOBOKEN,34017,Hudson,source_coordinate_within_county
1844380,George Mason University,VA,Fairfax city,-77.3063733,38.8462236,1.0,NSF|VA|FAIRFAX,51600,Fairfax,source_coordinate_within_county
1854773,CUNY City College,NY,New York city,-74.0060152,40.7127281,0.2,NSF|NY|NEW YORK,36061,New York,source_coordinate_within_county
1854946,Portland State University,OR,Portland city,-122.674194,45.5202471,0.2,NSF|OR|PORTLAND,41051,Multnomah,source_coordinate_within_county
1836377,George Washington University,DC,Washington city,-77.0363849,38.8950982,0.5,NSF|DC|WASHINGTON,11001,District of Columbia,source_coordinate_within_county
1912134,University of California-Irvine,CA,Irvine city,-117.825981,33.6856969,0.5,NSF|CA|IRVINE,06059,Orange,source_coordinate_within_county
1854725,University of Alaska Anchorage Campus,AK,Anchorage municipality,-149.894852,61.2163129,1.0,NSF|AK|ANCHORAGE,02020,Anchorage,source_coordinate_within_county
1836861,University of Texas at El Paso,TX,El Paso city,-106.4870476,31.7601001,0.333333333333,NSF|TX|EL PASO,48141,El Paso,source_coordinate_within_county
1836873,University of Alaska Anchorage Campus,AK,Anchorage municipality,-149.894852,61.2163129,0.333333333333,NSF|AK|ANCHORAGE,02020,Anchorage,source_coordinate_within_county
1928761,Woods Hole Oceanographic Institution,MA,Woods Hole CDP,-70.6694015,41.5238752,0.166666666667,NSF|MA|WOODS HOLE,25001,Barnstable,source_coordinate_within_county
1928609,William Marsh Rice University,TX,Houston city,-95.3676974,29.7589382,0.166666666667,NSF|TX|HOUSTON,48201,Harris,source_coordinate_within_county
1928771,University of Texas at Arlington,TX,Arlington city,-97.1071186,32.7355816,0.166666666667,NSF|TX|ARLINGTON,48439,Tarrant,source_coordinate_within_county
1836839,Grand Valley State University,MI,Allendale CDP,-85.9536535,42.9722455,0.333333333333,NSF|MI|ALLENDALE,26139,Ottawa,source_coordinate_within_county
1928753,University of The Virgin Islands,VI,Charlotte Amalie town,-64.9335173,18.3414575,0.166666666667,NSF|VI|CHARLOTTE AMALIE,78030,St. Thomas,source_coordinate_within_county
1927277,Louisiana State University,LA,Baton Rouge city,-91.1869659,30.4494155,0.166666666667,NSF|LA|BATON ROUGE,22033,East Baton Rouge,source_coordinate_within_county
1928817,Mote Marine Laboratory,FL,Sarasota city,-82.5308545,27.3365805,0.166666666667,NSF|FL|SARASOTA,12115,Sarasota,source_coordinate_within_county
1849401,Indiana University,IN,Bloomington city,-86.5342881,39.1670396,0.5,NSF|IN|BLOOMINGTON,18105,Monroe,source_coordinate_within_county
1853805,University of Alaska Anchorage Campus,AK,Anchorage municipality,-149.894852,61.2163129,1.0,NSF|AK|ANCHORAGE,02020,Anchorage,source_coordinate_within_county
1912361,University of California-Santa Cruz,CA,Santa Cruz city,-122.0294673,36.9743626,1.0,NSF|CA|SANTA CRUZ,06087,Santa Cruz,source_coordinate_within_county
1849414,University of Colorado at Boulder,CO,Boulder city,-105.270545,40.0149856,0.5,NSF|CO|BOULDER,08013,Boulder,source_coordinate_within_county
1850900,University of Washington,WA,Seattle city,-122.330062,47.6038321,1.0,NSF|WA|SEATTLE,53033,King,source_coordinate_within_county
1854976,Duke University,NC,Durham city,-78.9018053,35.996653,1.0,NSF|NC|DURHAM,37063,Durham,source_coordinate_within_county
1928623,Columbia University,NY,New York city,-74.0060152,40.7127281,1.0,NSF|NY|NEW YORK,36061,New York,source_coordinate_within_county
1854767,University of Illinois at Urbana-Champaign,IL,Urbana city,-88.207301,40.1117174,1.0,NSF|IL|URBANA,17019,Champaign,source_coordinate_within_county
1851866,Gulf of Maine Research Institute,ME,Portland city,-70.2586618,43.6573605,0.333333333333,NSF|ME|PORTLAND,23005,Cumberland,source_coordinate_within_county
1852587,Cornell University,NY,Ithaca city,-76.4968019,42.4396039,1.0,NSF|NY|ITHACA,36109,Tompkins,source_coordinate_within_county
1851898,SUNY at Stony Brook,NY,Stony Brook CDP,-73.140943,40.9256538,0.333333333333,NSF|NY|STONY BROOK,36103,Suffolk,source_coordinate_within_county
1920425,University of Alabama Tuscaloosa,AL,Tuscaloosa city,-87.5675258,33.2095614,1.0,NSF|AL|TUSCALOOSA,01125,Tuscaloosa,source_coordinate_within_county
1852113,Virginia Polytechnic Institute and State University,VA,Blacksburg town,-80.4136767,37.2296566,0.5,NSF|VA|BLACKSBURG,51121,Montgomery,source_coordinate_within_county
1851993,University of California-Santa Barbara,CA,Santa Barbara city,-119.702667,34.4221319,0.5,NSF|CA|SANTA BARBARA,06083,Santa Barbara,source_coordinate_within_county
1842547,Clark University,MA,Worcester city,-71.8018877,42.2625621,1.0,NSF|MA|WORCESTER,25027,Worcester,source_coordinate_within_county
1848672,Virginia Polytechnic Institute and State University,VA,Blacksburg town,-80.4136767,37.2296566,0.5,NSF|VA|BLACKSBURG,51121,Montgomery,source_coordinate_within_county
1845877,Woods Hole Oceanographic Institution,MA,Woods Hole CDP,-70.6694015,41.5238752,1.0,NSF|MA|WOODS HOLE,25001,Barnstable,source_coordinate_within_county
1848667,Utah State University,UT,Logan city,-111.834914,41.7313063,0.5,NSF|UT|LOGAN,49005,Cache,source_coordinate_within_county
1844513,University of California-Santa Barbara,CA,Santa Barbara city,-119.702667,34.4221319,1.0,NSF|CA|SANTA BARBARA,06083,Santa Barbara,source_coordinate_within_county
1916566,University of California-San Diego Scripps Inst of Oceanography,CA,San Diego city,-117.2740777,32.8401623,1.0,NSF|CA|LA JOLLA,06073,San Diego,source_coordinate_within_county
1822424,University of New Hampshire,NH,Durham CDP,-70.9177186,43.1214141,1.0,NSF|NH|DURHAM,33017,Strafford,source_coordinate_within_county
1906651,University of North Carolina at Chapel Hill,NC,Chapel Hill town,-79.05578,35.9131542,0.333333333333,NSF|NC|CHAPEL HILL,37135,Orange,source_coordinate_within_county
1909367,University of Texas at Arlington,TX,Arlington city,-97.1071186,32.7355816,0.5,NSF|TX|ARLINGTON,48439,Tarrant,source_coordinate_within_county
1906622,University of Texas at Austin,TX,Austin city,-97.7436995,30.2711286,0.333333333333,NSF|TX|AUSTIN,48453,Travis,source_coordinate_within_county
1906635,University of North Carolina at Wilmington,NC,Wilmington city,-77.9487284,34.2352853,0.333333333333,NSF|NC|WILMINGTON,37129,New Hanover,source_coordinate_within_county
1912382,University Corporation For Atmospheric Res,CO,Boulder city,-105.270545,40.0149856,1.0,NSF|CO|BOULDER,08013,Boulder,source_coordinate_within_county
1908862,Colorado State University,CO,Fort Collins city,-105.0770113,40.5871782,0.5,NSF|CO|FORT COLLINS,08069,Larimer,source_coordinate_within_county
1806718,Hoagland Nell E,PA,State College borough,-77.8616386,40.7944504,1.0,NSF|PA|STATE COLLEGE,42027,Centre,source_coordinate_within_county
1830029,University of Maine,ME,Orono CDP,-68.672791,44.883607,0.5,NSF|ME|ORONO,23019,Penobscot,source_coordinate_within_county
1829753,University of South Florida,FL,Tampa city,-82.4583107,27.9449854,0.5,NSF|FL|TAMPA,12057,Hillsborough,source_coordinate_within_county
1638186,Regents of the University of Michigan - Ann Arbor,MI,Ann Arbor city,-83.7484616,42.2813722,1.0,NSF|MI|ANN ARBOR,26161,Washtenaw,source_coordinate_within_county
1808233,University of Alabama Tuscaloosa,AL,Tuscaloosa city,-87.5675258,33.2095614,0.333333333333,NSF|AL|TUSCALOOSA,01125,Tuscaloosa,source_coordinate_within_county
1810616,University of The Virgin Islands,VI,Charlotte Amalie town,-64.9335173,18.3414575,0.333333333333,NSF|VI|CHARLOTTE AMALIE,78030,St. Thomas,source_coordinate_within_county
1807807,University of Mississippi,MS,University CDP,-89.5350279,34.3653692,0.333333333333,NSF|MS|UNIVERSITY,28071,Lafayette,source_coordinate_within_county
1760465,North Carolina State University,NC,Raleigh city,-78.6390989,35.7803977,0.333333333333,NSF|NC|RALEIGH,37183,Wake,source_coordinate_within_county
1807077,University of North Carolina at Chapel Hill,NC,Chapel Hill town,-79.05578,35.9131542,1.0,NSF|NC|CHAPEL HILL,37135,Orange,source_coordinate_within_county
1800904,Trustees of Boston University,MA,Boston city,-71.0578303,42.3588336,0.25,NSF|MA|BOSTON,25025,Suffolk,source_coordinate_within_county
1807169,University of Richmond,VA,Richmond city,-77.43428,37.5385087,0.5,NSF|VA|RICHMOND,51760,Richmond,source_coordinate_within_county
1807143,University of Texas at Austin,TX,Austin city,-97.7436995,30.2711286,1.0,NSF|TX|AUSTIN,48453,Travis,source_coordinate_within_county
1800913,Texas A&M University,TX,College Station city,-96.3455991,30.6183939,0.25,NSF|TX|COLLEGE STATION,48041,Brazos,source_coordinate_within_county
1802226,CUNY City College,NY,New York city,-74.0060152,40.7127281,1.0,NSF|NY|NEW YORK,36061,New York,source_coordinate_within_county
1800914,William Marsh Rice University,TX,Houston city,-95.3676974,29.7589382,0.25,NSF|TX|HOUSTON,48201,Harris,source_coordinate_within_county
1818501,Columbia University,NY,New York city,-74.0060152,40.7127281,0.333333333333,NSF|NY|NEW YORK,36061,New York,source_coordinate_within_county
1760704,University of Louisiana at Lafayette,LA,Lafayette city,-92.0178202,30.2262187,0.333333333333,NSF|LA|LAFAYETTE,22055,Lafayette,source_coordinate_within_county
1760674,Texas A&M University Corpus Christi,TX,Corpus Christi city,-97.4033191,27.7635302,0.333333333333,NSF|TX|CORPUS CHRISTI,48355,Nueces,source_coordinate_within_county
1800905,University of Houston - Clear Lake,TX,Houston city,-95.3676974,29.7589382,0.25,NSF|TX|HOUSTON,48201,Harris,source_coordinate_within_county
1801945,University of Southern California,CA,Los Angeles city,-118.242766,34.0536909,1.0,NSF|CA|LOS ANGELES,06037,Los Angeles,source_coordinate_within_county
1803166,"Georgia Southern University Research and Service Foundation, Inc",GA,Statesboro city,-81.7832912,32.4490141,0.5,NSF|GA|STATESBORO,13031,Bulloch,source_coordinate_within_county
1803159,University of Georgia Research Foundation Inc,GA,Athens-Clarke County unified government (balance),-83.376398,33.9597677,0.5,NSF|GA|ATHENS,13059,Clarke,source_coordinate_within_county
1801335,"The University Corporation, Northridge",CA,Los Angeles city,-118.5369316,34.2345615,1.0,NSF|CA|NORTHRIDGE,06037,Los Angeles,source_coordinate_within_county
1801866,University of Texas at Austin,TX,Austin city,-97.7436995,30.2711286,1.0,NSF|TX|AUSTIN,48453,Travis,source_coordinate_within_county
1801367,Texas A&M University,TX,College Station city,-96.3455991,30.6183939,1.0,NSF|TX|COLLEGE STATION,48041,Brazos,source_coordinate_within_county
1760620,Texas A&M University,TX,College Station city,-96.3455991,30.6183939,1.0,NSF|TX|COLLEGE STATION,48041,Brazos,source_coordinate_within_county
1749613,Stanford University,CA,Stanford CDP,-122.1702445,37.427467,1.0,NSF|CA|STANFORD,06085,Santa Clara,source_coordinate_within_county
1724467,University of Washington,WA,Seattle city,-122.330062,47.6038321,0.333333333333,NSF|WA|SEATTLE,53033,King,source_coordinate_within_county
1724748,University Corporation For Atmospheric Res,CO,Boulder city,-105.270545,40.0149856,0.333333333333,NSF|CO|BOULDER,08013,Boulder,source_coordinate_within_county
1656070,University of Alaska Fairbanks Campus,AK,Fairbanks city,-147.716675,64.837845,1.0,NSF|AK|FAIRBANKS,02090,Fairbanks North Star,source_coordinate_within_county
1736736,Stanford University,CA,Stanford CDP,-122.1702445,37.427467,1.0,NSF|CA|STANFORD,06085,Santa Clara,source_coordinate_within_county
1724540,Dartmouth College,NH,Hanover CDP,-72.2892164,43.7023545,0.333333333333,NSF|NH|HANOVER,33009,Grafton,source_coordinate_within_county
1760006,Texas A&M University Corpus Christi,TX,Corpus Christi city,-97.4033191,27.7635302,1.0,NSF|TX|CORPUS CHRISTI,48355,Nueces,source_coordinate_within_county
1736288,Woods Hole Oceanographic Institution,MA,Woods Hole CDP,-70.6694015,41.5238752,1.0,NSF|MA|WOODS HOLE,25001,Barnstable,source_coordinate_within_county
1760534,Rutgers University New Brunswick,NJ,New Brunswick city,-74.4436416,40.4936119,1.0,NSF|NJ|NEW BRUNSWICK,34023,Middlesex,source_coordinate_within_county
1749243,University of Colorado at Boulder,CO,Boulder city,-105.270545,40.0149856,1.0,NSF|CO|BOULDER,08013,Boulder,source_coordinate_within_county
1712695,Regents of the University of Michigan - Ann Arbor,MI,Ann Arbor city,-83.7484616,42.2813722,1.0,NSF|MI|ANN ARBOR,26161,Washtenaw,source_coordinate_within_county
1736242,University of Washington,WA,Seattle city,-122.330062,47.6038321,1.0,NSF|WA|SEATTLE,53033,King,source_coordinate_within_county
1736668,Stanford University,CA,Stanford CDP,-122.1702445,37.427467,1.0,NSF|CA|STANFORD,06085,Santa Clara,source_coordinate_within_county
1737622,University of Oklahoma Norman Campus,OK,Norman city,-97.4394816,35.2225717,0.333333333333,NSF|OK|NORMAN,40027,Cleveland,source_coordinate_within_county
1737096,Stanford University,CA,Stanford CDP,-122.1702445,37.427467,0.5,NSF|CA|STANFORD,06085,Santa Clara,source_coordinate_within_county
1734947,University of Washington,WA,Seattle city,-122.330062,47.6038321,1.0,NSF|WA|SEATTLE,53033,King,source_coordinate_within_county
1708309,University of Dayton,OH,Dayton city,-84.1916069,39.7589478,0.166666666667,NSF|OH|DAYTON,39113,Montgomery,source_coordinate_within_county
1659754,University of South Florida,FL,Tampa city,-82.4583107,27.9449854,1.0,NSF|FL|TAMPA,12057,Hillsborough,source_coordinate_within_county
1708424,Earth and Space Research,WA,Seattle city,-122.330062,47.6038321,0.25,NSF|WA|SEATTLE,53033,King,source_coordinate_within_county
1737357,University of Hawaii,HI,Urban Honolulu CDP,-157.855676,21.304547,1.0,NSF|HI|HONOLULU,15003,Honolulu,source_coordinate_within_county
1708129,University of Florida,FL,Gainesville city,-82.3249846,29.6519684,0.166666666667,NSF|FL|GAINESVILLE,12001,Alachua,source_coordinate_within_county
1737691,Bennington College,VT,Bennington CDP,-73.1968205,42.8788667,0.333333333333,NSF|VT|BENNINGTON,50003,Bennington,source_coordinate_within_county
1744702,Woods Hole Oceanographic Institution,MA,Woods Hole CDP,-70.6694015,41.5238752,1.0,NSF|MA|WOODS HOLE,25001,Barnstable,source_coordinate_within_county
1737368,University of Minnesota Duluth,MN,Duluth city,-92.1052679,46.7838287,1.0,NSF|MN|DULUTH,27137,St. Louis,source_coordinate_within_county
1708322,Colgate University,NY,Hamilton village,-75.5444159,42.8268798,0.166666666667,NSF|NY|HAMILTON,36053,Madison,source_coordinate_within_county
1658190,University of Washington,WA,Seattle city,-122.330062,47.6038321,1.0,NSF|WA|SEATTLE,53033,King,source_coordinate_within_county
1708307,Mississippi State University,MS,Mississippi State CDP,-88.7943232,33.4386876,0.166666666667,NSF|MS|MISSISSIPPI STATE,28105,Oktibbeha,source_coordinate_within_county
1737176,"The University Corporation, Northridge",CA,Los Angeles city,-118.5369316,34.2345615,0.5,NSF|CA|NORTHRIDGE,06037,Los Angeles,source_coordinate_within_county
1708344,Northern Arizona University,AZ,Flagstaff city,-111.651822,35.1987522,0.166666666667,NSF|AZ|FLAGSTAFF,04005,Coconino,source_coordinate_within_county
1708289,University of Texas at Austin,TX,Austin city,-97.7436995,30.2711286,0.25,NSF|TX|AUSTIN,48453,Travis,source_coordinate_within_county
1708427,University of Alaska Fairbanks Campus,AK,Fairbanks city,-147.716675,64.837845,0.25,NSF|AK|FAIRBANKS,02090,Fairbanks North Star,source_coordinate_within_county
1700727,California Institute of Technology,CA,Pasadena city,-118.144155,34.1476507,1.0,NSF|CA|PASADENA,06037,Los Angeles,source_coordinate_within_county
1742956,University of Illinois at Urbana-Champaign,IL,Urbana city,-88.207301,40.1117174,1.0,NSF|IL|URBANA,17019,Champaign,source_coordinate_within_county
1736389,University of Washington,WA,Seattle city,-122.330062,47.6038321,1.0,NSF|WA|SEATTLE,53033,King,source_coordinate_within_county
1736783,College of Charleston,SC,Charleston city,-79.9399309,32.7884363,1.0,NSF|SC|CHARLESTON,45019,Charleston,source_coordinate_within_county
1744653,University of California-San Diego Scripps Inst of Oceanography,CA,San Diego city,-117.2740777,32.8401623,1.0,NSF|CA|LA JOLLA,06073,San Diego,source_coordinate_within_county
1654374,College of William & Mary Virginia Institute of Marine Science,VA,Gloucester Point CDP,-76.496899,37.2540351,1.0,NSF|VA|GLOUCESTER POINT,51073,Gloucester,source_coordinate_within_county
1708308,Atmospheric and Environmental Research Inc,MA,Lexington CDP,-71.2245003,42.4473175,0.25,NSF|MA|LEXINGTON,25017,Middlesex,source_coordinate_within_county
1737643,University of Alaska Fairbanks Campus,AK,Fairbanks city,-147.716675,64.837845,0.333333333333,NSF|AK|FAIRBANKS,02090,Fairbanks North Star,source_coordinate_within_county
1736891,University of California-Irvine,CA,Irvine city,-117.825981,33.6856969,1.0,NSF|CA|IRVINE,06059,Orange,source_coordinate_within_county
1637225,Northern Illinois University,IL,DeKalb city,-88.7501925,41.9298644,1.0,NSF|IL|DEKALB,17037,DeKalb,source_coordinate_within_county
1655686,Woods Hole Oceanographic Institution,MA,Woods Hole CDP,-70.6694015,41.5238752,1.0,NSF|MA|WOODS HOLE,25001,Barnstable,source_coordinate_within_county
1745739,Brown University,RI,Providence city,-71.4128343,41.8239891,1.0,NSF|RI|PROVIDENCE,44007,Providence,source_coordinate_within_county
1643484,University Corporation For Atmospheric Res,CO,Boulder city,-105.270545,40.0149856,0.5,NSF|CO|BOULDER,08013,Boulder,source_coordinate_within_county
1735743,Northeastern University,MA,Boston city,-71.0578303,42.3588336,0.333333333333,NSF|MA|BOSTON,25025,Suffolk,source_coordinate_within_county
1643493,University of Colorado at Boulder,CO,Boulder city,-105.270545,40.0149856,0.5,NSF|CO|BOULDER,08013,Boulder,source_coordinate_within_county
1735607,University of California-Santa Cruz,CA,Santa Cruz city,-122.0294673,36.9743626,0.333333333333,NSF|CA|SANTA CRUZ,06087,Santa Cruz,source_coordinate_within_county
1756081,University of Alaska Fairbanks Campus,AK,Fairbanks city,-147.716675,64.837845,0.25,NSF|AK|FAIRBANKS,02090,Fairbanks North Star,source_coordinate_within_county
1747653,Oberlin College,OH,Oberlin city,-82.2173786,41.2939386,1.0,NSF|OH|OBERLIN,39093,Lorain,source_coordinate_within_county
1748123,University of Northern Iowa,IA,Cedar Falls city,-92.447758,42.5361805,1.0,NSF|IA|CEDAR FALLS,19013,Black Hawk,source_coordinate_within_county
1745934,Southern Methodist University,TX,Dallas city,-96.7968559,32.7762719,0.333333333333,NSF|TX|DALLAS,48113,Dallas,source_coordinate_within_county
1659848,Texas A&M AgriLife Research,TX,College Station city,-96.3455991,30.6183939,1.0,NSF|TX|COLLEGE STATION,48041,Brazos,source_coordinate_within_county
1715638,University of North Carolina at Wilmington,NC,Wilmington city,-77.9487284,34.2352853,1.0,NSF|NC|WILMINGTON,37129,New Hanover,source_coordinate_within_county
1656026,University of Texas at Austin,TX,Austin city,-97.7436995,30.2711286,1.0,NSF|TX|AUSTIN,48453,Travis,source_coordinate_within_county
1743326,Columbia University,NY,New York city,-74.0060152,40.7127281,1.0,NSF|NY|NEW YORK,36061,New York,source_coordinate_within_county
1738104,Portland State University,OR,Portland city,-122.674194,45.5202471,0.5,NSF|OR|PORTLAND,41051,Multnomah,source_coordinate_within_county
1658436,University of Southern California,CA,Los Angeles city,-118.242766,34.0536909,0.333333333333,NSF|CA|LOS ANGELES,06037,Los Angeles,source_coordinate_within_county
1739724,"Woodwell Climate Research Center, Inc.",MA,Falmouth CDP,-70.6147519,41.5514979,1.0,NSF|MA|FALMOUTH,25001,Barnstable,source_coordinate_within_county
1700711,"Board of Regents, NSHE, obo University of Nevada, Reno",NV,Reno city,-119.812658,39.5261788,0.5,NSF|NV|RENO,32031,Washoe,source_coordinate_within_county
1658042,University of Rochester,NY,Rochester city,-77.615214,43.157285,0.333333333333,NSF|NY|ROCHESTER,36055,Monroe,source_coordinate_within_county
1700722,Utah State University,UT,Logan city,-111.834914,41.7313063,0.5,NSF|UT|LOGAN,49005,Cache,source_coordinate_within_county
1738228,Washington State University,WA,Pullman city,-117.1799363,46.7295818,0.5,NSF|WA|PULLMAN,53075,Whitman,source_coordinate_within_county
1745567,University of Hawaii,HI,Urban Honolulu CDP,-157.855676,21.304547,1.0,NSF|HI|HONOLULU,15003,Honolulu,source_coordinate_within_county
1725789,Huning Laurie S,CA,Irvine city,-117.825981,33.6856969,1.0,NSF|CA|IRVINE,06059,Orange,source_coordinate_within_county
1658392,University of California-Santa Barbara,CA,Santa Barbara city,-119.702667,34.4221319,0.333333333333,NSF|CA|SANTA BARBARA,06083,Santa Barbara,source_coordinate_within_county
1660604,University of Washington,WA,Seattle city,-122.330062,47.6038321,1.0,NSF|WA|SEATTLE,53033,King,source_coordinate_within_county
1660538,Princeton University,NJ,Princeton,-74.6597376,40.3496953,1.0,NSF|NJ|PRINCETON,34021,Mercer,source_coordinate_within_county
1702740,University of Florida,FL,Gainesville city,-82.3249846,29.6519684,0.25,NSF|FL|GAINESVILLE,12001,Alachua,source_coordinate_within_county
1702684,Harvard University,MA,Cambridge city,-71.1040018,42.3656347,0.25,NSF|MA|CAMBRIDGE,25017,Middlesex,source_coordinate_within_county
1660609,University of Washington,WA,Seattle city,-122.330062,47.6038321,1.0,NSF|WA|SEATTLE,53033,King,source_coordinate_within_county
1702587,Rutgers University New Brunswick,NJ,New Brunswick city,-74.4436416,40.4936119,0.25,NSF|NJ|NEW BRUNSWICK,34023,Middlesex,source_coordinate_within_county
1652289,SUNY at Stony Brook,NY,Stony Brook CDP,-73.140943,40.9256538,1.0,NSF|NY|STONY BROOK,36103,Suffolk,source_coordinate_within_county
1665247,University of Washington,WA,Seattle city,-122.330062,47.6038321,1.0,NSF|WA|SEATTLE,53033,King,source_coordinate_within_county
1741152,University of Colorado at Boulder,CO,Boulder city,-105.270545,40.0149856,1.0,NSF|CO|BOULDER,08013,Boulder,source_coordinate_within_county
1741833,SUNY at Buffalo,NY,Amherst town,-78.7997616,42.9783924,1.0,NSF|NY|AMHERST,36029,Erie,source_coordinate_within_county
1757137,University of Colorado at Boulder,CO,Boulder city,-105.270545,40.0149856,0.166666666667,NSF|CO|BOULDER,08013,Boulder,source_coordinate_within_county
1600087,University of Southern California,CA,Los Angeles city,-118.242766,34.0536909,1.0,NSF|CA|LOS ANGELES,06037,Los Angeles,source_coordinate_within_county
1657209,Columbia University,NY,New York city,-74.0060152,40.7127281,1.0,NSF|NY|NEW YORK,36061,New York,source_coordinate_within_county
1658901,University of Massachusetts Boston,MA,Boston city,-71.0744952,42.2973205,1.0,NSF|MA|DORCHESTER,25025,Suffolk,source_coordinate_within_county
1658550,University of Hawaii,HI,Urban Honolulu CDP,-157.855676,21.304547,0.5,NSF|HI|HONOLULU,15003,Honolulu,source_coordinate_within_county
1657992,University of Washington,WA,Seattle city,-122.330062,47.6038321,1.0,NSF|WA|SEATTLE,53033,King,source_coordinate_within_county
1658541,University Corporation For Atmospheric Res,CO,Boulder city,-105.270545,40.0149856,0.5,NSF|CO|BOULDER,08013,Boulder,source_coordinate_within_county
1739567,University of Massachusetts Lowell,MA,Lowell city,-71.3085329,42.6414437,1.0,NSF|MA|LOWELL,25017,Middlesex,source_coordinate_within_county
1712240,Mote Marine Laboratory,FL,Sarasota city,-82.5308545,27.3365805,0.5,NSF|FL|SARASOTA,12115,Sarasota,source_coordinate_within_county
1657727,Woods Hole Oceanographic Institution,MA,Woods Hole CDP,-70.6694015,41.5238752,1.0,NSF|MA|WOODS HOLE,25001,Barnstable,source_coordinate_within_county
1658377,University of New Hampshire,NH,Durham CDP,-70.9177186,43.1214141,0.5,NSF|NH|DURHAM,33017,Strafford,source_coordinate_within_county
1658321,University of South Florida,FL,Tampa city,-82.4583107,27.9449854,0.5,NSF|FL|TAMPA,12057,Hillsborough,source_coordinate_within_county
1712540,University of The Virgin Islands,VI,Charlotte Amalie town,-64.9335173,18.3414575,0.5,NSF|VI|CHARLOTTE AMALIE,78030,St. Thomas,source_coordinate_within_county
1744216,"University of Maryland, College Park",MD,College Park city,-76.9369189,38.980666,1.0,NSF|MD|COLLEGE PARK,24033,Prince George's,source_coordinate_within_county
1602440,South Dakota State University,SD,Brookings city,-96.79844,44.311461,0.25,NSF|SD|BROOKINGS,46011,Brookings,source_coordinate_within_county
1641960,University of California-Los Angeles,CA,Los Angeles city,-118.242766,34.0536909,1.0,NSF|CA|LOS ANGELES,06037,Los Angeles,source_coordinate_within_county
1604105,"University of Maryland, College Park",MD,College Park city,-76.9369189,38.980666,0.25,NSF|MD|COLLEGE PARK,24033,Prince George's,source_coordinate_within_county
1602898,Colorado State University,CO,Fort Collins city,-105.0770113,40.5871782,0.25,NSF|CO|FORT COLLINS,08069,Larimer,source_coordinate_within_county
1759542,University of Houston - Clear Lake,TX,Houston city,-95.3676974,29.7589382,0.5,NSF|TX|HOUSTON,48201,Harris,source_coordinate_within_county
1604160,University of Alaska Fairbanks Campus,AK,Fairbanks city,-147.716675,64.837845,0.25,NSF|AK|FAIRBANKS,02090,Fairbanks North Star,source_coordinate_within_county
1838421,The University of Central Florida Board of Trustees,FL,Orlando city,-81.379045,28.5421218,0.5,NSF|FL|ORLANDO,12095,Orange,source_coordinate_within_county
1737514,University of Rhode Island,RI,Kingston CDP,-71.5227103,41.4801166,1.0,NSF|RI|KINGSTON,44009,Washington,source_coordinate_within_county
1842959,Rowan University,NJ,Glassboro borough,-75.1119434,39.7027677,0.5,NSF|NJ|GLASSBORO,34015,Gloucester,source_coordinate_within_county
1840811,George Washington University,DC,Washington city,-77.0363849,38.8950982,1.0,NSF|DC|WASHINGTON,11001,District of Columbia,source_coordinate_within_county
1829321,Vanderbilt University,TN,Nashville-Davidson metropolitan government (balance),-86.7742984,36.1622767,1.0,NSF|TN|NASHVILLE,47037,Davidson,source_coordinate_within_county
1838771,University of Cincinnati Main Campus,OH,Cincinnati city,-84.5127405,39.1012809,1.0,NSF|OH|CINCINNATI,39061,Hamilton,source_coordinate_within_county
1824119,Oregon State University,OR,Corvallis city,-123.2620435,44.5645659,1.0,NSF|OR|CORVALLIS,41003,Benton,source_coordinate_within_county
1759972,Texas A&M University,TX,College Station city,-96.3455991,30.6183939,1.0,NSF|TX|COLLEGE STATION,48041,Brazos,source_coordinate_within_county
1756870,University of Kentucky Research Foundation,KY,Lexington-Fayette urban county,-84.4970393,38.0464066,1.0,NSF|KY|LEXINGTON,21067,Fayette,source_coordinate_within_county
1761673,Utah State University,UT,Logan city,-111.834914,41.7313063,1.0,NSF|UT|LOGAN,49005,Cache,source_coordinate_within_county
1737550,Syracuse University,NY,Syracuse city,-76.1474244,43.0481221,1.0,NSF|NY|SYRACUSE,36067,Onondaga,source_coordinate_within_county
1737634,Texas Tech University,TX,Lubbock city,-101.8470215,33.5855677,1.0,NSF|TX|LUBBOCK,48303,Lubbock,source_coordinate_within_county
1647135,Clarkson University,NY,Potsdam village,-74.9813349,44.6697996,0.5,NSF|NY|POTSDAM,36089,St. Lawrence,source_coordinate_within_county
1914707,Texas A&M Engineering Experiment Station,TX,College Station city,-96.3455991,30.6183939,1.0,NSF|TX|COLLEGE STATION,48041,Brazos,source_coordinate_within_county
1903922,University of Utah,UT,Salt Lake City city,-111.886797,40.7596198,1.0,NSF|UT|SALT LAKE CITY,49035,Salt Lake,source_coordinate_within_county
1936174,Texas A&M University,TX,College Station city,-96.3455991,30.6183939,1.0,NSF|TX|COLLEGE STATION,48041,Brazos,source_coordinate_within_county
1933184,University of Washington,WA,Seattle city,-122.330062,47.6038321,1.0,NSF|WA|SEATTLE,53033,King,source_coordinate_within_county
2024139,SUNY at Stony Brook,NY,Stony Brook CDP,-73.140943,40.9256538,0.5,NSF|NY|STONY BROOK,36103,Suffolk,source_coordinate_within_county
2002409,SUNY at Albany,NY,Albany city,-73.754968,42.6511674,1.0,NSF|NY|ALBANY,36001,Albany,source_coordinate_within_county
1931226,University of Southern California,CA,Los Angeles city,-118.242766,34.0536909,0.5,NSF|CA|LOS ANGELES,06037,Los Angeles,source_coordinate_within_county
1931238,Drexel University,PA,Philadelphia city,-75.1635262,39.9527237,0.5,NSF|PA|PHILADELPHIA,42101,Philadelphia,source_coordinate_within_county
1932611,California Institute of Technology,CA,Pasadena city,-118.144155,34.1476507,1.0,NSF|CA|PASADENA,06037,Los Angeles,source_coordinate_within_county
1919870,Brown University,RI,Providence city,-71.4128343,41.8239891,1.0,NSF|RI|PROVIDENCE,44007,Providence,source_coordinate_within_county
1927930,Syracuse University,NY,Syracuse city,-76.1474244,43.0481221,1.0,NSF|NY|SYRACUSE,36067,Onondaga,source_coordinate_within_county
1931301,Texas A&M Engineering Experiment Station,TX,College Station city,-96.3455991,30.6183939,1.0,NSF|TX|COLLEGE STATION,48041,Brazos,source_coordinate_within_county
1930605,University of Washington,WA,Seattle city,-122.330062,47.6038321,1.0,NSF|WA|SEATTLE,53033,King,source_coordinate_within_county
1936930,Georgia Tech Research Corporation,GA,Atlanta city,-84.3898151,33.7544657,1.0,NSF|GA|ATLANTA,13121,Fulton,source_coordinate_within_county
1903597,New Jersey Institute of Technology,NJ,Newark city,-74.1723667,40.735657,1.0,NSF|NJ|NEWARK,34013,Essex,source_coordinate_within_county
1952439,Auburn University,AL,Auburn city,-85.4807825,32.6098566,0.5,NSF|AL|AUBURN,01081,Lee,source_coordinate_within_county
1936936,University of Tennessee Knoxville,TN,Knoxville city,-83.9210261,35.9603948,1.0,NSF|TN|KNOXVILLE,47093,Knox,source_coordinate_within_county
1924670,University of Colorado at Boulder,CO,Boulder city,-105.270545,40.0149856,1.0,NSF|CO|BOULDER,08013,Boulder,source_coordinate_within_county
1931611,Princeton University,NJ,Princeton,-74.6597376,40.3496953,1.0,NSF|NJ|PRINCETON,34021,Mercer,source_coordinate_within_county
1936861,Michigan Technological University,MI,Houghton city,-88.569012,47.121872,1.0,NSF|MI|HOUGHTON,26061,Houghton,source_coordinate_within_county
1902419,University of South Carolina at Columbia,SC,Columbia city,-81.0352313,34.000754,0.5,NSF|SC|COLUMBIA,45079,Richland,source_coordinate_within_county
1902423,California State University-Fresno Foundation,CA,Fresno city,-119.78483,36.7394421,0.5,NSF|CA|FRESNO,06019,Fresno,source_coordinate_within_county
1902250,Michigan State University,MI,East Lansing city,-84.4721678,42.7320307,1.0,NSF|MI|EAST LANSING,26065,Ingham,source_coordinate_within_county
1902234,University of Utah,UT,Salt Lake City city,-111.886797,40.7596198,1.0,NSF|UT|SALT LAKE CITY,49035,Salt Lake,source_coordinate_within_county
1856084,University of Kansas Center for Research Inc,KS,Lawrence city,-95.2359403,38.9719137,1.0,NSF|KS|LAWRENCE,20045,Douglas,source_coordinate_within_county
1900787,Prairie View A & M University,TX,Prairie View city,-95.9907058,30.0857916,1.0,NSF|TX|PRAIRIE VIEW,48473,Waller,source_coordinate_within_county
1855937,Purdue University,IN,West Lafayette city,-86.9080655,40.4258686,1.0,NSF|IN|WEST LAFAYETTE,18157,Tippecanoe,source_coordinate_within_county
1938428,Earthquake Engineering Research Institute,CA,Oakland city,-122.271356,37.8044557,1.0,NSF|CA|OAKLAND,06001,Alameda,source_coordinate_within_county
1917891,Massachusetts Institute of Technology,MA,Cambridge city,-71.1040018,42.3656347,1.0,NSF|MA|CAMBRIDGE,25017,Middlesex,source_coordinate_within_county
1847024,University of Cincinnati Main Campus,OH,Cincinnati city,-84.5127405,39.1012809,1.0,NSF|OH|CINCINNATI,39061,Hamilton,source_coordinate_within_county
1902537,University of North Carolina at Chapel Hill,NC,Chapel Hill town,-79.05578,35.9131542,0.5,NSF|NC|CHAPEL HILL,37135,Orange,source_coordinate_within_county
1902600,University of Washington,WA,Seattle city,-122.330062,47.6038321,0.5,NSF|WA|SEATTLE,53033,King,source_coordinate_within_county
1952683,Rowan University,NJ,Glassboro borough,-75.1119434,39.7027677,0.5,NSF|NJ|GLASSBORO,34015,Gloucester,source_coordinate_within_county
1847654,Oregon State University,OR,Corvallis city,-123.2620435,44.5645659,1.0,NSF|OR|CORVALLIS,41003,Benton,source_coordinate_within_county
1932775,Woods Hole Oceanographic Institution,MA,Woods Hole CDP,-70.6694015,41.5238752,1.0,NSF|MA|WOODS HOLE,25001,Barnstable,source_coordinate_within_county
1852277,Oregon State University,OR,Corvallis city,-123.2620435,44.5645659,1.0,NSF|OR|CORVALLIS,41003,Benton,source_coordinate_within_county
1932711,Vanderbilt University,TN,Nashville-Davidson metropolitan government (balance),-86.7742984,36.1622767,1.0,NSF|TN|NASHVILLE,47037,Davidson,source_coordinate_within_county
1854882,Northeastern University,MA,Boston city,-71.0578303,42.3588336,0.5,NSF|MA|BOSTON,25025,Suffolk,source_coordinate_within_county
1826162,University of Massachusetts Lowell,MA,Lowell city,-71.3085329,42.6414437,0.333333333333,NSF|MA|LOWELL,25017,Middlesex,source_coordinate_within_county
1826003,Georgia Tech Research Corporation,GA,Atlanta city,-84.3898151,33.7544657,0.333333333333,NSF|GA|ATLANTA,13121,Fulton,source_coordinate_within_county
1901808,University of Colorado at Boulder,CO,Boulder city,-105.270545,40.0149856,1.0,NSF|CO|BOULDER,08013,Boulder,source_coordinate_within_county
1847077,George Washington University,DC,Washington city,-77.0363849,38.8950982,1.0,NSF|DC|WASHINGTON,11001,District of Columbia,source_coordinate_within_county
1846685,Arizona State University,AZ,Scottsdale city,-111.926018,33.4942189,1.0,NSF|AZ|SCOTTSDALE,04013,Maricopa,source_coordinate_within_county
1760183,University of Kansas Center for Research Inc,KS,Lawrence city,-95.2359403,38.9719137,1.0,NSF|KS|LAWRENCE,20045,Douglas,source_coordinate_within_county
1845931,University of Southern California,CA,Los Angeles city,-118.242766,34.0536909,1.0,NSF|CA|LOS ANGELES,06037,Los Angeles,source_coordinate_within_county
1911262,Iowa State University,IA,Ames city,-93.6170448,42.0267567,0.5,NSF|IA|AMES,19169,Story,source_coordinate_within_county
1841523,Texas Tech University,TX,Lubbock city,-101.8470215,33.5855677,1.0,NSF|TX|LUBBOCK,48303,Lubbock,source_coordinate_within_county
1841503,Florida International University,FL,Miami city,-80.1935973,25.7741566,1.0,NSF|FL|MIAMI,12086,Miami-Dade,source_coordinate_within_county
1833988,Georgia Tech Research Corporation,GA,Atlanta city,-84.3898151,33.7544657,1.0,NSF|GA|ATLANTA,13121,Fulton,source_coordinate_within_county
1826161,Purdue University,IN,West Lafayette city,-86.9080655,40.4258686,0.5,NSF|IN|WEST LAFAYETTE,18157,Tippecanoe,source_coordinate_within_county
1665343,The University of Central Florida Board of Trustees,FL,Orlando city,-81.379045,28.5421218,1.0,NSF|FL|ORLANDO,12095,Orange,source_coordinate_within_county
1826155,"University of Massachusetts, Dartmouth",MA,Smith Mills CDP,-70.9703171,41.6389926,0.5,NSF|MA|NORTH DARTMOUTH,25005,Bristol,source_coordinate_within_county
1638327,Carnegie Mellon University,PA,Pittsburgh city,-80.0025666,40.4406968,1.0,NSF|PA|PITTSBURGH,42003,Allegheny,source_coordinate_within_county
1638230,Cornell University,NY,Ithaca city,-76.4968019,42.4396039,1.0,NSF|NY|ITHACA,36109,Tompkins,source_coordinate_within_county
1737191,Portland State University,OR,Portland city,-122.674194,45.5202471,0.5,NSF|OR|PORTLAND,41051,Multnomah,source_coordinate_within_county
1650952,American Institute of Chemical Engineers,NY,New York city,-74.0060152,40.7127281,1.0,NSF|NY|NEW YORK,36061,New York,source_coordinate_within_county
1643004,University of Southern California,CA,Los Angeles city,-118.242766,34.0536909,1.0,NSF|CA|LOS ANGELES,06037,Los Angeles,source_coordinate_within_county
1642513,University of Utah,UT,Salt Lake City city,-111.886797,40.7596198,1.0,NSF|UT|SALT LAKE CITY,49035,Salt Lake,source_coordinate_within_county
1635885,Montana State University,MT,Bozeman city,-111.044047,45.6794293,1.0,NSF|MT|BOZEMAN,30031,Gallatin,source_coordinate_within_county
1610062,University of Oklahoma Norman Campus,OK,Norman city,-97.4394816,35.2225717,1.0,NSF|OK|NORMAN,40027,Cleveland,source_coordinate_within_county
1638224,East Carolina University,NC,Greenville city,-77.3724593,35.613224,0.25,NSF|NC|GREENVILLE,37147,Pitt,source_coordinate_within_county
1605161,Kent State University,OH,Kent city,-81.3578047,41.1513108,0.5,NSF|OH|KENT,39133,Portage,source_coordinate_within_county
1637251,University of Notre Dame,IN,Notre Dame CDP,-86.2373691,41.6992003,1.0,NSF|IN|NOTRE DAME,18141,St. Joseph,source_coordinate_within_county
1562388,Regents of the University of Michigan - Ann Arbor,MI,Ann Arbor city,-83.7484616,42.2813722,0.5,NSF|MI|ANN ARBOR,26161,Washtenaw,source_coordinate_within_county
1636876,Regents of the University of Michigan - Ann Arbor,MI,Ann Arbor city,-83.7484616,42.2813722,1.0,NSF|MI|ANN ARBOR,26161,Washtenaw,source_coordinate_within_county
1650357,University of Southern California,CA,Los Angeles city,-118.242766,34.0536909,1.0,NSF|CA|LOS ANGELES,06037,Los Angeles,source_coordinate_within_county
1638284,Colorado State University,CO,Fort Collins city,-105.0770113,40.5871782,0.25,NSF|CO|FORT COLLINS,08069,Larimer,source_coordinate_within_county
1611820,University of Washington,WA,Seattle city,-122.330062,47.6038321,1.0,NSF|WA|SEATTLE,53033,King,source_coordinate_within_county
1605185,University of Toledo,OH,Toledo city,-83.5378173,41.6529143,0.5,NSF|OH|TOLEDO,39095,Lucas,source_coordinate_within_county
1638273,Texas A&M University,TX,College Station city,-96.3455991,30.6183939,0.25,NSF|TX|COLLEGE STATION,48041,Brazos,source_coordinate_within_county
1610396,Missouri University of Science and Technology,MO,Rolla city,-91.7708076,37.9509324,1.0,NSF|MO|ROLLA,29161,Phelps,source_coordinate_within_county
1603741,Montclair State University,NJ,Montclair township,-74.2210643,40.8164458,1.0,NSF|NJ|MONTCLAIR,34013,Essex,source_coordinate_within_county
1637340,University of Texas at Dallas,TX,Richardson city,-96.7297206,32.9481789,1.0,NSF|TX|RICHARDSON,48113,Dallas,source_coordinate_within_county
1638346,University of Illinois at Urbana-Champaign,IL,Urbana city,-88.207301,40.1117174,0.25,NSF|IL|URBANA,17019,Champaign,source_coordinate_within_county
1562244,University of Notre Dame,IN,Notre Dame CDP,-86.2373691,41.6992003,0.5,NSF|IN|NOTRE DAME,18141,St. Joseph,source_coordinate_within_county
1635813,University of Oklahoma Norman Campus,OK,Norman city,-97.4394816,35.2225717,0.5,NSF|OK|NORMAN,40027,Cleveland,source_coordinate_within_county
1635233,Drexel University,PA,Philadelphia city,-75.1635262,39.9527237,1.0,NSF|PA|PHILADELPHIA,42101,Philadelphia,source_coordinate_within_county
1635717,Vanderbilt University,TN,Nashville-Davidson metropolitan government (balance),-86.7742984,36.1622767,0.5,NSF|TN|NASHVILLE,47037,Davidson,source_coordinate_within_county
1722658,George Mason University,VA,Fairfax city,-77.3063733,38.8462236,1.0,NSF|VA|FAIRFAX,51600,Fairfax,source_coordinate_within_county
1642488,University of Southern California,CA,Los Angeles city,-118.242766,34.0536909,1.0,NSF|CA|LOS ANGELES,06037,Los Angeles,source_coordinate_within_county
1635784,William Marsh Rice University,TX,Houston city,-95.3676974,29.7589382,0.5,NSF|TX|HOUSTON,48201,Harris,source_coordinate_within_county
1635115,University of Texas at Austin,TX,Austin city,-97.7436995,30.2711286,0.5,NSF|TX|AUSTIN,48453,Travis,source_coordinate_within_county
1610390,George Washington University,DC,Washington city,-77.0363849,38.8950982,1.0,NSF|DC|WASHINGTON,11001,District of Columbia,source_coordinate_within_county
1605957,Tennessee Technological University,TN,Cookeville city,-85.4997057,36.1623886,1.0,NSF|TN|COOKEVILLE,47141,Putnam,source_coordinate_within_county
1644595,University of Nebraska at Omaha,NE,Omaha city,-95.9383758,41.2587459,1.0,NSF|NE|OMAHA,31055,Douglas,source_coordinate_within_county
1635638,Carnegie Mellon University,PA,Pittsburgh city,-80.0025666,40.4406968,0.5,NSF|PA|PITTSBURGH,42003,Allegheny,source_coordinate_within_county
1638199,Regents of the University of Michigan - Ann Arbor,MI,Ann Arbor city,-83.7484616,42.2813722,0.333333333333,NSF|MI|ANN ARBOR,26161,Washtenaw,source_coordinate_within_county
1635686,University Corporation For Atmospheric Res,CO,Boulder city,-105.270545,40.0149856,0.5,NSF|CO|BOULDER,08013,Boulder,source_coordinate_within_county
1638331,Pennsylvania State Univ University Park,PA,College township,-77.8710571,40.8128971,0.333333333333,NSF|PA|UNIVERSITY PARK,42027,Centre,source_coordinate_within_county
1700482,Washington State University,WA,Pullman city,-117.1799363,46.7295818,1.0,NSF|WA|PULLMAN,53075,Whitman,source_coordinate_within_county
1645070,Syracuse University,NY,Syracuse city,-76.1474244,43.0481221,0.5,NSF|NY|SYRACUSE,36067,Onondaga,source_coordinate_within_county
1610429,"Georgia State University Research Foundation, Inc.",GA,Atlanta city,-84.3898151,33.7544657,0.5,NSF|GA|ATLANTA,13121,Fulton,source_coordinate_within_county
1610282,Arizona State University,AZ,Scottsdale city,-111.926018,33.4942189,0.5,NSF|AZ|SCOTTSDALE,04013,Maricopa,source_coordinate_within_county
1645048,"OHIO STATE UNIVERSITY, THE",OH,Columbus city,-83.0007065,39.9622601,0.5,NSF|OH|COLUMBUS,39049,Franklin,source_coordinate_within_county
1658642,University of Utah,UT,Salt Lake City city,-111.886797,40.7596198,1.0,NSF|UT|SALT LAKE CITY,49035,Salt Lake,source_coordinate_within_county
1609404,Pennsylvania State Univ University Park,PA,College township,-77.8710571,40.8128971,0.5,NSF|PA|UNIVERSITY PARK,42027,Centre,source_coordinate_within_county
1610897,University of Illinois at Urbana-Champaign,IL,Urbana city,-88.207301,40.1117174,0.5,NSF|IL|URBANA,17019,Champaign,source_coordinate_within_county
1603737,Kansas State University,KS,Manhattan city,-96.5716694,39.1836082,1.0,NSF|KS|MANHATTAN,20161,Riley,source_coordinate_within_county
1603717,Washington University,MO,St. Louis city,-90.190009,38.6254063,0.5,NSF|MO|SAINT LOUIS,29510,St. Louis,source_coordinate_within_county
1604042,University of Houston,TX,Houston city,-95.3676974,29.7589382,0.5,NSF|TX|HOUSTON,48201,Harris,source_coordinate_within_county
1639835,Chesapeake Research Consortium Inc,MD,Edgewater CDP,-76.5575862,38.9344805,1.0,NSF|MD|EDGEWATER,24003,Anne Arundel,source_coordinate_within_county
1612144,Purdue University,IN,West Lafayette city,-86.9080655,40.4258686,1.0,NSF|IN|WEST LAFAYETTE,18157,Tippecanoe,source_coordinate_within_county
1622408,University of Alaska Fairbanks Campus,AK,Fairbanks city,-147.716675,64.837845,1.0,NSF|AK|FAIRBANKS,02090,Fairbanks North Star,source_coordinate_within_county
1563618,Oregon State University,OR,Corvallis city,-123.2620435,44.5645659,1.0,NSF|OR|CORVALLIS,41003,Benton,source_coordinate_within_county
1605129,Lehigh University,PA,Bethlehem city,-75.3786521,40.6178915,1.0,NSF|PA|BETHLEHEM,42095,Northampton,source_coordinate_within_county
1643486,Florida State University,FL,Tallahassee city,-84.2809332,30.4380832,1.0,NSF|FL|TALLAHASSEE,12073,Leon,source_coordinate_within_county
1536741,Claremont Graduate University,CA,Claremont city,-117.7197785,34.0966764,0.5,NSF|CA|CLAREMONT,06037,Los Angeles,source_coordinate_within_county
1553756,University of California-Riverside,CA,Riverside city,-117.374238,33.9824949,0.5,NSF|CA|RIVERSIDE,06065,Riverside,source_coordinate_within_county
1554026,"University of Maryland, College Park",MD,College Park city,-76.9369189,38.980666,0.5,NSF|MD|COLLEGE PARK,24033,Prince George's,source_coordinate_within_county
1553863,University of Tennessee Knoxville,TN,Knoxville city,-83.9210261,35.9603948,1.0,NSF|TN|KNOXVILLE,47093,Knox,source_coordinate_within_county
1636704,Portland State University,OR,Portland city,-122.674194,45.5202471,1.0,NSF|OR|PORTLAND,41051,Multnomah,source_coordinate_within_county
1554178,Stanford University,CA,Stanford CDP,-122.1702445,37.427467,1.0,NSF|CA|STANFORD,06085,Santa Clara,source_coordinate_within_county
1554412,University of Arkansas,AR,Fayetteville city,-94.1574328,36.0625843,1.0,NSF|AR|FAYETTEVILLE,05143,Washington,source_coordinate_within_county
1642340,SUNY at Buffalo,NY,Amherst town,-78.7997616,42.9783924,1.0,NSF|NY|AMHERST,36029,Erie,source_coordinate_within_county
1520581,University of California-Davis,CA,Davis city,-121.739005,38.5435526,1.0,NSF|CA|DAVIS,06113,Yolo,source_coordinate_within_county
1552368,Georgia Tech Research Corporation,GA,Atlanta city,-84.3898151,33.7544657,1.0,NSF|GA|ATLANTA,13121,Fulton,source_coordinate_within_county
1520904,University of California-San Diego,CA,San Diego city,-117.2740777,32.8401623,1.0,NSF|CA|LA JOLLA,06073,San Diego,source_coordinate_within_county
1520853,Florida International University,FL,Miami city,-80.1935973,25.7741566,1.0,NSF|FL|MIAMI,12086,Miami-Dade,source_coordinate_within_county
1554714,University of California-Los Angeles,CA,Los Angeles city,-118.242766,34.0536909,1.0,NSF|CA|LOS ANGELES,06037,Los Angeles,source_coordinate_within_county
1520765,Lehigh University,PA,Bethlehem city,-75.3786521,40.6178915,1.0,NSF|PA|BETHLEHEM,42095,Northampton,source_coordinate_within_county
1520843,University of Florida,FL,Gainesville city,-82.3249846,29.6519684,1.0,NSF|FL|GAINESVILLE,12001,Alachua,source_coordinate_within_county
1520808,University of Texas at Austin,TX,Austin city,-97.7436995,30.2711286,1.0,NSF|TX|AUSTIN,48453,Travis,source_coordinate_within_county
1519679,Oregon State University,OR,Corvallis city,-123.2620435,44.5645659,1.0,NSF|OR|CORVALLIS,41003,Benton,source_coordinate_within_county
1938248,"SKIP TECHNOLOGY, INC.",OR,Portland city,-122.674194,45.5202471,1.0,NSF|OR|PORTLAND,41051,Multnomah,source_coordinate_within_county
1939511,University of Oregon Eugene,OR,Eugene city,-123.0950506,44.0505054,1.0,NSF|OR|EUGENE,41039,Lane,source_coordinate_within_county
1937137,Duke University,NC,Durham city,-78.9018053,35.996653,1.0,NSF|NC|DURHAM,37063,Durham,source_coordinate_within_county
1919239,University of Texas at Austin,TX,Austin city,-97.7436995,30.2711286,1.0,NSF|TX|AUSTIN,48453,Travis,source_coordinate_within_county
1919280,Colorado School of Mines,CO,Golden city,-105.22058,39.7546349,1.0,NSF|CO|GOLDEN,08059,Jefferson,source_coordinate_within_county
2015715,University of Alabama at Birmingham,AL,Birmingham city,-86.8024326,33.5206824,0.5,NSF|AL|BIRMINGHAM,01073,Jefferson,source_coordinate_within_county
1913968,INFINITE COOLING INC.,MA,Malden city,-71.0683741,42.4268484,1.0,NSF|MA|MALDEN,25017,Middlesex,source_coordinate_within_county
1843098,"GEOSPIZA, INC.",CO,Denver city,-104.984862,39.7392364,1.0,NSF|CO|DENVER,08031,Denver,source_coordinate_within_county
1914683,University of Tennessee Knoxville,TN,Knoxville city,-83.9210261,35.9603948,1.0,NSF|TN|KNOXVILLE,47093,Knox,source_coordinate_within_county
1843743,Andluca Technologies Inc.,NJ,Princeton,-74.6597376,40.3496953,1.0,NSF|NJ|PRINCETON,34021,Mercer,source_coordinate_within_county
1842973,ATOLLA TECH LLC,NY,Rockville Centre village,-73.6450664,40.6574186,1.0,NSF|NY|ROCKVILLE CENTRE,36059,Nassau,source_coordinate_within_county
1843103,"TERRAFUSE, INC.",CA,Kensington CDP,-122.2802471,37.9104805,1.0,NSF|CA|KENSINGTON,06013,Contra Costa,source_coordinate_within_county
1902925,University of California-Irvine,CA,Irvine city,-117.825981,33.6856969,1.0,NSF|CA|IRVINE,06059,Orange,source_coordinate_within_county
1823912,University of Florida,FL,Gainesville city,-82.3249846,29.6519684,1.0,NSF|FL|GAINESVILLE,12001,Alachua,source_coordinate_within_county
1832710,Pennsylvania State Univ University Park,PA,College township,-77.8710571,40.8128971,1.0,NSF|PA|UNIVERSITY PARK,42027,Centre,source_coordinate_within_county
1838393,Pennsylvania State Univ University Park,PA,College township,-77.8710571,40.8128971,0.5,NSF|PA|UNIVERSITY PARK,42027,Centre,source_coordinate_within_county
1832642,"University of Maryland, College Park",MD,College Park city,-76.9369189,38.980666,1.0,NSF|MD|COLLEGE PARK,24033,Prince George's,source_coordinate_within_county
1824871,University of California-Berkeley,CA,Berkeley city,-122.272863,37.8708393,1.0,NSF|CA|BERKELEY,06001,Alameda,source_coordinate_within_county
1827817,Northeastern University,MA,Boston city,-71.0578303,42.3588336,1.0,NSF|MA|BOSTON,25025,Suffolk,source_coordinate_within_county
1832483,Portland State University,OR,Portland city,-122.674194,45.5202471,1.0,NSF|OR|PORTLAND,41051,Multnomah,source_coordinate_within_county
1751483,Yale University,CT,New Haven city,-72.9250518,41.3082138,1.0,NSF|CT|NEW HAVEN,09170,South Central Connecticut,source_coordinate_within_county
1822266,"University of Maryland, College Park",MD,College Park city,-76.9369189,38.980666,1.0,NSF|MD|COLLEGE PARK,24033,Prince George's,source_coordinate_within_county
1810025,Pouchet Jessica,IL,Evanston city,-87.6846053,42.0470043,1.0,NSF|IL|EVANSTON,17031,Cook,source_coordinate_within_county
1935088,New Mexico State University,NM,Las Cruces city,-106.779807,32.3140354,1.0,NSF|NM|LAS CRUCES,35013,Doña Ana,source_coordinate_within_county
1824394,Wake Forest University,NC,Winston-Salem city,-80.2440518,36.0998131,1.0,NSF|NC|WINSTON SALEM,37067,Forsyth,source_coordinate_within_county
1757136,University of Colorado at Boulder,CO,Boulder city,-105.270545,40.0149856,0.5,NSF|CO|BOULDER,08013,Boulder,source_coordinate_within_county
1806037,Portland State University,OR,Portland city,-122.674194,45.5202471,1.0,NSF|OR|PORTLAND,41051,Multnomah,source_coordinate_within_county
1759724,SUNY College of Environmental Science and Forestry,NY,Syracuse city,-76.1474244,43.0481221,1.0,NSF|NY|SYRACUSE,36067,Onondaga,source_coordinate_within_county
1759715,Louisiana State University,LA,Baton Rouge city,-91.1869659,30.4494155,1.0,NSF|LA|BATON ROUGE,22033,East Baton Rouge,source_coordinate_within_county
1756933,University of Maine,ME,Orono CDP,-68.672791,44.883607,1.0,NSF|ME|ORONO,23019,Penobscot,source_coordinate_within_county
1810476,Iowa State University,IA,Ames city,-93.6170448,42.0267567,0.25,NSF|IA|AMES,19169,Story,source_coordinate_within_county
1757000,University of Washington,WA,Seattle city,-122.330062,47.6038321,1.0,NSF|WA|SEATTLE,53033,King,source_coordinate_within_county
1807416,Texas Southern University,TX,Houston city,-95.3676974,29.7589382,0.25,NSF|TX|HOUSTON,48201,Harris,source_coordinate_within_county
1810576,The University of Central Florida Board of Trustees,FL,Orlando city,-81.379045,28.5421218,0.25,NSF|FL|ORLANDO,12095,Orange,source_coordinate_within_county
1809907,Rensselaer Polytechnic Institute,NY,Troy city,-73.6917878,42.7284117,0.25,NSF|NY|TROY,36083,Rensselaer,source_coordinate_within_county
1755012,Rensselaer Polytechnic Institute,NY,Troy city,-73.6917878,42.7284117,1.0,NSF|NY|TROY,36083,Rensselaer,source_coordinate_within_county
1754984,Rensselaer Polytechnic Institute,NY,Troy city,-73.6917878,42.7284117,1.0,NSF|NY|TROY,36083,Rensselaer,source_coordinate_within_county
1811883,Carnegie Mellon University,PA,Pittsburgh city,-80.0025666,40.4406968,1.0,NSF|PA|PITTSBURGH,42003,Allegheny,source_coordinate_within_county
1760739,Arizona State University,AZ,Scottsdale city,-111.926018,33.4942189,1.0,NSF|AZ|SCOTTSDALE,04013,Maricopa,source_coordinate_within_county
2028065,Rand Corporation,CA,Santa Monica city,-118.491227,34.0194704,1.0,NSF|CA|SANTA MONICA,06037,Los Angeles,source_coordinate_within_county
1928684,Oregon State University,OR,Corvallis city,-123.2620435,44.5645659,1.0,NSF|OR|CORVALLIS,41003,Benton,source_coordinate_within_county
1838394,University of California-Los Angeles,CA,Los Angeles city,-118.242766,34.0536909,0.5,NSF|CA|LOS ANGELES,06037,Los Angeles,source_coordinate_within_county
1804166,University of California-Irvine,CA,Irvine city,-117.825981,33.6856969,1.0,NSF|CA|IRVINE,06059,Orange,source_coordinate_within_county
1759540,Texas A&M AgriLife Research,TX,College Station city,-96.3455991,30.6183939,0.5,NSF|TX|COLLEGE STATION,48041,Brazos,source_coordinate_within_county
1760726,Texas A&M University,TX,College Station city,-96.3455991,30.6183939,1.0,NSF|TX|COLLEGE STATION,48041,Brazos,source_coordinate_within_county
1760653,University of Utah,UT,Salt Lake City city,-111.886797,40.7596198,1.0,NSF|UT|SALT LAKE CITY,49035,Salt Lake,source_coordinate_within_county
1759996,Auburn University,AL,Auburn city,-85.4807825,32.6098566,1.0,NSF|AL|AUBURN,01081,Lee,source_coordinate_within_county
1739191,University of Minnesota-Twin Cities,MN,Minneapolis city,-93.2654692,44.9772995,1.0,NSF|MN|MINNEAPOLIS,27053,Hennepin,source_coordinate_within_county
1761461,University of Notre Dame,IN,Notre Dame CDP,-86.2373691,41.6992003,1.0,NSF|IN|NOTRE DAME,18141,St. Joseph,source_coordinate_within_county
1740075,University of Alaska Fairbanks Campus,AK,Fairbanks city,-147.716675,64.837845,1.0,NSF|AK|FAIRBANKS,02090,Fairbanks North Star,source_coordinate_within_county
1703229,Carnegie Mellon University,PA,Pittsburgh city,-80.0025666,40.4406968,1.0,NSF|PA|PITTSBURGH,42003,Allegheny,source_coordinate_within_county
1744004,Valparaiso University,IN,Valparaiso city,-87.0604487,41.4672552,1.0,NSF|IN|VALPARAISO,18127,Porter,source_coordinate_within_county
1745375,Johns Hopkins University,MD,Baltimore city,-76.610759,39.2908816,0.5,NSF|MD|BALTIMORE,24510,Baltimore,source_coordinate_within_county
1728813,National Academy of Sciences,DC,Washington city,-77.0363849,38.8950982,1.0,NSF|DC|WASHINGTON,11001,District of Columbia,source_coordinate_within_county
1705813,University of Connecticut,CT,Storrs CDP,-72.2495231,41.8084314,1.0,NSF|CT|STORRS,09110,Capitol,source_coordinate_within_county
1706358,Lehigh University,PA,Bethlehem city,-75.3786521,40.6178915,1.0,NSF|PA|BETHLEHEM,42095,Northampton,source_coordinate_within_county
1744006,Angelo State University,TX,San Angelo city,-100.4405094,31.4649685,1.0,NSF|TX|SAN ANGELO,48451,Tom Green,source_coordinate_within_county
1802319,University of Texas at Austin,TX,Austin city,-97.7436995,30.2711286,0.5,NSF|TX|AUSTIN,48453,Travis,source_coordinate_within_county
1748631,Georgia Tech Research Corporation,GA,Atlanta city,-84.3898151,33.7544657,1.0,NSF|GA|ATLANTA,13121,Fulton,source_coordinate_within_county
1742870,Orange County Water District,CA,Fountain Valley city,-117.9627349,33.7038145,1.0,NSF|CA|FOUNTAIN VALLEY,06059,Orange,source_coordinate_within_county
1661315,Oregon State University,OR,Corvallis city,-123.2620435,44.5645659,0.333333333333,NSF|OR|CORVALLIS,41003,Benton,source_coordinate_within_county
1742869,"University of Maryland, College Park",MD,College Park city,-76.9369189,38.980666,1.0,NSF|MD|COLLEGE PARK,24033,Prince George's,source_coordinate_within_county
1711546,Cornell University,NY,Ithaca city,-76.4968019,42.4396039,1.0,NSF|NY|ITHACA,36109,Tompkins,source_coordinate_within_county
1661015,University of Notre Dame,IN,Notre Dame CDP,-86.2373691,41.6992003,0.333333333333,NSF|IN|NOTRE DAME,18141,St. Joseph,source_coordinate_within_county
1745232,University of Pittsburgh,PA,Pittsburgh city,-80.0025666,40.4406968,1.0,NSF|PA|PITTSBURGH,42003,Allegheny,source_coordinate_within_county
1703412,Pennsylvania State Univ University Park,PA,College township,-77.8710571,40.8128971,1.0,NSF|PA|UNIVERSITY PARK,42027,Centre,source_coordinate_within_county
1710923,Southern Methodist University,TX,Dallas city,-96.7968559,32.7762719,1.0,NSF|TX|DALLAS,48113,Dallas,source_coordinate_within_county
1661052,University of Southern California,CA,Los Angeles city,-118.242766,34.0536909,0.333333333333,NSF|CA|LOS ANGELES,06037,Los Angeles,source_coordinate_within_county
1705901,San Diego State University Foundation,CA,San Diego city,-117.162772,32.7174202,1.0,NSF|CA|SAN DIEGO,06073,San Diego,source_coordinate_within_county
1706733,Virginia Polytechnic Institute and State University,VA,Blacksburg town,-80.4136767,37.2296566,1.0,NSF|VA|BLACKSBURG,51121,Montgomery,source_coordinate_within_county
1702445,Arizona State University,AZ,Scottsdale city,-111.926018,33.4942189,1.0,NSF|AZ|SCOTTSDALE,04013,Maricopa,source_coordinate_within_county
1732223,Clarkson University,NY,Potsdam village,-74.9813349,44.6697996,0.5,NSF|NY|POTSDAM,36089,St. Lawrence,source_coordinate_within_county
1732213,University of Connecticut,CT,Storrs CDP,-72.2495231,41.8084314,0.5,NSF|CT|STORRS,09110,Capitol,source_coordinate_within_county
1662485,Oregon State University,OR,Corvallis city,-123.2620435,44.5645659,1.0,NSF|OR|CORVALLIS,41003,Benton,source_coordinate_within_county
1661621,Purdue University,IN,West Lafayette city,-86.9080655,40.4258686,1.0,NSF|IN|WEST LAFAYETTE,18157,Tippecanoe,source_coordinate_within_county
1736102,Colorado School of Mines,CO,Golden city,-105.22058,39.7546349,1.0,NSF|CO|GOLDEN,08059,Jefferson,source_coordinate_within_county
1701512,Texas Tech University,TX,Lubbock city,-101.8470215,33.5855677,1.0,NSF|TX|LUBBOCK,48303,Lubbock,source_coordinate_within_county
1727594,Brigham Young University,UT,Provo city,-111.6587085,40.2337289,0.5,NSF|UT|PROVO,49049,Utah,source_coordinate_within_county
1709939,University of Miami,FL,Coral Gables city,-80.2585107,25.7331105,1.0,NSF|FL|CORAL GABLES,12086,Miami-Dade,source_coordinate_within_county
1743046,University of Minnesota-Twin Cities,MN,Minneapolis city,-93.2654692,44.9772995,1.0,NSF|MN|MINNEAPOLIS,27053,Hennepin,source_coordinate_within_county
1653931,University of California-Riverside,CA,Riverside city,-117.374238,33.9824949,1.0,NSF|CA|RIVERSIDE,06065,Riverside,source_coordinate_within_county
1727593,University of Colorado at Boulder,CO,Boulder city,-105.270545,40.0149856,0.5,NSF|CO|BOULDER,08013,Boulder,source_coordinate_within_county
1665279,Georgia Tech Research Corporation,GA,Atlanta city,-84.3898151,33.7544657,1.0,NSF|GA|ATLANTA,13121,Fulton,source_coordinate_within_county
1659468,Florida Atlantic University,FL,Boca Raton city,-80.0830984,26.3586885,1.0,NSF|FL|BOCA RATON,12099,Palm Beach,source_coordinate_within_county
1635881,Florida Atlantic University,FL,Boca Raton city,-80.0830984,26.3586885,1.0,NSF|FL|BOCA RATON,12099,Palm Beach,source_coordinate_within_county
1653706,University of Illinois at Urbana-Champaign,IL,Urbana city,-88.207301,40.1117174,0.5,NSF|IL|URBANA,17019,Champaign,source_coordinate_within_county
1653179,Clarkson University,NY,Potsdam village,-74.9813349,44.6697996,0.5,NSF|NY|POTSDAM,36089,St. Lawrence,source_coordinate_within_county
1707019,Texas A&M Engineering Experiment Station,TX,College Station city,-96.3455991,30.6183939,1.0,NSF|TX|COLLEGE STATION,48041,Brazos,source_coordinate_within_county
1708741,Duke University,NC,Durham city,-78.9018053,35.996653,1.0,NSF|NC|DURHAM,37063,Durham,source_coordinate_within_county
1657725,University of Utah,UT,Salt Lake City city,-111.886797,40.7596198,1.0,NSF|UT|SALT LAKE CITY,49035,Salt Lake,source_coordinate_within_county
1632019,Mississippi State University,MS,Mississippi State CDP,-88.7943232,33.4386876,1.0,NSF|MS|MISSISSIPPI STATE,28105,Oktibbeha,source_coordinate_within_county
1717457,University of Alabama Tuscaloosa,AL,Tuscaloosa city,-87.5675258,33.2095614,1.0,NSF|AL|TUSCALOOSA,01125,Tuscaloosa,source_coordinate_within_county
1643391,University of Houston,TX,Houston city,-95.3676974,29.7589382,1.0,NSF|TX|HOUSTON,48201,Harris,source_coordinate_within_county
1733695,Georgia Tech Research Corporation,GA,Atlanta city,-84.3898151,33.7544657,1.0,NSF|GA|ATLANTA,13121,Fulton,source_coordinate_within_county
1653054,Louisiana State University,LA,Baton Rouge city,-91.1869659,30.4494155,1.0,NSF|LA|BATON ROUGE,22033,East Baton Rouge,source_coordinate_within_county
1638317,University of North Texas,TX,Denton city,-97.1330431,33.215038,0.5,NSF|TX|DENTON,48121,Denton,source_coordinate_within_county
1638311,Purdue University,IN,West Lafayette city,-86.9080655,40.4258686,0.5,NSF|IN|WEST LAFAYETTE,18157,Tippecanoe,source_coordinate_within_county
1639429,North Carolina State University,NC,Raleigh city,-78.6390989,35.7803977,1.0,NSF|NC|RALEIGH,37183,Wake,source_coordinate_within_county
1830511,University of Delaware,DE,Newark city,-75.7515682,39.6828358,1.0,NSF|DE|NEWARK,10003,New Castle,source_coordinate_within_county
1805666,North Carolina State University,NC,Raleigh city,-78.6390989,35.7803977,1.0,NSF|NC|RALEIGH,37183,Wake,source_coordinate_within_county
1835864,University of Colorado at Boulder,CO,Boulder city,-105.270545,40.0149856,1.0,NSF|CO|BOULDER,08013,Boulder,source_coordinate_within_county
1835794,University of Arizona,AZ,Tucson city,-110.974847,32.2228765,0.142857142857,NSF|AZ|TUCSON,04019,Pima,source_coordinate_within_county
1835855,University of California-San Diego,CA,San Diego city,-117.2740777,32.8401623,0.142857142857,NSF|CA|LA JOLLA,06073,San Diego,source_coordinate_within_county
1835704,Boise State University,ID,Boise City city,-116.200886,43.6166163,0.142857142857,NSF|ID|BOISE,16001,Ada,source_coordinate_within_county
1835818,Consortium of Universities for the Advancement of Hydrologic Sci,MA,Arlington CDP,-71.1564428,42.4153739,0.142857142857,NSF|MA|ARLINGTON,25017,Middlesex,source_coordinate_within_county
1835569,Utah State University,UT,Logan city,-111.834914,41.7313063,0.142857142857,NSF|UT|LOGAN,49005,Cache,source_coordinate_within_county
1835903,Colorado School of Mines,CO,Golden city,-105.22058,39.7546349,0.142857142857,NSF|CO|GOLDEN,08059,Jefferson,source_coordinate_within_county
1735911,Oregon State University,OR,Corvallis city,-123.2620435,44.5645659,0.333333333333,NSF|OR|CORVALLIS,41003,Benton,source_coordinate_within_county
1628183,University of Colorado at Boulder,CO,Boulder city,-105.270545,40.0149856,1.0,NSF|CO|BOULDER,08013,Boulder,source_coordinate_within_county
1620451,Louisiana State University,LA,Baton Rouge city,-91.1869659,30.4494155,1.0,NSF|LA|BATON ROUGE,22033,East Baton Rouge,source_coordinate_within_county
1636533,Regents of the University of Idaho,ID,Moscow city,-117.000165,46.7323875,1.0,NSF|ID|MOSCOW,16057,Latah,source_coordinate_within_county
1617374,The University of Central Florida Board of Trustees,FL,Orlando city,-81.379045,28.5421218,1.0,NSF|FL|ORLANDO,12095,Orange,source_coordinate_within_county
1647248,Colorado State University,CO,Fort Collins city,-105.0770113,40.5871782,1.0,NSF|CO|FORT COLLINS,08069,Larimer,source_coordinate_within_county
1634140,University of Oregon Eugene,OR,Eugene city,-123.0950506,44.0505054,1.0,NSF|OR|EUGENE,41039,Lane,source_coordinate_within_county
1617396,Pennsylvania State Univ University Park,PA,College township,-77.8710571,40.8128971,1.0,NSF|PA|UNIVERSITY PARK,42027,Centre,source_coordinate_within_county
1663882,Cornell University,NY,Ithaca city,-76.4968019,42.4396039,1.0,NSF|NY|ITHACA,36109,Tompkins,source_coordinate_within_county
1626792,Stanford University,CA,Stanford CDP,-122.1702445,37.427467,1.0,NSF|CA|STANFORD,06085,Santa Clara,source_coordinate_within_county
1617463,University of Denver,CO,Denver city,-104.984862,39.7392364,1.0,NSF|CO|DENVER,08031,Denver,source_coordinate_within_county
1559126,University of Washington,WA,Seattle city,-122.330062,47.6038321,1.0,NSF|WA|SEATTLE,53033,King,source_coordinate_within_county
1560700,University of Louisville Research Foundation Inc,KY,Louisville city,-85.759407,38.2542376,1.0,NSF|KY|LOUISVILLE,21111,Jefferson,source_coordinate_within_county
1553875,"University of Maryland, College Park",MD,College Park city,-76.9369189,38.980666,1.0,NSF|MD|COLLEGE PARK,24033,Prince George's,source_coordinate_within_county
1560970,University of North Carolina at Chapel Hill,NC,Chapel Hill town,-79.05578,35.9131542,1.0,NSF|NC|CHAPEL HILL,37135,Orange,source_coordinate_within_county
1602813,Tulane University,LA,New Orleans city,-90.0733934,29.9561422,1.0,NSF|LA|NEW ORLEANS,22071,Orleans,source_coordinate_within_county
1553350,Princeton University,NJ,Princeton,-74.6597376,40.3496953,1.0,NSF|NJ|PRINCETON,34021,Mercer,source_coordinate_within_county
1636754,Regents of the University of Michigan - Ann Arbor,MI,Ann Arbor city,-83.7484616,42.2813722,1.0,NSF|MI|ANN ARBOR,26161,Washtenaw,source_coordinate_within_county
1561093,San Diego State University Foundation,CA,San Diego city,-117.162772,32.7174202,1.0,NSF|CA|SAN DIEGO,06073,San Diego,source_coordinate_within_county
1558929,University of Georgia Research Foundation Inc,GA,Athens-Clarke County unified government (balance),-83.376398,33.9597677,0.5,NSF|GA|ATHENS,13059,Clarke,source_coordinate_within_county
1602248,Cornell University,NY,Ithaca city,-76.4968019,42.4396039,1.0,NSF|NY|ITHACA,36109,Tompkins,source_coordinate_within_county
1558930,Appalachian State University,NC,Boone town,-81.684004,36.2187873,0.5,NSF|NC|BOONE,37189,Watauga,source_coordinate_within_county
1560015,The University of Central Florida Board of Trustees,FL,Orlando city,-81.379045,28.5421218,1.0,NSF|FL|ORLANDO,12095,Orange,source_coordinate_within_county
1534976,University of California-Santa Barbara,CA,Santa Barbara city,-119.702667,34.4221319,1.0,NSF|CA|SANTA BARBARA,06083,Santa Barbara,source_coordinate_within_county
1722472,Akabotics LLC,HI,Kapaau CDP,-155.798784,20.2307269,1.0,NSF|HI|KAPAAU,15001,Hawaii,source_coordinate_within_county
1660247,"PAX Scientific, Inc.",CA,Richmond city,-122.347748,37.9357576,1.0,NSF|CA|RICHMOND,06013,Contra Costa,source_coordinate_within_county
1648756,Potsdam Sensors LLC,NY,Potsdam village,-74.9813349,44.6697996,1.0,NSF|NY|POTSDAM,36089,St. Lawrence,source_coordinate_within_county
1829867,Florida State University,FL,Tallahassee city,-84.2809332,30.4380832,0.5,NSF|FL|TALLAHASSEE,12073,Leon,source_coordinate_within_county
1744602,University of Alaska Fairbanks Campus,AK,Fairbanks city,-147.716675,64.837845,0.5,NSF|AK|FAIRBANKS,02090,Fairbanks North Star,source_coordinate_within_county
1829817,University of California-San Diego Scripps Inst of Oceanography,CA,San Diego city,-117.2740777,32.8401623,1.0,NSF|CA|LA JOLLA,06073,San Diego,source_coordinate_within_county
1744584,Texas A&M University,TX,College Station city,-96.3455991,30.6183939,0.5,NSF|TX|COLLEGE STATION,48041,Brazos,source_coordinate_within_county
1837544,SUNY at Buffalo,NY,Amherst town,-78.7997616,42.9783924,1.0,NSF|NY|AMHERST,36029,Erie,source_coordinate_within_county
1829898,"The University Corporation, Northridge",CA,Los Angeles city,-118.5369316,34.2345615,0.5,NSF|CA|NORTHRIDGE,06037,Los Angeles,source_coordinate_within_county
1745508,University of Alaska Anchorage Campus,AK,Anchorage municipality,-149.894852,61.2163129,1.0,NSF|AK|ANCHORAGE,02020,Anchorage,source_coordinate_within_county
1752600,University of California-Santa Cruz,CA,Santa Cruz city,-122.0294673,36.9743626,1.0,NSF|CA|SANTA CRUZ,06087,Santa Cruz,source_coordinate_within_county
1934712,University of Connecticut,CT,Storrs CDP,-72.2495231,41.8084314,0.25,NSF|CT|STORRS,09110,Capitol,source_coordinate_within_county
1934790,University of Arizona,AZ,Tucson city,-110.974847,32.2228765,0.25,NSF|AZ|TUCSON,04019,Pima,source_coordinate_within_county
1934759,Arizona State University,AZ,Scottsdale city,-111.926018,33.4942189,0.25,NSF|AZ|SCOTTSDALE,04013,Maricopa,source_coordinate_within_county
1934389,"University of Maryland, College Park",MD,College Park city,-76.9369189,38.980666,0.25,NSF|MD|COLLEGE PARK,24033,Prince George's,source_coordinate_within_county
1915756,Stevens Institute of Technology,NJ,Hoboken city,-74.0323752,40.7433066,0.5,NSF|NJ|HOBOKEN,34017,Hudson,source_coordinate_within_county
1712176,North Carolina State University,NC,Raleigh city,-78.6390989,35.7803977,0.5,NSF|NC|RALEIGH,37183,Wake,source_coordinate_within_county
1712345,University of North Carolina at Chapel Hill,NC,Chapel Hill town,-79.05578,35.9131542,0.5,NSF|NC|CHAPEL HILL,37135,Orange,source_coordinate_within_county
1622985,Harvard University,MA,Cambridge city,-71.1040018,42.3656347,0.333333333333,NSF|MA|CAMBRIDGE,25017,Middlesex,source_coordinate_within_county
1623218,Massachusetts Institute of Technology,MA,Cambridge city,-71.1040018,42.3656347,0.333333333333,NSF|MA|CAMBRIDGE,25017,Middlesex,source_coordinate_within_county
1623064,University of Chicago,IL,Chicago city,-87.6244212,41.8755616,0.333333333333,NSF|IL|CHICAGO,17031,Cook,source_coordinate_within_county
1601565,Yale University,CT,New Haven city,-72.9250518,41.3082138,1.0,NSF|CT|NEW HAVEN,09170,South Central Connecticut,source_coordinate_within_county
1600149,San Diego State University Foundation,CA,San Diego city,-117.162772,32.7174202,0.25,NSF|CA|SAN DIEGO,06073,San Diego,source_coordinate_within_county
1603120,University of Alaska Fairbanks Campus,AK,Fairbanks city,-147.716675,64.837845,0.25,NSF|AK|FAIRBANKS,02090,Fairbanks North Star,source_coordinate_within_county
1637630,Marine Biological Laboratory,MA,Woods Hole CDP,-70.6694015,41.5238752,1.0,NSF|MA|WOODS HOLE,25001,Barnstable,source_coordinate_within_county
1634582,University of Delaware,DE,Newark city,-75.7515682,39.6828358,0.5,NSF|DE|NEWARK,10003,New Castle,source_coordinate_within_county
1600283,University of California-San Diego Scripps Inst of Oceanography,CA,San Diego city,-117.2740777,32.8401623,0.25,NSF|CA|LA JOLLA,06073,San Diego,source_coordinate_within_county
1638289,University of Mississippi,MS,University CDP,-89.5350279,34.3653692,0.5,NSF|MS|UNIVERSITY,28071,Lafayette,source_coordinate_within_county
1634520,Rutgers University New Brunswick,NJ,New Brunswick city,-74.4436416,40.4936119,0.5,NSF|NJ|NEW BRUNSWICK,34023,Middlesex,source_coordinate_within_county
1638958,Michigan State University,MI,East Lansing city,-84.4721678,42.7320307,0.333333333333,NSF|MI|EAST LANSING,26065,Ingham,source_coordinate_within_county
1638296,University of New Hampshire,NH,Durham CDP,-70.9177186,43.1214141,0.5,NSF|NH|DURHAM,33017,Strafford,source_coordinate_within_county
1600267,University of California-San Diego,CA,San Diego city,-117.2740777,32.8401623,0.25,NSF|CA|LA JOLLA,06073,San Diego,source_coordinate_within_county
1603321,University of Rhode Island,RI,Kingston CDP,-71.5227103,41.4801166,0.25,NSF|RI|KINGSTON,44009,Washington,source_coordinate_within_county
1643217,Harvard University,MA,Cambridge city,-71.1040018,42.3656347,1.0,NSF|MA|CAMBRIDGE,25017,Middlesex,source_coordinate_within_county
1603361,Dartmouth College,NH,Hanover CDP,-72.2892164,43.7023545,0.5,NSF|NH|HANOVER,33009,Grafton,source_coordinate_within_county
1603941,Woods Hole Oceanographic Institution,MA,Woods Hole CDP,-70.6694015,41.5238752,0.25,NSF|MA|WOODS HOLE,25001,Barnstable,source_coordinate_within_county
1603259,University of Washington,WA,Seattle city,-122.330062,47.6038321,0.25,NSF|WA|SEATTLE,53033,King,source_coordinate_within_county
1602889,Colorado State University,CO,Fort Collins city,-105.0770113,40.5871782,0.5,NSF|CO|FORT COLLINS,08069,Larimer,source_coordinate_within_county
1635315,University of California-Santa Cruz,CA,Santa Cruz city,-122.0294673,36.9743626,1.0,NSF|CA|SANTA CRUZ,06087,Santa Cruz,source_coordinate_within_county
1566200,Northeastern University,MA,Boston city,-71.0578303,42.3588336,0.333333333333,NSF|MA|BOSTON,25025,Suffolk,source_coordinate_within_county
1635950,University of North Carolina at Chapel Hill,NC,Chapel Hill town,-79.05578,35.9131542,1.0,NSF|NC|CHAPEL HILL,37135,Orange,source_coordinate_within_county
1617844,Rutgers University New Brunswick,NJ,New Brunswick city,-74.4436416,40.4936119,1.0,NSF|NJ|NEW BRUNSWICK,34023,Middlesex,source_coordinate_within_county
1566562,University of South Florida,FL,Tampa city,-82.4583107,27.9449854,0.333333333333,NSF|FL|TAMPA,12057,Hillsborough,source_coordinate_within_county
1661683,University of Texas at Austin,TX,Austin city,-97.7436995,30.2711286,0.5,NSF|TX|AUSTIN,48453,Travis,source_coordinate_within_county
1635915,"University of Maryland, College Park",MD,College Park city,-76.9369189,38.980666,0.5,NSF|MD|COLLEGE PARK,24033,Prince George's,source_coordinate_within_county
1654903,Aleut International Association,AK,Anchorage municipality,-149.894852,61.2163129,1.0,NSF|AK|ANCHORAGE,02020,Anchorage,source_coordinate_within_county
1661723,Northern Arizona University,AZ,Flagstaff city,-111.651822,35.1987522,0.5,NSF|AZ|FLAGSTAFF,04005,Coconino,source_coordinate_within_county
1635837,The University of Central Florida Board of Trustees,FL,Orlando city,-81.379045,28.5421218,0.5,NSF|FL|ORLANDO,12095,Orange,source_coordinate_within_county
1635716,University of Alaska Fairbanks Campus,AK,Fairbanks city,-147.716675,64.837845,1.0,NSF|AK|FAIRBANKS,02090,Fairbanks North Star,source_coordinate_within_county
1522836,University of Alaska Fairbanks Campus,AK,Fairbanks city,-147.716675,64.837845,0.5,NSF|AK|FAIRBANKS,02090,Fairbanks North Star,source_coordinate_within_county
1522876,Texas A&M University,TX,College Station city,-96.3455991,30.6183939,0.5,NSF|TX|COLLEGE STATION,48041,Brazos,source_coordinate_within_county
1602680,University of Texas at Austin,TX,Austin city,-97.7436995,30.2711286,0.333333333333,NSF|TX|AUSTIN,48453,Travis,source_coordinate_within_county
1721611,Duke University,NC,Durham city,-78.9018053,35.996653,0.25,NSF|NC|DURHAM,37063,Durham,source_coordinate_within_county
1632333,University of Mississippi,MS,University CDP,-89.5350279,34.3653692,0.5,NSF|MS|UNIVERSITY,28071,Lafayette,source_coordinate_within_county
1645868,Alaska Institute for Justice,AK,Anchorage municipality,-149.894852,61.2163129,1.0,NSF|AK|ANCHORAGE,02020,Anchorage,source_coordinate_within_county
1603473,Columbia University,NY,New York city,-74.0060152,40.7127281,1.0,NSF|NY|NEW YORK,36061,New York,source_coordinate_within_county
1602879,University of New Hampshire,NH,Durham CDP,-70.9177186,43.1214141,0.333333333333,NSF|NH|DURHAM,33017,Strafford,source_coordinate_within_county
1663108,"OHIO STATE UNIVERSITY, THE",OH,Columbus city,-83.0007065,39.9622601,1.0,NSF|OH|COLUMBUS,39049,Franklin,source_coordinate_within_county
1634319,Oregon State University,OR,Corvallis city,-123.2620435,44.5645659,1.0,NSF|OR|CORVALLIS,41003,Benton,source_coordinate_within_county
1625317,Maguffin Scott,OR,Eugene city,-123.0950506,44.0505054,1.0,NSF|OR|EUGENE,41039,Lane,source_coordinate_within_county
1636052,Louisiana State University,LA,Baton Rouge city,-91.1869659,30.4494155,0.5,NSF|LA|BATON ROUGE,22033,East Baton Rouge,source_coordinate_within_county
1603253,"Woodwell Climate Research Center, Inc.",MA,Falmouth CDP,-70.6147519,41.5514979,0.5,NSF|MA|FALMOUTH,25001,Barnstable,source_coordinate_within_county
1602615,"Woodwell Climate Research Center, Inc.",MA,Falmouth CDP,-70.6147519,41.5514979,0.333333333333,NSF|MA|FALMOUTH,25001,Barnstable,source_coordinate_within_county
1634996,Georgia Tech Research Corporation,GA,Atlanta city,-84.3898151,33.7544657,1.0,NSF|GA|ATLANTA,13121,Fulton,source_coordinate_within_county
1637396,University of California-Santa Barbara,CA,Santa Barbara city,-119.702667,34.4221319,1.0,NSF|CA|SANTA BARBARA,06083,Santa Barbara,source_coordinate_within_county
1635151,University of Delaware,DE,Newark city,-75.7515682,39.6828358,1.0,NSF|DE|NEWARK,10003,New Castle,source_coordinate_within_county
1634871,University of Rochester,NY,Rochester city,-77.615214,43.157285,1.0,NSF|NY|ROCHESTER,36055,Monroe,source_coordinate_within_county
1543511,University Corporation For Atmospheric Res,CO,Boulder city,-105.270545,40.0149856,0.5,NSF|CO|BOULDER,08013,Boulder,source_coordinate_within_county
1543457,University of Colorado at Boulder,CO,Boulder city,-105.270545,40.0149856,0.5,NSF|CO|BOULDER,08013,Boulder,source_coordinate_within_county
1603466,University of Rhode Island,RI,Kingston CDP,-71.5227103,41.4801166,0.25,NSF|RI|KINGSTON,44009,Washington,source_coordinate_within_county
1602781,Dartmouth College,NH,Hanover CDP,-72.2892164,43.7023545,0.2,NSF|NH|HANOVER,33009,Grafton,source_coordinate_within_county
1602654,Woods Hole Oceanographic Institution,MA,Woods Hole CDP,-70.6694015,41.5238752,0.5,NSF|MA|WOODS HOLE,25001,Barnstable,source_coordinate_within_county
1602926,Woods Hole Oceanographic Institution,MA,Woods Hole CDP,-70.6694015,41.5238752,1.0,NSF|MA|WOODS HOLE,25001,Barnstable,source_coordinate_within_county
1604047,Woods Hole Oceanographic Institution,MA,Woods Hole CDP,-70.6694015,41.5238752,0.25,NSF|MA|WOODS HOLE,25001,Barnstable,source_coordinate_within_county
1635403,Old Dominion University Research Foundation,VA,Norfolk city,-76.2899539,36.8493695,0.5,NSF|VA|NORFOLK,51710,Norfolk,source_coordinate_within_county
1637632,University of California-San Diego Scripps Inst of Oceanography,CA,San Diego city,-117.2740777,32.8401623,1.0,NSF|CA|LA JOLLA,06073,San Diego,source_coordinate_within_county
1603172,Bigelow Laboratory for Ocean Sciences,ME,Boothbay town,-69.5849926,43.8639881,0.2,NSF|ME|EAST BOOTHBAY,23015,Lincoln,source_coordinate_within_county
1701225,Colorado State University,CO,Fort Collins city,-105.0770113,40.5871782,1.0,NSF|CO|FORT COLLINS,08069,Larimer,source_coordinate_within_county
1602883,Florida State University,FL,Tallahassee city,-84.2809332,30.4380832,0.2,NSF|FL|TALLAHASSEE,12073,Leon,source_coordinate_within_county
1602985,University of Washington,WA,Seattle city,-122.330062,47.6038321,0.25,NSF|WA|SEATTLE,53033,King,source_coordinate_within_county
1602946,Monterey Bay Aquarium Research Institute,CA,Moss Landing CDP,-121.786581,36.7988827,0.2,NSF|CA|MOSS LANDING,06053,Monterey,source_coordinate_within_county
1633951,Woods Hole Oceanographic Institution,MA,Woods Hole CDP,-70.6694015,41.5238752,0.5,NSF|MA|WOODS HOLE,25001,Barnstable,source_coordinate_within_county
1603566,University of Maryland Center for Environmental Sciences,MD,Cambridge city,-76.077268,38.5700533,0.25,NSF|MD|CAMBRIDGE,24019,Dorchester,source_coordinate_within_county
1636191,University of California-Davis,CA,Davis city,-121.739005,38.5435526,1.0,NSF|CA|DAVIS,06113,Yolo,source_coordinate_within_county
1602716,University of Alaska Fairbanks Campus,AK,Fairbanks city,-147.716675,64.837845,0.2,NSF|AK|FAIRBANKS,02090,Fairbanks North Star,source_coordinate_within_county
1603116,University of Alaska Fairbanks Campus,AK,Fairbanks city,-147.716675,64.837845,0.5,NSF|AK|FAIRBANKS,02090,Fairbanks North Star,source_coordinate_within_county
1602521,University of Washington,WA,Seattle city,-122.330062,47.6038321,0.5,NSF|WA|SEATTLE,53033,King,source_coordinate_within_county
1603350,Columbia University,NY,New York city,-74.0060152,40.7127281,1.0,NSF|NY|NEW YORK,36061,New York,source_coordinate_within_county
1603548,Old Dominion University Research Foundation,VA,Norfolk city,-76.2899539,36.8493695,0.5,NSF|VA|NORFOLK,51710,Norfolk,source_coordinate_within_county
1603903,University of Texas at Austin,TX,Austin city,-97.7436995,30.2711286,0.5,NSF|TX|AUSTIN,48453,Travis,source_coordinate_within_county
1603660,Woods Hole Oceanographic Institution,MA,Woods Hole CDP,-70.6694015,41.5238752,0.5,NSF|MA|WOODS HOLE,25001,Barnstable,source_coordinate_within_county
1603799,University of Alaska Fairbanks Campus,AK,Fairbanks city,-147.716675,64.837845,1.0,NSF|AK|FAIRBANKS,02090,Fairbanks North Star,source_coordinate_within_county
1647173,University of California-Los Angeles,CA,Los Angeles city,-118.242766,34.0536909,1.0,NSF|CA|LOS ANGELES,06037,Los Angeles,source_coordinate_within_county
1562055,Indiana University,IN,Bloomington city,-86.5342881,39.1670396,0.333333333333,NSF|IN|BLOOMINGTON,18105,Monroe,source_coordinate_within_county
1562019,University of Virginia Main Campus,VA,Charlottesville city,-78.4766781,38.029306,1.0,NSF|VA|CHARLOTTESVILLE,51540,Charlottesville,source_coordinate_within_county
1609027,Kent State University,OH,Kent city,-81.3578047,41.1513108,1.0,NSF|OH|KENT,39133,Portage,source_coordinate_within_county
1561473,Rider University,NJ,Lawrenceville CDP,-74.7296049,40.2973299,0.333333333333,NSF|NJ|LAWRENCEVILLE,34021,Mercer,source_coordinate_within_county
1562127,University of New Hampshire,NH,Durham CDP,-70.9177186,43.1214141,0.333333333333,NSF|NH|DURHAM,33017,Strafford,source_coordinate_within_county
1638510,University of Delaware,DE,Newark city,-75.7515682,39.6828358,1.0,NSF|DE|NEWARK,10003,New Castle,source_coordinate_within_county
1564565,University of Delaware,DE,Newark city,-75.7515682,39.6828358,1.0,NSF|DE|NEWARK,10003,New Castle,source_coordinate_within_county
1554894,Indiana University,IN,Bloomington city,-86.5342881,39.1670396,1.0,NSF|IN|BLOOMINGTON,18105,Monroe,source_coordinate_within_county
1638898,University of Washington,WA,Seattle city,-122.330062,47.6038321,0.166666666667,NSF|WA|SEATTLE,53033,King,source_coordinate_within_county
1638979,Virginia Polytechnic Institute and State University,VA,Blacksburg town,-80.4136767,37.2296566,1.0,NSF|VA|BLACKSBURG,51121,Montgomery,source_coordinate_within_county
1547899,Portland State University,OR,Portland city,-122.674194,45.5202471,0.5,NSF|OR|PORTLAND,41051,Multnomah,source_coordinate_within_county
1639643,Columbia University,NY,New York city,-74.0060152,40.7127281,0.166666666667,NSF|NY|NEW YORK,36061,New York,source_coordinate_within_county
1547912,University of California-Los Angeles,CA,Los Angeles city,-118.242766,34.0536909,0.5,NSF|CA|LOS ANGELES,06037,Los Angeles,source_coordinate_within_county
1639010,Central Washington University,WA,Ellensburg city,-120.545122,46.9970635,0.166666666667,NSF|WA|ELLENSBURG,53037,Kittitas,source_coordinate_within_county
1638931,Cornell University,NY,Ithaca city,-76.4968019,42.4396039,0.166666666667,NSF|NY|ITHACA,36109,Tompkins,source_coordinate_within_county
1638434,University of Texas at Austin,TX,Austin city,-97.7436995,30.2711286,0.166666666667,NSF|TX|AUSTIN,48453,Travis,source_coordinate_within_county
1559862,Central Washington University,WA,Ellensburg city,-120.545122,46.9970635,1.0,NSF|WA|ELLENSBURG,53037,Kittitas,source_coordinate_within_county
1545675,Colorado State University,CO,Fort Collins city,-105.0770113,40.5871782,1.0,NSF|CO|FORT COLLINS,08069,Larimer,source_coordinate_within_county
1638481,University of Maryland Center for Environmental Sciences,MD,Cambridge city,-76.077268,38.5700533,1.0,NSF|MD|CAMBRIDGE,24019,Dorchester,source_coordinate_within_county
1559550,Oregon State University,OR,Corvallis city,-123.2620435,44.5645659,1.0,NSF|OR|CORVALLIS,41003,Benton,source_coordinate_within_county
1559004,University of Southern California,CA,Los Angeles city,-118.242766,34.0536909,0.5,NSF|CA|LOS ANGELES,06037,Los Angeles,source_coordinate_within_county
1559215,California Institute of Technology,CA,Pasadena city,-118.144155,34.1476507,0.5,NSF|CA|PASADENA,06037,Los Angeles,source_coordinate_within_county
1558225,University of Colorado at Boulder,CO,Boulder city,-105.270545,40.0149856,0.333333333333,NSF|CO|BOULDER,08013,Boulder,source_coordinate_within_county
1542930,Purdue University,IN,West Lafayette city,-86.9080655,40.4258686,1.0,NSF|IN|WEST LAFAYETTE,18157,Tippecanoe,source_coordinate_within_county
1557353,University of Wisconsin-Madison,WI,Madison city,-89.3841663,43.07469,1.0,NSF|WI|MADISON,55025,Dane,source_coordinate_within_county
1504410,University of Montana,MT,Missoula city,-113.995267,46.8701049,1.0,NSF|MT|MISSOULA,30063,Missoula,source_coordinate_within_county
1553715,University of Washington,WA,Seattle city,-122.330062,47.6038321,1.0,NSF|WA|SEATTLE,53033,King,source_coordinate_within_county
1558258,University of Wisconsin-Madison,WI,Madison city,-89.3841663,43.07469,0.333333333333,NSF|WI|MADISON,55025,Dane,source_coordinate_within_county
1503912,University of Alaska Fairbanks Campus,AK,Fairbanks city,-147.716675,64.837845,0.333333333333,NSF|AK|FAIRBANKS,02090,Fairbanks North Star,source_coordinate_within_county
1504006,Regents of the University of Michigan - Ann Arbor,MI,Ann Arbor city,-83.7484616,42.2813722,0.333333333333,NSF|MI|ANN ARBOR,26161,Washtenaw,source_coordinate_within_county
1623025,University Corporation For Atmospheric Res,CO,Boulder city,-105.270545,40.0149856,1.0,NSF|CO|BOULDER,08013,Boulder,source_coordinate_within_county
1630474,University of San Diego,CA,San Diego city,-117.162772,32.7174202,1.0,NSF|CA|SAN DIEGO,06073,San Diego,source_coordinate_within_county
1503781,Marine Biological Laboratory,MA,Woods Hole CDP,-70.6694015,41.5238752,0.333333333333,NSF|MA|WOODS HOLE,25001,Barnstable,source_coordinate_within_county
1503672,University of Washington,WA,Seattle city,-122.330062,47.6038321,1.0,NSF|WA|SEATTLE,53033,King,source_coordinate_within_county
1558868,Smithsonian Institution,DC,Washington city,-77.0363849,38.8950982,1.0,NSF|DC|WASHINGTON,11001,District of Columbia,source_coordinate_within_county
1619697,University of California-Santa Barbara,CA,Santa Barbara city,-119.702667,34.4221319,1.0,NSF|CA|SANTA BARBARA,06083,Santa Barbara,source_coordinate_within_county
1543268,University of California-Los Angeles,CA,Los Angeles city,-118.242766,34.0536909,1.0,NSF|CA|LOS ANGELES,06037,Los Angeles,source_coordinate_within_county
1547752,Colorado State University,CO,Fort Collins city,-105.0770113,40.5871782,0.5,NSF|CO|FORT COLLINS,08069,Larimer,source_coordinate_within_county
1547903,University of Miami,FL,Coral Gables city,-80.2585107,25.7331105,0.5,NSF|FL|CORAL GABLES,12086,Miami-Dade,source_coordinate_within_county
1558823,Farallon Institute for Advanced Ecosystem Research,CA,Petaluma city,-122.636465,38.2325829,0.25,NSF|CA|PETALUMA,06097,Sonoma,source_coordinate_within_county
1558648,Oregon State University,OR,Corvallis city,-123.2620435,44.5645659,0.25,NSF|OR|CORVALLIS,41003,Benton,source_coordinate_within_county
1558787,University of South Carolina at Columbia,SC,Columbia city,-81.0352313,34.000754,0.25,NSF|SC|COLUMBIA,45079,Richland,source_coordinate_within_county
1500187,Colorado State University,CO,Fort Collins city,-105.0770113,40.5871782,1.0,NSF|CO|FORT COLLINS,08069,Larimer,source_coordinate_within_county
1619893,"The University Corporation, Northridge",CA,Los Angeles city,-118.5369316,34.2345615,1.0,NSF|CA|NORTHRIDGE,06037,Los Angeles,source_coordinate_within_county
1536506,Texas A&M University,TX,College Station city,-96.3455991,30.6183939,1.0,NSF|TX|COLLEGE STATION,48041,Brazos,source_coordinate_within_county
2205596,Woods Hole Oceanographic Institution,MA,Woods Hole CDP,-70.6694015,41.5238752,1.0,NSF|MA|WOODS HOLE,25001,Barnstable,source_coordinate_within_county
2205604,University of California-Santa Barbara,CA,Santa Barbara city,-119.702667,34.4221319,1.0,NSF|CA|SANTA BARBARA,06083,Santa Barbara,source_coordinate_within_county
2302106,Utah State University,UT,Logan city,-111.834914,41.7313063,0.333333333333,NSF|UT|LOGAN,49005,Cache,source_coordinate_within_county
2307830,University of Colorado at Boulder,CO,Boulder city,-105.270545,40.0149856,1.0,NSF|CO|BOULDER,08013,Boulder,source_coordinate_within_county
2302107,University of Colorado at Denver-Downtown Campus,CO,Denver city,-104.984862,39.7392364,0.333333333333,NSF|CO|DENVER,08031,Denver,source_coordinate_within_county
2302105,South Dakota State University,SD,Brookings city,-96.79844,44.311461,0.333333333333,NSF|SD|BROOKINGS,46011,Brookings,source_coordinate_within_county
2325430,University of Washington,WA,Seattle city,-122.330062,47.6038321,0.25,NSF|WA|SEATTLE,53033,King,source_coordinate_within_county
2232922,University of Alaska Fairbanks Campus,AK,Fairbanks city,-147.716675,64.837845,1.0,NSF|AK|FAIRBANKS,02090,Fairbanks North Star,source_coordinate_within_county
2219243,University of Rhode Island,RI,Kingston CDP,-71.5227103,41.4801166,1.0,NSF|RI|KINGSTON,44009,Washington,source_coordinate_within_county
2225982,Pennsylvania State Univ University Park,PA,College township,-77.8710571,40.8128971,0.5,NSF|PA|UNIVERSITY PARK,42027,Centre,source_coordinate_within_county
2306046,Brown University,RI,Providence city,-71.4128343,41.8239891,0.5,NSF|RI|PROVIDENCE,44007,Providence,source_coordinate_within_county
2319109,Morgan State University,MD,Baltimore city,-76.610759,39.2908816,0.5,NSF|MD|BALTIMORE,24510,Baltimore,source_coordinate_within_county
2306067,Northern Arizona University,AZ,Flagstaff city,-111.651822,35.1987522,0.333333333333,NSF|AZ|FLAGSTAFF,04005,Coconino,source_coordinate_within_county
2225395,University of Texas at El Paso,TX,El Paso city,-106.4870476,31.7601001,1.0,NSF|TX|EL PASO,48141,El Paso,source_coordinate_within_county
2223911,University of New Mexico,NM,Albuquerque city,-106.650985,35.0841034,1.0,NSF|NM|ALBUQUERQUE,35001,Bernalillo,source_coordinate_within_county
2216455,University of Kansas Center for Research Inc,KS,Lawrence city,-95.2359403,38.9719137,1.0,NSF|KS|LAWRENCE,20045,Douglas,source_coordinate_within_county
2233187,University of Colorado at Boulder,CO,Boulder city,-105.270545,40.0149856,1.0,NSF|CO|BOULDER,08013,Boulder,source_coordinate_within_county
2153779,University of Alaska Fairbanks Campus,AK,Fairbanks city,-147.716675,64.837845,0.5,NSF|AK|FAIRBANKS,02090,Fairbanks North Star,source_coordinate_within_county
2235138,Florida International University,FL,Miami city,-80.1935973,25.7741566,1.0,NSF|FL|MIAMI,12086,Miami-Dade,source_coordinate_within_county
2223141,Woods Hole Oceanographic Institution,MA,Woods Hole CDP,-70.6694015,41.5238752,1.0,NSF|MA|WOODS HOLE,25001,Barnstable,source_coordinate_within_county
2204138,"Stansfield, Alyssa M",NY,Stony Brook CDP,-73.140943,40.9256538,1.0,NSF|NY|STONY BROOK,36103,Suffolk,source_coordinate_within_county
2153778,Oregon State University,OR,Corvallis city,-123.2620435,44.5645659,0.5,NSF|OR|CORVALLIS,41003,Benton,source_coordinate_within_county
2203516,Northern Illinois University,IL,DeKalb city,-88.7501925,41.9298644,1.0,NSF|IL|DEKALB,17037,DeKalb,source_coordinate_within_county
2224973,Georgia Tech Research Corporation,GA,Atlanta city,-84.3898151,33.7544657,1.0,NSF|GA|ATLANTA,13121,Fulton,source_coordinate_within_county
2146704,Universities Space Research Association,DC,Washington city,-77.0363849,38.8950982,0.5,NSF|DC|WASHINGTON,11001,District of Columbia,source_coordinate_within_county
2224841,Virginia Polytechnic Institute and State University,VA,Blacksburg town,-80.4136767,37.2296566,1.0,NSF|VA|BLACKSBURG,51121,Montgomery,source_coordinate_within_county
2205637,University of California-Santa Cruz,CA,Santa Cruz city,-122.0294673,36.9743626,1.0,NSF|CA|SANTA CRUZ,06087,Santa Cruz,source_coordinate_within_county
2211691,Woods Hole Oceanographic Institution,MA,Woods Hole CDP,-70.6694015,41.5238752,1.0,NSF|MA|WOODS HOLE,25001,Barnstable,source_coordinate_within_county
2210200,University of Texas at Austin,TX,Austin city,-97.7436995,30.2711286,0.333333333333,NSF|TX|AUSTIN,48453,Travis,source_coordinate_within_county
2210201,Bigelow Laboratory for Ocean Sciences,ME,Boothbay town,-69.5849926,43.8639881,0.333333333333,NSF|ME|EAST BOOTHBAY,23015,Lincoln,source_coordinate_within_county
2210202,University of Hawaii,HI,Urban Honolulu CDP,-157.855676,21.304547,0.333333333333,NSF|HI|HONOLULU,15003,Honolulu,source_coordinate_within_county
2240912,Oregon State University,OR,Corvallis city,-123.2620435,44.5645659,0.25,NSF|OR|CORVALLIS,41003,Benton,source_coordinate_within_county
2226224,University of Maryland Center for Environmental Sciences,MD,Cambridge city,-76.077268,38.5700533,0.5,NSF|MD|CAMBRIDGE,24019,Dorchester,source_coordinate_within_county
2142967,University of Notre Dame,IN,Notre Dame CDP,-86.2373691,41.6992003,1.0,NSF|IN|NOTRE DAME,18141,St. Joseph,source_coordinate_within_county
2226223,"University of Maryland, College Park",MD,College Park city,-76.9369189,38.980666,0.5,NSF|MD|COLLEGE PARK,24033,Prince George's,source_coordinate_within_county
2138893,University of Massachusetts Amherst,MA,Amherst Town city,-72.5198761,42.3731948,1.0,NSF|MA|AMHERST,25015,Hampshire,source_coordinate_within_county
2146640,Brown University,RI,Providence city,-71.4128343,41.8239891,1.0,NSF|RI|PROVIDENCE,44007,Providence,source_coordinate_within_county
2114748,Dartmouth College,NH,Hanover CDP,-72.2892164,43.7023545,1.0,NSF|NH|HANOVER,33009,Grafton,source_coordinate_within_county
2114781,North Carolina State University,NC,Raleigh city,-78.6390989,35.7803977,1.0,NSF|NC|RALEIGH,37183,Wake,source_coordinate_within_county
2224177,Gordon Research Conferences,RI,East Greenwich town,-71.4558911,41.6603788,1.0,NSF|RI|EAST GREENWICH,44003,Kent,source_coordinate_within_county
2232247,University of North Carolina at Chapel Hill,NC,Chapel Hill town,-79.05578,35.9131542,0.333333333333,NSF|NC|CHAPEL HILL,37135,Orange,source_coordinate_within_county
2202875,Florida State University,FL,Tallahassee city,-84.2809332,30.4380832,1.0,NSF|FL|TALLAHASSEE,12073,Leon,source_coordinate_within_county
2128592,University of North Carolina at Chapel Hill,NC,Chapel Hill town,-79.05578,35.9131542,1.0,NSF|NC|CHAPEL HILL,37135,Orange,source_coordinate_within_county
2138318,University Corporation For Atmospheric Res,CO,Boulder city,-105.270545,40.0149856,1.0,NSF|CO|BOULDER,08013,Boulder,source_coordinate_within_county
2148507,Atmospheric and Environmental Research Inc,MA,Lexington CDP,-71.2245003,42.4473175,1.0,NSF|MA|LEXINGTON,25017,Middlesex,source_coordinate_within_county
2219078,Morgan State University,MD,Baltimore city,-76.610759,39.2908816,0.5,NSF|MD|BALTIMORE,24510,Baltimore,source_coordinate_within_county
2138787,University of Washington,WA,Seattle city,-122.330062,47.6038321,0.25,NSF|WA|SEATTLE,53033,King,source_coordinate_within_county
2138785,Dartmouth College,NH,Hanover CDP,-72.2892164,43.7023545,0.25,NSF|NH|HANOVER,33009,Grafton,source_coordinate_within_county
2138786,University of Alaska Fairbanks Campus,AK,Fairbanks city,-147.716675,64.837845,0.25,NSF|AK|FAIRBANKS,02090,Fairbanks North Star,source_coordinate_within_county
2142686,New Mexico State University,NM,Las Cruces city,-106.779807,32.3140354,0.333333333333,NSF|NM|LAS CRUCES,35013,Doña Ana,source_coordinate_within_county
2127172,University of Alaska Anchorage Campus,AK,Anchorage municipality,-149.894852,61.2163129,0.5,NSF|AK|ANCHORAGE,02020,Anchorage,source_coordinate_within_county
2142165,Washington State University,WA,Pullman city,-117.1799363,46.7295818,0.333333333333,NSF|WA|PULLMAN,53075,Whitman,source_coordinate_within_county
2127220,Michigan State University,MI,East Lansing city,-84.4721678,42.7320307,0.333333333333,NSF|MI|EAST LANSING,26065,Ingham,source_coordinate_within_county
2208396,Lafayette College,PA,Easton city,-75.2099866,40.6916081,0.333333333333,NSF|PA|EASTON,42095,Northampton,source_coordinate_within_county
2046240,Western Washington University,WA,Bellingham city,-122.478836,48.7544012,1.0,NSF|WA|BELLINGHAM,53073,Whatcom,source_coordinate_within_county
2127439,University of Colorado at Boulder,CO,Boulder city,-105.270545,40.0149856,1.0,NSF|CO|BOULDER,08013,Boulder,source_coordinate_within_county
2141503,University of Illinois at Urbana-Champaign,IL,Urbana city,-88.207301,40.1117174,0.333333333333,NSF|IL|URBANA,17019,Champaign,source_coordinate_within_county
2127171,University of Alaska Fairbanks Campus,AK,Fairbanks city,-147.716675,64.837845,0.5,NSF|AK|FAIRBANKS,02090,Fairbanks North Star,source_coordinate_within_county
2127221,University of Minnesota Duluth,MN,Duluth city,-92.1052679,46.7838287,0.333333333333,NSF|MN|DULUTH,27137,St. Louis,source_coordinate_within_county
2048457,University of Hawaii,HI,Urban Honolulu CDP,-157.855676,21.304547,1.0,NSF|HI|HONOLULU,15003,Honolulu,source_coordinate_within_county
2125633,University of Montana,MT,Missoula city,-113.995267,46.8701049,1.0,NSF|MT|MISSOULA,30063,Missoula,source_coordinate_within_county
2133308,Florida State University,FL,Tallahassee city,-84.2809332,30.4380832,1.0,NSF|FL|TALLAHASSEE,12073,Leon,source_coordinate_within_county
2133398,University of Hawaii,HI,Urban Honolulu CDP,-157.855676,21.304547,1.0,NSF|HI|HONOLULU,15003,Honolulu,source_coordinate_within_county
2043494,HISPANIC FEDERATION INC,NY,New York city,-74.0060152,40.7127281,1.0,NSF|NY|NEW YORK,36061,New York,source_coordinate_within_county
2040488,University of Delaware,DE,Newark city,-75.7515682,39.6828358,1.0,NSF|DE|NEWARK,10003,New Castle,source_coordinate_within_county
2044098,Oregon State University,OR,Corvallis city,-123.2620435,44.5645659,1.0,NSF|OR|CORVALLIS,41003,Benton,source_coordinate_within_county
2043858,University of Pennsylvania,PA,Philadelphia city,-75.1635262,39.9527237,1.0,NSF|PA|PHILADELPHIA,42101,Philadelphia,source_coordinate_within_county
2043522,University of Texas at Austin,TX,Austin city,-97.7436995,30.2711286,1.0,NSF|TX|AUSTIN,48453,Travis,source_coordinate_within_county
2043358,University of Hawaii,HI,Urban Honolulu CDP,-157.855676,21.304547,1.0,NSF|HI|HONOLULU,15003,Honolulu,source_coordinate_within_county
2043710,Texas A&M Engineering Experiment Station,TX,College Station city,-96.3455991,30.6183939,1.0,NSF|TX|COLLEGE STATION,48041,Brazos,source_coordinate_within_county
2102422,University of Rhode Island,RI,Kingston CDP,-71.5227103,41.4801166,0.5,NSF|RI|KINGSTON,44009,Washington,source_coordinate_within_county
2102434,Woods Hole Oceanographic Institution,MA,Woods Hole CDP,-70.6694015,41.5238752,0.5,NSF|MA|WOODS HOLE,25001,Barnstable,source_coordinate_within_county
2015618,University of Colorado at Boulder,CO,Boulder city,-105.270545,40.0149856,1.0,NSF|CO|BOULDER,08013,Boulder,source_coordinate_within_county
2051762,Utah State University,UT,Logan city,-111.834914,41.7313063,1.0,NSF|UT|LOGAN,49005,Cache,source_coordinate_within_county
2043347,University of Texas at San Antonio,TX,San Antonio city,-98.4951405,29.4246002,0.5,NSF|TX|SAN ANTONIO,48029,Bexar,source_coordinate_within_county
2043344,Texas A&M University Corpus Christi,TX,Corpus Christi city,-97.4033191,27.7635302,0.5,NSF|TX|CORPUS CHRISTI,48355,Nueces,source_coordinate_within_county
2121788,University of Wyoming,WY,Laramie city,-105.5917876,41.3116442,0.5,NSF|WY|LARAMIE,56001,Albany,source_coordinate_within_county
2018803,University of North Carolina at Wilmington,NC,Wilmington city,-77.9487284,34.2352853,1.0,NSF|NC|WILMINGTON,37129,New Hanover,source_coordinate_within_county
2022707,University of Alaska Fairbanks Campus,AK,Fairbanks city,-147.716675,64.837845,1.0,NSF|AK|FAIRBANKS,02090,Fairbanks North Star,source_coordinate_within_county
2102126,University of Florida,FL,Gainesville city,-82.3249846,29.6519684,0.333333333333,NSF|FL|GAINESVILLE,12001,Alachua,source_coordinate_within_county
2107792,University of Massachusetts Amherst,MA,Amherst Town city,-72.5198761,42.3731948,0.333333333333,NSF|MA|AMHERST,25015,Hampshire,source_coordinate_within_county
2023319,Rutgers University New Brunswick,NJ,New Brunswick city,-74.4436416,40.4936119,0.333333333333,NSF|NJ|NEW BRUNSWICK,34023,Middlesex,source_coordinate_within_county
2023269,University of Oregon Eugene,OR,Eugene city,-123.0950506,44.0505054,0.333333333333,NSF|OR|EUGENE,41039,Lane,source_coordinate_within_county
2022583,Brigham Young University,UT,Provo city,-111.6587085,40.2337289,0.25,NSF|UT|PROVO,49049,Utah,source_coordinate_within_county
2022568,University of North Carolina at Chapel Hill,NC,Chapel Hill town,-79.05578,35.9131542,0.25,NSF|NC|CHAPEL HILL,37135,Orange,source_coordinate_within_county
2022562,Virginia Polytechnic Institute and State University,VA,Blacksburg town,-80.4136767,37.2296566,0.25,NSF|VA|BLACKSBURG,51121,Montgomery,source_coordinate_within_county
2001449,University of Alaska Fairbanks Campus,AK,Fairbanks city,-147.716675,64.837845,1.0,NSF|AK|FAIRBANKS,02090,Fairbanks North Star,source_coordinate_within_county
2023674,Oregon State University,OR,Corvallis city,-123.2620435,44.5645659,0.333333333333,NSF|OR|CORVALLIS,41003,Benton,source_coordinate_within_county
2038474,"Board of Regents, NSHE, obo University of Nevada, Reno",NV,Reno city,-119.812658,39.5261788,1.0,NSF|NV|RENO,32031,Washoe,source_coordinate_within_county
1939894,California Institute of Technology,CA,Pasadena city,-118.144155,34.1476507,1.0,NSF|CA|PASADENA,06037,Los Angeles,source_coordinate_within_county
1947534,The University of Central Florida Board of Trustees,FL,Orlando city,-81.379045,28.5421218,0.5,NSF|FL|ORLANDO,12095,Orange,source_coordinate_within_county
2427233,George Mason University,VA,Fairfax city,-77.3063733,38.8462236,0.5,NSF|VA|FAIRFAX,51600,Fairfax,source_coordinate_within_county
2118202,Wayne State University,MI,Detroit city,-83.0466403,42.3315509,0.333333333333,NSF|MI|DETROIT,26163,Wayne,source_coordinate_within_county
1743992,Missouri University of Science and Technology,MO,Rolla city,-91.7708076,37.9509324,0.5,NSF|MO|ROLLA,29161,Phelps,source_coordinate_within_county
1743985,University of South Florida,FL,Tampa city,-82.4583107,27.9449854,0.5,NSF|FL|TAMPA,12057,Hillsborough,source_coordinate_within_county
1643327,Virginia Polytechnic Institute and State University,VA,Blacksburg town,-80.4136767,37.2296566,0.5,NSF|VA|BLACKSBURG,51121,Montgomery,source_coordinate_within_county
2022641,University Corporation For Atmospheric Res,CO,Boulder city,-105.270545,40.0149856,1.0,NSF|CO|BOULDER,08013,Boulder,source_coordinate_within_county
2000408,Purdue University,IN,West Lafayette city,-86.9080655,40.4258686,1.0,NSF|IN|WEST LAFAYETTE,18157,Tippecanoe,source_coordinate_within_county
2022260,University of Washington,WA,Seattle city,-122.330062,47.6038321,1.0,NSF|WA|SEATTLE,53033,King,source_coordinate_within_county
2022554,University of North Carolina at Chapel Hill,NC,Chapel Hill town,-79.05578,35.9131542,0.2,NSF|NC|CHAPEL HILL,37135,Orange,source_coordinate_within_county
2020681,Harvard University,MA,Cambridge city,-71.1040018,42.3656347,1.0,NSF|MA|CAMBRIDGE,25017,Middlesex,source_coordinate_within_county
2025470,"University of Maryland, College Park",MD,College Park city,-76.9369189,38.980666,1.0,NSF|MD|COLLEGE PARK,24033,Prince George's,source_coordinate_within_county
2034778,Harvard University,MA,Cambridge city,-71.1040018,42.3656347,1.0,NSF|MA|CAMBRIDGE,25017,Middlesex,source_coordinate_within_county
2022842,University Corporation For Atmospheric Res,CO,Boulder city,-105.270545,40.0149856,0.5,NSF|CO|BOULDER,08013,Boulder,source_coordinate_within_county
2033891,Michigan State University,MI,East Lansing city,-84.4721678,42.7320307,1.0,NSF|MI|EAST LANSING,26065,Ingham,source_coordinate_within_county
1951677,University of Notre Dame,IN,Notre Dame CDP,-86.2373691,41.6992003,1.0,NSF|IN|NOTRE DAME,18141,St. Joseph,source_coordinate_within_county
2018848,"Nevada System of Higher Education, Desert Research Institute",NV,Reno city,-119.812658,39.5261788,1.0,NSF|NV|RENO,32031,Washoe,source_coordinate_within_county
2011439,Brigham Young University,UT,Provo city,-111.6587085,40.2337289,0.5,NSF|UT|PROVO,49049,Utah,source_coordinate_within_county
2022588,Babson College,MA,Wellesley CDP,-71.2738201,42.3130588,0.2,NSF|MA|WELLESLEY HILLS,25021,Norfolk,source_coordinate_within_county
2022687,University of Alaska Anchorage Campus,AK,Anchorage municipality,-149.894852,61.2163129,0.333333333333,NSF|AK|ANCHORAGE,02020,Anchorage,source_coordinate_within_county
2023536,University of New Hampshire,NH,Durham CDP,-70.9177186,43.1214141,1.0,NSF|NH|DURHAM,33017,Strafford,source_coordinate_within_county
2022587,Rensselaer Polytechnic Institute,NY,Troy city,-73.6917878,42.7284117,0.333333333333,NSF|NY|TROY,36083,Rensselaer,source_coordinate_within_county
2017626,Northeastern University,MA,Boston city,-71.0578303,42.3588336,1.0,NSF|MA|BOSTON,25025,Suffolk,source_coordinate_within_county
2011346,"Nevada System of Higher Education, Desert Research Institute",NV,Reno city,-119.812658,39.5261788,0.5,NSF|NV|RENO,32031,Washoe,source_coordinate_within_county
2022523,Rand Corporation,CA,Santa Monica city,-118.491227,34.0194704,0.2,NSF|CA|SANTA MONICA,06037,Los Angeles,source_coordinate_within_county
2022570,University of Alaska Fairbanks Campus,AK,Fairbanks city,-147.716675,64.837845,0.333333333333,NSF|AK|FAIRBANKS,02090,Fairbanks North Star,source_coordinate_within_county
2019485,"Woodwell Climate Research Center, Inc.",MA,Falmouth CDP,-70.6147519,41.5514979,1.0,NSF|MA|FALMOUTH,25001,Barnstable,source_coordinate_within_county
2022874,University of Washington,WA,Seattle city,-122.330062,47.6038321,0.5,NSF|WA|SEATTLE,53033,King,source_coordinate_within_county
2022666,University of Texas at Austin,TX,Austin city,-97.7436995,30.2711286,0.5,NSF|TX|AUSTIN,48453,Travis,source_coordinate_within_county
2019515,Northern Arizona University,AZ,Flagstaff city,-111.651822,35.1987522,1.0,NSF|AZ|FLAGSTAFF,04005,Coconino,source_coordinate_within_county
2051801,California Polytechnic State University Foundation,CA,San Luis Obispo city,-120.659615,35.2827525,0.5,NSF|CA|SAN LUIS OBISPO,06079,San Luis Obispo,source_coordinate_within_county
2022740,University of Wisconsin-Madison,WI,Madison city,-89.3841663,43.07469,1.0,NSF|WI|MADISON,55025,Dane,source_coordinate_within_county
2024208,University of Alaska Fairbanks Campus,AK,Fairbanks city,-147.716675,64.837845,1.0,NSF|AK|FAIRBANKS,02090,Fairbanks North Star,source_coordinate_within_county
2022177,University of Washington,WA,Seattle city,-122.330062,47.6038321,0.5,NSF|WA|SEATTLE,53033,King,source_coordinate_within_county
2022571,University of Alaska Fairbanks Campus,AK,Fairbanks city,-147.716675,64.837845,0.2,NSF|AK|FAIRBANKS,02090,Fairbanks North Star,source_coordinate_within_county
2100773,Auburn University,AL,Auburn city,-85.4807825,32.6098566,0.166666666667,NSF|AL|AUBURN,01081,Lee,source_coordinate_within_county
2023424,Oregon State University,OR,Corvallis city,-123.2620435,44.5645659,1.0,NSF|OR|CORVALLIS,41003,Benton,source_coordinate_within_county
2023474,University of Kansas Center for Research Inc,KS,Lawrence city,-95.2359403,38.9719137,0.25,NSF|KS|LAWRENCE,20045,Douglas,source_coordinate_within_county
1952199,University of Colorado at Boulder,CO,Boulder city,-105.270545,40.0149856,1.0,NSF|CO|BOULDER,08013,Boulder,source_coordinate_within_county
2023701,University of California-Santa Barbara,CA,Santa Barbara city,-119.702667,34.4221319,1.0,NSF|CA|SANTA BARBARA,06083,Santa Barbara,source_coordinate_within_county
2023523,University of California-Los Angeles,CA,Los Angeles city,-118.242766,34.0536909,0.25,NSF|CA|LOS ANGELES,06037,Los Angeles,source_coordinate_within_county
2023555,University of Virginia Main Campus,VA,Charlottesville city,-78.4766781,38.029306,1.0,NSF|VA|CHARLOTTESVILLE,51540,Charlottesville,source_coordinate_within_county
2001714,Temple University,PA,Philadelphia city,-75.1635262,39.9527237,1.0,NSF|PA|PHILADELPHIA,42101,Philadelphia,source_coordinate_within_county
2022705,University of Alaska Anchorage Campus,AK,Anchorage municipality,-149.894852,61.2163129,0.5,NSF|AK|ANCHORAGE,02020,Anchorage,source_coordinate_within_county
2022505,George Washington University,DC,Washington city,-77.0363849,38.8950982,0.5,NSF|DC|WASHINGTON,11001,District of Columbia,source_coordinate_within_county
2023718,University of California-Santa Barbara,CA,Santa Barbara city,-119.702667,34.4221319,0.25,NSF|CA|SANTA BARBARA,06083,Santa Barbara,source_coordinate_within_county
2026924,University Corporation For Atmospheric Res,CO,Boulder city,-105.270545,40.0149856,1.0,NSF|CO|BOULDER,08013,Boulder,source_coordinate_within_county
1952817,"DeVore, Cherie",NM,Albuquerque city,-106.650985,35.0841034,1.0,NSF|NM|ALBUQUERQUE,35001,Bernalillo,source_coordinate_within_county
2038481,Woods Hole Oceanographic Institution,MA,Woods Hole CDP,-70.6694015,41.5238752,0.5,NSF|MA|WOODS HOLE,25001,Barnstable,source_coordinate_within_county
1932889,Utah State University,UT,Logan city,-111.834914,41.7313063,1.0,NSF|UT|LOGAN,49005,Cache,source_coordinate_within_county
2023712,Syracuse University,NY,Syracuse city,-76.1474244,43.0481221,1.0,NSF|NY|SYRACUSE,36067,Onondaga,source_coordinate_within_county
2023351,University of Arizona,AZ,Tucson city,-110.974847,32.2228765,1.0,NSF|AZ|TUCSON,04019,Pima,source_coordinate_within_county
1948972,University of Colorado at Boulder,CO,Boulder city,-105.270545,40.0149856,0.333333333333,NSF|CO|BOULDER,08013,Boulder,source_coordinate_within_county
2038495,University Corporation For Atmospheric Res,CO,Boulder city,-105.270545,40.0149856,0.5,NSF|CO|BOULDER,08013,Boulder,source_coordinate_within_county
1948944,University of Iowa,IA,Iowa City city,-91.5299106,41.6612561,0.333333333333,NSF|IA|IOWA CITY,19103,Johnson,source_coordinate_within_county
1948940,Saint Louis University,MO,St. Louis city,-90.190009,38.6254063,0.333333333333,NSF|MO|SAINT LOUIS,29510,St. Louis,source_coordinate_within_county
1940269,University of California-Santa Barbara,CA,Santa Barbara city,-119.702667,34.4221319,1.0,NSF|CA|SANTA BARBARA,06083,Santa Barbara,source_coordinate_within_county
1936506,Coastal Carolina University,SC,Conway city,-79.0478143,33.8360035,1.0,NSF|SC|CONWAY,45051,Horry,source_coordinate_within_county
2035161,University of Arizona,AZ,Tucson city,-110.974847,32.2228765,0.5,NSF|AZ|TUCSON,04019,Pima,source_coordinate_within_county
1936608,Battelle Memorial Institute,OH,Columbus city,-83.0007065,39.9622601,1.0,NSF|OH|COLUMBUS,39049,Franklin,source_coordinate_within_county
2035233,University of Colorado at Boulder,CO,Boulder city,-105.270545,40.0149856,0.5,NSF|CO|BOULDER,08013,Boulder,source_coordinate_within_county
1952627,"Guimond, Julia",NH,Barrington town,-71.047211,43.223191,1.0,NSF|NH|BARRINGTON,33017,Strafford,source_coordinate_within_county
1952645,"Parker, Wesley George",OH,Cincinnati city,-84.5127405,39.1012809,1.0,NSF|OH|CINCINNATI,39061,Hamilton,source_coordinate_within_county
2024170,University of California-Irvine,CA,Irvine city,-117.825981,33.6856969,0.5,NSF|CA|IRVINE,06059,Orange,source_coordinate_within_county
2026821,University of Alaska Fairbanks Campus,AK,Fairbanks city,-147.716675,64.837845,0.5,NSF|AK|FAIRBANKS,02090,Fairbanks North Star,source_coordinate_within_county
2024178,University of Maryland Baltimore County,MD,Baltimore city,-76.610759,39.2908816,0.5,NSF|MD|BALTIMORE,24510,Baltimore,source_coordinate_within_county
2005593,"Haskins, Jessica Danielle",WA,Seattle city,-122.330062,47.6038321,1.0,NSF|WA|SEATTLE,53033,King,source_coordinate_within_county
2002374,University of Arkansas,AR,Fayetteville city,-94.1574328,36.0625843,1.0,NSF|AR|FAYETTEVILLE,05143,Washington,source_coordinate_within_county
2026824,University of Nevada Las Vegas,NV,Las Vegas city,-115.1484131,36.1674263,0.5,NSF|NV|LAS VEGAS,32003,Clark,source_coordinate_within_county
2017113,Rutgers University New Brunswick,NJ,New Brunswick city,-74.4436416,40.4936119,1.0,NSF|NJ|NEW BRUNSWICK,34023,Middlesex,source_coordinate_within_county
1954907,"Georgia Southern University Research and Service Foundation, Inc",GA,Statesboro city,-81.7832912,32.4490141,0.333333333333,NSF|GA|STATESBORO,13031,Bulloch,source_coordinate_within_county
1954538,Franklin and Marshall College,PA,Lancaster city,-76.3056707,40.0379958,0.333333333333,NSF|PA|LANCASTER,42071,Lancaster,source_coordinate_within_county
1951309,SUNY College of Environmental Science and Forestry,NY,Syracuse city,-76.1474244,43.0481221,0.333333333333,NSF|NY|SYRACUSE,36067,Onondaga,source_coordinate_within_county
2041325,University of Wisconsin-Madison,WI,Madison city,-89.3841663,43.07469,0.25,NSF|WI|MADISON,55025,Dane,source_coordinate_within_county
1948777,Rutgers University New Brunswick,NJ,New Brunswick city,-74.4436416,40.4936119,0.5,NSF|NJ|NEW BRUNSWICK,34023,Middlesex,source_coordinate_within_county
1951308,Syracuse University,NY,Syracuse city,-76.1474244,43.0481221,0.333333333333,NSF|NY|SYRACUSE,36067,Onondaga,source_coordinate_within_county
1948921,College of William & Mary Virginia Institute of Marine Science,VA,Gloucester Point CDP,-76.496899,37.2540351,0.5,NSF|VA|GLOUCESTER POINT,51073,Gloucester,source_coordinate_within_county
1951294,University of Montana,MT,Missoula city,-113.995267,46.8701049,1.0,NSF|MT|MISSOULA,30063,Missoula,source_coordinate_within_county
1945195,University of Arizona,AZ,Tucson city,-110.974847,32.2228765,1.0,NSF|AZ|TUCSON,04019,Pima,source_coordinate_within_county
1948914,Georgia Tech Research Corporation,GA,Atlanta city,-84.3898151,33.7544657,1.0,NSF|GA|ATLANTA,13121,Fulton,source_coordinate_within_county
1936671,California State University-Long Beach Foundation,CA,Long Beach city,-118.191604,33.7690164,1.0,NSF|CA|LONG BEACH,06037,Los Angeles,source_coordinate_within_county
2013929,Regents of the University of Idaho,ID,Moscow city,-117.000165,46.7323875,1.0,NSF|ID|MOSCOW,16057,Latah,source_coordinate_within_county
1935823,SUNY at Buffalo,NY,Amherst town,-78.7997616,42.9783924,1.0,NSF|NY|AMHERST,36029,Erie,source_coordinate_within_county
1940034,University of Washington,WA,Seattle city,-122.330062,47.6038321,1.0,NSF|WA|SEATTLE,53033,King,source_coordinate_within_county
1947868,University of Washington,WA,Seattle city,-122.330062,47.6038321,1.0,NSF|WA|SEATTLE,53033,King,source_coordinate_within_county
2023961,University of Colorado at Boulder,CO,Boulder city,-105.270545,40.0149856,1.0,NSF|CO|BOULDER,08013,Boulder,source_coordinate_within_county
1948104,University of Georgia Research Foundation Inc,GA,Athens-Clarke County unified government (balance),-83.376398,33.9597677,1.0,NSF|GA|ATHENS,13059,Clarke,source_coordinate_within_county
2025156,University of Minnesota Duluth,MN,Duluth city,-92.1052679,46.7838287,1.0,NSF|MN|DULUTH,27137,St. Louis,source_coordinate_within_county
1949593,Oregon State University,OR,Corvallis city,-123.2620435,44.5645659,1.0,NSF|OR|CORVALLIS,41003,Benton,source_coordinate_within_county
1948622,Regents of the University of Michigan - Ann Arbor,MI,Ann Arbor city,-83.7484616,42.2813722,1.0,NSF|MI|ANN ARBOR,26161,Washtenaw,source_coordinate_within_county
1940128,University of Minnesota Duluth,MN,Duluth city,-92.1052679,46.7838287,1.0,NSF|MN|DULUTH,27137,St. Louis,source_coordinate_within_county
1927845,Dartmouth College,NH,Hanover CDP,-72.2892164,43.7023545,1.0,NSF|NH|HANOVER,33009,Grafton,source_coordinate_within_county
1948787,Wright State University,OH,Dayton city,-84.1916069,39.7589478,0.2,NSF|OH|DAYTON,39113,Montgomery,source_coordinate_within_county
1948739,University of Pittsburgh,PA,Pittsburgh city,-80.0025666,40.4406968,0.2,NSF|PA|PITTSBURGH,42003,Allegheny,source_coordinate_within_county
1948646,University of Minnesota Duluth,MN,Duluth city,-92.1052679,46.7838287,0.2,NSF|MN|DULUTH,27137,St. Louis,source_coordinate_within_county
1948058,University of Minnesota-Twin Cities,MN,Minneapolis city,-93.2654692,44.9772995,0.2,NSF|MN|MINNEAPOLIS,27053,Hennepin,source_coordinate_within_county
1947522,Georgia Tech Research Corporation,GA,Atlanta city,-84.3898151,33.7544657,1.0,NSF|GA|ATLANTA,13121,Fulton,source_coordinate_within_county
1948627,Georgia Tech Research Corporation,GA,Atlanta city,-84.3898151,33.7544657,0.5,NSF|GA|ATLANTA,13121,Fulton,source_coordinate_within_county
1948952,"University of Maryland, College Park",MD,College Park city,-76.9369189,38.980666,1.0,NSF|MD|COLLEGE PARK,24033,Prince George's,source_coordinate_within_county
2019983,Columbia University,NY,New York city,-74.0060152,40.7127281,1.0,NSF|NY|NEW YORK,36061,New York,source_coordinate_within_county
2051888,"Woodwell Climate Research Center, Inc.",MA,Falmouth CDP,-70.6147519,41.5514979,0.25,NSF|MA|FALMOUTH,25001,Barnstable,source_coordinate_within_county
1948842,University of California-Irvine,CA,Irvine city,-117.825981,33.6856969,1.0,NSF|CA|IRVINE,06059,Orange,source_coordinate_within_county
1946347,Oregon State University,OR,Corvallis city,-123.2620435,44.5645659,0.5,NSF|OR|CORVALLIS,41003,Benton,source_coordinate_within_county
2052107,"Woodwell Climate Research Center, Inc.",MA,Falmouth CDP,-70.6147519,41.5514979,0.166666666667,NSF|MA|FALMOUTH,25001,Barnstable,source_coordinate_within_county
1947626,University of Hawaii,HI,Urban Honolulu CDP,-157.855676,21.304547,0.5,NSF|HI|HONOLULU,15003,Honolulu,source_coordinate_within_county
1947675,University of California-San Diego Scripps Inst of Oceanography,CA,San Diego city,-117.2740777,32.8401623,0.5,NSF|CA|LA JOLLA,06073,San Diego,source_coordinate_within_county
1946396,South Dakota School of Mines and Technology,SD,Rapid City city,-103.228023,44.0806041,0.5,NSF|SD|RAPID CITY,46103,Pennington,source_coordinate_within_county
1934497,University of Washington,WA,Seattle city,-122.330062,47.6038321,1.0,NSF|WA|SEATTLE,53033,King,source_coordinate_within_county
1939988,University of California-Los Angeles,CA,Los Angeles city,-118.242766,34.0536909,1.0,NSF|CA|LOS ANGELES,06037,Los Angeles,source_coordinate_within_county
1939968,University of Hawaii,HI,Urban Honolulu CDP,-157.855676,21.304547,1.0,NSF|HI|HONOLULU,15003,Honolulu,source_coordinate_within_county
1928105,Iowa State University,IA,Ames city,-93.6170448,42.0267567,1.0,NSF|IA|AMES,19169,Story,source_coordinate_within_county
1928078,University Corporation For Atmospheric Res,CO,Boulder city,-105.270545,40.0149856,1.0,NSF|CO|BOULDER,08013,Boulder,source_coordinate_within_county
1844205,Northern Arizona University,AZ,Flagstaff city,-111.651822,35.1987522,1.0,NSF|AZ|FLAGSTAFF,04005,Coconino,source_coordinate_within_county
1939979,Michigan State University,MI,East Lansing city,-84.4721678,42.7320307,1.0,NSF|MI|EAST LANSING,26065,Ingham,source_coordinate_within_county
2228492,West Virginia University Research Corporation,WV,Morgantown city,-79.9559437,39.6296809,1.0,NSF|WV|MORGANTOWN,54061,Monongalia,source_coordinate_within_county
2228687,University of Notre Dame,IN,Notre Dame CDP,-86.2373691,41.6992003,1.0,NSF|IN|NOTRE DAME,18141,St. Joseph,source_coordinate_within_county
1927827,Pennsylvania State Univ University Park,PA,College township,-77.8710571,40.8128971,1.0,NSF|PA|UNIVERSITY PARK,42027,Centre,source_coordinate_within_county
2016205,University Corporation For Atmospheric Res,CO,Boulder city,-105.270545,40.0149856,1.0,NSF|CO|BOULDER,08013,Boulder,source_coordinate_within_county
2228205,University of Texas at Austin,TX,Austin city,-97.7436995,30.2711286,1.0,NSF|TX|AUSTIN,48453,Travis,source_coordinate_within_county
2321985,SUNY College of Environmental Science and Forestry,NY,Syracuse city,-76.1474244,43.0481221,1.0,NSF|NY|SYRACUSE,36067,Onondaga,source_coordinate_within_county
2017544,University of Wisconsin-Madison,WI,Madison city,-89.3841663,43.07469,1.0,NSF|WI|MADISON,55025,Dane,source_coordinate_within_county
2021147,Arizona State University,AZ,Scottsdale city,-111.926018,33.4942189,1.0,NSF|AZ|SCOTTSDALE,04013,Maricopa,source_coordinate_within_county
1952007,Iowa State University,IA,Ames city,-93.6170448,42.0267567,1.0,NSF|IA|AMES,19169,Story,source_coordinate_within_county
2020790,Michigan State University,MI,East Lansing city,-84.4721678,42.7320307,1.0,NSF|MI|EAST LANSING,26065,Ingham,source_coordinate_within_county
2004941,"Nanavati, William Parashar",MT,Bozeman city,-111.044047,45.6794293,1.0,NSF|MT|BOZEMAN,30031,Gallatin,source_coordinate_within_county
1950289,University of Wisconsin-Stout,WI,Menomonie city,-91.9278716,44.8765289,1.0,NSF|WI|MENOMONIE,55033,Dunn,source_coordinate_within_county
2037677,Purdue University,IN,West Lafayette city,-86.9080655,40.4258686,1.0,NSF|IN|WEST LAFAYETTE,18157,Tippecanoe,source_coordinate_within_county
2005226,"Quintana, Anastasia C",NC,Atlantic Beach town,-76.7402108,34.6990505,1.0,NSF|NC|ATLANTIC BEACH,37031,Carteret,source_coordinate_within_county
2009821,Duke University,NC,Durham city,-78.9018053,35.996653,1.0,NSF|NC|DURHAM,37063,Durham,source_coordinate_within_county
2025727,University of Arizona,AZ,Tucson city,-110.974847,32.2228765,1.0,NSF|AZ|TUCSON,04019,Pima,source_coordinate_within_county
2021590,University of Florida,FL,Gainesville city,-82.3249846,29.6519684,1.0,NSF|FL|GAINESVILLE,12001,Alachua,source_coordinate_within_county
1951148,University of Massachusetts Boston,MA,Boston city,-71.0744952,42.2973205,1.0,NSF|MA|DORCHESTER,25025,Suffolk,source_coordinate_within_county
2031217,University Corporation For Atmospheric Res,CO,Boulder city,-105.270545,40.0149856,1.0,NSF|CO|BOULDER,08013,Boulder,source_coordinate_within_county
1951741,Southern Illinois University at Carbondale,IL,Carbondale city,-89.216655,37.7274692,1.0,NSF|IL|CARBONDALE,17077,Jackson,source_coordinate_within_county
1950212,North Carolina State University,NC,Raleigh city,-78.6390989,35.7803977,0.5,NSF|NC|RALEIGH,37183,Wake,source_coordinate_within_county
1951006,University of North Carolina Greensboro,NC,Greensboro city,-79.7919754,36.0726355,0.5,NSF|NC|GREENSBORO,37081,Guilford,source_coordinate_within_county
1948867,"University of Maryland, College Park",MD,College Park city,-76.9369189,38.980666,1.0,NSF|MD|COLLEGE PARK,24033,Prince George's,source_coordinate_within_county
1939051,Clark University,MA,Worcester city,-71.8018877,42.2625621,1.0,NSF|MA|WORCESTER,25027,Worcester,source_coordinate_within_county
1939790,Bernice P Bishop Museum,HI,Urban Honolulu CDP,-157.855676,21.304547,0.5,NSF|HI|HONOLULU,15003,Honolulu,source_coordinate_within_county
1939516,University of Hawaii,HI,Urban Honolulu CDP,-157.855676,21.304547,0.5,NSF|HI|HONOLULU,15003,Honolulu,source_coordinate_within_county
1912001,Erbaugh James T,NH,Hanover CDP,-72.2892164,43.7023545,1.0,NSF|NH|HANOVER,33009,Grafton,source_coordinate_within_county
2126607,University of California-Los Angeles,CA,Los Angeles city,-118.242766,34.0536909,1.0,NSF|CA|LOS ANGELES,06037,Los Angeles,source_coordinate_within_county
2203204,Woods Hole Oceanographic Institution,MA,Woods Hole CDP,-70.6694015,41.5238752,1.0,NSF|MA|WOODS HOLE,25001,Barnstable,source_coordinate_within_county
2150704,University of California-San Diego Scripps Inst of Oceanography,CA,San Diego city,-117.2740777,32.8401623,1.0,NSF|CA|LA JOLLA,06073,San Diego,source_coordinate_within_county
2127333,Iowa State University,IA,Ames city,-93.6170448,42.0267567,1.0,NSF|IA|AMES,19169,Story,source_coordinate_within_county
2131848,American Meteorological Society,MA,Boston city,-71.0578303,42.3588336,1.0,NSF|MA|BOSTON,25025,Suffolk,source_coordinate_within_county
2032417,University of Alaska Fairbanks Campus,AK,Fairbanks city,-147.716675,64.837845,0.5,NSF|AK|FAIRBANKS,02090,Fairbanks North Star,source_coordinate_within_county
2032419,"Calista Education and Culture, Inc.",AK,Anchorage municipality,-149.894852,61.2163129,0.5,NSF|AK|ANCHORAGE,02020,Anchorage,source_coordinate_within_county
2317990,SUNY at Albany,NY,Albany city,-73.754968,42.6511674,0.333333333333,NSF|NY|ALBANY,36001,Albany,source_coordinate_within_county
2241462,"University of Maryland, College Park",MD,College Park city,-76.9369189,38.980666,1.0,NSF|MD|COLLEGE PARK,24033,Prince George's,source_coordinate_within_county
2305113,Florida State University,FL,Tallahassee city,-84.2809332,30.4380832,1.0,NSF|FL|TALLAHASSEE,12073,Leon,source_coordinate_within_county
2228345,Regents of the University of Michigan - Ann Arbor,MI,Ann Arbor city,-83.7484616,42.2813722,1.0,NSF|MI|ANN ARBOR,26161,Washtenaw,source_coordinate_within_county
2324785,North Carolina State University,NC,Raleigh city,-78.6390989,35.7803977,0.5,NSF|NC|RALEIGH,37183,Wake,source_coordinate_within_county
2228490,SUNY at Stony Brook,NY,Stony Brook CDP,-73.140943,40.9256538,1.0,NSF|NY|STONY BROOK,36103,Suffolk,source_coordinate_within_county
2228728,Arizona State University,AZ,Scottsdale city,-111.926018,33.4942189,1.0,NSF|AZ|SCOTTSDALE,04013,Maricopa,source_coordinate_within_county
2228601,University of Puerto Rico Mayaguez,PR,Mayagüez zona urbana,-67.1391124,18.2011161,1.0,NSF|PR|MAYAGUEZ,72097,Mayagüez,source_coordinate_within_county
2306229,University of California-Riverside,CA,Riverside city,-117.374238,33.9824949,0.333333333333,NSF|CA|RIVERSIDE,06065,Riverside,source_coordinate_within_county
2241214,Montana State University,MT,Bozeman city,-111.044047,45.6794293,0.5,NSF|MT|BOZEMAN,30031,Gallatin,source_coordinate_within_county
2241213,Baylor University,TX,Waco city,-97.1474628,31.5491899,0.5,NSF|TX|WACO,48309,McLennan,source_coordinate_within_county
2227014,Nexight Group LLC,MD,Silver Spring CDP,-77.0276231,38.9959461,1.0,NSF|MD|SILVER SPRING,24031,Montgomery,source_coordinate_within_county
2207191,University of Illinois at Urbana-Champaign,IL,Urbana city,-88.207301,40.1117174,0.5,NSF|IL|URBANA,17019,Champaign,source_coordinate_within_county
2233640,Iowa State University,IA,Ames city,-93.6170448,42.0267567,1.0,NSF|IA|AMES,19169,Story,source_coordinate_within_county
2207235,Colorado School of Mines,CO,Golden city,-105.22058,39.7546349,0.5,NSF|CO|GOLDEN,08059,Jefferson,source_coordinate_within_county
2144299,Tennessee Technological University,TN,Cookeville city,-85.4997057,36.1623886,1.0,NSF|TN|COOKEVILLE,47141,Putnam,source_coordinate_within_county
2135440,University of North Texas,TX,Denton city,-97.1330431,33.215038,1.0,NSF|TX|DENTON,48121,Denton,source_coordinate_within_county
2134564,Clemson University,SC,Clemson city,-82.8364111,34.6850749,1.0,NSF|SC|CLEMSON,45077,Pickens,source_coordinate_within_county
2138701,University of Texas at Tyler,TX,Tyler city,-95.3010624,32.3512601,1.0,NSF|TX|TYLER,48423,Smith,source_coordinate_within_county
2143021,University of Massachusetts Lowell,MA,Lowell city,-71.3085329,42.6414437,1.0,NSF|MA|LOWELL,25017,Middlesex,source_coordinate_within_county
2131745,University of California-Riverside,CA,Riverside city,-117.374238,33.9824949,1.0,NSF|CA|RIVERSIDE,06065,Riverside,source_coordinate_within_county
2134658,University of Southern California,CA,Los Angeles city,-118.242766,34.0536909,1.0,NSF|CA|LOS ANGELES,06037,Los Angeles,source_coordinate_within_county
2053856,Carnegie Mellon University,PA,Pittsburgh city,-80.0025666,40.4406968,1.0,NSF|PA|PITTSBURGH,42003,Allegheny,source_coordinate_within_county
2153913,Purdue University,IN,West Lafayette city,-86.9080655,40.4258686,0.5,NSF|IN|WEST LAFAYETTE,18157,Tippecanoe,source_coordinate_within_county
2153919,University of North Texas,TX,Denton city,-97.1330431,33.215038,0.5,NSF|TX|DENTON,48121,Denton,source_coordinate_within_county
2042688,Washington State University,WA,Pullman city,-117.1799363,46.7295818,0.5,NSF|WA|PULLMAN,53075,Whitman,source_coordinate_within_county
2121875,Michigan Technological University,MI,Houghton city,-88.569012,47.121872,1.0,NSF|MI|HOUGHTON,26061,Houghton,source_coordinate_within_county
2122080,Virginia Polytechnic Institute and State University,VA,Blacksburg town,-80.4136767,37.2296566,1.0,NSF|VA|BLACKSBURG,51121,Montgomery,source_coordinate_within_county
2121909,Pennsylvania State Univ University Park,PA,College township,-77.8710571,40.8128971,0.5,NSF|PA|UNIVERSITY PARK,42027,Centre,source_coordinate_within_county
2049491,University of California-Santa Cruz,CA,Santa Cruz city,-122.0294673,36.9743626,1.0,NSF|CA|SANTA CRUZ,06087,Santa Cruz,source_coordinate_within_county
2121904,University of Alaska Fairbanks Campus,AK,Fairbanks city,-147.716675,64.837845,0.5,NSF|AK|FAIRBANKS,02090,Fairbanks North Star,source_coordinate_within_county
2125616,University of Southern California,CA,Los Angeles city,-118.242766,34.0536909,1.0,NSF|CA|LOS ANGELES,06037,Los Angeles,source_coordinate_within_county
2104600,"Doeffinger, Tess",WV,Point Pleasant city,-82.1370889,38.8445251,1.0,NSF|WV|POINT PLEASANT,54053,Mason,source_coordinate_within_county
2105418,"Drakopulos, Lauren",WA,Bainbridge Island city,-122.5246791,47.6515096,1.0,NSF|WA|BAINBRIDGE ISLAND,53035,Kitsap,source_coordinate_within_county
2104950,"Hite, Emily B",CO,Broomfield city,-105.05208,39.9403995,1.0,NSF|CO|BROOMFIELD,08014,Broomfield,source_coordinate_within_county
2104829,"Dobbin, Kristin B",CA,Davis city,-121.739005,38.5435526,1.0,NSF|CA|DAVIS,06113,Yolo,source_coordinate_within_county
2121730,Carnegie Mellon University,PA,Pittsburgh city,-80.0025666,40.4406968,1.0,NSF|PA|PITTSBURGH,42003,Allegheny,source_coordinate_within_county
2117404,Middlebury College,VT,Middlebury CDP,-73.167229,44.014299,1.0,NSF|VT|MIDDLEBURY,50001,Addison,source_coordinate_within_county
2122130,Virginia Polytechnic Institute and State University,VA,Blacksburg town,-80.4136767,37.2296566,1.0,NSF|VA|BLACKSBURG,51121,Montgomery,source_coordinate_within_county
2121931,University of Houston,TX,Houston city,-95.3676974,29.7589382,1.0,NSF|TX|HOUSTON,48201,Harris,source_coordinate_within_county
2104611,Steger Cara E,CO,Fort Collins city,-105.0770113,40.5871782,1.0,NSF|CO|FORT COLLINS,08069,Larimer,source_coordinate_within_county
2122186,University of Colorado at Boulder,CO,Boulder city,-105.270545,40.0149856,1.0,NSF|CO|BOULDER,08013,Boulder,source_coordinate_within_county
2048562,Michigan State University,MI,East Lansing city,-84.4721678,42.7320307,1.0,NSF|MI|EAST LANSING,26065,Ingham,source_coordinate_within_county
2120880,University of Utah,UT,Salt Lake City city,-111.886797,40.7596198,0.5,NSF|UT|SALT LAKE CITY,49035,Salt Lake,source_coordinate_within_county
2116945,University of Colorado at Boulder,CO,Boulder city,-105.270545,40.0149856,1.0,NSF|CO|BOULDER,08013,Boulder,source_coordinate_within_county
2120881,SUNY College of Environmental Science and Forestry,NY,Syracuse city,-76.1474244,43.0481221,0.5,NSF|NY|SYRACUSE,36067,Onondaga,source_coordinate_within_county
2124739,Michigan State University,MI,East Lansing city,-84.4721678,42.7320307,1.0,NSF|MI|EAST LANSING,26065,Ingham,source_coordinate_within_county
2110817,Texas A&M University Corpus Christi,TX,Corpus Christi city,-97.4033191,27.7635302,1.0,NSF|TX|CORPUS CHRISTI,48355,Nueces,source_coordinate_within_county
2049856,Rutgers University New Brunswick,NJ,New Brunswick city,-74.4436416,40.4936119,0.5,NSF|NJ|NEW BRUNSWICK,34023,Middlesex,source_coordinate_within_county
2049796,Princeton University,NJ,Princeton,-74.6597376,40.3496953,0.5,NSF|NJ|PRINCETON,34021,Mercer,source_coordinate_within_county
2020501,Washington State University,WA,Pullman city,-117.1799363,46.7295818,1.0,NSF|WA|PULLMAN,53075,Whitman,source_coordinate_within_county
2009353,University of Wisconsin-Madison,WI,Madison city,-89.3841663,43.07469,1.0,NSF|WI|MADISON,55025,Dane,source_coordinate_within_county
2049887,Florida International University,FL,Miami city,-80.1935973,25.7741566,1.0,NSF|FL|MIAMI,12086,Miami-Dade,source_coordinate_within_county
1809412,University of North Carolina at Chapel Hill,NC,Chapel Hill town,-79.05578,35.9131542,0.166666666667,NSF|NC|CHAPEL HILL,37135,Orange,source_coordinate_within_county
1810802,Utah State University,UT,Logan city,-111.834914,41.7313063,0.166666666667,NSF|UT|LOGAN,49005,Cache,source_coordinate_within_county
1810886,University of Washington,WA,Seattle city,-122.330062,47.6038321,0.166666666667,NSF|WA|SEATTLE,53033,King,source_coordinate_within_county
1810647,Consortium of Universities for the Advancement of Hydrologic Sci,MA,Arlington CDP,-71.1564428,42.4153739,0.166666666667,NSF|MA|ARLINGTON,25017,Middlesex,source_coordinate_within_county
1809324,University of Pennsylvania,PA,Philadelphia city,-75.1635262,39.9527237,0.166666666667,NSF|PA|PHILADELPHIA,42101,Philadelphia,source_coordinate_within_county
1810151,University of Colorado at Boulder,CO,Boulder city,-105.270545,40.0149856,0.166666666667,NSF|CO|BOULDER,08013,Boulder,source_coordinate_within_county
1759537,Texas A&M Engineering Experiment Station,TX,College Station city,-96.3455991,30.6183939,1.0,NSF|TX|COLLEGE STATION,48041,Brazos,source_coordinate_within_county
1760479,Texas A&M University,TX,College Station city,-96.3455991,30.6183939,1.0,NSF|TX|COLLEGE STATION,48041,Brazos,source_coordinate_within_county
1737565,Oregon State University,OR,Corvallis city,-123.2620435,44.5645659,1.0,NSF|OR|CORVALLIS,41003,Benton,source_coordinate_within_county
1713685,University of Illinois at Urbana-Champaign,IL,Urbana city,-88.207301,40.1117174,1.0,NSF|IL|URBANA,17019,Champaign,source_coordinate_within_county
1737035,Rand Corporation,CA,Santa Monica city,-118.491227,34.0194704,1.0,NSF|CA|SANTA MONICA,06037,Los Angeles,source_coordinate_within_county
1736718,Iowa State University,IA,Ames city,-93.6170448,42.0267567,1.0,NSF|IA|AMES,19169,Story,source_coordinate_within_county
1952147,University of Massachusetts Lowell,MA,Lowell city,-71.3085329,42.6414437,1.0,NSF|MA|LOWELL,25017,Middlesex,source_coordinate_within_county
2054506,Princeton University,NJ,Princeton,-74.6597376,40.3496953,0.142857142857,NSF|NJ|PRINCETON,34021,Mercer,source_coordinate_within_county
2125472,University of Louisiana at Lafayette,LA,Lafayette city,-92.0178202,30.2262187,1.0,NSF|LA|LAFAYETTE,22055,Lafayette,source_coordinate_within_county
2047832,"University of Massachusetts, Dartmouth",MA,Smith Mills CDP,-70.9703171,41.6389926,1.0,NSF|MA|NORTH DARTMOUTH,25005,Bristol,source_coordinate_within_county
2137970,University of Washington,WA,Seattle city,-122.330062,47.6038321,1.0,NSF|WA|SEATTLE,53033,King,source_coordinate_within_county
2137977,Monterey Bay Aquarium Research Institute,CA,Moss Landing CDP,-121.786581,36.7988827,1.0,NSF|CA|MOSS LANDING,06053,Monterey,source_coordinate_within_county
2137582,Loyola Marymount University,CA,Los Angeles city,-118.242766,34.0536909,1.0,NSF|CA|LOS ANGELES,06037,Los Angeles,source_coordinate_within_county
2137730,Tulane University,LA,New Orleans city,-90.0733934,29.9561422,1.0,NSF|LA|NEW ORLEANS,22071,Orleans,source_coordinate_within_county
2137826,West Virginia University Research Corporation,WV,Morgantown city,-79.9559437,39.6296809,1.0,NSF|WV|MORGANTOWN,54061,Monongalia,source_coordinate_within_county
2134904,University of California-San Diego,CA,San Diego city,-117.2740777,32.8401623,1.0,NSF|CA|LA JOLLA,06073,San Diego,source_coordinate_within_county
2137684,Texas A&M University,TX,College Station city,-96.3455991,30.6183939,1.0,NSF|TX|COLLEGE STATION,48041,Brazos,source_coordinate_within_county
2137701,Rutgers University New Brunswick,NJ,New Brunswick city,-74.4436416,40.4936119,1.0,NSF|NJ|NEW BRUNSWICK,34023,Middlesex,source_coordinate_within_county
2132729,University of Illinois at Urbana-Champaign,IL,Urbana city,-88.207301,40.1117174,1.0,NSF|IL|URBANA,17019,Champaign,source_coordinate_within_county
2112321,EARTHSHOT Labs PBC,CA,Sebastopol city,-122.824222,38.4021038,1.0,NSF|CA|SEBASTOPOL,06097,Sonoma,source_coordinate_within_county
2036665,"REPURPOSE ENERGY, INC.",CA,Alamo CDP,-122.032184,37.8502033,1.0,NSF|CA|ALAMO,06013,Contra Costa,source_coordinate_within_county
2052407,RECURRENT MOTORS INC.,WA,Seattle city,-122.330062,47.6038321,1.0,NSF|WA|SEATTLE,53033,King,source_coordinate_within_county
2217990,University of Washington,WA,Seattle city,-122.330062,47.6038321,0.5,NSF|WA|SEATTLE,53033,King,source_coordinate_within_county
1636859,Smithsonian Institution,DC,Washington city,-77.0363849,38.8950982,1.0,NSF|DC|WASHINGTON,11001,District of Columbia,source_coordinate_within_county
1636848,Georgia Tech Research Corporation,GA,Atlanta city,-84.3898151,33.7544657,1.0,NSF|GA|ATLANTA,13121,Fulton,source_coordinate_within_county
1614973,University of Wisconsin-Madison,WI,Madison city,-89.3841663,43.07469,1.0,NSF|WI|MADISON,55025,Dane,source_coordinate_within_county
1637320,Evergreen State College,WA,Olympia city,-122.8950075,47.0451022,0.5,NSF|WA|OLYMPIA,53067,Thurston,source_coordinate_within_county
1637334,Oregon State University,OR,Corvallis city,-123.2620435,44.5645659,0.5,NSF|OR|CORVALLIS,41003,Benton,source_coordinate_within_county
1657024,Pennsylvania State Univ University Park,PA,College township,-77.8710571,40.8128971,1.0,NSF|PA|UNIVERSITY PARK,42027,Centre,source_coordinate_within_county
1639150,Pennsylvania State Univ University Park,PA,College township,-77.8710571,40.8128971,1.0,NSF|PA|UNIVERSITY PARK,42027,Centre,source_coordinate_within_county
1614673,University of Minnesota-Twin Cities,MN,Minneapolis city,-93.2654692,44.9772995,1.0,NSF|MN|MINNEAPOLIS,27053,Hennepin,source_coordinate_within_county
1539611,University of California - Merced,CA,Merced city,-120.4843269,37.3029568,0.333333333333,NSF|CA|MERCED,06047,Merced,source_coordinate_within_county
1539462,Purdue University,IN,West Lafayette city,-86.9080655,40.4258686,0.333333333333,NSF|IN|WEST LAFAYETTE,18157,Tippecanoe,source_coordinate_within_county
1539593,University of California-Davis,CA,Davis city,-121.739005,38.5435526,0.333333333333,NSF|CA|DAVIS,06113,Yolo,source_coordinate_within_county
2235871,Cornell University,NY,Ithaca city,-76.4968019,42.4396039,1.0,NSF|NY|ITHACA,36109,Tompkins,source_coordinate_within_county
2236036,Oregon State University,OR,Corvallis city,-123.2620435,44.5645659,1.0,NSF|OR|CORVALLIS,41003,Benton,source_coordinate_within_county
2236058,University of Maryland Baltimore County,MD,Baltimore city,-76.610759,39.2908816,1.0,NSF|MD|BALTIMORE,24510,Baltimore,source_coordinate_within_county
2236146,George Washington University,DC,Washington city,-77.0363849,38.8950982,1.0,NSF|DC|WASHINGTON,11001,District of Columbia,source_coordinate_within_county
2236137,George Mason University,VA,Fairfax city,-77.3063733,38.8462236,1.0,NSF|VA|FAIRFAX,51600,Fairfax,source_coordinate_within_county
2236389,University of California-San Francisco,CA,San Francisco city,-122.4075201,37.7879363,1.0,NSF|CA|SAN FRANCISCO,06075,San Francisco,source_coordinate_within_county
2230710,University of South Florida,FL,Tampa city,-82.4583107,27.9449854,1.0,NSF|FL|TAMPA,12057,Hillsborough,source_coordinate_within_county
2230479,University of Washington,WA,Seattle city,-122.330062,47.6038321,1.0,NSF|WA|SEATTLE,53033,King,source_coordinate_within_county
2216888,"ISEECHANGE, Inc.",LA,New Orleans city,-90.0733934,29.9561422,1.0,NSF|LA|NEW ORLEANS,22071,Orleans,source_coordinate_within_county
2230776,Monterey Bay Aquarium Research Institute,CA,Moss Landing CDP,-121.786581,36.7988827,1.0,NSF|CA|MOSS LANDING,06053,Monterey,source_coordinate_within_county
2230769,Tulane University,LA,New Orleans city,-90.0733934,29.9561422,1.0,NSF|LA|NEW ORLEANS,22071,Orleans,source_coordinate_within_county
2228959,IMPACT ALLIES INC,FL,Vero Beach city,-80.3975399,27.6387163,1.0,NSF|FL|VERO BEACH,12061,Indian River,source_coordinate_within_county
2229608,Colorado State University,CO,Fort Collins city,-105.0770113,40.5871782,1.0,NSF|CO|FORT COLLINS,08069,Larimer,source_coordinate_within_county
2231699,Florida International University,FL,Miami city,-80.1935973,25.7741566,1.0,NSF|FL|MIAMI,12086,Miami-Dade,source_coordinate_within_county
2231916,Indiana University,IN,Bloomington city,-86.5342881,39.1670396,1.0,NSF|IN|BLOOMINGTON,18105,Monroe,source_coordinate_within_county
2223439,Regents of the University of Michigan - Ann Arbor,MI,Ann Arbor city,-83.7484616,42.2813722,1.0,NSF|MI|ANN ARBOR,26161,Washtenaw,source_coordinate_within_county
2136735,"Sequoia Scientific, Inc.",WA,Bellevue city,-122.192337,47.6144219,1.0,NSF|WA|BELLEVUE,53033,King,source_coordinate_within_county
2140723,Regents of the University of Michigan - Ann Arbor,MI,Ann Arbor city,-83.7484616,42.2813722,1.0,NSF|MI|ANN ARBOR,26161,Washtenaw,source_coordinate_within_county
2040665,Howard University,DC,Washington city,-77.0363849,38.8950982,1.0,NSF|DC|WASHINGTON,11001,District of Columbia,source_coordinate_within_county
2040676,University of California-San Diego,CA,San Diego city,-117.2740777,32.8401623,1.0,NSF|CA|LA JOLLA,06073,San Diego,source_coordinate_within_county
2040613,Columbia University,NY,New York city,-74.0060152,40.7127281,1.0,NSF|NY|NEW YORK,36061,New York,source_coordinate_within_county
2041002,Oklahoma State University,OK,Stillwater city,-97.0585717,36.1156306,1.0,NSF|OK|STILLWATER,40119,Payne,source_coordinate_within_county
2041968,University of Minnesota-Twin Cities,MN,Minneapolis city,-93.2654692,44.9772995,1.0,NSF|MN|MINNEAPOLIS,27053,Hennepin,source_coordinate_within_county
2014633,"TWO BEARS ENVIRONMENTAL CONSULTING, LLC",AK,Anchorage municipality,-149.894852,61.2163129,1.0,NSF|AK|ANCHORAGE,02020,Anchorage,source_coordinate_within_county
2015153,SANITARY GREEN INCORPORATED,OR,Bend city,-121.3153096,44.0581728,1.0,NSF|OR|BEND,41017,Deschutes,source_coordinate_within_county
2016321,University of Wisconsin-Madison,WI,Madison city,-89.3841663,43.07469,1.0,NSF|WI|MADISON,55025,Dane,source_coordinate_within_county
1951241,Nikira Labs Inc.,CA,Mountain View city,-122.0832101,37.3893889,1.0,NSF|CA|MOUNTAIN VIEW,06085,Santa Clara,source_coordinate_within_county
1941227,William Marsh Rice University,TX,Houston city,-95.3676974,29.7589382,1.0,NSF|TX|HOUSTON,48201,Harris,source_coordinate_within_county
1931278,Consortium of Universities for the Advancement of Hydrologic Sci,MA,Arlington CDP,-71.1564428,42.4153739,0.5,NSF|MA|ARLINGTON,25017,Middlesex,source_coordinate_within_county
1931297,Utah State University,UT,Logan city,-111.834914,41.7313063,0.5,NSF|UT|LOGAN,49005,Cache,source_coordinate_within_county
1934584,Carnegie Mellon University,PA,Pittsburgh city,-80.0025666,40.4406968,1.0,NSF|PA|PITTSBURGH,42003,Allegheny,source_coordinate_within_county
1927513,Louisiana State University,LA,Baton Rouge city,-91.1869659,30.4494155,1.0,NSF|LA|BATON ROUGE,22033,East Baton Rouge,source_coordinate_within_county
1835507,George Mason University,VA,Fairfax city,-77.3063733,38.8462236,1.0,NSF|VA|FAIRFAX,51600,Fairfax,source_coordinate_within_county
1835602,Ball State University,IN,Muncie city,-85.3865271,40.1936892,1.0,NSF|IN|MUNCIE,18035,Delaware,source_coordinate_within_county
2036354,University of California-Irvine,CA,Irvine city,-117.825981,33.6856969,1.0,NSF|CA|IRVINE,06059,Orange,source_coordinate_within_county
2114098,American University,DC,Washington city,-77.0363849,38.8950982,0.5,NSF|DC|WASHINGTON,11001,District of Columbia,source_coordinate_within_county
2028541,Rutgers University New Brunswick,NJ,New Brunswick city,-74.4436416,40.4936119,0.333333333333,NSF|NJ|NEW BRUNSWICK,34023,Middlesex,source_coordinate_within_county
2028371,University of Chicago,IL,Chicago city,-87.6244212,41.8755616,0.333333333333,NSF|IL|CHICAGO,17031,Cook,source_coordinate_within_county
2110211,Stevens Institute of Technology,NJ,Hoboken city,-74.0323752,40.7433066,0.5,NSF|NJ|HOBOKEN,34017,Hudson,source_coordinate_within_county
2128561,University of Iowa,IA,Iowa City city,-91.5299106,41.6612561,0.25,NSF|IA|IOWA CITY,19103,Johnson,source_coordinate_within_county
2029374,Michigan State University,MI,East Lansing city,-84.4721678,42.7320307,1.0,NSF|MI|EAST LANSING,26065,Ingham,source_coordinate_within_county
2029354,University of Kansas Center for Research Inc,KS,Lawrence city,-95.2359403,38.9719137,1.0,NSF|KS|LAWRENCE,20045,Douglas,source_coordinate_within_county
2051578,University of North Texas,TX,Denton city,-97.1330431,33.215038,1.0,NSF|TX|DENTON,48121,Denton,source_coordinate_within_county
2000156,"OHIO STATE UNIVERSITY, THE",OH,Columbus city,-83.0007065,39.9622601,0.5,NSF|OH|COLUMBUS,39049,Franklin,source_coordinate_within_county
2026357,Missouri University of Science and Technology,MO,Rolla city,-91.7708076,37.9509324,0.25,NSF|MO|ROLLA,29161,Phelps,source_coordinate_within_county
2020252,University of Texas at San Antonio,TX,San Antonio city,-98.4951405,29.4246002,1.0,NSF|TX|SAN ANTONIO,48029,Bexar,source_coordinate_within_county
2000140,Purdue University,IN,West Lafayette city,-86.9080655,40.4258686,0.5,NSF|IN|WEST LAFAYETTE,18157,Tippecanoe,source_coordinate_within_county
2002584,Cornell University,NY,Ithaca city,-76.4968019,42.4396039,0.5,NSF|NY|ITHACA,36109,Tompkins,source_coordinate_within_county
2019796,Vanderbilt University,TN,Nashville-Davidson metropolitan government (balance),-86.7742984,36.1622767,0.5,NSF|TN|NASHVILLE,47037,Davidson,source_coordinate_within_county
2029442,William Marsh Rice University,TX,Houston city,-95.3676974,29.7589382,1.0,NSF|TX|HOUSTON,48201,Harris,source_coordinate_within_county
2019874,Florida International University,FL,Miami city,-80.1935973,25.7741566,0.5,NSF|FL|MIAMI,12086,Miami-Dade,source_coordinate_within_county
2026445,Oregon State University,OR,Corvallis city,-123.2620435,44.5645659,0.25,NSF|OR|CORVALLIS,41003,Benton,source_coordinate_within_county
2050152,University of Nebraska-Lincoln,NE,Lincoln city,-96.7077751,40.8088861,1.0,NSF|NE|LINCOLN,31109,Lancaster,source_coordinate_within_county
2002589,University of Delaware,DE,Newark city,-75.7515682,39.6828358,0.5,NSF|DE|NEWARK,10003,New Castle,source_coordinate_within_county
1951636,Mississippi State University,MS,Mississippi State CDP,-88.7943232,33.4386876,1.0,NSF|MS|MISSISSIPPI STATE,28105,Oktibbeha,source_coordinate_within_county
2036193,"OHIO STATE UNIVERSITY, THE",OH,Columbus city,-83.0007065,39.9622601,1.0,NSF|OH|COLUMBUS,39049,Franklin,source_coordinate_within_county
2029682,Florida State University,FL,Tallahassee city,-84.2809332,30.4380832,1.0,NSF|FL|TALLAHASSEE,12073,Leon,source_coordinate_within_county
2039498,Purdue University,IN,West Lafayette city,-86.9080655,40.4258686,1.0,NSF|IN|WEST LAFAYETTE,18157,Tippecanoe,source_coordinate_within_county
2020745,University of California-San Diego,CA,San Diego city,-117.2740777,32.8401623,1.0,NSF|CA|LA JOLLA,06073,San Diego,source_coordinate_within_county
2018879,North Carolina Agricultural & Technical State University,NC,Greensboro city,-79.7919754,36.0726355,1.0,NSF|NC|GREENSBORO,37081,Guilford,source_coordinate_within_county
2000980,University of South Florida,FL,Tampa city,-82.4583107,27.9449854,0.5,NSF|FL|TAMPA,12057,Hillsborough,source_coordinate_within_county
2000761,Pennsylvania State Univ University Park,PA,College township,-77.8710571,40.8128971,0.5,NSF|PA|UNIVERSITY PARK,42027,Centre,source_coordinate_within_county
1944374,University of Alabama Tuscaloosa,AL,Tuscaloosa city,-87.5675258,33.2095614,1.0,NSF|AL|TUSCALOOSA,01125,Tuscaloosa,source_coordinate_within_county
2030362,Clemson University,SC,Clemson city,-82.8364111,34.6850749,0.5,NSF|SC|CLEMSON,45077,Pickens,source_coordinate_within_county
2002477,University of Pennsylvania,PA,Philadelphia city,-75.1635262,39.9527237,1.0,NSF|PA|PHILADELPHIA,42101,Philadelphia,source_coordinate_within_county
2030416,University of California-Berkeley,CA,Berkeley city,-122.272863,37.8708393,0.5,NSF|CA|BERKELEY,06001,Alameda,source_coordinate_within_county
1944513,University of Tennessee Knoxville,TN,Knoxville city,-83.9210261,35.9603948,1.0,NSF|TN|KNOXVILLE,47093,Knox,source_coordinate_within_county
1935173,University of Wisconsin-Madison,WI,Madison city,-89.3841663,43.07469,1.0,NSF|WI|MADISON,55025,Dane,source_coordinate_within_county
1937290,Northwestern University,IL,Evanston city,-87.6846053,42.0470043,1.0,NSF|IL|EVANSTON,17031,Cook,source_coordinate_within_county
2026599,Columbia University,NY,New York city,-74.0060152,40.7127281,1.0,NSF|NY|NEW YORK,36061,New York,source_coordinate_within_county
2022427,William Marsh Rice University,TX,Houston city,-95.3676974,29.7589382,0.5,NSF|TX|HOUSTON,48201,Harris,source_coordinate_within_county
1944776,Cleveland State University,OH,Cleveland city,-81.6936772,41.4996574,1.0,NSF|OH|CLEVELAND,39035,Cuyahoga,source_coordinate_within_county
2002620,North Carolina State University,NC,Raleigh city,-78.6390989,35.7803977,1.0,NSF|NC|RALEIGH,37183,Wake,source_coordinate_within_county
2022390,University of Connecticut,CT,Storrs CDP,-72.2495231,41.8084314,0.5,NSF|CT|STORRS,09110,Capitol,source_coordinate_within_county
2014330,Florida State University,FL,Tallahassee city,-84.2809332,30.4380832,1.0,NSF|FL|TALLAHASSEE,12073,Leon,source_coordinate_within_county
1942099,University of Wisconsin-Madison,WI,Madison city,-89.3841663,43.07469,1.0,NSF|WI|MADISON,55025,Dane,source_coordinate_within_county
1942206,The University of Central Florida Board of Trustees,FL,Orlando city,-81.379045,28.5421218,0.5,NSF|FL|ORLANDO,12095,Orange,source_coordinate_within_county
2002617,Earthquake Engineering Research Institute,CA,Oakland city,-122.271356,37.8044557,1.0,NSF|CA|OAKLAND,06001,Alameda,source_coordinate_within_county
1933345,Florida International University,FL,Miami city,-80.1935973,25.7741566,0.5,NSF|FL|MIAMI,12086,Miami-Dade,source_coordinate_within_county
1933646,Georgia Tech Research Corporation,GA,Atlanta city,-84.3898151,33.7544657,1.0,NSF|GA|ATLANTA,13121,Fulton,source_coordinate_within_county
2025106,University of California-Berkeley,CA,Berkeley city,-122.272863,37.8708393,0.5,NSF|CA|BERKELEY,06001,Alameda,source_coordinate_within_county
1902642,Purdue University,IN,West Lafayette city,-86.9080655,40.4258686,0.5,NSF|IN|WEST LAFAYETTE,18157,Tippecanoe,source_coordinate_within_county
1935551,University of California-Berkeley,CA,Berkeley city,-122.272863,37.8708393,1.0,NSF|CA|BERKELEY,06001,Alameda,source_coordinate_within_county
1904055,University of South Florida,FL,Tampa city,-82.4583107,27.9449854,1.0,NSF|FL|TAMPA,12057,Hillsborough,source_coordinate_within_county
1841927,University of Washington,WA,Seattle city,-122.330062,47.6038321,1.0,NSF|WA|SEATTLE,53033,King,source_coordinate_within_county
1756958,University of Colorado at Boulder,CO,Boulder city,-105.270545,40.0149856,1.0,NSF|CO|BOULDER,08013,Boulder,source_coordinate_within_county
1902463,Woods Hole Oceanographic Institution,MA,Woods Hole CDP,-70.6694015,41.5238752,1.0,NSF|MA|WOODS HOLE,25001,Barnstable,source_coordinate_within_county
1904185,San Diego State University Foundation,CA,San Diego city,-117.162772,32.7174202,0.25,NSF|CA|SAN DIEGO,06073,San Diego,source_coordinate_within_county
1901787,University of Delaware,DE,Newark city,-75.7515682,39.6828358,1.0,NSF|DE|NEWARK,10003,New Castle,source_coordinate_within_county
1927755,University of South Carolina at Columbia,SC,Columbia city,-81.0352313,34.000754,1.0,NSF|SC|COLUMBIA,45079,Richland,source_coordinate_within_county
1902496,East Carolina University,NC,Greenville city,-77.3724593,35.613224,1.0,NSF|NC|GREENVILLE,37147,Pitt,source_coordinate_within_county
1830024,Oregon State University,OR,Corvallis city,-123.2620435,44.5645659,0.5,NSF|OR|CORVALLIS,41003,Benton,source_coordinate_within_county
1840715,Bowling Green State University,OH,Bowling Green city,-83.6513229,41.3747744,1.0,NSF|OH|BOWLING GREEN,39173,Wood,source_coordinate_within_county
1830856,Oregon State University,OR,Corvallis city,-123.2620435,44.5645659,1.0,NSF|OR|CORVALLIS,41003,Benton,source_coordinate_within_county
1834492,California Institute of Technology,CA,Pasadena city,-118.144155,34.1476507,1.0,NSF|CA|PASADENA,06037,Los Angeles,source_coordinate_within_county
1829981,University of California-Los Angeles,CA,Los Angeles city,-118.242766,34.0536909,1.0,NSF|CA|LOS ANGELES,06037,Los Angeles,source_coordinate_within_county
1758001,University of Colorado at Boulder,CO,Boulder city,-105.270545,40.0149856,1.0,NSF|CO|BOULDER,08013,Boulder,source_coordinate_within_county
1830056,University of Southern California,CA,Los Angeles city,-118.242766,34.0536909,0.5,NSF|CA|LOS ANGELES,06037,Los Angeles,source_coordinate_within_county
1841614,University of Kansas Center for Research Inc,KS,Lawrence city,-95.2359403,38.9719137,0.5,NSF|KS|LAWRENCE,20045,Douglas,source_coordinate_within_county
1752477,University of Illinois at Urbana-Champaign,IL,Urbana city,-88.207301,40.1117174,1.0,NSF|IL|URBANA,17019,Champaign,source_coordinate_within_county
1828096,University of Washington,WA,Seattle city,-122.330062,47.6038321,1.0,NSF|WA|SEATTLE,53033,King,source_coordinate_within_county
1828679,University of Louisiana at Lafayette,LA,Lafayette city,-92.0178202,30.2262187,1.0,NSF|LA|LAFAYETTE,22055,Lafayette,source_coordinate_within_county
1848650,Woods Hole Oceanographic Institution,MA,Woods Hole CDP,-70.6694015,41.5238752,1.0,NSF|MA|WOODS HOLE,25001,Barnstable,source_coordinate_within_county
1854644,Bates College,ME,Lewiston city,-70.2177099,44.0990717,0.5,NSF|ME|LEWISTON,23001,Androscoggin,source_coordinate_within_county
1841608,Marine Biological Laboratory,MA,Woods Hole CDP,-70.6694015,41.5238752,1.0,NSF|MA|WOODS HOLE,25001,Barnstable,source_coordinate_within_county
1829921,Cornell University,NY,Ithaca city,-76.4968019,42.4396039,0.333333333333,NSF|NY|ITHACA,36109,Tompkins,source_coordinate_within_county
1836426,Dartmouth College,NH,Hanover CDP,-72.2892164,43.7023545,1.0,NSF|NH|HANOVER,33009,Grafton,source_coordinate_within_county
1833201,Old Dominion University Research Foundation,VA,Norfolk city,-76.2899539,36.8493695,0.5,NSF|VA|NORFOLK,51710,Norfolk,source_coordinate_within_county
1829778,University of California-San Diego Scripps Inst of Oceanography,CA,San Diego city,-117.2740777,32.8401623,1.0,NSF|CA|LA JOLLA,06073,San Diego,source_coordinate_within_county
1833215,University of Delaware,DE,Newark city,-75.7515682,39.6828358,0.5,NSF|DE|NEWARK,10003,New Castle,source_coordinate_within_county
1829890,The University of Central Florida Board of Trustees,FL,Orlando city,-81.379045,28.5421218,0.333333333333,NSF|FL|ORLANDO,12095,Orange,source_coordinate_within_county
1832837,University of California-Santa Barbara,CA,Santa Barbara city,-119.702667,34.4221319,1.0,NSF|CA|SANTA BARBARA,06083,Santa Barbara,source_coordinate_within_county
1829992,University of California-Davis,CA,Davis city,-121.739005,38.5435526,1.0,NSF|CA|DAVIS,06113,Yolo,source_coordinate_within_county
1841948,University of Alaska Fairbanks Campus,AK,Fairbanks city,-147.716675,64.837845,1.0,NSF|AK|FAIRBANKS,02090,Fairbanks North Star,source_coordinate_within_county
1829976,University of California-Davis,CA,Davis city,-121.739005,38.5435526,1.0,NSF|CA|DAVIS,06113,Yolo,source_coordinate_within_county
1840381,Woods Hole Oceanographic Institution,MA,Woods Hole CDP,-70.6694015,41.5238752,1.0,NSF|MA|WOODS HOLE,25001,Barnstable,source_coordinate_within_county
1829922,Smithsonian Institution,DC,Washington city,-77.0363849,38.8950982,0.333333333333,NSF|DC|WASHINGTON,11001,District of Columbia,source_coordinate_within_county
1810855,Florida State University,FL,Tallahassee city,-84.2809332,30.4380832,1.0,NSF|FL|TALLAHASSEE,12073,Leon,source_coordinate_within_county
1829519,University of South Carolina at Columbia,SC,Columbia city,-81.0352313,34.000754,1.0,NSF|SC|COLUMBIA,45079,Richland,source_coordinate_within_county
1841610,Hampshire College,MA,Amherst Town city,-72.5198761,42.3731948,0.5,NSF|MA|AMHERST,25015,Hampshire,source_coordinate_within_county
1820927,Colorado State University,CO,Fort Collins city,-105.0770113,40.5871782,1.0,NSF|CO|FORT COLLINS,08069,Larimer,source_coordinate_within_county
1832828,California Academy of Sciences,CA,San Francisco city,-122.4075201,37.7879363,1.0,NSF|CA|SAN FRANCISCO,06075,San Francisco,source_coordinate_within_county
1827870,Virginia Polytechnic Institute and State University,VA,Blacksburg town,-80.4136767,37.2296566,0.333333333333,NSF|VA|BLACKSBURG,51121,Montgomery,source_coordinate_within_county
1921191,University of New Mexico,NM,Albuquerque city,-106.650985,35.0841034,0.5,NSF|NM|ALBUQUERQUE,35001,Bernalillo,source_coordinate_within_county
1824770,Yale University,CT,New Haven city,-72.9250518,41.3082138,1.0,NSF|CT|NEW HAVEN,09170,South Central Connecticut,source_coordinate_within_county
1827863,University of Houston,TX,Houston city,-95.3676974,29.7589382,0.333333333333,NSF|TX|HOUSTON,48201,Harris,source_coordinate_within_county
1827866,University of Kansas Center for Research Inc,KS,Lawrence city,-95.2359403,38.9719137,0.333333333333,NSF|KS|LAWRENCE,20045,Douglas,source_coordinate_within_county
1836473,Brown University,RI,Providence city,-71.4128343,41.8239891,1.0,NSF|RI|PROVIDENCE,44007,Providence,source_coordinate_within_county
1756054,Bigelow Laboratory for Ocean Sciences,ME,Boothbay town,-69.5849926,43.8639881,1.0,NSF|ME|EAST BOOTHBAY,23015,Lincoln,source_coordinate_within_county
1844215,University Corporation For Atmospheric Res,CO,Boulder city,-105.270545,40.0149856,1.0,NSF|CO|BOULDER,08013,Boulder,source_coordinate_within_county
1801764,Washington State University,WA,Pullman city,-117.1799363,46.7295818,1.0,NSF|WA|PULLMAN,53075,Whitman,source_coordinate_within_county
1824820,University of Connecticut,CT,Storrs CDP,-72.2495231,41.8084314,1.0,NSF|CT|STORRS,09110,Capitol,source_coordinate_within_county
1756517,University of Hawaii,HI,Urban Honolulu CDP,-157.855676,21.304547,1.0,NSF|HI|HONOLULU,15003,Honolulu,source_coordinate_within_county
1756312,College of William & Mary Virginia Institute of Marine Science,VA,Gloucester Point CDP,-76.496899,37.2540351,1.0,NSF|VA|GLOUCESTER POINT,51073,Gloucester,source_coordinate_within_county
1822664,University of Colorado at Boulder,CO,Boulder city,-105.270545,40.0149856,1.0,NSF|CO|BOULDER,08013,Boulder,source_coordinate_within_county
1805819,"OHIO STATE UNIVERSITY, THE",OH,Columbus city,-83.0007065,39.9622601,1.0,NSF|OH|COLUMBUS,39049,Franklin,source_coordinate_within_county
1801142,Virginia Polytechnic Institute and State University,VA,Blacksburg town,-80.4136767,37.2296566,0.333333333333,NSF|VA|BLACKSBURG,51121,Montgomery,source_coordinate_within_county
1804635,Cornell College,IA,Mount Vernon city,-91.4171209,41.9222443,0.25,NSF|IA|MOUNT VERNON,19113,Linn,source_coordinate_within_county
1827654,Louisiana Board of Regents,LA,Baton Rouge city,-91.1869659,30.4494155,1.0,NSF|LA|BATON ROUGE,22033,East Baton Rouge,source_coordinate_within_county
1804132,Woods Hole Oceanographic Institution,MA,Woods Hole CDP,-70.6694015,41.5238752,0.25,NSF|MA|WOODS HOLE,25001,Barnstable,source_coordinate_within_county
1805143,University of California-Santa Barbara,CA,Santa Barbara city,-119.702667,34.4221319,1.0,NSF|CA|SANTA BARBARA,06083,Santa Barbara,source_coordinate_within_county
1805163,Union College,NY,Schenectady city,-73.9395687,42.8142432,0.25,NSF|NY|SCHENECTADY,36093,Schenectady,source_coordinate_within_county
1801118,William Marsh Rice University,TX,Houston city,-95.3676974,29.7589382,0.333333333333,NSF|TX|HOUSTON,48201,Harris,source_coordinate_within_county
1813611,University of Hawaii,HI,Urban Honolulu CDP,-157.855676,21.304547,1.0,NSF|HI|HONOLULU,15003,Honolulu,source_coordinate_within_county
1804528,Iowa State University,IA,Ames city,-93.6170448,42.0267567,0.25,NSF|IA|AMES,19169,Story,source_coordinate_within_county
1752729,Michigan State University,MI,East Lansing city,-84.4721678,42.7320307,1.0,NSF|MI|EAST LANSING,26065,Ingham,source_coordinate_within_county
1824152,University of Colorado at Boulder,CO,Boulder city,-105.270545,40.0149856,0.5,NSF|CO|BOULDER,08013,Boulder,source_coordinate_within_county
1733580,Huntington Consulting,AK,Anchorage municipality,-149.561315,61.3154099,0.5,NSF|AK|EAGLE RIVER,02020,Anchorage,source_coordinate_within_county
1733578,Colorado State University,CO,Fort Collins city,-105.0770113,40.5871782,0.5,NSF|CO|FORT COLLINS,08069,Larimer,source_coordinate_within_county
1733688,University of Colorado at Boulder,CO,Boulder city,-105.270545,40.0149856,1.0,NSF|CO|BOULDER,08013,Boulder,source_coordinate_within_county
1756208,University of California-Santa Cruz,CA,Santa Cruz city,-122.0294673,36.9743626,0.25,NSF|CA|SANTA CRUZ,06087,Santa Cruz,source_coordinate_within_county
1756216,San Jose State University Foundation,CA,San Jose city,-121.890591,37.3361663,0.25,NSF|CA|SAN JOSE,06085,Santa Clara,source_coordinate_within_county
1756173,University of California-Irvine,CA,Irvine city,-117.825981,33.6856969,0.25,NSF|CA|IRVINE,06059,Orange,source_coordinate_within_county
1756381,SUNY at Buffalo,NY,Amherst town,-78.7997616,42.9783924,1.0,NSF|NY|AMHERST,36029,Erie,source_coordinate_within_county
1738896,Regents of the University of Michigan - Ann Arbor,MI,Ann Arbor city,-83.7484616,42.2813722,1.0,NSF|MI|ANN ARBOR,26161,Washtenaw,source_coordinate_within_county
1743355,University of Florida,FL,Gainesville city,-82.3249846,29.6519684,0.333333333333,NSF|FL|GAINESVILLE,12001,Alachua,source_coordinate_within_county
1761441,University of Colorado at Boulder,CO,Boulder city,-105.270545,40.0149856,1.0,NSF|CO|BOULDER,08013,Boulder,source_coordinate_within_county
1743370,Michigan Technological University,MI,Houghton city,-88.569012,47.121872,0.333333333333,NSF|MI|HOUGHTON,26061,Houghton,source_coordinate_within_county
1743383,University of South Florida,FL,Tampa city,-82.4583107,27.9449854,0.333333333333,NSF|FL|TAMPA,12057,Hillsborough,source_coordinate_within_county
1855918,Woods Hole Oceanographic Institution,MA,Woods Hole CDP,-70.6694015,41.5238752,1.0,NSF|MA|WOODS HOLE,25001,Barnstable,source_coordinate_within_county
1817295,University of Colorado at Boulder,CO,Boulder city,-105.270545,40.0149856,1.0,NSF|CO|BOULDER,08013,Boulder,source_coordinate_within_county
1737258,College of William & Mary Virginia Institute of Marine Science,VA,Gloucester Point CDP,-76.496899,37.2540351,1.0,NSF|VA|GLOUCESTER POINT,51073,Gloucester,source_coordinate_within_county
1748308,Arctic Research Consortium of the U.S.,AK,Fairbanks city,-147.716675,64.837845,0.2,NSF|AK|FAIRBANKS,02090,Fairbanks North Star,source_coordinate_within_county
1733564,Woods Hole Oceanographic Institution,MA,Woods Hole CDP,-70.6694015,41.5238752,1.0,NSF|MA|WOODS HOLE,25001,Barnstable,source_coordinate_within_county
1720875,University of Connecticut,CT,Storrs CDP,-72.2495231,41.8084314,0.25,NSF|CT|STORRS,09110,Capitol,source_coordinate_within_county
1748325,University of New Hampshire,NH,Durham CDP,-70.9177186,43.1214141,0.2,NSF|NH|DURHAM,33017,Strafford,source_coordinate_within_county
1703041,Skidmore College,NY,Saratoga Springs city,-73.785373,43.0822315,0.333333333333,NSF|NY|SARATOGA SPRINGS,36091,Saratoga,source_coordinate_within_county
1751363,University of Washington,WA,Seattle city,-122.330062,47.6038321,0.2,NSF|WA|SEATTLE,53033,King,source_coordinate_within_county
1722572,University of Alaska Fairbanks Campus,AK,Fairbanks city,-147.716675,64.837845,0.25,NSF|AK|FAIRBANKS,02090,Fairbanks North Star,source_coordinate_within_county
1748953,University of Colorado at Boulder,CO,Boulder city,-105.270545,40.0149856,0.2,NSF|CO|BOULDER,08013,Boulder,source_coordinate_within_county
1749081,University of Alaska Fairbanks Campus,AK,Fairbanks city,-147.716675,64.837845,0.2,NSF|AK|FAIRBANKS,02090,Fairbanks North Star,source_coordinate_within_county
1721030,University of Virginia Main Campus,VA,Charlottesville city,-78.4766781,38.029306,0.25,NSF|VA|CHARLOTTESVILLE,51540,Charlottesville,source_coordinate_within_county
1702848,Auburn University,AL,Auburn city,-85.4807825,32.6098566,0.333333333333,NSF|AL|AUBURN,01081,Lee,source_coordinate_within_county
1736629,Regents of the University of Michigan - Ann Arbor,MI,Ann Arbor city,-83.7484616,42.2813722,1.0,NSF|MI|ANN ARBOR,26161,Washtenaw,source_coordinate_within_county
1744417,University of Nebraska-Lincoln,NE,Lincoln city,-96.7077751,40.8088861,1.0,NSF|NE|LINCOLN,31109,Lancaster,source_coordinate_within_county
1831770,Rand Corporation,CA,Santa Monica city,-118.491227,34.0194704,1.0,NSF|CA|SANTA MONICA,06037,Los Angeles,source_coordinate_within_county
1839021,Georgetown University,DC,Washington city,-77.0363849,38.8950982,1.0,NSF|DC|WASHINGTON,11001,District of Columbia,source_coordinate_within_county
1831669,University of Notre Dame,IN,Notre Dame CDP,-86.2373691,41.6992003,0.5,NSF|IN|NOTRE DAME,18141,St. Joseph,source_coordinate_within_county
1810976,University of Minnesota-Twin Cities,MN,Minneapolis city,-93.2654692,44.9772995,1.0,NSF|MN|MINNEAPOLIS,27053,Hennepin,source_coordinate_within_county
1856359,Northeastern University,MA,Boston city,-71.0578303,42.3588336,1.0,NSF|MA|BOSTON,25025,Suffolk,source_coordinate_within_county
1830746,University of California - Merced,CA,Merced city,-120.4843269,37.3029568,1.0,NSF|CA|MERCED,06047,Merced,source_coordinate_within_county
1737424,Virginia Polytechnic Institute and State University,VA,Blacksburg town,-80.4136767,37.2296566,1.0,NSF|VA|BLACKSBURG,51121,Montgomery,source_coordinate_within_county
1903486,University of Kansas Center for Research Inc,KS,Lawrence city,-95.2359403,38.9719137,1.0,NSF|KS|LAWRENCE,20045,Douglas,source_coordinate_within_county
1906162,University of Southern California,CA,Los Angeles city,-118.242766,34.0536909,1.0,NSF|CA|LOS ANGELES,06037,Los Angeles,source_coordinate_within_county
1904327,University of Washington,WA,Seattle city,-122.330062,47.6038321,0.5,NSF|WA|SEATTLE,53033,King,source_coordinate_within_county
1901746,University of North Carolina at Wilmington,NC,Wilmington city,-77.9487284,34.2352853,1.0,NSF|NC|WILMINGTON,37129,New Hanover,source_coordinate_within_county
1855588,Clemson University,SC,Clemson city,-82.8364111,34.6850749,1.0,NSF|SC|CLEMSON,45077,Pickens,source_coordinate_within_county
1804169,Stanford University,CA,Stanford CDP,-122.1702445,37.427467,1.0,NSF|CA|STANFORD,06085,Santa Clara,source_coordinate_within_county
1841667,University of Notre Dame,IN,Notre Dame CDP,-86.2373691,41.6992003,1.0,NSF|IN|NOTRE DAME,18141,St. Joseph,source_coordinate_within_county
1902460,University of Texas at Austin,TX,Austin city,-97.7436995,30.2711286,1.0,NSF|TX|AUSTIN,48453,Travis,source_coordinate_within_county
1805406,University of Notre Dame,IN,Notre Dame CDP,-86.2373691,41.6992003,1.0,NSF|IN|NOTRE DAME,18141,St. Joseph,source_coordinate_within_county
1852995,University of Washington,WA,Seattle city,-122.330062,47.6038321,1.0,NSF|WA|SEATTLE,53033,King,source_coordinate_within_county
1806066,University of California-Irvine,CA,Irvine city,-117.825981,33.6856969,1.0,NSF|CA|IRVINE,06059,Orange,source_coordinate_within_county
1826407,Oregon State University,OR,Corvallis city,-123.2620435,44.5645659,1.0,NSF|OR|CORVALLIS,41003,Benton,source_coordinate_within_county
1826455,University of Washington,WA,Seattle city,-122.330062,47.6038321,1.0,NSF|WA|SEATTLE,53033,King,source_coordinate_within_county
1832678,CUNY City College,NY,New York city,-74.0060152,40.7127281,0.333333333333,NSF|NY|NEW YORK,36061,New York,source_coordinate_within_county
1853041,North Carolina State University,NC,Raleigh city,-78.6390989,35.7803977,1.0,NSF|NC|RALEIGH,37183,Wake,source_coordinate_within_county
1841558,New York Institute of Technology,NY,New York city,-74.0060152,40.7127281,1.0,NSF|NY|NEW YORK,36061,New York,source_coordinate_within_county
1832576,University of Puerto Rico Mayaguez,PR,Mayagüez zona urbana,-67.1391124,18.2011161,0.333333333333,NSF|PR|MAYAGUEZ,72097,Mayagüez,source_coordinate_within_county
1828443,University of Puerto Rico Mayaguez,PR,Mayagüez zona urbana,-67.1391124,18.2011161,1.0,NSF|PR|MAYAGUEZ,72097,Mayagüez,source_coordinate_within_county
1805215,Purdue University,IN,West Lafayette city,-86.9080655,40.4258686,1.0,NSF|IN|WEST LAFAYETTE,18157,Tippecanoe,source_coordinate_within_county
1762825,Texas A&M Engineering Experiment Station,TX,College Station city,-96.3455991,30.6183939,1.0,NSF|TX|COLLEGE STATION,48041,Brazos,source_coordinate_within_county
1840249,University of Minnesota-Twin Cities,MN,Minneapolis city,-93.2654692,44.9772995,1.0,NSF|MN|MINNEAPOLIS,27053,Hennepin,source_coordinate_within_county
1840513,Cornell University,NY,Ithaca city,-76.4968019,42.4396039,1.0,NSF|NY|ITHACA,36109,Tompkins,source_coordinate_within_county
1840654,Boise State University,ID,Boise City city,-116.200886,43.6166163,1.0,NSF|ID|BOISE,16001,Ada,source_coordinate_within_county
1840504,Virginia Polytechnic Institute and State University,VA,Blacksburg town,-80.4136767,37.2296566,1.0,NSF|VA|BLACKSBURG,51121,Montgomery,source_coordinate_within_county
1840560,University of Virginia Main Campus,VA,Charlottesville city,-78.4766781,38.029306,1.0,NSF|VA|CHARLOTTESVILLE,51540,Charlottesville,source_coordinate_within_county
1822163,Purdue University,IN,West Lafayette city,-86.9080655,40.4258686,1.0,NSF|IN|WEST LAFAYETTE,18157,Tippecanoe,source_coordinate_within_county
1804158,University of Utah,UT,Salt Lake City city,-111.886797,40.7596198,1.0,NSF|UT|SALT LAKE CITY,49035,Salt Lake,source_coordinate_within_county
1807142,University of Washington,WA,Seattle city,-122.330062,47.6038321,0.5,NSF|WA|SEATTLE,53033,King,source_coordinate_within_county
1840660,University of Alaska Fairbanks Campus,AK,Fairbanks city,-147.716675,64.837845,1.0,NSF|AK|FAIRBANKS,02090,Fairbanks North Star,source_coordinate_within_county
1840478,South Dakota School of Mines and Technology,SD,Rapid City city,-103.228023,44.0806041,1.0,NSF|SD|RAPID CITY,46103,Pennington,source_coordinate_within_county
1810537,Arizona State University,AZ,Scottsdale city,-111.926018,33.4942189,0.5,NSF|AZ|SCOTTSDALE,04013,Maricopa,source_coordinate_within_county
1803697,University of North Carolina at Chapel Hill,NC,Chapel Hill town,-79.05578,35.9131542,1.0,NSF|NC|CHAPEL HILL,37135,Orange,source_coordinate_within_county
1804975,Cornell University,NY,Ithaca city,-76.4968019,42.4396039,1.0,NSF|NY|ITHACA,36109,Tompkins,source_coordinate_within_county
1805901,William Marsh Rice University,TX,Houston city,-95.3676974,29.7589382,1.0,NSF|TX|HOUSTON,48201,Harris,source_coordinate_within_county
1852765,Georgia Tech Research Corporation,GA,Atlanta city,-84.3898151,33.7544657,0.333333333333,NSF|GA|ATLANTA,13121,Fulton,source_coordinate_within_county
1805152,University of Tennessee Knoxville,TN,Knoxville city,-83.9210261,35.9603948,0.333333333333,NSF|TN|KNOXVILLE,47093,Knox,source_coordinate_within_county
1824995,University of Washington,WA,Seattle city,-122.330062,47.6038321,0.5,NSF|WA|SEATTLE,53033,King,source_coordinate_within_county
1752531,Colorado School of Mines,CO,Golden city,-105.22058,39.7546349,1.0,NSF|CO|GOLDEN,08059,Jefferson,source_coordinate_within_county
1803200,University of Delaware,DE,Newark city,-75.7515682,39.6828358,1.0,NSF|DE|NEWARK,10003,New Castle,source_coordinate_within_county
1762918,"OHIO STATE UNIVERSITY, THE",OH,Columbus city,-83.0007065,39.9622601,0.5,NSF|OH|COLUMBUS,39049,Franklin,source_coordinate_within_county
1805958,University of Texas at Austin,TX,Austin city,-97.7436995,30.2711286,1.0,NSF|TX|AUSTIN,48453,Travis,source_coordinate_within_county
1825908,Florida International University,FL,Miami city,-80.1935973,25.7741566,0.5,NSF|FL|MIAMI,12086,Miami-Dade,source_coordinate_within_county
1762968,Florida International University,FL,Miami city,-80.1935973,25.7741566,0.5,NSF|FL|MIAMI,12086,Miami-Dade,source_coordinate_within_county
1805631,Kansas State University,KS,Manhattan city,-96.5716694,39.1836082,1.0,NSF|KS|MANHATTAN,20161,Riley,source_coordinate_within_county
1805549,Juniata College,PA,Huntingdon borough,-78.0102813,40.4847959,0.333333333333,NSF|PA|HUNTINGDON,42061,Huntingdon,source_coordinate_within_county
1804685,Michigan Technological University,MI,Houghton city,-88.569012,47.121872,0.333333333333,NSF|MI|HOUGHTON,26061,Houghton,source_coordinate_within_county
1751844,Iowa State University,IA,Ames city,-93.6170448,42.0267567,1.0,NSF|IA|AMES,19169,Story,source_coordinate_within_county
1801284,University of South Carolina at Columbia,SC,Columbia city,-81.0352313,34.000754,1.0,NSF|SC|COLUMBIA,45079,Richland,source_coordinate_within_county
1755719,Tufts University,MA,Medford city,-71.1061639,42.4184296,0.5,NSF|MA|MEDFORD,25017,Middlesex,source_coordinate_within_county
1833298,University of Colorado at Boulder,CO,Boulder city,-105.270545,40.0149856,1.0,NSF|CO|BOULDER,08013,Boulder,source_coordinate_within_county
1809830,Cornell University,NY,Ithaca city,-76.4968019,42.4396039,1.0,NSF|NY|ITHACA,36109,Tompkins,source_coordinate_within_county
1763109,Texas Tech University,TX,Lubbock city,-101.8470215,33.5855677,0.5,NSF|TX|LUBBOCK,48303,Lubbock,source_coordinate_within_county
1762277,University of Notre Dame,IN,Notre Dame CDP,-86.2373691,41.6992003,1.0,NSF|IN|NOTRE DAME,18141,St. Joseph,source_coordinate_within_county
1748439,West Chester University of Pennsylvania,PA,West Chester borough,-75.6044609,39.9597389,1.0,NSF|PA|WEST CHESTER,42029,Chester,source_coordinate_within_county
1805914,Louisiana State University,LA,Baton Rouge city,-91.1869659,30.4494155,1.0,NSF|LA|BATON ROUGE,22033,East Baton Rouge,source_coordinate_within_county
1762999,University of Arkansas,AR,Fayetteville city,-94.1574328,36.0625843,0.5,NSF|AR|FAYETTEVILLE,05143,Washington,source_coordinate_within_county
1749530,Northeastern University,MA,Boston city,-71.0578303,42.3588336,0.5,NSF|MA|BOSTON,25025,Suffolk,source_coordinate_within_county
1757459,Gordon Research Conferences,RI,East Greenwich town,-71.4558911,41.6603788,1.0,NSF|RI|EAST GREENWICH,44003,Kent,source_coordinate_within_county
1752362,Johns Hopkins University,MD,Baltimore city,-76.610759,39.2908816,1.0,NSF|MD|BALTIMORE,24510,Baltimore,source_coordinate_within_county
1751946,SUNY at Binghamton,NY,Binghamton city,-75.9125187,42.098698,1.0,NSF|NY|BINGHAMTON,36007,Broome,source_coordinate_within_county
1751925,Massachusetts Institute of Technology,MA,Cambridge city,-71.1040018,42.3656347,1.0,NSF|MA|CAMBRIDGE,25017,Middlesex,source_coordinate_within_county
1812521,The University of Texas Health Science Center at Houston,TX,Houston city,-95.3676974,29.7589382,0.5,NSF|TX|HOUSTON,48201,Harris,source_coordinate_within_county
1812620,Inter American University of Puerto Rico San Juan,PR,San Juan zona urbana,-66.116666,18.465299,0.5,NSF|PR|SAN JUAN,72127,San Juan,source_coordinate_within_county
1812697,University of Colorado at Boulder,CO,Boulder city,-105.270545,40.0149856,1.0,NSF|CO|BOULDER,08013,Boulder,source_coordinate_within_county
1743997,University of New Hampshire,NH,Durham CDP,-70.9177186,43.1214141,1.0,NSF|NH|DURHAM,33017,Strafford,source_coordinate_within_county
1838241,University of California-Berkeley,CA,Berkeley city,-122.272863,37.8708393,1.0,NSF|CA|BERKELEY,06001,Alameda,source_coordinate_within_county
2227928,University of Alaska Fairbanks Campus,AK,Fairbanks city,-147.716675,64.837845,1.0,NSF|AK|FAIRBANKS,02090,Fairbanks North Star,source_coordinate_within_county
2228587,Gulf of Maine Research Institute,ME,Portland city,-70.2586618,43.6573605,1.0,NSF|ME|PORTLAND,23005,Cumberland,source_coordinate_within_county
2053494,Texas Tech University,TX,Lubbock city,-101.8470215,33.5855677,1.0,NSF|TX|LUBBOCK,48303,Lubbock,source_coordinate_within_county
2220792,Georgia Tech Research Corporation,GA,Atlanta city,-84.3898151,33.7544657,0.5,NSF|GA|ATLANTA,13121,Fulton,source_coordinate_within_county
2203731,Georgia Tech Research Corporation,GA,Atlanta city,-84.3898151,33.7544657,0.5,NSF|GA|ATLANTA,13121,Fulton,source_coordinate_within_county
2053935,Auburn University,AL,Auburn city,-85.4807825,32.6098566,1.0,NSF|AL|AUBURN,01081,Lee,source_coordinate_within_county
2125283,Clemson University,SC,Clemson city,-82.8364111,34.6850749,1.0,NSF|SC|CLEMSON,45077,Pickens,source_coordinate_within_county
2032974,Florida International University,FL,Miami city,-80.1935973,25.7741566,1.0,NSF|FL|MIAMI,12086,Miami-Dade,source_coordinate_within_county
2143902,Texas Southern University,TX,Houston city,-95.3676974,29.7589382,0.333333333333,NSF|TX|HOUSTON,48201,Harris,source_coordinate_within_county
2124455,University of California-Los Angeles,CA,Los Angeles city,-118.242766,34.0536909,1.0,NSF|CA|LOS ANGELES,06037,Los Angeles,source_coordinate_within_county
2141092,Texas Tech University,TX,Lubbock city,-101.8470215,33.5855677,0.333333333333,NSF|TX|LUBBOCK,48303,Lubbock,source_coordinate_within_county
2130945,Texas A&M Engineering Experiment Station,TX,College Station city,-96.3455991,30.6183939,1.0,NSF|TX|COLLEGE STATION,48041,Brazos,source_coordinate_within_county
2100837,University Corporation For Atmospheric Res,CO,Boulder city,-105.270545,40.0149856,0.5,NSF|CO|BOULDER,08013,Boulder,source_coordinate_within_county
2035623,Rochester Institute of Tech,NY,Rochester city,-77.615214,43.157285,0.333333333333,NSF|NY|ROCHESTER,36055,Monroe,source_coordinate_within_county
2034855,SUNY at Binghamton,NY,Binghamton city,-75.9125187,42.098698,0.333333333333,NSF|NY|BINGHAMTON,36007,Broome,source_coordinate_within_county
2123852,University of Kansas Center for Research Inc,KS,Lawrence city,-95.2359403,38.9719137,1.0,NSF|KS|LAWRENCE,20045,Douglas,source_coordinate_within_county
2032838,University of Utah,UT,Salt Lake City city,-111.886797,40.7596198,1.0,NSF|UT|SALT LAKE CITY,49035,Salt Lake,source_coordinate_within_county
2123794,University of Delaware,DE,Newark city,-75.7515682,39.6828358,1.0,NSF|DE|NEWARK,10003,New Castle,source_coordinate_within_county
2126467,Worcester Polytechnic Institute,MA,Worcester city,-71.8018877,42.2625621,1.0,NSF|MA|WORCESTER,25027,Worcester,source_coordinate_within_county
2100801,University of Wisconsin-Milwaukee,WI,Milwaukee city,-87.9090751,43.0386475,0.5,NSF|WI|MILWAUKEE,55079,Milwaukee,source_coordinate_within_county
2141203,University of California-Riverside,CA,Riverside city,-117.374238,33.9824949,0.333333333333,NSF|CA|RIVERSIDE,06065,Riverside,source_coordinate_within_county
2124284,Arizona State University,AZ,Scottsdale city,-111.926018,33.4942189,1.0,NSF|AZ|SCOTTSDALE,04013,Maricopa,source_coordinate_within_county
2124332,North Carolina State University,NC,Raleigh city,-78.6390989,35.7803977,1.0,NSF|NC|RALEIGH,37183,Wake,source_coordinate_within_county
2053560,University of California-Riverside,CA,Riverside city,-117.374238,33.9824949,1.0,NSF|CA|RIVERSIDE,06065,Riverside,source_coordinate_within_county
2051231,University of Tennessee Knoxville,TN,Knoxville city,-83.9210261,35.9603948,1.0,NSF|TN|KNOXVILLE,47093,Knox,source_coordinate_within_county
2045032,Regents of the University of Michigan - Ann Arbor,MI,Ann Arbor city,-83.7484616,42.2813722,1.0,NSF|MI|ANN ARBOR,26161,Washtenaw,source_coordinate_within_county
2034160,Portland State University,OR,Portland city,-122.674194,45.5202471,0.5,NSF|OR|PORTLAND,41051,Multnomah,source_coordinate_within_county
2034111,Johns Hopkins University,MD,Baltimore city,-76.610759,39.2908816,0.5,NSF|MD|BALTIMORE,24510,Baltimore,source_coordinate_within_county
2132324,SUNY at Buffalo,NY,Amherst town,-78.7997616,42.9783924,1.0,NSF|NY|AMHERST,36029,Erie,source_coordinate_within_county
2103426,Stevens Institute of Technology,NJ,Hoboken city,-74.0323752,40.7433066,0.5,NSF|NJ|HOBOKEN,34017,Hudson,source_coordinate_within_county
2103442,The University of Central Florida Board of Trustees,FL,Orlando city,-81.379045,28.5421218,0.5,NSF|FL|ORLANDO,12095,Orange,source_coordinate_within_county
2050030,Virginia Polytechnic Institute and State University,VA,Blacksburg town,-80.4136767,37.2296566,1.0,NSF|VA|BLACKSBURG,51121,Montgomery,source_coordinate_within_county
2039823,University of Pittsburgh,PA,Pittsburgh city,-80.0025666,40.4406968,1.0,NSF|PA|PITTSBURGH,42003,Allegheny,source_coordinate_within_county
2114041,Rensselaer Polytechnic Institute,NY,Troy city,-73.6917878,42.7284117,1.0,NSF|NY|TROY,36083,Rensselaer,source_coordinate_within_county
2129627,Columbia University,NY,New York city,-74.0060152,40.7127281,0.333333333333,NSF|NY|NEW YORK,36061,New York,source_coordinate_within_county
2045860,University of Wisconsin-Madison,WI,Madison city,-89.3841663,43.07469,1.0,NSF|WI|MADISON,55025,Dane,source_coordinate_within_county
2114015,University of Alaska Fairbanks Campus,AK,Fairbanks city,-147.716675,64.837845,1.0,NSF|AK|FAIRBANKS,02090,Fairbanks North Star,source_coordinate_within_county
2034363,Pennsylvania State Univ University Park,PA,College township,-77.8710571,40.8128971,0.25,NSF|PA|UNIVERSITY PARK,42027,Centre,source_coordinate_within_county
2034380,University of Alaska Fairbanks Campus,AK,Fairbanks city,-147.716675,64.837845,0.25,NSF|AK|FAIRBANKS,02090,Fairbanks North Star,source_coordinate_within_county
2037900,University of Texas at Austin,TX,Austin city,-97.7436995,30.2711286,1.0,NSF|TX|AUSTIN,48453,Travis,source_coordinate_within_county
2038246,Cornell University,NY,Ithaca city,-76.4968019,42.4396039,1.0,NSF|NY|ITHACA,36109,Tompkins,source_coordinate_within_county
2036867,Montana State University,MT,Bozeman city,-111.044047,45.6794293,1.0,NSF|MT|BOZEMAN,30031,Gallatin,source_coordinate_within_county
2426735,University of Alaska Fairbanks Campus,AK,Fairbanks city,-147.716675,64.837845,1.0,NSF|AK|FAIRBANKS,02090,Fairbanks North Star,source_coordinate_within_county
2034366,Virginia Polytechnic Institute and State University,VA,Blacksburg town,-80.4136767,37.2296566,0.25,NSF|VA|BLACKSBURG,51121,Montgomery,source_coordinate_within_county
2419971,George Washington University,DC,Washington city,-77.0363849,38.8950982,1.0,NSF|DC|WASHINGTON,11001,District of Columbia,source_coordinate_within_county
2505344,University of California-Davis,CA,Davis city,-121.739005,38.5435526,1.0,NSF|CA|DAVIS,06113,Yolo,source_coordinate_within_county
2502654,University of Georgia Research Foundation Inc,GA,Athens-Clarke County unified government (balance),-83.376398,33.9597677,1.0,NSF|GA|ATHENS,13059,Clarke,source_coordinate_within_county
2431163,Pennsylvania State Univ University Park,PA,College township,-77.8710571,40.8128971,1.0,NSF|PA|UNIVERSITY PARK,42027,Centre,source_coordinate_within_county
2431301,University of California-San Diego Scripps Inst of Oceanography,CA,San Diego city,-117.2740777,32.8401623,1.0,NSF|CA|LA JOLLA,06073,San Diego,source_coordinate_within_county
2431228,"Woodwell Climate Research Center, Inc.",MA,Falmouth CDP,-70.6147519,41.5514979,1.0,NSF|MA|FALMOUTH,25001,Barnstable,source_coordinate_within_county
2530272,University of California-Berkeley,CA,Berkeley city,-122.272863,37.8708393,0.25,NSF|CA|BERKELEY,06001,Alameda,source_coordinate_within_county
2431345,Pennsylvania State Univ University Park,PA,College township,-77.8710571,40.8128971,1.0,NSF|PA|UNIVERSITY PARK,42027,Centre,source_coordinate_within_county
2452296,University of Virginia Main Campus,VA,Charlottesville city,-78.4766781,38.029306,0.5,NSF|VA|CHARLOTTESVILLE,51540,Charlottesville,source_coordinate_within_county
2347845,Alabama A&M University,AL,Huntsville city,-86.5719369,34.7889792,1.0,NSF|AL|NORMAL,01089,Madison,source_coordinate_within_county
2413323,University of Illinois at Urbana-Champaign,IL,Urbana city,-88.207301,40.1117174,1.0,NSF|IL|URBANA,17019,Champaign,source_coordinate_within_county
2420587,Pennsylvania State Univ University Park,PA,College township,-77.8710571,40.8128971,1.0,NSF|PA|UNIVERSITY PARK,42027,Centre,source_coordinate_within_county
2435274,University of Notre Dame,IN,Notre Dame CDP,-86.2373691,41.6992003,1.0,NSF|IN|NOTRE DAME,18141,St. Joseph,source_coordinate_within_county
2410910,University of Illinois at Urbana-Champaign,IL,Urbana city,-88.207301,40.1117174,1.0,NSF|IL|URBANA,17019,Champaign,source_coordinate_within_county
2413382,William Marsh Rice University,TX,Houston city,-95.3676974,29.7589382,1.0,NSF|TX|HOUSTON,48201,Harris,source_coordinate_within_county
2413246,Northern Illinois University,IL,DeKalb city,-88.7501925,41.9298644,1.0,NSF|IL|DEKALB,17037,DeKalb,source_coordinate_within_county
2428217,University of Pennsylvania,PA,Philadelphia city,-75.1635262,39.9527237,1.0,NSF|PA|PHILADELPHIA,42101,Philadelphia,source_coordinate_within_county
2413165,University of Wisconsin-Madison,WI,Madison city,-89.3841663,43.07469,1.0,NSF|WI|MADISON,55025,Dane,source_coordinate_within_county
2413348,Lehigh University,PA,Bethlehem city,-75.3786521,40.6178915,1.0,NSF|PA|BETHLEHEM,42095,Northampton,source_coordinate_within_county
2330271,Northwestern University at Chicago,IL,Evanston city,-87.6846053,42.0470043,1.0,NSF|IL|EVANSTON,17031,Cook,source_coordinate_within_county
2348965,Planetary Science Institute,AZ,Tucson city,-110.974847,32.2228765,1.0,NSF|AZ|TUCSON,04019,Pima,source_coordinate_within_county
2348964,Woods Hole Oceanographic Institution,MA,Woods Hole CDP,-70.6694015,41.5238752,1.0,NSF|MA|WOODS HOLE,25001,Barnstable,source_coordinate_within_county
2421234,University of Alaska Fairbanks Campus,AK,Fairbanks city,-147.716675,64.837845,1.0,NSF|AK|FAIRBANKS,02090,Fairbanks North Star,source_coordinate_within_county
2330851,Woods Hole Oceanographic Institution,MA,Woods Hole CDP,-70.6694015,41.5238752,1.0,NSF|MA|WOODS HOLE,25001,Barnstable,source_coordinate_within_county
2339062,Woods Hole Oceanographic Institution,MA,Woods Hole CDP,-70.6694015,41.5238752,1.0,NSF|MA|WOODS HOLE,25001,Barnstable,source_coordinate_within_county
2305578,"Perryman, Clarice R",NH,Durham CDP,-70.9177186,43.1214141,1.0,NSF|NH|DURHAM,33017,Strafford,source_coordinate_within_county
2136085,University of Illinois at Urbana-Champaign,IL,Urbana city,-88.207301,40.1117174,1.0,NSF|IL|URBANA,17019,Champaign,source_coordinate_within_county
2125409,"Woodwell Climate Research Center, Inc.",MA,Falmouth CDP,-70.6147519,41.5514979,1.0,NSF|MA|FALMOUTH,25001,Barnstable,source_coordinate_within_county
2125196,University of Utah,UT,Salt Lake City city,-111.886797,40.7596198,1.0,NSF|UT|SALT LAKE CITY,49035,Salt Lake,source_coordinate_within_county
2125426,Iowa State University,IA,Ames city,-93.6170448,42.0267567,1.0,NSF|IA|AMES,19169,Story,source_coordinate_within_county
2133334,University of New Mexico,NM,Albuquerque city,-106.650985,35.0841034,1.0,NSF|NM|ALBUQUERQUE,35001,Bernalillo,source_coordinate_within_county
2125361,"Georgia State University Research Foundation, Inc.",GA,Atlanta city,-84.3898151,33.7544657,1.0,NSF|GA|ATLANTA,13121,Fulton,source_coordinate_within_county
2125279,University of California-Santa Cruz,CA,Santa Cruz city,-122.0294673,36.9743626,1.0,NSF|CA|SANTA CRUZ,06087,Santa Cruz,source_coordinate_within_county
2125447,North Carolina State University,NC,Raleigh city,-78.6390989,35.7803977,1.0,NSF|NC|RALEIGH,37183,Wake,source_coordinate_within_county
2103794,Columbia University,NY,New York city,-74.0060152,40.7127281,1.0,NSF|NY|NEW YORK,36061,New York,source_coordinate_within_county
2133309,University of California-Los Angeles,CA,Los Angeles city,-118.242766,34.0536909,1.0,NSF|CA|LOS ANGELES,06037,Los Angeles,source_coordinate_within_county
2125264,University of Massachusetts Boston,MA,Boston city,-71.0744952,42.2973205,1.0,NSF|MA|DORCHESTER,25025,Suffolk,source_coordinate_within_county
2104240,University of California-San Diego Scripps Inst of Oceanography,CA,San Diego city,-117.2740777,32.8401623,0.5,NSF|CA|LA JOLLA,06073,San Diego,source_coordinate_within_county
2126701,Texas Tech University,TX,Lubbock city,-101.8470215,33.5855677,1.0,NSF|TX|LUBBOCK,48303,Lubbock,source_coordinate_within_county
2125234,University of Texas at Arlington,TX,Arlington city,-97.1071186,32.7355816,1.0,NSF|TX|ARLINGTON,48439,Tarrant,source_coordinate_within_county
2131175,North Carolina Agricultural & Technical State University,NC,Greensboro city,-79.7919754,36.0726355,1.0,NSF|NC|GREENSBORO,37081,Guilford,source_coordinate_within_county
2104537,University of New Mexico,NM,Albuquerque city,-106.650985,35.0841034,0.5,NSF|NM|ALBUQUERQUE,35001,Bernalillo,source_coordinate_within_county
2133233,Georgia Tech Research Corporation,GA,Atlanta city,-84.3898151,33.7544657,1.0,NSF|GA|ATLANTA,13121,Fulton,source_coordinate_within_county
2140999,University of Illinois at Urbana-Champaign,IL,Urbana city,-88.207301,40.1117174,0.5,NSF|IL|URBANA,17019,Champaign,source_coordinate_within_county
2103937,University of Texas at Austin,TX,Austin city,-97.7436995,30.2711286,1.0,NSF|TX|AUSTIN,48453,Travis,source_coordinate_within_county
2103836,University of Delaware,DE,Newark city,-75.7515682,39.6828358,0.5,NSF|DE|NEWARK,10003,New Castle,source_coordinate_within_county
2103845,University of Tennessee Knoxville,TN,Knoxville city,-83.9210261,35.9603948,0.5,NSF|TN|KNOXVILLE,47093,Knox,source_coordinate_within_county
2105648,California Institute of Technology,CA,Pasadena city,-118.144155,34.1476507,0.333333333333,NSF|CA|PASADENA,06037,Los Angeles,source_coordinate_within_county
2105564,Worcester Polytechnic Institute,MA,Worcester city,-71.8018877,42.2625621,0.333333333333,NSF|MA|WORCESTER,25027,Worcester,source_coordinate_within_county
2105494,University of Massachusetts Amherst,MA,Amherst Town city,-72.5198761,42.3731948,0.333333333333,NSF|MA|AMHERST,25015,Hampshire,source_coordinate_within_county
2044995,"E4THEFUTURE, INC.",MA,Brookline CDP,-71.1187829,42.332918,1.0,NSF|MA|BROOKLINE,25021,Norfolk,source_coordinate_within_county
2043697,Old Dominion University Research Foundation,VA,Norfolk city,-76.2899539,36.8493695,1.0,NSF|VA|NORFOLK,51710,Norfolk,source_coordinate_within_county
2044111,University of Alaska Fairbanks Campus,AK,Fairbanks city,-147.716675,64.837845,1.0,NSF|AK|FAIRBANKS,02090,Fairbanks North Star,source_coordinate_within_county
2043455,Drexel University,PA,Philadelphia city,-75.1635262,39.9527237,1.0,NSF|PA|PHILADELPHIA,42101,Philadelphia,source_coordinate_within_county
2043618,University of New Mexico,NM,Albuquerque city,-106.650985,35.0841034,1.0,NSF|NM|ALBUQUERQUE,35001,Bernalillo,source_coordinate_within_county
2043357,University of California-Davis,CA,Davis city,-121.739005,38.5435526,1.0,NSF|CA|DAVIS,06113,Yolo,source_coordinate_within_county
2041140,University of California-San Diego,CA,San Diego city,-117.2740777,32.8401623,1.0,NSF|CA|LA JOLLA,06073,San Diego,source_coordinate_within_county
2044107,University of California-Irvine,CA,Irvine city,-117.825981,33.6856969,1.0,NSF|CA|IRVINE,06059,Orange,source_coordinate_within_county
2043412,Harvey Mudd College,CA,Claremont city,-117.7197785,34.0966764,1.0,NSF|CA|CLAREMONT,06037,Los Angeles,source_coordinate_within_county
2044056,University of Oklahoma Norman Campus,OK,Norman city,-97.4394816,35.2225717,1.0,NSF|OK|NORMAN,40027,Cleveland,source_coordinate_within_county
2043847,University of Massachusetts Amherst,MA,Amherst Town city,-72.5198761,42.3731948,1.0,NSF|MA|AMHERST,25015,Hampshire,source_coordinate_within_county
2431468,University of Alabama Tuscaloosa,AL,Tuscaloosa city,-87.5675258,33.2095614,1.0,NSF|AL|TUSCALOOSA,01125,Tuscaloosa,source_coordinate_within_county
2431169,University of Illinois at Chicago,IL,Chicago city,-87.6244212,41.8755616,1.0,NSF|IL|CHICAGO,17031,Cook,source_coordinate_within_county
2431456,University of Arkansas,AR,Fayetteville city,-94.1574328,36.0625843,1.0,NSF|AR|FAYETTEVILLE,05143,Washington,source_coordinate_within_county
2500434,Case Western Reserve University,OH,Cleveland city,-81.6936772,41.4996574,0.5,NSF|OH|CLEVELAND,39035,Cuyahoga,source_coordinate_within_county
2431141,Loyola University of Chicago,IL,Chicago city,-87.6244212,41.8755616,1.0,NSF|IL|CHICAGO,17031,Cook,source_coordinate_within_county
2431470,New Mexico Institute of Mining and Technology,NM,Socorro city,-106.8930799,34.0572858,1.0,NSF|NM|SOCORRO,35053,Socorro,source_coordinate_within_county
2431420,Cornell University,NY,Ithaca city,-76.4968019,42.4396039,1.0,NSF|NY|ITHACA,36109,Tompkins,source_coordinate_within_county
2338313,SUNY at Stony Brook,NY,Stony Brook CDP,-73.140943,40.9256538,1.0,NSF|NY|STONY BROOK,36103,Suffolk,source_coordinate_within_county
2403834,University of Notre Dame,IN,Notre Dame CDP,-86.2373691,41.6992003,0.5,NSF|IN|NOTRE DAME,18141,St. Joseph,source_coordinate_within_county
2334216,University of Massachusetts Boston,MA,Boston city,-71.0744952,42.2973205,1.0,NSF|MA|DORCHESTER,25025,Suffolk,source_coordinate_within_county
2318513,Virginia Polytechnic Institute and State University,VA,Blacksburg town,-80.4136767,37.2296566,1.0,NSF|VA|BLACKSBURG,51121,Montgomery,source_coordinate_within_county
2334272,University of Georgia Research Foundation Inc,GA,Athens-Clarke County unified government (balance),-83.376398,33.9597677,1.0,NSF|GA|ATHENS,13059,Clarke,source_coordinate_within_county
2323732,University of Alabama Tuscaloosa,AL,Tuscaloosa city,-87.5675258,33.2095614,1.0,NSF|AL|TUSCALOOSA,01125,Tuscaloosa,source_coordinate_within_county
2313803,"Sears, Caitlyn",NY,Tonawanda city,-78.878383,43.020679,1.0,NSF|NY|TONAWANDA,36029,Erie,source_coordinate_within_county
2334233,University of California-Santa Barbara,CA,Santa Barbara city,-119.702667,34.4221319,1.0,NSF|CA|SANTA BARBARA,06083,Santa Barbara,source_coordinate_within_county
2315860,San Jose State University Foundation,CA,San Jose city,-121.890591,37.3361663,1.0,NSF|CA|SAN JOSE,06085,Santa Clara,source_coordinate_within_county
2332985,Trustees of Boston University,MA,Boston city,-71.0578303,42.3588336,1.0,NSF|MA|BOSTON,25025,Suffolk,source_coordinate_within_county
2315875,University of Nevada Las Vegas,NV,Las Vegas city,-115.1484131,36.1674263,0.5,NSF|NV|LAS VEGAS,32003,Clark,source_coordinate_within_county
2244380,University of South Florida,FL,Tampa city,-82.4583107,27.9449854,1.0,NSF|FL|TAMPA,12057,Hillsborough,source_coordinate_within_county
2315876,Purdue University,IN,West Lafayette city,-86.9080655,40.4258686,0.5,NSF|IN|WEST LAFAYETTE,18157,Tippecanoe,source_coordinate_within_county
2314980,"OHIO STATE UNIVERSITY, THE",OH,Columbus city,-83.0007065,39.9622601,1.0,NSF|OH|COLUMBUS,39049,Franklin,source_coordinate_within_county
2334144,East Carolina University,NC,Greenville city,-77.3724593,35.613224,1.0,NSF|NC|GREENVILLE,37147,Pitt,source_coordinate_within_county
2314519,Stanford University,CA,Stanford CDP,-122.1702445,37.427467,1.0,NSF|CA|STANFORD,06085,Santa Clara,source_coordinate_within_county
2314032,Wayne State University,MI,Detroit city,-83.0466403,42.3315509,1.0,NSF|MI|DETROIT,26163,Wayne,source_coordinate_within_county
2240748,University of California-San Diego,CA,San Diego city,-117.2740777,32.8401623,1.0,NSF|CA|LA JOLLA,06073,San Diego,source_coordinate_within_county
2241947,University of Georgia,GA,Athens-Clarke County unified government (balance),-83.376398,33.9597677,1.0,NSF|GA|ATHENS,13059,Clarke,source_coordinate_within_county
2241946,Regents of the University of Michigan - Ann Arbor,MI,Ann Arbor city,-83.7484616,42.2813722,1.0,NSF|MI|ANN ARBOR,26161,Washtenaw,source_coordinate_within_county
2240343,Regents of the University of Michigan - Ann Arbor,MI,Ann Arbor city,-83.7484616,42.2813722,1.0,NSF|MI|ANN ARBOR,26161,Washtenaw,source_coordinate_within_county
2303578,University of Florida,FL,Gainesville city,-82.3249846,29.6519684,0.5,NSF|FL|GAINESVILLE,12001,Alachua,source_coordinate_within_county
2303579,Jacksonville State University,AL,Jacksonville city,-85.7612872,33.8137919,0.5,NSF|AL|JACKSONVILLE,01015,Calhoun,source_coordinate_within_county
2347307,Florida International University,FL,Miami city,-80.1935973,25.7741566,1.0,NSF|FL|MIAMI,12086,Miami-Dade,source_coordinate_within_county
2330923,University of Alaska Fairbanks Campus,AK,Fairbanks city,-147.716675,64.837845,0.5,NSF|AK|FAIRBANKS,02090,Fairbanks North Star,source_coordinate_within_county
2330924,University of Colorado at Boulder,CO,Boulder city,-105.270545,40.0149856,0.5,NSF|CO|BOULDER,08013,Boulder,source_coordinate_within_county
2350541,Smithsonian Institution,DC,Washington city,-77.0363849,38.8950982,0.5,NSF|DC|WASHINGTON,11001,District of Columbia,source_coordinate_within_county
2350542,Temple University,PA,Philadelphia city,-75.1635262,39.9527237,0.5,NSF|PA|PHILADELPHIA,42101,Philadelphia,source_coordinate_within_county
2332346,University of Alaska Fairbanks Campus,AK,Fairbanks city,-147.716675,64.837845,1.0,NSF|AK|FAIRBANKS,02090,Fairbanks North Star,source_coordinate_within_county
2347805,Clemson University,SC,Clemson city,-82.8364111,34.6850749,1.0,NSF|SC|CLEMSON,45077,Pickens,source_coordinate_within_county
2344690,Stanford University,CA,Stanford CDP,-122.1702445,37.427467,0.333333333333,NSF|CA|STANFORD,06085,Santa Clara,source_coordinate_within_county
2406176,Regents of the University of Michigan - Ann Arbor,MI,Ann Arbor city,-83.7484616,42.2813722,0.2,NSF|MI|ANN ARBOR,26161,Washtenaw,source_coordinate_within_county
2317774,University of Connecticut,CT,Storrs CDP,-72.2495231,41.8084314,1.0,NSF|CT|STORRS,09110,Capitol,source_coordinate_within_county
2306993,Oregon State University,OR,Corvallis city,-123.2620435,44.5645659,1.0,NSF|OR|CORVALLIS,41003,Benton,source_coordinate_within_county
2345272,University of California-Los Angeles,CA,Los Angeles city,-118.242766,34.0536909,1.0,NSF|CA|LOS ANGELES,06037,Los Angeles,source_coordinate_within_county
2341290,Arizona State University,AZ,Scottsdale city,-111.926018,33.4942189,0.5,NSF|AZ|SCOTTSDALE,04013,Maricopa,source_coordinate_within_county
2344994,Regents of the University of Michigan - Ann Arbor,MI,Ann Arbor city,-83.7484616,42.2813722,1.0,NSF|MI|ANN ARBOR,26161,Washtenaw,source_coordinate_within_county
2336354,University of New Mexico,NM,Albuquerque city,-106.650985,35.0841034,1.0,NSF|NM|ALBUQUERQUE,35001,Bernalillo,source_coordinate_within_county
2332253,Pennsylvania State Univ University Park,PA,College township,-77.8710571,40.8128971,1.0,NSF|PA|UNIVERSITY PARK,42027,Centre,source_coordinate_within_county
2336773,University of Notre Dame,IN,Notre Dame CDP,-86.2373691,41.6992003,1.0,NSF|IN|NOTRE DAME,18141,St. Joseph,source_coordinate_within_county
2322281,Bigelow Laboratory for Ocean Sciences,ME,Boothbay town,-69.5849926,43.8639881,1.0,NSF|ME|EAST BOOTHBAY,23015,Lincoln,source_coordinate_within_county
2318739,"Gorchov Negron, Alan",MI,Ann Arbor city,-83.7484616,42.2813722,1.0,NSF|MI|ANN ARBOR,26161,Washtenaw,source_coordinate_within_county
2318420,University of California-San Diego Scripps Inst of Oceanography,CA,San Diego city,-117.2740777,32.8401623,1.0,NSF|CA|LA JOLLA,06073,San Diego,source_coordinate_within_county
2305226,"Sherpa, Sonam Futi",VA,Blacksburg town,-80.4136767,37.2296566,1.0,NSF|VA|BLACKSBURG,51121,Montgomery,source_coordinate_within_county
2304871,"Corsa, Brianna Durelle",CO,Boulder city,-105.270545,40.0149856,1.0,NSF|CO|BOULDER,08013,Boulder,source_coordinate_within_county
2309312,Stanford University,CA,Stanford CDP,-122.1702445,37.427467,1.0,NSF|CA|STANFORD,06085,Santa Clara,source_coordinate_within_county
2204433,"Fetrow, Anne C",CO,Boulder city,-105.270545,40.0149856,1.0,NSF|CO|BOULDER,08013,Boulder,source_coordinate_within_county
2204594,"Culha, Cansu",CA,Los Altos Hills town,-122.137463,37.3796627,1.0,NSF|CA|LOS ALTOS HILLS,06085,Santa Clara,source_coordinate_within_county
2325081,Alaska Pacific University,AK,Anchorage municipality,-149.894852,61.2163129,1.0,NSF|AK|ANCHORAGE,02020,Anchorage,source_coordinate_within_county
2204584,"Wilson, Stephanie J",VA,Gloucester Point CDP,-76.496899,37.2540351,1.0,NSF|VA|GLOUCESTER POINT,51073,Gloucester,source_coordinate_within_county
2321022,University of Alaska Fairbanks Campus,AK,Fairbanks city,-147.716675,64.837845,1.0,NSF|AK|FAIRBANKS,02090,Fairbanks North Star,source_coordinate_within_county
2311638,University of California-San Diego Scripps Inst of Oceanography,CA,San Diego city,-117.2740777,32.8401623,1.0,NSF|CA|LA JOLLA,06073,San Diego,source_coordinate_within_county
2322916,"Nevada System of Higher Education, Desert Research Institute",NV,Reno city,-119.812658,39.5261788,1.0,NSF|NV|RENO,32031,Washoe,source_coordinate_within_county
2312602,Gordon Research Conferences,RI,East Greenwich town,-71.4558911,41.6603788,1.0,NSF|RI|EAST GREENWICH,44003,Kent,source_coordinate_within_county
2316578,William Marsh Rice University,TX,Houston city,-95.3676974,29.7589382,0.25,NSF|TX|HOUSTON,48201,Harris,source_coordinate_within_county
2316580,Louisiana State University,LA,Baton Rouge city,-91.1869659,30.4494155,0.25,NSF|LA|BATON ROUGE,22033,East Baton Rouge,source_coordinate_within_county
2235051,Princeton University,NJ,Princeton,-74.6597376,40.3496953,0.333333333333,NSF|NJ|PRINCETON,34021,Mercer,source_coordinate_within_county
2316579,University of The Virgin Islands,VI,Charlotte Amalie town,-64.9335173,18.3414575,0.25,NSF|VI|CHARLOTTE AMALIE,78030,St. Thomas,source_coordinate_within_county
2235052,University of Kansas Center for Research Inc,KS,Lawrence city,-95.2359403,38.9719137,0.333333333333,NSF|KS|LAWRENCE,20045,Douglas,source_coordinate_within_county
2310630,Northern Arizona University,AZ,Flagstaff city,-111.651822,35.1987522,1.0,NSF|AZ|FLAGSTAFF,04005,Coconino,source_coordinate_within_county
2228064,University of Alaska Fairbanks Campus,AK,Fairbanks city,-147.716675,64.837845,1.0,NSF|AK|FAIRBANKS,02090,Fairbanks North Star,source_coordinate_within_county
2233674,University of Wyoming,WY,Laramie city,-105.5917876,41.3116442,1.0,NSF|WY|LARAMIE,56001,Albany,source_coordinate_within_county
2223070,Massachusetts Institute of Technology,MA,Cambridge city,-71.1040018,42.3656347,1.0,NSF|MA|CAMBRIDGE,25017,Middlesex,source_coordinate_within_county
2310413,University Corporation For Atmospheric Res,CO,Boulder city,-105.270545,40.0149856,1.0,NSF|CO|BOULDER,08013,Boulder,source_coordinate_within_county
2220221,Pennsylvania State Univ University Park,PA,College township,-77.8710571,40.8128971,1.0,NSF|PA|UNIVERSITY PARK,42027,Centre,source_coordinate_within_county
1952263,University of Hawaii,HI,Urban Honolulu CDP,-157.855676,21.304547,1.0,NSF|HI|HONOLULU,15003,Honolulu,source_coordinate_within_county
1952183,University of Georgia Research Foundation Inc,GA,Athens-Clarke County unified government (balance),-83.376398,33.9597677,1.0,NSF|GA|ATHENS,13059,Clarke,source_coordinate_within_county
1951997,University of Florida,FL,Gainesville city,-82.3249846,29.6519684,1.0,NSF|FL|GAINESVILLE,12001,Alachua,source_coordinate_within_county
1952089,Florida International University,FL,Miami city,-80.1935973,25.7741566,1.0,NSF|FL|MIAMI,12086,Miami-Dade,source_coordinate_within_county
2006628,Trustees of Boston University,MA,Boston city,-71.0578303,42.3588336,1.0,NSF|MA|BOSTON,25025,Suffolk,source_coordinate_within_county
2029950,Vanderbilt University,TN,Nashville-Davidson metropolitan government (balance),-86.7742984,36.1622767,0.5,NSF|TN|NASHVILLE,47037,Davidson,source_coordinate_within_county
2029952,University of Houston,TX,Houston city,-95.3676974,29.7589382,0.5,NSF|TX|HOUSTON,48201,Harris,source_coordinate_within_county
1604069,Regents of the University of Michigan - Ann Arbor,MI,Ann Arbor city,-83.7484616,42.2813722,1.0,NSF|MI|ANN ARBOR,26161,Washtenaw,source_coordinate_within_county
2348705,Hamilton College,NY,Hamilton College CDP,-75.40655309,43.052298,1.0,NSF|NY|CLINTON,36065,Oneida,source_coordinate_within_county
2400991,Clark University,MA,Worcester city,-71.8018877,42.2625621,1.0,NSF|MA|WORCESTER,25027,Worcester,source_coordinate_within_county
2429912,University of California Div of Agriculture & Natural Resources,CA,Oakland city,-122.271356,37.8044557,0.5,NSF|CA|OAKLAND,06001,Alameda,source_coordinate_within_county
2313938,"Limeberry, Veronica",VA,Faber,-78.7371019,37.8315231,1.0,NSF|VA|FABER,51125,Nelson,source_coordinate_within_county
2307870,Colorado State University,CO,Fort Collins city,-105.0770113,40.5871782,1.0,NSF|CO|FORT COLLINS,08069,Larimer,source_coordinate_within_county
2308573,George Washington University,DC,Washington city,-77.0363849,38.8950982,0.25,NSF|DC|WASHINGTON,11001,District of Columbia,source_coordinate_within_county
2214346,Arizona State University,AZ,Scottsdale city,-111.926018,33.4942189,1.0,NSF|AZ|SCOTTSDALE,04013,Maricopa,source_coordinate_within_county
2203898,"Benzeev, Rayna",CO,Boulder city,-105.270545,40.0149856,1.0,NSF|CO|BOULDER,08013,Boulder,source_coordinate_within_county
2228307,University of Minnesota-Twin Cities,MN,Minneapolis city,-93.2654692,44.9772995,1.0,NSF|MN|MINNEAPOLIS,27053,Hennepin,source_coordinate_within_county
2228783,Portland State University,OR,Portland city,-122.674194,45.5202471,1.0,NSF|OR|PORTLAND,41051,Multnomah,source_coordinate_within_county
2215409,Portland State University,OR,Portland city,-122.674194,45.5202471,1.0,NSF|OR|PORTLAND,41051,Multnomah,source_coordinate_within_county
2115259,University of Massachusetts Amherst,MA,Amherst Town city,-72.5198761,42.3731948,1.0,NSF|MA|AMHERST,25015,Hampshire,source_coordinate_within_county
2148879,University of California-Irvine,CA,Irvine city,-117.825981,33.6856969,1.0,NSF|CA|IRVINE,06059,Orange,source_coordinate_within_county
2214958,Michigan State University,MI,East Lansing city,-84.4721678,42.7320307,1.0,NSF|MI|EAST LANSING,26065,Ingham,source_coordinate_within_county
2218553,SUNY at Stony Brook,NY,Stony Brook CDP,-73.140943,40.9256538,1.0,NSF|NY|STONY BROOK,36103,Suffolk,source_coordinate_within_county
2148673,William Marsh Rice University,TX,Houston city,-95.3676974,29.7589382,1.0,NSF|TX|HOUSTON,48201,Harris,source_coordinate_within_county
2149191,University of Colorado at Boulder,CO,Boulder city,-105.270545,40.0149856,1.0,NSF|CO|BOULDER,08013,Boulder,source_coordinate_within_county
2149335,Columbia University,NY,New York city,-74.0060152,40.7127281,0.5,NSF|NY|NEW YORK,36061,New York,source_coordinate_within_county
2149113,University of Arizona,AZ,Tucson city,-110.974847,32.2228765,0.5,NSF|AZ|TUCSON,04019,Pima,source_coordinate_within_county
2149103,University of Colorado at Boulder,CO,Boulder city,-105.270545,40.0149856,1.0,NSF|CO|BOULDER,08013,Boulder,source_coordinate_within_county
2149106,University of Colorado at Boulder,CO,Boulder city,-105.270545,40.0149856,1.0,NSF|CO|BOULDER,08013,Boulder,source_coordinate_within_county
2116570,"OHIO STATE UNIVERSITY, THE",OH,Columbus city,-83.0007065,39.9622601,1.0,NSF|OH|COLUMBUS,39049,Franklin,source_coordinate_within_county
2121986,Texas A&M University,TX,College Station city,-96.3455991,30.6183939,0.25,NSF|TX|COLLEGE STATION,48041,Brazos,source_coordinate_within_county
2121991,University of Texas at El Paso,TX,El Paso city,-106.4870476,31.7601001,0.25,NSF|TX|EL PASO,48141,El Paso,source_coordinate_within_county
2120829,William Marsh Rice University,TX,Houston city,-95.3676974,29.7589382,0.25,NSF|TX|HOUSTON,48201,Harris,source_coordinate_within_county
2322741,Rocky Mountain Institute,CO,Boulder city,-105.270545,40.0149856,1.0,NSF|CO|BOULDER,08013,Boulder,source_coordinate_within_county
2105394,"Esbach, Michael",CO,Fort Collins city,-105.0770113,40.5871782,1.0,NSF|CO|FORT COLLINS,08069,Larimer,source_coordinate_within_county
2330597,Georgia Tech Research Corporation,GA,Atlanta city,-84.3898151,33.7544657,1.0,NSF|GA|ATLANTA,13121,Fulton,source_coordinate_within_county
2330013,"University of Maryland, College Park",MD,College Park city,-76.9369189,38.980666,1.0,NSF|MD|COLLEGE PARK,24033,Prince George's,source_coordinate_within_county
2302896,University of Tennessee Knoxville,TN,Knoxville city,-83.9210261,35.9603948,1.0,NSF|TN|KNOXVILLE,47093,Knox,source_coordinate_within_county
2304058,Urbanova,WA,Spokane city,-117.42351,47.6571934,1.0,NSF|WA|SPOKANE,53063,Spokane,source_coordinate_within_county
2327538,Old Dominion University Research Foundation,VA,Norfolk city,-76.2899539,36.8493695,1.0,NSF|VA|NORFOLK,51710,Norfolk,source_coordinate_within_county
2326679,Columbia University,NY,New York city,-74.0060152,40.7127281,1.0,NSF|NY|NEW YORK,36061,New York,source_coordinate_within_county
2304047,University of North Carolina at Charlotte,NC,Charlotte city,-80.8430827,35.2272086,1.0,NSF|NC|CHARLOTTE,37119,Mecklenburg,source_coordinate_within_county
2303493,Northern Forest Center,NH,Concord city,-71.537476,43.207178,1.0,NSF|NH|CONCORD,33013,Merrimack,source_coordinate_within_county
2306135,University of North Carolina at Wilmington,NC,Wilmington city,-77.9487284,34.2352853,1.0,NSF|NC|WILMINGTON,37129,New Hanover,source_coordinate_within_county
2305683,University of Montana,MT,Missoula city,-113.995267,46.8701049,1.0,NSF|MT|MISSOULA,30063,Missoula,source_coordinate_within_county
2308692,University of Arkansas,AR,Fayetteville city,-94.1574328,36.0625843,1.0,NSF|AR|FAYETTEVILLE,05143,Washington,source_coordinate_within_county
2501470,University of Missouri-Columbia,MO,Columbia city,-92.3337366,38.951883,0.5,NSF|MO|COLUMBIA,29019,Boone,source_coordinate_within_county
2501471,University of Tennessee Knoxville,TN,Knoxville city,-83.9210261,35.9603948,0.5,NSF|TN|KNOXVILLE,47093,Knox,source_coordinate_within_county
2304639,University of Wisconsin-Milwaukee,WI,Milwaukee city,-87.9090751,43.0386475,1.0,NSF|WI|MILWAUKEE,55079,Milwaukee,source_coordinate_within_county
2422680,Virginia Polytechnic Institute and State University,VA,Blacksburg town,-80.4136767,37.2296566,1.0,NSF|VA|BLACKSBURG,51121,Montgomery,source_coordinate_within_county
2404531,"Stevens, Madison P",ID,Boise City city,-116.200886,43.6166163,1.0,NSF|ID|BOISE,16001,Ada,source_coordinate_within_county
2437724,University of Texas at Arlington,TX,Arlington city,-97.1071186,32.7355816,0.5,NSF|TX|ARLINGTON,48439,Tarrant,source_coordinate_within_county
2437727,University of Oklahoma Norman Campus,OK,Norman city,-97.4394816,35.2225717,0.5,NSF|OK|NORMAN,40027,Cleveland,source_coordinate_within_county
2417322,Oberlin College,OH,Oberlin city,-82.2173786,41.2939386,1.0,NSF|OH|OBERLIN,39093,Lorain,source_coordinate_within_county
2436970,University of Oregon Eugene,OR,Eugene city,-123.0950506,44.0505054,1.0,NSF|OR|EUGENE,41039,Lane,source_coordinate_within_county
2437479,Brown University,RI,Providence city,-71.4128343,41.8239891,1.0,NSF|RI|PROVIDENCE,44007,Providence,source_coordinate_within_county
2416663,National Academy of Sciences,DC,Washington city,-77.0363849,38.8950982,1.0,NSF|DC|WASHINGTON,11001,District of Columbia,source_coordinate_within_county
2431624,University of California-Irvine,CA,Irvine city,-117.825981,33.6856969,1.0,NSF|CA|IRVINE,06059,Orange,source_coordinate_within_county
2343837,Pennsylvania State Univ University Park,PA,College township,-77.8710571,40.8128971,1.0,NSF|PA|UNIVERSITY PARK,42027,Centre,source_coordinate_within_county
2316154,Oberlin College,OH,Oberlin city,-82.2173786,41.2939386,1.0,NSF|OH|OBERLIN,39093,Lorain,source_coordinate_within_county
2431053,University of Nebraska at Omaha,NE,Omaha city,-95.9383758,41.2587459,1.0,NSF|NE|OMAHA,31055,Douglas,source_coordinate_within_county
2431326,Indiana State University,IN,Terre Haute city,-87.4139119,39.4667025,1.0,NSF|IN|TERRE HAUTE,18167,Vigo,source_coordinate_within_county
2414769,SUNY at Stony Brook,NY,Stony Brook CDP,-73.140943,40.9256538,1.0,NSF|NY|STONY BROOK,36103,Suffolk,source_coordinate_within_county
2401036,Pennsylvania State Univ University Park,PA,College township,-77.8710571,40.8128971,1.0,NSF|PA|UNIVERSITY PARK,42027,Centre,source_coordinate_within_county
2431423,George Mason University,VA,Fairfax city,-77.3063733,38.8462236,1.0,NSF|VA|FAIRFAX,51600,Fairfax,source_coordinate_within_county
2323050,New Mexico Institute of Mining and Technology,NM,Socorro city,-106.8930799,34.0572858,1.0,NSF|NM|SOCORRO,35053,Socorro,source_coordinate_within_county
2321969,"FOUNDATION FOR PUERTO RICO, INC.",PR,San Juan zona urbana,-66.116666,18.465299,1.0,NSF|PR|SAN JUAN,72127,San Juan,source_coordinate_within_county
2243646,Baldwin Wallace University,OH,Berea city,-81.8543026,41.3661614,0.5,NSF|OH|BEREA,39035,Cuyahoga,source_coordinate_within_county
2344375,Boise State University,ID,Boise City city,-116.200886,43.6166163,1.0,NSF|ID|BOISE,16001,Ada,source_coordinate_within_county
2242705,George Mason University,VA,Fairfax city,-77.3063733,38.8462236,1.0,NSF|VA|FAIRFAX,51600,Fairfax,source_coordinate_within_county
2401545,Tufts University,MA,Medford city,-71.1061639,42.4184296,0.5,NSF|MA|MEDFORD,25017,Middlesex,source_coordinate_within_county
2332262,Mississippi State University,MS,Mississippi State CDP,-88.7943232,33.4386876,0.5,NSF|MS|MISSISSIPPI STATE,28105,Oktibbeha,source_coordinate_within_county
2403660,South Dakota State University,SD,Brookings city,-96.79844,44.311461,1.0,NSF|SD|BROOKINGS,46011,Brookings,source_coordinate_within_county
2332142,University of California-Los Angeles,CA,Los Angeles city,-118.242766,34.0536909,1.0,NSF|CA|LOS ANGELES,06037,Los Angeles,source_coordinate_within_county
2401476,North Carolina State University,NC,Raleigh city,-78.6390989,35.7803977,0.333333333333,NSF|NC|RALEIGH,37183,Wake,source_coordinate_within_county
2242643,Louisiana State University,LA,Baton Rouge city,-91.1869659,30.4494155,1.0,NSF|LA|BATON ROUGE,22033,East Baton Rouge,source_coordinate_within_county
2322221,Bigelow Laboratory for Ocean Sciences,ME,Boothbay town,-69.5849926,43.8639881,1.0,NSF|ME|EAST BOOTHBAY,23015,Lincoln,source_coordinate_within_county
2308711,South Dakota School of Mines and Technology,SD,Rapid City city,-103.228023,44.0806041,1.0,NSF|SD|RAPID CITY,46103,Pennington,source_coordinate_within_county
2320884,National Academy of Sciences,DC,Washington city,-77.0363849,38.8950982,1.0,NSF|DC|WASHINGTON,11001,District of Columbia,source_coordinate_within_county
2242668,Michigan Technological University,MI,Houghton city,-88.569012,47.121872,1.0,NSF|MI|HOUGHTON,26061,Houghton,source_coordinate_within_county
2301392,Tarleton State University,TX,Stephenville city,-98.2045388,32.2201387,1.0,NSF|TX|STEPHENVILLE,48143,Erath,source_coordinate_within_county
2301488,Oakland University,MI,Rochester city,-83.1338214,42.680588,1.0,NSF|MI|ROCHESTER,26125,Oakland,source_coordinate_within_county
2303575,University of Connecticut,CT,Storrs CDP,-72.2495231,41.8084314,1.0,NSF|CT|STORRS,09110,Capitol,source_coordinate_within_county
2337277,Harvey Mudd College,CA,Claremont city,-117.7197785,34.0966764,0.25,NSF|CA|CLAREMONT,06037,Los Angeles,source_coordinate_within_county
2302650,Stanford University,CA,Stanford CDP,-122.1702445,37.427467,1.0,NSF|CA|STANFORD,06085,Santa Clara,source_coordinate_within_county
2242931,Syracuse University,NY,Syracuse city,-76.1474244,43.0481221,1.0,NSF|NY|SYRACUSE,36067,Onondaga,source_coordinate_within_county
2301446,Florida Atlantic University,FL,Boca Raton city,-80.0830984,26.3586885,1.0,NSF|FL|BOCA RATON,12099,Palm Beach,source_coordinate_within_county
2329409,University of Illinois at Chicago,IL,Chicago city,-87.6244212,41.8755616,1.0,NSF|IL|CHICAGO,17031,Cook,source_coordinate_within_county
2115431,Swinomish Indian Tribal Community,WA,La Conner town,-122.494248,48.3918865,1.0,NSF|WA|LA CONNER,53057,Skagit,source_coordinate_within_county
2240982,Georgia Tech Research Corporation,GA,Atlanta city,-84.3898151,33.7544657,1.0,NSF|GA|ATLANTA,13121,Fulton,source_coordinate_within_county
2312684,Texas A&M Engineering Experiment Station,TX,College Station city,-96.3455991,30.6183939,1.0,NSF|TX|COLLEGE STATION,48041,Brazos,source_coordinate_within_county
2325467,Virginia Polytechnic Institute and State University,VA,Blacksburg town,-80.4136767,37.2296566,0.5,NSF|VA|BLACKSBURG,51121,Montgomery,source_coordinate_within_county
2309500,Carnegie Mellon University,PA,Pittsburgh city,-80.0025666,40.4406968,1.0,NSF|PA|PITTSBURGH,42003,Allegheny,source_coordinate_within_county
2307277,Florida State University,FL,Tallahassee city,-84.2809332,30.4380832,0.5,NSF|FL|TALLAHASSEE,12073,Leon,source_coordinate_within_county
2308524,SUNY at Buffalo,NY,Amherst town,-78.7997616,42.9783924,1.0,NSF|NY|AMHERST,36029,Erie,source_coordinate_within_county
2306453,Texas A&M Engineering Experiment Station,TX,College Station city,-96.3455991,30.6183939,0.5,NSF|TX|COLLEGE STATION,48041,Brazos,source_coordinate_within_county
2227942,SUNY at Buffalo,NY,Amherst town,-78.7997616,42.9783924,1.0,NSF|NY|AMHERST,36029,Erie,source_coordinate_within_county
2229091,University of Massachusetts Lowell,MA,Lowell city,-71.3085329,42.6414437,1.0,NSF|MA|LOWELL,25017,Middlesex,source_coordinate_within_county
2430376,HPLUS INC,CA,Santa Barbara city,-119.702667,34.4221319,1.0,NSF|CA|SANTA BARBARA,06083,Santa Barbara,source_coordinate_within_county
2444461,Arizona State University,AZ,Scottsdale city,-111.926018,33.4942189,1.0,NSF|AZ|SCOTTSDALE,04013,Maricopa,source_coordinate_within_county
2428903,"SALIENT PREDICTIONS, INC.",MA,Falmouth CDP,-70.6147519,41.5514979,1.0,NSF|MA|FALMOUTH,25001,Barnstable,source_coordinate_within_county
2433700,University of Louisiana at Lafayette,LA,Lafayette city,-92.0178202,30.2262187,1.0,NSF|LA|LAFAYETTE,22055,Lafayette,source_coordinate_within_county
2335872,"PURAFIDE, LLC",NY,New York city,-73.7908497,40.7009164,1.0,NSF|NY|JAMAICA,36081,Queens,source_coordinate_within_county
2344337,University of Pittsburgh,PA,Pittsburgh city,-80.0025666,40.4406968,1.0,NSF|PA|PITTSBURGH,42003,Allegheny,source_coordinate_within_county
2344357,University of South Carolina at Columbia,SC,Columbia city,-81.0352313,34.000754,1.0,NSF|SC|COLUMBIA,45079,Richland,source_coordinate_within_county
2344418,University of South Florida,FL,Tampa city,-82.4583107,27.9449854,1.0,NSF|FL|TAMPA,12057,Hillsborough,source_coordinate_within_county
2345478,Michigan State University,MI,East Lansing city,-84.4721678,42.7320307,1.0,NSF|MI|EAST LANSING,26065,Ingham,source_coordinate_within_county
2335269,RESILITIX INTELLIGENCE LLC,TX,Houston city,-95.3676974,29.7589382,1.0,NSF|TX|HOUSTON,48201,Harris,source_coordinate_within_county
2129835,Massachusetts Institute of Technology,MA,Cambridge city,-71.1040018,42.3656347,0.5,NSF|MA|CAMBRIDGE,25017,Middlesex,source_coordinate_within_county
2126729,University of Washington,WA,Seattle city,-122.330062,47.6038321,1.0,NSF|WA|SEATTLE,53033,King,source_coordinate_within_county
1709094,Regents of the University of Michigan - Ann Arbor,MI,Ann Arbor city,-83.7484616,42.2813722,0.5,NSF|MI|ANN ARBOR,26161,Washtenaw,source_coordinate_within_county
2126069,California Academy of Sciences,CA,San Francisco city,-122.4075201,37.7879363,1.0,NSF|CA|SAN FRANCISCO,06075,San Francisco,source_coordinate_within_county
2134865,Woods Hole Oceanographic Institution,MA,Woods Hole CDP,-70.6694015,41.5238752,1.0,NSF|MA|WOODS HOLE,25001,Barnstable,source_coordinate_within_county
2129833,Aerodyne Research Inc,MA,Billerica town,-71.268947,42.5584264,0.5,NSF|MA|BILLERICA,25017,Middlesex,source_coordinate_within_county
2123682,Oregon State University,OR,Corvallis city,-123.2620435,44.5645659,1.0,NSF|OR|CORVALLIS,41003,Benton,source_coordinate_within_county
2127466,Northeastern University,MA,Boston city,-71.0578303,42.3588336,1.0,NSF|MA|BOSTON,25025,Suffolk,source_coordinate_within_county
2114864,University of Alaska Southeast Juneau Campus,AK,Juneau city and borough,-134.4196751,58.3019613,1.0,NSF|AK|JUNEAU,02110,Juneau,source_coordinate_within_county
2126537,Monterey Bay Aquarium Research Institute,CA,Moss Landing CDP,-121.786581,36.7988827,1.0,NSF|CA|MOSS LANDING,06053,Monterey,source_coordinate_within_county
2127272,University of Montana,MT,Missoula city,-113.995267,46.8701049,0.5,NSF|MT|MISSOULA,30063,Missoula,source_coordinate_within_county
2344398,Iowa State University,IA,Ames city,-93.6170448,42.0267567,1.0,NSF|IA|AMES,19169,Story,source_coordinate_within_county
2127273,Northern Arizona University,AZ,Flagstaff city,-111.651822,35.1987522,0.5,NSF|AZ|FLAGSTAFF,04005,Coconino,source_coordinate_within_county
2138584,Louisiana Universities Marine Consortium,LA,Chauvin CDP,-90.5953651,29.4385529,1.0,NSF|LA|CHAUVIN,22109,Terrebonne,source_coordinate_within_county
2125407,Oregon State University,OR,Corvallis city,-123.2620435,44.5645659,1.0,NSF|OR|CORVALLIS,41003,Benton,source_coordinate_within_county
2228004,University of Texas at Austin,TX,Austin city,-97.7436995,30.2711286,0.5,NSF|TX|AUSTIN,48453,Travis,source_coordinate_within_county
2209775,Cleveland State University,OH,Cleveland city,-81.6936772,41.4996574,0.333333333333,NSF|OH|CLEVELAND,39035,Cuyahoga,source_coordinate_within_county
2152491,Tulane University,LA,New Orleans city,-90.0733934,29.9561422,0.5,NSF|LA|NEW ORLEANS,22071,Orleans,source_coordinate_within_county
2126583,Florida State University,FL,Tallahassee city,-84.2809332,30.4380832,1.0,NSF|FL|TALLAHASSEE,12073,Leon,source_coordinate_within_county
2055236,Woods Hole Oceanographic Institution,MA,Woods Hole CDP,-70.6694015,41.5238752,0.5,NSF|MA|WOODS HOLE,25001,Barnstable,source_coordinate_within_county
2055121,Colorado State University,CO,Fort Collins city,-105.0770113,40.5871782,0.5,NSF|CO|FORT COLLINS,08069,Larimer,source_coordinate_within_county
2117693,Stockton University,NJ,Galloway township,-74.4986142,39.4646097,1.0,NSF|NJ|GALLOWAY,34001,Atlantic,source_coordinate_within_county
2052956,"Pincus, Lauren Nicole",NJ,Princeton,-74.6597376,40.3496953,1.0,NSF|NJ|PRINCETON,34021,Mercer,source_coordinate_within_county
2112863,Stanford University,CA,Stanford CDP,-122.1702445,37.427467,1.0,NSF|CA|STANFORD,06085,Santa Clara,source_coordinate_within_county
2108452,Harvard University,MA,Cambridge city,-71.1040018,42.3656347,1.0,NSF|MA|CAMBRIDGE,25017,Middlesex,source_coordinate_within_county
2114164,University of Alaska Fairbanks Campus,AK,Fairbanks city,-147.716675,64.837845,1.0,NSF|AK|FAIRBANKS,02090,Fairbanks North Star,source_coordinate_within_county
2127354,Carnegie Mellon University,PA,Pittsburgh city,-80.0025666,40.4406968,1.0,NSF|PA|PITTSBURGH,42003,Allegheny,source_coordinate_within_county
2127606,University of Texas at Austin,TX,Austin city,-97.7436995,30.2711286,0.5,NSF|TX|AUSTIN,48453,Travis,source_coordinate_within_county
2134600,Oceanography Society,MD,Rockville city,-77.1516844,39.0817985,1.0,NSF|MD|ROCKVILLE,24031,Montgomery,source_coordinate_within_county
2122042,Princeton University,NJ,Princeton,-74.6597376,40.3496953,1.0,NSF|NJ|PRINCETON,34021,Mercer,source_coordinate_within_county
2116186,Colorado State University,CO,Fort Collins city,-105.0770113,40.5871782,1.0,NSF|CO|FORT COLLINS,08069,Larimer,source_coordinate_within_county
2126468,Columbia University,NY,New York city,-74.0060152,40.7127281,0.5,NSF|NY|NEW YORK,36061,New York,source_coordinate_within_county
2135879,University of California-Berkeley,CA,Berkeley city,-122.272863,37.8708393,1.0,NSF|CA|BERKELEY,06001,Alameda,source_coordinate_within_county
2141763,University of California-Berkeley,CA,Berkeley city,-122.272863,37.8708393,1.0,NSF|CA|BERKELEY,06001,Alameda,source_coordinate_within_county
2052046,University of Massachusetts Amherst,MA,Amherst Town city,-72.5198761,42.3731948,1.0,NSF|MA|AMHERST,25015,Hampshire,source_coordinate_within_county
2045075,University of Washington,WA,Seattle city,-122.330062,47.6038321,1.0,NSF|WA|SEATTLE,53033,King,source_coordinate_within_county
2108286,Duke University,NC,Durham city,-78.9018053,35.996653,1.0,NSF|NC|DURHAM,37063,Durham,source_coordinate_within_county
2126112,Oregon State University,OR,Corvallis city,-123.2620435,44.5645659,1.0,NSF|OR|CORVALLIS,41003,Benton,source_coordinate_within_county
2044837,"The University Corporation, Northridge",CA,Los Angeles city,-118.5369316,34.2345615,1.0,NSF|CA|NORTHRIDGE,06037,Los Angeles,source_coordinate_within_county
2127476,University of Minnesota-Twin Cities,MN,Minneapolis city,-93.2654692,44.9772995,1.0,NSF|MN|MINNEAPOLIS,27053,Hennepin,source_coordinate_within_county
2119465,Loyola University of Chicago,IL,Chicago city,-87.6244212,41.8755616,0.5,NSF|IL|CHICAGO,17031,Cook,source_coordinate_within_county
2053016,"Tsosie, Ranalda L",MT,Missoula city,-113.995267,46.8701049,1.0,NSF|MT|MISSOULA,30063,Missoula,source_coordinate_within_county
2043064,University of Oklahoma Norman Campus,OK,Norman city,-97.4394816,35.2225717,1.0,NSF|OK|NORMAN,40027,Cleveland,source_coordinate_within_county
1941327,University of Colorado at Boulder,CO,Boulder city,-105.270545,40.0149856,1.0,NSF|CO|BOULDER,08013,Boulder,source_coordinate_within_county
2126193,University of Washington,WA,Seattle city,-122.330062,47.6038321,1.0,NSF|WA|SEATTLE,53033,King,source_coordinate_within_county
2119541,Colorado State University,CO,Fort Collins city,-105.0770113,40.5871782,0.5,NSF|CO|FORT COLLINS,08069,Larimer,source_coordinate_within_county
2204852,Texas Tech University,TX,Lubbock city,-101.8470215,33.5855677,0.333333333333,NSF|TX|LUBBOCK,48303,Lubbock,source_coordinate_within_county
2103020,University of Minnesota-Twin Cities,MN,Minneapolis city,-93.2654692,44.9772995,1.0,NSF|MN|MINNEAPOLIS,27053,Hennepin,source_coordinate_within_county
2135018,University of Kansas Center for Research Inc,KS,Lawrence city,-95.2359403,38.9719137,1.0,NSF|KS|LAWRENCE,20045,Douglas,source_coordinate_within_county
2114251,"Board of Regents, NSHE, obo University of Nevada, Reno",NV,Reno city,-119.812658,39.5261788,1.0,NSF|NV|RENO,32031,Washoe,source_coordinate_within_county
2102853,Yale University,CT,New Haven city,-72.9250518,41.3082138,0.333333333333,NSF|CT|NEW HAVEN,09170,South Central Connecticut,source_coordinate_within_county
2102457,Woods Hole Oceanographic Institution,MA,Woods Hole CDP,-70.6694015,41.5238752,0.333333333333,NSF|MA|WOODS HOLE,25001,Barnstable,source_coordinate_within_county
2102956,University Corporation For Atmospheric Res,CO,Boulder city,-105.270545,40.0149856,0.333333333333,NSF|CO|BOULDER,08013,Boulder,source_coordinate_within_county
2114454,University of California-San Diego Scripps Inst of Oceanography,CA,San Diego city,-117.2740777,32.8401623,1.0,NSF|CA|LA JOLLA,06073,San Diego,source_coordinate_within_county
2016826,Pennsylvania State Univ University Park,PA,College township,-77.8710571,40.8128971,1.0,NSF|PA|UNIVERSITY PARK,42027,Centre,source_coordinate_within_county
2113889,SUNY at Albany,NY,Albany city,-73.754968,42.6511674,1.0,NSF|NY|ALBANY,36001,Albany,source_coordinate_within_county
2114573,ALASKA CONSERVATION FOUNDATION,AK,Anchorage municipality,-149.894852,61.2163129,0.5,NSF|AK|ANCHORAGE,02020,Anchorage,source_coordinate_within_county
2113843,Louisiana State University,LA,Baton Rouge city,-91.1869659,30.4494155,1.0,NSF|LA|BATON ROUGE,22033,East Baton Rouge,source_coordinate_within_county
2113896,University of Connecticut,CT,Storrs CDP,-72.2495231,41.8084314,1.0,NSF|CT|STORRS,09110,Capitol,source_coordinate_within_county
2026045,Rutgers University New Brunswick,NJ,New Brunswick city,-74.4436416,40.4936119,1.0,NSF|NJ|NEW BRUNSWICK,34023,Middlesex,source_coordinate_within_county
2131678,American Geophysical Union,DC,Washington city,-77.0363849,38.8950982,1.0,NSF|DC|WASHINGTON,11001,District of Columbia,source_coordinate_within_county
2049073,Stroud Water Research Center,PA,Avondale borough,-75.783273,39.823443,1.0,NSF|PA|AVONDALE,42029,Chester,source_coordinate_within_county
2103049,Woods Hole Oceanographic Institution,MA,Woods Hole CDP,-70.6694015,41.5238752,1.0,NSF|MA|WOODS HOLE,25001,Barnstable,source_coordinate_within_county
2102986,Woods Hole Oceanographic Institution,MA,Woods Hole CDP,-70.6694015,41.5238752,1.0,NSF|MA|WOODS HOLE,25001,Barnstable,source_coordinate_within_county
2140335,Woods Hole Oceanographic Institution,MA,Woods Hole CDP,-70.6694015,41.5238752,0.25,NSF|MA|WOODS HOLE,25001,Barnstable,source_coordinate_within_county
2031261,Yukon River Inter-Tribal Watershed Council,AK,Anchorage municipality,-149.894852,61.2163129,0.5,NSF|AK|ANCHORAGE,02020,Anchorage,source_coordinate_within_county
2031532,California Institute of Technology,CA,Pasadena city,-118.144155,34.1476507,0.5,NSF|CA|PASADENA,06037,Los Angeles,source_coordinate_within_county
2049407,University of Hawaii,HI,Urban Honolulu CDP,-157.855676,21.304547,1.0,NSF|HI|HONOLULU,15003,Honolulu,source_coordinate_within_county
2044850,Woods Hole Oceanographic Institution,MA,Woods Hole CDP,-70.6694015,41.5238752,1.0,NSF|MA|WOODS HOLE,25001,Barnstable,source_coordinate_within_county
2041251,University of California-Irvine,CA,Irvine city,-117.825981,33.6856969,0.5,NSF|CA|IRVINE,06059,Orange,source_coordinate_within_county
2022991,Montana State University,MT,Bozeman city,-111.044047,45.6794293,0.5,NSF|MT|BOZEMAN,30031,Gallatin,source_coordinate_within_county
2048955,Smithsonian Institution,DC,Washington city,-77.0363849,38.8950982,0.5,NSF|DC|WASHINGTON,11001,District of Columbia,source_coordinate_within_county
2041250,University of California-Riverside,CA,Riverside city,-117.374238,33.9824949,1.0,NSF|CA|RIVERSIDE,06065,Riverside,source_coordinate_within_county
2048336,Woods Hole Oceanographic Institution,MA,Woods Hole CDP,-70.6694015,41.5238752,1.0,NSF|MA|WOODS HOLE,25001,Barnstable,source_coordinate_within_county
2048914,University of Florida,FL,Gainesville city,-82.3249846,29.6519684,0.5,NSF|FL|GAINESVILLE,12001,Alachua,source_coordinate_within_county
2041240,Baylor University,TX,Waco city,-97.1474628,31.5491899,0.5,NSF|TX|WACO,48309,McLennan,source_coordinate_within_county
2049308,Bigelow Laboratory for Ocean Sciences,ME,Boothbay town,-69.5849926,43.8639881,1.0,NSF|ME|EAST BOOTHBAY,23015,Lincoln,source_coordinate_within_county
2043727,University of Wisconsin-Madison,WI,Madison city,-89.3841663,43.07469,0.5,NSF|WI|MADISON,55025,Dane,source_coordinate_within_county
2043588,University Corporation For Atmospheric Res,CO,Boulder city,-105.270545,40.0149856,0.5,NSF|CO|BOULDER,08013,Boulder,source_coordinate_within_county
2031238,University Corporation For Atmospheric Res,CO,Boulder city,-105.270545,40.0149856,0.333333333333,NSF|CO|BOULDER,08013,Boulder,source_coordinate_within_county
2031072,Dartmouth College,NH,Hanover CDP,-72.2892164,43.7023545,0.333333333333,NSF|NH|HANOVER,33009,Grafton,source_coordinate_within_county
2032130,Johns Hopkins University,MD,Baltimore city,-76.610759,39.2908816,1.0,NSF|MD|BALTIMORE,24510,Baltimore,source_coordinate_within_county
1950805,University of Central Oklahoma,OK,Edmond city,-97.4649038,35.6571367,1.0,NSF|OK|EDMOND,40109,Oklahoma,source_coordinate_within_county
2031253,University of New Hampshire,NH,Durham CDP,-70.9177186,43.1214141,0.333333333333,NSF|NH|DURHAM,33017,Strafford,source_coordinate_within_county
2431443,University of Arkansas,AR,Fayetteville city,-94.1574328,36.0625843,1.0,NSF|AR|FAYETTEVILLE,05143,Washington,source_coordinate_within_county
2431342,Johns Hopkins University,MD,Baltimore city,-76.610759,39.2908816,1.0,NSF|MD|BALTIMORE,24510,Baltimore,source_coordinate_within_county
2431268,Embry-Riddle Aeronautical University,FL,Daytona Beach city,-81.0228331,29.2108147,1.0,NSF|FL|DAYTONA BEACH,12127,Volusia,source_coordinate_within_county
2437668,Colorado School of Mines,CO,Golden city,-105.22058,39.7546349,0.25,NSF|CO|GOLDEN,08059,Jefferson,source_coordinate_within_county
2402390,Regents of the University of Michigan - Ann Arbor,MI,Ann Arbor city,-83.7484616,42.2813722,1.0,NSF|MI|ANN ARBOR,26161,Washtenaw,source_coordinate_within_county
2426947,Drexel University,PA,Philadelphia city,-75.1635262,39.9527237,1.0,NSF|PA|PHILADELPHIA,42101,Philadelphia,source_coordinate_within_county
2427345,Texas A&M University,TX,College Station city,-96.3455991,30.6183939,1.0,NSF|TX|COLLEGE STATION,48041,Brazos,source_coordinate_within_county
2418579,Earthquake Engineering Research Institute,CA,Oakland city,-122.271356,37.8044557,1.0,NSF|CA|OAKLAND,06001,Alameda,source_coordinate_within_county
2338480,George Mason University,VA,Fairfax city,-77.3063733,38.8462236,1.0,NSF|VA|FAIRFAX,51600,Fairfax,source_coordinate_within_county
2242590,Johns Hopkins University,MD,Baltimore city,-76.610759,39.2908816,1.0,NSF|MD|BALTIMORE,24510,Baltimore,source_coordinate_within_county
2229439,University of Oklahoma Norman Campus,OK,Norman city,-97.4394816,35.2225717,1.0,NSF|OK|NORMAN,40027,Cleveland,source_coordinate_within_county
2222092,University of Florida,FL,Gainesville city,-82.3249846,29.6519684,0.333333333333,NSF|FL|GAINESVILLE,12001,Alachua,source_coordinate_within_county
2228274,PECAN STREET INC.,TX,Austin city,-97.7436995,30.2711286,1.0,NSF|TX|AUSTIN,48453,Travis,source_coordinate_within_county
2213731,University of South Carolina at Columbia,SC,Columbia city,-81.0352313,34.000754,1.0,NSF|SC|COLUMBIA,45079,Richland,source_coordinate_within_county
2228544,Rensselaer Polytechnic Institute,NY,Troy city,-73.6917878,42.7284117,1.0,NSF|NY|TROY,36083,Rensselaer,source_coordinate_within_county
2228343,Regents of the University of Michigan - Ann Arbor,MI,Ann Arbor city,-83.7484616,42.2813722,1.0,NSF|MI|ANN ARBOR,26161,Washtenaw,source_coordinate_within_county
2228457,University of Iowa,IA,Iowa City city,-91.5299106,41.6612561,1.0,NSF|IA|IOWA CITY,19103,Johnson,source_coordinate_within_county
2228757,Iowa State University,IA,Ames city,-93.6170448,42.0267567,1.0,NSF|IA|AMES,19169,Story,source_coordinate_within_county
1912244,Georgia Tech Research Corporation,GA,Atlanta city,-84.3898151,33.7544657,0.5,NSF|GA|ATLANTA,13121,Fulton,source_coordinate_within_county
1840467,SUNY at Buffalo,NY,Amherst town,-78.7997616,42.9783924,1.0,NSF|NY|AMHERST,36029,Erie,source_coordinate_within_county
1806184,Montana State University,MT,Bozeman city,-111.044047,45.6794293,1.0,NSF|MT|BOZEMAN,30031,Gallatin,source_coordinate_within_county
2322242,New York University,NY,New York city,-74.0060152,40.7127281,1.0,NSF|NY|NEW YORK,36061,New York,source_coordinate_within_county
2335795,Cornell University,NY,Ithaca city,-76.4968019,42.4396039,1.0,NSF|NY|ITHACA,36109,Tompkins,source_coordinate_within_county
2406786,University of Colorado at Boulder,CO,Boulder city,-105.270545,40.0149856,0.333333333333,NSF|CO|BOULDER,08013,Boulder,source_coordinate_within_county
2346568,University of Hawaii,HI,Urban Honolulu CDP,-157.855676,21.304547,1.0,NSF|HI|HONOLULU,15003,Honolulu,source_coordinate_within_county
2345257,Arizona State University,AZ,Scottsdale city,-111.926018,33.4942189,0.333333333333,NSF|AZ|SCOTTSDALE,04013,Maricopa,source_coordinate_within_county
2345255,University of Hawaii,HI,Urban Honolulu CDP,-157.855676,21.304547,0.333333333333,NSF|HI|HONOLULU,15003,Honolulu,source_coordinate_within_county
2345256,University of California-Los Angeles,CA,Los Angeles city,-118.242766,34.0536909,0.333333333333,NSF|CA|LOS ANGELES,06037,Los Angeles,source_coordinate_within_county
2311208,University of California-San Diego,CA,San Diego city,-117.2740777,32.8401623,1.0,NSF|CA|LA JOLLA,06073,San Diego,source_coordinate_within_county
2311319,Dartmouth College,NH,Hanover CDP,-72.2892164,43.7023545,1.0,NSF|NH|HANOVER,33009,Grafton,source_coordinate_within_county
2034373,Carnegie Mellon University,PA,Pittsburgh city,-80.0025666,40.4406968,1.0,NSF|PA|PITTSBURGH,42003,Allegheny,source_coordinate_within_county
1755996,University of Alabama Tuscaloosa,AL,Tuscaloosa city,-87.5675258,33.2095614,1.0,NSF|AL|TUSCALOOSA,01125,Tuscaloosa,source_coordinate_within_county
1760699,The University of Texas Health Science Center at Houston,TX,Houston city,-95.3676974,29.7589382,1.0,NSF|TX|HOUSTON,48201,Harris,source_coordinate_within_county
2131645,University of Kansas Center for Research Inc,KS,Lawrence city,-95.2359403,38.9719137,0.5,NSF|KS|LAWRENCE,20045,Douglas,source_coordinate_within_county
1748687,University of Illinois at Urbana-Champaign,IL,Urbana city,-88.207301,40.1117174,1.0,NSF|IL|URBANA,17019,Champaign,source_coordinate_within_county
1705273,Regents of the University of Michigan - Ann Arbor,MI,Ann Arbor city,-83.7484616,42.2813722,1.0,NSF|MI|ANN ARBOR,26161,Washtenaw,source_coordinate_within_county
1701641,Water Research Foundation,CO,Denver city,-104.984862,39.7392364,1.0,NSF|CO|DENVER,08031,Denver,source_coordinate_within_county
1824277,University of California-Berkeley,CA,Berkeley city,-122.272863,37.8708393,1.0,NSF|CA|BERKELEY,06001,Alameda,source_coordinate_within_county
1848644,Iowa State University,IA,Ames city,-93.6170448,42.0267567,1.0,NSF|IA|AMES,19169,Story,source_coordinate_within_county
1935723,Arizona State University,AZ,Scottsdale city,-111.926018,33.4942189,1.0,NSF|AZ|SCOTTSDALE,04013,Maricopa,source_coordinate_within_county
1636805,University of Nebraska at Omaha,NE,Omaha city,-95.9383758,41.2587459,1.0,NSF|NE|OMAHA,31055,Douglas,source_coordinate_within_county
1634291,University of California-Davis,CA,Davis city,-121.739005,38.5435526,0.5,NSF|CA|DAVIS,06113,Yolo,source_coordinate_within_county
1639266,Virginia Polytechnic Institute and State University,VA,Blacksburg town,-80.4136767,37.2296566,1.0,NSF|VA|BLACKSBURG,51121,Montgomery,source_coordinate_within_county
1635043,Stanford University,CA,Stanford CDP,-122.1702445,37.427467,0.5,NSF|CA|STANFORD,06085,Santa Clara,source_coordinate_within_county
1633970,Northeastern University,MA,Boston city,-71.0578303,42.3588336,1.0,NSF|MA|BOSTON,25025,Suffolk,source_coordinate_within_county
1639669,Cornell University,NY,Ithaca city,-76.4968019,42.4396039,1.0,NSF|NY|ITHACA,36109,Tompkins,source_coordinate_within_county
1635507,University of Akron,OH,Akron city,-81.518485,41.083064,1.0,NSF|OH|AKRON,39153,Summit,source_coordinate_within_county
1901894,University of North Carolina at Wilmington,NC,Wilmington city,-77.9487284,34.2352853,1.0,NSF|NC|WILMINGTON,37129,New Hanover,source_coordinate_within_county
2242636,Texas A&M University,TX,College Station city,-96.3455991,30.6183939,0.5,NSF|TX|COLLEGE STATION,48041,Brazos,source_coordinate_within_county
2121977,CUNY Baruch College,NY,New York city,-74.0060152,40.7127281,1.0,NSF|NY|NEW YORK,36061,New York,source_coordinate_within_county
2022599,Brown University,RI,Providence city,-71.4128343,41.8239891,0.2,NSF|RI|PROVIDENCE,44007,Providence,source_coordinate_within_county
2033966,University of California-Davis,CA,Davis city,-121.739005,38.5435526,1.0,NSF|CA|DAVIS,06113,Yolo,source_coordinate_within_county
2041666,Rensselaer Polytechnic Institute,NY,Troy city,-73.6917878,42.7284117,1.0,NSF|NY|TROY,36083,Rensselaer,source_coordinate_within_county
2019198,California Polytechnic State University Foundation,CA,San Luis Obispo city,-120.659615,35.2827525,1.0,NSF|CA|SAN LUIS OBISPO,06079,San Luis Obispo,source_coordinate_within_county
2034656,Florida International University,FL,Miami city,-80.1935973,25.7741566,1.0,NSF|FL|MIAMI,12086,Miami-Dade,source_coordinate_within_county
1941657,Pennsylvania State Univ University Park,PA,College township,-77.8710571,40.8128971,0.5,NSF|PA|UNIVERSITY PARK,42027,Centre,source_coordinate_within_county
2127285,University of Colorado at Boulder,CO,Boulder city,-105.270545,40.0149856,1.0,NSF|CO|BOULDER,08013,Boulder,source_coordinate_within_county
1804321,Regents of the University of Michigan - Ann Arbor,MI,Ann Arbor city,-83.7484616,42.2813722,1.0,NSF|MI|ANN ARBOR,26161,Washtenaw,source_coordinate_within_county
1841979,University of Florida,FL,Gainesville city,-82.3249846,29.6519684,1.0,NSF|FL|GAINESVILLE,12001,Alachua,source_coordinate_within_county
1750339,Regents of the University of Michigan - Ann Arbor,MI,Ann Arbor city,-83.7484616,42.2813722,1.0,NSF|MI|ANN ARBOR,26161,Washtenaw,source_coordinate_within_county
1751018,West Texas A&M University,TX,Canyon city,-101.9281915,34.9789849,0.5,NSF|TX|CANYON,48381,Randall,source_coordinate_within_county
2501467,University of Florida,FL,Gainesville city,-82.3249846,29.6519684,1.0,NSF|FL|GAINESVILLE,12001,Alachua,source_coordinate_within_county
2306048,University of South Carolina at Columbia,SC,Columbia city,-81.0352313,34.000754,1.0,NSF|SC|COLUMBIA,45079,Richland,source_coordinate_within_county
2220555,University of Delaware,DE,Newark city,-75.7515682,39.6828358,0.333333333333,NSF|DE|NEWARK,10003,New Castle,source_coordinate_within_county
2400107,Colorado School of Mines,CO,Golden city,-105.22058,39.7546349,1.0,NSF|CO|GOLDEN,08059,Jefferson,source_coordinate_within_county
2006613,Insurance Institute for Business & Home Safety,FL,Tampa city,-82.4583107,27.9449854,0.5,NSF|FL|TAMPA,12057,Hillsborough,source_coordinate_within_county
2220557,University of Vermont & State Agricultural College,VT,Burlington city,-73.212906,44.4761601,0.333333333333,NSF|VT|BURLINGTON,50007,Chittenden,source_coordinate_within_county
2220556,Michigan Technological University,MI,Houghton city,-88.569012,47.121872,0.333333333333,NSF|MI|HOUGHTON,26061,Houghton,source_coordinate_within_county
1933350,North Carolina State University,NC,Raleigh city,-78.6390989,35.7803977,0.5,NSF|NC|RALEIGH,37183,Wake,source_coordinate_within_county
1933355,Oregon State University,OR,Corvallis city,-123.2620435,44.5645659,0.5,NSF|OR|CORVALLIS,41003,Benton,source_coordinate_within_county
2110171,University of Colorado at Boulder,CO,Boulder city,-105.270545,40.0149856,0.5,NSF|CO|BOULDER,08013,Boulder,source_coordinate_within_county
1855406,Catholic University of America,DC,Washington city,-77.0363849,38.8950982,1.0,NSF|DC|WASHINGTON,11001,District of Columbia,source_coordinate_within_county
2113902,Arizona State University,AZ,Scottsdale city,-111.926018,33.4942189,1.0,NSF|AZ|SCOTTSDALE,04013,Maricopa,source_coordinate_within_county
2046316,D'Youville College,NY,Buffalo city,-78.8781493,42.8864163,1.0,NSF|NY|BUFFALO,36029,Erie,source_coordinate_within_county
2428909,Purdue University,IN,West Lafayette city,-86.9080655,40.4258686,1.0,NSF|IN|WEST LAFAYETTE,18157,Tippecanoe,source_coordinate_within_county
2304384,PHYTOSTONE LLC,NY,Buffalo city,-78.8781493,42.8864163,1.0,NSF|NY|BUFFALO,36029,Erie,source_coordinate_within_county
1605031,San Diego State University Foundation,CA,San Diego city,-117.162772,32.7174202,1.0,NSF|CA|SAN DIEGO,06073,San Diego,source_coordinate_within_county
2401864,Louisiana State University,LA,Baton Rouge city,-91.1869659,30.4494155,1.0,NSF|LA|BATON ROUGE,22033,East Baton Rouge,source_coordinate_within_county
2317971,University of Notre Dame,IN,Notre Dame CDP,-86.2373691,41.6992003,1.0,NSF|IN|NOTRE DAME,18141,St. Joseph,source_coordinate_within_county
2309107,University of Delaware,DE,Newark city,-75.7515682,39.6828358,1.0,NSF|DE|NEWARK,10003,New Castle,source_coordinate_within_county
1603196,University of Wisconsin-Milwaukee,WI,Milwaukee city,-87.9090751,43.0386475,0.333333333333,NSF|WI|MILWAUKEE,55079,Milwaukee,source_coordinate_within_county
1603190,Virginia Polytechnic Institute and State University,VA,Blacksburg town,-80.4136767,37.2296566,0.333333333333,NSF|VA|BLACKSBURG,51121,Montgomery,source_coordinate_within_county
1605482,University of Cincinnati Main Campus,OH,Cincinnati city,-84.5127405,39.1012809,1.0,NSF|OH|CINCINNATI,39061,Hamilton,source_coordinate_within_county
1605424,University of Massachusetts Amherst,MA,Amherst Town city,-72.5198761,42.3731948,1.0,NSF|MA|AMHERST,25015,Hampshire,source_coordinate_within_county
1622770,University of South Florida,FL,Tampa city,-82.4583107,27.9449854,1.0,NSF|FL|TAMPA,12057,Hillsborough,source_coordinate_within_county
2145665,Oregon State University,OR,Corvallis city,-123.2620435,44.5645659,1.0,NSF|OR|CORVALLIS,41003,Benton,source_coordinate_within_county
1510869,University of South Carolina at Columbia,SC,Columbia city,-81.0352313,34.000754,1.0,NSF|SC|COLUMBIA,45079,Richland,source_coordinate_within_county
1646822,University of Pennsylvania,PA,Philadelphia city,-75.1635262,39.9527237,1.0,NSF|PA|PHILADELPHIA,42101,Philadelphia,source_coordinate_within_county
2244715,George Washington University,DC,Washington city,-77.0363849,38.8950982,0.5,NSF|DC|WASHINGTON,11001,District of Columbia,source_coordinate_within_county
2151666,ECOCLOSURE LLC,NC,Charlotte city,-80.8430827,35.2272086,1.0,NSF|NC|CHARLOTTE,37119,Mecklenburg,source_coordinate_within_county
1914028,University of Illinois at Urbana-Champaign,IL,Urbana city,-88.207301,40.1117174,0.333333333333,NSF|IL|URBANA,17019,Champaign,source_coordinate_within_county
1639227,Arizona State University,AZ,Scottsdale city,-111.926018,33.4942189,1.0,NSF|AZ|SCOTTSDALE,04013,Maricopa,source_coordinate_within_county
1903726,Colorado State University,CO,Fort Collins city,-105.0770113,40.5871782,1.0,NSF|CO|FORT COLLINS,08069,Larimer,source_coordinate_within_county
1913920,Arizona State University,AZ,Scottsdale city,-111.926018,33.4942189,0.333333333333,NSF|AZ|SCOTTSDALE,04013,Maricopa,source_coordinate_within_county
1913665,Purdue University,IN,West Lafayette city,-86.9080655,40.4258686,0.333333333333,NSF|IN|WEST LAFAYETTE,18157,Tippecanoe,source_coordinate_within_county
2217410,Pennsylvania State Univ University Park,PA,College township,-77.8710571,40.8128971,0.5,NSF|PA|UNIVERSITY PARK,42027,Centre,source_coordinate_within_county
1746974,"ABSTRACT ENGINEERING, INC",TX,Austin city,-97.7436995,30.2711286,1.0,NSF|TX|AUSTIN,48453,Travis,source_coordinate_within_county
2028504,University of California-Riverside,CA,Riverside city,-117.374238,33.9824949,0.333333333333,NSF|CA|RIVERSIDE,06065,Riverside,source_coordinate_within_county
2028464,George Washington University,DC,Washington city,-77.0363849,38.8950982,0.333333333333,NSF|DC|WASHINGTON,11001,District of Columbia,source_coordinate_within_county
2029251,Regents of the University of Michigan - Ann Arbor,MI,Ann Arbor city,-83.7484616,42.2813722,1.0,NSF|MI|ANN ARBOR,26161,Washtenaw,source_coordinate_within_county
2027444,Arizona State University,AZ,Scottsdale city,-111.926018,33.4942189,1.0,NSF|AZ|SCOTTSDALE,04013,Maricopa,source_coordinate_within_county
2027233,University of Wisconsin-Milwaukee,WI,Milwaukee city,-87.9090751,43.0386475,0.5,NSF|WI|MILWAUKEE,55079,Milwaukee,source_coordinate_within_county
2016396,Colorado State University,CO,Fort Collins city,-105.0770113,40.5871782,1.0,NSF|CO|FORT COLLINS,08069,Larimer,source_coordinate_within_county
2027288,Marquette University,WI,Milwaukee city,-87.9090751,43.0386475,0.5,NSF|WI|MILWAUKEE,55079,Milwaukee,source_coordinate_within_county
2015187,Regents of the University of Michigan - Ann Arbor,MI,Ann Arbor city,-83.7484616,42.2813722,1.0,NSF|MI|ANN ARBOR,26161,Washtenaw,source_coordinate_within_county
2001593,Kansas State University,KS,Manhattan city,-96.5716694,39.1836082,0.333333333333,NSF|KS|MANHATTAN,20161,Riley,source_coordinate_within_county
2001625,Old Dominion University Research Foundation,VA,Norfolk city,-76.2899539,36.8493695,0.333333333333,NSF|VA|NORFOLK,51710,Norfolk,source_coordinate_within_county
2001568,Virginia Polytechnic Institute and State University,VA,Blacksburg town,-80.4136767,37.2296566,0.333333333333,NSF|VA|BLACKSBURG,51121,Montgomery,source_coordinate_within_county
2025178,Washington University,MO,St. Louis city,-90.190009,38.6254063,0.333333333333,NSF|MO|SAINT LOUIS,29510,St. Louis,source_coordinate_within_county
1931659,University of Illinois at Urbana-Champaign,IL,Urbana city,-88.207301,40.1117174,1.0,NSF|IL|URBANA,17019,Champaign,source_coordinate_within_county
1722502,University of Illinois at Urbana-Champaign,IL,Urbana city,-88.207301,40.1117174,1.0,NSF|IL|URBANA,17019,Champaign,source_coordinate_within_county
1660116,Waste2Watergy LLC,OR,Corvallis city,-123.2620435,44.5645659,1.0,NSF|OR|CORVALLIS,41003,Benton,source_coordinate_within_county
1700848,Regents of the University of Michigan - Ann Arbor,MI,Ann Arbor city,-83.7484616,42.2813722,1.0,NSF|MI|ANN ARBOR,26161,Washtenaw,source_coordinate_within_county
1913598,CatalyzeH2O LLC,AR,Elkins city,-94.0082547,36.0014682,1.0,NSF|AR|ELKINS,05143,Washington,source_coordinate_within_county
1843020,MAIA ANALYTICA LLC,OR,Corvallis city,-123.2620435,44.5645659,1.0,NSF|OR|CORVALLIS,41003,Benton,source_coordinate_within_county
1703089,Northeastern University,MA,Boston city,-71.0578303,42.3588336,1.0,NSF|MA|BOSTON,25025,Suffolk,source_coordinate_within_county
1912367,New Jersey Institute of Technology,NJ,Newark city,-74.1723667,40.735657,1.0,NSF|NJ|NEWARK,34013,Essex,source_coordinate_within_county
1932659,Regents of the University of Michigan - Ann Arbor,MI,Ann Arbor city,-83.7484616,42.2813722,1.0,NSF|MI|ANN ARBOR,26161,Washtenaw,source_coordinate_within_county
1706290,Georgia Tech Research Corporation,GA,Atlanta city,-84.3898151,33.7544657,1.0,NSF|GA|ATLANTA,13121,Fulton,source_coordinate_within_county
1724773,University of Illinois at Chicago,IL,Chicago city,-87.6244212,41.8755616,1.0,NSF|IL|CHICAGO,17031,Cook,source_coordinate_within_county
1704472,Cornell University,NY,Ithaca city,-76.4968019,42.4396039,1.0,NSF|NY|ITHACA,36109,Tompkins,source_coordinate_within_county
1706956,Vanderbilt University,TN,Nashville-Davidson metropolitan government (balance),-86.7742984,36.1622767,1.0,NSF|TN|NASHVILLE,47037,Davidson,source_coordinate_within_county
1650278,University of Texas at San Antonio,TX,San Antonio city,-98.4951405,29.4246002,1.0,NSF|TX|SAN ANTONIO,48029,Bexar,source_coordinate_within_county
1705278,Pennsylvania State Univ University Park,PA,College township,-77.8710571,40.8128971,1.0,NSF|PA|UNIVERSITY PARK,42027,Centre,source_coordinate_within_county
1706025,University of South Florida,FL,Tampa city,-82.4583107,27.9449854,0.5,NSF|FL|TAMPA,12057,Hillsborough,source_coordinate_within_county
1706154,Stanford University,CA,Stanford CDP,-122.1702445,37.427467,1.0,NSF|CA|STANFORD,06085,Santa Clara,source_coordinate_within_county
1706575,University of Illinois at Urbana-Champaign,IL,Urbana city,-88.207301,40.1117174,1.0,NSF|IL|URBANA,17019,Champaign,source_coordinate_within_county
1802524,CUNY Medgar Evers College,NY,New York city,-73.9497211,40.6526006,1.0,NSF|NY|BROOKLYN,36047,Kings,source_coordinate_within_county
1805490,Columbia University,NY,New York city,-74.0060152,40.7127281,1.0,NSF|NY|NEW YORK,36061,New York,source_coordinate_within_county
1803823,Iowa State University,IA,Ames city,-93.6170448,42.0267567,1.0,NSF|IA|AMES,19169,Story,source_coordinate_within_county
1812569,University of Wisconsin-Platteville,WI,Platteville city,-90.4784451,42.7342942,0.5,NSF|WI|PLATTEVILLE,55043,Grant,source_coordinate_within_county
1812550,Villanova University,PA,Villanova CDP,-75.3290464,40.0385961,0.5,NSF|PA|VILLANOVA,42091,Montgomery,source_coordinate_within_county
1804513,Colorado School of Mines,CO,Golden city,-105.22058,39.7546349,1.0,NSF|CO|GOLDEN,08059,Jefferson,source_coordinate_within_county
1640593,Old Dominion University Research Foundation,VA,Norfolk city,-76.2899539,36.8493695,1.0,NSF|VA|NORFOLK,51710,Norfolk,source_coordinate_within_county
1655451,University of Connecticut,CT,Storrs CDP,-72.2495231,41.8084314,1.0,NSF|CT|STORRS,09110,Capitol,source_coordinate_within_county
1659135,University of Texas at El Paso,TX,El Paso city,-106.4870476,31.7601001,1.0,NSF|TX|EL PASO,48141,El Paso,source_coordinate_within_county
1640445,University of Arizona,AZ,Tucson city,-110.974847,32.2228765,1.0,NSF|AZ|TUCSON,04019,Pima,source_coordinate_within_county
1621759,Advanced Chemical Systems Inc,WI,Franklin city,-88.0384183,42.888627,1.0,NSF|WI|FRANKLIN,55079,Milwaukee,source_coordinate_within_county
1548807,"Minnepura Technologies, Inc.",MN,St. Paul city,-93.0931028,44.9497487,1.0,NSF|MN|SAINT PAUL,27123,Ramsey,source_coordinate_within_county
2231566,Princeton University,NJ,Princeton,-74.6597376,40.3496953,1.0,NSF|NJ|PRINCETON,34021,Mercer,source_coordinate_within_county
1556058,Cognitive Robotics,CO,Louisville city,-105.1319296,39.977763,1.0,NSF|CO|LOUISVILLE,08013,Boulder,source_coordinate_within_county
2141035,Northeastern University,MA,Boston city,-71.0578303,42.3588336,1.0,NSF|MA|BOSTON,25025,Suffolk,source_coordinate_within_county
2125671,PHOENIX WASTE SOLUTIONS INC.,LA,Chauvin CDP,-90.5953651,29.4385529,1.0,NSF|LA|CHAUVIN,22109,Terrebonne,source_coordinate_within_county
2229904,Marquette University,WI,Milwaukee city,-87.9090751,43.0386475,1.0,NSF|WI|MILWAUKEE,55079,Milwaukee,source_coordinate_within_county
2141184,Oklahoma State University,OK,Stillwater city,-97.0585717,36.1156306,1.0,NSF|OK|STILLWATER,40119,Payne,source_coordinate_within_county
2038543,"NALA SYSTEMS, INC.",NC,Morrisville town,-78.8300321,35.824341,1.0,NSF|NC|MORRISVILLE,37183,Wake,source_coordinate_within_county
2052390,"CARIBOU BIOFUELS, INC.",CA,San Francisco city,-122.4075201,37.7879363,1.0,NSF|CA|SAN FRANCISCO,06075,San Francisco,source_coordinate_within_county
2109685,New Mexico State University,NM,Las Cruces city,-106.779807,32.3140354,1.0,NSF|NM|LAS CRUCES,35013,Doña Ana,source_coordinate_within_county
2036470,SolMem LLC,TX,Houston city,-95.3676974,29.7589382,1.0,NSF|TX|HOUSTON,48201,Harris,source_coordinate_within_county
2340161,University of Kansas Center for Research Inc,KS,Lawrence city,-95.2359403,38.9719137,1.0,NSF|KS|LAWRENCE,20045,Douglas,source_coordinate_within_county
2330702,California Institute of Technology,CA,Pasadena city,-118.144155,34.1476507,1.0,NSF|CA|PASADENA,06037,Los Angeles,source_coordinate_within_county
2330630,Yale University,CT,New Haven city,-72.9250518,41.3082138,1.0,NSF|CT|NEW HAVEN,09170,South Central Connecticut,source_coordinate_within_county
2223083,"MEMBRANEX, LLC",CT,Tolland town,-72.3677153,41.8700166,1.0,NSF|CT|TOLLAND,09110,Capitol,source_coordinate_within_county
2310201,University of California-Riverside,CA,Riverside city,-117.374238,33.9824949,1.0,NSF|CA|RIVERSIDE,06065,Riverside,source_coordinate_within_county
2026035,ACLARITY INC.,MA,Medway town,-71.3967256,42.1417641,1.0,NSF|MA|MEDWAY,25021,Norfolk,source_coordinate_within_county
1951152,"Max-IR Labs, LLC",TX,Dallas city,-96.7968559,32.7762719,1.0,NSF|TX|DALLAS,48113,Dallas,source_coordinate_within_county
2016333,SUNY College of Environmental Science and Forestry,NY,Syracuse city,-76.1474244,43.0481221,1.0,NSF|NY|SYRACUSE,36067,Onondaga,source_coordinate_within_county
2129083,Vanderbilt University,TN,Nashville-Davidson metropolitan government (balance),-86.7742984,36.1622767,1.0,NSF|TN|NASHVILLE,47037,Davidson,source_coordinate_within_county
2055257,University of Washington,WA,Seattle city,-122.330062,47.6038321,1.0,NSF|WA|SEATTLE,53033,King,source_coordinate_within_county
2054933,Oregon State University,OR,Corvallis city,-123.2620435,44.5645659,1.0,NSF|OR|CORVALLIS,41003,Benton,source_coordinate_within_county
2319723,George Washington University,DC,Washington city,-77.0363849,38.8950982,0.333333333333,NSF|DC|WASHINGTON,11001,District of Columbia,source_coordinate_within_county
2109500,University of North Texas,TX,Denton city,-97.1330431,33.215038,0.5,NSF|TX|DENTON,48121,Denton,source_coordinate_within_county
2110138,Yale University,CT,New Haven city,-72.9250518,41.3082138,1.0,NSF|CT|NEW HAVEN,09170,South Central Connecticut,source_coordinate_within_county
2145627,Colorado State University,CO,Fort Collins city,-105.0770113,40.5871782,1.0,NSF|CO|FORT COLLINS,08069,Larimer,source_coordinate_within_county
2053637,Rutgers University New Brunswick,NJ,New Brunswick city,-74.4436416,40.4936119,1.0,NSF|NJ|NEW BRUNSWICK,34023,Middlesex,source_coordinate_within_county
1833198,University of California-Berkeley,CA,Berkeley city,-122.272863,37.8708393,1.0,NSF|CA|BERKELEY,06001,Alameda,source_coordinate_within_county
1820290,Emergy LLC,CO,Boulder city,-105.270545,40.0149856,1.0,NSF|CO|BOULDER,08013,Boulder,source_coordinate_within_county
1746785,"Anactisis, LLC",PA,Pittsburgh city,-80.0025666,40.4406968,1.0,NSF|PA|PITTSBURGH,42003,Allegheny,source_coordinate_within_county
1637598,California Institute of Technology,CA,Pasadena city,-118.144155,34.1476507,1.0,NSF|CA|PASADENA,06037,Los Angeles,source_coordinate_within_county
1702394,University of California-San Diego,CA,San Diego city,-117.2740777,32.8401623,1.0,NSF|CA|LA JOLLA,06073,San Diego,source_coordinate_within_county
1739823,University of Maryland Center for Environmental Sciences,MD,Cambridge city,-76.077268,38.5700533,1.0,NSF|MD|CAMBRIDGE,24019,Dorchester,source_coordinate_within_county
1730128,SUNY at Stony Brook,NY,Stony Brook CDP,-73.140943,40.9256538,0.5,NSF|NY|STONY BROOK,36103,Suffolk,source_coordinate_within_county
1730043,Rutgers University New Brunswick,NJ,New Brunswick city,-74.4436416,40.4936119,1.0,NSF|NJ|NEW BRUNSWICK,34023,Middlesex,source_coordinate_within_county
1646543,University of Minnesota-Twin Cities,MN,Minneapolis city,-93.2654692,44.9772995,1.0,NSF|MN|MINNEAPOLIS,27053,Hennepin,source_coordinate_within_county
1730129,"OHIO STATE UNIVERSITY, THE",OH,Columbus city,-83.0007065,39.9622601,0.5,NSF|OH|COLUMBUS,39049,Franklin,source_coordinate_within_county
1647868,Solectrac LLC,CA,Albion CDP,-123.7686251,39.2235117,1.0,NSF|CA|ALBION,06045,Mendocino,source_coordinate_within_county
1632711,Rare Resource Recycling,TX,Houston city,-95.3676974,29.7589382,1.0,NSF|TX|HOUSTON,48201,Harris,source_coordinate_within_county
1632255,Xylome Corporation,WI,Madison city,-89.3841663,43.07469,1.0,NSF|WI|MADISON,55025,Dane,source_coordinate_within_county
1632394,Glucan Biorenewables LLC,WI,Madison city,-89.3841663,43.07469,1.0,NSF|WI|MADISON,55025,Dane,source_coordinate_within_county
1645581,Texas A&M University,TX,College Station city,-96.3455991,30.6183939,1.0,NSF|TX|COLLEGE STATION,48041,Brazos,source_coordinate_within_county
1621892,ALL Power Labs INC,CA,Berkeley city,-122.272863,37.8708393,1.0,NSF|CA|BERKELEY,06001,Alameda,source_coordinate_within_county
1621836,"Zimitech, Inc.",CA,Berkeley city,-122.272863,37.8708393,1.0,NSF|CA|BERKELEY,06001,Alameda,source_coordinate_within_county
1556041,Bio-Adhesive Alliance Inc.,NC,Mount Olive town,-78.0663788,35.1965532,1.0,NSF|NC|MOUNT OLIVE,37191,Wayne,source_coordinate_within_county
1602087,University of South Florida,FL,Tampa city,-82.4583107,27.9449854,1.0,NSF|FL|TAMPA,12057,Hillsborough,source_coordinate_within_county
1555871,"Proton Energy Systems, Inc.",CT,Wallingford town,-72.8239356,41.4564233,1.0,NSF|CT|WALLINGFORD,09170,South Central Connecticut,source_coordinate_within_county
1620096,University of Texas at Arlington,TX,Arlington city,-97.1071186,32.7355816,1.0,NSF|TX|ARLINGTON,48439,Tarrant,source_coordinate_within_county
1608613,Rensselaer Polytechnic Institute,NY,Troy city,-73.6917878,42.7284117,1.0,NSF|NY|TROY,36083,Rensselaer,source_coordinate_within_county
1549223,XPEED Turbine Technology LLC,NJ,Bridgewater township,-74.604954,40.5931225,1.0,NSF|NJ|BRIDGEWATER,34035,Somerset,source_coordinate_within_county
1549753,noon design studio,CA,Los Angeles city,-118.242766,34.0536909,1.0,NSF|CA|LOS ANGELES,06037,Los Angeles,source_coordinate_within_county
1646229,University of Florida,FL,Gainesville city,-82.3249846,29.6519684,1.0,NSF|FL|GAINESVILLE,12001,Alachua,source_coordinate_within_county
1549041,Beet Inc,OR,Corvallis city,-123.2620435,44.5645659,1.0,NSF|OR|CORVALLIS,41003,Benton,source_coordinate_within_county
1604890,Northwestern University,IL,Evanston city,-87.6846053,42.0470043,1.0,NSF|IL|EVANSTON,17031,Cook,source_coordinate_within_county
1605290,University of Illinois at Urbana-Champaign,IL,Urbana city,-88.207301,40.1117174,1.0,NSF|IL|URBANA,17019,Champaign,source_coordinate_within_county
1562557,University of Colorado at Boulder,CO,Boulder city,-105.270545,40.0149856,1.0,NSF|CO|BOULDER,08013,Boulder,source_coordinate_within_county
1661038,University of Illinois at Chicago,IL,Chicago city,-87.6244212,41.8755616,1.0,NSF|IL|CHICAGO,17031,Cook,source_coordinate_within_county
1624842,Arizona State University,AZ,Scottsdale city,-111.926018,33.4942189,1.0,NSF|AZ|SCOTTSDALE,04013,Maricopa,source_coordinate_within_county
1713704,Arizona State University,AZ,Scottsdale city,-111.926018,33.4942189,1.0,NSF|AZ|SCOTTSDALE,04013,Maricopa,source_coordinate_within_county
1649528,University of Kentucky Research Foundation,KY,Lexington-Fayette urban county,-84.4970393,38.0464066,1.0,NSF|KY|LEXINGTON,21067,Fayette,source_coordinate_within_county
1604457,University of Colorado at Boulder,CO,Boulder city,-105.270545,40.0149856,1.0,NSF|CO|BOULDER,08013,Boulder,source_coordinate_within_county
1624712,University of Louisville Research Foundation Inc,KY,Louisville city,-85.759407,38.2542376,1.0,NSF|KY|LOUISVILLE,21111,Jefferson,source_coordinate_within_county
1555123,Montclair State University,NJ,Montclair township,-74.2210643,40.8164458,1.0,NSF|NJ|MONTCLAIR,34013,Essex,source_coordinate_within_county
1556010,Brown University,RI,Providence city,-71.4128343,41.8239891,1.0,NSF|RI|PROVIDENCE,44007,Providence,source_coordinate_within_county
1555980,Washington State University,WA,Pullman city,-117.1799363,46.7295818,1.0,NSF|WA|PULLMAN,53075,Whitman,source_coordinate_within_county
1806303,East Carolina University,NC,Greenville city,-77.3724593,35.613224,1.0,NSF|NC|GREENVILLE,37147,Pitt,source_coordinate_within_county
1739835,New Mexico State University,NM,Las Cruces city,-106.779807,32.3140354,1.0,NSF|NM|LAS CRUCES,35013,Doña Ana,source_coordinate_within_county
1602882,University of California-San Diego,CA,San Diego city,-117.2740777,32.8401623,1.0,NSF|CA|LA JOLLA,06073,San Diego,source_coordinate_within_county
1734051,Seattle University,WA,Seattle city,-122.330062,47.6038321,1.0,NSF|WA|SEATTLE,53033,King,source_coordinate_within_county
1727800,University of North Carolina at Chapel Hill,NC,Chapel Hill town,-79.05578,35.9131542,1.0,NSF|NC|CHAPEL HILL,37135,Orange,source_coordinate_within_county
1744643,Boise State University,ID,Boise City city,-116.200886,43.6166163,1.0,NSF|ID|BOISE,16001,Ada,source_coordinate_within_county
1658421,University of Georgia Research Foundation Inc,GA,Athens-Clarke County unified government (balance),-83.376398,33.9597677,1.0,NSF|GA|ATHENS,13059,Clarke,source_coordinate_within_county
1624335,Johns Hopkins University,MD,Baltimore city,-76.610759,39.2908816,0.5,NSF|MD|BALTIMORE,24510,Baltimore,source_coordinate_within_county
1600258,Louisiana State University,LA,Baton Rouge city,-91.1869659,30.4494155,0.25,NSF|LA|BATON ROUGE,22033,East Baton Rouge,source_coordinate_within_county
1624609,University of Wisconsin-Madison,WI,Madison city,-89.3841663,43.07469,0.5,NSF|WI|MADISON,55025,Dane,source_coordinate_within_county
1806199,Oregon State University,OR,Corvallis city,-123.2620435,44.5645659,1.0,NSF|OR|CORVALLIS,41003,Benton,source_coordinate_within_county
1600319,Vanderbilt University,TN,Nashville-Davidson metropolitan government (balance),-86.7742984,36.1622767,0.25,NSF|TN|NASHVILLE,47037,Davidson,source_coordinate_within_county
1745941,Arizona State University,AZ,Scottsdale city,-111.926018,33.4942189,0.5,NSF|AZ|SCOTTSDALE,04013,Maricopa,source_coordinate_within_county
1753557,University of Kentucky Research Foundation,KY,Lexington-Fayette urban county,-84.4970393,38.0464066,1.0,NSF|KY|LEXINGTON,21067,Fayette,source_coordinate_within_county
1746081,"University of Maryland, College Park",MD,College Park city,-76.9369189,38.980666,0.5,NSF|MD|COLLEGE PARK,24033,Prince George's,source_coordinate_within_county
1600287,University of Colorado at Boulder,CO,Boulder city,-105.270545,40.0149856,0.25,NSF|CO|BOULDER,08013,Boulder,source_coordinate_within_county
1711767,University of South Carolina at Columbia,SC,Columbia city,-81.0352313,34.000754,1.0,NSF|SC|COLUMBIA,45079,Richland,source_coordinate_within_county
1748758,North Carolina State University,NC,Raleigh city,-78.6390989,35.7803977,0.5,NSF|NC|RALEIGH,37183,Wake,source_coordinate_within_county
1757986,Case Western Reserve University,OH,Cleveland city,-81.6936772,41.4996574,1.0,NSF|OH|CLEVELAND,39035,Cuyahoga,source_coordinate_within_county
1748752,Florida International University,FL,Miami city,-80.1935973,25.7741566,0.5,NSF|FL|MIAMI,12086,Miami-Dade,source_coordinate_within_county
1739884,Georgia Tech Research Corporation,GA,Atlanta city,-84.3898151,33.7544657,1.0,NSF|GA|ATLANTA,13121,Fulton,source_coordinate_within_county
1739189,University of Illinois at Urbana-Champaign,IL,Urbana city,-88.207301,40.1117174,0.25,NSF|IL|URBANA,17019,Champaign,source_coordinate_within_county
1706228,Rochester Institute of Tech,NY,Rochester city,-77.615214,43.157285,0.333333333333,NSF|NY|ROCHESTER,36055,Monroe,source_coordinate_within_county
1739355,California Institute of Technology,CA,Pasadena city,-118.144155,34.1476507,0.25,NSF|CA|PASADENA,06037,Los Angeles,source_coordinate_within_county
1737620,North Carolina Agricultural & Technical State University,NC,Greensboro city,-79.7919754,36.0726355,0.5,NSF|NC|GREENSBORO,37081,Guilford,source_coordinate_within_county
1705736,Carnegie Mellon University,PA,Pittsburgh city,-80.0025666,40.4406968,0.333333333333,NSF|PA|PITTSBURGH,42003,Allegheny,source_coordinate_within_county
1707008,Oklahoma State University,OK,Stillwater city,-97.0585717,36.1156306,1.0,NSF|OK|STILLWATER,40119,Payne,source_coordinate_within_county
1703796,Towson University,MD,Towson CDP,-76.6023803,39.4018513,0.5,NSF|MD|TOWSON,24005,Baltimore,source_coordinate_within_county
1705823,Kansas State University,KS,Manhattan city,-96.5716694,39.1836082,1.0,NSF|KS|MANHATTAN,20161,Riley,source_coordinate_within_county
1743412,University of Utah,UT,Salt Lake City city,-111.886797,40.7596198,1.0,NSF|UT|SALT LAKE CITY,49035,Salt Lake,source_coordinate_within_county
1710974,Pennsylvania State Univ University Park,PA,College township,-77.8710571,40.8128971,1.0,NSF|PA|UNIVERSITY PARK,42027,Centre,source_coordinate_within_county
1702610,University of Iowa,IA,Iowa City city,-91.5299106,41.6612561,0.5,NSF|IA|IOWA CITY,19103,Johnson,source_coordinate_within_county
1739344,Arizona State University,AZ,Scottsdale city,-111.926018,33.4942189,0.25,NSF|AZ|SCOTTSDALE,04013,Maricopa,source_coordinate_within_county
1748101,University of Washington,WA,Seattle city,-122.330062,47.6038321,1.0,NSF|WA|SEATTLE,53033,King,source_coordinate_within_county
1703663,University of Washington,WA,Seattle city,-122.330062,47.6038321,1.0,NSF|WA|SEATTLE,53033,King,source_coordinate_within_county
1744887,Gordon Research Conferences,RI,East Greenwich town,-71.4558911,41.6603788,1.0,NSF|RI|EAST GREENWICH,44003,Kent,source_coordinate_within_county
1705440,Drexel University,PA,Philadelphia city,-75.1635262,39.9527237,1.0,NSF|PA|PHILADELPHIA,42101,Philadelphia,source_coordinate_within_county
1706938,University of Hawaii,HI,Urban Honolulu CDP,-157.855676,21.304547,1.0,NSF|HI|HONOLULU,15003,Honolulu,source_coordinate_within_county
1705621,SUNY at Buffalo,NY,Amherst town,-78.7997616,42.9783924,0.5,NSF|NY|AMHERST,36029,Erie,source_coordinate_within_county
1745327,Georgia Tech Research Corporation,GA,Atlanta city,-84.3898151,33.7544657,1.0,NSF|GA|ATLANTA,13121,Fulton,source_coordinate_within_county
1707149,University of Colorado at Boulder,CO,Boulder city,-105.270545,40.0149856,1.0,NSF|CO|BOULDER,08013,Boulder,source_coordinate_within_county
1706797,University of Texas at Austin,TX,Austin city,-97.7436995,30.2711286,1.0,NSF|TX|AUSTIN,48453,Travis,source_coordinate_within_county
1702591,Michigan State University,MI,East Lansing city,-84.4721678,42.7320307,1.0,NSF|MI|EAST LANSING,26065,Ingham,source_coordinate_within_county
1801881,North Carolina State University,NC,Raleigh city,-78.6390989,35.7803977,1.0,NSF|NC|RALEIGH,37183,Wake,source_coordinate_within_county
1703494,Yale University,CT,New Haven city,-72.9250518,41.3082138,0.5,NSF|CT|NEW HAVEN,09170,South Central Connecticut,source_coordinate_within_county
1705804,University of Illinois at Urbana-Champaign,IL,Urbana city,-88.207301,40.1117174,1.0,NSF|IL|URBANA,17019,Champaign,source_coordinate_within_county
1705255,University of Iowa,IA,Iowa City city,-91.5299106,41.6612561,1.0,NSF|IA|IOWA CITY,19103,Johnson,source_coordinate_within_county
1738734,University of Georgia Research Foundation Inc,GA,Athens-Clarke County unified government (balance),-83.376398,33.9597677,1.0,NSF|GA|ATHENS,13059,Clarke,source_coordinate_within_county
1703662,Boston College,MA,Brookline CDP,-71.1639439,42.3234553,1.0,NSF|MA|CHESTNUT HILL,25021,Norfolk,source_coordinate_within_county
1705206,University of South Carolina at Columbia,SC,Columbia city,-81.0352313,34.000754,0.5,NSF|SC|COLUMBIA,45079,Richland,source_coordinate_within_county
1704957,Drexel University,PA,Philadelphia city,-75.1635262,39.9527237,0.5,NSF|PA|PHILADELPHIA,42101,Philadelphia,source_coordinate_within_county
1705409,Arizona State University,AZ,Scottsdale city,-111.926018,33.4942189,1.0,NSF|AZ|SCOTTSDALE,04013,Maricopa,source_coordinate_within_county
1706862,University of Illinois at Urbana-Champaign,IL,Urbana city,-88.207301,40.1117174,0.5,NSF|IL|URBANA,17019,Champaign,source_coordinate_within_county
1705606,Columbia University,NY,New York city,-74.0060152,40.7127281,0.5,NSF|NY|NEW YORK,36061,New York,source_coordinate_within_county
1704921,University of Colorado at Boulder,CO,Boulder city,-105.270545,40.0149856,0.5,NSF|CO|BOULDER,08013,Boulder,source_coordinate_within_county
1737728,University of California-San Diego,CA,San Diego city,-117.2740777,32.8401623,1.0,NSF|CA|LA JOLLA,06073,San Diego,source_coordinate_within_county
1743941,Johns Hopkins University,MD,Baltimore city,-76.610759,39.2908816,1.0,NSF|MD|BALTIMORE,24510,Baltimore,source_coordinate_within_county
1739474,University of Tennessee Institute of Agriculture,TN,Knoxville city,-83.9210261,35.9603948,1.0,NSF|TN|KNOXVILLE,47093,Knox,source_coordinate_within_county
1663348,Johns Hopkins University,MD,Baltimore city,-76.610759,39.2908816,1.0,NSF|MD|BALTIMORE,24510,Baltimore,source_coordinate_within_county
1632734,Water Environment and Reuse Foundation,VA,Alexandria city,-77.0470229,38.8051095,1.0,NSF|VA|ALEXANDRIA,51510,Alexandria,source_coordinate_within_county
1744246,University of Virginia Main Campus,VA,Charlottesville city,-78.4766781,38.029306,1.0,NSF|VA|CHARLOTTESVILLE,51540,Charlottesville,source_coordinate_within_county
1665028,University of Toledo,OH,Toledo city,-83.5378173,41.6529143,0.5,NSF|OH|TOLEDO,39095,Lucas,source_coordinate_within_county
1653716,Carnegie Mellon University,PA,Pittsburgh city,-80.0025666,40.4406968,1.0,NSF|PA|PITTSBURGH,42003,Allegheny,source_coordinate_within_county
1664983,Texas State University - San Marcos,TX,San Marcos city,-97.9405828,29.8826436,0.5,NSF|TX|SAN MARCOS,48209,Hays,source_coordinate_within_county
1650483,University of Texas at Austin,TX,Austin city,-97.7436995,30.2711286,1.0,NSF|TX|AUSTIN,48453,Travis,source_coordinate_within_county
1739137,University of Massachusetts Lowell,MA,Lowell city,-71.3085329,42.6414437,1.0,NSF|MA|LOWELL,25017,Middlesex,source_coordinate_within_county
1650564,University of Alabama Tuscaloosa,AL,Tuscaloosa city,-87.5675258,33.2095614,1.0,NSF|AL|TUSCALOOSA,01125,Tuscaloosa,source_coordinate_within_county
1644884,University of Arizona,AZ,Tucson city,-110.974847,32.2228765,1.0,NSF|AZ|TUCSON,04019,Pima,source_coordinate_within_county
1635472,University of Pittsburgh,PA,Pittsburgh city,-80.0025666,40.4406968,0.333333333333,NSF|PA|PITTSBURGH,42003,Allegheny,source_coordinate_within_county
1653922,Texas Tech University,TX,Lubbock city,-101.8470215,33.5855677,1.0,NSF|TX|LUBBOCK,48303,Lubbock,source_coordinate_within_county
1744031,Case Western Reserve University,OH,Cleveland city,-81.6936772,41.4996574,1.0,NSF|OH|CLEVELAND,39035,Cuyahoga,source_coordinate_within_county
1635339,Clarkson University,NY,Potsdam village,-74.9813349,44.6697996,0.333333333333,NSF|NY|POTSDAM,36089,St. Lawrence,source_coordinate_within_county
1650470,University of Wisconsin-Milwaukee,WI,Milwaukee city,-87.9090751,43.0386475,1.0,NSF|WI|MILWAUKEE,55079,Milwaukee,source_coordinate_within_county
1660916,University of California-Santa Barbara,CA,Santa Barbara city,-119.702667,34.4221319,0.2,NSF|CA|SANTA BARBARA,06083,Santa Barbara,source_coordinate_within_county
1639115,Michigan State University,MI,East Lansing city,-84.4721678,42.7320307,1.0,NSF|MI|EAST LANSING,26065,Ingham,source_coordinate_within_county
1650228,University of Colorado at Boulder,CO,Boulder city,-105.270545,40.0149856,0.2,NSF|CO|BOULDER,08013,Boulder,source_coordinate_within_county
1660449,Tufts University,MA,Medford city,-71.1061639,42.4184296,0.2,NSF|MA|MEDFORD,25017,Middlesex,source_coordinate_within_county
1640337,University of Minnesota-Twin Cities,MN,Minneapolis city,-93.2654692,44.9772995,1.0,NSF|MN|MINNEAPOLIS,27053,Hennepin,source_coordinate_within_county
1600131,College of William & Mary Virginia Institute of Marine Science,VA,Gloucester Point CDP,-76.496899,37.2540351,0.333333333333,NSF|VA|GLOUCESTER POINT,51073,Gloucester,source_coordinate_within_county
1600089,College of William and Mary,VA,Williamsburg city,-76.700035,37.2712497,0.333333333333,NSF|VA|WILLIAMSBURG,51830,Williamsburg,source_coordinate_within_county
1600237,University of Georgia,GA,Athens-Clarke County unified government (balance),-83.376398,33.9597677,1.0,NSF|GA|ATHENS,13059,Clarke,source_coordinate_within_county
1600062,Old Dominion University Research Foundation,VA,Norfolk city,-76.2899539,36.8493695,0.333333333333,NSF|VA|NORFOLK,51710,Norfolk,source_coordinate_within_county
1639327,"University of Maryland, College Park",MD,College Park city,-76.9369189,38.980666,1.0,NSF|MD|COLLEGE PARK,24033,Prince George's,source_coordinate_within_county
1561014,University of Vermont & State Agricultural College,VT,Burlington city,-73.212906,44.4761601,0.5,NSF|VT|BURLINGTON,50007,Chittenden,source_coordinate_within_county
1600222,University of Texas at Austin,TX,Austin city,-97.7436995,30.2711286,0.25,NSF|TX|AUSTIN,48453,Travis,source_coordinate_within_county
1603214,Marine Biological Laboratory,MA,Woods Hole CDP,-70.6694015,41.5238752,0.5,NSF|MA|WOODS HOLE,25001,Barnstable,source_coordinate_within_county
1564495,Massachusetts Institute of Technology,MA,Cambridge city,-71.1040018,42.3656347,1.0,NSF|MA|CAMBRIDGE,25017,Middlesex,source_coordinate_within_county
1560933,Indiana University,IN,Bloomington city,-86.5342881,39.1670396,0.5,NSF|IN|BLOOMINGTON,18105,Monroe,source_coordinate_within_county
1603088,Utah State University,UT,Logan city,-111.834914,41.7313063,1.0,NSF|UT|LOGAN,49005,Cache,source_coordinate_within_county
1603302,Oregon State University,OR,Corvallis city,-123.2620435,44.5645659,0.5,NSF|OR|CORVALLIS,41003,Benton,source_coordinate_within_county
1624329,University of Minnesota-Twin Cities,MN,Minneapolis city,-93.2654692,44.9772995,0.5,NSF|MN|MINNEAPOLIS,27053,Hennepin,source_coordinate_within_county
1624407,University of North Texas,TX,Denton city,-97.1330431,33.215038,0.5,NSF|TX|DENTON,48121,Denton,source_coordinate_within_county
1737788,Columbia University,NY,New York city,-74.0060152,40.7127281,0.333333333333,NSF|NY|NEW YORK,36061,New York,source_coordinate_within_county
1748573,University of Illinois at Urbana-Champaign,IL,Urbana city,-88.207301,40.1117174,1.0,NSF|IL|URBANA,17019,Champaign,source_coordinate_within_county
1740082,Oregon State University,OR,Corvallis city,-123.2620435,44.5645659,1.0,NSF|OR|CORVALLIS,41003,Benton,source_coordinate_within_county
1737687,Yale University,CT,New Haven city,-72.9250518,41.3082138,0.333333333333,NSF|CT|NEW HAVEN,09170,South Central Connecticut,source_coordinate_within_county
1719249,University of Vermont & State Agricultural College,VT,Burlington city,-73.212906,44.4761601,0.5,NSF|VT|BURLINGTON,50007,Chittenden,source_coordinate_within_county
1719240,Oberlin College,OH,Oberlin city,-82.2173786,41.2939386,0.5,NSF|OH|OBERLIN,39093,Lorain,source_coordinate_within_county
1737286,University of Alaska Fairbanks Campus,AK,Fairbanks city,-147.716675,64.837845,0.333333333333,NSF|AK|FAIRBANKS,02090,Fairbanks North Star,source_coordinate_within_county
1654009,University of Southern California,CA,Los Angeles city,-118.242766,34.0536909,1.0,NSF|CA|LOS ANGELES,06037,Los Angeles,source_coordinate_within_county
1656923,Texas A&M AgriLife Research,TX,College Station city,-96.3455991,30.6183939,1.0,NSF|TX|COLLEGE STATION,48041,Brazos,source_coordinate_within_county
1740042,Arizona State University,AZ,Scottsdale city,-111.926018,33.4942189,1.0,NSF|AZ|SCOTTSDALE,04013,Maricopa,source_coordinate_within_county
1657887,Woods Hole Oceanographic Institution,MA,Woods Hole CDP,-70.6694015,41.5238752,1.0,NSF|MA|WOODS HOLE,25001,Barnstable,source_coordinate_within_county
1748682,University of California-Irvine,CA,Irvine city,-117.825981,33.6856969,1.0,NSF|CA|IRVINE,06059,Orange,source_coordinate_within_county
1650692,University of Kansas Center for Research Inc,KS,Lawrence city,-95.2359403,38.9719137,0.5,NSF|KS|LAWRENCE,20045,Douglas,source_coordinate_within_county
1717770,George Washington University,DC,Washington city,-77.0363849,38.8950982,1.0,NSF|DC|WASHINGTON,11001,District of Columbia,source_coordinate_within_county
1650668,Council of Athabascan Tribal Governments,AK,Fort Yukon city,-145.273888,66.5647222,0.5,NSF|AK|FORT YUKON,02290,Yukon-Koyukuk,source_coordinate_within_county
1745213,William Marsh Rice University,TX,Houston city,-95.3676974,29.7589382,1.0,NSF|TX|HOUSTON,48201,Harris,source_coordinate_within_county
1721809,"CycloPure, Inc.",IL,Evanston city,-87.6846053,42.0470043,1.0,NSF|IL|EVANSTON,17031,Cook,source_coordinate_within_county
1745228,Missouri University of Science and Technology,MO,Rolla city,-91.7708076,37.9509324,1.0,NSF|MO|ROLLA,29161,Phelps,source_coordinate_within_county
1721968,SONATA SCIENTIFIC LLC,CT,Danbury city,-73.4540111,41.394817,1.0,NSF|CT|DANBURY,09190,Western Connecticut,source_coordinate_within_county
1721434,"Ambercycle, Inc.",CA,Los Angeles city,-118.242766,34.0536909,1.0,NSF|CA|LOS ANGELES,06037,Los Angeles,source_coordinate_within_county
1722390,MVSystems LLC,CO,Arvada city,-105.0811573,39.8005505,1.0,NSF|CO|ARVADA,08059,Jefferson,source_coordinate_within_county
1720800,"TG Companies, LLC",AZ,Fountain Hills town,-111.717361,33.6117105,1.0,NSF|AZ|FOUNTAIN HILLS,04013,Maricopa,source_coordinate_within_county
1744816,Cornell University,NY,Ithaca city,-76.4968019,42.4396039,1.0,NSF|NY|ITHACA,36109,Tompkins,source_coordinate_within_county
1723316,SUNY at Binghamton,NY,Binghamton city,-75.9125187,42.098698,1.0,NSF|NY|BINGHAMTON,36007,Broome,source_coordinate_within_county
1844834,Texas Tech University,TX,Lubbock city,-101.8470215,33.5855677,1.0,NSF|TX|LUBBOCK,48303,Lubbock,source_coordinate_within_county
1849023,Oklahoma State University,OK,Stillwater city,-97.0585717,36.1156306,1.0,NSF|OK|STILLWATER,40119,Payne,source_coordinate_within_county
1844210,University of Alabama Tuscaloosa,AL,Tuscaloosa city,-87.5675258,33.2095614,1.0,NSF|AL|TUSCALOOSA,01125,Tuscaloosa,source_coordinate_within_county
1831148,"TG Companies, LLC",AZ,Fountain Hills town,-111.717361,33.6117105,1.0,NSF|AZ|FOUNTAIN HILLS,04013,Maricopa,source_coordinate_within_county
1849603,George Washington University,DC,Washington city,-77.0363849,38.8950982,1.0,NSF|DC|WASHINGTON,11001,District of Columbia,source_coordinate_within_county
1831206,"CycloPure, Inc.",IL,Evanston city,-87.6846053,42.0470043,1.0,NSF|IL|EVANSTON,17031,Cook,source_coordinate_within_county
1830987,"Ambercycle, Inc.",CA,Los Angeles city,-118.242766,34.0536909,1.0,NSF|CA|LOS ANGELES,06037,Los Angeles,source_coordinate_within_county
1831220,Dynalene Inc.,PA,Whitehall township,-75.5074517,40.6574088,1.0,NSF|PA|WHITEHALL,42077,Lehigh,source_coordinate_within_county
1820122,Appia LLC,OH,Akron city,-81.518485,41.083064,1.0,NSF|OH|AKRON,39153,Summit,source_coordinate_within_county
1823899,Union College,NY,Schenectady city,-73.9395687,42.8142432,1.0,NSF|NY|SCHENECTADY,36093,Schenectady,source_coordinate_within_county
1821999,Tennessee Technological University,TN,Cookeville city,-85.4997057,36.1623886,1.0,NSF|TN|COOKEVILLE,47141,Putnam,source_coordinate_within_county
1746140,"Lucent Optics, Inc.",CA,Sacramento city,-121.493895,38.5810606,1.0,NSF|CA|SACRAMENTO,06067,Sacramento,source_coordinate_within_county
1745846,SUNNY CLEAN WATER LLC,NY,Clarence town,-78.696697,43.0183913,1.0,NSF|NY|EAST AMHERST,36029,Erie,source_coordinate_within_county
1747887,MOBIUS PBC,TN,Lenoir City city,-84.2560299,35.7972998,1.0,NSF|TN|LENOIR CITY,47105,Loudon,source_coordinate_within_county
1754913,University of Colorado at Boulder,CO,Boulder city,-105.270545,40.0149856,1.0,NSF|CO|BOULDER,08013,Boulder,source_coordinate_within_county
1745730,"Max-IR Labs, LLC",TX,Dallas city,-96.7968559,32.7762719,1.0,NSF|TX|DALLAS,48113,Dallas,source_coordinate_within_county
1930806,University of Delaware,DE,Newark city,-75.7515682,39.6828358,1.0,NSF|DE|NEWARK,10003,New Castle,source_coordinate_within_county
1927325,University of California-Berkeley,CA,Berkeley city,-122.272863,37.8708393,0.5,NSF|CA|BERKELEY,06001,Alameda,source_coordinate_within_county
1932922,Trustees of Boston University,MA,Boston city,-71.0578303,42.3588336,0.5,NSF|MA|BOSTON,25025,Suffolk,source_coordinate_within_county
1927336,Columbia University,NY,New York city,-74.0060152,40.7127281,0.5,NSF|NY|NEW YORK,36061,New York,source_coordinate_within_county
1931162,University of Texas at Austin,TX,Austin city,-97.7436995,30.2711286,0.333333333333,NSF|TX|AUSTIN,48453,Travis,source_coordinate_within_county
1933071,Cornell University,NY,Ithaca city,-76.4968019,42.4396039,0.5,NSF|NY|ITHACA,36109,Tompkins,source_coordinate_within_county
1921320,Vanderbilt University,TN,Nashville-Davidson metropolitan government (balance),-86.7742984,36.1622767,1.0,NSF|TN|NASHVILLE,47037,Davidson,source_coordinate_within_county
1917074,University of Pittsburgh,PA,Pittsburgh city,-80.0025666,40.4406968,0.5,NSF|PA|PITTSBURGH,42003,Allegheny,source_coordinate_within_county
1903705,Columbia University,NY,New York city,-74.0060152,40.7127281,0.5,NSF|NY|NEW YORK,36061,New York,source_coordinate_within_county
1903685,Vanderbilt University,TN,Nashville-Davidson metropolitan government (balance),-86.7742984,36.1622767,0.5,NSF|TN|NASHVILLE,47037,Davidson,source_coordinate_within_county
1936893,Virginia Polytechnic Institute and State University,VA,Blacksburg town,-80.4136767,37.2296566,1.0,NSF|VA|BLACKSBURG,51121,Montgomery,source_coordinate_within_county
1930697,University of Florida,FL,Gainesville city,-82.3249846,29.6519684,0.333333333333,NSF|FL|GAINESVILLE,12001,Alachua,source_coordinate_within_county
1935799,University of Massachusetts Lowell,MA,Lowell city,-71.3085329,42.6414437,1.0,NSF|MA|LOWELL,25017,Middlesex,source_coordinate_within_county
1917057,Syracuse University,NY,Syracuse city,-76.1474244,43.0481221,0.5,NSF|NY|SYRACUSE,36067,Onondaga,source_coordinate_within_county
1936864,University of Florida,FL,Gainesville city,-82.3249846,29.6519684,1.0,NSF|FL|GAINESVILLE,12001,Alachua,source_coordinate_within_county
1932690,Missouri University of Science and Technology,MO,Rolla city,-91.7708076,37.9509324,1.0,NSF|MO|ROLLA,29161,Phelps,source_coordinate_within_county
1917130,Illinois Institute of Technology,IL,Chicago city,-87.6244212,41.8755616,0.5,NSF|IL|CHICAGO,17031,Cook,source_coordinate_within_county
1903627,Virginia Polytechnic Institute and State University,VA,Blacksburg town,-80.4136767,37.2296566,0.5,NSF|VA|BLACKSBURG,51121,Montgomery,source_coordinate_within_county
1924714,Purdue University,IN,West Lafayette city,-86.9080655,40.4258686,0.5,NSF|IN|WEST LAFAYETTE,18157,Tippecanoe,source_coordinate_within_county
1903405,Michigan Technological University,MI,Houghton city,-88.569012,47.121872,0.5,NSF|MI|HOUGHTON,26061,Houghton,source_coordinate_within_county
1924715,University of Notre Dame,IN,Notre Dame CDP,-86.2373691,41.6992003,0.5,NSF|IN|NOTRE DAME,18141,St. Joseph,source_coordinate_within_county
2023841,Stanford University,CA,Stanford CDP,-122.1702445,37.427467,0.5,NSF|CA|STANFORD,06085,Santa Clara,source_coordinate_within_county
1917053,Oklahoma State University,OK,Stillwater city,-97.0585717,36.1156306,0.5,NSF|OK|STILLWATER,40119,Payne,source_coordinate_within_county
1936981,Massachusetts Institute of Technology,MA,Cambridge city,-71.1040018,42.3656347,1.0,NSF|MA|CAMBRIDGE,25017,Middlesex,source_coordinate_within_county
2012766,Texas Tech University,TX,Lubbock city,-101.8470215,33.5855677,0.5,NSF|TX|LUBBOCK,48303,Lubbock,source_coordinate_within_county
1921359,Brown University,RI,Providence city,-71.4128343,41.8239891,0.5,NSF|RI|PROVIDENCE,44007,Providence,source_coordinate_within_county
1921594,University of Wisconsin-Madison,WI,Madison city,-89.3841663,43.07469,0.5,NSF|WI|MADISON,55025,Dane,source_coordinate_within_county
1856009,"Board of Regents, NSHE, obo University of Nevada, Reno",NV,Reno city,-119.812658,39.5261788,1.0,NSF|NV|RENO,32031,Washoe,source_coordinate_within_county
1903719,Texas A&M University Corpus Christi,TX,Corpus Christi city,-97.4033191,27.7635302,0.5,NSF|TX|CORPUS CHRISTI,48355,Nueces,source_coordinate_within_county
1901807,University of Colorado at Denver-Downtown Campus,CO,Denver city,-104.984862,39.7392364,1.0,NSF|CO|DENVER,08031,Denver,source_coordinate_within_county
1903340,Louisiana State University,LA,Baton Rouge city,-91.1869659,30.4494155,0.5,NSF|LA|BATON ROUGE,22033,East Baton Rouge,source_coordinate_within_county
1847182,North Carolina State University,NC,Raleigh city,-78.6390989,35.7803977,0.5,NSF|NC|RALEIGH,37183,Wake,source_coordinate_within_county
1948963,Stanford University,CA,Stanford CDP,-122.1702445,37.427467,0.333333333333,NSF|CA|STANFORD,06085,Santa Clara,source_coordinate_within_county
1904544,Arizona State University,AZ,Scottsdale city,-111.926018,33.4942189,1.0,NSF|AZ|SCOTTSDALE,04013,Maricopa,source_coordinate_within_county
1912057,Gordon Research Conferences,RI,East Greenwich town,-71.4558911,41.6603788,1.0,NSF|RI|EAST GREENWICH,44003,Kent,source_coordinate_within_county
1840871,New Mexico State University,NM,Las Cruces city,-106.779807,32.3140354,0.5,NSF|NM|LAS CRUCES,35013,Doña Ana,source_coordinate_within_county
1903457,University of Texas at Austin,TX,Austin city,-97.7436995,30.2711286,1.0,NSF|TX|AUSTIN,48453,Travis,source_coordinate_within_county
1928898,Worcester Polytechnic Institute,MA,Worcester city,-71.8018877,42.2625621,1.0,NSF|MA|WORCESTER,25027,Worcester,source_coordinate_within_county
1928807,Arizona State University,AZ,Scottsdale city,-111.926018,33.4942189,0.5,NSF|AZ|SCOTTSDALE,04013,Maricopa,source_coordinate_within_county
1928795,Arizona State University,AZ,Scottsdale city,-111.926018,33.4942189,1.0,NSF|AZ|SCOTTSDALE,04013,Maricopa,source_coordinate_within_county
1841535,Oklahoma State University,OK,Stillwater city,-97.0585717,36.1156306,1.0,NSF|OK|STILLWATER,40119,Payne,source_coordinate_within_county
1906780,Stevens Institute of Technology,NJ,Hoboken city,-74.0323752,40.7433066,0.333333333333,NSF|NJ|HOBOKEN,34017,Hudson,source_coordinate_within_county
1826364,Kansas State University,KS,Manhattan city,-96.5716694,39.1836082,0.5,NSF|KS|MANHATTAN,20161,Riley,source_coordinate_within_county
1841613,Kansas State University,KS,Manhattan city,-96.5716694,39.1836082,1.0,NSF|KS|MANHATTAN,20161,Riley,source_coordinate_within_county
1906532,Stevens Institute of Technology,NJ,Hoboken city,-74.0323752,40.7433066,1.0,NSF|NJ|HOBOKEN,34017,Hudson,source_coordinate_within_county
1920042,Utah State University,UT,Logan city,-111.834914,41.7313063,0.5,NSF|UT|LOGAN,49005,Cache,source_coordinate_within_county
1826356,Iowa State University,IA,Ames city,-93.6170448,42.0267567,0.5,NSF|IA|AMES,19169,Story,source_coordinate_within_county
2029747,University of Alaska Fairbanks Campus,AK,Fairbanks city,-147.716675,64.837845,0.333333333333,NSF|AK|FAIRBANKS,02090,Fairbanks North Star,source_coordinate_within_county
2016404,Massachusetts Institute of Technology,MA,Cambridge city,-71.1040018,42.3656347,1.0,NSF|MA|CAMBRIDGE,25017,Middlesex,source_coordinate_within_county
2029770,University of Maryland Baltimore County,MD,Baltimore city,-76.610759,39.2908816,0.333333333333,NSF|MD|BALTIMORE,24510,Baltimore,source_coordinate_within_county
2029730,Georgia Tech Research Corporation,GA,Atlanta city,-84.3898151,33.7544657,0.333333333333,NSF|GA|ATLANTA,13121,Fulton,source_coordinate_within_county
2103490,EvREsearch LTD,CA,Los Angeles city,-118.5264706,34.0480643,0.2,NSF|CA|PACIFIC PALISADES,06037,Los Angeles,source_coordinate_within_county
1952802,"Naughton, Hannah Rose",CA,Berkeley city,-122.272863,37.8708393,1.0,NSF|CA|BERKELEY,06001,Alameda,source_coordinate_within_county
2037091,Regents of the University of Michigan - Ann Arbor,MI,Ann Arbor city,-83.7484616,42.2813722,1.0,NSF|MI|ANN ARBOR,26161,Washtenaw,source_coordinate_within_county
2022876,University of Alaska Anchorage Campus,AK,Anchorage municipality,-149.894852,61.2163129,1.0,NSF|AK|ANCHORAGE,02020,Anchorage,source_coordinate_within_county
2023211,University of Texas at Austin,TX,Austin city,-97.7436995,30.2711286,1.0,NSF|TX|AUSTIN,48453,Travis,source_coordinate_within_county
2022355,University of Rhode Island,RI,Kingston CDP,-71.5227103,41.4801166,1.0,NSF|RI|KINGSTON,44009,Washington,source_coordinate_within_county
1947965,University of Connecticut,CT,Storrs CDP,-72.2495231,41.8084314,1.0,NSF|CT|STORRS,09110,Capitol,source_coordinate_within_county
2020632,Williams College,MA,Williamstown CDP,-73.2094566,42.7135472,1.0,NSF|MA|WILLIAMSTOWN,25003,Berkshire,source_coordinate_within_county
1931980,Georgia Tech Research Corporation,GA,Atlanta city,-84.3898151,33.7544657,1.0,NSF|GA|ATLANTA,13121,Fulton,source_coordinate_within_county
1837473,Arizona State University,AZ,Scottsdale city,-111.926018,33.4942189,1.0,NSF|AZ|SCOTTSDALE,04013,Maricopa,source_coordinate_within_county
1835897,University of Texas at El Paso,TX,El Paso city,-106.4870476,31.7601001,1.0,NSF|TX|EL PASO,48141,El Paso,source_coordinate_within_county
2137798,"University of Maryland, College Park",MD,College Park city,-76.9369189,38.980666,1.0,NSF|MD|COLLEGE PARK,24033,Prince George's,source_coordinate_within_county
49100421C0038,Multiplier,CA,Oakland city,-122.271356,37.8044557,1.0,NSF|CA|OAKLAND,06001,Alameda,source_coordinate_within_county
2126564,SUSMAX LLC,PA,Philadelphia city,-75.1635262,39.9527237,1.0,NSF|PA|PHILADELPHIA,42101,Philadelphia,source_coordinate_within_county
2126127,TRGel LLC,CA,Mission Viejo city,-117.659405,33.5965685,1.0,NSF|CA|MISSION VIEJO,06059,Orange,source_coordinate_within_county
2044719,University of Kentucky Research Foundation,KY,Lexington-Fayette urban county,-84.4970393,38.0464066,1.0,NSF|KY|LEXINGTON,21067,Fayette,source_coordinate_within_county
2053091,BARLEY & BRITCHES INC.,NY,New York city,-74.0060152,40.7127281,1.0,NSF|NY|NEW YORK,36061,New York,source_coordinate_within_county
2044729,Iowa State University,IA,Ames city,-93.6170448,42.0267567,1.0,NSF|IA|AMES,19169,Story,source_coordinate_within_county
2105995,"OPTISORT, LLC",NY,Horseheads village,-76.8202973,42.1669832,1.0,NSF|NY|HORSEHEADS,36015,Chemung,source_coordinate_within_county
2054360,"Cruz Foam, Inc.",CA,Santa Cruz city,-122.0294673,36.9743626,1.0,NSF|CA|SANTA CRUZ,06087,Santa Cruz,source_coordinate_within_county
2129602,Iowa State University,IA,Ames city,-93.6170448,42.0267567,1.0,NSF|IA|AMES,19169,Story,source_coordinate_within_county
2132385,Colorado State University,CO,Fort Collins city,-105.0770113,40.5871782,1.0,NSF|CO|FORT COLLINS,08069,Larimer,source_coordinate_within_county
2136214,OXBYEL TECHNOLOGIES INC.,AZ,Phoenix city,-112.074141,33.4484367,1.0,NSF|AZ|PHOENIX,04013,Maricopa,source_coordinate_within_county
2137766,Michigan State University,MI,East Lansing city,-84.4721678,42.7320307,1.0,NSF|MI|EAST LANSING,26065,Ingham,source_coordinate_within_county
2127177,RAPID RADICALS TECHNOLOGY LLC,WI,Milwaukee city,-87.9090751,43.0386475,1.0,NSF|WI|MILWAUKEE,55079,Milwaukee,source_coordinate_within_county
2137561,University of California-Santa Barbara,CA,Santa Barbara city,-119.702667,34.4221319,1.0,NSF|CA|SANTA BARBARA,06083,Santa Barbara,source_coordinate_within_county
2137882,Woods Hole Oceanographic Institution,MA,Woods Hole CDP,-70.6694015,41.5238752,1.0,NSF|MA|WOODS HOLE,25001,Barnstable,source_coordinate_within_county
49100421C0039,"BLUE LATITUDES, LLC",CA,Laguna Beach city,-117.785366,33.5426975,1.0,NSF|CA|LAGUNA BEACH,06059,Orange,source_coordinate_within_county
2052102,VIANAIR INC.,FL,Naples city,-81.7942944,26.1421976,1.0,NSF|FL|NAPLES,12021,Collier,source_coordinate_within_county
2140988,Georgia Tech Research Corporation,GA,Atlanta city,-84.3898151,33.7544657,1.0,NSF|GA|ATLANTA,13121,Fulton,source_coordinate_within_county
2136006,Texas State University - San Marcos,TX,San Marcos city,-97.9405828,29.8826436,1.0,NSF|TX|SAN MARCOS,48209,Hays,source_coordinate_within_county
2126765,"BIKO BIOLABS, LLC",MA,Cambridge city,-71.1040018,42.3656347,1.0,NSF|MA|CAMBRIDGE,25017,Middlesex,source_coordinate_within_county
2132419,Carnegie Mellon University,PA,Pittsburgh city,-80.0025666,40.4406968,1.0,NSF|PA|PITTSBURGH,42003,Allegheny,source_coordinate_within_county
2131161,Regents of the University of Michigan - Ann Arbor,MI,Ann Arbor city,-83.7484616,42.2813722,1.0,NSF|MI|ANN ARBOR,26161,Washtenaw,source_coordinate_within_county
2044692,University of California-Santa Cruz,CA,Santa Cruz city,-122.0294673,36.9743626,1.0,NSF|CA|SANTA CRUZ,06087,Santa Cruz,source_coordinate_within_county
2051253,NOBLE GAS SYSTEMS LLC,MI,Wixom city,-83.5363637,42.5246873,1.0,NSF|MI|WIXOM,26125,Oakland,source_coordinate_within_county
2052174,"NX FUELS, INC.",MI,Ann Arbor city,-83.7484616,42.2813722,1.0,NSF|MI|ANN ARBOR,26161,Washtenaw,source_coordinate_within_county
2052127,"SITRATION, INC.",MA,Cambridge city,-71.1040018,42.3656347,1.0,NSF|MA|CAMBRIDGE,25017,Middlesex,source_coordinate_within_county
2051966,Drought Diet Products,CA,Fresno city,-119.78483,36.7394421,1.0,NSF|CA|FRESNO,06019,Fresno,source_coordinate_within_county
2051270,PANDA INDUSTRIES INC.,FL,Jupiter town,-80.0942087,26.9342246,1.0,NSF|FL|JUPITER,12099,Palm Beach,source_coordinate_within_county
2051951,"NATRX, INC.",NC,Raleigh city,-78.6390989,35.7803977,1.0,NSF|NC|RALEIGH,37183,Wake,source_coordinate_within_county
2050101,SPADXTECH LLC,MA,Marlborough city,-71.5525188,42.3468589,1.0,NSF|MA|MARLBOROUGH,25017,Middlesex,source_coordinate_within_county
2052271,"JET-SET OFFSET, LLC",ME,Camden CDP,-69.0851729,44.2154945,1.0,NSF|ME|CAMDEN,23013,Knox,source_coordinate_within_county
2052019,"Active Energy Systems, Inc.",TN,Knoxville city,-83.9210261,35.9603948,1.0,NSF|TN|KNOXVILLE,47093,Knox,source_coordinate_within_county
2101320,Regents of the University of Michigan - Ann Arbor,MI,Ann Arbor city,-83.7484616,42.2813722,1.0,NSF|MI|ANN ARBOR,26161,Washtenaw,source_coordinate_within_county
2035899,INTRINSYX BIO INC.,CA,MOFFETT FIELD,-122.0607265,37.4107264,1.0,NSF|CA|MOFFETT FIELD,06085,Santa Clara,source_coordinate_within_county
2039232,"ELECTRASTEEL, INC.",CO,Boulder city,-105.270545,40.0149856,1.0,NSF|CO|BOULDER,08013,Boulder,source_coordinate_within_county
2051192,Texas State University - San Marcos,TX,San Marcos city,-97.9405828,29.8826436,1.0,NSF|TX|SAN MARCOS,48209,Hays,source_coordinate_within_county
2044704,"OHIO STATE UNIVERSITY, THE",OH,Columbus city,-83.0007065,39.9622601,1.0,NSF|OH|COLUMBUS,39049,Franklin,source_coordinate_within_county
1736181,University of Illinois at Urbana-Champaign,IL,Urbana city,-88.207301,40.1117174,1.0,NSF|IL|URBANA,17019,Champaign,source_coordinate_within_county
1606057,University of Wisconsin-Milwaukee,WI,Milwaukee city,-87.9090751,43.0386475,1.0,NSF|WI|MILWAUKEE,55079,Milwaukee,source_coordinate_within_county
1643118,Trustees of Boston University,MA,Boston city,-71.0578303,42.3588336,1.0,NSF|MA|BOSTON,25025,Suffolk,source_coordinate_within_county
1603372,Rochester Institute of Tech,NY,Rochester city,-77.615214,43.157285,1.0,NSF|NY|ROCHESTER,36055,Monroe,source_coordinate_within_county
1604886,George Washington University,DC,Washington city,-77.0363849,38.8950982,0.333333333333,NSF|DC|WASHINGTON,11001,District of Columbia,source_coordinate_within_county
1604776,University of Illinois at Chicago,IL,Chicago city,-87.6244212,41.8755616,0.333333333333,NSF|IL|CHICAGO,17031,Cook,source_coordinate_within_county
1603609,New Jersey Institute of Technology,NJ,Newark city,-74.1723667,40.735657,0.333333333333,NSF|NJ|NEWARK,34013,Essex,source_coordinate_within_county
1634857,New Jersey Institute of Technology,NJ,Newark city,-74.1723667,40.735657,1.0,NSF|NJ|NEWARK,34013,Essex,source_coordinate_within_county
1650671,University of Arizona,AZ,Tucson city,-110.974847,32.2228765,1.0,NSF|AZ|TUCSON,04019,Pima,source_coordinate_within_county
1723393,University of Southern California,CA,Los Angeles city,-118.242766,34.0536909,1.0,NSF|CA|LOS ANGELES,06037,Los Angeles,source_coordinate_within_county
1700753,"OHIO STATE UNIVERSITY, THE",OH,Columbus city,-83.0007065,39.9622601,1.0,NSF|OH|COLUMBUS,39049,Franklin,source_coordinate_within_county
1608722,South Dakota State University,SD,Brookings city,-96.79844,44.311461,0.333333333333,NSF|SD|BROOKINGS,46011,Brookings,source_coordinate_within_county
1554511,Marquette University,WI,Milwaukee city,-87.9090751,43.0386475,1.0,NSF|WI|MILWAUKEE,55079,Milwaukee,source_coordinate_within_county
1608898,Colorado State University,CO,Fort Collins city,-105.0770113,40.5871782,0.333333333333,NSF|CO|FORT COLLINS,08069,Larimer,source_coordinate_within_county
1634694,Regents of the University of Michigan - Ann Arbor,MI,Ann Arbor city,-83.7484616,42.2813722,1.0,NSF|MI|ANN ARBOR,26161,Washtenaw,source_coordinate_within_county
1638166,Lehigh University,PA,Bethlehem city,-75.3786521,40.6178915,1.0,NSF|PA|BETHLEHEM,42095,Northampton,source_coordinate_within_county
1605495,Colorado School of Mines,CO,Golden city,-105.22058,39.7546349,1.0,NSF|CO|GOLDEN,08059,Jefferson,source_coordinate_within_county
1636039,"University of Maryland, College Park",MD,College Park city,-76.9369189,38.980666,1.0,NSF|MD|COLLEGE PARK,24033,Prince George's,source_coordinate_within_county
1604542,Washington University,MO,St. Louis city,-90.190009,38.6254063,1.0,NSF|MO|SAINT LOUIS,29510,St. Louis,source_coordinate_within_county
1609131,University of Florida,FL,Gainesville city,-82.3249846,29.6519684,1.0,NSF|FL|GAINESVILLE,12001,Alachua,source_coordinate_within_county
1624812,University of Illinois at Urbana-Champaign,IL,Urbana city,-88.207301,40.1117174,1.0,NSF|IL|URBANA,17019,Champaign,source_coordinate_within_county
1624767,Worcester Polytechnic Institute,MA,Worcester city,-71.8018877,42.2625621,1.0,NSF|MA|WORCESTER,25027,Worcester,source_coordinate_within_county
1619352,California Institute of Technology,CA,Pasadena city,-118.144155,34.1476507,1.0,NSF|CA|PASADENA,06037,Los Angeles,source_coordinate_within_county
1553234,University of Minnesota-Twin Cities,MN,Minneapolis city,-93.2654692,44.9772995,1.0,NSF|MN|MINNEAPOLIS,27053,Hennepin,source_coordinate_within_county
1604524,Princeton University,NJ,Princeton,-74.6597376,40.3496953,1.0,NSF|NJ|PRINCETON,34021,Mercer,source_coordinate_within_county
1605112,Virginia Commonwealth University,VA,Richmond city,-77.43428,37.5385087,1.0,NSF|VA|RICHMOND,51760,Richmond,source_coordinate_within_county
1604008,University of Utah,UT,Salt Lake City city,-111.886797,40.7596198,1.0,NSF|UT|SALT LAKE CITY,49035,Salt Lake,source_coordinate_within_county
1634493,Georgia Tech Research Corporation,GA,Atlanta city,-84.3898151,33.7544657,1.0,NSF|GA|ATLANTA,13121,Fulton,source_coordinate_within_county
1630142,George Mason University,VA,Fairfax city,-77.3063733,38.8462236,1.0,NSF|VA|FAIRFAX,51600,Fairfax,source_coordinate_within_county
1607899,"Engineering Conferences International, Inc.",NY,New York city,-74.0060152,40.7127281,1.0,NSF|NY|NEW YORK,36061,New York,source_coordinate_within_county
1640535,Kansas State University,KS,Manhattan city,-96.5716694,39.1836082,1.0,NSF|KS|MANHATTAN,20161,Riley,source_coordinate_within_county
1642467,Utah State University,UT,Logan city,-111.834914,41.7313063,1.0,NSF|UT|LOGAN,49005,Cache,source_coordinate_within_county
1601245,Gordon Research Conferences,RI,East Greenwich town,-71.4558911,41.6603788,1.0,NSF|RI|EAST GREENWICH,44003,Kent,source_coordinate_within_county
1554056,North Carolina State University,NC,Raleigh city,-78.6390989,35.7803977,1.0,NSF|NC|RALEIGH,37183,Wake,source_coordinate_within_county
1600075,Kansas State University,KS,Manhattan city,-96.5716694,39.1836082,1.0,NSF|KS|MANHATTAN,20161,Riley,source_coordinate_within_county
1623464,University of Delaware,DE,Newark city,-75.7515682,39.6828358,1.0,NSF|DE|NEWARK,10003,New Castle,source_coordinate_within_county
1561101,Texas Tech University,TX,Lubbock city,-101.8470215,33.5855677,1.0,NSF|TX|LUBBOCK,48303,Lubbock,source_coordinate_within_county
1554117,Carnegie Mellon University,PA,Pittsburgh city,-80.0025666,40.4406968,0.5,NSF|PA|PITTSBURGH,42003,Allegheny,source_coordinate_within_county
1552712,University of Pittsburgh,PA,Pittsburgh city,-80.0025666,40.4406968,1.0,NSF|PA|PITTSBURGH,42003,Allegheny,source_coordinate_within_county
1554626,University of Colorado at Denver,CO,Aurora city,-104.8733376,39.7401441,1.0,NSF|CO|AURORA,08005,Arapahoe,source_coordinate_within_county
2034732,University of Iowa,IA,Iowa City city,-91.5299106,41.6612561,1.0,NSF|IA|IOWA CITY,19103,Johnson,source_coordinate_within_county
2039883,University of Alabama Tuscaloosa,AL,Tuscaloosa city,-87.5675258,33.2095614,1.0,NSF|AL|TUSCALOOSA,01125,Tuscaloosa,source_coordinate_within_county
2013400,Iowa State University,IA,Ames city,-93.6170448,42.0267567,1.0,NSF|IA|AMES,19169,Story,source_coordinate_within_county
2026128,"METALMARK INNOVATIONS, PBC",MA,Cambridge city,-71.1040018,42.3656347,1.0,NSF|MA|CAMBRIDGE,25017,Middlesex,source_coordinate_within_county
2043000,Massachusetts Institute of Technology,MA,Cambridge city,-71.1040018,42.3656347,1.0,NSF|MA|CAMBRIDGE,25017,Middlesex,source_coordinate_within_county
2023638,"CONOX, LLC",TX,Spring CDP,-95.4187924,30.0795707,1.0,NSF|TX|SPRING,48201,Harris,source_coordinate_within_county
2041553,Stanford University,CA,Stanford CDP,-122.1702445,37.427467,1.0,NSF|CA|STANFORD,06085,Santa Clara,source_coordinate_within_county
2012157,ECOCLOSURE LLC,NC,Charlotte city,-80.8430827,35.2272086,1.0,NSF|NC|CHARLOTTE,37119,Mecklenburg,source_coordinate_within_county
2013880,"Octet Scientific, Inc.",OH,Cleveland city,-81.6936772,41.4996574,1.0,NSF|OH|CLEVELAND,39035,Cuyahoga,source_coordinate_within_county
1941244,Columbia University,NY,New York city,-74.0060152,40.7127281,1.0,NSF|NY|NEW YORK,36061,New York,source_coordinate_within_county
2006445,PARAMOUNT PLANET PRODUCT,ME,Orono CDP,-68.672791,44.883607,1.0,NSF|ME|ORONO,23019,Penobscot,source_coordinate_within_county
1940952,University of California-Riverside,CA,Riverside city,-117.374238,33.9824949,1.0,NSF|CA|RIVERSIDE,06065,Riverside,source_coordinate_within_county
1951231,Capro-X,MA,Somerville city,-71.0994968,42.3875968,1.0,NSF|MA|SOMERVILLE,25017,Middlesex,source_coordinate_within_county
1954002,University of Illinois at Urbana-Champaign,IL,Urbana city,-88.207301,40.1117174,1.0,NSF|IL|URBANA,17019,Champaign,source_coordinate_within_county
1956308,Vanderbilt University,TN,Nashville-Davidson metropolitan government (balance),-86.7742984,36.1622767,1.0,NSF|TN|NASHVILLE,47037,Davidson,source_coordinate_within_county
1953473,University of Arizona,AZ,Tucson city,-110.974847,32.2228765,1.0,NSF|AZ|TUCSON,04019,Pima,source_coordinate_within_county
1938479,"Cruz Foam, Inc.",CA,Santa Cruz city,-122.0294673,36.9743626,1.0,NSF|CA|SANTA CRUZ,06087,Santa Cruz,source_coordinate_within_county
1801785,Michigan State University,MI,East Lansing city,-84.4721678,42.7320307,1.0,NSF|MI|EAST LANSING,26065,Ingham,source_coordinate_within_county
1803527,University of Pittsburgh,PA,Pittsburgh city,-80.0025666,40.4406968,1.0,NSF|PA|PITTSBURGH,42003,Allegheny,source_coordinate_within_county
1804757,University of California-Riverside,CA,Riverside city,-117.374238,33.9824949,0.5,NSF|CA|RIVERSIDE,06065,Riverside,source_coordinate_within_county
1751696,University of Kansas Center for Research Inc,KS,Lawrence city,-95.2359403,38.9719137,1.0,NSF|KS|LAWRENCE,20045,Douglas,source_coordinate_within_county
1818038,New York University Medical Center,NY,New York city,-74.0060152,40.7127281,1.0,NSF|NY|NEW YORK,36061,New York,source_coordinate_within_county
1930629,Arizona State University,AZ,Scottsdale city,-111.926018,33.4942189,1.0,NSF|AZ|SCOTTSDALE,04013,Maricopa,source_coordinate_within_county
1903249,"University of Maryland, College Park",MD,College Park city,-76.9369189,38.980666,1.0,NSF|MD|COLLEGE PARK,24033,Prince George's,source_coordinate_within_county
1927785,George Mason University,VA,Fairfax city,-77.3063733,38.8462236,1.0,NSF|VA|FAIRFAX,51600,Fairfax,source_coordinate_within_county
1903572,University of Tennessee Knoxville,TN,Knoxville city,-83.9210261,35.9603948,1.0,NSF|TN|KNOXVILLE,47093,Knox,source_coordinate_within_county
1903722,Auburn University,AL,Auburn city,-85.4807825,32.6098566,1.0,NSF|AL|AUBURN,01081,Lee,source_coordinate_within_county
1927646,Cornell University,NY,Ithaca city,-76.4968019,42.4396039,1.0,NSF|NY|ITHACA,36109,Tompkins,source_coordinate_within_county
1836868,Texas Tech University,TX,Lubbock city,-101.8470215,33.5855677,1.0,NSF|TX|LUBBOCK,48303,Lubbock,source_coordinate_within_county
1850949,University of California-Santa Cruz,CA,Santa Cruz city,-122.0294673,36.9743626,1.0,NSF|CA|SANTA CRUZ,06087,Santa Cruz,source_coordinate_within_county
1748092,George Washington University,DC,Washington city,-77.0363849,38.8950982,1.0,NSF|DC|WASHINGTON,11001,District of Columbia,source_coordinate_within_county
1906299,University of Texas at Austin,TX,Austin city,-97.7436995,30.2711286,0.5,NSF|TX|AUSTIN,48453,Travis,source_coordinate_within_county
1906726,University of Alaska Fairbanks Campus,AK,Fairbanks city,-147.716675,64.837845,0.5,NSF|AK|FAIRBANKS,02090,Fairbanks North Star,source_coordinate_within_county
1841435,College of William & Mary Virginia Institute of Marine Science,VA,Gloucester Point CDP,-76.496899,37.2540351,1.0,NSF|VA|GLOUCESTER POINT,51073,Gloucester,source_coordinate_within_county
1850943,University of California-Davis,CA,Davis city,-121.739005,38.5435526,1.0,NSF|CA|DAVIS,06113,Yolo,source_coordinate_within_county
2117722,University of Delaware,DE,Newark city,-75.7515682,39.6828358,1.0,NSF|DE|NEWARK,10003,New Castle,source_coordinate_within_county
1939078,University of Georgia Research Foundation Inc,GA,Athens-Clarke County unified government (balance),-83.376398,33.9597677,1.0,NSF|GA|ATHENS,13059,Clarke,source_coordinate_within_county
2049872,Georgia Tech Research Corporation,GA,Atlanta city,-84.3898151,33.7544657,1.0,NSF|GA|ATLANTA,13121,Fulton,source_coordinate_within_county
1931421,Cornell University,NY,Ithaca city,-76.4968019,42.4396039,1.0,NSF|NY|ITHACA,36109,Tompkins,source_coordinate_within_county
1932615,University of Southern California,CA,Los Angeles city,-118.242766,34.0536909,1.0,NSF|CA|LOS ANGELES,06037,Los Angeles,source_coordinate_within_county
1908298,University of Massachusetts Amherst,MA,Amherst Town city,-72.5198761,42.3731948,1.0,NSF|MA|AMHERST,25015,Hampshire,source_coordinate_within_county
2026533,SUNY at Buffalo,NY,Amherst town,-78.7997616,42.9783924,0.5,NSF|NY|AMHERST,36029,Erie,source_coordinate_within_county
2120155,Utah State University,UT,Logan city,-111.834914,41.7313063,0.333333333333,NSF|UT|LOGAN,49005,Cache,source_coordinate_within_county
2029397,"OHIO STATE UNIVERSITY, THE",OH,Columbus city,-83.0007065,39.9622601,0.5,NSF|OH|COLUMBUS,39049,Franklin,source_coordinate_within_county
2026276,University of Florida,FL,Gainesville city,-82.3249846,29.6519684,0.5,NSF|FL|GAINESVILLE,12001,Alachua,source_coordinate_within_county
2036131,Southern Methodist University,TX,Dallas city,-96.7968559,32.7762719,1.0,NSF|TX|DALLAS,48113,Dallas,source_coordinate_within_county
2028998,Georgia Tech Research Corporation,GA,Atlanta city,-84.3898151,33.7544657,1.0,NSF|GA|ATLANTA,13121,Fulton,source_coordinate_within_county
2027185,"OHIO STATE UNIVERSITY, THE",OH,Columbus city,-83.0007065,39.9622601,0.5,NSF|OH|COLUMBUS,39049,Franklin,source_coordinate_within_county
2022971,University of Texas at Austin,TX,Austin city,-97.7436995,30.2711286,0.333333333333,NSF|TX|AUSTIN,48453,Travis,source_coordinate_within_county
2022970,Pennsylvania State Univ University Park,PA,College township,-77.8710571,40.8128971,0.333333333333,NSF|PA|UNIVERSITY PARK,42027,Centre,source_coordinate_within_county
2029326,University of Illinois at Urbana-Champaign,IL,Urbana city,-88.207301,40.1117174,1.0,NSF|IL|URBANA,17019,Champaign,source_coordinate_within_county
2027552,Pennsylvania State Univ University Park,PA,College township,-77.8710571,40.8128971,1.0,NSF|PA|UNIVERSITY PARK,42027,Centre,source_coordinate_within_county
2023408,University of South Florida,FL,Tampa city,-82.4583107,27.9449854,0.333333333333,NSF|FL|TAMPA,12057,Hillsborough,source_coordinate_within_county
1944369,University of Massachusetts Lowell,MA,Lowell city,-71.3085329,42.6414437,1.0,NSF|MA|LOWELL,25017,Middlesex,source_coordinate_within_county
2022967,New York University,NY,New York city,-74.0060152,40.7127281,0.333333333333,NSF|NY|NEW YORK,36061,New York,source_coordinate_within_county
1943985,Texas Tech University,TX,Lubbock city,-101.8470215,33.5855677,1.0,NSF|TX|LUBBOCK,48303,Lubbock,source_coordinate_within_county
2025374,New Jersey Institute of Technology,NJ,Newark city,-74.1723667,40.735657,1.0,NSF|NJ|NEWARK,34013,Essex,source_coordinate_within_county
2023248,University of Illinois at Urbana-Champaign,IL,Urbana city,-88.207301,40.1117174,0.333333333333,NSF|IL|URBANA,17019,Champaign,source_coordinate_within_county
2016225,University of Colorado at Boulder,CO,Boulder city,-105.270545,40.0149856,1.0,NSF|CO|BOULDER,08013,Boulder,source_coordinate_within_county
2015749,University of Rochester,NY,Rochester city,-77.615214,43.157285,0.5,NSF|NY|ROCHESTER,36055,Monroe,source_coordinate_within_county
2015859,University of Pittsburgh,PA,Pittsburgh city,-80.0025666,40.4406968,0.5,NSF|PA|PITTSBURGH,42003,Allegheny,source_coordinate_within_county
2007049,University of Oklahoma Norman Campus,OK,Norman city,-97.4394816,35.2225717,1.0,NSF|OK|NORMAN,40027,Cleveland,source_coordinate_within_county
2001219,Yale University,CT,New Haven city,-72.9250518,41.3082138,1.0,NSF|CT|NEW HAVEN,09170,South Central Connecticut,source_coordinate_within_county
2038439,Yale University,CT,New Haven city,-72.9250518,41.3082138,0.5,NSF|CT|NEW HAVEN,09170,South Central Connecticut,source_coordinate_within_county
2017789,Carnegie Mellon University,PA,Pittsburgh city,-80.0025666,40.4406968,1.0,NSF|PA|PITTSBURGH,42003,Allegheny,source_coordinate_within_county
2000102,George Mason University,VA,Fairfax city,-77.3063733,38.8462236,1.0,NSF|VA|FAIRFAX,51600,Fairfax,source_coordinate_within_county
2039482,South Dakota State University,SD,Brookings city,-96.79844,44.311461,0.333333333333,NSF|SD|BROOKINGS,46011,Brookings,source_coordinate_within_county
1953774,Stevens Institute of Technology,NJ,Hoboken city,-74.0323752,40.7433066,1.0,NSF|NJ|HOBOKEN,34017,Hudson,source_coordinate_within_county
1932908,University of Wisconsin-Milwaukee,WI,Milwaukee city,-87.9090751,43.0386475,0.333333333333,NSF|WI|MILWAUKEE,55079,Milwaukee,source_coordinate_within_county
2035690,SUNY at Stony Brook,NY,Stony Brook CDP,-73.140943,40.9256538,0.333333333333,NSF|NY|STONY BROOK,36103,Suffolk,source_coordinate_within_county
1955793,Yale University,CT,New Haven city,-72.9250518,41.3082138,1.0,NSF|CT|NEW HAVEN,09170,South Central Connecticut,source_coordinate_within_county
1932942,University of California-Riverside,CA,Riverside city,-117.374238,33.9824949,0.333333333333,NSF|CA|RIVERSIDE,06065,Riverside,source_coordinate_within_county
1932820,George Washington University,DC,Washington city,-77.0363849,38.8950982,0.333333333333,NSF|DC|WASHINGTON,11001,District of Columbia,source_coordinate_within_county
1938895,University of Texas at Arlington,TX,Arlington city,-97.1071186,32.7355816,1.0,NSF|TX|ARLINGTON,48439,Tarrant,source_coordinate_within_county
2024378,University of Kansas Center for Research Inc,KS,Lawrence city,-95.2359403,38.9719137,1.0,NSF|KS|LAWRENCE,20045,Douglas,source_coordinate_within_county
2040464,University of Notre Dame,IN,Notre Dame CDP,-86.2373691,41.6992003,0.5,NSF|IN|NOTRE DAME,18141,St. Joseph,source_coordinate_within_county
1941700,University of Alabama Tuscaloosa,AL,Tuscaloosa city,-87.5675258,33.2095614,1.0,NSF|AL|TUSCALOOSA,01125,Tuscaloosa,source_coordinate_within_county
2025372,University of Virginia Main Campus,VA,Charlottesville city,-78.4766781,38.029306,1.0,NSF|VA|CHARLOTTESVILLE,51540,Charlottesville,source_coordinate_within_county
1931168,University of Colorado at Boulder,CO,Boulder city,-105.270545,40.0149856,1.0,NSF|CO|BOULDER,08013,Boulder,source_coordinate_within_county
1946797,Gordon Research Conferences,RI,East Greenwich town,-71.4558911,41.6603788,1.0,NSF|RI|EAST GREENWICH,44003,Kent,source_coordinate_within_county
2016239,Gordon Research Conferences,RI,East Greenwich town,-71.4558911,41.6603788,1.0,NSF|RI|EAST GREENWICH,44003,Kent,source_coordinate_within_county
1939124,University of Wisconsin-Milwaukee,WI,Milwaukee city,-87.9090751,43.0386475,1.0,NSF|WI|MILWAUKEE,55079,Milwaukee,source_coordinate_within_county
1942326,University of Washington,WA,Seattle city,-122.330062,47.6038321,1.0,NSF|WA|SEATTLE,53033,King,source_coordinate_within_county
1944051,Rensselaer Polytechnic Institute,NY,Troy city,-73.6917878,42.7284117,1.0,NSF|NY|TROY,36083,Rensselaer,source_coordinate_within_county
1939144,University of Arkansas,AR,Fayetteville city,-94.1574328,36.0625843,1.0,NSF|AR|FAYETTEVILLE,05143,Washington,source_coordinate_within_county
1935555,Tufts University,MA,Medford city,-71.1061639,42.4184296,1.0,NSF|MA|MEDFORD,25017,Middlesex,source_coordinate_within_county
2022278,University of Texas at El Paso,TX,El Paso city,-106.4870476,31.7601001,0.5,NSF|TX|EL PASO,48141,El Paso,source_coordinate_within_county
2017971,University of Florida,FL,Gainesville city,-82.3249846,29.6519684,0.5,NSF|FL|GAINESVILLE,12001,Alachua,source_coordinate_within_county
1824500,William Marsh Rice University,TX,Houston city,-95.3676974,29.7589382,1.0,NSF|TX|HOUSTON,48201,Harris,source_coordinate_within_county
1826737,University of Washington,WA,Seattle city,-122.330062,47.6038321,1.0,NSF|WA|SEATTLE,53033,King,source_coordinate_within_county
1828250,New Mexico State University,NM,Las Cruces city,-106.779807,32.3140354,1.0,NSF|NM|LAS CRUCES,35013,Doña Ana,source_coordinate_within_county
1824066,University of Massachusetts Amherst,MA,Amherst Town city,-72.5198761,42.3731948,1.0,NSF|MA|AMHERST,25015,Hampshire,source_coordinate_within_county
1823873,Princeton University,NJ,Princeton,-74.6597376,40.3496953,1.0,NSF|NJ|PRINCETON,34021,Mercer,source_coordinate_within_county
1756513,Washington University,MO,St. Louis city,-90.190009,38.6254063,1.0,NSF|MO|SAINT LOUIS,29510,St. Louis,source_coordinate_within_county
2122117,University of Notre Dame,IN,Notre Dame CDP,-86.2373691,41.6992003,1.0,NSF|IN|NOTRE DAME,18141,St. Joseph,source_coordinate_within_county
1756367,University of Colorado at Boulder,CO,Boulder city,-105.270545,40.0149856,1.0,NSF|CO|BOULDER,08013,Boulder,source_coordinate_within_county
1759559,Florida State University,FL,Tallahassee city,-84.2809332,30.4380832,1.0,NSF|FL|TALLAHASSEE,12073,Leon,source_coordinate_within_county
2009669,Purdue University,IN,West Lafayette city,-86.9080655,40.4258686,1.0,NSF|IN|WEST LAFAYETTE,18157,Tippecanoe,source_coordinate_within_county
2022871,University of California-Santa Cruz,CA,Santa Cruz city,-122.0294673,36.9743626,0.5,NSF|CA|SANTA CRUZ,06087,Santa Cruz,source_coordinate_within_county
2043610,Harvard University,MA,Cambridge city,-71.1040018,42.3656347,1.0,NSF|MA|CAMBRIDGE,25017,Middlesex,source_coordinate_within_county
2135771,University of Maryland Center for Environmental Sciences,MD,Cambridge city,-76.077268,38.5700533,1.0,NSF|MD|CAMBRIDGE,24019,Dorchester,source_coordinate_within_county
2137033,University of Maryland Center for Environmental Sciences,MD,Cambridge city,-76.077268,38.5700533,1.0,NSF|MD|CAMBRIDGE,24019,Dorchester,source_coordinate_within_county
2017729,William Marsh Rice University,TX,Houston city,-95.3676974,29.7589382,1.0,NSF|TX|HOUSTON,48201,Harris,source_coordinate_within_county
2022778,East Carolina University,NC,Greenville city,-77.3724593,35.613224,0.5,NSF|NC|GREENVILLE,37147,Pitt,source_coordinate_within_county
2023900,University of North Carolina at Chapel Hill,NC,Chapel Hill town,-79.05578,35.9131542,1.0,NSF|NC|CHAPEL HILL,37135,Orange,source_coordinate_within_county
2022921,University of Hawaii,HI,Urban Honolulu CDP,-157.855676,21.304547,0.5,NSF|HI|HONOLULU,15003,Honolulu,source_coordinate_within_county
2019902,University of California-Santa Barbara,CA,Santa Barbara city,-119.702667,34.4221319,1.0,NSF|CA|SANTA BARBARA,06083,Santa Barbara,source_coordinate_within_county
2022885,Regents of the University of Michigan - Ann Arbor,MI,Ann Arbor city,-83.7484616,42.2813722,0.5,NSF|MI|ANN ARBOR,26161,Washtenaw,source_coordinate_within_county
2018063,Princeton University,NJ,Princeton,-74.6597376,40.3496953,1.0,NSF|NJ|PRINCETON,34021,Mercer,source_coordinate_within_county
2032313,Arizona State University,AZ,Scottsdale city,-111.926018,33.4942189,0.5,NSF|AZ|SCOTTSDALE,04013,Maricopa,source_coordinate_within_county
2032308,New York University,NY,New York city,-74.0060152,40.7127281,0.5,NSF|NY|NEW YORK,36061,New York,source_coordinate_within_county
1947512,Oregon State University,OR,Corvallis city,-123.2620435,44.5645659,1.0,NSF|OR|CORVALLIS,41003,Benton,source_coordinate_within_county
1938363,University of California-Santa Cruz,CA,Santa Cruz city,-122.0294673,36.9743626,1.0,NSF|CA|SANTA CRUZ,06087,Santa Cruz,source_coordinate_within_county
1921911,Michigan Technological University,MI,Houghton city,-88.569012,47.121872,1.0,NSF|MI|HOUGHTON,26061,Houghton,source_coordinate_within_county
1842121,University of Texas at Austin,TX,Austin city,-97.7436995,30.2711286,1.0,NSF|TX|AUSTIN,48453,Travis,source_coordinate_within_county
1838402,Pennsylvania State Univ University Park,PA,College township,-77.8710571,40.8128971,1.0,NSF|PA|UNIVERSITY PARK,42027,Centre,source_coordinate_within_county
1927003,SONATA SCIENTIFIC LLC,CT,Danbury city,-73.4540111,41.394817,1.0,NSF|CT|DANBURY,09190,Western Connecticut,source_coordinate_within_county
1938132,ENERBLOCK LLC,MA,Sudbury town,-71.4161725,42.3834278,1.0,NSF|MA|SUDBURY,25017,Middlesex,source_coordinate_within_county
1949121,Massachusetts Institute of Technology,MA,Cambridge city,-71.1040018,42.3656347,1.0,NSF|MA|CAMBRIDGE,25017,Middlesex,source_coordinate_within_county
1938181,University of Alabama Tuscaloosa,AL,Tuscaloosa city,-87.5675258,33.2095614,1.0,NSF|AL|TUSCALOOSA,01125,Tuscaloosa,source_coordinate_within_county
1919091,University of Massachusetts Amherst,MA,Amherst Town city,-72.5198761,42.3731948,1.0,NSF|MA|AMHERST,25015,Hampshire,source_coordinate_within_county
1949398,Georgia Tech Research Corporation,GA,Atlanta city,-84.3898151,33.7544657,1.0,NSF|GA|ATLANTA,13121,Fulton,source_coordinate_within_county
1949276,SUNY at Binghamton,NY,Binghamton city,-75.9125187,42.098698,1.0,NSF|NY|BINGHAMTON,36007,Broome,source_coordinate_within_county
1919114,University of Cincinnati Main Campus,OH,Cincinnati city,-84.5127405,39.1012809,1.0,NSF|OH|CINCINNATI,39061,Hamilton,source_coordinate_within_county
1918838,Drexel University,PA,Philadelphia city,-75.1635262,39.9527237,1.0,NSF|PA|PHILADELPHIA,42101,Philadelphia,source_coordinate_within_county
1918217,Union College,NY,Schenectady city,-73.9395687,42.8142432,1.0,NSF|NY|SCHENECTADY,36093,Schenectady,source_coordinate_within_county
1913949,RAPID RADICALS TECHNOLOGY LLC,WI,Milwaukee city,-87.9090751,43.0386475,1.0,NSF|WI|MILWAUKEE,55079,Milwaukee,source_coordinate_within_county
1913722,CL CHEMICAL COMPANY,FL,Tampa city,-82.4583107,27.9449854,1.0,NSF|FL|TAMPA,12057,Hillsborough,source_coordinate_within_county
1931667,University of California-Santa Cruz,CA,Santa Cruz city,-122.0294673,36.9743626,1.0,NSF|CA|SANTA CRUZ,06087,Santa Cruz,source_coordinate_within_county
1925812,Iowa State University,IA,Ames city,-93.6170448,42.0267567,1.0,NSF|IA|AMES,19169,Story,source_coordinate_within_county
1843534,"METALMARK INNOVATIONS, PBC",MA,Cambridge city,-71.1040018,42.3656347,1.0,NSF|MA|CAMBRIDGE,25017,Middlesex,source_coordinate_within_county
1842957,Rejoule Incorporated,CA,Signal Hill city,-118.168259,33.804826,1.0,NSF|CA|SIGNAL HILL,06037,Los Angeles,source_coordinate_within_county
1843112,"Active Energy Systems, Inc.",TN,Knoxville city,-83.9210261,35.9603948,1.0,NSF|TN|KNOXVILLE,47093,Knox,source_coordinate_within_county
2133553,San Diego State University Foundation,CA,San Diego city,-117.162772,32.7174202,0.5,NSF|CA|SAN DIEGO,06073,San Diego,source_coordinate_within_county
2133474,University of California-San Diego Scripps Inst of Oceanography,CA,San Diego city,-117.2740777,32.8401623,0.5,NSF|CA|LA JOLLA,06073,San Diego,source_coordinate_within_county
2050879,University of Delaware,DE,Newark city,-75.7515682,39.6828358,1.0,NSF|DE|NEWARK,10003,New Castle,source_coordinate_within_county
2129228,Michigan State University,MI,East Lansing city,-84.4721678,42.7320307,1.0,NSF|MI|EAST LANSING,26065,Ingham,source_coordinate_within_county
2113987,San Diego State University Foundation,CA,San Diego city,-117.162772,32.7174202,0.5,NSF|CA|SAN DIEGO,06073,San Diego,source_coordinate_within_county
2050357,University of North Carolina at Chapel Hill,NC,Chapel Hill town,-79.05578,35.9131542,1.0,NSF|NC|CHAPEL HILL,37135,Orange,source_coordinate_within_county
2113984,University of California-San Diego Scripps Inst of Oceanography,CA,San Diego city,-117.2740777,32.8401623,0.5,NSF|CA|LA JOLLA,06073,San Diego,source_coordinate_within_county
2025826,University of Maryland Center for Environmental Sciences,MD,Cambridge city,-76.077268,38.5700533,1.0,NSF|MD|CAMBRIDGE,24019,Dorchester,source_coordinate_within_county
2026075,Pennsylvania State Univ University Park,PA,College township,-77.8710571,40.8128971,0.5,NSF|PA|UNIVERSITY PARK,42027,Centre,source_coordinate_within_county
2101129,Case Western Reserve University,OH,Cleveland city,-81.6936772,41.4996574,1.0,NSF|OH|CLEVELAND,39035,Cuyahoga,source_coordinate_within_county
2034385,University of Minnesota-Twin Cities,MN,Minneapolis city,-93.2654692,44.9772995,1.0,NSF|MN|MINNEAPOLIS,27053,Hennepin,source_coordinate_within_county
2025959,Michigan State University,MI,East Lansing city,-84.4721678,42.7320307,0.5,NSF|MI|EAST LANSING,26065,Ingham,source_coordinate_within_county
1757705,University of Iowa,IA,Iowa City city,-91.5299106,41.6612561,1.0,NSF|IA|IOWA CITY,19103,Johnson,source_coordinate_within_county
1831013,North Carolina Agricultural & Technical State University,NC,Greensboro city,-79.7919754,36.0726355,1.0,NSF|NC|GREENSBORO,37081,Guilford,source_coordinate_within_county
2203111,Louisiana State University,LA,Baton Rouge city,-91.1869659,30.4494155,1.0,NSF|LA|BATON ROUGE,22033,East Baton Rouge,source_coordinate_within_county
2129363,University of Minnesota-Twin Cities,MN,Minneapolis city,-93.2654692,44.9772995,1.0,NSF|MN|MINNEAPOLIS,27053,Hennepin,source_coordinate_within_county
2131621,Purdue University,IN,West Lafayette city,-86.9080655,40.4258686,1.0,NSF|IN|WEST LAFAYETTE,18157,Tippecanoe,source_coordinate_within_county
2127643,Michigan State University,MI,East Lansing city,-84.4721678,42.7320307,1.0,NSF|MI|EAST LANSING,26065,Ingham,source_coordinate_within_county
2129383,University of New Hampshire,NH,Durham CDP,-70.9177186,43.1214141,1.0,NSF|NH|DURHAM,33017,Strafford,source_coordinate_within_county
2114036,University of Chicago,IL,Chicago city,-87.6244212,41.8755616,1.0,NSF|IL|CHICAGO,17031,Cook,source_coordinate_within_county
2030241,University of Virginia Main Campus,VA,Charlottesville city,-78.4766781,38.029306,1.0,NSF|VA|CHARLOTTESVILLE,51540,Charlottesville,source_coordinate_within_county
2029710,Conservation International,VA,Arlington CDP,-77.0841585,38.8903961,1.0,NSF|VA|ARLINGTON,51013,Arlington,source_coordinate_within_county
2044051,Arizona State University,AZ,Scottsdale city,-111.926018,33.4942189,0.333333333333,NSF|AZ|SCOTTSDALE,04013,Maricopa,source_coordinate_within_county
2020404,George Washington University,DC,Washington city,-77.0363849,38.8950982,1.0,NSF|DC|WASHINGTON,11001,District of Columbia,source_coordinate_within_county
2043150,Boise State University,ID,Boise City city,-116.200886,43.6166163,0.333333333333,NSF|ID|BOISE,16001,Ada,source_coordinate_within_county
2043363,Utah State University,UT,Logan city,-111.834914,41.7313063,0.333333333333,NSF|UT|LOGAN,49005,Cache,source_coordinate_within_county
1739705,George Mason University,VA,Fairfax city,-77.3063733,38.8462236,1.0,NSF|VA|FAIRFAX,51600,Fairfax,source_coordinate_within_county
2022717,Harvard University,MA,Cambridge city,-71.1040018,42.3656347,1.0,NSF|MA|CAMBRIDGE,25017,Middlesex,source_coordinate_within_county
2019716,University of Maryland Center for Environmental Sciences,MD,Cambridge city,-76.077268,38.5700533,1.0,NSF|MD|CAMBRIDGE,24019,Dorchester,source_coordinate_within_county
1841629,Clemson University,SC,Clemson city,-82.8364111,34.6850749,0.5,NSF|SC|CLEMSON,45077,Pickens,source_coordinate_within_county
1841606,University of Oregon Eugene,OR,Eugene city,-123.0950506,44.0505054,1.0,NSF|OR|EUGENE,41039,Lane,source_coordinate_within_county
1803496,University of Wisconsin-Madison,WI,Madison city,-89.3841663,43.07469,1.0,NSF|WI|MADISON,55025,Dane,source_coordinate_within_county
1829339,Howard University,DC,Washington city,-77.0363849,38.8950982,1.0,NSF|DC|WASHINGTON,11001,District of Columbia,source_coordinate_within_county
1760025,Massachusetts Institute of Technology,MA,Cambridge city,-71.1040018,42.3656347,1.0,NSF|MA|CAMBRIDGE,25017,Middlesex,source_coordinate_within_county
1840492,Regents of the University of Michigan - Ann Arbor,MI,Ann Arbor city,-83.7484616,42.2813722,1.0,NSF|MI|ANN ARBOR,26161,Washtenaw,source_coordinate_within_county
1838281,Gordon Research Conferences,RI,East Greenwich town,-71.4558911,41.6603788,1.0,NSF|RI|EAST GREENWICH,44003,Kent,source_coordinate_within_county
1804941,Smith College,MA,Northampton city,-72.6311006,42.3178989,1.0,NSF|MA|NORTHAMPTON,25015,Hampshire,source_coordinate_within_county
1840402,Ohio University,OH,Athens city,-82.1012479,39.3289242,0.5,NSF|OH|ATHENS,39009,Athens,source_coordinate_within_county
1752303,University of California-Irvine,CA,Irvine city,-117.825981,33.6856969,1.0,NSF|CA|IRVINE,06059,Orange,source_coordinate_within_county
1810961,Northeastern University,MA,Boston city,-71.0578303,42.3588336,1.0,NSF|MA|BOSTON,25025,Suffolk,source_coordinate_within_county
1807536,University of Pittsburgh,PA,Pittsburgh city,-80.0025666,40.4406968,1.0,NSF|PA|PITTSBURGH,42003,Allegheny,source_coordinate_within_county
1840634,University of Arkansas,AR,Fayetteville city,-94.1574328,36.0625843,0.5,NSF|AR|FAYETTEVILLE,05143,Washington,source_coordinate_within_county
1805127,Drexel University,PA,Philadelphia city,-75.1635262,39.9527237,0.5,NSF|PA|PHILADELPHIA,42101,Philadelphia,source_coordinate_within_county
1805315,North Carolina State University,NC,Raleigh city,-78.6390989,35.7803977,1.0,NSF|NC|RALEIGH,37183,Wake,source_coordinate_within_county
1804077,Yale University,CT,New Haven city,-72.9250518,41.3082138,1.0,NSF|CT|NEW HAVEN,09170,South Central Connecticut,source_coordinate_within_county
1820848,Virginia Polytechnic Institute and State University,VA,Blacksburg town,-80.4136767,37.2296566,0.5,NSF|VA|BLACKSBURG,51121,Montgomery,source_coordinate_within_county
1805588,Temple University,PA,Philadelphia city,-75.1635262,39.9527237,0.5,NSF|PA|PHILADELPHIA,42101,Philadelphia,source_coordinate_within_county
1805718,Florida International University,FL,Miami city,-80.1935973,25.7741566,1.0,NSF|FL|MIAMI,12086,Miami-Dade,source_coordinate_within_county
1820842,North Carolina State University,NC,Raleigh city,-78.6390989,35.7803977,0.5,NSF|NC|RALEIGH,37183,Wake,source_coordinate_within_county
1751926,University of South Carolina at Columbia,SC,Columbia city,-81.0352313,34.000754,1.0,NSF|SC|COLUMBIA,45079,Richland,source_coordinate_within_county
1850777,University of California-Davis,CA,Davis city,-121.739005,38.5435526,1.0,NSF|CA|DAVIS,06113,Yolo,source_coordinate_within_county
1803245,University of Washington,WA,Seattle city,-122.330062,47.6038321,1.0,NSF|WA|SEATTLE,53033,King,source_coordinate_within_county
1805741,Purdue University,IN,West Lafayette city,-86.9080655,40.4258686,1.0,NSF|IN|WEST LAFAYETTE,18157,Tippecanoe,source_coordinate_within_county
1807260,University of California-Berkeley,CA,Berkeley city,-122.272863,37.8708393,1.0,NSF|CA|BERKELEY,06001,Alameda,source_coordinate_within_county
1802583,University of Iowa,IA,Iowa City city,-91.5299106,41.6612561,1.0,NSF|IA|IOWA CITY,19103,Johnson,source_coordinate_within_county
1803919,University of Arizona,AZ,Tucson city,-110.974847,32.2228765,1.0,NSF|AZ|TUCSON,04019,Pima,source_coordinate_within_county
1805417,University of Houston,TX,Houston city,-95.3676974,29.7589382,0.5,NSF|TX|HOUSTON,48201,Harris,source_coordinate_within_county
1804287,Regents of the University of Michigan - Ann Arbor,MI,Ann Arbor city,-83.7484616,42.2813722,1.0,NSF|MI|ANN ARBOR,26161,Washtenaw,source_coordinate_within_county
1805075,University of Virginia Main Campus,VA,Charlottesville city,-78.4766781,38.029306,1.0,NSF|VA|CHARLOTTESVILLE,51540,Charlottesville,source_coordinate_within_county
1805570,University of California-San Diego,CA,San Diego city,-117.2740777,32.8401623,1.0,NSF|CA|LA JOLLA,06073,San Diego,source_coordinate_within_county
1834724,Princeton University,NJ,Princeton,-74.6597376,40.3496953,0.5,NSF|NJ|PRINCETON,34021,Mercer,source_coordinate_within_county
1762170,George Washington University,DC,Washington city,-77.0363849,38.8950982,0.333333333333,NSF|DC|WASHINGTON,11001,District of Columbia,source_coordinate_within_county
1762119,Michigan State University,MI,East Lansing city,-84.4721678,42.7320307,0.333333333333,NSF|MI|EAST LANSING,26065,Ingham,source_coordinate_within_county
1843038,Florida International University,FL,Miami city,-80.1935973,25.7741566,0.5,NSF|FL|MIAMI,12086,Miami-Dade,source_coordinate_within_county
1808169,"OHIO STATE UNIVERSITY, THE",OH,Columbus city,-83.0007065,39.9622601,1.0,NSF|OH|COLUMBUS,39049,Franklin,source_coordinate_within_county
1805808,Purdue University,IN,West Lafayette city,-86.9080655,40.4258686,1.0,NSF|IN|WEST LAFAYETTE,18157,Tippecanoe,source_coordinate_within_county
1752083,University of Arkansas,AR,Fayetteville city,-94.1574328,36.0625843,1.0,NSF|AR|FAYETTEVILLE,05143,Washington,source_coordinate_within_county
1841793,George Mason University,VA,Fairfax city,-77.3063733,38.8462236,1.0,NSF|VA|FAIRFAX,51600,Fairfax,source_coordinate_within_county
1751929,University of California-Riverside,CA,Riverside city,-117.374238,33.9824949,1.0,NSF|CA|RIVERSIDE,06065,Riverside,source_coordinate_within_county
2008276,Tufts University,MA,Medford city,-71.1061639,42.4184296,0.5,NSF|MA|MEDFORD,25017,Middlesex,source_coordinate_within_county
2008202,University of Massachusetts Boston,MA,Boston city,-71.0744952,42.2973205,0.5,NSF|MA|DORCHESTER,25025,Suffolk,source_coordinate_within_county
2026431,South Dakota State University,SD,Brookings city,-96.79844,44.311461,0.5,NSF|SD|BROOKINGS,46011,Brookings,source_coordinate_within_county
2005259,University of Hawaii,HI,Urban Honolulu CDP,-157.855676,21.304547,1.0,NSF|HI|HONOLULU,15003,Honolulu,source_coordinate_within_county
2404686,Arizona State University,AZ,Scottsdale city,-111.926018,33.4942189,0.5,NSF|AZ|SCOTTSDALE,04013,Maricopa,source_coordinate_within_county
2350521,Portland State University,OR,Portland city,-122.674194,45.5202471,0.5,NSF|OR|PORTLAND,41051,Multnomah,source_coordinate_within_county
2245265,Duke University,NC,Durham city,-78.9018053,35.996653,1.0,NSF|NC|DURHAM,37063,Durham,source_coordinate_within_county
2433265,Arizona State University,AZ,Scottsdale city,-111.926018,33.4942189,0.5,NSF|AZ|SCOTTSDALE,04013,Maricopa,source_coordinate_within_county
2229228,Texas A&M University,TX,College Station city,-96.3455991,30.6183939,1.0,NSF|TX|COLLEGE STATION,48041,Brazos,source_coordinate_within_county
2228697,Boise State University,ID,Boise City city,-116.200886,43.6166163,0.333333333333,NSF|ID|BOISE,16001,Ada,source_coordinate_within_county
2228698,University of Alaska Fairbanks Campus,AK,Fairbanks city,-147.716675,64.837845,0.333333333333,NSF|AK|FAIRBANKS,02090,Fairbanks North Star,source_coordinate_within_county
2228743,Arizona State University,AZ,Scottsdale city,-111.926018,33.4942189,1.0,NSF|AZ|SCOTTSDALE,04013,Maricopa,source_coordinate_within_county
2231429,New York University,NY,New York city,-74.0060152,40.7127281,1.0,NSF|NY|NEW YORK,36061,New York,source_coordinate_within_county
2231617,University of Colorado at Boulder,CO,Boulder city,-105.270545,40.0149856,1.0,NSF|CO|BOULDER,08013,Boulder,source_coordinate_within_county
2214135,University of Florida,FL,Gainesville city,-82.3249846,29.6519684,1.0,NSF|FL|GAINESVILLE,12001,Alachua,source_coordinate_within_county
2228699,Pennsylvania State Univ University Park,PA,College township,-77.8710571,40.8128971,0.333333333333,NSF|PA|UNIVERSITY PARK,42027,Centre,source_coordinate_within_county
2224894,University of Alabama Tuscaloosa,AL,Tuscaloosa city,-87.5675258,33.2095614,1.0,NSF|AL|TUSCALOOSA,01125,Tuscaloosa,source_coordinate_within_county
2215639,Arizona State University,AZ,Scottsdale city,-111.926018,33.4942189,1.0,NSF|AZ|SCOTTSDALE,04013,Maricopa,source_coordinate_within_county
2121238,American University,DC,Washington city,-77.0363849,38.8950982,1.0,NSF|DC|WASHINGTON,11001,District of Columbia,source_coordinate_within_county
2147716,"OHIO STATE UNIVERSITY, THE",OH,Columbus city,-83.0007065,39.9622601,1.0,NSF|OH|COLUMBUS,39049,Franklin,source_coordinate_within_county
2147052,Cornell University,NY,Ithaca city,-76.4968019,42.4396039,1.0,NSF|NY|ITHACA,36109,Tompkins,source_coordinate_within_county
2226505,Colorado State University,CO,Fort Collins city,-105.0770113,40.5871782,1.0,NSF|CO|FORT COLLINS,08069,Larimer,source_coordinate_within_county
2142003,George Mason University,VA,Fairfax city,-77.3063733,38.8462236,1.0,NSF|VA|FAIRFAX,51600,Fairfax,source_coordinate_within_county
2147117,University of Louisville Research Foundation Inc,KY,Louisville city,-85.759407,38.2542376,1.0,NSF|KY|LOUISVILLE,21111,Jefferson,source_coordinate_within_county
2137275,University of Alabama Tuscaloosa,AL,Tuscaloosa city,-87.5675258,33.2095614,1.0,NSF|AL|TUSCALOOSA,01125,Tuscaloosa,source_coordinate_within_county
2137274,University of Texas at Austin,TX,Austin city,-97.7436995,30.2711286,1.0,NSF|TX|AUSTIN,48453,Travis,source_coordinate_within_county
2143410,Howard University,DC,Washington city,-77.0363849,38.8950982,1.0,NSF|DC|WASHINGTON,11001,District of Columbia,source_coordinate_within_county
2445783,Morgan State University,MD,Baltimore city,-76.610759,39.2908816,1.0,NSF|MD|BALTIMORE,24510,Baltimore,source_coordinate_within_county
2138293,South Dakota School of Mines and Technology,SD,Rapid City city,-103.228023,44.0806041,0.5,NSF|SD|RAPID CITY,46103,Pennington,source_coordinate_within_county
2434543,Texas State University - San Marcos,TX,San Marcos city,-97.9405828,29.8826436,1.0,NSF|TX|SAN MARCOS,48209,Hays,source_coordinate_within_county
2432928,"CIRCULARITY FUELS, INC.",CA,Redwood City city,-122.232523,37.4863239,1.0,NSF|CA|REDWOOD CITY,06081,San Mateo,source_coordinate_within_county
2423576,RUSHNU INC,CA,Pleasanton city,-121.8746789,37.6624312,1.0,NSF|CA|PLEASANTON,06001,Alameda,source_coordinate_within_county
2430937,MOLTEN MATERIALS LLC,CA,Santa Ana city,-117.873221,33.7494951,1.0,NSF|CA|SANTA ANA,06059,Orange,source_coordinate_within_county
2423304,"BEYOND SILICON, INC.",AZ,Chandler city,-111.841185,33.3062031,1.0,NSF|AZ|CHANDLER,04013,Maricopa,source_coordinate_within_county
2423301,REBORNC LLC,MS,Hattiesburg city,-89.2903392,31.3271189,1.0,NSF|MS|HATTIESBURG,28035,Forrest,source_coordinate_within_county
2432964,ENCORE CO2 LLC,LA,Baton Rouge city,-91.1869659,30.4494155,1.0,NSF|LA|BATON ROUGE,22033,East Baton Rouge,source_coordinate_within_county
2434527,University of Alaska Anchorage Campus,AK,Anchorage municipality,-149.894852,61.2163129,1.0,NSF|AK|ANCHORAGE,02020,Anchorage,source_coordinate_within_county
2414139,RETRN BIOWORKS INC.,NY,Ithaca city,-76.4968019,42.4396039,1.0,NSF|NY|ITHACA,36109,Tompkins,source_coordinate_within_county
2423491,"GREENKEY, LLC",NC,Boyd township,-82.6390121,35.2723372,1.0,NSF|NC|PENROSE,37175,Transylvania,source_coordinate_within_county
2432707,"FLO MATERIALS, INC.",CA,Santa Barbara city,-119.702667,34.4221319,1.0,NSF|CA|SANTA BARBARA,06083,Santa Barbara,source_coordinate_within_county
2422906,NONA TECHNOLOGIES,MA,Somerville city,-71.0994968,42.3875968,1.0,NSF|MA|SOMERVILLE,25017,Middlesex,source_coordinate_within_county
2423048,SAVIMBO INC.,CA,Orinda city,-122.1796888,37.8771476,1.0,NSF|CA|ORINDA,06013,Contra Costa,source_coordinate_within_county
2433711,University of Georgia,GA,Athens-Clarke County unified government (balance),-83.376398,33.9597677,1.0,NSF|GA|ATHENS,13059,Clarke,source_coordinate_within_county
2345601,WATERUS LLC,SC,Irmo town,-81.1802101,34.0884689,1.0,NSF|SC|IRMO,45063,Lexington,source_coordinate_within_county
2429040,University of Louisiana at Lafayette,LA,Lafayette city,-92.0178202,30.2262187,1.0,NSF|LA|LAFAYETTE,22055,Lafayette,source_coordinate_within_county
2432108,Baylor University,TX,Waco city,-97.1474628,31.5491899,1.0,NSF|TX|WACO,48309,McLennan,source_coordinate_within_county
2404156,LIMELIGHT STEEL INC.,CA,Oakland city,-122.271356,37.8044557,1.0,NSF|CA|OAKLAND,06001,Alameda,source_coordinate_within_county
2421980,Pennsylvania State Univ University Park,PA,College township,-77.8710571,40.8128971,1.0,NSF|PA|UNIVERSITY PARK,42027,Centre,source_coordinate_within_county
2335104,VIADUCT TECHNOLOGIES LLC,WV,Morgantown city,-79.9559437,39.6296809,1.0,NSF|WV|MORGANTOWN,54061,Monongalia,source_coordinate_within_county
2332113,"GROUP1, INC.",TX,San Marcos city,-97.9405828,29.8826436,1.0,NSF|TX|SAN MARCOS,48209,Hays,source_coordinate_within_county
2412557,University of Illinois at Urbana-Champaign,IL,Urbana city,-88.207301,40.1117174,1.0,NSF|IL|URBANA,17019,Champaign,source_coordinate_within_county
2335379,RIVALIA CHEMICAL CO,IL,Lemont village,-88.0016263,41.6737149,1.0,NSF|IL|LEMONT,17031,Cook,source_coordinate_within_county
2402495,The University of Central Florida Board of Trustees,FL,Orlando city,-81.379045,28.5421218,1.0,NSF|FL|ORLANDO,12095,Orange,source_coordinate_within_county
2347951,Pennsylvania State Univ University Park,PA,College township,-77.8710571,40.8128971,1.0,NSF|PA|UNIVERSITY PARK,42027,Centre,source_coordinate_within_county
2414963,Oklahoma State University,OK,Stillwater city,-97.0585717,36.1156306,1.0,NSF|OK|STILLWATER,40119,Payne,source_coordinate_within_county
2348772,Michigan State University,MI,East Lansing city,-84.4721678,42.7320307,1.0,NSF|MI|EAST LANSING,26065,Ingham,source_coordinate_within_county
2344305,Research Foundation CUNY - Advanced Science Research Center,NY,New York city,-74.0060152,40.7127281,1.0,NSF|NY|NEW YORK,36061,New York,source_coordinate_within_county
2335500,LIEBOLD TECHNOLOGIES LLC,FL,Melbourne city,-80.6077908,28.0785034,1.0,NSF|FL|MELBOURNE,12009,Brevard,source_coordinate_within_county
2344174,University of Washington,WA,Seattle city,-122.330062,47.6038321,1.0,NSF|WA|SEATTLE,53033,King,source_coordinate_within_county
2344228,University of Maryland Center for Environmental Sciences,MD,Cambridge city,-76.077268,38.5700533,1.0,NSF|MD|CAMBRIDGE,24019,Dorchester,source_coordinate_within_county
2335596,BANYU CARBON INC,WA,Seattle city,-122.330062,47.6038321,1.0,NSF|WA|SEATTLE,53033,King,source_coordinate_within_county
1600012,Regents of the University of Michigan - Ann Arbor,MI,Ann Arbor city,-83.7484616,42.2813722,1.0,NSF|MI|ANN ARBOR,26161,Washtenaw,source_coordinate_within_county
2308277,Arizona State University,AZ,Scottsdale city,-111.926018,33.4942189,1.0,NSF|AZ|SCOTTSDALE,04013,Maricopa,source_coordinate_within_county
2344424,Cornell University,NY,Ithaca city,-76.4968019,42.4396039,1.0,NSF|NY|ITHACA,36109,Tompkins,source_coordinate_within_county
1660520,University of Alaska Fairbanks Campus,AK,Fairbanks city,-147.716675,64.837845,0.2,NSF|AK|FAIRBANKS,02090,Fairbanks North Star,source_coordinate_within_county
2238552,Virginia Polytechnic Institute and State University,VA,Blacksburg town,-80.4136767,37.2296566,1.0,NSF|VA|BLACKSBURG,51121,Montgomery,source_coordinate_within_county
2334276,Rutgers University Camden,NJ,Camden city,-75.1198911,39.9448402,1.0,NSF|NJ|CAMDEN,34007,Camden,source_coordinate_within_county
2343285,California State University San Marcos Corporation,CA,San Marcos city,-117.1743395,33.1352995,1.0,NSF|CA|SAN MARCOS,06073,San Diego,source_coordinate_within_county
2236235,Pratt Institute,NY,New York city,-73.9497211,40.6526006,1.0,NSF|NY|BROOKLYN,36047,Kings,source_coordinate_within_county
2236100,University of Delaware,DE,Newark city,-75.7515682,39.6828358,1.0,NSF|DE|NEWARK,10003,New Castle,source_coordinate_within_county
2213895,University of California-San Diego,CA,San Diego city,-117.2740777,32.8401623,1.0,NSF|CA|LA JOLLA,06073,San Diego,source_coordinate_within_county
2126187,"NANODIAN, INC.",CA,San Jose city,-121.890591,37.3361663,1.0,NSF|CA|SAN JOSE,06085,Santa Clara,source_coordinate_within_county
2223980,Cleveland State University,OH,Cleveland city,-81.6936772,41.4996574,1.0,NSF|OH|CLEVELAND,39035,Cuyahoga,source_coordinate_within_county
2141056,University of North Carolina at Charlotte,NC,Charlotte city,-80.8430827,35.2272086,1.0,NSF|NC|CHARLOTTE,37119,Mecklenburg,source_coordinate_within_county
2406002,SUNY at Buffalo,NY,Amherst town,-78.7997616,42.9783924,0.5,NSF|NY|AMHERST,36029,Erie,source_coordinate_within_county
2329802,SUNY at Stony Brook,NY,Stony Brook CDP,-73.140943,40.9256538,0.5,NSF|NY|STONY BROOK,36103,Suffolk,source_coordinate_within_county
2236926,University of Oklahoma Norman Campus,OK,Norman city,-97.4394816,35.2225717,1.0,NSF|OK|NORMAN,40027,Cleveland,source_coordinate_within_county
2346163,"OHIO STATE UNIVERSITY, THE",OH,Columbus city,-83.0007065,39.9622601,0.333333333333,NSF|OH|COLUMBUS,39049,Franklin,source_coordinate_within_county
2329800,University of Texas at Dallas,TX,Richardson city,-96.7297206,32.9481789,0.5,NSF|TX|RICHARDSON,48113,Dallas,source_coordinate_within_county
2238894,University of Nebraska-Lincoln,NE,Lincoln city,-96.7077751,40.8088861,1.0,NSF|NE|LINCOLN,31109,Lancaster,source_coordinate_within_county
2301824,Texas A&M University Corpus Christi,TX,Corpus Christi city,-97.4033191,27.7635302,1.0,NSF|TX|CORPUS CHRISTI,48355,Nueces,source_coordinate_within_county
2301938,New Mexico State University,NM,Las Cruces city,-106.779807,32.3140354,1.0,NSF|NM|LAS CRUCES,35013,Doña Ana,source_coordinate_within_county
2245484,University of Texas at Tyler,TX,Tyler city,-95.3010624,32.3512601,0.5,NSF|TX|TYLER,48423,Smith,source_coordinate_within_county
2231632,Iowa State University,IA,Ames city,-93.6170448,42.0267567,1.0,NSF|IA|AMES,19169,Story,source_coordinate_within_county
2231646,University of Connecticut,CT,Storrs CDP,-72.2495231,41.8084314,1.0,NSF|CT|STORRS,09110,Capitol,source_coordinate_within_county
2231659,University of Southern California,CA,Los Angeles city,-118.242766,34.0536909,1.0,NSF|CA|LOS ANGELES,06037,Los Angeles,source_coordinate_within_county
2304536,"LYDIAN LABS, INC.",MA,Cambridge city,-71.1040018,42.3656347,1.0,NSF|MA|CAMBRIDGE,25017,Middlesex,source_coordinate_within_county
2304412,REEGEN INC,NY,Ithaca city,-76.4968019,42.4396039,1.0,NSF|NY|ITHACA,36109,Tompkins,source_coordinate_within_county
2227273,University of Colorado at Boulder,CO,Boulder city,-105.270545,40.0149856,1.0,NSF|CO|BOULDER,08013,Boulder,source_coordinate_within_county
2317424,Florida International University,FL,Miami city,-80.1935973,25.7741566,1.0,NSF|FL|MIAMI,12086,Miami-Dade,source_coordinate_within_county
2243641,Purdue University,IN,West Lafayette city,-86.9080655,40.4258686,1.0,NSF|IN|WEST LAFAYETTE,18157,Tippecanoe,source_coordinate_within_county
2222498,Arizona State University,AZ,Scottsdale city,-111.926018,33.4942189,1.0,NSF|AZ|SCOTTSDALE,04013,Maricopa,source_coordinate_within_county
2203821,Georgia Tech Research Corporation,GA,Atlanta city,-84.3898151,33.7544657,1.0,NSF|GA|ATLANTA,13121,Fulton,source_coordinate_within_county
2153438,University of Florida,FL,Gainesville city,-82.3249846,29.6519684,1.0,NSF|FL|GAINESVILLE,12001,Alachua,source_coordinate_within_county
2153370,Lawrence Technological University,MI,Southfield city,-83.2218731,42.4733689,1.0,NSF|MI|SOUTHFIELD,26125,Oakland,source_coordinate_within_county
2233458,University of California-Davis,CA,Davis city,-121.739005,38.5435526,1.0,NSF|CA|DAVIS,06113,Yolo,source_coordinate_within_county
2422601,"START International, Inc.",CO,Fort Collins city,-105.0770113,40.5871782,1.0,NSF|CO|FORT COLLINS,08069,Larimer,source_coordinate_within_county
2229056,University of Maryland Eastern Shore,MD,Princess Anne town,-75.6920008,38.2028428,1.0,NSF|MD|PRINCESS ANNE,24039,Somerset,source_coordinate_within_county
2200023,National Council for Science and the Environment/CEDD,DC,Washington city,-77.0363849,38.8950982,1.0,NSF|DC|WASHINGTON,11001,District of Columbia,source_coordinate_within_county
2427875,Clemson University,SC,Clemson city,-82.8364111,34.6850749,1.0,NSF|SC|CLEMSON,45077,Pickens,source_coordinate_within_county
2127095,University of Hawaii,HI,Urban Honolulu CDP,-157.855676,21.304547,1.0,NSF|HI|HONOLULU,15003,Honolulu,source_coordinate_within_county
2413870,Purdue University,IN,West Lafayette city,-86.9080655,40.4258686,1.0,NSF|IN|WEST LAFAYETTE,18157,Tippecanoe,source_coordinate_within_county
2241633,SUNY College of Environmental Science and Forestry,NY,Syracuse city,-76.1474244,43.0481221,1.0,NSF|NY|SYRACUSE,36067,Onondaga,source_coordinate_within_county
2236331,University of Alabama Tuscaloosa,AL,Tuscaloosa city,-87.5675258,33.2095614,1.0,NSF|AL|TUSCALOOSA,01125,Tuscaloosa,source_coordinate_within_county
2236099,Rensselaer Polytechnic Institute,NY,Troy city,-73.6917878,42.7284117,1.0,NSF|NY|TROY,36083,Rensselaer,source_coordinate_within_county
2243301,William Marsh Rice University,TX,Houston city,-95.3676974,29.7589382,1.0,NSF|TX|HOUSTON,48201,Harris,source_coordinate_within_county
2213149,"CONNECT DYNAMICS, INC.",AR,Bentonville city,-94.208787,36.3728608,1.0,NSF|AR|BENTONVILLE,05007,Benton,source_coordinate_within_county
2230734,Woods Hole Oceanographic Institution,MA,Woods Hole CDP,-70.6694015,41.5238752,1.0,NSF|MA|WOODS HOLE,25001,Barnstable,source_coordinate_within_county
2213114,"VERPOND, INC.",CA,Carlsbad city,-117.3505966,33.1580933,1.0,NSF|CA|CARLSBAD,06073,San Diego,source_coordinate_within_county
2213218,"AQUAPAO, INC.",NJ,Princeton,-74.6597376,40.3496953,1.0,NSF|NJ|PRINCETON,34021,Mercer,source_coordinate_within_county
2136220,"Octet Scientific, Inc.",OH,Cleveland city,-81.6936772,41.4996574,1.0,NSF|OH|CLEVELAND,39035,Cuyahoga,source_coordinate_within_county
2223751,University of Texas at Austin,TX,Austin city,-97.7436995,30.2711286,1.0,NSF|TX|AUSTIN,48453,Travis,source_coordinate_within_county
2224282,SUNY Polytechnic Institute,NY,Albany city,-73.754968,42.6511674,1.0,NSF|NY|ALBANY,36001,Albany,source_coordinate_within_county
2151599,"BIRCH BIOSCIENCES, LLC",OR,Portland city,-122.674194,45.5202471,1.0,NSF|OR|PORTLAND,41051,Multnomah,source_coordinate_within_county
2151428,"PHAXTEC, INC.",NC,Wake Forest town,-78.5103731,35.9803138,1.0,NSF|NC|WAKE FOREST,37183,Wake,source_coordinate_within_county
2111838,KINETICCORE SOLUTIONS LLC,CO,Loveland city,-105.07498,40.3977612,1.0,NSF|CO|LOVELAND,08069,Larimer,source_coordinate_within_county
2136302,UNIGRID LLC,CA,San Diego city,-117.162772,32.7174202,1.0,NSF|CA|SAN DIEGO,06073,San Diego,source_coordinate_within_county
2201638,University of Southern Mississippi,MS,Hattiesburg city,-89.2903392,31.3271189,1.0,NSF|MS|HATTIESBURG,28035,Forrest,source_coordinate_within_county
2324949,Oregon State University,OR,Corvallis city,-123.2620435,44.5645659,1.0,NSF|OR|CORVALLIS,41003,Benton,source_coordinate_within_county
2326833,Purdue University,IN,West Lafayette city,-86.9080655,40.4258686,1.0,NSF|IN|WEST LAFAYETTE,18157,Tippecanoe,source_coordinate_within_county
2131163,Texas A&M University-Kingsville,TX,Kingsville city,-97.856109,27.5158689,0.5,NSF|TX|KINGSVILLE,48273,Kleberg,source_coordinate_within_county
2202706,Virginia Polytechnic Institute and State University,VA,Blacksburg town,-80.4136767,37.2296566,0.5,NSF|VA|BLACKSBURG,51121,Montgomery,source_coordinate_within_county
2131070,Clemson University,SC,Clemson city,-82.8364111,34.6850749,0.5,NSF|SC|CLEMSON,45077,Pickens,source_coordinate_within_county
2038410,Purdue University,IN,West Lafayette city,-86.9080655,40.4258686,1.0,NSF|IN|WEST LAFAYETTE,18157,Tippecanoe,source_coordinate_within_county
2104398,Massachusetts Institute of Technology,MA,Cambridge city,-71.1040018,42.3656347,0.25,NSF|MA|CAMBRIDGE,25017,Middlesex,source_coordinate_within_county
2104548,University of Washington,WA,Seattle city,-122.330062,47.6038321,0.25,NSF|WA|SEATTLE,53033,King,source_coordinate_within_county
2104292,Columbia University,NY,New York city,-74.0060152,40.7127281,0.25,NSF|NY|NEW YORK,36061,New York,source_coordinate_within_county
2104243,Regents of the University of Michigan - Ann Arbor,MI,Ann Arbor city,-83.7484616,42.2813722,0.25,NSF|MI|ANN ARBOR,26161,Washtenaw,source_coordinate_within_county
1951927,PECAN STREET INC.,TX,Austin city,-97.7436995,30.2711286,1.0,NSF|TX|AUSTIN,48453,Travis,source_coordinate_within_county
2421291,Colorado School of Mines,CO,Golden city,-105.22058,39.7546349,1.0,NSF|CO|GOLDEN,08059,Jefferson,source_coordinate_within_county
2506500,Washington University,MO,St. Louis city,-90.190009,38.6254063,0.5,NSF|MO|SAINT LOUIS,29510,St. Louis,source_coordinate_within_county
2343289,University of California-Berkeley,CA,Berkeley city,-122.272863,37.8708393,1.0,NSF|CA|BERKELEY,06001,Alameda,source_coordinate_within_county
2343530,Regents of the University of Michigan - Ann Arbor,MI,Ann Arbor city,-83.7484616,42.2813722,1.0,NSF|MI|ANN ARBOR,26161,Washtenaw,source_coordinate_within_county
2427554,Texas A&M Engineering Experiment Station,TX,College Station city,-96.3455991,30.6183939,0.5,NSF|TX|COLLEGE STATION,48041,Brazos,source_coordinate_within_county
2427238,Michigan State University,MI,East Lansing city,-84.4721678,42.7320307,1.0,NSF|MI|EAST LANSING,26065,Ingham,source_coordinate_within_county
2346411,University of Wisconsin-Madison,WI,Madison city,-89.3841663,43.07469,1.0,NSF|WI|MADISON,55025,Dane,source_coordinate_within_county
2338563,University of Minnesota-Twin Cities,MN,Minneapolis city,-93.2654692,44.9772995,1.0,NSF|MN|MINNEAPOLIS,27053,Hennepin,source_coordinate_within_county
2436996,University of Tulsa,OK,Tulsa city,-95.9927516,36.1563122,0.5,NSF|OK|TULSA,40143,Tulsa,source_coordinate_within_county
2342887,CUNY Graduate School University Center,NY,New York city,-74.0060152,40.7127281,1.0,NSF|NY|NEW YORK,36061,New York,source_coordinate_within_county
2341740,Purdue University,IN,West Lafayette city,-86.9080655,40.4258686,0.5,NSF|IN|WEST LAFAYETTE,18157,Tippecanoe,source_coordinate_within_county
2341739,Arizona State University,AZ,Scottsdale city,-111.926018,33.4942189,0.5,NSF|AZ|SCOTTSDALE,04013,Maricopa,source_coordinate_within_county
1719263,"Woodwell Climate Research Center, Inc.",MA,Falmouth CDP,-70.6147519,41.5514979,1.0,NSF|MA|FALMOUTH,25001,Barnstable,source_coordinate_within_county
1634480,Woods Hole Oceanographic Institution,MA,Woods Hole CDP,-70.6694015,41.5238752,1.0,NSF|MA|WOODS HOLE,25001,Barnstable,source_coordinate_within_county
1633948,San Francisco State University,CA,San Francisco city,-122.4075201,37.7879363,1.0,NSF|CA|SAN FRANCISCO,06075,San Francisco,source_coordinate_within_county
1566623,University of California-Santa Cruz,CA,Santa Cruz city,-122.0294673,36.9743626,1.0,NSF|CA|SANTA CRUZ,06087,Santa Cruz,source_coordinate_within_county
2338755,Michigan State University,MI,East Lansing city,-84.4721678,42.7320307,1.0,NSF|MI|EAST LANSING,26065,Ingham,source_coordinate_within_county
1647557,"Board of Regents, NSHE, obo University of Nevada, Reno",NV,Reno city,-119.812658,39.5261788,1.0,NSF|NV|RENO,32031,Washoe,source_coordinate_within_county
1555041,University of California-Berkeley,CA,Berkeley city,-122.272863,37.8708393,1.0,NSF|CA|BERKELEY,06001,Alameda,source_coordinate_within_county
1624207,Florida Institute of Technology,FL,Melbourne city,-80.6077908,28.0785034,1.0,NSF|FL|MELBOURNE,12009,Brevard,source_coordinate_within_county
1630490,Cornell University,NY,Ithaca city,-76.4968019,42.4396039,1.0,NSF|NY|ITHACA,36109,Tompkins,source_coordinate_within_county
1605472,Purdue University,IN,West Lafayette city,-86.9080655,40.4258686,0.5,NSF|IN|WEST LAFAYETTE,18157,Tippecanoe,source_coordinate_within_county
1604825,University of Illinois at Chicago,IL,Chicago city,-87.6244212,41.8755616,0.5,NSF|IL|CHICAGO,17031,Cook,source_coordinate_within_county
2305449,"Lurtz, Matthew R",MO,Lake Winnebago city,-94.3585603,38.8313975,1.0,NSF|MO|LAKE WINNEBAGO,29037,Cass,source_coordinate_within_county
2231665,University of Southern California,CA,Los Angeles city,-118.242766,34.0536909,1.0,NSF|CA|LOS ANGELES,06037,Los Angeles,source_coordinate_within_county
2038325,University of Louisville Research Foundation Inc,KY,Louisville city,-85.759407,38.2542376,1.0,NSF|KY|LOUISVILLE,21111,Jefferson,source_coordinate_within_county
2202126,University of California-Davis,CA,Davis city,-121.739005,38.5435526,0.25,NSF|CA|DAVIS,06113,Yolo,source_coordinate_within_county
2128035,Georgia Tech Research Corporation,GA,Atlanta city,-84.3898151,33.7544657,1.0,NSF|GA|ATLANTA,13121,Fulton,source_coordinate_within_county
2212894,University of Oklahoma Norman Campus,OK,Norman city,-97.4394816,35.2225717,0.5,NSF|OK|NORMAN,40027,Cleveland,source_coordinate_within_county
2124088,Washington State University,WA,Pullman city,-117.1799363,46.7295818,1.0,NSF|WA|PULLMAN,53075,Whitman,source_coordinate_within_county
2118515,University of Oklahoma Norman Campus,OK,Norman city,-97.4394816,35.2225717,0.5,NSF|OK|NORMAN,40027,Cleveland,source_coordinate_within_county
2124215,University of North Carolina at Charlotte,NC,Charlotte city,-80.8430827,35.2272086,1.0,NSF|NC|CHARLOTTE,37119,Mecklenburg,source_coordinate_within_county
2133512,Clemson University,SC,Clemson city,-82.8364111,34.6850749,0.333333333333,NSF|SC|CLEMSON,45077,Pickens,source_coordinate_within_county
2135530,Gordon Research Conferences,RI,East Greenwich town,-71.4558911,41.6603788,1.0,NSF|RI|EAST GREENWICH,44003,Kent,source_coordinate_within_county
2133549,Case Western Reserve University,OH,Cleveland city,-81.6936772,41.4996574,0.333333333333,NSF|OH|CLEVELAND,39035,Cuyahoga,source_coordinate_within_county
2046512,University of California - Merced,CA,Merced city,-120.4843269,37.3029568,1.0,NSF|CA|MERCED,06047,Merced,source_coordinate_within_county
2129631,Purdue University,IN,West Lafayette city,-86.9080655,40.4258686,1.0,NSF|IN|WEST LAFAYETTE,18157,Tippecanoe,source_coordinate_within_county
2113789,Tufts University,MA,Medford city,-71.1061639,42.4184296,1.0,NSF|MA|MEDFORD,25017,Middlesex,source_coordinate_within_county
2103125,University of California-Irvine,CA,Irvine city,-117.825981,33.6856969,1.0,NSF|CA|IRVINE,06059,Orange,source_coordinate_within_county
2054942,Cornell University,NY,Ithaca city,-76.4968019,42.4396039,1.0,NSF|NY|ITHACA,36109,Tompkins,source_coordinate_within_county
2101961,University of Miami,FL,Coral Gables city,-80.2585107,25.7331105,1.0,NSF|FL|CORAL GABLES,12086,Miami-Dade,source_coordinate_within_county
2045235,University of Kentucky Research Foundation,KY,Lexington-Fayette urban county,-84.4970393,38.0464066,1.0,NSF|KY|LEXINGTON,21067,Fayette,source_coordinate_within_county
2047268,University of Utah,UT,Salt Lake City city,-111.886797,40.7596198,1.0,NSF|UT|SALT LAKE CITY,49035,Salt Lake,source_coordinate_within_county
2040013,Regents of the University of Michigan - Ann Arbor,MI,Ann Arbor city,-83.7484616,42.2813722,1.0,NSF|MI|ANN ARBOR,26161,Washtenaw,source_coordinate_within_county
2028762,University of Florida,FL,Gainesville city,-82.3249846,29.6519684,1.0,NSF|FL|GAINESVILLE,12001,Alachua,source_coordinate_within_county
2219832,University of Maine,ME,Orono CDP,-68.672791,44.883607,1.0,NSF|ME|ORONO,23019,Penobscot,source_coordinate_within_county
2313835,University of Wisconsin-Madison,WI,Madison city,-89.3841663,43.07469,0.333333333333,NSF|WI|MADISON,55025,Dane,source_coordinate_within_county
2208697,Michigan State University,MI,East Lansing city,-84.4721678,42.7320307,1.0,NSF|MI|EAST LANSING,26065,Ingham,source_coordinate_within_county
2223467,SUNY at Buffalo,NY,Amherst town,-78.7997616,42.9783924,0.5,NSF|NY|AMHERST,36029,Erie,source_coordinate_within_county
2246608,Regents of the University of Michigan - Ann Arbor,MI,Ann Arbor city,-83.7484616,42.2813722,0.5,NSF|MI|ANN ARBOR,26161,Washtenaw,source_coordinate_within_county
2209829,University of Memphis,TN,Memphis city,-90.0517786,35.146026,1.0,NSF|TN|MEMPHIS,47157,Shelby,source_coordinate_within_county
2209899,Indiana University,IN,Bloomington city,-86.5342881,39.1670396,1.0,NSF|IN|BLOOMINGTON,18105,Monroe,source_coordinate_within_county
2147832,Auburn University,AL,Auburn city,-85.4807825,32.6098566,1.0,NSF|AL|AUBURN,01081,Lee,source_coordinate_within_county
2227263,Portland State University,OR,Portland city,-122.674194,45.5202471,1.0,NSF|OR|PORTLAND,41051,Multnomah,source_coordinate_within_county
2138438,Montclair State University,NJ,Montclair township,-74.2210643,40.8164458,1.0,NSF|NJ|MONTCLAIR,34013,Essex,source_coordinate_within_county
2146490,Regents of the University of Michigan - Ann Arbor,MI,Ann Arbor city,-83.7484616,42.2813722,1.0,NSF|MI|ANN ARBOR,26161,Washtenaw,source_coordinate_within_county
2138809,Longwood University,VA,Farmville town,-78.3923813,37.3024713,1.0,NSF|VA|FARMVILLE,51147,Prince Edward,source_coordinate_within_county
2138408,Western Michigan University,MI,Kalamazoo city,-85.5872286,42.291707,1.0,NSF|MI|KALAMAZOO,26077,Kalamazoo,source_coordinate_within_county
2110439,Oregon State University,OR,Corvallis city,-123.2620435,44.5645659,1.0,NSF|OR|CORVALLIS,41003,Benton,source_coordinate_within_county
2305616,"Jarecke, Karla M",OR,Philomath city,-123.367613,44.5400013,1.0,NSF|OR|PHILOMATH,41003,Benton,source_coordinate_within_county
2347106,New York University,NY,New York city,-74.0060152,40.7127281,1.0,NSF|NY|NEW YORK,36061,New York,source_coordinate_within_county
2120656,Louisiana State University,LA,Baton Rouge city,-91.1869659,30.4494155,1.0,NSF|LA|BATON ROUGE,22033,East Baton Rouge,source_coordinate_within_county
2222588,NOON ENERGY INC.,CA,Palo Alto city,-122.1598465,37.4443293,1.0,NSF|CA|PALO ALTO,06085,Santa Clara,source_coordinate_within_county
2423862,Regents of the University of Michigan - Ann Arbor,MI,Ann Arbor city,-83.7484616,42.2813722,0.5,NSF|MI|ANN ARBOR,26161,Washtenaw,source_coordinate_within_county
2324850,"NATIONAL RESOURCE CONSULTANTS, LLC",KS,Manhattan city,-96.5716694,39.1836082,1.0,NSF|KS|MANHATTAN,20161,Riley,source_coordinate_within_county
2341214,University of California-Berkeley,CA,Berkeley city,-122.272863,37.8708393,1.0,NSF|CA|BERKELEY,06001,Alameda,source_coordinate_within_county
2313340,"Earth Mapping International, Inc.",GA,Norcross city,-84.2135309,33.9412127,1.0,NSF|GA|NORCROSS,13135,Gwinnett,source_coordinate_within_county
2314242,University of Akron,OH,Akron city,-81.518485,41.083064,1.0,NSF|OH|AKRON,39153,Summit,source_coordinate_within_county
2304339,LEAFICIENT INC,PA,Evans City borough,-80.0594986,40.7695583,1.0,NSF|PA|EVANS CITY,42019,Butler,source_coordinate_within_county
2331168,University of Illinois at Urbana-Champaign,IL,Urbana city,-88.207301,40.1117174,1.0,NSF|IL|URBANA,17019,Champaign,source_coordinate_within_county
2212482,"VITIDORE, INC.",WA,Spokane city,-117.42351,47.6571934,1.0,NSF|WA|SPOKANE,53063,Spokane,source_coordinate_within_county
2330126,Carnegie Mellon University,PA,Pittsburgh city,-80.0025666,40.4406968,0.5,NSF|PA|PITTSBURGH,42003,Allegheny,source_coordinate_within_county
2213220,"POLYPV, LLC",NC,Cary town,-78.7812081,35.7882893,1.0,NSF|NC|CARY,37183,Wake,source_coordinate_within_county
2304544,EMPRISE CONCEPTS LLC,CO,Evergreen CDP,-105.323299,39.632845,1.0,NSF|CO|EVERGREEN,08059,Jefferson,source_coordinate_within_county
2304933,SOUTHERN CALIFORNIA TRIBAL CHAIRMENS ASSOCIATION,CA,Pala CDP,-117.076696,33.3653102,1.0,NSF|CA|PALA,06073,San Diego,source_coordinate_within_county
2305455,University of Hawaii,HI,Urban Honolulu CDP,-157.855676,21.304547,1.0,NSF|HI|HONOLULU,15003,Honolulu,source_coordinate_within_county
2322261,Purdue University,IN,West Lafayette city,-86.9080655,40.4258686,1.0,NSF|IN|WEST LAFAYETTE,18157,Tippecanoe,source_coordinate_within_county
2312633,University of Arkansas,AR,Fayetteville city,-94.1574328,36.0625843,1.0,NSF|AR|FAYETTEVILLE,05143,Washington,source_coordinate_within_county
2322095,Virginia Polytechnic Institute and State University,VA,Blacksburg town,-80.4136767,37.2296566,1.0,NSF|VA|BLACKSBURG,51121,Montgomery,source_coordinate_within_county
2223197,KAZADI ENTERPRISES LTD.,IL,Batavia city,-88.3125738,41.8500284,1.0,NSF|IL|BATAVIA,17089,Kane,source_coordinate_within_county
2231649,AMERICAN MAGNET CO LLC,FL,PONTE VEDRA BEACH,-81.3800824,30.2274645,1.0,NSF|FL|PONTE VEDRA BEACH,12109,St. Johns,source_coordinate_within_county
2229006,"FC RENEW, LLC",TN,Knoxville city,-83.9210261,35.9603948,1.0,NSF|TN|KNOXVILLE,47093,Knox,source_coordinate_within_county
2234562,Virginia Polytechnic Institute and State University,VA,Blacksburg town,-80.4136767,37.2296566,1.0,NSF|VA|BLACKSBURG,51121,Montgomery,source_coordinate_within_county
2151576,DOMCAT TECHNOLOGIES LLC,NY,Vestal town,-76.053813,42.0850703,1.0,NSF|NY|VESTAL,36007,Broome,source_coordinate_within_county
2212882,FIRST WATER TECHNOLOGY CO.,CA,Los Angeles city,-118.242766,34.0536909,1.0,NSF|CA|LOS ANGELES,06037,Los Angeles,source_coordinate_within_county
1715053,Hamilton Matthew,MI,Ann Arbor city,-83.7484616,42.2813722,1.0,NSF|MI|ANN ARBOR,26161,Washtenaw,source_coordinate_within_county
1739909,"OHIO STATE UNIVERSITY, THE",OH,Columbus city,-83.0007065,39.9622601,1.0,NSF|OH|COLUMBUS,39049,Franklin,source_coordinate_within_county
2213136,POLARCTIC LLC,VA,Courthouse Square CDP,-77.4084067,38.4222681,1.0,NSF|VA|STAFFORD,51179,Stafford,source_coordinate_within_county
1660490,SUNY College of Environmental Science and Forestry,NY,Syracuse city,-76.1474244,43.0481221,1.0,NSF|NY|SYRACUSE,36067,Onondaga,source_coordinate_within_county
1740335,University of Denver,CO,Denver city,-104.984862,39.7392364,1.0,NSF|CO|DENVER,08031,Denver,source_coordinate_within_county
1735654,University of California-Santa Cruz,CA,Santa Cruz city,-122.0294673,36.9743626,1.0,NSF|CA|SANTA CRUZ,06087,Santa Cruz,source_coordinate_within_county
1660459,University of Florida,FL,Gainesville city,-82.3249846,29.6519684,1.0,NSF|FL|GAINESVILLE,12001,Alachua,source_coordinate_within_county
1801251,University of California-Santa Barbara,CA,Santa Barbara city,-119.702667,34.4221319,1.0,NSF|CA|SANTA BARBARA,06083,Santa Barbara,source_coordinate_within_county
1655192,University of Utah,UT,Salt Lake City city,-111.886797,40.7596198,1.0,NSF|UT|SALT LAKE CITY,49035,Salt Lake,source_coordinate_within_county
1605715,University of Southern California,CA,Los Angeles city,-118.242766,34.0536909,1.0,NSF|CA|LOS ANGELES,06037,Los Angeles,source_coordinate_within_county
1605692,Georgia Tech Research Corporation,GA,Atlanta city,-84.3898151,33.7544657,1.0,NSF|GA|ATLANTA,13121,Fulton,source_coordinate_within_county
1644437,University of Illinois at Urbana-Champaign,IL,Urbana city,-88.207301,40.1117174,1.0,NSF|IL|URBANA,17019,Champaign,source_coordinate_within_county
1635878,Oklahoma State University,OK,Stillwater city,-97.0585717,36.1156306,1.0,NSF|OK|STILLWATER,40119,Payne,source_coordinate_within_county
1644572,University of Houston,TX,Houston city,-95.3676974,29.7589382,1.0,NSF|TX|HOUSTON,48201,Harris,source_coordinate_within_county
1644815,University of Illinois at Chicago,IL,Chicago city,-87.6244212,41.8755616,1.0,NSF|IL|CHICAGO,17031,Cook,source_coordinate_within_county
1610732,University of Illinois at Urbana-Champaign,IL,Urbana city,-88.207301,40.1117174,0.333333333333,NSF|IL|URBANA,17019,Champaign,source_coordinate_within_county
1608509,Harvard University,MA,Cambridge city,-71.1040018,42.3656347,0.333333333333,NSF|MA|CAMBRIDGE,25017,Middlesex,source_coordinate_within_county
1624539,Texas A&M Engineering Experiment Station,TX,College Station city,-96.3455991,30.6183939,1.0,NSF|TX|COLLEGE STATION,48041,Brazos,source_coordinate_within_county
1605669,Pennsylvania State Univ University Park,PA,College township,-77.8710571,40.8128971,0.5,NSF|PA|UNIVERSITY PARK,42027,Centre,source_coordinate_within_county
1723849,University of California-Irvine,CA,Irvine city,-117.825981,33.6856969,1.0,NSF|CA|IRVINE,06059,Orange,source_coordinate_within_county
1603667,University of Pittsburgh,PA,Pittsburgh city,-80.0025666,40.4406968,0.5,NSF|PA|PITTSBURGH,42003,Allegheny,source_coordinate_within_county
1604853,Carnegie Mellon University,PA,Pittsburgh city,-80.0025666,40.4406968,0.333333333333,NSF|PA|PITTSBURGH,42003,Allegheny,source_coordinate_within_county
1604906,University of California - Merced,CA,Merced city,-120.4843269,37.3029568,0.333333333333,NSF|CA|MERCED,06047,Merced,source_coordinate_within_county
1632945,University of Southern California,CA,Los Angeles city,-118.242766,34.0536909,1.0,NSF|CA|LOS ANGELES,06037,Los Angeles,source_coordinate_within_county
1605050,Massachusetts Institute of Technology,MA,Cambridge city,-71.1040018,42.3656347,0.5,NSF|MA|CAMBRIDGE,25017,Middlesex,source_coordinate_within_county
1602916,Research Triangle Institute,NC,Durham city,-78.9018053,35.996653,0.5,NSF|NC|DURHAM,37063,Durham,source_coordinate_within_county
1605034,Iowa State University,IA,Ames city,-93.6170448,42.0267567,1.0,NSF|IA|AMES,19169,Story,source_coordinate_within_county
1554018,Wichita State University,KS,Wichita city,-97.3375448,37.6922361,0.5,NSF|KS|WICHITA,20173,Sedgwick,source_coordinate_within_county
1622389,Yale University,CT,New Haven city,-72.9250518,41.3082138,1.0,NSF|CT|NEW HAVEN,09170,South Central Connecticut,source_coordinate_within_county
1624219,University of Colorado at Boulder,CO,Boulder city,-105.270545,40.0149856,1.0,NSF|CO|BOULDER,08013,Boulder,source_coordinate_within_county
1554497,University of Nebraska-Lincoln,NE,Lincoln city,-96.7077751,40.8088861,1.0,NSF|NE|LINCOLN,31109,Lancaster,source_coordinate_within_county
1553407,Harvard University,MA,Cambridge city,-71.1040018,42.3656347,1.0,NSF|MA|CAMBRIDGE,25017,Middlesex,source_coordinate_within_county
1719670,University of Texas at Austin,TX,Austin city,-97.7436995,30.2711286,0.333333333333,NSF|TX|AUSTIN,48453,Travis,source_coordinate_within_county
1739788,University of Illinois at Urbana-Champaign,IL,Urbana city,-88.207301,40.1117174,1.0,NSF|IL|URBANA,17019,Champaign,source_coordinate_within_county
1732242,Environmental Law Institute,DC,Washington city,-77.0363849,38.8950982,0.25,NSF|DC|WASHINGTON,11001,District of Columbia,source_coordinate_within_county
1719638,University of Delaware,DE,Newark city,-75.7515682,39.6828358,0.333333333333,NSF|DE|NEWARK,10003,New Castle,source_coordinate_within_county
1732266,University of Alaska Anchorage Campus,AK,Anchorage municipality,-149.894852,61.2163129,0.25,NSF|AK|ANCHORAGE,02020,Anchorage,source_coordinate_within_county
1732373,Inuit Circumpolar Conference,AK,Anchorage municipality,-149.894852,61.2163129,0.25,NSF|AK|ANCHORAGE,02020,Anchorage,source_coordinate_within_county
1653191,University of Massachusetts Amherst,MA,Amherst Town city,-72.5198761,42.3731948,1.0,NSF|MA|AMHERST,25015,Hampshire,source_coordinate_within_county
1719492,University of Minnesota-Twin Cities,MN,Minneapolis city,-93.2654692,44.9772995,0.333333333333,NSF|MN|MINNEAPOLIS,27053,Hennepin,source_coordinate_within_county
1742569,Stanford University,CA,Stanford CDP,-122.1702445,37.427467,1.0,NSF|CA|STANFORD,06085,Santa Clara,source_coordinate_within_county
1855912,University of Arizona,AZ,Tucson city,-110.974847,32.2228765,0.25,NSF|AZ|TUCSON,04019,Pima,source_coordinate_within_county
1805094,Syracuse University,NY,Syracuse city,-76.1474244,43.0481221,0.25,NSF|NY|SYRACUSE,36067,Onondaga,source_coordinate_within_county
1903543,West Virginia University Research Corporation,WV,Morgantown city,-79.9559437,39.6296809,1.0,NSF|WV|MORGANTOWN,54061,Monongalia,source_coordinate_within_county
1805160,Colorado School of Mines,CO,Golden city,-105.22058,39.7546349,0.25,NSF|CO|GOLDEN,08059,Jefferson,source_coordinate_within_county
1851878,SUNY at Binghamton,NY,Binghamton city,-75.9125187,42.098698,1.0,NSF|NY|BINGHAMTON,36007,Broome,source_coordinate_within_county
1648007,"PC Krause and Associates, Inc.",IN,West Lafayette city,-86.9080655,40.4258686,1.0,NSF|IN|WEST LAFAYETTE,18157,Tippecanoe,source_coordinate_within_county
1548414,"UltraCell Insulation, LLC",NY,Blasdell village,-78.823366,42.797281,1.0,NSF|NY|BLASDELL,36029,Erie,source_coordinate_within_county
1549525,"VinSense, LLC",IN,West Lafayette city,-86.9080655,40.4258686,1.0,NSF|IN|WEST LAFAYETTE,18157,Tippecanoe,source_coordinate_within_county
2011296,Texas A&M Engineering Experiment Station,TX,College Station city,-96.3455991,30.6183939,0.25,NSF|TX|COLLEGE STATION,48041,Brazos,source_coordinate_within_county
1937012,Virginia Polytechnic Institute and State University,VA,Blacksburg town,-80.4136767,37.2296566,1.0,NSF|VA|BLACKSBURG,51121,Montgomery,source_coordinate_within_county
1922504,University of Texas at Austin,TX,Austin city,-97.7436995,30.2711286,1.0,NSF|TX|AUSTIN,48453,Travis,source_coordinate_within_county
1916769,University of California-Irvine,CA,Irvine city,-117.825981,33.6856969,1.0,NSF|CA|IRVINE,06059,Orange,source_coordinate_within_county
2013093,Michigan State University,MI,East Lansing city,-84.4721678,42.7320307,0.25,NSF|MI|EAST LANSING,26065,Ingham,source_coordinate_within_county
1928595,SUNY at Buffalo,NY,Amherst town,-78.7997616,42.9783924,1.0,NSF|NY|AMHERST,36029,Erie,source_coordinate_within_county
1916727,Colorado School of Mines,CO,Golden city,-105.22058,39.7546349,1.0,NSF|CO|GOLDEN,08059,Jefferson,source_coordinate_within_county
1933207,Illinois Institute of Technology,IL,Chicago city,-87.6244212,41.8755616,1.0,NSF|IL|CHICAGO,17031,Cook,source_coordinate_within_county
2024004,Stanford University,CA,Stanford CDP,-122.1702445,37.427467,0.333333333333,NSF|CA|STANFORD,06085,Santa Clara,source_coordinate_within_county
1903716,University of Missouri-Columbia,MO,Columbia city,-92.3337366,38.951883,1.0,NSF|MO|COLUMBIA,29019,Boone,source_coordinate_within_county
1916302,University of Washington,WA,Seattle city,-122.330062,47.6038321,1.0,NSF|WA|SEATTLE,53033,King,source_coordinate_within_county
1847365,Princeton University,NJ,Princeton,-74.6597376,40.3496953,1.0,NSF|NJ|PRINCETON,34021,Mercer,source_coordinate_within_county
1739551,Iowa State University,IA,Ames city,-93.6170448,42.0267567,1.0,NSF|IA|AMES,19169,Story,source_coordinate_within_county
1707068,University of Southern California,CA,Los Angeles city,-118.242766,34.0536909,1.0,NSF|CA|LOS ANGELES,06037,Los Angeles,source_coordinate_within_county
1831805,"PC Krause and Associates, Inc.",IN,West Lafayette city,-86.9080655,40.4258686,1.0,NSF|IN|WEST LAFAYETTE,18157,Tippecanoe,source_coordinate_within_county
1827729,University of Delaware,DE,Newark city,-75.7515682,39.6828358,1.0,NSF|DE|NEWARK,10003,New Castle,source_coordinate_within_county
1724764,Southern Illinois University at Carbondale,IL,Carbondale city,-89.216655,37.7274692,1.0,NSF|IL|CARBONDALE,17077,Jackson,source_coordinate_within_county
1738485,"VinSense, LLC",IN,West Lafayette city,-86.9080655,40.4258686,1.0,NSF|IN|WEST LAFAYETTE,18157,Tippecanoe,source_coordinate_within_county
1660233,MOBOSENSE LLC,CA,Moraga town,-122.12883,37.834897,1.0,NSF|CA|MORAGA,06013,Contra Costa,source_coordinate_within_county
1721739,"Mobius Labs, Inc",NY,Troy city,-73.6917878,42.7284117,1.0,NSF|NY|TROY,36083,Rensselaer,source_coordinate_within_county
1730586,University of South Florida,FL,Tampa city,-82.4583107,27.9449854,1.0,NSF|FL|TAMPA,12057,Hillsborough,source_coordinate_within_county
1926158,University of Delaware,DE,Newark city,-75.7515682,39.6828358,1.0,NSF|DE|NEWARK,10003,New Castle,source_coordinate_within_county
1903659,SUNY at Binghamton,NY,Binghamton city,-75.9125187,42.098698,1.0,NSF|NY|BINGHAMTON,36007,Broome,source_coordinate_within_county
1935541,American Geophysical Union,DC,Washington city,-77.0363849,38.8950982,1.0,NSF|DC|WASHINGTON,11001,District of Columbia,source_coordinate_within_county
1848993,University of Arkansas,AR,Fayetteville city,-94.1574328,36.0625843,1.0,NSF|AR|FAYETTEVILLE,05143,Washington,source_coordinate_within_county
1845605,Colorado State University,CO,Fort Collins city,-105.0770113,40.5871782,1.0,NSF|CO|FORT COLLINS,08069,Larimer,source_coordinate_within_county
1848994,Tulane University,LA,New Orleans city,-90.0733934,29.9561422,1.0,NSF|LA|NEW ORLEANS,22071,Orleans,source_coordinate_within_county
1634070,University of Minnesota-Twin Cities,MN,Minneapolis city,-93.2654692,44.9772995,1.0,NSF|MN|MINNEAPOLIS,27053,Hennepin,source_coordinate_within_county
1708480,Regents of the University of Michigan - Ann Arbor,MI,Ann Arbor city,-83.7484616,42.2813722,1.0,NSF|MI|ANN ARBOR,26161,Washtenaw,source_coordinate_within_county
1634163,University of Colorado at Boulder,CO,Boulder city,-105.270545,40.0149856,1.0,NSF|CO|BOULDER,08013,Boulder,source_coordinate_within_county
1561082,University of Alabama Tuscaloosa,AL,Tuscaloosa city,-87.5675258,33.2095614,1.0,NSF|AL|TUSCALOOSA,01125,Tuscaloosa,source_coordinate_within_county
1561106,Arizona State University,AZ,Scottsdale city,-111.926018,33.4942189,1.0,NSF|AZ|SCOTTSDALE,04013,Maricopa,source_coordinate_within_county
1560785,University of Hawaii,HI,Urban Honolulu CDP,-157.855676,21.304547,1.0,NSF|HI|HONOLULU,15003,Honolulu,source_coordinate_within_county
1552429,Regents of the University of Michigan - Ann Arbor,MI,Ann Arbor city,-83.7484616,42.2813722,1.0,NSF|MI|ANN ARBOR,26161,Washtenaw,source_coordinate_within_county
1558322,University of Georgia Research Foundation Inc,GA,Athens-Clarke County unified government (balance),-83.376398,33.9597677,1.0,NSF|GA|ATHENS,13059,Clarke,source_coordinate_within_county
1636872,Pennsylvania State Univ University Park,PA,College township,-77.8710571,40.8128971,1.0,NSF|PA|UNIVERSITY PARK,42027,Centre,source_coordinate_within_county
1558289,University of Utah,UT,Salt Lake City city,-111.886797,40.7596198,1.0,NSF|UT|SALT LAKE CITY,49035,Salt Lake,source_coordinate_within_county
1938565,TREESWIFT INC,PA,Philadelphia city,-75.1635262,39.9527237,1.0,NSF|PA|PHILADELPHIA,42101,Philadelphia,source_coordinate_within_county
1914251,"ENGENIOUSAG, LLC",IA,Ames city,-93.6170448,42.0267567,1.0,NSF|IA|AMES,19169,Story,source_coordinate_within_county
1935393,University of North Carolina at Charlotte,NC,Charlotte city,-80.8430827,35.2272086,1.0,NSF|NC|CHARLOTTE,37119,Mecklenburg,source_coordinate_within_county
2020126,University of Colorado at Boulder,CO,Boulder city,-105.270545,40.0149856,1.0,NSF|CO|BOULDER,08013,Boulder,source_coordinate_within_county
2034630,"RHODIUM GROUP, LLC",NY,New York city,-74.0060152,40.7127281,1.0,NSF|NY|NEW YORK,36061,New York,source_coordinate_within_county
2117393,Princeton University,NJ,Princeton,-74.6597376,40.3496953,0.25,NSF|NJ|PRINCETON,34021,Mercer,source_coordinate_within_county
1843943,Katz Water Technologies,TX,Houston city,-95.3676974,29.7589382,1.0,NSF|TX|HOUSTON,48201,Harris,source_coordinate_within_county
2028598,University of Washington,WA,Seattle city,-122.330062,47.6038321,1.0,NSF|WA|SEATTLE,53033,King,source_coordinate_within_county
2021618,University of California-San Diego Scripps Inst of Oceanography,CA,San Diego city,-117.2740777,32.8401623,1.0,NSF|CA|LA JOLLA,06073,San Diego,source_coordinate_within_county
2022982,The Water Institute of the Gulf,LA,Baton Rouge city,-91.1869659,30.4494155,0.333333333333,NSF|LA|BATON ROUGE,22033,East Baton Rouge,source_coordinate_within_county
2022934,Trustees of Boston University,MA,Boston city,-71.0578303,42.3588336,0.333333333333,NSF|MA|BOSTON,25025,Suffolk,source_coordinate_within_county
2022987,College of William & Mary Virginia Institute of Marine Science,VA,Gloucester Point CDP,-76.496899,37.2540351,0.333333333333,NSF|VA|GLOUCESTER POINT,51073,Gloucester,source_coordinate_within_county
1828541,Illinois Institute of Technology,IL,Chicago city,-87.6244212,41.8755616,1.0,NSF|IL|CHICAGO,17031,Cook,source_coordinate_within_county
1807974,University of South Florida,FL,Tampa city,-82.4583107,27.9449854,1.0,NSF|FL|TAMPA,12057,Hillsborough,source_coordinate_within_county
1804770,The University of Central Florida Board of Trustees,FL,Orlando city,-81.379045,28.5421218,0.5,NSF|FL|ORLANDO,12095,Orange,source_coordinate_within_county
1804672,International Food Policy Research Institute,DC,Washington city,-77.0363849,38.8950982,1.0,NSF|DC|WASHINGTON,11001,District of Columbia,source_coordinate_within_county
1762133,SUNY at Buffalo,NY,Amherst town,-78.7997616,42.9783924,0.5,NSF|NY|AMHERST,36029,Erie,source_coordinate_within_county
1805293,North Carolina State University,NC,Raleigh city,-78.6390989,35.7803977,0.5,NSF|NC|RALEIGH,37183,Wake,source_coordinate_within_county
1760834,University of Alabama Tuscaloosa,AL,Tuscaloosa city,-87.5675258,33.2095614,0.25,NSF|AL|TUSCALOOSA,01125,Tuscaloosa,source_coordinate_within_county
1762899,Clemson University,SC,Clemson city,-82.8364111,34.6850749,0.5,NSF|SC|CLEMSON,45077,Pickens,source_coordinate_within_county
1821526,Colorado State University,CO,Fort Collins city,-105.0770113,40.5871782,1.0,NSF|CO|FORT COLLINS,08069,Larimer,source_coordinate_within_county
1804943,"OHIO STATE UNIVERSITY, THE",OH,Columbus city,-83.0007065,39.9622601,0.5,NSF|OH|COLUMBUS,39049,Franklin,source_coordinate_within_county
1762592,Iowa State University,IA,Ames city,-93.6170448,42.0267567,0.25,NSF|IA|AMES,19169,Story,source_coordinate_within_county
1822206,University of Texas at Austin,TX,Austin city,-97.7436995,30.2711286,1.0,NSF|TX|AUSTIN,48453,Travis,source_coordinate_within_county
1810105,Illinois Institute of Technology,IL,Chicago city,-87.6244212,41.8755616,1.0,NSF|IL|CHICAGO,17031,Cook,source_coordinate_within_county
1706695,Portland State University,OR,Portland city,-122.674194,45.5202471,0.5,NSF|OR|PORTLAND,41051,Multnomah,source_coordinate_within_county
1706939,University of Tennessee Knoxville,TN,Knoxville city,-83.9210261,35.9603948,0.5,NSF|TN|KNOXVILLE,47093,Knox,source_coordinate_within_county
1810800,Iowa State University,IA,Ames city,-93.6170448,42.0267567,1.0,NSF|IA|AMES,19169,Story,source_coordinate_within_county
1751854,West Virginia University Research Corporation,WV,Morgantown city,-79.9559437,39.6296809,1.0,NSF|WV|MORGANTOWN,54061,Monongalia,source_coordinate_within_county
1747752,Colorado School of Mines,CO,Golden city,-105.22058,39.7546349,1.0,NSF|CO|GOLDEN,08059,Jefferson,source_coordinate_within_county
1646019,Regents of the University of Michigan - Ann Arbor,MI,Ann Arbor city,-83.7484616,42.2813722,1.0,NSF|MI|ANN ARBOR,26161,Washtenaw,source_coordinate_within_county
1638213,Arizona State University,AZ,Scottsdale city,-111.926018,33.4942189,0.2,NSF|AZ|SCOTTSDALE,04013,Maricopa,source_coordinate_within_county
1747765,Worcester Polytechnic Institute,MA,Worcester city,-71.8018877,42.2625621,1.0,NSF|MA|WORCESTER,25027,Worcester,source_coordinate_within_county
1638355,University of South Florida,FL,Tampa city,-82.4583107,27.9449854,0.2,NSF|FL|TAMPA,12057,Hillsborough,source_coordinate_within_county
1638348,University of Chicago,IL,Chicago city,-87.6244212,41.8755616,0.2,NSF|IL|CHICAGO,17031,Cook,source_coordinate_within_county
1637772,University of Wisconsin-Madison,WI,Madison city,-89.3841663,43.07469,0.2,NSF|WI|MADISON,55025,Dane,source_coordinate_within_county
1744775,University of Illinois at Urbana-Champaign,IL,Urbana city,-88.207301,40.1117174,1.0,NSF|IL|URBANA,17019,Champaign,source_coordinate_within_county
1820850,New Jersey Institute of Technology,NJ,Newark city,-74.1723667,40.735657,0.5,NSF|NJ|NEWARK,34013,Essex,source_coordinate_within_county
1704141,University of Utah,UT,Salt Lake City city,-111.886797,40.7596198,1.0,NSF|UT|SALT LAKE CITY,49035,Salt Lake,source_coordinate_within_county
1705180,University of Southern California,CA,Los Angeles city,-118.242766,34.0536909,1.0,NSF|CA|LOS ANGELES,06037,Los Angeles,source_coordinate_within_county
1705941,West Virginia University Research Corporation,WV,Morgantown city,-79.9559437,39.6296809,1.0,NSF|WV|MORGANTOWN,54061,Monongalia,source_coordinate_within_county
1817346,University of Florida,FL,Gainesville city,-82.3249846,29.6519684,1.0,NSF|FL|GAINESVILLE,12001,Alachua,source_coordinate_within_county
1745824,University of Chicago,IL,Chicago city,-87.6244212,41.8755616,1.0,NSF|IL|CHICAGO,17031,Cook,source_coordinate_within_county
1807097,University of Texas at Austin,TX,Austin city,-97.7436995,30.2711286,0.333333333333,NSF|TX|AUSTIN,48453,Travis,source_coordinate_within_county
1706889,Washington State University,WA,Pullman city,-117.1799363,46.7295818,1.0,NSF|WA|PULLMAN,53075,Whitman,source_coordinate_within_county
1738782,Villanova University,PA,Villanova CDP,-75.3290464,40.0385961,1.0,NSF|PA|VILLANOVA,42091,Montgomery,source_coordinate_within_county
1711951,University of Denver,CO,Denver city,-104.984862,39.7392364,1.0,NSF|CO|DENVER,08031,Denver,source_coordinate_within_county
1811199,Missouri University of Science and Technology,MO,Rolla city,-91.7708076,37.9509324,1.0,NSF|MO|ROLLA,29161,Phelps,source_coordinate_within_county
1706489,University of Cincinnati Main Campus,OH,Cincinnati city,-84.5127405,39.1012809,1.0,NSF|OH|CINCINNATI,39061,Hamilton,source_coordinate_within_county
1653841,Clemson University,SC,Clemson city,-82.8364111,34.6850749,1.0,NSF|SC|CLEMSON,45077,Pickens,source_coordinate_within_county
1705331,University of Dayton,OH,Dayton city,-84.1916069,39.7589478,1.0,NSF|OH|DAYTON,39113,Montgomery,source_coordinate_within_county
1704897,University of Mississippi,MS,University CDP,-89.5350279,34.3653692,1.0,NSF|MS|UNIVERSITY,28071,Lafayette,source_coordinate_within_county
1705864,Washington University,MO,St. Louis city,-90.190009,38.6254063,1.0,NSF|MO|SAINT LOUIS,29510,St. Louis,source_coordinate_within_county
1653679,University of Notre Dame,IN,Notre Dame CDP,-86.2373691,41.6992003,0.5,NSF|IN|NOTRE DAME,18141,St. Joseph,source_coordinate_within_county
1715497,Columbia University,NY,New York city,-74.0060152,40.7127281,1.0,NSF|NY|NEW YORK,36061,New York,source_coordinate_within_county
1651536,Towson University,MD,Towson CDP,-76.6023803,39.4018513,1.0,NSF|MD|TOWSON,24005,Baltimore,source_coordinate_within_county
1664375,University of Nebraska-Lincoln,NE,Lincoln city,-96.7077751,40.8088861,1.0,NSF|NE|LINCOLN,31109,Lancaster,source_coordinate_within_county
1804560,Lehigh University,PA,Bethlehem city,-75.3786521,40.6178915,1.0,NSF|PA|BETHLEHEM,42095,Northampton,source_coordinate_within_county
1801167,"OHIO STATE UNIVERSITY, THE",OH,Columbus city,-83.0007065,39.9622601,1.0,NSF|OH|COLUMBUS,39049,Franklin,source_coordinate_within_county
1756914,East Carolina University,NC,Greenville city,-77.3724593,35.613224,1.0,NSF|NC|GREENVILLE,37147,Pitt,source_coordinate_within_county
1906254,Inuit Circumpolar Conference,AK,Anchorage municipality,-149.894852,61.2163129,0.25,NSF|AK|ANCHORAGE,02020,Anchorage,source_coordinate_within_county
1830752,University of Arizona,AZ,Tucson city,-110.974847,32.2228765,1.0,NSF|AZ|TUCSON,04019,Pima,source_coordinate_within_county
1756340,University of California-Berkeley,CA,Berkeley city,-122.272863,37.8708393,1.0,NSF|CA|BERKELEY,06001,Alameda,source_coordinate_within_county
1800716,Southern Methodist University,TX,Dallas city,-96.7968559,32.7762719,0.2,NSF|TX|DALLAS,48113,Dallas,source_coordinate_within_county
1936378,University of Alaska Fairbanks Campus,AK,Fairbanks city,-147.716675,64.837845,1.0,NSF|AK|FAIRBANKS,02090,Fairbanks North Star,source_coordinate_within_county
1830955,University of Alabama Tuscaloosa,AL,Tuscaloosa city,-87.5675258,33.2095614,1.0,NSF|AL|TUSCALOOSA,01125,Tuscaloosa,source_coordinate_within_county
2032621,Worcester Polytechnic Institute,MA,Worcester city,-71.8018877,42.2625621,1.0,NSF|MA|WORCESTER,25027,Worcester,source_coordinate_within_county
2020814,Vanderbilt University,TN,Nashville-Davidson metropolitan government (balance),-86.7742984,36.1622767,1.0,NSF|TN|NASHVILLE,47037,Davidson,source_coordinate_within_county
2032590,Worcester Polytechnic Institute,MA,Worcester city,-71.8018877,42.2625621,1.0,NSF|MA|WORCESTER,25027,Worcester,source_coordinate_within_county
1948422,SUNY at Stony Brook,NY,Stony Brook CDP,-73.140943,40.9256538,1.0,NSF|NY|STONY BROOK,36103,Suffolk,source_coordinate_within_county
1940781,Arizona State University,AZ,Scottsdale city,-111.926018,33.4942189,1.0,NSF|AZ|SCOTTSDALE,04013,Maricopa,source_coordinate_within_county
1935676,Kansas State University,KS,Manhattan city,-96.5716694,39.1836082,1.0,NSF|KS|MANHATTAN,20161,Riley,source_coordinate_within_county
1935599,University of Connecticut,CT,Storrs CDP,-72.2495231,41.8084314,0.5,NSF|CT|STORRS,09110,Capitol,source_coordinate_within_county
2005747,Columbia University,NY,New York city,-74.0060152,40.7127281,1.0,NSF|NY|NEW YORK,36061,New York,source_coordinate_within_county
2309957,Texas A&M University,TX,College Station city,-96.3455991,30.6183939,1.0,NSF|TX|COLLEGE STATION,48041,Brazos,source_coordinate_within_county
1935578,University of New Hampshire,NH,Durham CDP,-70.9177186,43.1214141,0.5,NSF|NH|DURHAM,33017,Strafford,source_coordinate_within_county
2038761,Princeton University,NJ,Princeton,-74.6597376,40.3496953,1.0,NSF|NJ|PRINCETON,34021,Mercer,source_coordinate_within_county
2154345,University of Illinois at Urbana-Champaign,IL,Urbana city,-88.207301,40.1117174,0.5,NSF|IL|URBANA,17019,Champaign,source_coordinate_within_county
2047961,Arizona State University,AZ,Scottsdale city,-111.926018,33.4942189,1.0,NSF|AZ|SCOTTSDALE,04013,Maricopa,source_coordinate_within_county
2101053,North Carolina Agricultural & Technical State University,NC,Greensboro city,-79.7919754,36.0726355,1.0,NSF|NC|GREENSBORO,37081,Guilford,source_coordinate_within_county
2051260,University of Cincinnati Main Campus,OH,Cincinnati city,-84.5127405,39.1012809,1.0,NSF|OH|CINCINNATI,39061,Hamilton,source_coordinate_within_county
2025989,North Carolina State University,NC,Raleigh city,-78.6390989,35.7803977,1.0,NSF|NC|RALEIGH,37183,Wake,source_coordinate_within_county
2033577,South Dakota School of Mines and Technology,SD,Rapid City city,-103.228023,44.0806041,1.0,NSF|SD|RAPID CITY,46103,Pennington,source_coordinate_within_county
2146711,SUNY College of Environmental Science and Forestry,NY,Syracuse city,-76.1474244,43.0481221,1.0,NSF|NY|SYRACUSE,36067,Onondaga,source_coordinate_within_county
2147431,University of Utah,UT,Salt Lake City city,-111.886797,40.7596198,1.0,NSF|UT|SALT LAKE CITY,49035,Salt Lake,source_coordinate_within_county
2112245,"INTERSPHERE, INC.",CO,Fort Collins city,-105.0770113,40.5871782,1.0,NSF|CO|FORT COLLINS,08069,Larimer,source_coordinate_within_county
2127092,"HUUE, Inc.",CA,Berkeley city,-122.272863,37.8708393,1.0,NSF|CA|BERKELEY,06001,Alameda,source_coordinate_within_county
2052302,ZITECHNOLOGIES INC.,MI,Hancock city,-88.580956,47.126871,1.0,NSF|MI|HANCOCK,26061,Houghton,source_coordinate_within_county
2126844,"MAP-COLLECTIVE, INC.",DC,Washington city,-77.0363849,38.8950982,1.0,NSF|DC|WASHINGTON,11001,District of Columbia,source_coordinate_within_county
2112137,"PURAFIDE, LLC",NY,New York city,-73.7908497,40.7009164,1.0,NSF|NY|JAMAICA,36081,Queens,source_coordinate_within_county
2121674,University of Kentucky Research Foundation,KY,Lexington-Fayette urban county,-84.4970393,38.0464066,1.0,NSF|KY|LEXINGTON,21067,Fayette,source_coordinate_within_county
2052585,University of Texas at El Paso,TX,El Paso city,-106.4870476,31.7601001,1.0,NSF|TX|EL PASO,48141,El Paso,source_coordinate_within_county
2043075,University of California-Berkeley,CA,Berkeley city,-122.272863,37.8708393,1.0,NSF|CA|BERKELEY,06001,Alameda,source_coordinate_within_county
2036078,BIOMILITUS LLC,CA,Sacramento city,-121.493895,38.5810606,1.0,NSF|CA|SACRAMENTO,06067,Sacramento,source_coordinate_within_county
2040542,University of Arizona,AZ,Tucson city,-110.974847,32.2228765,1.0,NSF|AZ|TUCSON,04019,Pima,source_coordinate_within_county
2035143,Massachusetts Institute of Technology,MA,Cambridge city,-71.1040018,42.3656347,1.0,NSF|MA|CAMBRIDGE,25017,Middlesex,source_coordinate_within_county
2025902,MAIA ANALYTICA LLC,OR,Corvallis city,-123.2620435,44.5645659,1.0,NSF|OR|CORVALLIS,41003,Benton,source_coordinate_within_county
2016409,Georgia Tech Research Corporation,GA,Atlanta city,-84.3898151,33.7544657,1.0,NSF|GA|ATLANTA,13121,Fulton,source_coordinate_within_county
2024183,New Jersey Institute of Technology,NJ,Newark city,-74.1723667,40.735657,1.0,NSF|NJ|NEWARK,34013,Essex,source_coordinate_within_county
2013838,LEGOV SYSTEMS GROUP LLC,ID,Boise City city,-116.200886,43.6166163,1.0,NSF|ID|BOISE,16001,Ada,source_coordinate_within_county
2014663,"MVM INDUSTRIAL, INC.",MA,Woburn city,-71.1522766,42.4792618,1.0,NSF|MA|WOBURN,25017,Middlesex,source_coordinate_within_county
2133700,"OCEAN MOTION TECHNOLOGIES, INC.",CA,Pomona city,-117.7517496,34.0553813,1.0,NSF|CA|POMONA,06037,Los Angeles,source_coordinate_within_county
2151435,Harvest Moon Automation,MA,Winchester CDP,-71.1369982,42.4523178,1.0,NSF|MA|WINCHESTER,25017,Middlesex,source_coordinate_within_county
2232410,Michigan State University,MI,East Lansing city,-84.4721678,42.7320307,1.0,NSF|MI|EAST LANSING,26065,Ingham,source_coordinate_within_county
2212643,South Dakota School of Mines and Technology,SD,Rapid City city,-103.228023,44.0806041,1.0,NSF|SD|RAPID CITY,46103,Pennington,source_coordinate_within_county
2051953,"SINGULARITY ENERGY, INC.",MA,Somerville city,-71.0994968,42.3875968,1.0,NSF|MA|SOMERVILLE,25017,Middlesex,source_coordinate_within_county
2124735,SMART HEAT CORP,IL,Skokie village,-87.7521069,42.0262972,1.0,NSF|IL|SKOKIE,17031,Cook,source_coordinate_within_county
2136511,"AM BATTERIES, Inc.",MA,Billerica town,-71.268947,42.5584264,1.0,NSF|MA|BILLERICA,25017,Middlesex,source_coordinate_within_county
2203357,Texas A&M Engineering Experiment Station,TX,College Station city,-96.3455991,30.6183939,1.0,NSF|TX|COLLEGE STATION,48041,Brazos,source_coordinate_within_county
2143970,Colorado State University,CO,Fort Collins city,-105.0770113,40.5871782,1.0,NSF|CO|FORT COLLINS,08069,Larimer,source_coordinate_within_county
2138553,Indiana University,IN,Bloomington city,-86.5342881,39.1670396,1.0,NSF|IN|BLOOMINGTON,18105,Monroe,source_coordinate_within_county
2138631,SUNY Polytechnic Institute,NY,Albany city,-73.754968,42.6511674,1.0,NSF|NY|ALBANY,36001,Albany,source_coordinate_within_county
1951194,Appalachian State University,NC,Boone town,-81.684004,36.2187873,1.0,NSF|NC|BOONE,37189,Watauga,source_coordinate_within_county
2052844,"Barefoot, Eric A",TX,Houston city,-95.3676974,29.7589382,1.0,NSF|TX|HOUSTON,48201,Harris,source_coordinate_within_county
2150163,East Carolina University,NC,Greenville city,-77.3724593,35.613224,1.0,NSF|NC|GREENVILLE,37147,Pitt,source_coordinate_within_county
2317834,University of Kansas Center for Research Inc,KS,Lawrence city,-95.2359403,38.9719137,1.0,NSF|KS|LAWRENCE,20045,Douglas,source_coordinate_within_county
2432851,Arizona State University,AZ,Scottsdale city,-111.926018,33.4942189,0.5,NSF|AZ|SCOTTSDALE,04013,Maricopa,source_coordinate_within_county
2237413,The University of Central Florida Board of Trustees,FL,Orlando city,-81.379045,28.5421218,1.0,NSF|FL|ORLANDO,12095,Orange,source_coordinate_within_county
2233585,University of Texas at San Antonio,TX,San Antonio city,-98.4951405,29.4246002,1.0,NSF|TX|SAN ANTONIO,48029,Bexar,source_coordinate_within_county
2305157,Texas A&M Engineering Experiment Station,TX,College Station city,-96.3455991,30.6183939,1.0,NSF|TX|COLLEGE STATION,48041,Brazos,source_coordinate_within_county
2320707,Gordon Research Conferences,RI,East Greenwich town,-71.4558911,41.6603788,1.0,NSF|RI|EAST GREENWICH,44003,Kent,source_coordinate_within_county
2219086,Missouri University of Science and Technology,MO,Rolla city,-91.7708076,37.9509324,1.0,NSF|MO|ROLLA,29161,Phelps,source_coordinate_within_county
2103119,University of Colorado at Boulder,CO,Boulder city,-105.270545,40.0149856,1.0,NSF|CO|BOULDER,08013,Boulder,source_coordinate_within_county
2121528,Decision Science Research Institute,OR,Eugene city,-123.0950506,44.0505054,0.333333333333,NSF|OR|EUGENE,41039,Lane,source_coordinate_within_county
2121616,University of Washington,WA,Seattle city,-122.330062,47.6038321,0.333333333333,NSF|WA|SEATTLE,53033,King,source_coordinate_within_county
2026345,University of North Carolina at Chapel Hill,NC,Chapel Hill town,-79.05578,35.9131542,1.0,NSF|NC|CHAPEL HILL,37135,Orange,source_coordinate_within_county
2009833,University of Colorado at Boulder,CO,Boulder city,-105.270545,40.0149856,1.0,NSF|CO|BOULDER,08013,Boulder,source_coordinate_within_county
1947718,University of North Carolina at Chapel Hill,NC,Chapel Hill town,-79.05578,35.9131542,1.0,NSF|NC|CHAPEL HILL,37135,Orange,source_coordinate_within_county
1946732,Virginia Polytechnic Institute and State University,VA,Blacksburg town,-80.4136767,37.2296566,1.0,NSF|VA|BLACKSBURG,51121,Montgomery,source_coordinate_within_county
1954703,Regents of the University of Michigan - Ann Arbor,MI,Ann Arbor city,-83.7484616,42.2813722,1.0,NSF|MI|ANN ARBOR,26161,Washtenaw,source_coordinate_within_county
2411614,Oregon Research Institute,OR,Springfield city,-123.0220289,44.0462362,0.333333333333,NSF|OR|SPRINGFIELD,41039,Lane,source_coordinate_within_county
2240844,University of Wisconsin-Madison,WI,Madison city,-89.3841663,43.07469,1.0,NSF|WI|MADISON,55025,Dane,source_coordinate_within_county
2321842,AEPNUS TECHNOLOGY INC,CA,Oakland city,-122.271356,37.8044557,1.0,NSF|CA|OAKLAND,06001,Alameda,source_coordinate_within_county
2314018,Regents of the University of Michigan - Ann Arbor,MI,Ann Arbor city,-83.7484616,42.2813722,1.0,NSF|MI|ANN ARBOR,26161,Washtenaw,source_coordinate_within_county
2304417,"PARTHIAN BATTERY SOLUTIONS, LLC",WV,Morgantown city,-79.9559437,39.6296809,1.0,NSF|WV|MORGANTOWN,54061,Monongalia,source_coordinate_within_county
2323629,"Board of Regents, NSHE, obo University of Nevada, Reno",NV,Reno city,-119.812658,39.5261788,1.0,NSF|NV|RENO,32031,Washoe,source_coordinate_within_county
2233583,"GREENSIGHT AGRONOMICS, INC.",MA,Boston city,-71.0619957,42.3778749,1.0,NSF|MA|CHARLESTOWN,25025,Suffolk,source_coordinate_within_county
2233237,"SANGALI, INC.",LA,Baton Rouge city,-91.1869659,30.4494155,1.0,NSF|LA|BATON ROUGE,22033,East Baton Rouge,source_coordinate_within_county
2234450,Michigan Technological University,MI,Houghton city,-88.569012,47.121872,1.0,NSF|MI|HOUGHTON,26061,Houghton,source_coordinate_within_county
2306180,Texas State University - San Marcos,TX,San Marcos city,-97.9405828,29.8826436,1.0,NSF|TX|SAN MARCOS,48209,Hays,source_coordinate_within_county
2311324,University of Colorado at Boulder,CO,Boulder city,-105.270545,40.0149856,1.0,NSF|CO|BOULDER,08013,Boulder,source_coordinate_within_county
2148865,Columbia University,NY,New York city,-74.0060152,40.7127281,1.0,NSF|NY|NEW YORK,36061,New York,source_coordinate_within_county
2154013,"Nevada System of Higher Education, Desert Research Institute",NV,Reno city,-119.812658,39.5261788,1.0,NSF|NV|RENO,32031,Washoe,source_coordinate_within_county
2123768,University of Delaware,DE,Newark city,-75.7515682,39.6828358,1.0,NSF|DE|NEWARK,10003,New Castle,source_coordinate_within_county
2120906,Colorado State University,CO,Fort Collins city,-105.0770113,40.5871782,1.0,NSF|CO|FORT COLLINS,08069,Larimer,source_coordinate_within_county
2040537,Oregon State University,OR,Corvallis city,-123.2620435,44.5645659,1.0,NSF|OR|CORVALLIS,41003,Benton,source_coordinate_within_county
2052794,Colorado School of Mines,CO,Golden city,-105.22058,39.7546349,1.0,NSF|CO|GOLDEN,08059,Jefferson,source_coordinate_within_county
2123540,University of Rhode Island,RI,Kingston CDP,-71.5227103,41.4801166,1.0,NSF|RI|KINGSTON,44009,Washington,source_coordinate_within_county
2029205,University of California-San Diego Scripps Inst of Oceanography,CA,San Diego city,-117.2740777,32.8401623,1.0,NSF|CA|LA JOLLA,06073,San Diego,source_coordinate_within_county
2329250,"Nevada System of Higher Education, Desert Research Institute",NV,Reno city,-119.812658,39.5261788,1.0,NSF|NV|RENO,32031,Washoe,source_coordinate_within_county
2427769,University of California-Davis,CA,Davis city,-121.739005,38.5435526,1.0,NSF|CA|DAVIS,06113,Yolo,source_coordinate_within_county
2404728,Colorado State University,CO,Fort Collins city,-105.0770113,40.5871782,1.0,NSF|CO|FORT COLLINS,08069,Larimer,source_coordinate_within_county
2448113,University of Louisville Research Foundation Inc,KY,Louisville city,-85.759407,38.2542376,1.0,NSF|KY|LOUISVILLE,21111,Jefferson,source_coordinate_within_county
2420677,Vanderbilt University,TN,Nashville-Davidson metropolitan government (balance),-86.7742984,36.1622767,0.5,NSF|TN|NASHVILLE,47037,Davidson,source_coordinate_within_county
2420676,Colorado State University,CO,Fort Collins city,-105.0770113,40.5871782,0.5,NSF|CO|FORT COLLINS,08069,Larimer,source_coordinate_within_county
2432110,University of Illinois at Urbana-Champaign,IL,Urbana city,-88.207301,40.1117174,1.0,NSF|IL|URBANA,17019,Champaign,source_coordinate_within_county
2406295,Clemson University,SC,Clemson city,-82.8364111,34.6850749,1.0,NSF|SC|CLEMSON,45077,Pickens,source_coordinate_within_county
2349890,Vishwamitra Research Institute,IL,Crystal Lake city,-88.3161965,42.2411344,1.0,NSF|IL|CRYSTAL LAKE,17111,McHenry,source_coordinate_within_county
1748712,CUNY City College,NY,New York city,-74.0060152,40.7127281,1.0,NSF|NY|NEW YORK,36061,New York,source_coordinate_within_county
2420601,CHANGEAERIAL LLC,CA,San Diego city,-117.162772,32.7174202,1.0,NSF|CA|SAN DIEGO,06073,San Diego,source_coordinate_within_county
2440615,Stanford University,CA,Stanford CDP,-122.1702445,37.427467,1.0,NSF|CA|STANFORD,06085,Santa Clara,source_coordinate_within_county
2423448,AMHYTECH LLC,MI,Detroit city,-83.0466403,42.3315509,1.0,NSF|MI|DETROIT,26163,Wayne,source_coordinate_within_county
2404520,EARTHEN INC.,AZ,Chandler city,-111.841185,33.3062031,1.0,NSF|AZ|CHANDLER,04013,Maricopa,source_coordinate_within_county
2423700,"SLUICEBOX, INC.",TX,Austin city,-97.7436995,30.2711286,1.0,NSF|TX|AUSTIN,48453,Travis,source_coordinate_within_county
2404712,"SUBTIDAL, INC.",MA,North Falmouth CDP,-70.6168547,41.6489409,1.0,NSF|MA|NORTH FALMOUTH,25001,Barnstable,source_coordinate_within_county
2335229,WATER ILLUMINATION INC,CA,Lake Forest city,-117.6859213,33.6469261,1.0,NSF|CA|LAKE FOREST,06059,Orange,source_coordinate_within_county
2417586,University of Wisconsin-Madison,WI,Madison city,-89.3841663,43.07469,1.0,NSF|WI|MADISON,55025,Dane,source_coordinate_within_county
2051995,THIOZEN INC.,CA,Pasadena city,-118.144155,34.1476507,1.0,NSF|CA|PASADENA,06037,Los Angeles,source_coordinate_within_county
2319900,University of Iowa,IA,Iowa City city,-91.5299106,41.6612561,1.0,NSF|IA|IOWA CITY,19103,Johnson,source_coordinate_within_county
1922167,University of California-Los Angeles,CA,Los Angeles city,-118.242766,34.0536909,1.0,NSF|CA|LOS ANGELES,06037,Los Angeles,source_coordinate_within_county
2112895,University of California-San Diego,CA,San Diego city,-117.2740777,32.8401623,1.0,NSF|CA|LA JOLLA,06073,San Diego,source_coordinate_within_county
2215652,Oregon State University,OR,Corvallis city,-123.2620435,44.5645659,1.0,NSF|OR|CORVALLIS,41003,Benton,source_coordinate_within_county
2346839,University of Massachusetts Amherst,MA,Amherst Town city,-72.5198761,42.3731948,1.0,NSF|MA|AMHERST,25015,Hampshire,source_coordinate_within_county
1722127,SOLID CELL INC.,NY,New York city,-74.0060152,40.7127281,1.0,NSF|NY|NEW YORK,36061,New York,source_coordinate_within_county
2037631,University of North Carolina at Charlotte,NC,Charlotte city,-80.8430827,35.2272086,1.0,NSF|NC|CHARLOTTE,37119,Mecklenburg,source_coordinate_within_county
2214240,Texas A&M AgriLife Research,TX,College Station city,-96.3455991,30.6183939,1.0,NSF|TX|COLLEGE STATION,48041,Brazos,source_coordinate_within_county
2346179,University of Massachusetts Amherst,MA,Amherst Town city,-72.5198761,42.3731948,1.0,NSF|MA|AMHERST,25015,Hampshire,source_coordinate_within_county
2233584,NEXTGLASS LLC,MD,Gaithersburg city,-77.1929215,39.1399187,1.0,NSF|MD|GAITHERSBURG,24031,Montgomery,source_coordinate_within_county
2216541,CARBON SOLUTIONS LLC,IN,Pleasant Lake CDP,-85.0160765,41.5753282,1.0,NSF|IN|PLEASANT LAKE,18151,Steuben,source_coordinate_within_county
2233612,SEAFLIGHT TECHNOLOGIES INC,CA,Carson city,-118.2517547,33.8322043,1.0,NSF|CA|CARSON,06037,Los Angeles,source_coordinate_within_county
2222965,POWERSILO INC,CA,Novato city,-122.5681191,38.1061979,1.0,NSF|CA|NOVATO,06041,Marin,source_coordinate_within_county
2314036,University of Pittsburgh,PA,Pittsburgh city,-80.0025666,40.4406968,1.0,NSF|PA|PITTSBURGH,42003,Allegheny,source_coordinate_within_county
1753082,Utah State University,UT,Logan city,-111.834914,41.7313063,1.0,NSF|UT|LOGAN,49005,Cache,source_coordinate_within_county
2034308,University of Miami,FL,Coral Gables city,-80.2585107,25.7331105,0.5,NSF|FL|CORAL GABLES,12086,Miami-Dade,source_coordinate_within_county
2033929,University of North Carolina at Chapel Hill,NC,Chapel Hill town,-79.05578,35.9131542,0.5,NSF|NC|CHAPEL HILL,37135,Orange,source_coordinate_within_county
2215426,Indiana University,IN,Bloomington city,-86.5342881,39.1670396,1.0,NSF|IN|BLOOMINGTON,18105,Monroe,source_coordinate_within_county
1621576,RISQ INC,MA,Boston city,-71.0578303,42.3588336,1.0,NSF|MA|BOSTON,25025,Suffolk,source_coordinate_within_county
2116197,University of California-San Diego,CA,San Diego city,-117.2740777,32.8401623,1.0,NSF|CA|LA JOLLA,06073,San Diego,source_coordinate_within_county
1844436,University of Tennessee Knoxville,TN,Knoxville city,-83.9210261,35.9603948,0.333333333333,NSF|TN|KNOXVILLE,47093,Knox,source_coordinate_within_county
1844435,Portland State University,OR,Portland city,-122.674194,45.5202471,0.333333333333,NSF|OR|PORTLAND,41051,Multnomah,source_coordinate_within_county
1923042,University of Illinois at Urbana-Champaign,IL,Urbana city,-88.207301,40.1117174,1.0,NSF|IL|URBANA,17019,Champaign,source_coordinate_within_county
2002660,Pennsylvania State Univ University Park,PA,College township,-77.8710571,40.8128971,0.5,NSF|PA|UNIVERSITY PARK,42027,Centre,source_coordinate_within_county
1851392,University of Miami,FL,Coral Gables city,-80.2585107,25.7331105,0.5,NSF|FL|CORAL GABLES,12086,Miami-Dade,source_coordinate_within_county
1851305,John G Shedd Aquarium,IL,Chicago city,-87.6244212,41.8755616,0.5,NSF|IL|CHICAGO,17031,Cook,source_coordinate_within_county
1803035,Louisiana State University,LA,Baton Rouge city,-91.1869659,30.4494155,0.5,NSF|LA|BATON ROUGE,22033,East Baton Rouge,source_coordinate_within_county
1803526,University of North Texas,TX,Denton city,-97.1330431,33.215038,0.5,NSF|TX|DENTON,48121,Denton,source_coordinate_within_county
1826712,University of Rhode Island,RI,Kingston CDP,-71.5227103,41.4801166,1.0,NSF|RI|KINGSTON,44009,Washington,source_coordinate_within_county
1744410,Carnegie Mellon University,PA,Pittsburgh city,-80.0025666,40.4406968,1.0,NSF|PA|PITTSBURGH,42003,Allegheny,source_coordinate_within_county
1815138,Columbia University,NY,New York city,-74.0060152,40.7127281,1.0,NSF|NY|NEW YORK,36061,New York,source_coordinate_within_county
1702814,Harvard University,MA,Cambridge city,-71.1040018,42.3656347,1.0,NSF|MA|CAMBRIDGE,25017,Middlesex,source_coordinate_within_county
1736633,University of South Florida,FL,Tampa city,-82.4583107,27.9449854,0.5,NSF|FL|TAMPA,12057,Hillsborough,source_coordinate_within_county
1725386,Zwart Jacob A,IN,Notre Dame CDP,-86.2373691,41.6992003,1.0,NSF|IN|NOTRE DAME,18141,St. Joseph,source_coordinate_within_county
1707569,University of Colorado at Boulder,CO,Boulder city,-105.270545,40.0149856,1.0,NSF|CO|BOULDER,08013,Boulder,source_coordinate_within_county
1702797,San Diego State University Foundation,CA,San Diego city,-117.162772,32.7174202,1.0,NSF|CA|SAN DIEGO,06073,San Diego,source_coordinate_within_county
1735715,California Institute of Technology,CA,Pasadena city,-118.144155,34.1476507,1.0,NSF|CA|PASADENA,06037,Los Angeles,source_coordinate_within_county
1724781,University of Minnesota-Twin Cities,MN,Minneapolis city,-93.2654692,44.9772995,1.0,NSF|MN|MINNEAPOLIS,27053,Hennepin,source_coordinate_within_county
1702273,Cornell University,NY,Ithaca city,-76.4968019,42.4396039,0.5,NSF|NY|ITHACA,36109,Tompkins,source_coordinate_within_county
1702975,Middlebury College,VT,Middlebury CDP,-73.167229,44.014299,1.0,NSF|VT|MIDDLEBURY,50001,Addison,source_coordinate_within_county
1702184,Columbia University,NY,New York city,-74.0060152,40.7127281,0.5,NSF|NY|NEW YORK,36061,New York,source_coordinate_within_county
1740536,University of Colorado at Boulder,CO,Boulder city,-105.270545,40.0149856,1.0,NSF|CO|BOULDER,08013,Boulder,source_coordinate_within_county
1755722,Wayne State University,MI,Detroit city,-83.0466403,42.3315509,1.0,NSF|MI|DETROIT,26163,Wayne,source_coordinate_within_county
1643877,University of California-Santa Cruz,CA,Santa Cruz city,-122.0294673,36.9743626,0.5,NSF|CA|SANTA CRUZ,06087,Santa Cruz,source_coordinate_within_county
1643851,Duke University,NC,Durham city,-78.9018053,35.996653,1.0,NSF|NC|DURHAM,37063,Durham,source_coordinate_within_county
1715557,University of California-San Diego,CA,San Diego city,-117.2740777,32.8401623,1.0,NSF|CA|LA JOLLA,06073,San Diego,source_coordinate_within_county
1644209,Stanford University,CA,Stanford CDP,-122.1702445,37.427467,0.5,NSF|CA|STANFORD,06085,Santa Clara,source_coordinate_within_county
1736542,Syracuse University,NY,Syracuse city,-76.1474244,43.0481221,1.0,NSF|NY|SYRACUSE,36067,Onondaga,source_coordinate_within_county
1700517,SUNY College of Environmental Science and Forestry,NY,Syracuse city,-76.1474244,43.0481221,0.5,NSF|NY|SYRACUSE,36067,Onondaga,source_coordinate_within_county
1702078,University of Wyoming,WY,Laramie city,-105.5917876,41.3116442,0.5,NSF|WY|LARAMIE,56001,Albany,source_coordinate_within_county
1700555,University of California-Santa Barbara,CA,Santa Barbara city,-119.702667,34.4221319,0.5,NSF|CA|SANTA BARBARA,06083,Santa Barbara,source_coordinate_within_county
1738244,Gordon Research Conferences,RI,East Greenwich town,-71.4558911,41.6603788,1.0,NSF|RI|EAST GREENWICH,44003,Kent,source_coordinate_within_county
1714909,Woods Hole Oceanographic Institution,MA,Woods Hole CDP,-70.6694015,41.5238752,1.0,NSF|MA|WOODS HOLE,25001,Barnstable,source_coordinate_within_county
1702060,Colorado School of Mines,CO,Golden city,-105.22058,39.7546349,0.5,NSF|CO|GOLDEN,08059,Jefferson,source_coordinate_within_county
1703087,Texas A&M University,TX,College Station city,-96.3455991,30.6183939,1.0,NSF|TX|COLLEGE STATION,48041,Brazos,source_coordinate_within_county
1652274,SUNY at Buffalo,NY,Amherst town,-78.7997616,42.9783924,1.0,NSF|NY|AMHERST,36029,Erie,source_coordinate_within_county
1634764,Arizona State University,AZ,Scottsdale city,-111.926018,33.4942189,1.0,NSF|AZ|SCOTTSDALE,04013,Maricopa,source_coordinate_within_county
1702946,Woods Hole Oceanographic Institution,MA,Woods Hole CDP,-70.6694015,41.5238752,0.5,NSF|MA|WOODS HOLE,25001,Barnstable,source_coordinate_within_county
1746160,University of California-Berkeley,CA,Berkeley city,-122.272863,37.8708393,1.0,NSF|CA|BERKELEY,06001,Alameda,source_coordinate_within_county
1702704,University of California-San Diego Scripps Inst of Oceanography,CA,San Diego city,-117.2740777,32.8401623,1.0,NSF|CA|LA JOLLA,06073,San Diego,source_coordinate_within_county
1624738,Horowitz Hannah M,MA,Somerville city,-71.0994968,42.3875968,1.0,NSF|MA|SOMERVILLE,25017,Middlesex,source_coordinate_within_county
1703141,University of Southern California,CA,Los Angeles city,-118.242766,34.0536909,0.5,NSF|CA|LOS ANGELES,06037,Los Angeles,source_coordinate_within_county
1750497,University of California-Irvine,CA,Irvine city,-117.825981,33.6856969,1.0,NSF|CA|IRVINE,06059,Orange,source_coordinate_within_county
1654232,Texas A&M University Corpus Christi,TX,Corpus Christi city,-97.4033191,27.7635302,1.0,NSF|TX|CORPUS CHRISTI,48355,Nueces,source_coordinate_within_county
1724566,North Carolina State University,NC,Raleigh city,-78.6390989,35.7803977,1.0,NSF|NC|RALEIGH,37183,Wake,source_coordinate_within_county
1661861,Texas A&M University,TX,College Station city,-96.3455991,30.6183939,1.0,NSF|TX|COLLEGE STATION,48041,Brazos,source_coordinate_within_county
1650037,University of Maine,ME,Orono CDP,-68.672791,44.883607,1.0,NSF|ME|ORONO,23019,Penobscot,source_coordinate_within_county
1658023,University of Hawaii,HI,Urban Honolulu CDP,-157.855676,21.304547,0.5,NSF|HI|HONOLULU,15003,Honolulu,source_coordinate_within_county
1657958,University of Washington,WA,Seattle city,-122.330062,47.6038321,1.0,NSF|WA|SEATTLE,53033,King,source_coordinate_within_county
1658017,University of California-Santa Cruz,CA,Santa Cruz city,-122.0294673,36.9743626,0.5,NSF|CA|SANTA CRUZ,06087,Santa Cruz,source_coordinate_within_county
1658585,Portland State University,OR,Portland city,-122.674194,45.5202471,0.5,NSF|OR|PORTLAND,41051,Multnomah,source_coordinate_within_county
1624881,Po-Chedley Stephen,WA,Seattle city,-122.330062,47.6038321,1.0,NSF|WA|SEATTLE,53033,King,source_coordinate_within_county
1643394,Oregon State University,OR,Corvallis city,-123.2620435,44.5645659,0.5,NSF|OR|CORVALLIS,41003,Benton,source_coordinate_within_county
1643355,University of Washington,WA,Seattle city,-122.330062,47.6038321,0.5,NSF|WA|SEATTLE,53033,King,source_coordinate_within_county
1634167,University of Washington,WA,Seattle city,-122.330062,47.6038321,1.0,NSF|WA|SEATTLE,53033,King,source_coordinate_within_county
1644624,Montana State University,MT,Bozeman city,-111.044047,45.6794293,0.5,NSF|MT|BOZEMAN,30031,Gallatin,source_coordinate_within_county
1644619,University of Montana,MT,Missoula city,-113.995267,46.8701049,0.5,NSF|MT|MISSOULA,30063,Missoula,source_coordinate_within_county
1723856,University of California-Irvine,CA,Irvine city,-117.825981,33.6856969,1.0,NSF|CA|IRVINE,06059,Orange,source_coordinate_within_county
1721884,FAS HOLDINGS GROUP,TX,Dallas city,-96.7968559,32.7762719,1.0,NSF|TX|DALLAS,48113,Dallas,source_coordinate_within_county
1701163,University of Rochester,NY,Rochester city,-77.615214,43.157285,1.0,NSF|NY|ROCHESTER,36055,Monroe,source_coordinate_within_county
1660263,"Calyx, Inc.",CA,Berkeley city,-122.272863,37.8708393,1.0,NSF|CA|BERKELEY,06001,Alameda,source_coordinate_within_county
1719267,"Woodwell Climate Research Center, Inc.",MA,Falmouth CDP,-70.6147519,41.5514979,1.0,NSF|MA|FALMOUTH,25001,Barnstable,source_coordinate_within_county
1623812,University of California - Merced,CA,Merced city,-120.4843269,37.3029568,0.333333333333,NSF|CA|MERCED,06047,Merced,source_coordinate_within_county
1623814,University of Wisconsin-Madison,WI,Madison city,-89.3841663,43.07469,0.333333333333,NSF|WI|MADISON,55025,Dane,source_coordinate_within_county
1623810,Boise State University,ID,Boise City city,-116.200886,43.6166163,0.333333333333,NSF|ID|BOISE,16001,Ada,source_coordinate_within_county
1822406,University of Colorado at Boulder,CO,Boulder city,-105.270545,40.0149856,1.0,NSF|CO|BOULDER,08013,Boulder,source_coordinate_within_county
1839171,"University of Maryland, College Park",MD,College Park city,-76.9369189,38.980666,1.0,NSF|MD|COLLEGE PARK,24033,Prince George's,source_coordinate_within_county
1749729,University of Connecticut,CT,Storrs CDP,-72.2495231,41.8084314,0.5,NSF|CT|STORRS,09110,Capitol,source_coordinate_within_county
1753034,University of California-Santa Cruz,CA,Santa Cruz city,-122.0294673,36.9743626,1.0,NSF|CA|SANTA CRUZ,06087,Santa Cruz,source_coordinate_within_county
1758795,Pennsylvania State Univ University Park,PA,College township,-77.8710571,40.8128971,0.333333333333,NSF|PA|UNIVERSITY PARK,42027,Centre,source_coordinate_within_county
1759071,University of Minnesota-Twin Cities,MN,Minneapolis city,-93.2654692,44.9772995,0.333333333333,NSF|MN|MINNEAPOLIS,27053,Hennepin,source_coordinate_within_county
1758854,Gustavus Adolphus College,MN,St. Peter city,-93.9585295,44.3238384,0.333333333333,NSF|MN|SAINT PETER,27103,Nicollet,source_coordinate_within_county
1558658,Stanford University,CA,Stanford CDP,-122.1702445,37.427467,1.0,NSF|CA|STANFORD,06085,Santa Clara,source_coordinate_within_county
1632207,Washington State University,WA,Pullman city,-117.1799363,46.7295818,0.5,NSF|WA|PULLMAN,53075,Whitman,source_coordinate_within_county
1559117,University of California-Santa Cruz,CA,Santa Cruz city,-122.0294673,36.9743626,1.0,NSF|CA|SANTA CRUZ,06087,Santa Cruz,source_coordinate_within_county
1639342,Michigan Technological University,MI,Houghton city,-88.569012,47.121872,1.0,NSF|MI|HOUGHTON,26061,Houghton,source_coordinate_within_county
1644691,University of Maine,ME,Orono CDP,-68.672791,44.883607,1.0,NSF|ME|ORONO,23019,Penobscot,source_coordinate_within_county
1727039,University of California-San Diego Scripps Inst of Oceanography,CA,San Diego city,-117.2740777,32.8401623,1.0,NSF|CA|LA JOLLA,06073,San Diego,source_coordinate_within_county
1605524,University of Kansas Center for Research Inc,KS,Lawrence city,-95.2359403,38.9719137,1.0,NSF|KS|LAWRENCE,20045,Douglas,source_coordinate_within_county
1635797,University of California-Irvine,CA,Irvine city,-117.825981,33.6856969,0.5,NSF|CA|IRVINE,06059,Orange,source_coordinate_within_county
1634748,Mississippi State University,MS,Mississippi State CDP,-88.7943232,33.4386876,0.5,NSF|MS|MISSISSIPPI STATE,28105,Oktibbeha,source_coordinate_within_county
1664710,Arizona State University,AZ,Scottsdale city,-111.926018,33.4942189,0.5,NSF|AZ|SCOTTSDALE,04013,Maricopa,source_coordinate_within_county
1664669,Stanford University,CA,Stanford CDP,-122.1702445,37.427467,0.5,NSF|CA|STANFORD,06085,Santa Clara,source_coordinate_within_county
1722498,Colorado School of Mines,CO,Golden city,-105.22058,39.7546349,1.0,NSF|CO|GOLDEN,08059,Jefferson,source_coordinate_within_county
1760009,SUNY at Stony Brook,NY,Stony Brook CDP,-73.140943,40.9256538,1.0,NSF|NY|STONY BROOK,36103,Suffolk,source_coordinate_within_county
1755078,Indiana University,IN,Bloomington city,-86.5342881,39.1670396,1.0,NSF|IN|BLOOMINGTON,18105,Monroe,source_coordinate_within_county
1835576,Massachusetts Institute of Technology,MA,Cambridge city,-71.1040018,42.3656347,0.5,NSF|MA|CAMBRIDGE,25017,Middlesex,source_coordinate_within_county
1906071,Tulane University,LA,New Orleans city,-90.0733934,29.9561422,0.5,NSF|LA|NEW ORLEANS,22071,Orleans,source_coordinate_within_county
1906114,Coastal Carolina University,SC,Conway city,-79.0478143,33.8360035,0.5,NSF|SC|CONWAY,45051,Horry,source_coordinate_within_county
1835860,California Institute of Technology,CA,Pasadena city,-118.144155,34.1476507,0.5,NSF|CA|PASADENA,06037,Los Angeles,source_coordinate_within_county
1903231,University of Colorado at Denver,CO,Aurora city,-104.8733376,39.7401441,0.142857142857,NSF|CO|AURORA,08005,Arapahoe,source_coordinate_within_county
1829796,University of Washington,WA,Seattle city,-122.330062,47.6038321,1.0,NSF|WA|SEATTLE,53033,King,source_coordinate_within_county
1803995,University of Arizona,AZ,Tucson city,-110.974847,32.2228765,1.0,NSF|AZ|TUCSON,04019,Pima,source_coordinate_within_county
1820883,University of Alaska Fairbanks Campus,AK,Fairbanks city,-147.716675,64.837845,1.0,NSF|AK|FAIRBANKS,02090,Fairbanks North Star,source_coordinate_within_county
1829393,Florida Institute of Technology,FL,Melbourne city,-80.6077908,28.0785034,1.0,NSF|FL|MELBOURNE,12009,Brevard,source_coordinate_within_county
1804243,"Nevada System of Higher Education, Desert Research Institute",NV,Reno city,-119.812658,39.5261788,1.0,NSF|NV|RENO,32031,Washoe,source_coordinate_within_county
1806287,Michigan Technological University,MI,Houghton city,-88.569012,47.121872,0.333333333333,NSF|MI|HOUGHTON,26061,Houghton,source_coordinate_within_county
1806213,University of Alaska Fairbanks Campus,AK,Fairbanks city,-147.716675,64.837845,0.333333333333,NSF|AK|FAIRBANKS,02090,Fairbanks North Star,source_coordinate_within_county
1805617,Indiana University,IN,Bloomington city,-86.5342881,39.1670396,0.333333333333,NSF|IN|BLOOMINGTON,18105,Monroe,source_coordinate_within_county
1805959,University of Alabama Tuscaloosa,AL,Tuscaloosa city,-87.5675258,33.2095614,0.333333333333,NSF|AL|TUSCALOOSA,01125,Tuscaloosa,source_coordinate_within_county
1806202,University of Wyoming,WY,Laramie city,-105.5917876,41.3116442,0.333333333333,NSF|WY|LARAMIE,56001,Albany,source_coordinate_within_county
1805276,Regents of the University of Idaho,ID,Moscow city,-117.000165,46.7323875,0.333333333333,NSF|ID|MOSCOW,16057,Latah,source_coordinate_within_county
1759879,University of Delaware,DE,Newark city,-75.7515682,39.6828358,1.0,NSF|DE|NEWARK,10003,New Castle,source_coordinate_within_county
1836410,University of New Mexico,NM,Albuquerque city,-106.650985,35.0841034,1.0,NSF|NM|ALBUQUERQUE,35001,Bernalillo,source_coordinate_within_county
1743643,Montclair State University,NJ,Montclair township,-74.2210643,40.8164458,1.0,NSF|NJ|MONTCLAIR,34013,Essex,source_coordinate_within_county
1725266,Smits Adrianne P,WA,Seattle city,-122.330062,47.6038321,1.0,NSF|WA|SEATTLE,53033,King,source_coordinate_within_county
1826924,University of Puerto Rico-Rio Piedras,PR,San Juan zona urbana,-66.116666,18.465299,1.0,NSF|PR|SAN JUAN,72127,San Juan,source_coordinate_within_county
1749986,Massachusetts Institute of Technology,MA,Cambridge city,-71.1040018,42.3656347,1.0,NSF|MA|CAMBRIDGE,25017,Middlesex,source_coordinate_within_county
1834739,Woods Hole Oceanographic Institution,MA,Woods Hole CDP,-70.6694015,41.5238752,0.333333333333,NSF|MA|WOODS HOLE,25001,Barnstable,source_coordinate_within_county
1856048,Woods Hole Oceanographic Institution,MA,Woods Hole CDP,-70.6694015,41.5238752,1.0,NSF|MA|WOODS HOLE,25001,Barnstable,source_coordinate_within_county
1742944,University of Chicago,IL,Chicago city,-87.6244212,41.8755616,1.0,NSF|IL|CHICAGO,17031,Cook,source_coordinate_within_county
1737706,Portland State University,OR,Portland city,-122.674194,45.5202471,0.142857142857,NSF|OR|PORTLAND,41051,Multnomah,source_coordinate_within_county
1757887,Louisiana Universities Marine Consortium,LA,Chauvin CDP,-90.5953651,29.4385529,1.0,NSF|LA|CHAUVIN,22109,Terrebonne,source_coordinate_within_county
1737716,SUNY at Buffalo,NY,Amherst town,-78.7997616,42.9783924,0.5,NSF|NY|AMHERST,36029,Erie,source_coordinate_within_county
1737413,Regents of the University of Idaho,ID,Moscow city,-117.000165,46.7323875,0.142857142857,NSF|ID|MOSCOW,16057,Latah,source_coordinate_within_county
1737750,University of Alaska Fairbanks Campus,AK,Fairbanks city,-147.716675,64.837845,0.5,NSF|AK|FAIRBANKS,02090,Fairbanks North Star,source_coordinate_within_county
1737170,Louisiana State University,LA,Baton Rouge city,-91.1869659,30.4494155,1.0,NSF|LA|BATON ROUGE,22033,East Baton Rouge,source_coordinate_within_county
1737166,University of Alaska Fairbanks Campus,AK,Fairbanks city,-147.716675,64.837845,0.142857142857,NSF|AK|FAIRBANKS,02090,Fairbanks North Star,source_coordinate_within_county
1737387,University of Alaska Southeast Juneau Campus,AK,Juneau city and borough,-134.4196751,58.3019613,0.142857142857,NSF|AK|JUNEAU,02110,Juneau,source_coordinate_within_county
1737207,Texas A&M University Corpus Christi,TX,Corpus Christi city,-97.4033191,27.7635302,1.0,NSF|TX|CORPUS CHRISTI,48355,Nueces,source_coordinate_within_county
1736778,University of Florida,FL,Gainesville city,-82.3249846,29.6519684,0.142857142857,NSF|FL|GAINESVILLE,12001,Alachua,source_coordinate_within_county
1622295,George Mason University,VA,Fairfax city,-77.3063733,38.8462236,1.0,NSF|VA|FAIRFAX,51600,Fairfax,source_coordinate_within_county
1607348,Columbia University,NY,New York city,-74.0060152,40.7127281,1.0,NSF|NY|NEW YORK,36061,New York,source_coordinate_within_county
1628674,University of Illinois at Urbana-Champaign,IL,Urbana city,-88.207301,40.1117174,1.0,NSF|IL|URBANA,17019,Champaign,source_coordinate_within_county
1637450,University of California-San Diego Scripps Inst of Oceanography,CA,San Diego city,-117.2740777,32.8401623,1.0,NSF|CA|LA JOLLA,06073,San Diego,source_coordinate_within_county
1552232,University of Oregon Eugene,OR,Eugene city,-123.0950506,44.0505054,1.0,NSF|OR|EUGENE,41039,Lane,source_coordinate_within_county
1623461,University of Alaska Fairbanks Campus,AK,Fairbanks city,-147.716675,64.837845,1.0,NSF|AK|FAIRBANKS,02090,Fairbanks North Star,source_coordinate_within_county
1638543,Aerodyne Research Inc,MA,Billerica town,-71.268947,42.5584264,1.0,NSF|MA|BILLERICA,25017,Middlesex,source_coordinate_within_county
1603452,University of Florida,FL,Gainesville city,-82.3249846,29.6519684,1.0,NSF|FL|GAINESVILLE,12001,Alachua,source_coordinate_within_county
1719918,Drexel University,PA,Philadelphia city,-75.1635262,39.9527237,1.0,NSF|PA|PHILADELPHIA,42101,Philadelphia,source_coordinate_within_county
1560844,North Carolina State University,NC,Raleigh city,-78.6390989,35.7803977,1.0,NSF|NC|RALEIGH,37183,Wake,source_coordinate_within_county
1635989,Northeastern University,MA,Boston city,-71.0578303,42.3588336,1.0,NSF|MA|BOSTON,25025,Suffolk,source_coordinate_within_county
1632348,University of New Hampshire,NH,Durham CDP,-70.9177186,43.1214141,0.5,NSF|NH|DURHAM,33017,Strafford,source_coordinate_within_county
1635798,William Marsh Rice University,TX,Houston city,-95.3676974,29.7589382,0.5,NSF|TX|HOUSTON,48201,Harris,source_coordinate_within_county
1635913,Oregon State University,OR,Corvallis city,-123.2620435,44.5645659,0.5,NSF|OR|CORVALLIS,41003,Benton,source_coordinate_within_county
1614315,Colorado State University,CO,Fort Collins city,-105.0770113,40.5871782,1.0,NSF|CO|FORT COLLINS,08069,Larimer,source_coordinate_within_county
1623748,University of California-San Diego Scripps Inst of Oceanography,CA,San Diego city,-117.2740777,32.8401623,1.0,NSF|CA|LA JOLLA,06073,San Diego,source_coordinate_within_county
1632798,Colorado State University,CO,Fort Collins city,-105.0770113,40.5871782,1.0,NSF|CO|FORT COLLINS,08069,Larimer,source_coordinate_within_county
1543245,University of Rhode Island,RI,Kingston CDP,-71.5227103,41.4801166,1.0,NSF|RI|KINGSTON,44009,Washington,source_coordinate_within_county
1638402,University of California-Davis,CA,Davis city,-121.739005,38.5435526,1.0,NSF|CA|DAVIS,06113,Yolo,source_coordinate_within_county
1566450,Appalachian State University,NC,Boone town,-81.684004,36.2187873,1.0,NSF|NC|BOONE,37189,Watauga,source_coordinate_within_county
1602512,University of Minnesota-Twin Cities,MN,Minneapolis city,-93.2654692,44.9772995,0.5,NSF|MN|MINNEAPOLIS,27053,Hennepin,source_coordinate_within_county
1640960,Saint Lawrence University,NY,Canton village,-75.1690942,44.5956163,1.0,NSF|NY|CANTON,36089,St. Lawrence,source_coordinate_within_county
1559180,University of Connecticut,CT,Storrs CDP,-72.2495231,41.8084314,0.5,NSF|CT|STORRS,09110,Capitol,source_coordinate_within_county
1543541,H.T. Harvey & Associates,CA,Los Gatos town,-121.9746797,37.226611,1.0,NSF|CA|LOS GATOS,06085,Santa Clara,source_coordinate_within_county
1542962,Columbia University,NY,New York city,-74.0060152,40.7127281,1.0,NSF|NY|NEW YORK,36061,New York,source_coordinate_within_county
1561084,New Mexico Institute of Mining and Technology,NM,Socorro city,-106.8930799,34.0572858,1.0,NSF|NM|SOCORRO,35053,Socorro,source_coordinate_within_county
1522972,Trustees of Boston University,MA,Boston city,-71.0578303,42.3588336,1.0,NSF|MA|BOSTON,25025,Suffolk,source_coordinate_within_county
1523207,Portland State University,OR,Portland city,-122.674194,45.5202471,1.0,NSF|OR|PORTLAND,41051,Multnomah,source_coordinate_within_county
1560908,Dartmouth College,NH,Hanover CDP,-72.2892164,43.7023545,1.0,NSF|NH|HANOVER,33009,Grafton,source_coordinate_within_county
1562713,Colorado State University,CO,Fort Collins city,-105.0770113,40.5871782,1.0,NSF|CO|FORT COLLINS,08069,Larimer,source_coordinate_within_county
1504224,Grand Valley State University,MI,Allendale CDP,-85.9536535,42.9722455,0.333333333333,NSF|MI|ALLENDALE,26139,Ottawa,source_coordinate_within_county
1504381,Florida International University,FL,Miami city,-80.1935973,25.7741566,0.333333333333,NSF|FL|MIAMI,12086,Miami-Dade,source_coordinate_within_county
1504141,University of Alaska Anchorage Campus,AK,Anchorage municipality,-149.894852,61.2163129,0.333333333333,NSF|AK|ANCHORAGE,02020,Anchorage,source_coordinate_within_county
1558343,Woods Hole Oceanographic Institution,MA,Woods Hole CDP,-70.6694015,41.5238752,1.0,NSF|MA|WOODS HOLE,25001,Barnstable,source_coordinate_within_county
1559476,University of Georgia Research Foundation Inc,GA,Athens-Clarke County unified government (balance),-83.376398,33.9597677,0.5,NSF|GA|ATHENS,13059,Clarke,source_coordinate_within_county
1546585,New York University,NY,New York city,-74.0060152,40.7127281,0.5,NSF|NY|NEW YORK,36061,New York,source_coordinate_within_county
1558675,North Carolina State University,NC,Raleigh city,-78.6390989,35.7803977,1.0,NSF|NC|RALEIGH,37183,Wake,source_coordinate_within_county
1504345,University of Texas at El Paso,TX,El Paso city,-106.4870476,31.7601001,1.0,NSF|TX|EL PASO,48141,El Paso,source_coordinate_within_county
1561139,University of Alabama Tuscaloosa,AL,Tuscaloosa city,-87.5675258,33.2095614,1.0,NSF|AL|TUSCALOOSA,01125,Tuscaloosa,source_coordinate_within_county
1559178,North Carolina State University,NC,Raleigh city,-78.6390989,35.7803977,0.5,NSF|NC|RALEIGH,37183,Wake,source_coordinate_within_county
1559105,"The University Corporation, Northridge",CA,Los Angeles city,-118.5369316,34.2345615,1.0,NSF|CA|NORTHRIDGE,06037,Los Angeles,source_coordinate_within_county
1504934,University of Northern Iowa,IA,Cedar Falls city,-92.447758,42.5361805,1.0,NSF|IA|CEDAR FALLS,19013,Black Hawk,source_coordinate_within_county
1558966,Atmospheric and Environmental Research Inc,MA,Lexington CDP,-71.2245003,42.4473175,0.333333333333,NSF|MA|LEXINGTON,25017,Middlesex,source_coordinate_within_county
1566134,Florida State University,FL,Tallahassee city,-84.2809332,30.4380832,0.5,NSF|FL|TALLAHASSEE,12073,Leon,source_coordinate_within_county
1547733,Massachusetts Institute of Technology,MA,Cambridge city,-71.1040018,42.3656347,0.5,NSF|MA|CAMBRIDGE,25017,Middlesex,source_coordinate_within_county
1559286,SUNY at Buffalo,NY,Amherst town,-78.7997616,42.9783924,1.0,NSF|NY|AMHERST,36029,Erie,source_coordinate_within_county
1543230,H.T. Harvey & Associates,CA,Los Gatos town,-121.9746797,37.226611,0.25,NSF|CA|LOS GATOS,06085,Santa Clara,source_coordinate_within_county
1558939,Harvard University,MA,Cambridge city,-71.1040018,42.3656347,0.333333333333,NSF|MA|CAMBRIDGE,25017,Middlesex,source_coordinate_within_county
1543311,University of Minnesota-Twin Cities,MN,Minneapolis city,-93.2654692,44.9772995,0.25,NSF|MN|MINNEAPOLIS,27053,Hennepin,source_coordinate_within_county
1550611,Texas A&M University,TX,College Station city,-96.3455991,30.6183939,1.0,NSF|TX|COLLEGE STATION,48041,Brazos,source_coordinate_within_county
1546743,North Carolina State University,NC,Raleigh city,-78.6390989,35.7803977,1.0,NSF|NC|RALEIGH,37183,Wake,source_coordinate_within_county
1542791,Point Reyes Bird Observatory,CA,Petaluma city,-122.636465,38.2325829,0.25,NSF|CA|PETALUMA,06097,Sonoma,source_coordinate_within_county
1543003,University of Colorado at Boulder,CO,Boulder city,-105.270545,40.0149856,0.25,NSF|CO|BOULDER,08013,Boulder,source_coordinate_within_county
1545623,Dartmouth College,NH,Hanover CDP,-72.2892164,43.7023545,1.0,NSF|NH|HANOVER,33009,Grafton,source_coordinate_within_county
1554846,Cornell University,NY,Ithaca city,-76.4968019,42.4396039,1.0,NSF|NY|ITHACA,36109,Tompkins,source_coordinate_within_county
1606519,Princeton University,NJ,Princeton,-74.6597376,40.3496953,1.0,NSF|NJ|PRINCETON,34021,Mercer,source_coordinate_within_county
1558300,Texas A&M AgriLife Research,TX,College Station city,-96.3455991,30.6183939,1.0,NSF|TX|COLLEGE STATION,48041,Brazos,source_coordinate_within_county
1646708,University of California-Berkeley,CA,Berkeley city,-122.272863,37.8708393,1.0,NSF|CA|BERKELEY,06001,Alameda,source_coordinate_within_county
1612944,Colorado State University,CO,Fort Collins city,-105.0770113,40.5871782,1.0,NSF|CO|FORT COLLINS,08069,Larimer,source_coordinate_within_county
1827517,University of Minnesota-Twin Cities,MN,Minneapolis city,-93.2654692,44.9772995,1.0,NSF|MN|MINNEAPOLIS,27053,Hennepin,source_coordinate_within_county
2413267,Duke University,NC,Durham city,-78.9018053,35.996653,1.0,NSF|NC|DURHAM,37063,Durham,source_coordinate_within_county
2413384,University of Georgia,GA,Athens-Clarke County unified government (balance),-83.376398,33.9597677,1.0,NSF|GA|ATHENS,13059,Clarke,source_coordinate_within_county
1758286,RISQ INC,MA,Boston city,-71.0578303,42.3588336,1.0,NSF|MA|BOSTON,25025,Suffolk,source_coordinate_within_county
1745840,Nikira Labs Inc.,CA,Mountain View city,-122.0832101,37.3893889,1.0,NSF|CA|MOUNTAIN VIEW,06085,Santa Clara,source_coordinate_within_county
1847131,"University of Maryland, College Park",MD,College Park city,-76.9369189,38.980666,0.25,NSF|MD|COLLEGE PARK,24033,Prince George's,source_coordinate_within_county
1848722,University of Louisiana at Lafayette,LA,Lafayette city,-92.0178202,30.2262187,0.25,NSF|LA|LAFAYETTE,22055,Lafayette,source_coordinate_within_county
1856012,Research Foundation CUNY - Advanced Science Research Center,NY,New York city,-74.0060152,40.7127281,1.0,NSF|NY|NEW YORK,36061,New York,source_coordinate_within_county
2023367,University of Florida,FL,Gainesville city,-82.3249846,29.6519684,0.25,NSF|FL|GAINESVILLE,12001,Alachua,source_coordinate_within_county
1848699,University of Arkansas,AR,Fayetteville city,-94.1574328,36.0625843,0.25,NSF|AR|FAYETTEVILLE,05143,Washington,source_coordinate_within_county
1745405,University of California-San Diego Scripps Inst of Oceanography,CA,San Diego city,-117.2740777,32.8401623,0.5,NSF|CA|LA JOLLA,06073,San Diego,source_coordinate_within_county
2054713,University of Oregon Eugene,OR,Eugene city,-123.0950506,44.0505054,0.333333333333,NSF|OR|EUGENE,41039,Lane,source_coordinate_within_county
1951190,Katz Water Technologies,TX,Houston city,-95.3676974,29.7589382,1.0,NSF|TX|HOUSTON,48201,Harris,source_coordinate_within_county
2049929,University of Chicago,IL,Chicago city,-87.6244212,41.8755616,1.0,NSF|IL|CHICAGO,17031,Cook,source_coordinate_within_county
2127357,San Diego State University Foundation,CA,San Diego city,-117.162772,32.7174202,1.0,NSF|CA|SAN DIEGO,06073,San Diego,source_coordinate_within_county
2009103,University of Tennessee Knoxville,TN,Knoxville city,-83.9210261,35.9603948,1.0,NSF|TN|KNOXVILLE,47093,Knox,source_coordinate_within_county
2117118,Cornell University,NY,Ithaca city,-76.4968019,42.4396039,1.0,NSF|NY|ITHACA,36109,Tompkins,source_coordinate_within_county
2038416,Regents of the University of Michigan - Ann Arbor,MI,Ann Arbor city,-83.7484616,42.2813722,0.333333333333,NSF|MI|ANN ARBOR,26161,Washtenaw,source_coordinate_within_county
2031916,Cornell University,NY,Ithaca city,-76.4968019,42.4396039,0.5,NSF|NY|ITHACA,36109,Tompkins,source_coordinate_within_county
2031710,Pennsylvania State Univ University Park,PA,College township,-77.8710571,40.8128971,0.5,NSF|PA|UNIVERSITY PARK,42027,Centre,source_coordinate_within_county
2005057,Georgia Tech Research Corporation,GA,Atlanta city,-84.3898151,33.7544657,0.5,NSF|GA|ATLANTA,13121,Fulton,source_coordinate_within_county
2038775,University of Illinois at Urbana-Champaign,IL,Urbana city,-88.207301,40.1117174,0.333333333333,NSF|IL|URBANA,17019,Champaign,source_coordinate_within_county
2005098,University of Virginia Main Campus,VA,Charlottesville city,-78.4766781,38.029306,0.5,NSF|VA|CHARLOTTESVILLE,51540,Charlottesville,source_coordinate_within_county
2038963,Texas A&M Engineering Experiment Station,TX,College Station city,-96.3455991,30.6183939,0.333333333333,NSF|TX|COLLEGE STATION,48041,Brazos,source_coordinate_within_county
1928048,University of Illinois at Urbana-Champaign,IL,Urbana city,-88.207301,40.1117174,0.5,NSF|IL|URBANA,17019,Champaign,source_coordinate_within_county
1927772,Syracuse University,NY,Syracuse city,-76.1474244,43.0481221,0.5,NSF|NY|SYRACUSE,36067,Onondaga,source_coordinate_within_county
2101885,University of California-Santa Cruz,CA,Santa Cruz city,-122.0294673,36.9743626,1.0,NSF|CA|SANTA CRUZ,06087,Santa Cruz,source_coordinate_within_county
2102989,University of Pennsylvania,PA,Philadelphia city,-75.1635262,39.9527237,0.5,NSF|PA|PHILADELPHIA,42101,Philadelphia,source_coordinate_within_county
2103067,University of Rhode Island,RI,Kingston CDP,-71.5227103,41.4801166,0.5,NSF|RI|KINGSTON,44009,Washington,source_coordinate_within_county
2102193,National Council for Science and the Environment/CEDD,DC,Washington city,-77.0363849,38.8950982,1.0,NSF|DC|WASHINGTON,11001,District of Columbia,source_coordinate_within_county
1559075,University of Vermont & State Agricultural College,VT,Burlington city,-73.212906,44.4761601,0.5,NSF|VT|BURLINGTON,50007,Chittenden,source_coordinate_within_county
2102762,Portland State University,OR,Portland city,-122.674194,45.5202471,1.0,NSF|OR|PORTLAND,41051,Multnomah,source_coordinate_within_county
2023664,University of California-Davis,CA,Davis city,-121.739005,38.5435526,0.25,NSF|CA|DAVIS,06113,Yolo,source_coordinate_within_county
2100393,University of Oregon Eugene,OR,Eugene city,-123.0950506,44.0505054,0.142857142857,NSF|OR|EUGENE,41039,Lane,source_coordinate_within_county
2023649,Florida State University,FL,Tallahassee city,-84.2809332,30.4380832,0.25,NSF|FL|TALLAHASSEE,12073,Leon,source_coordinate_within_county
2023693,University of California-Santa Barbara,CA,Santa Barbara city,-119.702667,34.4221319,0.25,NSF|CA|SANTA BARBARA,06083,Santa Barbara,source_coordinate_within_county
1952914,"Knights, Deon H",OH,Columbus city,-83.0007065,39.9622601,1.0,NSF|OH|COLUMBUS,39049,Franklin,source_coordinate_within_county
2000997,SUNY at Binghamton,NY,Binghamton city,-75.9125187,42.098698,0.5,NSF|NY|BINGHAMTON,36007,Broome,source_coordinate_within_county
2000992,Virginia Polytechnic Institute and State University,VA,Blacksburg town,-80.4136767,37.2296566,0.5,NSF|VA|BLACKSBURG,51121,Montgomery,source_coordinate_within_county
1932844,Portland State University,OR,Portland city,-122.674194,45.5202471,0.5,NSF|OR|PORTLAND,41051,Multnomah,source_coordinate_within_county
1929718,University of Montana,MT,Missoula city,-113.995267,46.8701049,0.5,NSF|MT|MISSOULA,30063,Missoula,source_coordinate_within_county
2002470,University of Maine,ME,Orono CDP,-68.672791,44.883607,1.0,NSF|ME|ORONO,23019,Penobscot,source_coordinate_within_county
1929566,University of Alaska Fairbanks Campus,AK,Fairbanks city,-147.716675,64.837845,0.5,NSF|AK|FAIRBANKS,02090,Fairbanks North Star,source_coordinate_within_county
1932876,Arizona State University,AZ,Scottsdale city,-111.926018,33.4942189,0.5,NSF|AZ|SCOTTSDALE,04013,Maricopa,source_coordinate_within_county
2035080,University of Massachusetts Amherst,MA,Amherst Town city,-72.5198761,42.3731948,1.0,NSF|MA|AMHERST,25015,Hampshire,source_coordinate_within_county
1940473,University of Colorado at Boulder,CO,Boulder city,-105.270545,40.0149856,1.0,NSF|CO|BOULDER,08013,Boulder,source_coordinate_within_county
2023297,University of California-Davis,CA,Davis city,-121.739005,38.5435526,1.0,NSF|CA|DAVIS,06113,Yolo,source_coordinate_within_county
2042928,Yale University,CT,New Haven city,-72.9250518,41.3082138,0.5,NSF|CT|NEW HAVEN,09170,South Central Connecticut,source_coordinate_within_county
1951090,Florida State University,FL,Tallahassee city,-84.2809332,30.4380832,1.0,NSF|FL|TALLAHASSEE,12073,Leon,source_coordinate_within_county
1951767,"University of Maryland, College Park",MD,College Park city,-76.9369189,38.980666,0.5,NSF|MD|COLLEGE PARK,24033,Prince George's,source_coordinate_within_county
1951762,University of Washington,WA,Seattle city,-122.330062,47.6038321,0.5,NSF|WA|SEATTLE,53033,King,source_coordinate_within_county
2054927,Montana State University,MT,Bozeman city,-111.044047,45.6794293,1.0,NSF|MT|BOZEMAN,30031,Gallatin,source_coordinate_within_county
2002431,Tufts University,MA,Medford city,-71.1061639,42.4184296,0.333333333333,NSF|MA|MEDFORD,25017,Middlesex,source_coordinate_within_county
1855154,Perrotti Angelina,WA,Issaquah city,-122.043297,47.5348778,1.0,NSF|WA|ISSAQUAH,53033,King,source_coordinate_within_county
1945286,Central Michigan University,MI,Mount Pleasant city,-84.7668495,43.597646,1.0,NSF|MI|MOUNT PLEASANT,26073,Isabella,source_coordinate_within_county
2002485,Woods Hole Oceanographic Institution,MA,Woods Hole CDP,-70.6694015,41.5238752,0.333333333333,NSF|MA|WOODS HOLE,25001,Barnstable,source_coordinate_within_county
2002437,Rutgers University New Brunswick,NJ,New Brunswick city,-74.4436416,40.4936119,0.333333333333,NSF|NJ|NEW BRUNSWICK,34023,Middlesex,source_coordinate_within_county
2002448,George Mason University,VA,Fairfax city,-77.3063733,38.8462236,1.0,NSF|VA|FAIRFAX,51600,Fairfax,source_coordinate_within_county
1947639,Bigelow Laboratory for Ocean Sciences,ME,Boothbay town,-69.5849926,43.8639881,1.0,NSF|ME|EAST BOOTHBAY,23015,Lincoln,source_coordinate_within_county
1947875,University of Washington,WA,Seattle city,-122.330062,47.6038321,0.5,NSF|WA|SEATTLE,53033,King,source_coordinate_within_county
1947893,George Mason University,VA,Fairfax city,-77.3063733,38.8462236,0.5,NSF|VA|FAIRFAX,51600,Fairfax,source_coordinate_within_county
1931756,University of Arizona,AZ,Tucson city,-110.974847,32.2228765,0.333333333333,NSF|AZ|TUCSON,04019,Pima,source_coordinate_within_county
1936810,University of California-Los Angeles,CA,Los Angeles city,-118.242766,34.0536909,1.0,NSF|CA|LOS ANGELES,06037,Los Angeles,source_coordinate_within_county
1933365,University of Iowa,IA,Iowa City city,-91.5299106,41.6612561,0.333333333333,NSF|IA|IOWA CITY,19103,Johnson,source_coordinate_within_county
2023425,Rutgers University New Brunswick,NJ,New Brunswick city,-74.4436416,40.4936119,1.0,NSF|NJ|NEW BRUNSWICK,34023,Middlesex,source_coordinate_within_county
1933779,University of Kentucky Research Foundation,KY,Lexington-Fayette urban county,-84.4970393,38.0464066,0.333333333333,NSF|KY|LEXINGTON,21067,Fayette,source_coordinate_within_county
1936642,Massachusetts Institute of Technology,MA,Cambridge city,-71.1040018,42.3656347,1.0,NSF|MA|CAMBRIDGE,25017,Middlesex,source_coordinate_within_county
2015311,"University Enterprises, Incorporated",CA,Sacramento city,-121.493895,38.5810606,1.0,NSF|CA|SACRAMENTO,06067,Sacramento,source_coordinate_within_county
1941110,University of Illinois at Urbana-Champaign,IL,Urbana city,-88.207301,40.1117174,1.0,NSF|IL|URBANA,17019,Champaign,source_coordinate_within_county
1919813,Florida Gulf Coast University,FL,Fort Myers city,-81.8723084,26.640628,1.0,NSF|FL|FORT MYERS,12071,Lee,source_coordinate_within_county
1929775,University of Washington,WA,Seattle city,-122.330062,47.6038321,1.0,NSF|WA|SEATTLE,53033,King,source_coordinate_within_county
1927820,Kansas State University,KS,Manhattan city,-96.5716694,39.1836082,0.2,NSF|KS|MANHATTAN,20161,Riley,source_coordinate_within_county
1927840,"OHIO STATE UNIVERSITY, THE",OH,Columbus city,-83.0007065,39.9622601,0.2,NSF|OH|COLUMBUS,39049,Franklin,source_coordinate_within_county
1927793,University of Arkansas,AR,Fayetteville city,-94.1574328,36.0625843,0.2,NSF|AR|FAYETTEVILLE,05143,Washington,source_coordinate_within_county
1934420,Aspen Global Change Institute,CO,Basalt town,-107.032824,39.3688731,1.0,NSF|CO|BASALT,08037,Eagle,source_coordinate_within_county
1928014,Regents of the University of Michigan - Ann Arbor,MI,Ann Arbor city,-83.7484616,42.2813722,0.2,NSF|MI|ANN ARBOR,26161,Washtenaw,source_coordinate_within_county
1903171,University of Arizona,AZ,Tucson city,-110.974847,32.2228765,0.5,NSF|AZ|TUCSON,04019,Pima,source_coordinate_within_county
1903729,University of Wyoming,WY,Laramie city,-105.5917876,41.3116442,1.0,NSF|WY|LARAMIE,56001,Albany,source_coordinate_within_county
1903650,University of Connecticut,CT,Storrs CDP,-72.2495231,41.8084314,1.0,NSF|CT|STORRS,09110,Capitol,source_coordinate_within_county
1903148,Syracuse University,NY,Syracuse city,-76.1474244,43.0481221,0.5,NSF|NY|SYRACUSE,36067,Onondaga,source_coordinate_within_county
1848887,University of Alabama at Birmingham,AL,Birmingham city,-86.8024326,33.5206824,1.0,NSF|AL|BIRMINGHAM,01073,Jefferson,source_coordinate_within_county
1855193,"Wallace, Corey David",OH,Columbus city,-83.0007065,39.9622601,1.0,NSF|OH|COLUMBUS,39049,Franklin,source_coordinate_within_county
2021274,University of Delaware,DE,Newark city,-75.7515682,39.6828358,0.5,NSF|DE|NEWARK,10003,New Castle,source_coordinate_within_county
1923491,Massachusetts Institute of Technology,MA,Cambridge city,-71.1040018,42.3656347,0.5,NSF|MA|CAMBRIDGE,25017,Middlesex,source_coordinate_within_county
1850661,Florida State University,FL,Tallahassee city,-84.2809332,30.4380832,1.0,NSF|FL|TALLAHASSEE,12073,Leon,source_coordinate_within_county
1923478,Stanford University,CA,Stanford CDP,-122.1702445,37.427467,0.5,NSF|CA|STANFORD,06085,Santa Clara,source_coordinate_within_county
1920625,University of Wisconsin-Madison,WI,Madison city,-89.3841663,43.07469,1.0,NSF|WI|MADISON,55025,Dane,source_coordinate_within_county
2013636,University of Maryland Center for Environmental Sciences,MD,Cambridge city,-76.077268,38.5700533,0.5,NSF|MD|CAMBRIDGE,24019,Dorchester,source_coordinate_within_county
1921601,Virginia Polytechnic Institute and State University,VA,Blacksburg town,-80.4136767,37.2296566,0.5,NSF|VA|BLACKSBURG,51121,Montgomery,source_coordinate_within_county
1903607,Indiana State University,IN,Terre Haute city,-87.4139119,39.4667025,0.333333333333,NSF|IN|TERRE HAUTE,18167,Vigo,source_coordinate_within_county
1903710,University of Minnesota Duluth,MN,Duluth city,-92.1052679,46.7838287,0.333333333333,NSF|MN|DULUTH,27137,St. Louis,source_coordinate_within_county
1903628,Indiana University,IN,Bloomington city,-86.5342881,39.1670396,0.333333333333,NSF|IN|BLOOMINGTON,18105,Monroe,source_coordinate_within_county
1937826,Louisiana State University Agricultural Center,LA,Baton Rouge city,-91.1869659,30.4494155,1.0,NSF|LA|BATON ROUGE,22033,East Baton Rouge,source_coordinate_within_county
1848863,Massachusetts Institute of Technology,MA,Cambridge city,-71.1040018,42.3656347,0.5,NSF|MA|CAMBRIDGE,25017,Middlesex,source_coordinate_within_county
1848785,Colorado State University,CO,Fort Collins city,-105.0770113,40.5871782,0.5,NSF|CO|FORT COLLINS,08069,Larimer,source_coordinate_within_county
1846821,University of Chicago,IL,Chicago city,-87.6244212,41.8755616,1.0,NSF|IL|CHICAGO,17031,Cook,source_coordinate_within_county
1902409,Johns Hopkins University,MD,Baltimore city,-76.610759,39.2908816,1.0,NSF|MD|BALTIMORE,24510,Baltimore,source_coordinate_within_county
1836981,University of Colorado at Boulder,CO,Boulder city,-105.270545,40.0149856,1.0,NSF|CO|BOULDER,08013,Boulder,source_coordinate_within_county
1852326,University of Massachusetts Amherst,MA,Amherst Town city,-72.5198761,42.3731948,0.5,NSF|MA|AMHERST,25015,Hampshire,source_coordinate_within_county
1854896,The University of Central Florida Board of Trustees,FL,Orlando city,-81.379045,28.5421218,0.2,NSF|FL|ORLANDO,12095,Orange,source_coordinate_within_county
1851589,University of South Carolina at Columbia,SC,Columbia city,-81.0352313,34.000754,0.5,NSF|SC|COLUMBIA,45079,Richland,source_coordinate_within_county
1852060,University of California-Irvine,CA,Irvine city,-117.825981,33.6856969,0.5,NSF|CA|IRVINE,06059,Orange,source_coordinate_within_county
1926484,Rutgers University New Brunswick,NJ,New Brunswick city,-74.4436416,40.4936119,1.0,NSF|NJ|NEW BRUNSWICK,34023,Middlesex,source_coordinate_within_county
1923649,Arizona State University,AZ,Scottsdale city,-111.926018,33.4942189,1.0,NSF|AZ|SCOTTSDALE,04013,Maricopa,source_coordinate_within_county
1825858,Columbia University,NY,New York city,-74.0060152,40.7127281,1.0,NSF|NY|NEW YORK,36061,New York,source_coordinate_within_county
1841019,Oberlin College,OH,Oberlin city,-82.2173786,41.2939386,1.0,NSF|OH|OBERLIN,39093,Lorain,source_coordinate_within_county
1804512,Massachusetts Institute of Technology,MA,Cambridge city,-71.1040018,42.3656347,1.0,NSF|MA|CAMBRIDGE,25017,Middlesex,source_coordinate_within_county
1923743,University of Pennsylvania,PA,Philadelphia city,-75.1635262,39.9527237,1.0,NSF|PA|PHILADELPHIA,42101,Philadelphia,source_coordinate_within_county
1927861,Georgia Tech Research Corporation,GA,Atlanta city,-84.3898151,33.7544657,0.2,NSF|GA|ATLANTA,13121,Fulton,source_coordinate_within_county
2126524,Florida State University,FL,Tallahassee city,-84.2809332,30.4380832,1.0,NSF|FL|TALLAHASSEE,12073,Leon,source_coordinate_within_county
1853220,Skyven Technologies,TX,Farmers Branch city,-96.8960916,32.9265668,1.0,NSF|TX|FARMERS BRANCH,48113,Dallas,source_coordinate_within_county
2046460,University of Louisiana at Lafayette,LA,Lafayette city,-92.0178202,30.2262187,1.0,NSF|LA|LAFAYETTE,22055,Lafayette,source_coordinate_within_county
2049626,Rutgers University New Brunswick,NJ,New Brunswick city,-74.4436416,40.4936119,1.0,NSF|NJ|NEW BRUNSWICK,34023,Middlesex,source_coordinate_within_county
2102285,Western Colorado University,CO,Gunnison city,-106.9269276,38.5443548,1.0,NSF|CO|GUNNISON,08051,Gunnison,source_coordinate_within_county
2031472,Massachusetts Institute of Technology,MA,Cambridge city,-71.1040018,42.3656347,1.0,NSF|MA|CAMBRIDGE,25017,Middlesex,source_coordinate_within_county
2023155,University of Miami,FL,Coral Gables city,-80.2585107,25.7331105,1.0,NSF|FL|CORAL GABLES,12086,Miami-Dade,source_coordinate_within_county
1761772,Iowa State University,IA,Ames city,-93.6170448,42.0267567,0.333333333333,NSF|IA|AMES,19169,Story,source_coordinate_within_county
1761887,University of Iowa,IA,Iowa City city,-91.5299106,41.6612561,0.333333333333,NSF|IA|IOWA CITY,19103,Johnson,source_coordinate_within_county
2149158,Northeastern University,MA,Boston city,-71.0578303,42.3588336,0.333333333333,NSF|MA|BOSTON,25025,Suffolk,source_coordinate_within_county
2149329,Indiana University,IN,Bloomington city,-86.5342881,39.1670396,0.333333333333,NSF|IN|BLOOMINGTON,18105,Monroe,source_coordinate_within_county
1762039,University of Illinois at Urbana-Champaign,IL,Urbana city,-88.207301,40.1117174,0.333333333333,NSF|IL|URBANA,17019,Champaign,source_coordinate_within_county
2119433,Northwestern University at Chicago,IL,Evanston city,-87.6846053,42.0470043,1.0,NSF|IL|EVANSTON,17031,Cook,source_coordinate_within_county
2129137,"The University Corporation, Northridge",CA,Los Angeles city,-118.5369316,34.2345615,1.0,NSF|CA|NORTHRIDGE,06037,Los Angeles,source_coordinate_within_county
2136505,"SYNC, INC.",AL,Birmingham city,-86.8024326,33.5206824,1.0,NSF|AL|BIRMINGHAM,01073,Jefferson,source_coordinate_within_county
2134375,Florida International University,FL,Miami city,-80.1935973,25.7741566,1.0,NSF|FL|MIAMI,12086,Miami-Dade,source_coordinate_within_county
2112419,COMON SOLUTIONS LLC,CA,Pacific Grove city,-121.917794,36.6211149,1.0,NSF|CA|PACIFIC GROVE,06053,Monterey,source_coordinate_within_county
2044760,Colorado State University,CO,Fort Collins city,-105.0770113,40.5871782,1.0,NSF|CO|FORT COLLINS,08069,Larimer,source_coordinate_within_county
2123699,Purdue University,IN,West Lafayette city,-86.9080655,40.4258686,1.0,NSF|IN|WEST LAFAYETTE,18157,Tippecanoe,source_coordinate_within_county
1947009,Michigan State University,MI,East Lansing city,-84.4721678,42.7320307,0.333333333333,NSF|MI|EAST LANSING,26065,Ingham,source_coordinate_within_county
1928813,University of North Carolina at Charlotte,NC,Charlotte city,-80.8430827,35.2272086,0.333333333333,NSF|NC|CHARLOTTE,37119,Mecklenburg,source_coordinate_within_county
1901713,University of California-San Diego,CA,San Diego city,-117.2740777,32.8401623,1.0,NSF|CA|LA JOLLA,06073,San Diego,source_coordinate_within_county
1928825,Iowa State University,IA,Ames city,-93.6170448,42.0267567,0.333333333333,NSF|IA|AMES,19169,Story,source_coordinate_within_county
1931641,Indiana University,IN,Bloomington city,-86.5342881,39.1670396,1.0,NSF|IN|BLOOMINGTON,18105,Monroe,source_coordinate_within_county
1932129,Washington State University,WA,Pullman city,-117.1799363,46.7295818,1.0,NSF|WA|PULLMAN,53075,Whitman,source_coordinate_within_county
1845093,Regents of the University of Michigan - Ann Arbor,MI,Ann Arbor city,-83.7484616,42.2813722,1.0,NSF|MI|ANN ARBOR,26161,Washtenaw,source_coordinate_within_county
2020024,Colby College,ME,Waterville city,-69.6303174,44.5505773,1.0,NSF|ME|WATERVILLE,23011,Kennebec,source_coordinate_within_county
2033855,University of Wyoming,WY,Laramie city,-105.5917876,41.3116442,0.333333333333,NSF|WY|LARAMIE,56001,Albany,source_coordinate_within_county
1948154,Duke University,NC,Durham city,-78.9018053,35.996653,0.333333333333,NSF|NC|DURHAM,37063,Durham,source_coordinate_within_county
2026311,University of Georgia Research Foundation Inc,GA,Athens-Clarke County unified government (balance),-83.376398,33.9597677,1.0,NSF|GA|ATHENS,13059,Clarke,source_coordinate_within_county
1948850,Appalachian State University,NC,Boone town,-81.684004,36.2187873,0.333333333333,NSF|NC|BOONE,37189,Watauga,source_coordinate_within_county
2427579,"Patel, Dhruvit",DC,Washington city,-77.0363849,38.8950982,1.0,NSF|DC|WASHINGTON,11001,District of Columbia,source_coordinate_within_county
2403765,"Kalashnikov, Dmitri Alexander",WA,Vancouver city,-122.6744557,45.6306954,1.0,NSF|WA|VANCOUVER,53011,Clark,source_coordinate_within_county
2235390,National Academy of Sciences,DC,Washington city,-77.0363849,38.8950982,1.0,NSF|DC|WASHINGTON,11001,District of Columbia,source_coordinate_within_county
2148184,University of Colorado at Boulder,CO,Boulder city,-105.270545,40.0149856,1.0,NSF|CO|BOULDER,08013,Boulder,source_coordinate_within_county
2224086,University of California-Berkeley,CA,Berkeley city,-122.272863,37.8708393,1.0,NSF|CA|BERKELEY,06001,Alameda,source_coordinate_within_county
2149223,Yale University,CT,New Haven city,-72.9250518,41.3082138,0.333333333333,NSF|CT|NEW HAVEN,09170,South Central Connecticut,source_coordinate_within_county
2149224,Vanderbilt University,TN,Nashville-Davidson metropolitan government (balance),-86.7742984,36.1622767,0.333333333333,NSF|TN|NASHVILLE,47037,Davidson,source_coordinate_within_county
2149435,Cornell University,NY,Ithaca city,-76.4968019,42.4396039,1.0,NSF|NY|ITHACA,36109,Tompkins,source_coordinate_within_county
2525905,Stanford University,CA,Stanford CDP,-122.1702445,37.427467,0.333333333333,NSF|CA|STANFORD,06085,Santa Clara,source_coordinate_within_county
2342842,Lehigh University,PA,Bethlehem city,-75.3786521,40.6178915,1.0,NSF|PA|BETHLEHEM,42095,Northampton,source_coordinate_within_county
2417903,Arizona State University,AZ,Scottsdale city,-111.926018,33.4942189,1.0,NSF|AZ|SCOTTSDALE,04013,Maricopa,source_coordinate_within_county
2334097,Northwestern University,IL,Evanston city,-87.6846053,42.0470043,1.0,NSF|IL|EVANSTON,17031,Cook,source_coordinate_within_county
2302785,University of Chicago,IL,Chicago city,-87.6244212,41.8755616,1.0,NSF|IL|CHICAGO,17031,Cook,source_coordinate_within_county
2243860,Kennesaw State University Research and Service Foundation,GA,Kennesaw city,-84.6154897,34.0234337,1.0,NSF|GA|KENNESAW,13067,Cobb,source_coordinate_within_county
2242263,Harvard University,MA,Cambridge city,-71.1040018,42.3656347,1.0,NSF|MA|CAMBRIDGE,25017,Middlesex,source_coordinate_within_county
2344205,Gordon Research Conferences,RI,East Greenwich town,-71.4558911,41.6603788,1.0,NSF|RI|EAST GREENWICH,44003,Kent,source_coordinate_within_county
2246411,Gordon Research Conferences,RI,East Greenwich town,-71.4558911,41.6603788,1.0,NSF|RI|EAST GREENWICH,44003,Kent,source_coordinate_within_county
2238051,West Virginia University Research Corporation,WV,Morgantown city,-79.9559437,39.6296809,1.0,NSF|WV|MORGANTOWN,54061,Monongalia,source_coordinate_within_county
2500969,Florida Atlantic University,FL,Boca Raton city,-80.0830984,26.3586885,0.5,NSF|FL|BOCA RATON,12099,Palm Beach,source_coordinate_within_county
2238414,Temple University,PA,Philadelphia city,-75.1635262,39.9527237,1.0,NSF|PA|PHILADELPHIA,42101,Philadelphia,source_coordinate_within_county
2228427,Washington State University,WA,Pullman city,-117.1799363,46.7295818,0.5,NSF|WA|PULLMAN,53075,Whitman,source_coordinate_within_county
2228251,Texas A&M University,TX,College Station city,-96.3455991,30.6183939,0.5,NSF|TX|COLLEGE STATION,48041,Brazos,source_coordinate_within_county
2500968,Texas A&M University,TX,College Station city,-96.3455991,30.6183939,0.5,NSF|TX|COLLEGE STATION,48041,Brazos,source_coordinate_within_county
2502554,University of California-Berkeley,CA,Berkeley city,-122.272863,37.8708393,0.25,NSF|CA|BERKELEY,06001,Alameda,source_coordinate_within_county
2336328,Columbia University,NY,New York city,-74.0060152,40.7127281,1.0,NSF|NY|NEW YORK,36061,New York,source_coordinate_within_county
2409879,"University of Maryland, College Park",MD,College Park city,-76.9369189,38.980666,1.0,NSF|MD|COLLEGE PARK,24033,Prince George's,source_coordinate_within_county
2340946,Pennsylvania State Univ University Park,PA,College township,-77.8710571,40.8128971,1.0,NSF|PA|UNIVERSITY PARK,42027,Centre,source_coordinate_within_county
2317873,University of Oregon Eugene,OR,Eugene city,-123.0950506,44.0505054,1.0,NSF|OR|EUGENE,41039,Lane,source_coordinate_within_county
2305325,"Hixon, Sean W",OR,Eugene city,-123.0950506,44.0505054,1.0,NSF|OR|EUGENE,41039,Lane,source_coordinate_within_county
2419995,University of New Mexico,NM,Albuquerque city,-106.650985,35.0841034,0.5,NSF|NM|ALBUQUERQUE,35001,Bernalillo,source_coordinate_within_county
2205892,Arizona State University,AZ,Scottsdale city,-111.926018,33.4942189,1.0,NSF|AZ|SCOTTSDALE,04013,Maricopa,source_coordinate_within_county
2348548,University of Florida,FL,Gainesville city,-82.3249846,29.6519684,1.0,NSF|FL|GAINESVILLE,12001,Alachua,source_coordinate_within_county
2205794,University of Kansas Center for Research Inc,KS,Lawrence city,-95.2359403,38.9719137,1.0,NSF|KS|LAWRENCE,20045,Douglas,source_coordinate_within_county
2116571,University of Arkansas,AR,Fayetteville city,-94.1574328,36.0625843,1.0,NSF|AR|FAYETTEVILLE,05143,Washington,source_coordinate_within_county
2201653,Columbia University,NY,New York city,-74.0060152,40.7127281,1.0,NSF|NY|NEW YORK,36061,New York,source_coordinate_within_county
2222091,Texas A&M University,TX,College Station city,-96.3455991,30.6183939,0.333333333333,NSF|TX|COLLEGE STATION,48041,Brazos,source_coordinate_within_county
2126514,Woods Hole Oceanographic Institution,MA,Woods Hole CDP,-70.6694015,41.5238752,1.0,NSF|MA|WOODS HOLE,25001,Barnstable,source_coordinate_within_county
2127684,Columbia University,NY,New York city,-74.0060152,40.7127281,1.0,NSF|NY|NEW YORK,36061,New York,source_coordinate_within_county
2048678,Woods Hole Oceanographic Institution,MA,Woods Hole CDP,-70.6694015,41.5238752,0.5,NSF|MA|WOODS HOLE,25001,Barnstable,source_coordinate_within_county
2123372,"Smyth, Jane E",NJ,Princeton,-74.6597376,40.3496953,1.0,NSF|NJ|PRINCETON,34021,Mercer,source_coordinate_within_county
2127861,University of Colorado at Boulder,CO,Boulder city,-105.270545,40.0149856,1.0,NSF|CO|BOULDER,08013,Boulder,source_coordinate_within_county
2048589,Trustees of Boston University,MA,Boston city,-71.0578303,42.3588336,0.5,NSF|MA|BOSTON,25025,Suffolk,source_coordinate_within_county
2112314,Columbia University,NY,New York city,-74.0060152,40.7127281,1.0,NSF|NY|NEW YORK,36061,New York,source_coordinate_within_county
2154295,Stevens Institute of Technology,NJ,Hoboken city,-74.0323752,40.7433066,0.5,NSF|NJ|HOBOKEN,34017,Hudson,source_coordinate_within_county
2109946,University of Texas at El Paso,TX,El Paso city,-106.4870476,31.7601001,1.0,NSF|TX|EL PASO,48141,El Paso,source_coordinate_within_county
2034999,William Marsh Rice University,TX,Houston city,-95.3676974,29.7589382,1.0,NSF|TX|HOUSTON,48201,Harris,source_coordinate_within_county
2011285,University of California-Santa Cruz,CA,Santa Cruz city,-122.0294673,36.9743626,0.5,NSF|CA|SANTA CRUZ,06087,Santa Cruz,source_coordinate_within_county
2103081,Washington University,MO,St. Louis city,-90.190009,38.6254063,1.0,NSF|MO|SAINT LOUIS,29510,St. Louis,source_coordinate_within_county
2011454,CUNY College of Staten Island,NY,New York city,-74.1496048,40.5834557,0.5,NSF|NY|STATEN ISLAND,36085,Richmond,source_coordinate_within_county
2114657,"Cluett, Allison A",VT,Jericho village,-72.9979302,44.5043797,1.0,NSF|VT|JERICHO,50007,Chittenden,source_coordinate_within_county
2053009,"Dunne, Kieran Bernard Jiamin",PA,Philadelphia city,-75.1635262,39.9527237,1.0,NSF|PA|PHILADELPHIA,42101,Philadelphia,source_coordinate_within_county
2114810,SUNY at Stony Brook,NY,Stony Brook CDP,-73.140943,40.9256538,0.5,NSF|NY|STONY BROOK,36103,Suffolk,source_coordinate_within_county
2114786,Indiana University of Pennsylvania Research Institute,PA,Indiana borough,-79.1546786,40.6229748,0.5,NSF|PA|INDIANA,42063,Indiana,source_coordinate_within_county
2128617,Massachusetts Institute of Technology,MA,Cambridge city,-71.1040018,42.3656347,1.0,NSF|MA|CAMBRIDGE,25017,Middlesex,source_coordinate_within_county
2103084,University of Miami,FL,Coral Gables city,-80.2585107,25.7331105,1.0,NSF|FL|CORAL GABLES,12086,Miami-Dade,source_coordinate_within_county
2144406,Purdue University,IN,West Lafayette city,-86.9080655,40.4258686,1.0,NSF|IN|WEST LAFAYETTE,18157,Tippecanoe,source_coordinate_within_county
2102917,"Nevada System of Higher Education, Desert Research Institute",NV,Reno city,-119.812658,39.5261788,1.0,NSF|NV|RENO,32031,Washoe,source_coordinate_within_county
2109005,Regents of the University of Idaho,ID,Moscow city,-117.000165,46.7323875,1.0,NSF|ID|MOSCOW,16057,Latah,source_coordinate_within_county
2106190,Woods Hole Oceanographic Institution,MA,Woods Hole CDP,-70.6694015,41.5238752,1.0,NSF|MA|WOODS HOLE,25001,Barnstable,source_coordinate_within_county
2117987,Hawaii Pacific University,HI,Urban Honolulu CDP,-157.855676,21.304547,1.0,NSF|HI|HONOLULU,15003,Honolulu,source_coordinate_within_county
2110243,University of Florida,FL,Gainesville city,-82.3249846,29.6519684,1.0,NSF|FL|GAINESVILLE,12001,Alachua,source_coordinate_within_county
2102919,University of Minnesota-Twin Cities,MN,Minneapolis city,-93.2654692,44.9772995,1.0,NSF|MN|MINNEAPOLIS,27053,Hennepin,source_coordinate_within_county
2114630,Utah State University,UT,Logan city,-111.834914,41.7313063,0.5,NSF|UT|LOGAN,49005,Cache,source_coordinate_within_county
2114634,Columbia University,NY,New York city,-74.0060152,40.7127281,0.5,NSF|NY|NEW YORK,36061,New York,source_coordinate_within_county
2103714,California Institute of Technology,CA,Pasadena city,-118.144155,34.1476507,1.0,NSF|CA|PASADENA,06037,Los Angeles,source_coordinate_within_county
2025795,Emory University,GA,Atlanta city,-84.3898151,33.7544657,1.0,NSF|GA|ATLANTA,13121,Fulton,source_coordinate_within_county
2042672,Princeton University,NJ,Princeton,-74.6597376,40.3496953,1.0,NSF|NJ|PRINCETON,34021,Mercer,source_coordinate_within_county
2025764,University of Alaska Southeast Juneau Campus,AK,Juneau city and borough,-134.4196751,58.3019613,1.0,NSF|AK|JUNEAU,02110,Juneau,source_coordinate_within_county
2127775,Virginia Polytechnic Institute and State University,VA,Blacksburg town,-80.4136767,37.2296566,1.0,NSF|VA|BLACKSBURG,51121,Montgomery,source_coordinate_within_county
2032542,Florida State University,FL,Tallahassee city,-84.2809332,30.4380832,0.5,NSF|FL|TALLAHASSEE,12073,Leon,source_coordinate_within_county
2053726,University of California-Santa Barbara,CA,Santa Barbara city,-119.702667,34.4221319,1.0,NSF|CA|SANTA BARBARA,06083,Santa Barbara,source_coordinate_within_county
2043272,Iowa State University,IA,Ames city,-93.6170448,42.0267567,0.333333333333,NSF|IA|AMES,19169,Story,source_coordinate_within_county
2043282,University of Hawaii,HI,Urban Honolulu CDP,-157.855676,21.304547,0.333333333333,NSF|HI|HONOLULU,15003,Honolulu,source_coordinate_within_county
2046367,Virginia Polytechnic Institute and State University,VA,Blacksburg town,-80.4136767,37.2296566,1.0,NSF|VA|BLACKSBURG,51121,Montgomery,source_coordinate_within_county
2032532,Georgia Tech Research Corporation,GA,Atlanta city,-84.3898151,33.7544657,0.5,NSF|GA|ATLANTA,13121,Fulton,source_coordinate_within_county
2048590,University of California-San Diego Scripps Inst of Oceanography,CA,San Diego city,-117.2740777,32.8401623,0.5,NSF|CA|LA JOLLA,06073,San Diego,source_coordinate_within_county
2048576,New York University,NY,New York city,-74.0060152,40.7127281,0.5,NSF|NY|NEW YORK,36061,New York,source_coordinate_within_county
2039234,University of Rochester,NY,Rochester city,-77.615214,43.157285,0.5,NSF|NY|ROCHESTER,36055,Monroe,source_coordinate_within_county
2043142,Columbia University,NY,New York city,-74.0060152,40.7127281,0.333333333333,NSF|NY|NEW YORK,36061,New York,source_coordinate_within_county
2032211,"Rivera-Rios, Jean C",GA,Atlanta city,-84.3898151,33.7544657,1.0,NSF|GA|ATLANTA,13121,Fulton,source_coordinate_within_county
2039276,University of Alaska Fairbanks Campus,AK,Fairbanks city,-147.716675,64.837845,0.5,NSF|AK|FAIRBANKS,02090,Fairbanks North Star,source_coordinate_within_county
2050345,University of Virginia Main Campus,VA,Charlottesville city,-78.4766781,38.029306,0.5,NSF|VA|CHARLOTTESVILLE,51540,Charlottesville,source_coordinate_within_county
2050129,Carleton College,MN,Northfield city,-93.161159,44.4582041,1.0,NSF|MN|NORTHFIELD,27131,Rice,source_coordinate_within_county
2050273,University of Washington,WA,Seattle city,-122.330062,47.6038321,0.5,NSF|WA|SEATTLE,53033,King,source_coordinate_within_county
2034232,Oregon State University,OR,Corvallis city,-123.2620435,44.5645659,0.5,NSF|OR|CORVALLIS,41003,Benton,source_coordinate_within_county
2034214,Pennsylvania State Univ University Park,PA,College township,-77.8710571,40.8128971,0.5,NSF|PA|UNIVERSITY PARK,42027,Centre,source_coordinate_within_county
2334370,Arizona State University,AZ,Scottsdale city,-111.926018,33.4942189,1.0,NSF|AZ|SCOTTSDALE,04013,Maricopa,source_coordinate_within_county
2420364,University of California-Berkeley,CA,Berkeley city,-122.272863,37.8708393,0.333333333333,NSF|CA|BERKELEY,06001,Alameda,source_coordinate_within_county
2247351,Arizona State University,AZ,Scottsdale city,-111.926018,33.4942189,1.0,NSF|AZ|SCOTTSDALE,04013,Maricopa,source_coordinate_within_county
2240858,Arizona State University,AZ,Scottsdale city,-111.926018,33.4942189,1.0,NSF|AZ|SCOTTSDALE,04013,Maricopa,source_coordinate_within_county
2315257,University of California-San Diego,CA,San Diego city,-117.2740777,32.8401623,1.0,NSF|CA|LA JOLLA,06073,San Diego,source_coordinate_within_county
2212767,EARTHSHOT Labs PBC,CA,Sebastopol city,-122.824222,38.4021038,1.0,NSF|CA|SEBASTOPOL,06097,Sonoma,source_coordinate_within_county
2226162,University of Chicago,IL,Chicago city,-87.6244212,41.8755616,1.0,NSF|IL|CHICAGO,17031,Cook,source_coordinate_within_county
2213894,University of Connecticut,CT,Storrs CDP,-72.2495231,41.8084314,1.0,NSF|CT|STORRS,09110,Capitol,source_coordinate_within_county
2231454,SUNY at Stony Brook,NY,Stony Brook CDP,-73.140943,40.9256538,1.0,NSF|NY|STONY BROOK,36103,Suffolk,source_coordinate_within_county
2228351,University of Wisconsin-Madison,WI,Madison city,-89.3841663,43.07469,1.0,NSF|WI|MADISON,55025,Dane,source_coordinate_within_county
2151688,"IVU BIOLOGICS, INC.",MA,Cambridge city,-71.1040018,42.3656347,1.0,NSF|MA|CAMBRIDGE,25017,Middlesex,source_coordinate_within_county
2202071,University of Texas at Austin,TX,Austin city,-97.7436995,30.2711286,1.0,NSF|TX|AUSTIN,48453,Travis,source_coordinate_within_county
2127096,ROWBOT SYSTEMS LLC,MN,Minneapolis city,-93.2654692,44.9772995,1.0,NSF|MN|MINNEAPOLIS,27053,Hennepin,source_coordinate_within_county
1562490,Northeastern University,MA,Boston city,-71.0578303,42.3588336,0.333333333333,NSF|MA|BOSTON,25025,Suffolk,source_coordinate_within_county
1562669,Virginia Polytechnic Institute and State University,VA,Blacksburg town,-80.4136767,37.2296566,0.333333333333,NSF|VA|BLACKSBURG,51121,Montgomery,source_coordinate_within_county
1635569,"OHIO STATE UNIVERSITY, THE",OH,Columbus city,-83.0007065,39.9622601,1.0,NSF|OH|COLUMBUS,39049,Franklin,source_coordinate_within_county
1562821,Johns Hopkins University,MD,Baltimore city,-76.610759,39.2908816,0.333333333333,NSF|MD|BALTIMORE,24510,Baltimore,source_coordinate_within_county
1636415,Dartmouth College,NH,Hanover CDP,-72.2892164,43.7023545,1.0,NSF|NH|HANOVER,33009,Grafton,source_coordinate_within_county
1602367,University of Colorado at Boulder,CO,Boulder city,-105.270545,40.0149856,1.0,NSF|CO|BOULDER,08013,Boulder,source_coordinate_within_county
1617359,University of North Carolina at Chapel Hill,NC,Chapel Hill town,-79.05578,35.9131542,0.5,NSF|NC|CHAPEL HILL,37135,Orange,source_coordinate_within_county
1639458,Washington State University,WA,Pullman city,-117.1799363,46.7295818,1.0,NSF|WA|PULLMAN,53075,Whitman,source_coordinate_within_county
1504270,College of William and Mary,VA,Williamsburg city,-76.700035,37.2712497,1.0,NSF|VA|WILLIAMSBURG,51830,Williamsburg,source_coordinate_within_county
2431910,ELIF ENVIRONMENTAL LLC,WI,River Hills village,-87.9356638,43.1678887,1.0,NSF|WI|RIVER HILLS,55079,Milwaukee,source_coordinate_within_county
2404228,"SCHNACKEL ENGINEERS, INC",NE,Omaha city,-95.9383758,41.2587459,1.0,NSF|NE|OMAHA,31055,Douglas,source_coordinate_within_county
2405214,"GEOFINANCIAL ANALYTICS, INC.",CA,Sausalito city,-122.485469,37.8590272,1.0,NSF|CA|SAUSALITO,06041,Marin,source_coordinate_within_county
2423575,TERRAFORMA CARBON LLC,PA,State College borough,-77.8616386,40.7944504,1.0,NSF|PA|STATE COLLEGE,42027,Centre,source_coordinate_within_county
2335370,SUNAIRIO INC.,MD,Baltimore city,-76.610759,39.2908816,1.0,NSF|MD|BALTIMORE,24510,Baltimore,source_coordinate_within_county
2344120,Cornell University,NY,Ithaca city,-76.4968019,42.4396039,1.0,NSF|NY|ITHACA,36109,Tompkins,source_coordinate_within_county
2324810,EARTHEN CARBON LLC,OR,Portland city,-122.674194,45.5202471,1.0,NSF|OR|PORTLAND,41051,Multnomah,source_coordinate_within_county
2334667,"GROW OYSTER REEFS, LLC",VA,Charlottesville city,-78.4766781,38.029306,1.0,NSF|VA|CHARLOTTESVILLE,51540,Charlottesville,source_coordinate_within_county
2322355,"VICTORY OVER CARBON, INC.",DE,Dover city,-75.5243682,39.158168,1.0,NSF|DE|DOVER,10001,Kent,source_coordinate_within_county
2321315,RESET WATER LLC,NY,Potsdam village,-74.9813349,44.6697996,1.0,NSF|NY|POTSDAM,36089,St. Lawrence,source_coordinate_within_county
2246965,"PROJECT VESTA, PBC",CO,Denver city,-104.984862,39.7392364,1.0,NSF|CO|DENVER,08031,Denver,source_coordinate_within_county
2330685,Cornell University,NY,Ithaca city,-76.4968019,42.4396039,1.0,NSF|NY|ITHACA,36109,Tompkins,source_coordinate_within_county
2234077,"GAIA AI, INC",MA,Somerville city,-71.0994968,42.3875968,1.0,NSF|MA|SOMERVILLE,25017,Middlesex,source_coordinate_within_county
2233680,COMON SOLUTIONS LLC,CA,Pacific Grove city,-121.917794,36.6211149,1.0,NSF|CA|PACIFIC GROVE,06053,Monterey,source_coordinate_within_county
2325126,HELIX EARTH TECHNOLOGIES INC,TX,Houston city,-95.3676974,29.7589382,1.0,NSF|TX|HOUSTON,48201,Harris,source_coordinate_within_county
2304153,Milwaukee 7 Water Council,WI,Milwaukee city,-87.9090751,43.0386475,1.0,NSF|WI|MILWAUKEE,55079,Milwaukee,source_coordinate_within_county
2309263,University of Alabama in Huntsville,AL,Huntsville city,-86.5859011,34.729847,1.0,NSF|AL|HUNTSVILLE,01089,Madison,source_coordinate_within_county
2205984,Woods Hole Oceanographic Institution,MA,Woods Hole CDP,-70.6694015,41.5238752,1.0,NSF|MA|WOODS HOLE,25001,Barnstable,source_coordinate_within_county
2309082,University of Maryland Center for Environmental Sciences,MD,Cambridge city,-76.077268,38.5700533,1.0,NSF|MD|CAMBRIDGE,24019,Dorchester,source_coordinate_within_county
2245498,University of California-Irvine,CA,Irvine city,-117.825981,33.6856969,1.0,NSF|CA|IRVINE,06059,Orange,source_coordinate_within_county
2212919,MINERALOGIC LLC,MN,Duluth city,-92.1052679,46.7838287,1.0,NSF|MN|DULUTH,27137,St. Louis,source_coordinate_within_county
2308838,Woods Hole Oceanographic Institution,MA,Woods Hole CDP,-70.6694015,41.5238752,1.0,NSF|MA|WOODS HOLE,25001,Barnstable,source_coordinate_within_county
2205848,University of Vermont & State Agricultural College,VT,Burlington city,-73.212906,44.4761601,1.0,NSF|VT|BURLINGTON,50007,Chittenden,source_coordinate_within_county
2204484,"Gibson, Derek K",IN,Indianapolis city (balance),-86.1583502,39.7683331,1.0,NSF|IN|INDIANAPOLIS,18097,Marion,source_coordinate_within_county
2228923,University of Southern California,CA,Los Angeles city,-118.242766,34.0536909,1.0,NSF|CA|LOS ANGELES,06037,Los Angeles,source_coordinate_within_county
2218617,University of Kentucky Research Foundation,KY,Lexington-Fayette urban county,-84.4970393,38.0464066,1.0,NSF|KY|LEXINGTON,21067,Fayette,source_coordinate_within_county
2218737,Cornell University,NY,Ithaca city,-76.4968019,42.4396039,1.0,NSF|NY|ITHACA,36109,Tompkins,source_coordinate_within_county
2204489,"Capooci, Margaret",DE,Newark city,-75.7515682,39.6828358,1.0,NSF|DE|NEWARK,10003,New Castle,source_coordinate_within_county
2204523,"Riddell, Jill",WV,Morgantown city,-79.9559437,39.6296809,1.0,NSF|WV|MORGANTOWN,54061,Monongalia,source_coordinate_within_county
2205966,University of Rhode Island,RI,Kingston CDP,-71.5227103,41.4801166,1.0,NSF|RI|KINGSTON,44009,Washington,source_coordinate_within_county
2234856,University of Montana,MT,Missoula city,-113.995267,46.8701049,0.5,NSF|MT|MISSOULA,30063,Missoula,source_coordinate_within_county
2234855,Whitman College,WA,Walla Walla city,-118.339345,46.0667277,0.5,NSF|WA|WALLA WALLA,53071,Walla Walla,source_coordinate_within_county
2204308,"Goldberg, Samuel L",MA,Cambridge city,-71.1040018,42.3656347,1.0,NSF|MA|CAMBRIDGE,25017,Middlesex,source_coordinate_within_county
2221731,Saint Lawrence University,NY,Canton village,-75.1690942,44.5956163,1.0,NSF|NY|CANTON,36089,St. Lawrence,source_coordinate_within_county
2202113,Harvard University,MA,Cambridge city,-71.1040018,42.3656347,1.0,NSF|MA|CAMBRIDGE,25017,Middlesex,source_coordinate_within_county
2148407,University of Connecticut,CT,Storrs CDP,-72.2495231,41.8084314,1.0,NSF|CT|STORRS,09110,Capitol,source_coordinate_within_county
2052834,Haghnegahdar Mojhgan,MD,College Park city,-76.9369189,38.980666,1.0,NSF|MD|COLLEGE PARK,24033,Prince George's,source_coordinate_within_county
2141243,University of Alaska Southeast Juneau Campus,AK,Juneau city and borough,-134.4196751,58.3019613,1.0,NSF|AK|JUNEAU,02110,Juneau,source_coordinate_within_county
2223204,University of Virginia Main Campus,VA,Charlottesville city,-78.4766781,38.029306,1.0,NSF|VA|CHARLOTTESVILLE,51540,Charlottesville,source_coordinate_within_county
2145472,William Marsh Rice University,TX,Houston city,-95.3676974,29.7589382,1.0,NSF|TX|HOUSTON,48201,Harris,source_coordinate_within_county
2152649,Wright State University,OH,Dayton city,-84.1916069,39.7589478,0.5,NSF|OH|DAYTON,39113,Montgomery,source_coordinate_within_county
2141278,University of Rhode Island,RI,Kingston CDP,-71.5227103,41.4801166,1.0,NSF|RI|KINGSTON,44009,Washington,source_coordinate_within_county
2148468,Massachusetts Institute of Technology,MA,Cambridge city,-71.1040018,42.3656347,1.0,NSF|MA|CAMBRIDGE,25017,Middlesex,source_coordinate_within_county
2124885,Columbia University,NY,New York city,-74.0060152,40.7127281,0.5,NSF|NY|NEW YORK,36061,New York,source_coordinate_within_county
2124824,University of Alaska Fairbanks Campus,AK,Fairbanks city,-147.716675,64.837845,0.5,NSF|AK|FAIRBANKS,02090,Fairbanks North Star,source_coordinate_within_county
2136934,University of Oregon Eugene,OR,Eugene city,-123.0950506,44.0505054,1.0,NSF|OR|EUGENE,41039,Lane,source_coordinate_within_county
2120619,University of Southern California,CA,Los Angeles city,-118.242766,34.0536909,1.0,NSF|CA|LOS ANGELES,06037,Los Angeles,source_coordinate_within_county
2139002,Princeton University,NJ,Princeton,-74.6597376,40.3496953,1.0,NSF|NJ|PRINCETON,34021,Mercer,source_coordinate_within_county
2131749,"Macarewich, Sophia Isabel",MI,Ann Arbor city,-83.7484616,42.2813722,1.0,NSF|MI|ANN ARBOR,26161,Washtenaw,source_coordinate_within_county
2134864,Columbia University,NY,New York city,-74.0060152,40.7127281,1.0,NSF|NY|NEW YORK,36061,New York,source_coordinate_within_county
2132089,Carnegie Mellon University,PA,Pittsburgh city,-80.0025666,40.4406968,1.0,NSF|PA|PITTSBURGH,42003,Allegheny,source_coordinate_within_county
2138801,Oregon State University,OR,Corvallis city,-123.2620435,44.5645659,1.0,NSF|OR|CORVALLIS,41003,Benton,source_coordinate_within_county
2203165,Pennsylvania State Univ University Park,PA,College township,-77.8710571,40.8128971,1.0,NSF|PA|UNIVERSITY PARK,42027,Centre,source_coordinate_within_county
2302205,Iowa State University,IA,Ames city,-93.6170448,42.0267567,1.0,NSF|IA|AMES,19169,Story,source_coordinate_within_county
2226053,Massachusetts Institute of Technology,MA,Cambridge city,-71.1040018,42.3656347,1.0,NSF|MA|CAMBRIDGE,25017,Middlesex,source_coordinate_within_county
2143379,Pennsylvania State Univ University Park,PA,College township,-77.8710571,40.8128971,1.0,NSF|PA|UNIVERSITY PARK,42027,Centre,source_coordinate_within_county
2132487,Regents of the University of Michigan - Ann Arbor,MI,Ann Arbor city,-83.7484616,42.2813722,1.0,NSF|MI|ANN ARBOR,26161,Washtenaw,source_coordinate_within_county
2138346,Lafayette College,PA,Easton city,-75.2099866,40.6916081,1.0,NSF|PA|EASTON,42095,Northampton,source_coordinate_within_county
2138380,"Georgia Southern University Research and Service Foundation, Inc",GA,Statesboro city,-81.7832912,32.4490141,1.0,NSF|GA|STATESBORO,13031,Bulloch,source_coordinate_within_county
2133029,Woods Hole Oceanographic Institution,MA,Woods Hole CDP,-70.6694015,41.5238752,1.0,NSF|MA|WOODS HOLE,25001,Barnstable,source_coordinate_within_county
2330068,University of Pittsburgh,PA,Pittsburgh city,-80.0025666,40.4406968,1.0,NSF|PA|PITTSBURGH,42003,Allegheny,source_coordinate_within_county
1654978,American Association for the Advancement of Science,DC,Washington city,-77.0363849,38.8950982,1.0,NSF|DC|WASHINGTON,11001,District of Columbia,source_coordinate_within_county
2426624,Evergreen State College,WA,Olympia city,-122.8950075,47.0451022,1.0,NSF|WA|OLYMPIA,53067,Thurston,source_coordinate_within_county
1563372,"OHIO STATE UNIVERSITY, THE",OH,Columbus city,-83.0007065,39.9622601,1.0,NSF|OH|COLUMBUS,39049,Franklin,source_coordinate_within_county
1640616,University of California-Berkeley,CA,Berkeley city,-122.272863,37.8708393,1.0,NSF|CA|BERKELEY,06001,Alameda,source_coordinate_within_county
1609080,Iowa State University,IA,Ames city,-93.6170448,42.0267567,1.0,NSF|IA|AMES,19169,Story,source_coordinate_within_county
2408854,Louisiana State University,LA,Baton Rouge city,-91.1869659,30.4494155,0.5,NSF|LA|BATON ROUGE,22033,East Baton Rouge,source_coordinate_within_county
2408853,Stanford University,CA,Stanford CDP,-122.1702445,37.427467,0.5,NSF|CA|STANFORD,06085,Santa Clara,source_coordinate_within_county
1552487,Indiana University,IN,Bloomington city,-86.5342881,39.1670396,1.0,NSF|IN|BLOOMINGTON,18105,Monroe,source_coordinate_within_county
2349825,Regents of the University of Michigan - Ann Arbor,MI,Ann Arbor city,-83.7484616,42.2813722,0.5,NSF|MI|ANN ARBOR,26161,Washtenaw,source_coordinate_within_county
2318348,University of Colorado at Boulder,CO,Boulder city,-105.270545,40.0149856,1.0,NSF|CO|BOULDER,08013,Boulder,source_coordinate_within_county
2331818,Boise State University,ID,Boise City city,-116.200886,43.6166163,1.0,NSF|ID|BOISE,16001,Ada,source_coordinate_within_county
2323562,University of Alaska Anchorage Campus,AK,Anchorage municipality,-149.894852,61.2163129,1.0,NSF|AK|ANCHORAGE,02020,Anchorage,source_coordinate_within_county
2246700,Princeton University,NJ,Princeton,-74.6597376,40.3496953,1.0,NSF|NJ|PRINCETON,34021,Mercer,source_coordinate_within_county
2329323,Pennsylvania State Univ University Park,PA,College township,-77.8710571,40.8128971,1.0,NSF|PA|UNIVERSITY PARK,42027,Centre,source_coordinate_within_county
2302301,University of California-San Diego,CA,San Diego city,-117.2740777,32.8401623,1.0,NSF|CA|LA JOLLA,06073,San Diego,source_coordinate_within_county
2330004,Boise State University,ID,Boise City city,-116.200886,43.6166163,1.0,NSF|ID|BOISE,16001,Ada,source_coordinate_within_county
2236852,Hawaii Pacific University,HI,Urban Honolulu CDP,-157.855676,21.304547,1.0,NSF|HI|HONOLULU,15003,Honolulu,source_coordinate_within_county
2325290,University of Alaska Anchorage Campus,AK,Anchorage municipality,-149.894852,61.2163129,0.5,NSF|AK|ANCHORAGE,02020,Anchorage,source_coordinate_within_county
2326171,Woods Hole Oceanographic Institution,MA,Woods Hole CDP,-70.6694015,41.5238752,1.0,NSF|MA|WOODS HOLE,25001,Barnstable,source_coordinate_within_county
2325291,University of California-Riverside,CA,Riverside city,-117.374238,33.9824949,0.5,NSF|CA|RIVERSIDE,06065,Riverside,source_coordinate_within_county
2311256,Princeton University,NJ,Princeton,-74.6597376,40.3496953,1.0,NSF|NJ|PRINCETON,34021,Mercer,source_coordinate_within_county
2234001,University of California-San Diego Scripps Inst of Oceanography,CA,San Diego city,-117.2740777,32.8401623,0.333333333333,NSF|CA|LA JOLLA,06073,San Diego,source_coordinate_within_county
2234003,University of Washington,WA,Seattle city,-122.330062,47.6038321,0.333333333333,NSF|WA|SEATTLE,53033,King,source_coordinate_within_county
2300040,Florida State University,FL,Tallahassee city,-84.2809332,30.4380832,0.5,NSF|FL|TALLAHASSEE,12073,Leon,source_coordinate_within_county
2300039,Rensselaer Polytechnic Institute,NY,Troy city,-73.6917878,42.7284117,0.5,NSF|NY|TROY,36083,Rensselaer,source_coordinate_within_county
2234002,Oregon State University,OR,Corvallis city,-123.2620435,44.5645659,0.333333333333,NSF|OR|CORVALLIS,41003,Benton,source_coordinate_within_county
2309659,Florida Gulf Coast University,FL,Fort Myers city,-81.8723084,26.640628,1.0,NSF|FL|FORT MYERS,12071,Lee,source_coordinate_within_county
2219107,University of Colorado at Boulder,CO,Boulder city,-105.270545,40.0149856,0.5,NSF|CO|BOULDER,08013,Boulder,source_coordinate_within_county
2227821,University of Alaska Southeast Juneau Campus,AK,Juneau city and borough,-134.4196751,58.3019613,1.0,NSF|AK|JUNEAU,02110,Juneau,source_coordinate_within_county
2219248,"Cary Institute of Ecosystem Studies, Inc.",NY,Millbrook village,-73.6921867,41.7865038,1.0,NSF|NY|MILLBROOK,36027,Dutchess,source_coordinate_within_county
1934675,Texas A&M Engineering Experiment Station,TX,College Station city,-96.3455991,30.6183939,0.5,NSF|TX|COLLEGE STATION,48041,Brazos,source_coordinate_within_county
1934766,Arizona State University,AZ,Scottsdale city,-111.926018,33.4942189,0.5,NSF|AZ|SCOTTSDALE,04013,Maricopa,source_coordinate_within_county
2114442,University of Illinois at Chicago,IL,Chicago city,-87.6244212,41.8755616,0.333333333333,NSF|IL|CHICAGO,17031,Cook,source_coordinate_within_county
2034938,Regents of the University of Michigan - Ann Arbor,MI,Ann Arbor city,-83.7484616,42.2813722,0.5,NSF|MI|ANN ARBOR,26161,Washtenaw,source_coordinate_within_county
2021086,University of North Carolina at Chapel Hill,NC,Chapel Hill town,-79.05578,35.9131542,1.0,NSF|NC|CHAPEL HILL,37135,Orange,source_coordinate_within_county
2034812,University of Texas at Austin,TX,Austin city,-97.7436995,30.2711286,0.5,NSF|TX|AUSTIN,48453,Travis,source_coordinate_within_county
2033927,"Board of Regents, NSHE, obo University of Nevada, Reno",NV,Reno city,-119.812658,39.5261788,0.333333333333,NSF|NV|RENO,32031,Washoe,source_coordinate_within_county
2033956,Kansas State University,KS,Manhattan city,-96.5716694,39.1836082,0.333333333333,NSF|KS|MANHATTAN,20161,Riley,source_coordinate_within_county
2013739,Iowa State University,IA,Ames city,-93.6170448,42.0267567,0.333333333333,NSF|IA|AMES,19169,Story,source_coordinate_within_county
2013786,University of Texas at San Antonio,TX,San Antonio city,-98.4951405,29.4246002,0.333333333333,NSF|TX|SAN ANTONIO,48029,Bexar,source_coordinate_within_county
1956248,University of California-Berkeley,CA,Berkeley city,-122.272863,37.8708393,1.0,NSF|CA|BERKELEY,06001,Alameda,source_coordinate_within_county
1944142,Washington State University,WA,Pullman city,-117.1799363,46.7295818,1.0,NSF|WA|PULLMAN,53075,Whitman,source_coordinate_within_county
1940197,University of Tennessee Knoxville,TN,Knoxville city,-83.9210261,35.9603948,1.0,NSF|TN|KNOXVILLE,47093,Knox,source_coordinate_within_county
1940308,University of Texas at Austin,TX,Austin city,-97.7436995,30.2711286,1.0,NSF|TX|AUSTIN,48453,Travis,source_coordinate_within_county
1932048,University of Wisconsin-Madison,WI,Madison city,-89.3841663,43.07469,1.0,NSF|WI|MADISON,55025,Dane,source_coordinate_within_county
1926025,University of Oregon Eugene,OR,Eugene city,-123.0950506,44.0505054,0.5,NSF|OR|EUGENE,41039,Lane,source_coordinate_within_county
1848302,University of Oregon Eugene,OR,Eugene city,-123.0950506,44.0505054,1.0,NSF|OR|EUGENE,41039,Lane,source_coordinate_within_county
1924145,Northeastern University,MA,Boston city,-71.0578303,42.3588336,1.0,NSF|MA|BOSTON,25025,Suffolk,source_coordinate_within_county
1925949,University of Wisconsin-Madison,WI,Madison city,-89.3841663,43.07469,0.5,NSF|WI|MADISON,55025,Dane,source_coordinate_within_county
1854391,University of Washington,WA,Seattle city,-122.330062,47.6038321,1.0,NSF|WA|SEATTLE,53033,King,source_coordinate_within_county
1914491,Boise State University,ID,Boise City city,-116.200886,43.6166163,0.5,NSF|ID|BOISE,16001,Ada,source_coordinate_within_county
1914526,Michigan Technological University,MI,Houghton city,-88.569012,47.121872,0.5,NSF|MI|HOUGHTON,26061,Houghton,source_coordinate_within_county
1916989,Marine Environmental Sciences Consortium,AL,Dauphin Island town,-88.1124817,30.2542022,1.0,NSF|AL|DAUPHIN ISLAND,01097,Mobile,source_coordinate_within_county
1851268,Tulane University,LA,New Orleans city,-90.0733934,29.9561422,0.5,NSF|LA|NEW ORLEANS,22071,Orleans,source_coordinate_within_county
1901694,North Carolina State University,NC,Raleigh city,-78.6390989,35.7803977,0.5,NSF|NC|RALEIGH,37183,Wake,source_coordinate_within_county
1851032,University of Georgia Research Foundation Inc,GA,Athens-Clarke County unified government (balance),-83.376398,33.9597677,0.5,NSF|GA|ATHENS,13059,Clarke,source_coordinate_within_county
1901764,North Carolina Agricultural & Technical State University,NC,Greensboro city,-79.7919754,36.0726355,0.5,NSF|NC|GREENSBORO,37081,Guilford,source_coordinate_within_county
1851510,University of California-Santa Barbara,CA,Santa Barbara city,-119.702667,34.4221319,1.0,NSF|CA|SANTA BARBARA,06083,Santa Barbara,source_coordinate_within_county
1901754,University of Illinois at Urbana-Champaign,IL,Urbana city,-88.207301,40.1117174,1.0,NSF|IL|URBANA,17019,Champaign,source_coordinate_within_county
1840424,Tufts University,MA,Medford city,-71.1061639,42.4184296,1.0,NSF|MA|MEDFORD,25017,Middlesex,source_coordinate_within_county
1832208,University of Wisconsin-Madison,WI,Madison city,-89.3841663,43.07469,1.0,NSF|WI|MADISON,55025,Dane,source_coordinate_within_county
1832287,University of Washington,WA,Seattle city,-122.330062,47.6038321,0.5,NSF|WA|SEATTLE,53033,King,source_coordinate_within_county
1832230,University of Chicago,IL,Chicago city,-87.6244212,41.8755616,1.0,NSF|IL|CHICAGO,17031,Cook,source_coordinate_within_county
1763028,North Carolina State University,NC,Raleigh city,-78.6390989,35.7803977,1.0,NSF|NC|RALEIGH,37183,Wake,source_coordinate_within_county
1832290,Pennsylvania State Univ University Park,PA,College township,-77.8710571,40.8128971,0.5,NSF|PA|UNIVERSITY PARK,42027,Centre,source_coordinate_within_county
1700775,University of California-Los Angeles,CA,Los Angeles city,-118.242766,34.0536909,1.0,NSF|CA|LOS ANGELES,06037,Los Angeles,source_coordinate_within_county
1659229,University of Wisconsin-Milwaukee,WI,Milwaukee city,-87.9090751,43.0386475,1.0,NSF|WI|MILWAUKEE,55079,Milwaukee,source_coordinate_within_county
1648595,"Temblor, Inc.",CA,Tiburon town,-122.460808,37.8775332,1.0,NSF|CA|TIBURON,06041,Marin,source_coordinate_within_county
1549418,Water Planet Engineering LLC,CA,Inglewood city,-118.353132,33.9562003,1.0,NSF|CA|INGLEWOOD,06037,Los Angeles,source_coordinate_within_county
2000560,"Board of Regents, NSHE, obo University of Nevada, Reno",NV,Reno city,-119.812658,39.5261788,0.5,NSF|NV|RENO,32031,Washoe,source_coordinate_within_county
1933217,Oregon State University,OR,Corvallis city,-123.2620435,44.5645659,1.0,NSF|OR|CORVALLIS,41003,Benton,source_coordinate_within_county
2037540,University of Washington,WA,Seattle city,-122.330062,47.6038321,0.5,NSF|WA|SEATTLE,53033,King,source_coordinate_within_county
1937039,University of Virginia Main Campus,VA,Charlottesville city,-78.4766781,38.029306,1.0,NSF|VA|CHARLOTTESVILLE,51540,Charlottesville,source_coordinate_within_county
1926365,Oregon State University,OR,Corvallis city,-123.2620435,44.5645659,0.333333333333,NSF|OR|CORVALLIS,41003,Benton,source_coordinate_within_county
1926326,Lehigh University,PA,Bethlehem city,-75.3786521,40.6178915,0.333333333333,NSF|PA|BETHLEHEM,42095,Northampton,source_coordinate_within_county
1929304,Oregon State University,OR,Corvallis city,-123.2620435,44.5645659,1.0,NSF|OR|CORVALLIS,41003,Benton,source_coordinate_within_county
1927994,The University of Central Florida Board of Trustees,FL,Orlando city,-81.379045,28.5421218,1.0,NSF|FL|ORLANDO,12095,Orange,source_coordinate_within_county
1935670,Portland State University,OR,Portland city,-122.674194,45.5202471,0.5,NSF|OR|PORTLAND,41051,Multnomah,source_coordinate_within_county
1935774,University of Texas at Austin,TX,Austin city,-97.7436995,30.2711286,0.5,NSF|TX|AUSTIN,48453,Travis,source_coordinate_within_county
1847578,"Board of Regents, NSHE, obo University of Nevada, Reno",NV,Reno city,-119.812658,39.5261788,0.5,NSF|NV|RENO,32031,Washoe,source_coordinate_within_county
1937878,University of Florida,FL,Gainesville city,-82.3249846,29.6519684,0.333333333333,NSF|FL|GAINESVILLE,12001,Alachua,source_coordinate_within_county
1825189,Virginia Polytechnic Institute and State University,VA,Blacksburg town,-80.4136767,37.2296566,1.0,NSF|VA|BLACKSBURG,51121,Montgomery,source_coordinate_within_county
1927071,"MetaSeismic, Inc.",CA,Irvine city,-117.825981,33.6856969,1.0,NSF|CA|IRVINE,06059,Orange,source_coordinate_within_county
1927010,Squishy Robotics Inc.,CA,Berkeley city,-122.272863,37.8708393,1.0,NSF|CA|BERKELEY,06001,Alameda,source_coordinate_within_county
1927042,"Lotic Labs, Inc.",MA,Hingham CDP,-70.8897676,42.2417669,1.0,NSF|MA|HINGHAM,25023,Plymouth,source_coordinate_within_county
1935428,University of Massachusetts Lowell,MA,Lowell city,-71.3085329,42.6414437,1.0,NSF|MA|LOWELL,25017,Middlesex,source_coordinate_within_county
1735306,Stanford University,CA,Stanford CDP,-122.1702445,37.427467,1.0,NSF|CA|STANFORD,06085,Santa Clara,source_coordinate_within_county
1660447,Virginia Polytechnic Institute and State University,VA,Blacksburg town,-80.4136767,37.2296566,1.0,NSF|VA|BLACKSBURG,51121,Montgomery,source_coordinate_within_county
1735558,Pennsylvania State Univ University Park,PA,College township,-77.8710571,40.8128971,1.0,NSF|PA|UNIVERSITY PARK,42027,Centre,source_coordinate_within_county
1722749,Northern Illinois University,IL,DeKalb city,-88.7501925,41.9298644,1.0,NSF|IL|DEKALB,17037,DeKalb,source_coordinate_within_county
1655884,Regents of the University of Idaho,ID,Moscow city,-117.000165,46.7323875,1.0,NSF|ID|MOSCOW,16057,Latah,source_coordinate_within_county
1762600,Louisiana State University,LA,Baton Rouge city,-91.1869659,30.4494155,1.0,NSF|LA|BATON ROUGE,22033,East Baton Rouge,source_coordinate_within_county
1662774,Regents of the University of Michigan - Ann Arbor,MI,Ann Arbor city,-83.7484616,42.2813722,1.0,NSF|MI|ANN ARBOR,26161,Washtenaw,source_coordinate_within_county
1662589,Oklahoma State University,OK,Stillwater city,-97.0585717,36.1156306,0.5,NSF|OK|STILLWATER,40119,Payne,source_coordinate_within_county
1801475,SUNY at Buffalo,NY,Amherst town,-78.7997616,42.9783924,1.0,NSF|NY|AMHERST,36029,Erie,source_coordinate_within_county
1853697,University of California-Riverside,CA,Riverside city,-117.374238,33.9824949,1.0,NSF|CA|RIVERSIDE,06065,Riverside,source_coordinate_within_county
1901630,Pennsylvania State Univ University Park,PA,College township,-77.8710571,40.8128971,1.0,NSF|PA|UNIVERSITY PARK,42027,Centre,source_coordinate_within_county
1851886,George Washington University,DC,Washington city,-77.0363849,38.8950982,1.0,NSF|DC|WASHINGTON,11001,District of Columbia,source_coordinate_within_county
1855854,Clemson University,SC,Clemson city,-82.8364111,34.6850749,1.0,NSF|SC|CLEMSON,45077,Pickens,source_coordinate_within_county
1735513,University of Vermont & State Agricultural College,VT,Burlington city,-73.212906,44.4761601,0.333333333333,NSF|VT|BURLINGTON,50007,Chittenden,source_coordinate_within_county
1735354,Iowa State University,IA,Ames city,-93.6170448,42.0267567,0.333333333333,NSF|IA|AMES,19169,Story,source_coordinate_within_county
1735463,Massachusetts Institute of Technology,MA,Cambridge city,-71.1040018,42.3656347,0.333333333333,NSF|MA|CAMBRIDGE,25017,Middlesex,source_coordinate_within_county
1824681,University of Washington,WA,Seattle city,-122.330062,47.6038321,1.0,NSF|WA|SEATTLE,53033,King,source_coordinate_within_county
1808988,The University of Central Florida Board of Trustees,FL,Orlando city,-81.379045,28.5421218,0.5,NSF|FL|ORLANDO,12095,Orange,source_coordinate_within_county
1832068,Florida Agricultural and Mechanical University,FL,Tallahassee city,-84.2809332,30.4380832,1.0,NSF|FL|TALLAHASSEE,12073,Leon,source_coordinate_within_county
1840870,University of California-San Diego,CA,San Diego city,-117.2740777,32.8401623,1.0,NSF|CA|LA JOLLA,06073,San Diego,source_coordinate_within_county
1809314,Massachusetts Institute of Technology,MA,Cambridge city,-71.1040018,42.3656347,0.5,NSF|MA|CAMBRIDGE,25017,Middlesex,source_coordinate_within_county
1824710,Princeton University,NJ,Princeton,-74.6597376,40.3496953,0.5,NSF|NJ|PRINCETON,34021,Mercer,source_coordinate_within_county
1805656,Purdue University,IN,West Lafayette city,-86.9080655,40.4258686,1.0,NSF|IN|WEST LAFAYETTE,18157,Tippecanoe,source_coordinate_within_county
1824716,University of Texas at Dallas,TX,Richardson city,-96.7297206,32.9481789,0.5,NSF|TX|RICHARDSON,48113,Dallas,source_coordinate_within_county
1837646,Massachusetts Institute of Technology,MA,Cambridge city,-71.1040018,42.3656347,0.5,NSF|MA|CAMBRIDGE,25017,Middlesex,source_coordinate_within_county
1824647,University of Washington,WA,Seattle city,-122.330062,47.6038321,1.0,NSF|WA|SEATTLE,53033,King,source_coordinate_within_county
1839063,Woods Hole Oceanographic Institution,MA,Woods Hole CDP,-70.6694015,41.5238752,0.5,NSF|MA|WOODS HOLE,25001,Barnstable,source_coordinate_within_county
1763108,University of Southern California,CA,Los Angeles city,-118.242766,34.0536909,1.0,NSF|CA|LOS ANGELES,06037,Los Angeles,source_coordinate_within_county
1761950,Northeastern University,MA,Boston city,-71.0578303,42.3588336,0.333333333333,NSF|MA|BOSTON,25025,Suffolk,source_coordinate_within_county
1761459,Texas A&M University,TX,College Station city,-96.3455991,30.6183939,0.333333333333,NSF|TX|COLLEGE STATION,48041,Brazos,source_coordinate_within_county
1807813,University of North Carolina at Charlotte,NC,Charlotte city,-80.8430827,35.2272086,1.0,NSF|NC|CHARLOTTE,37119,Mecklenburg,source_coordinate_within_county
1800817,University of New Orleans,LA,New Orleans city,-90.0733934,29.9561422,0.333333333333,NSF|LA|NEW ORLEANS,22071,Orleans,source_coordinate_within_county
1800825,College of William & Mary Virginia Institute of Marine Science,VA,Gloucester Point CDP,-76.496899,37.2540351,0.333333333333,NSF|VA|GLOUCESTER POINT,51073,Gloucester,source_coordinate_within_county
1736957,University of Florida,FL,Gainesville city,-82.3249846,29.6519684,0.333333333333,NSF|FL|GAINESVILLE,12001,Alachua,source_coordinate_within_county
1800810,Trustees of Boston University,MA,Boston city,-71.0578303,42.3588336,0.333333333333,NSF|MA|BOSTON,25025,Suffolk,source_coordinate_within_county
1737090,University of Georgia Research Foundation Inc,GA,Athens-Clarke County unified government (balance),-83.376398,33.9597677,0.333333333333,NSF|GA|ATHENS,13059,Clarke,source_coordinate_within_county
1737311,Woods Hole Oceanographic Institution,MA,Woods Hole CDP,-70.6694015,41.5238752,1.0,NSF|MA|WOODS HOLE,25001,Barnstable,source_coordinate_within_county
1745499,University of Colorado at Boulder,CO,Boulder city,-105.270545,40.0149856,1.0,NSF|CO|BOULDER,08013,Boulder,source_coordinate_within_county
1760717,Texas A&M University,TX,College Station city,-96.3455991,30.6183939,1.0,NSF|TX|COLLEGE STATION,48041,Brazos,source_coordinate_within_county
1663938,University Corporation For Atmospheric Res,CO,Boulder city,-105.270545,40.0149856,0.5,NSF|CO|BOULDER,08013,Boulder,source_coordinate_within_county
1663840,University of Oklahoma Norman Campus,OK,Norman city,-97.4394816,35.2225717,0.5,NSF|OK|NORMAN,40027,Cleveland,source_coordinate_within_county
1663769,Regents of the University of Michigan - Ann Arbor,MI,Ann Arbor city,-83.7484616,42.2813722,0.5,NSF|MI|ANN ARBOR,26161,Washtenaw,source_coordinate_within_county
1663834,University of Oregon Eugene,OR,Eugene city,-123.0950506,44.0505054,1.0,NSF|OR|EUGENE,41039,Lane,source_coordinate_within_county
1652320,Northeastern University,MA,Boston city,-71.0578303,42.3588336,1.0,NSF|MA|BOSTON,25025,Suffolk,source_coordinate_within_county
1711986,Portland State University,OR,Portland city,-122.674194,45.5202471,0.5,NSF|OR|PORTLAND,41051,Multnomah,source_coordinate_within_county
1663827,Harvard University,MA,Cambridge city,-71.1040018,42.3656347,0.5,NSF|MA|CAMBRIDGE,25017,Middlesex,source_coordinate_within_county
1711974,University of Alaska Southeast Juneau Campus,AK,Juneau city and borough,-134.4196751,58.3019613,0.5,NSF|AK|JUNEAU,02110,Juneau,source_coordinate_within_county
1736830,Stanford University,CA,Stanford CDP,-122.1702445,37.427467,0.333333333333,NSF|CA|STANFORD,06085,Santa Clara,source_coordinate_within_county
1745353,University of Arkansas,AR,Fayetteville city,-94.1574328,36.0625843,1.0,NSF|AR|FAYETTEVILLE,05143,Washington,source_coordinate_within_county
1663376,University of Oklahoma Norman Campus,OK,Norman city,-97.4394816,35.2225717,1.0,NSF|OK|NORMAN,40027,Cleveland,source_coordinate_within_county
1728605,University of Texas at Dallas,TX,Richardson city,-96.7297206,32.9481789,0.5,NSF|TX|RICHARDSON,48113,Dallas,source_coordinate_within_county
1728629,University of Texas at San Antonio,TX,San Antonio city,-98.4951405,29.4246002,0.5,NSF|TX|SAN ANTONIO,48029,Bexar,source_coordinate_within_county
1704933,Texas State University - San Marcos,TX,San Marcos city,-97.9405828,29.8826436,1.0,NSF|TX|SAN MARCOS,48209,Hays,source_coordinate_within_county
1663654,Oregon State University,OR,Corvallis city,-123.2620435,44.5645659,0.5,NSF|OR|CORVALLIS,41003,Benton,source_coordinate_within_county
1710944,Tufts University,MA,Medford city,-71.1061639,42.4184296,0.5,NSF|MA|MEDFORD,25017,Middlesex,source_coordinate_within_county
1710727,Brigham Young University,UT,Provo city,-111.6587085,40.2337289,0.5,NSF|UT|PROVO,49049,Utah,source_coordinate_within_county
1663531,University of Texas at Austin,TX,Austin city,-97.7436995,30.2711286,0.5,NSF|TX|AUSTIN,48453,Travis,source_coordinate_within_county
1923568,Regents of the University of Michigan - Ann Arbor,MI,Ann Arbor city,-83.7484616,42.2813722,0.5,NSF|MI|ANN ARBOR,26161,Washtenaw,source_coordinate_within_county
1756100,Woods Hole Oceanographic Institution,MA,Woods Hole CDP,-70.6694015,41.5238752,1.0,NSF|MA|WOODS HOLE,25001,Barnstable,source_coordinate_within_county
1831405,University of Rhode Island,RI,Kingston CDP,-71.5227103,41.4801166,0.333333333333,NSF|RI|KINGSTON,44009,Washington,source_coordinate_within_county
1756477,Texas A&M AgriLife Research,TX,College Station city,-96.3455991,30.6183939,0.333333333333,NSF|TX|COLLEGE STATION,48041,Brazos,source_coordinate_within_county
1756714,University of Delaware,DE,Newark city,-75.7515682,39.6828358,0.333333333333,NSF|DE|NEWARK,10003,New Castle,source_coordinate_within_county
1831450,Rutgers University New Brunswick,NJ,New Brunswick city,-74.4436416,40.4936119,0.333333333333,NSF|NJ|NEW BRUNSWICK,34023,Middlesex,source_coordinate_within_county
1811909,University of California-Irvine,CA,Irvine city,-117.825981,33.6856969,0.5,NSF|CA|IRVINE,06059,Orange,source_coordinate_within_county
1903157,University of North Carolina at Wilmington,NC,Wilmington city,-77.9487284,34.2352853,1.0,NSF|NC|WILMINGTON,37129,New Hanover,source_coordinate_within_county
1812019,Indiana University,IN,Bloomington city,-86.5342881,39.1670396,0.5,NSF|IN|BLOOMINGTON,18105,Monroe,source_coordinate_within_county
1756449,Oregon State University,OR,Corvallis city,-123.2620435,44.5645659,0.333333333333,NSF|OR|CORVALLIS,41003,Benton,source_coordinate_within_county
1804999,Rutgers University New Brunswick,NJ,New Brunswick city,-74.4436416,40.4936119,0.5,NSF|NJ|NEW BRUNSWICK,34023,Middlesex,source_coordinate_within_county
1805029,Atmospheric and Environmental Research Inc,MA,Lexington CDP,-71.2245003,42.4473175,0.5,NSF|MA|LEXINGTON,25017,Middlesex,source_coordinate_within_county
1831382,Tufts University,MA,Medford city,-71.1061639,42.4184296,0.333333333333,NSF|MA|MEDFORD,25017,Middlesex,source_coordinate_within_county
2219242,Texas A&M University,TX,College Station city,-96.3455991,30.6183939,1.0,NSF|TX|COLLEGE STATION,48041,Brazos,source_coordinate_within_county
2045346,Occidental College,CA,Los Angeles city,-118.242766,34.0536909,1.0,NSF|CA|LOS ANGELES,06037,Los Angeles,source_coordinate_within_county
2048449,University of California - Merced,CA,Merced city,-120.4843269,37.3029568,1.0,NSF|CA|MERCED,06047,Merced,source_coordinate_within_county
2136818,Montana State University,MT,Bozeman city,-111.044047,45.6794293,1.0,NSF|MT|BOZEMAN,30031,Gallatin,source_coordinate_within_county
2404872,Michigan State University,MI,East Lansing city,-84.4721678,42.7320307,0.5,NSF|MI|EAST LANSING,26065,Ingham,source_coordinate_within_county
2244695,University of California-Irvine,CA,Irvine city,-117.825981,33.6856969,0.5,NSF|CA|IRVINE,06059,Orange,source_coordinate_within_county
2244696,University of Utah,UT,Salt Lake City city,-111.886797,40.7596198,0.5,NSF|UT|SALT LAKE CITY,49035,Salt Lake,source_coordinate_within_county
2226154,Purdue University,IN,West Lafayette city,-86.9080655,40.4258686,1.0,NSF|IN|WEST LAFAYETTE,18157,Tippecanoe,source_coordinate_within_county
2016199,"EMERALD TUTU INC, THE",MA,Cambridge city,-71.1040018,42.3656347,1.0,NSF|MA|CAMBRIDGE,25017,Middlesex,source_coordinate_within_county
1951083,"PEARL STREET TECHNOLOGIES, INC.",PA,Pittsburgh city,-80.0025666,40.4406968,1.0,NSF|PA|PITTSBURGH,42003,Allegheny,source_coordinate_within_county
2004275,CONFLUENCY LLC,IL,Chicago city,-87.6244212,41.8755616,1.0,NSF|IL|CHICAGO,17031,Cook,source_coordinate_within_county
1956285,University of South Carolina at Columbia,SC,Columbia city,-81.0352313,34.000754,1.0,NSF|SC|COLUMBIA,45079,Richland,source_coordinate_within_county
2304819,Montclair State University,NJ,Montclair township,-74.2210643,40.8164458,0.5,NSF|NJ|MONTCLAIR,34013,Essex,source_coordinate_within_county
2153163,Iowa State University,IA,Ames city,-93.6170448,42.0267567,1.0,NSF|IA|AMES,19169,Story,source_coordinate_within_county
2230960,University of Notre Dame,IN,Notre Dame CDP,-86.2373691,41.6992003,1.0,NSF|IN|NOTRE DAME,18141,St. Joseph,source_coordinate_within_county
2304820,University of Puerto Rico Mayaguez,PR,Mayagüez zona urbana,-67.1391124,18.2011161,0.5,NSF|PR|MAYAGUEZ,72097,Mayagüez,source_coordinate_within_county
2317176,Florida Agricultural and Mechanical University,FL,Tallahassee city,-84.2809332,30.4380832,0.5,NSF|FL|TALLAHASSEE,12073,Leon,source_coordinate_within_county
2135713,Pennsylvania State Univ University Park,PA,College township,-77.8710571,40.8128971,1.0,NSF|PA|UNIVERSITY PARK,42027,Centre,source_coordinate_within_county
2309829,Stanford University,CA,Stanford CDP,-122.1702445,37.427467,0.333333333333,NSF|CA|STANFORD,06085,Santa Clara,source_coordinate_within_county
2225626,Arizona State University,AZ,Scottsdale city,-111.926018,33.4942189,1.0,NSF|AZ|SCOTTSDALE,04013,Maricopa,source_coordinate_within_county
2216294,"Board of Regents, NSHE, obo University of Nevada, Reno",NV,Reno city,-119.812658,39.5261788,1.0,NSF|NV|RENO,32031,Washoe,source_coordinate_within_county
2229857,Regents of the University of Michigan - Ann Arbor,MI,Ann Arbor city,-83.7484616,42.2813722,1.0,NSF|MI|ANN ARBOR,26161,Washtenaw,source_coordinate_within_county
2150387,Colorado State University,CO,Fort Collins city,-105.0770113,40.5871782,1.0,NSF|CO|FORT COLLINS,08069,Larimer,source_coordinate_within_county
2139882,Northeastern University,MA,Boston city,-71.0578303,42.3588336,0.5,NSF|MA|BOSTON,25025,Suffolk,source_coordinate_within_county
2139883,Louisiana State University,LA,Baton Rouge city,-91.1869659,30.4494155,0.5,NSF|LA|BATON ROUGE,22033,East Baton Rouge,source_coordinate_within_county
2138539,Western New England University,MA,Springfield city,-72.5886727,42.1018764,1.0,NSF|MA|SPRINGFIELD,25013,Hampden,source_coordinate_within_county
2138414,Clarkson University,NY,Potsdam village,-74.9813349,44.6697996,0.5,NSF|NY|POTSDAM,36089,St. Lawrence,source_coordinate_within_county
2223710,University of Massachusetts Amherst,MA,Amherst Town city,-72.5198761,42.3731948,1.0,NSF|MA|AMHERST,25015,Hampshire,source_coordinate_within_county
2149244,Pennsylvania State Univ University Park,PA,College township,-77.8710571,40.8128971,1.0,NSF|PA|UNIVERSITY PARK,42027,Centre,source_coordinate_within_county
2029775,Montana State University,MT,Bozeman city,-111.044047,45.6794293,1.0,NSF|MT|BOZEMAN,30031,Gallatin,source_coordinate_within_county
2023376,Yale University,CT,New Haven city,-72.9250518,41.3082138,1.0,NSF|CT|NEW HAVEN,09170,South Central Connecticut,source_coordinate_within_county
2028968,Florida Atlantic University,FL,Boca Raton city,-80.0830984,26.3586885,1.0,NSF|FL|BOCA RATON,12099,Palm Beach,source_coordinate_within_county
1947017,Northeastern University,MA,Boston city,-71.0578303,42.3588336,1.0,NSF|MA|BOSTON,25025,Suffolk,source_coordinate_within_county
1920958,Portland State University,OR,Portland city,-122.674194,45.5202471,1.0,NSF|OR|PORTLAND,41051,Multnomah,source_coordinate_within_county
2218748,Massachusetts Institute of Technology,MA,Cambridge city,-71.1040018,42.3656347,1.0,NSF|MA|CAMBRIDGE,25017,Middlesex,source_coordinate_within_county
1932004,Pennsylvania State Univ University Park,PA,College township,-77.8710571,40.8128971,1.0,NSF|PA|UNIVERSITY PARK,42027,Centre,source_coordinate_within_county
2126828,"MAREL POWER SOLUTIONS, INC.",MI,Plymouth city,-83.4675021,42.3712,1.0,NSF|MI|PLYMOUTH,26163,Wayne,source_coordinate_within_county
2111718,REEFGEN INC.,CA,San Francisco city,-122.4075201,37.7879363,1.0,NSF|CA|SAN FRANCISCO,06075,San Francisco,source_coordinate_within_county
2141073,University of Virginia Main Campus,VA,Charlottesville city,-78.4766781,38.029306,1.0,NSF|VA|CHARLOTTESVILLE,51540,Charlottesville,source_coordinate_within_county
2236021,University of California-Santa Barbara,CA,Santa Barbara city,-119.702667,34.4221319,1.0,NSF|CA|SANTA BARBARA,06083,Santa Barbara,source_coordinate_within_county
2232494,New York University,NY,New York city,-74.0060152,40.7127281,1.0,NSF|NY|NEW YORK,36061,New York,source_coordinate_within_county
2212545,Southern Illinois University at Carbondale,IL,Carbondale city,-89.216655,37.7274692,1.0,NSF|IL|CARBONDALE,17077,Jackson,source_coordinate_within_county
2043988,University of Houston,TX,Houston city,-95.3676974,29.7589382,1.0,NSF|TX|HOUSTON,48201,Harris,source_coordinate_within_county
2053694,Central Michigan University,MI,Mount Pleasant city,-84.7668495,43.597646,0.5,NSF|MI|MOUNT PLEASANT,26073,Isabella,source_coordinate_within_county
2053836,University of California-Davis,CA,Davis city,-121.739005,38.5435526,0.5,NSF|CA|DAVIS,06113,Yolo,source_coordinate_within_county
2151571,Vanderbilt University,TN,Nashville-Davidson metropolitan government (balance),-86.7742984,36.1622767,0.333333333333,NSF|TN|NASHVILLE,47037,Davidson,source_coordinate_within_county
2037545,William Marsh Rice University,TX,Houston city,-95.3676974,29.7589382,1.0,NSF|TX|HOUSTON,48201,Harris,source_coordinate_within_county
2045978,University of Houston,TX,Houston city,-95.3676974,29.7589382,0.5,NSF|TX|HOUSTON,48201,Harris,source_coordinate_within_county
2046243,University of Washington,WA,Seattle city,-122.330062,47.6038321,0.5,NSF|WA|SEATTLE,53033,King,source_coordinate_within_county
1949033,University of Hawaii,HI,Urban Honolulu CDP,-157.855676,21.304547,1.0,NSF|HI|HONOLULU,15003,Honolulu,source_coordinate_within_county
1921504,University of Virginia Main Campus,VA,Charlottesville city,-78.4766781,38.029306,0.2,NSF|VA|CHARLOTTESVILLE,51540,Charlottesville,source_coordinate_within_county
1939447,University of North Carolina at Chapel Hill,NC,Chapel Hill town,-79.05578,35.9131542,1.0,NSF|NC|CHAPEL HILL,37135,Orange,source_coordinate_within_county
1928119,University Corporation For Atmospheric Res,CO,Boulder city,-105.270545,40.0149856,0.5,NSF|CO|BOULDER,08013,Boulder,source_coordinate_within_county
1921583,San Jose State University Foundation,CA,San Jose city,-121.890591,37.3361663,0.2,NSF|CA|SAN JOSE,06085,Santa Clara,source_coordinate_within_county
1921546,SUNY at Albany,NY,Albany city,-73.754968,42.6511674,0.2,NSF|NY|ALBANY,36001,Albany,source_coordinate_within_county
1921554,University of Notre Dame,IN,Notre Dame CDP,-86.2373691,41.6992003,0.2,NSF|IN|NOTRE DAME,18141,St. Joseph,source_coordinate_within_county
1921596,University of Colorado at Boulder,CO,Boulder city,-105.270545,40.0149856,0.2,NSF|CO|BOULDER,08013,Boulder,source_coordinate_within_county
1928112,Vanderbilt University,TN,Nashville-Davidson metropolitan government (balance),-86.7742984,36.1622767,0.5,NSF|TN|NASHVILLE,47037,Davidson,source_coordinate_within_county
2150725,University of Florida,FL,Gainesville city,-82.3249846,29.6519684,0.5,NSF|FL|GAINESVILLE,12001,Alachua,source_coordinate_within_county
2049858,Colorado State University,CO,Fort Collins city,-105.0770113,40.5871782,1.0,NSF|CO|FORT COLLINS,08069,Larimer,source_coordinate_within_county
2128030,SUNY at Buffalo,NY,Amherst town,-78.7997616,42.9783924,1.0,NSF|NY|AMHERST,36029,Erie,source_coordinate_within_county
2049262,Syracuse University,NY,Syracuse city,-76.1474244,43.0481221,1.0,NSF|NY|SYRACUSE,36067,Onondaga,source_coordinate_within_county
2126096,Texas Tech University,TX,Lubbock city,-101.8470215,33.5855677,0.5,NSF|TX|LUBBOCK,48303,Lubbock,source_coordinate_within_county
2049201,University of North Carolina at Chapel Hill,NC,Chapel Hill town,-79.05578,35.9131542,1.0,NSF|NC|CHAPEL HILL,37135,Orange,source_coordinate_within_county
2302731,Iowa State University,IA,Ames city,-93.6170448,42.0267567,1.0,NSF|IA|AMES,19169,Story,source_coordinate_within_county
2220553,University of Oklahoma Norman Campus,OK,Norman city,-97.4394816,35.2225717,1.0,NSF|OK|NORMAN,40027,Cleveland,source_coordinate_within_county
2205990,Stanford University,CA,Stanford CDP,-122.1702445,37.427467,1.0,NSF|CA|STANFORD,06085,Santa Clara,source_coordinate_within_county
2348674,University of Rhode Island,RI,Kingston CDP,-71.5227103,41.4801166,1.0,NSF|RI|KINGSTON,44009,Washington,source_coordinate_within_county
2306373,Gordon Research Conferences,RI,East Greenwich town,-71.4558911,41.6603788,1.0,NSF|RI|EAST GREENWICH,44003,Kent,source_coordinate_within_county
2136377,Woods Hole Oceanographic Institution,MA,Woods Hole CDP,-70.6694015,41.5238752,1.0,NSF|MA|WOODS HOLE,25001,Barnstable,source_coordinate_within_county
2347450,Texas State University - San Marcos,TX,San Marcos city,-97.9405828,29.8826436,1.0,NSF|TX|SAN MARCOS,48209,Hays,source_coordinate_within_county
2412419,University of Alaska Anchorage Campus,AK,Anchorage municipality,-149.894852,61.2163129,1.0,NSF|AK|ANCHORAGE,02020,Anchorage,source_coordinate_within_county
2228047,Wake Forest University,NC,Winston-Salem city,-80.2440518,36.0998131,1.0,NSF|NC|WINSTON SALEM,37067,Forsyth,source_coordinate_within_county
2343972,North Dakota State University Fargo,ND,Fargo city,-96.789821,46.877229,1.0,NSF|ND|FARGO,38017,Cass,source_coordinate_within_county
2428634,George Mason University,VA,Fairfax city,-77.3063733,38.8462236,1.0,NSF|VA|FAIRFAX,51600,Fairfax,source_coordinate_within_county
2345775,HYPERKELP INC,CA,San Clemente city,-117.6124179,33.4270275,1.0,NSF|CA|SAN CLEMENTE,06059,Orange,source_coordinate_within_county
2344042,University of Maryland Center for Environmental Sciences,MD,Cambridge city,-76.077268,38.5700533,1.0,NSF|MD|CAMBRIDGE,24019,Dorchester,source_coordinate_within_county
2330829,Environmental Law Institute,DC,Washington city,-77.0363849,38.8950982,1.0,NSF|DC|WASHINGTON,11001,District of Columbia,source_coordinate_within_county
2444043,Boston College,MA,Brookline CDP,-71.1639439,42.3234553,1.0,NSF|MA|CHESTNUT HILL,25021,Norfolk,source_coordinate_within_county
2437386,University of Pennsylvania,PA,Philadelphia city,-75.1635262,39.9527237,1.0,NSF|PA|PHILADELPHIA,42101,Philadelphia,source_coordinate_within_county
2401101,University of South Florida,FL,Tampa city,-82.4583107,27.9449854,1.0,NSF|FL|TAMPA,12057,Hillsborough,source_coordinate_within_county
2223944,BOTELMOT RESEARCH LLC,FL,Ormond Beach city,-81.0557921,29.2854132,1.0,NSF|FL|ORMOND BEACH,12127,Volusia,source_coordinate_within_county
1844720,University of Iowa,IA,Iowa City city,-91.5299106,41.6612561,1.0,NSF|IA|IOWA CITY,19103,Johnson,source_coordinate_within_county
1854564,Massachusetts Institute of Technology,MA,Cambridge city,-71.1040018,42.3656347,1.0,NSF|MA|CAMBRIDGE,25017,Middlesex,source_coordinate_within_county
1560812,Mount Holyoke College,MA,South Hadley town,-72.5751341,42.2591392,1.0,NSF|MA|SOUTH HADLEY,25015,Hampshire,source_coordinate_within_county
1728549,University of California-Irvine,CA,Irvine city,-117.825981,33.6856969,1.0,NSF|CA|IRVINE,06059,Orange,source_coordinate_within_county
2122247,University of Washington,WA,Seattle city,-122.330062,47.6038321,1.0,NSF|WA|SEATTLE,53033,King,source_coordinate_within_county
1627432,Carnegie Mellon University,PA,Pittsburgh city,-80.0025666,40.4406968,1.0,NSF|PA|PITTSBURGH,42003,Allegheny,source_coordinate_within_county
1624618,Walters Wendell W,IN,Lafayette city,-86.8919011,40.4191229,1.0,NSF|IN|LAFAYETTE,18157,Tippecanoe,source_coordinate_within_county
1558259,"University of Maryland, College Park",MD,College Park city,-76.9369189,38.980666,1.0,NSF|MD|COLLEGE PARK,24033,Prince George's,source_coordinate_within_county
1608775,Cornell University,NY,Ithaca city,-76.4968019,42.4396039,1.0,NSF|NY|ITHACA,36109,Tompkins,source_coordinate_within_county
1623875,Texas A&M Engineering Experiment Station,TX,College Station city,-96.3455991,30.6183939,1.0,NSF|TX|COLLEGE STATION,48041,Brazos,source_coordinate_within_county
1934276,North Carolina State University,NC,Raleigh city,-78.6390989,35.7803977,1.0,NSF|NC|RALEIGH,37183,Wake,source_coordinate_within_county
1916110,Carnegie Mellon University,PA,Pittsburgh city,-80.0025666,40.4406968,0.333333333333,NSF|PA|PITTSBURGH,42003,Allegheny,source_coordinate_within_county
1915933,University of Washington,WA,Seattle city,-122.330062,47.6038321,0.333333333333,NSF|WA|SEATTLE,53033,King,source_coordinate_within_county
1847237,University of Illinois at Urbana-Champaign,IL,Urbana city,-88.207301,40.1117174,1.0,NSF|IL|URBANA,17019,Champaign,source_coordinate_within_county
1915946,Virginia Polytechnic Institute and State University,VA,Blacksburg town,-80.4136767,37.2296566,0.333333333333,NSF|VA|BLACKSBURG,51121,Montgomery,source_coordinate_within_county
1701526,University of California-Los Angeles,CA,Los Angeles city,-118.242766,34.0536909,1.0,NSF|CA|LOS ANGELES,06037,Los Angeles,source_coordinate_within_county
1920361,"Nevada System of Higher Education, Desert Research Institute",NV,Reno city,-119.812658,39.5261788,1.0,NSF|NV|RENO,32031,Washoe,source_coordinate_within_county
1901786,University of Washington,WA,Seattle city,-122.330062,47.6038321,1.0,NSF|WA|SEATTLE,53033,King,source_coordinate_within_county
1831168,Bakman Technologies LLC,CA,Los Angeles city,-118.5010456,34.1938237,1.0,NSF|CA|LAKE BALBOA,06037,Los Angeles,source_coordinate_within_county
1904128,University of Washington,WA,Seattle city,-122.330062,47.6038321,0.5,NSF|WA|SEATTLE,53033,King,source_coordinate_within_county
1926817,Washington University,MO,St. Louis city,-90.190009,38.6254063,1.0,NSF|MO|SAINT LOUIS,29510,St. Louis,source_coordinate_within_county
1904142,South Dakota State University,SD,Brookings city,-96.79844,44.311461,0.5,NSF|SD|BROOKINGS,46011,Brookings,source_coordinate_within_county
2117158,National Bureau of Economic Research Inc,MA,Cambridge city,-71.1040018,42.3656347,1.0,NSF|MA|CAMBRIDGE,25017,Middlesex,source_coordinate_within_county
2117049,University of Utah,UT,Salt Lake City city,-111.886797,40.7596198,1.0,NSF|UT|SALT LAKE CITY,49035,Salt Lake,source_coordinate_within_county
1751601,North Carolina State University,NC,Raleigh city,-78.6390989,35.7803977,1.0,NSF|NC|RALEIGH,37183,Wake,source_coordinate_within_county
2049902,Arizona State University,AZ,Scottsdale city,-111.926018,33.4942189,1.0,NSF|AZ|SCOTTSDALE,04013,Maricopa,source_coordinate_within_county
2049263,Massachusetts Institute of Technology,MA,Cambridge city,-71.1040018,42.3656347,0.333333333333,NSF|MA|CAMBRIDGE,25017,Middlesex,source_coordinate_within_county
1938665,Hyphae Design Lab,CA,Oakland city,-122.271356,37.8044557,1.0,NSF|CA|OAKLAND,06001,Alameda,source_coordinate_within_county
2049446,SUNY at Albany,NY,Albany city,-73.754968,42.6511674,0.333333333333,NSF|NY|ALBANY,36001,Albany,source_coordinate_within_county
2200648,North Carolina Agricultural & Technical State University,NC,Greensboro city,-79.7919754,36.0726355,1.0,NSF|NC|GREENSBORO,37081,Guilford,source_coordinate_within_county
2221915,Texas Tech University,TX,Lubbock city,-101.8470215,33.5855677,1.0,NSF|TX|LUBBOCK,48303,Lubbock,source_coordinate_within_county
2027199,Louisiana State University,LA,Baton Rouge city,-91.1869659,30.4494155,1.0,NSF|LA|BATON ROUGE,22033,East Baton Rouge,source_coordinate_within_county
2146929,University of Alaska Fairbanks Campus,AK,Fairbanks city,-147.716675,64.837845,1.0,NSF|AK|FAIRBANKS,02090,Fairbanks North Star,source_coordinate_within_county
2109240,University of California-Los Angeles,CA,Los Angeles city,-118.242766,34.0536909,0.2,NSF|CA|LOS ANGELES,06037,Los Angeles,source_coordinate_within_county
2136751,"EMVOLON, INC.",MA,Sharon CDP,-71.1787282,42.1237328,1.0,NSF|MA|SHARON,25021,Norfolk,source_coordinate_within_county
2109023,University of New Hampshire,NH,Durham CDP,-70.9177186,43.1214141,0.2,NSF|NH|DURHAM,33017,Strafford,source_coordinate_within_county
2109098,University of Houston,TX,Houston city,-95.3676974,29.7589382,0.2,NSF|TX|HOUSTON,48201,Harris,source_coordinate_within_county
2109011,University of California-Davis,CA,Davis city,-121.739005,38.5435526,0.2,NSF|CA|DAVIS,06113,Yolo,source_coordinate_within_county
2306215,"Riches, Mary Jean",CO,Fort Collins city,-105.0770113,40.5871782,1.0,NSF|CO|FORT COLLINS,08069,Larimer,source_coordinate_within_county
2109134,University of Alaska Fairbanks Campus,AK,Fairbanks city,-147.716675,64.837845,0.2,NSF|AK|FAIRBANKS,02090,Fairbanks North Star,source_coordinate_within_county
1954925,West Virginia University Research Corporation,WV,Morgantown city,-79.9559437,39.6296809,1.0,NSF|WV|MORGANTOWN,54061,Monongalia,source_coordinate_within_county
1830047,Oregon State University,OR,Corvallis city,-123.2620435,44.5645659,0.333333333333,NSF|OR|CORVALLIS,41003,Benton,source_coordinate_within_county
1829803,University of California-Davis,CA,Davis city,-121.739005,38.5435526,0.333333333333,NSF|CA|DAVIS,06113,Yolo,source_coordinate_within_county
1829893,University of Washington,WA,Seattle city,-122.330062,47.6038321,0.333333333333,NSF|WA|SEATTLE,53033,King,source_coordinate_within_county
1753364,University of California-Riverside,CA,Riverside city,-117.374238,33.9824949,1.0,NSF|CA|RIVERSIDE,06065,Riverside,source_coordinate_within_county
2012149,University of Illinois at Urbana-Champaign,IL,Urbana city,-88.207301,40.1117174,1.0,NSF|IL|URBANA,17019,Champaign,source_coordinate_within_county
2009726,University of North Carolina at Chapel Hill,NC,Chapel Hill town,-79.05578,35.9131542,1.0,NSF|NC|CHAPEL HILL,37135,Orange,source_coordinate_within_county
1949910,University of Notre Dame,IN,Notre Dame CDP,-86.2373691,41.6992003,0.5,NSF|IN|NOTRE DAME,18141,St. Joseph,source_coordinate_within_county
1838024,"Board of Regents, NSHE, obo University of Nevada, Reno",NV,Reno city,-119.812658,39.5261788,1.0,NSF|NV|RENO,32031,Washoe,source_coordinate_within_county
1949962,"Board of Regents, NSHE, obo University of Nevada, Reno",NV,Reno city,-119.812658,39.5261788,0.5,NSF|NV|RENO,32031,Washoe,source_coordinate_within_county
1838022,College of William and Mary,VA,Williamsburg city,-76.700035,37.2712497,1.0,NSF|VA|WILLIAMSBURG,51830,Williamsburg,source_coordinate_within_county
2218009,University of Colorado at Boulder,CO,Boulder city,-105.270545,40.0149856,1.0,NSF|CO|BOULDER,08013,Boulder,source_coordinate_within_county
2326861,ROTOHEATER LLC,MI,Ann Arbor city,-83.7484616,42.2813722,1.0,NSF|MI|ANN ARBOR,26161,Washtenaw,source_coordinate_within_county
2304402,Colorado State University,CO,Fort Collins city,-105.0770113,40.5871782,1.0,NSF|CO|FORT COLLINS,08069,Larimer,source_coordinate_within_county
2344395,Princeton University,NJ,Princeton,-74.6597376,40.3496953,1.0,NSF|NJ|PRINCETON,34021,Mercer,source_coordinate_within_county
2434980,Tufts University,MA,Medford city,-71.1061639,42.4184296,0.333333333333,NSF|MA|MEDFORD,25017,Middlesex,source_coordinate_within_county
2228928,EXOPOWER INC.,CO,Grand Junction city,-108.56448,39.0672568,1.0,NSF|CO|GRAND JUNCTION,08077,Mesa,source_coordinate_within_county
2228149,POLLUX TECHNOLOGIES LLC,NJ,East Brunswick township,-74.415984,40.4278841,1.0,NSF|NJ|EAST BRUNSWICK,34023,Middlesex,source_coordinate_within_county
1705972,University of North Carolina at Chapel Hill,NC,Chapel Hill town,-79.05578,35.9131542,0.5,NSF|NC|CHAPEL HILL,37135,Orange,source_coordinate_within_county
2218499,Hyphae Design Lab,CA,Oakland city,-122.271356,37.8044557,1.0,NSF|CA|OAKLAND,06001,Alameda,source_coordinate_within_county
1660502,Louisiana State University,LA,Baton Rouge city,-91.1869659,30.4494155,1.0,NSF|LA|BATON ROUGE,22033,East Baton Rouge,source_coordinate_within_county
1623912,University of Massachusetts Lowell,MA,Lowell city,-71.3085329,42.6414437,1.0,NSF|MA|LOWELL,25017,Middlesex,source_coordinate_within_county
1706009,North Carolina State University,NC,Raleigh city,-78.6390989,35.7803977,0.5,NSF|NC|RALEIGH,37183,Wake,source_coordinate_within_county
1650055,University Corporation For Atmospheric Res,CO,Boulder city,-105.270545,40.0149856,1.0,NSF|CO|BOULDER,08013,Boulder,source_coordinate_within_county
1624947,Iowa State University,IA,Ames city,-93.6170448,42.0267567,1.0,NSF|IA|AMES,19169,Story,source_coordinate_within_county
1617040,Clemson University,SC,Clemson city,-82.8364111,34.6850749,1.0,NSF|SC|CLEMSON,45077,Pickens,source_coordinate_within_county
1760344,Louisiana State University,LA,Baton Rouge city,-91.1869659,30.4494155,1.0,NSF|LA|BATON ROUGE,22033,East Baton Rouge,source_coordinate_within_county
1748816,Missouri State University,MO,Springfield city,-93.2922715,37.2081729,1.0,NSF|MO|SPRINGFIELD,29077,Greene,source_coordinate_within_county
1660432,University of North Carolina Greensboro,NC,Greensboro city,-79.7919754,36.0726355,1.0,NSF|NC|GREENSBORO,37081,Guilford,source_coordinate_within_county
1759963,University of Texas at San Antonio,TX,San Antonio city,-98.4951405,29.4246002,1.0,NSF|TX|SAN ANTONIO,48029,Bexar,source_coordinate_within_county
1760296,Virginia Polytechnic Institute and State University,VA,Blacksburg town,-80.4136767,37.2296566,1.0,NSF|VA|BLACKSBURG,51121,Montgomery,source_coordinate_within_county
1743991,University of Iowa,IA,Iowa City city,-91.5299106,41.6612561,1.0,NSF|IA|IOWA CITY,19103,Johnson,source_coordinate_within_county
1741042,University of California-Berkeley,CA,Berkeley city,-122.272863,37.8708393,1.0,NSF|CA|BERKELEY,06001,Alameda,source_coordinate_within_county
1644650,East Carolina University,NC,Greenville city,-77.3724593,35.613224,1.0,NSF|NC|GREENVILLE,37147,Pitt,source_coordinate_within_county
1713922,Florida Atlantic University,FL,Boca Raton city,-80.0830984,26.3586885,1.0,NSF|FL|BOCA RATON,12099,Palm Beach,source_coordinate_within_county
1763167,University of Texas at Austin,TX,Austin city,-97.7436995,30.2711286,1.0,NSF|TX|AUSTIN,48453,Travis,source_coordinate_within_county
1762157,Texas A&M University,TX,College Station city,-96.3455991,30.6183939,1.0,NSF|TX|COLLEGE STATION,48041,Brazos,source_coordinate_within_county
1664040,University of Notre Dame,IN,Notre Dame CDP,-86.2373691,41.6992003,0.5,NSF|IN|NOTRE DAME,18141,St. Joseph,source_coordinate_within_county
1664037,North Carolina State University,NC,Raleigh city,-78.6390989,35.7803977,0.5,NSF|NC|RALEIGH,37183,Wake,source_coordinate_within_county
1737221,College of William & Mary Virginia Institute of Marine Science,VA,Gloucester Point CDP,-76.496899,37.2540351,0.5,NSF|VA|GLOUCESTER POINT,51073,Gloucester,source_coordinate_within_county
1663859,University of Washington,WA,Seattle city,-122.330062,47.6038321,1.0,NSF|WA|SEATTLE,53033,King,source_coordinate_within_county
1737287,North Carolina State University,NC,Raleigh city,-78.6390989,35.7803977,0.5,NSF|NC|RALEIGH,37183,Wake,source_coordinate_within_county
1711642,University of North Carolina Greensboro,NC,Greensboro city,-79.7919754,36.0726355,1.0,NSF|NC|GREENSBORO,37081,Guilford,source_coordinate_within_county
1660244,The Water Institute of the Gulf,LA,Baton Rouge city,-91.1869659,30.4494155,1.0,NSF|LA|BATON ROUGE,22033,East Baton Rouge,source_coordinate_within_county
1851362,Regents of the University of Michigan - Ann Arbor,MI,Ann Arbor city,-83.7484616,42.2813722,1.0,NSF|MI|ANN ARBOR,26161,Washtenaw,source_coordinate_within_county
1738057,San Jose State University Foundation,CA,San Jose city,-121.890591,37.3361663,1.0,NSF|CA|SAN JOSE,06085,Santa Clara,source_coordinate_within_county
1929074,University of Texas at Austin,TX,Austin city,-97.7436995,30.2711286,1.0,NSF|TX|AUSTIN,48453,Travis,source_coordinate_within_county
1936183,Yale University,CT,New Haven city,-72.9250518,41.3082138,1.0,NSF|CT|NEW HAVEN,09170,South Central Connecticut,source_coordinate_within_county
1903735,University of Alaska Fairbanks Campus,AK,Fairbanks city,-147.716675,64.837845,1.0,NSF|AK|FAIRBANKS,02090,Fairbanks North Star,source_coordinate_within_county
2014171,California Polytechnic State University Foundation,CA,San Luis Obispo city,-120.659615,35.2827525,1.0,NSF|CA|SAN LUIS OBISPO,06079,San Luis Obispo,source_coordinate_within_county
1854966,University Corporation For Atmospheric Res,CO,Boulder city,-105.270545,40.0149856,1.0,NSF|CO|BOULDER,08013,Boulder,source_coordinate_within_county
1854761,University of California-Los Angeles,CA,Los Angeles city,-118.242766,34.0536909,0.5,NSF|CA|LOS ANGELES,06037,Los Angeles,source_coordinate_within_county
1854940,University Corporation For Atmospheric Res,CO,Boulder city,-105.270545,40.0149856,0.5,NSF|CO|BOULDER,08013,Boulder,source_coordinate_within_county
1852651,Kansas State University,KS,Manhattan city,-96.5716694,39.1836082,0.333333333333,NSF|KS|MANHATTAN,20161,Riley,source_coordinate_within_county
1852652,Texas A&M University,TX,College Station city,-96.3455991,30.6183939,0.333333333333,NSF|TX|COLLEGE STATION,48041,Brazos,source_coordinate_within_county
1852653,University of Texas at Austin,TX,Austin city,-97.7436995,30.2711286,0.333333333333,NSF|TX|AUSTIN,48453,Travis,source_coordinate_within_county
2030139,Stanford University,CA,Stanford CDP,-122.1702445,37.427467,1.0,NSF|CA|STANFORD,06085,Santa Clara,source_coordinate_within_county
2052268,University of South Florida,FL,Tampa city,-82.4583107,27.9449854,1.0,NSF|FL|TAMPA,12057,Hillsborough,source_coordinate_within_county
2102886,University of North Carolina at Wilmington,NC,Wilmington city,-77.9487284,34.2352853,0.5,NSF|NC|WILMINGTON,37129,New Hanover,source_coordinate_within_county
2102888,Indiana University,IN,Bloomington city,-86.5342881,39.1670396,0.5,NSF|IN|BLOOMINGTON,18105,Monroe,source_coordinate_within_county
2052443,Northeastern University,MA,Boston city,-71.0578303,42.3588336,0.5,NSF|MA|BOSTON,25025,Suffolk,source_coordinate_within_county
2052656,Woods Hole Oceanographic Institution,MA,Woods Hole CDP,-70.6694015,41.5238752,0.5,NSF|MA|WOODS HOLE,25001,Barnstable,source_coordinate_within_county
2127607,University of Denver,CO,Denver city,-104.984862,39.7392364,1.0,NSF|CO|DENVER,08031,Denver,source_coordinate_within_county
1906073,University of Rhode Island,RI,Kingston CDP,-71.5227103,41.4801166,1.0,NSF|RI|KINGSTON,44009,Washington,source_coordinate_within_county
1901186,East Carolina University,NC,Greenville city,-77.3724593,35.613224,1.0,NSF|NC|GREENVILLE,37147,Pitt,source_coordinate_within_county
1902126,Northeastern University,MA,Boston city,-71.0578303,42.3588336,0.5,NSF|MA|BOSTON,25025,Suffolk,source_coordinate_within_county
1823121,SUNY at Stony Brook,NY,Stony Brook CDP,-73.140943,40.9256538,1.0,NSF|NY|STONY BROOK,36103,Suffolk,source_coordinate_within_county
1818485,University of Washington,WA,Seattle city,-122.330062,47.6038321,1.0,NSF|WA|SEATTLE,53033,King,source_coordinate_within_county
1823530,University of Minnesota-Twin Cities,MN,Minneapolis city,-93.2654692,44.9772995,1.0,NSF|MN|MINNEAPOLIS,27053,Hennepin,source_coordinate_within_county
1901818,Coastal Carolina University,SC,Conway city,-79.0478143,33.8360035,0.5,NSF|SC|CONWAY,45051,Horry,source_coordinate_within_county
1832294,Pennsylvania State Univ University Park,PA,College township,-77.8710571,40.8128971,1.0,NSF|PA|UNIVERSITY PARK,42027,Centre,source_coordinate_within_county
1744433,Bates College,ME,Lewiston city,-70.2177099,44.0990717,0.5,NSF|ME|LEWISTON,23001,Androscoggin,source_coordinate_within_county
1804107,Northeastern University,MA,Boston city,-71.0578303,42.3588336,0.333333333333,NSF|MA|BOSTON,25025,Suffolk,source_coordinate_within_county
1834290,University of Colorado at Boulder,CO,Boulder city,-105.270545,40.0149856,1.0,NSF|CO|BOULDER,08013,Boulder,source_coordinate_within_county
1744515,University of Massachusetts Amherst,MA,Amherst Town city,-72.5198761,42.3731948,0.5,NSF|MA|AMHERST,25015,Hampshire,source_coordinate_within_county
1804799,Coastal Carolina University,SC,Conway city,-79.0478143,33.8360035,0.333333333333,NSF|SC|CONWAY,45051,Horry,source_coordinate_within_county
1829221,Texas A&M University,TX,College Station city,-96.3455991,30.6183939,0.5,NSF|TX|COLLEGE STATION,48041,Brazos,source_coordinate_within_county
1828920,Woods Hole Oceanographic Institution,MA,Woods Hole CDP,-70.6694015,41.5238752,0.5,NSF|MA|WOODS HOLE,25001,Barnstable,source_coordinate_within_county
1803056,Woods Hole Oceanographic Institution,MA,Woods Hole CDP,-70.6694015,41.5238752,0.333333333333,NSF|MA|WOODS HOLE,25001,Barnstable,source_coordinate_within_county
1824223,University of Oregon Eugene,OR,Eugene city,-123.0950506,44.0505054,1.0,NSF|OR|EUGENE,41039,Lane,source_coordinate_within_county
2028151,University of Oklahoma Norman Campus,OK,Norman city,-97.4394816,35.2225717,1.0,NSF|OK|NORMAN,40027,Cleveland,source_coordinate_within_county
2055100,University of California-Riverside,CA,Riverside city,-117.374238,33.9824949,1.0,NSF|CA|RIVERSIDE,06065,Riverside,source_coordinate_within_county
2002467,Columbia University,NY,New York city,-74.0060152,40.7127281,0.5,NSF|NY|NEW YORK,36061,New York,source_coordinate_within_county
2002465,Barnard College,NY,New York city,-74.0060152,40.7127281,0.5,NSF|NY|NEW YORK,36061,New York,source_coordinate_within_county
1938101,Pekosoft LLC,PA,Ambler borough,-75.2221643,40.1544727,1.0,NSF|PA|AMBLER,42091,Montgomery,source_coordinate_within_county
2035685,Clemson University,SC,Clemson city,-82.8364111,34.6850749,0.5,NSF|SC|CLEMSON,45077,Pickens,source_coordinate_within_county
1928850,Florida International University,FL,Miami city,-80.1935973,25.7741566,1.0,NSF|FL|MIAMI,12086,Miami-Dade,source_coordinate_within_county
1901202,University of North Carolina at Chapel Hill,NC,Chapel Hill town,-79.05578,35.9131542,0.5,NSF|NC|CHAPEL HILL,37135,Orange,source_coordinate_within_county
1903329,Wayne State University,MI,Detroit city,-83.0466403,42.3315509,1.0,NSF|MI|DETROIT,26163,Wayne,source_coordinate_within_county
1901646,University of South Carolina at Columbia,SC,Columbia city,-81.0352313,34.000754,0.5,NSF|SC|COLUMBIA,45079,Richland,source_coordinate_within_county
1855567,Virginia Polytechnic Institute and State University,VA,Blacksburg town,-80.4136767,37.2296566,1.0,NSF|VA|BLACKSBURG,51121,Montgomery,source_coordinate_within_county
1825341,University of Colorado at Denver-Downtown Campus,CO,Denver city,-104.984862,39.7392364,0.5,NSF|CO|DENVER,08031,Denver,source_coordinate_within_county
1822307,Virginia Polytechnic Institute and State University,VA,Blacksburg town,-80.4136767,37.2296566,1.0,NSF|VA|BLACKSBURG,51121,Montgomery,source_coordinate_within_county
1826322,Texas A&M University,TX,College Station city,-96.3455991,30.6183939,0.5,NSF|TX|COLLEGE STATION,48041,Brazos,source_coordinate_within_county
2300627,University of Louisville Research Foundation Inc,KY,Louisville city,-85.759407,38.2542376,1.0,NSF|KY|LOUISVILLE,21111,Jefferson,source_coordinate_within_county
2301379,University of Puerto Rico Mayaguez,PR,Mayagüez zona urbana,-67.1391124,18.2011161,0.5,NSF|PR|MAYAGUEZ,72097,Mayagüez,source_coordinate_within_county
2306454,Florida Gulf Coast University,FL,Fort Myers city,-81.8723084,26.640628,1.0,NSF|FL|FORT MYERS,12071,Lee,source_coordinate_within_county
2223894,Virginia Polytechnic Institute and State University,VA,Blacksburg town,-80.4136767,37.2296566,1.0,NSF|VA|BLACKSBURG,51121,Montgomery,source_coordinate_within_county
2301378,Georgia Tech Research Corporation,GA,Atlanta city,-84.3898151,33.7544657,0.5,NSF|GA|ATLANTA,13121,Fulton,source_coordinate_within_county
2242120,University of Kentucky Research Foundation,KY,Lexington-Fayette urban county,-84.4970393,38.0464066,1.0,NSF|KY|LEXINGTON,21067,Fayette,source_coordinate_within_county
2139649,University of Iowa,IA,Iowa City city,-91.5299106,41.6612561,0.5,NSF|IA|IOWA CITY,19103,Johnson,source_coordinate_within_county
2139663,Tulane University,LA,New Orleans city,-90.0733934,29.9561422,0.5,NSF|LA|NEW ORLEANS,22071,Orleans,source_coordinate_within_county
2038759,University Corporation For Atmospheric Res,CO,Boulder city,-105.270545,40.0149856,0.333333333333,NSF|CO|BOULDER,08013,Boulder,source_coordinate_within_county
2344230,Regents of the University of Michigan - Ann Arbor,MI,Ann Arbor city,-83.7484616,42.2813722,1.0,NSF|MI|ANN ARBOR,26161,Washtenaw,source_coordinate_within_county
2039026,Northern Arizona University,AZ,Flagstaff city,-111.651822,35.1987522,0.333333333333,NSF|AZ|FLAGSTAFF,04005,Coconino,source_coordinate_within_county
2344982,University of California-Los Angeles,CA,Los Angeles city,-118.242766,34.0536909,1.0,NSF|CA|LOS ANGELES,06037,Los Angeles,source_coordinate_within_county
2238620,University of Oklahoma Norman Campus,OK,Norman city,-97.4394816,35.2225717,1.0,NSF|OK|NORMAN,40027,Cleveland,source_coordinate_within_county
2243776,University of Iowa,IA,Iowa City city,-91.5299106,41.6612561,1.0,NSF|IA|IOWA CITY,19103,Johnson,source_coordinate_within_county
2227357,University of Missouri-Columbia,MO,Columbia city,-92.3337366,38.951883,1.0,NSF|MO|COLUMBIA,29019,Boone,source_coordinate_within_county
2038589,Georgia Tech Research Corporation,GA,Atlanta city,-84.3898151,33.7544657,0.333333333333,NSF|GA|ATLANTA,13121,Fulton,source_coordinate_within_county
2334880,University of California-Davis,CA,Davis city,-121.739005,38.5435526,1.0,NSF|CA|DAVIS,06113,Yolo,source_coordinate_within_county
2313689,Embry-Riddle Aeronautical University,FL,Daytona Beach city,-81.0228331,29.2108147,1.0,NSF|FL|DAYTONA BEACH,12127,Volusia,source_coordinate_within_county
1901426,Spelman College,GA,Atlanta city,-84.3898151,33.7544657,1.0,NSF|GA|ATLANTA,13121,Fulton,source_coordinate_within_county
2035927,Mazdak International Inc.,WA,Sumas city,-122.2648972,49.0000479,1.0,NSF|WA|SUMAS,53073,Whatcom,source_coordinate_within_county
1939920,Florida Gulf Coast University,FL,Fort Myers city,-81.8723084,26.640628,1.0,NSF|FL|FORT MYERS,12071,Lee,source_coordinate_within_county
2115447,Portland State University,OR,Portland city,-122.674194,45.5202471,1.0,NSF|OR|PORTLAND,41051,Multnomah,source_coordinate_within_county
1946423,Massachusetts Institute of Technology,MA,Cambridge city,-71.1040018,42.3656347,1.0,NSF|MA|CAMBRIDGE,25017,Middlesex,source_coordinate_within_county
1931941,University of Illinois at Urbana-Champaign,IL,Urbana city,-88.207301,40.1117174,1.0,NSF|IL|URBANA,17019,Champaign,source_coordinate_within_county
1804255,"Board of Regents, NSHE, obo University of Nevada, Reno",NV,Reno city,-119.812658,39.5261788,1.0,NSF|NV|RENO,32031,Washoe,source_coordinate_within_county
1804229,Arizona State University,AZ,Scottsdale city,-111.926018,33.4942189,0.5,NSF|AZ|SCOTTSDALE,04013,Maricopa,source_coordinate_within_county
1802944,Georgia Tech Research Corporation,GA,Atlanta city,-84.3898151,33.7544657,0.5,NSF|GA|ATLANTA,13121,Fulton,source_coordinate_within_county
1803955,Orange County Water District,CA,Fountain Valley city,-117.9627349,33.7038145,1.0,NSF|CA|FOUNTAIN VALLEY,06059,Orange,source_coordinate_within_county
1805358,Regents of the University of Idaho,ID,Moscow city,-117.000165,46.7323875,1.0,NSF|ID|MOSCOW,16057,Latah,source_coordinate_within_county
1856058,Ohio University,OH,Athens city,-82.1012479,39.3289242,0.5,NSF|OH|ATHENS,39009,Athens,source_coordinate_within_county
1804232,University of Massachusetts Amherst,MA,Amherst Town city,-72.5198761,42.3731948,1.0,NSF|MA|AMHERST,25015,Hampshire,source_coordinate_within_county
1802800,The Texas A&M University System HSC,TX,College Station city,-96.3455991,30.6183939,0.5,NSF|TX|COLLEGE STATION,48041,Brazos,source_coordinate_within_county
1803055,University of Wisconsin-Madison,WI,Madison city,-89.3841663,43.07469,1.0,NSF|WI|MADISON,55025,Dane,source_coordinate_within_county
1805058,SUNY at Buffalo,NY,Amherst town,-78.7997616,42.9783924,0.5,NSF|NY|AMHERST,36029,Erie,source_coordinate_within_county
2231723,Oregon State University,OR,Corvallis city,-123.2620435,44.5645659,1.0,NSF|OR|CORVALLIS,41003,Benton,source_coordinate_within_county
2212614,RADMANTIS LLC,OH,Toledo city,-83.5378173,41.6529143,1.0,NSF|OH|TOLEDO,39095,Lucas,source_coordinate_within_county
1614218,University of California-San Diego Scripps Inst of Oceanography,CA,San Diego city,-117.2740777,32.8401623,1.0,NSF|CA|LA JOLLA,06073,San Diego,source_coordinate_within_county
2123495,"Nevada System of Higher Education, Desert Research Institute",NV,Reno city,-119.812658,39.5261788,0.5,NSF|NV|RENO,32031,Washoe,source_coordinate_within_county
1647632,Vault Nano Inc,CA,Beverly Hills city,-118.3963062,34.0696501,1.0,NSF|CA|BEVERLY HILLS,06037,Los Angeles,source_coordinate_within_county
1636715,University of Oklahoma Norman Campus,OK,Norman city,-97.4394816,35.2225717,1.0,NSF|OK|NORMAN,40027,Cleveland,source_coordinate_within_county
1664329,University of Oklahoma Norman Campus,OK,Norman city,-97.4394816,35.2225717,1.0,NSF|OK|NORMAN,40027,Cleveland,source_coordinate_within_county
1612429,University of Pittsburgh,PA,Pittsburgh city,-80.0025666,40.4406968,1.0,NSF|PA|PITTSBURGH,42003,Allegheny,source_coordinate_within_county
1619958,University of North Carolina at Chapel Hill,NC,Chapel Hill town,-79.05578,35.9131542,1.0,NSF|NC|CHAPEL HILL,37135,Orange,source_coordinate_within_county
1606117,University of Alabama in Huntsville,AL,Huntsville city,-86.5859011,34.729847,1.0,NSF|AL|HUNTSVILLE,01089,Madison,source_coordinate_within_county
1603635,Pennsylvania State Univ University Park,PA,College township,-77.8710571,40.8128971,1.0,NSF|PA|UNIVERSITY PARK,42027,Centre,source_coordinate_within_county
1635026,SUNY at Buffalo,NY,Amherst town,-78.7997616,42.9783924,1.0,NSF|NY|AMHERST,36029,Erie,source_coordinate_within_county
1605088,Texas A&M Engineering Experiment Station,TX,College Station city,-96.3455991,30.6183939,0.5,NSF|TX|COLLEGE STATION,48041,Brazos,source_coordinate_within_county
1604715,Clarkson University,NY,Potsdam village,-74.9813349,44.6697996,0.5,NSF|NY|POTSDAM,36089,St. Lawrence,source_coordinate_within_county
1606190,Willamette University,OR,Salem city,-123.033121,44.9391565,1.0,NSF|OR|SALEM,41047,Marion,source_coordinate_within_county
1650098,University of Utah,UT,Salt Lake City city,-111.886797,40.7596198,0.5,NSF|UT|SALT LAKE CITY,49035,Salt Lake,source_coordinate_within_county
1604432,"OHIO STATE UNIVERSITY, THE",OH,Columbus city,-83.0007065,39.9622601,0.333333333333,NSF|OH|COLUMBUS,39049,Franklin,source_coordinate_within_county
1601288,Gordon Research Conferences,RI,East Greenwich town,-71.4558911,41.6603788,1.0,NSF|RI|EAST GREENWICH,44003,Kent,source_coordinate_within_county
1604475,University of Maryland Center for Environmental Sciences,MD,Cambridge city,-76.077268,38.5700533,0.333333333333,NSF|MD|CAMBRIDGE,24019,Dorchester,source_coordinate_within_county
1552353,West Virginia University Research Corporation,WV,Morgantown city,-79.9559437,39.6296809,0.5,NSF|WV|MORGANTOWN,54061,Monongalia,source_coordinate_within_county
1746545,Anfiro,MA,Cambridge city,-71.1040018,42.3656347,1.0,NSF|MA|CAMBRIDGE,25017,Middlesex,source_coordinate_within_county
1640701,University of Connecticut,CT,Storrs CDP,-72.2495231,41.8084314,1.0,NSF|CT|STORRS,09110,Capitol,source_coordinate_within_county
1758432,"AquaMetals, LLC",WI,Wauwatosa city,-88.0079271,43.0494122,1.0,NSF|WI|WAUWATOSA,55079,Milwaukee,source_coordinate_within_county
2035534,University of Georgia Research Foundation Inc,GA,Athens-Clarke County unified government (balance),-83.376398,33.9597677,1.0,NSF|GA|ATHENS,13059,Clarke,source_coordinate_within_county
1748982,Cornell University,NY,Ithaca city,-76.4968019,42.4396039,1.0,NSF|NY|ITHACA,36109,Tompkins,source_coordinate_within_county
1804708,Case Western Reserve University,OH,Cleveland city,-81.6936772,41.4996574,1.0,NSF|OH|CLEVELAND,39035,Cuyahoga,source_coordinate_within_county
1752601,University of Alaska Fairbanks Campus,AK,Fairbanks city,-147.716675,64.837845,1.0,NSF|AK|FAIRBANKS,02090,Fairbanks North Star,source_coordinate_within_county
1822101,University of Arkansas,AR,Fayetteville city,-94.1574328,36.0625843,1.0,NSF|AR|FAYETTEVILLE,05143,Washington,source_coordinate_within_county
1706343,University of Connecticut,CT,Storrs CDP,-72.2495231,41.8084314,1.0,NSF|CT|STORRS,09110,Capitol,source_coordinate_within_county
1762278,Portland State University,OR,Portland city,-122.674194,45.5202471,0.5,NSF|OR|PORTLAND,41051,Multnomah,source_coordinate_within_county
1660215,Amriton LLC,PA,Norristown borough,-75.3446458,40.1146022,1.0,NSF|PA|NORRISTOWN,42091,Montgomery,source_coordinate_within_county
1762245,Oregon State University,OR,Corvallis city,-123.2620435,44.5645659,1.0,NSF|OR|CORVALLIS,41003,Benton,source_coordinate_within_county
1823069,University of New Hampshire,NH,Durham CDP,-70.9177186,43.1214141,0.333333333333,NSF|NH|DURHAM,33017,Strafford,source_coordinate_within_county
2018104,Tennessee State University,TN,Nashville-Davidson metropolitan government (balance),-86.7742984,36.1622767,1.0,NSF|TN|NASHVILLE,47037,Davidson,source_coordinate_within_county
1916025,University of Minnesota-Twin Cities,MN,Minneapolis city,-93.2654692,44.9772995,0.5,NSF|MN|MINNEAPOLIS,27053,Hennepin,source_coordinate_within_county
1916686,Arizona State University,AZ,Scottsdale city,-111.926018,33.4942189,0.5,NSF|AZ|SCOTTSDALE,04013,Maricopa,source_coordinate_within_county
1927079,FLUIDION US Inc.,CA,Los Angeles city,-118.242766,34.0536909,1.0,NSF|CA|LOS ANGELES,06037,Los Angeles,source_coordinate_within_county
1935619,The University of Central Florida Board of Trustees,FL,Orlando city,-81.379045,28.5421218,1.0,NSF|FL|ORLANDO,12095,Orange,source_coordinate_within_county
1929972,Florida Atlantic University,FL,Boca Raton city,-80.0830984,26.3586885,1.0,NSF|FL|BOCA RATON,12099,Palm Beach,source_coordinate_within_county
1928909,Massachusetts Institute of Technology,MA,Cambridge city,-71.1040018,42.3656347,1.0,NSF|MA|CAMBRIDGE,25017,Middlesex,source_coordinate_within_county
1843847,"ZWITTERCO, LLC",MA,Cambridge city,-71.1040018,42.3656347,1.0,NSF|MA|CAMBRIDGE,25017,Middlesex,source_coordinate_within_county
2019726,"Noria Water Technologies, Inc",CA,Los Angeles city,-118.242766,34.0536909,1.0,NSF|CA|LOS ANGELES,06037,Los Angeles,source_coordinate_within_county
2026016,INFINITE COOLING INC.,MA,Malden city,-71.0683741,42.4268484,1.0,NSF|MA|MALDEN,25017,Middlesex,source_coordinate_within_county
2016472,New Jersey Institute of Technology,NJ,Newark city,-74.1723667,40.735657,1.0,NSF|NJ|NEWARK,34013,Essex,source_coordinate_within_county
2014659,RICH EARTH LLC,VT,Brattleboro CDP,-72.5572913,42.8507588,1.0,NSF|VT|BRATTLEBORO,50025,Windham,source_coordinate_within_county
2016168,New Jersey Institute of Technology,NJ,Newark city,-74.1723667,40.735657,1.0,NSF|NJ|NEWARK,34013,Essex,source_coordinate_within_county
1705088,Oklahoma State University,OK,Stillwater city,-97.0585717,36.1156306,0.5,NSF|OK|STILLWATER,40119,Payne,source_coordinate_within_county
1706552,Arizona State University,AZ,Scottsdale city,-111.926018,33.4942189,1.0,NSF|AZ|SCOTTSDALE,04013,Maricopa,source_coordinate_within_county
1701658,Yale University,CT,New Haven city,-72.9250518,41.3082138,1.0,NSF|CT|NEW HAVEN,09170,South Central Connecticut,source_coordinate_within_county
1705674,University of Arizona,AZ,Tucson city,-110.974847,32.2228765,0.5,NSF|AZ|TUCSON,04019,Pima,source_coordinate_within_county
1706059,University of California-Berkeley,CA,Berkeley city,-122.272863,37.8708393,0.5,NSF|CA|BERKELEY,06001,Alameda,source_coordinate_within_county
1705048,Vanderbilt University,TN,Nashville-Davidson metropolitan government (balance),-86.7742984,36.1622767,1.0,NSF|TN|NASHVILLE,47037,Davidson,source_coordinate_within_county
1748019,University of Notre Dame,IN,Notre Dame CDP,-86.2373691,41.6992003,0.5,NSF|IN|NOTRE DAME,18141,St. Joseph,source_coordinate_within_county
1705284,"University of Maryland, College Park",MD,College Park city,-76.9369189,38.980666,0.5,NSF|MD|COLLEGE PARK,24033,Prince George's,source_coordinate_within_county
1738307,Montana State University,MT,Bozeman city,-111.044047,45.6794293,1.0,NSF|MT|BOZEMAN,30031,Gallatin,source_coordinate_within_county
1653356,University of Pittsburgh,PA,Pittsburgh city,-80.0025666,40.4406968,0.5,NSF|PA|PITTSBURGH,42003,Allegheny,source_coordinate_within_county
1654958,Gordon Research Conferences,RI,East Greenwich town,-71.4558911,41.6603788,1.0,NSF|RI|EAST GREENWICH,44003,Kent,source_coordinate_within_county
2131222,University of South Florida,FL,Tampa city,-82.4583107,27.9449854,1.0,NSF|FL|TAMPA,12057,Hillsborough,source_coordinate_within_county
2325719,University of Tennessee Knoxville,TN,Knoxville city,-83.9210261,35.9603948,1.0,NSF|TN|KNOXVILLE,47093,Knox,source_coordinate_within_county
2045983,Louisiana State University,LA,Baton Rouge city,-91.1869659,30.4494155,1.0,NSF|LA|BATON ROUGE,22033,East Baton Rouge,source_coordinate_within_county
2140146,Iowa State University,IA,Ames city,-93.6170448,42.0267567,1.0,NSF|IA|AMES,19169,Story,source_coordinate_within_county
2337109,The Texas A&M University System HSC,TX,College Station city,-96.3455991,30.6183939,1.0,NSF|TX|COLLEGE STATION,48041,Brazos,source_coordinate_within_county
2112651,University of Southern California,CA,Los Angeles city,-118.242766,34.0536909,0.5,NSF|CA|LOS ANGELES,06037,Los Angeles,source_coordinate_within_county
2135468,Florida State University,FL,Tallahassee city,-84.2809332,30.4380832,1.0,NSF|FL|TALLAHASSEE,12073,Leon,source_coordinate_within_county
2115080,Oregon State University,OR,Corvallis city,-123.2620435,44.5645659,0.5,NSF|OR|CORVALLIS,41003,Benton,source_coordinate_within_county
2112201,SUNY at Buffalo,NY,Amherst town,-78.7997616,42.9783924,0.5,NSF|NY|AMHERST,36029,Erie,source_coordinate_within_county
2051313,University of Minnesota-Twin Cities,MN,Minneapolis city,-93.2654692,44.9772995,1.0,NSF|MN|MINNEAPOLIS,27053,Hennepin,source_coordinate_within_county
2051336,Marquette University,WI,Milwaukee city,-87.9090751,43.0386475,1.0,NSF|WI|MILWAUKEE,55079,Milwaukee,source_coordinate_within_county
2130675,University of Florida,FL,Gainesville city,-82.3249846,29.6519684,1.0,NSF|FL|GAINESVILLE,12001,Alachua,source_coordinate_within_county
2222557,MESPILUS INC.,MA,Worcester city,-71.8018877,42.2625621,1.0,NSF|MA|WORCESTER,25027,Worcester,source_coordinate_within_county
2223581,Texas A&M Engineering Experiment Station,TX,College Station city,-96.3455991,30.6183939,1.0,NSF|TX|COLLEGE STATION,48041,Brazos,source_coordinate_within_county
2151637,WATER INTELLIGENCE LLC,WI,Milwaukee city,-87.9090751,43.0386475,1.0,NSF|WI|MILWAUKEE,55079,Milwaukee,source_coordinate_within_county
2105625,Stochastic Research Technologies LLC,IL,Crystal Lake city,-88.3161965,42.2411344,1.0,NSF|IL|CRYSTAL LAKE,17111,McHenry,source_coordinate_within_county
2227054,New Jersey Institute of Technology,NJ,Newark city,-74.1723667,40.735657,1.0,NSF|NJ|NEWARK,34013,Essex,source_coordinate_within_county
2113705,Pure Biomass Inc.,CA,Encinitas city,-117.2919818,33.0369867,1.0,NSF|CA|ENCINITAS,06073,San Diego,source_coordinate_within_county
2140820,SUNY at Stony Brook,NY,Stony Brook CDP,-73.140943,40.9256538,1.0,NSF|NY|STONY BROOK,36103,Suffolk,source_coordinate_within_county
2136118,"CHLOBIS WATER, INC.",WI,Madison city,-89.3841663,43.07469,1.0,NSF|WI|MADISON,55025,Dane,source_coordinate_within_county
2053267,"CryoDesalination, LLC",TX,Houston city,-95.3676974,29.7589382,1.0,NSF|TX|HOUSTON,48201,Harris,source_coordinate_within_county
2126770,WAIHOME LLC,HI,Haleiwa CDP,-158.1050395,21.5818045,1.0,NSF|HI|HALEIWA,15003,Honolulu,source_coordinate_within_county
2126156,AdvanceH2O Corp.,NY,New York city,-74.0060152,40.7127281,1.0,NSF|NY|NEW YORK,36061,New York,source_coordinate_within_county
2122808,SUNY College of Environmental Science and Forestry,NY,Syracuse city,-76.1474244,43.0481221,1.0,NSF|NY|SYRACUSE,36067,Onondaga,source_coordinate_within_county
2101934,Marquette University,WI,Milwaukee city,-87.9090751,43.0386475,1.0,NSF|WI|MILWAUKEE,55079,Milwaukee,source_coordinate_within_county
2432982,TRIANGLE ENVIRONMENTAL HEALTH INITIATIVE LLC,NC,Durham city,-78.9018053,35.996653,1.0,NSF|NC|DURHAM,37063,Durham,source_coordinate_within_county
2415744,"MVMNT-X, INC.",CA,Berkeley city,-122.272863,37.8708393,1.0,NSF|CA|BERKELEY,06001,Alameda,source_coordinate_within_county
2426102,University of Akron,OH,Akron city,-81.518485,41.083064,1.0,NSF|OH|AKRON,39153,Summit,source_coordinate_within_county
2423538,"REVIVBIO, INC",MA,Cambridge city,-71.1040018,42.3656347,1.0,NSF|MA|CAMBRIDGE,25017,Middlesex,source_coordinate_within_county
2141382,Harvard University,MA,Cambridge city,-71.1040018,42.3656347,1.0,NSF|MA|CAMBRIDGE,25017,Middlesex,source_coordinate_within_county
1827364,Michigan Technological University,MI,Houghton city,-88.569012,47.121872,1.0,NSF|MI|HOUGHTON,26061,Houghton,source_coordinate_within_county
2151454,"ZEPHYR INNOVATIONS, INC.",MA,Somerville city,-71.0994968,42.3875968,1.0,NSF|MA|SOMERVILLE,25017,Middlesex,source_coordinate_within_county
2314154,William Marsh Rice University,TX,Houston city,-95.3676974,29.7589382,1.0,NSF|TX|HOUSTON,48201,Harris,source_coordinate_within_county
1640634,Pennsylvania State Univ University Park,PA,College township,-77.8710571,40.8128971,1.0,NSF|PA|UNIVERSITY PARK,42027,Centre,source_coordinate_within_county
1938476,"Savengy Technologies., LLC",FL,Orlando city,-81.379045,28.5421218,1.0,NSF|FL|ORLANDO,12095,Orange,source_coordinate_within_county
1930825,University of Minnesota-Twin Cities,MN,Minneapolis city,-93.2654692,44.9772995,0.5,NSF|MN|MINNEAPOLIS,27053,Hennepin,source_coordinate_within_county
2129531,Washington State University,WA,Pullman city,-117.1799363,46.7295818,1.0,NSF|WA|PULLMAN,53075,Whitman,source_coordinate_within_county
1932649,Duke University,NC,Durham city,-78.9018053,35.996653,0.5,NSF|NC|DURHAM,37063,Durham,source_coordinate_within_county
1930594,Rensselaer Polytechnic Institute,NY,Troy city,-73.6917878,42.7284117,0.5,NSF|NY|TROY,36083,Rensselaer,source_coordinate_within_county
1932087,Appalachian State University,NC,Boone town,-81.684004,36.2187873,0.5,NSF|NC|BOONE,37189,Watauga,source_coordinate_within_county
2026074,Nativus Inc,NV,Sparks city,-119.7487235,39.5404679,1.0,NSF|NV|SPARKS,32031,Washoe,source_coordinate_within_county
2125908,SHERO LLC,UT,Bountiful city,-111.8804817,40.8894611,1.0,NSF|UT|BOUNTIFUL,49011,Davis,source_coordinate_within_county
2233177,University of California-Davis,CA,Davis city,-121.739005,38.5435526,1.0,NSF|CA|DAVIS,06113,Yolo,source_coordinate_within_county
2140296,Missouri University of Science and Technology,MO,Rolla city,-91.7708076,37.9509324,1.0,NSF|MO|ROLLA,29161,Phelps,source_coordinate_within_county
1934869,University of Illinois at Urbana-Champaign,IL,Urbana city,-88.207301,40.1117174,0.25,NSF|IL|URBANA,17019,Champaign,source_coordinate_within_county
1934426,University of Maine,ME,Orono CDP,-68.672791,44.883607,1.0,NSF|ME|ORONO,23019,Penobscot,source_coordinate_within_county
1934824,University of Pittsburgh,PA,Pittsburgh city,-80.0025666,40.4406968,0.25,NSF|PA|PITTSBURGH,42003,Allegheny,source_coordinate_within_county
1934542,Rochester Institute of Tech,NY,Rochester city,-77.615214,43.157285,0.25,NSF|NY|ROCHESTER,36055,Monroe,source_coordinate_within_county
1934841,University of Illinois at Chicago,IL,Chicago city,-87.6244212,41.8755616,0.25,NSF|IL|CHICAGO,17031,Cook,source_coordinate_within_county
1720824,Dimensional Energy Inc.,NY,Ithaca city,-76.4968019,42.4396039,1.0,NSF|NY|ITHACA,36109,Tompkins,source_coordinate_within_county
2015919,Michigan Technological University,MI,Houghton city,-88.569012,47.121872,1.0,NSF|MI|HOUGHTON,26061,Houghton,source_coordinate_within_county
2335238,BETAFELD LLC,MA,Cambridge city,-71.1040018,42.3656347,1.0,NSF|MA|CAMBRIDGE,25017,Middlesex,source_coordinate_within_county
2105887,Michigan Technological University,MI,Houghton city,-88.569012,47.121872,1.0,NSF|MI|HOUGHTON,26061,Houghton,source_coordinate_within_county
2325764,Regents of the University of Michigan - Ann Arbor,MI,Ann Arbor city,-83.7484616,42.2813722,1.0,NSF|MI|ANN ARBOR,26161,Washtenaw,source_coordinate_within_county
2116799,University of Kentucky Research Foundation,KY,Lexington-Fayette urban county,-84.4970393,38.0464066,1.0,NSF|KY|LEXINGTON,21067,Fayette,source_coordinate_within_county
2215063,University of Wisconsin-Madison,WI,Madison city,-89.3841663,43.07469,1.0,NSF|WI|MADISON,55025,Dane,source_coordinate_within_county
2416604,William Marsh Rice University,TX,Houston city,-95.3676974,29.7589382,1.0,NSF|TX|HOUSTON,48201,Harris,source_coordinate_within_county
2151668,Atrevida Science LLC,NC,Charlotte city,-80.8430827,35.2272086,1.0,NSF|NC|CHARLOTTE,37119,Mecklenburg,source_coordinate_within_county
2321329,ENCOORD INC,CO,Edgewater city,-105.0621833,39.7457238,1.0,NSF|CO|EDGEWATER,08059,Jefferson,source_coordinate_within_county
2332849,"FIGURE 8, INC.",CA,San Luis Obispo city,-120.659615,35.2827525,1.0,NSF|CA|SAN LUIS OBISPO,06079,San Luis Obispo,source_coordinate_within_county
2112072,RCAM TECHNOLOGIES,CO,Boulder city,-105.270545,40.0149856,1.0,NSF|CO|BOULDER,08013,Boulder,source_coordinate_within_county
1549166,University of Denver,CO,Denver city,-104.984862,39.7392364,0.5,NSF|CO|DENVER,08031,Denver,source_coordinate_within_county
1549387,University of Colorado at Boulder,CO,Boulder city,-105.270545,40.0149856,0.5,NSF|CO|BOULDER,08013,Boulder,source_coordinate_within_county
1846815,Rutgers University New Brunswick,NJ,New Brunswick city,-74.4436416,40.4936119,1.0,NSF|NJ|NEW BRUNSWICK,34023,Middlesex,source_coordinate_within_county
2227160,University of Texas at Austin,TX,Austin city,-97.7436995,30.2711286,0.5,NSF|TX|AUSTIN,48453,Travis,source_coordinate_within_county
2227161,The University of Central Florida Board of Trustees,FL,Orlando city,-81.379045,28.5421218,0.5,NSF|FL|ORLANDO,12095,Orange,source_coordinate_within_county
2346425,Rochester Institute of Tech,NY,Rochester city,-77.615214,43.157285,1.0,NSF|NY|ROCHESTER,36055,Monroe,source_coordinate_within_county
1940373,"GlycoSurf, LLC",UT,Salt Lake City city,-111.886797,40.7596198,1.0,NSF|UT|SALT LAKE CITY,49035,Salt Lake,source_coordinate_within_county
1944004,Columbia University,NY,New York city,-74.0060152,40.7127281,1.0,NSF|NY|NEW YORK,36061,New York,source_coordinate_within_county
1827910,Brown University,RI,Providence city,-71.4128343,41.8239891,1.0,NSF|RI|PROVIDENCE,44007,Providence,source_coordinate_within_county
1819727,SUNY at Buffalo,NY,Amherst town,-78.7997616,42.9783924,1.0,NSF|NY|AMHERST,36029,Erie,source_coordinate_within_county
2025679,"HIGGINS ENVIRONMENTAL ASSOCIATES, INC.",MA,Amesbury city,-70.9300921,42.8579536,1.0,NSF|MA|AMESBURY,25009,Essex,source_coordinate_within_county
2121160,Arizona State University,AZ,Scottsdale city,-111.926018,33.4942189,1.0,NSF|AZ|SCOTTSDALE,04013,Maricopa,source_coordinate_within_county
2117219,Texas A&M University Corpus Christi,TX,Corpus Christi city,-97.4033191,27.7635302,1.0,NSF|TX|CORPUS CHRISTI,48355,Nueces,source_coordinate_within_county
1712323,University of Kentucky Research Foundation,KY,Lexington-Fayette urban county,-84.4970393,38.0464066,1.0,NSF|KY|LEXINGTON,21067,Fayette,source_coordinate_within_county
2343706,Arizona State University,AZ,Scottsdale city,-111.926018,33.4942189,1.0,NSF|AZ|SCOTTSDALE,04013,Maricopa,source_coordinate_within_county
2036258,"GEOMAT, LLC",SC,Columbia city,-81.0352313,34.000754,1.0,NSF|SC|COLUMBIA,45079,Richland,source_coordinate_within_county
2240660,University of Colorado at Boulder,CO,Boulder city,-105.270545,40.0149856,1.0,NSF|CO|BOULDER,08013,Boulder,source_coordinate_within_county
1635398,University of California-Davis,CA,Davis city,-121.739005,38.5435526,1.0,NSF|CA|DAVIS,06113,Yolo,source_coordinate_within_county
1656983,Pennsylvania State Univ University Park,PA,College township,-77.8710571,40.8128971,0.5,NSF|PA|UNIVERSITY PARK,42027,Centre,source_coordinate_within_county
1553909,University of South Carolina at Columbia,SC,Columbia city,-81.0352313,34.000754,1.0,NSF|SC|COLUMBIA,45079,Richland,source_coordinate_within_county
1605882,Purdue University,IN,West Lafayette city,-86.9080655,40.4258686,1.0,NSF|IN|WEST LAFAYETTE,18157,Tippecanoe,source_coordinate_within_county
1605355,Virginia Polytechnic Institute and State University,VA,Blacksburg town,-80.4136767,37.2296566,1.0,NSF|VA|BLACKSBURG,51121,Montgomery,source_coordinate_within_county
1552961,University of Utah,UT,Salt Lake City city,-111.886797,40.7596198,1.0,NSF|UT|SALT LAKE CITY,49035,Salt Lake,source_coordinate_within_county
1553141,North Dakota State University Fargo,ND,Fargo city,-96.789821,46.877229,0.5,NSF|ND|FARGO,38017,Cass,source_coordinate_within_county
1558358,Dartmouth College,NH,Hanover CDP,-72.2892164,43.7023545,1.0,NSF|NH|HANOVER,33009,Grafton,source_coordinate_within_county
1760010,West Texas A&M University,TX,Canyon city,-101.9281915,34.9789849,1.0,NSF|TX|CANYON,48381,Randall,source_coordinate_within_county
1719671,University of Rhode Island,RI,Kingston CDP,-71.5227103,41.4801166,1.0,NSF|RI|KINGSTON,44009,Washington,source_coordinate_within_county
1652619,University of New Mexico,NM,Albuquerque city,-106.650985,35.0841034,1.0,NSF|NM|ALBUQUERQUE,35001,Bernalillo,source_coordinate_within_county
1740839,University of Washington,WA,Seattle city,-122.330062,47.6038321,1.0,NSF|WA|SEATTLE,53033,King,source_coordinate_within_county
1649212,University of California-Davis,CA,Davis city,-121.739005,38.5435526,1.0,NSF|CA|DAVIS,06113,Yolo,source_coordinate_within_county
1548900,SIAS Global LLC,CT,New Haven city,-72.9250518,41.3082138,1.0,NSF|CT|NEW HAVEN,09170,South Central Connecticut,source_coordinate_within_county
1549413,Aerodyne Microsystems Inc.,CA,Danville town,-122.0008254,37.8225892,1.0,NSF|CA|DANVILLE,06013,Contra Costa,source_coordinate_within_county
1603914,University of Colorado at Boulder,CO,Boulder city,-105.270545,40.0149856,1.0,NSF|CO|BOULDER,08013,Boulder,source_coordinate_within_county
1637196,WESTMINSTER UNIVERSITY,UT,Salt Lake City city,-111.886797,40.7596198,1.0,NSF|UT|SALT LAKE CITY,49035,Salt Lake,source_coordinate_within_county
1738687,Northeastern University,MA,Boston city,-71.0578303,42.3588336,1.0,NSF|MA|BOSTON,25025,Suffolk,source_coordinate_within_county
1701004,University of Houston,TX,Houston city,-95.3676974,29.7589382,1.0,NSF|TX|HOUSTON,48201,Harris,source_coordinate_within_county
2103514,Northern Arizona University,AZ,Flagstaff city,-111.651822,35.1987522,1.0,NSF|AZ|FLAGSTAFF,04005,Coconino,source_coordinate_within_county
1761549,University of Georgia Research Foundation Inc,GA,Athens-Clarke County unified government (balance),-83.376398,33.9597677,1.0,NSF|GA|ATHENS,13059,Clarke,source_coordinate_within_county
2045129,Stanford University,CA,Stanford CDP,-122.1702445,37.427467,1.0,NSF|CA|STANFORD,06085,Santa Clara,source_coordinate_within_county
2025726,University of Colorado at Denver-Downtown Campus,CO,Denver city,-104.984862,39.7392364,1.0,NSF|CO|DENVER,08031,Denver,source_coordinate_within_county
1935018,Western Washington University,WA,Bellingham city,-122.478836,48.7544012,0.5,NSF|WA|BELLINGHAM,53073,Whatcom,source_coordinate_within_county
1935028,Oregon State University,OR,Corvallis city,-123.2620435,44.5645659,0.5,NSF|OR|CORVALLIS,41003,Benton,source_coordinate_within_county
1910621,Northeastern University,MA,Boston city,-71.0578303,42.3588336,0.5,NSF|MA|BOSTON,25025,Suffolk,source_coordinate_within_county
1911257,Sea Education Association,MA,Falmouth CDP,-70.6147519,41.5514979,0.5,NSF|MA|FALMOUTH,25001,Barnstable,source_coordinate_within_county
1844773,University of Illinois at Urbana-Champaign,IL,Urbana city,-88.207301,40.1117174,1.0,NSF|IL|URBANA,17019,Champaign,source_coordinate_within_county
1847096,University of California-Santa Barbara,CA,Santa Barbara city,-119.702667,34.4221319,1.0,NSF|CA|SANTA BARBARA,06083,Santa Barbara,source_coordinate_within_county
1804611,University of Delaware,DE,Newark city,-75.7515682,39.6828358,0.333333333333,NSF|DE|NEWARK,10003,New Castle,source_coordinate_within_county
1804271,University of Alaska Fairbanks Campus,AK,Fairbanks city,-147.716675,64.837845,0.333333333333,NSF|AK|FAIRBANKS,02090,Fairbanks North Star,source_coordinate_within_county
1836746,New Mexico State University,NM,Las Cruces city,-106.779807,32.3140354,1.0,NSF|NM|LAS CRUCES,35013,Doña Ana,source_coordinate_within_county
1758621,AxNano LLC,NC,Durham city,-78.9018053,35.996653,1.0,NSF|NC|DURHAM,37063,Durham,source_coordinate_within_county
1853289,Columbia University,NY,New York city,-74.0060152,40.7127281,0.5,NSF|NY|NEW YORK,36061,New York,source_coordinate_within_county
1851928,Michigan State University,MI,East Lansing city,-84.4721678,42.7320307,0.5,NSF|MI|EAST LANSING,26065,Ingham,source_coordinate_within_county
1944259,"Board of Regents, NSHE, obo University of Nevada, Reno",NV,Reno city,-119.812658,39.5261788,1.0,NSF|NV|RENO,32031,Washoe,source_coordinate_within_county
1923965,SUNY College of Environmental Science and Forestry,NY,Syracuse city,-76.1474244,43.0481221,0.5,NSF|NY|SYRACUSE,36067,Onondaga,source_coordinate_within_county
1924011,Texas A&M University Corpus Christi,TX,Corpus Christi city,-97.4033191,27.7635302,0.5,NSF|TX|CORPUS CHRISTI,48355,Nueces,source_coordinate_within_county
1923941,University of Washington,WA,Seattle city,-122.330062,47.6038321,0.5,NSF|WA|SEATTLE,53033,King,source_coordinate_within_county
1924005,University of California-San Diego Scripps Inst of Oceanography,CA,San Diego city,-117.2740777,32.8401623,0.5,NSF|CA|LA JOLLA,06073,San Diego,source_coordinate_within_county
1829969,California Institute of Technology,CA,Pasadena city,-118.144155,34.1476507,1.0,NSF|CA|PASADENA,06037,Los Angeles,source_coordinate_within_county
1833173,University of California-San Diego Scripps Inst of Oceanography,CA,San Diego city,-117.2740777,32.8401623,1.0,NSF|CA|LA JOLLA,06073,San Diego,source_coordinate_within_county
1822214,California Institute of Technology,CA,Pasadena city,-118.144155,34.1476507,1.0,NSF|CA|PASADENA,06037,Los Angeles,source_coordinate_within_county
1744856,University of California-San Diego Scripps Inst of Oceanography,CA,San Diego city,-117.2740777,32.8401623,0.333333333333,NSF|CA|LA JOLLA,06073,San Diego,source_coordinate_within_county
1744958,University of Washington,WA,Seattle city,-122.330062,47.6038321,0.333333333333,NSF|WA|SEATTLE,53033,King,source_coordinate_within_county
1749556,Harvard University,MA,Cambridge city,-71.1040018,42.3656347,1.0,NSF|MA|CAMBRIDGE,25017,Middlesex,source_coordinate_within_county
1744759,Stanford University,CA,Stanford CDP,-122.1702445,37.427467,0.333333333333,NSF|CA|STANFORD,06085,Santa Clara,source_coordinate_within_county
1738989,Tulane University,LA,New Orleans city,-90.0733934,29.9561422,0.5,NSF|LA|NEW ORLEANS,22071,Orleans,source_coordinate_within_county
1925692,Wayne State University,MI,Detroit city,-83.0466403,42.3315509,1.0,NSF|MI|DETROIT,26163,Wayne,source_coordinate_within_county
2000275,North Carolina Central University,NC,Durham city,-78.9018053,35.996653,1.0,NSF|NC|DURHAM,37063,Durham,source_coordinate_within_county
1945504,Colorado State University,CO,Fort Collins city,-105.0770113,40.5871782,1.0,NSF|CO|FORT COLLINS,08069,Larimer,source_coordinate_within_county
1756738,University of Pennsylvania,PA,Philadelphia city,-75.1635262,39.9527237,1.0,NSF|PA|PHILADELPHIA,42101,Philadelphia,source_coordinate_within_county
1834687,University of Colorado at Denver,CO,Aurora city,-104.8733376,39.7401441,1.0,NSF|CO|AURORA,08005,Arapahoe,source_coordinate_within_county
1745371,Yale University,CT,New Haven city,-72.9250518,41.3082138,1.0,NSF|CT|NEW HAVEN,09170,South Central Connecticut,source_coordinate_within_county
2121739,University of California-San Diego Scripps Inst of Oceanography,CA,San Diego city,-117.2740777,32.8401623,1.0,NSF|CA|LA JOLLA,06073,San Diego,source_coordinate_within_county
2208859,Utah State University,UT,Logan city,-111.834914,41.7313063,0.333333333333,NSF|UT|LOGAN,49005,Cache,source_coordinate_within_county
2121641,Johns Hopkins University,MD,Baltimore city,-76.610759,39.2908816,1.0,NSF|MD|BALTIMORE,24510,Baltimore,source_coordinate_within_county
2132026,University of Wisconsin-Madison,WI,Madison city,-89.3841663,43.07469,1.0,NSF|WI|MADISON,55025,Dane,source_coordinate_within_county
2050882,California State University-Long Beach Foundation,CA,Long Beach city,-118.191604,33.7690164,1.0,NSF|CA|LONG BEACH,06037,Los Angeles,source_coordinate_within_county
2044921,University of Florida,FL,Gainesville city,-82.3249846,29.6519684,1.0,NSF|FL|GAINESVILLE,12001,Alachua,source_coordinate_within_county
2042016,University of South Carolina at Columbia,SC,Columbia city,-81.0352313,34.000754,0.333333333333,NSF|SC|COLUMBIA,45079,Richland,source_coordinate_within_county
2050934,Texas A&M Engineering Experiment Station,TX,College Station city,-96.3455991,30.6183939,1.0,NSF|TX|COLLEGE STATION,48041,Brazos,source_coordinate_within_county
2042035,Baylor University,TX,Waco city,-97.1474628,31.5491899,0.333333333333,NSF|TX|WACO,48309,McLennan,source_coordinate_within_county
2042060,University of Cincinnati Main Campus,OH,Cincinnati city,-84.5127405,39.1012809,0.333333333333,NSF|OH|CINCINNATI,39061,Hamilton,source_coordinate_within_county
2047062,University of North Dakota Main Campus,ND,Grand Forks city,-97.0306325,47.9252104,0.5,NSF|ND|GRAND FORKS,38035,Grand Forks,source_coordinate_within_county
1828257,Duke University,NC,Durham city,-78.9018053,35.996653,1.0,NSF|NC|DURHAM,37063,Durham,source_coordinate_within_county
1803197,University of Iowa,IA,Iowa City city,-91.5299106,41.6612561,1.0,NSF|IA|IOWA CITY,19103,Johnson,source_coordinate_within_county
1840712,George Mason University,VA,Fairfax city,-77.3063733,38.8462236,1.0,NSF|VA|FAIRFAX,51600,Fairfax,source_coordinate_within_county
2034698,Lehigh University,PA,Bethlehem city,-75.3786521,40.6178915,1.0,NSF|PA|BETHLEHEM,42095,Northampton,source_coordinate_within_county
2017022,Texas Tech University,TX,Lubbock city,-101.8470215,33.5855677,1.0,NSF|TX|LUBBOCK,48303,Lubbock,source_coordinate_within_county
2029764,University of Memphis,TN,Memphis city,-90.0517786,35.146026,0.5,NSF|TN|MEMPHIS,47157,Shelby,source_coordinate_within_county
2023974,University of California-Davis,CA,Davis city,-121.739005,38.5435526,1.0,NSF|CA|DAVIS,06113,Yolo,source_coordinate_within_county
2002751,University of Rhode Island,RI,Kingston CDP,-71.5227103,41.4801166,1.0,NSF|RI|KINGSTON,44009,Washington,source_coordinate_within_county
2006326,University of Notre Dame,IN,Notre Dame CDP,-86.2373691,41.6992003,1.0,NSF|IN|NOTRE DAME,18141,St. Joseph,source_coordinate_within_county
1632494,University of California-Berkeley,CA,Berkeley city,-122.272863,37.8708393,1.0,NSF|CA|BERKELEY,06001,Alameda,source_coordinate_within_county
2138937,University of Tennessee Knoxville,TN,Knoxville city,-83.9210261,35.9603948,1.0,NSF|TN|KNOXVILLE,47093,Knox,source_coordinate_within_county
2205819,University of Illinois at Urbana-Champaign,IL,Urbana city,-88.207301,40.1117174,1.0,NSF|IL|URBANA,17019,Champaign,source_coordinate_within_county
2135218,University of California-San Diego,CA,San Diego city,-117.2740777,32.8401623,1.0,NSF|CA|LA JOLLA,06073,San Diego,source_coordinate_within_county
2126533,Woods Hole Oceanographic Institution,MA,Woods Hole CDP,-70.6694015,41.5238752,1.0,NSF|MA|WOODS HOLE,25001,Barnstable,source_coordinate_within_county
2505675,University of Florida,FL,Gainesville city,-82.3249846,29.6519684,1.0,NSF|FL|GAINESVILLE,12001,Alachua,source_coordinate_within_county
2324901,"Cooke, Madeline E",MI,Ann Arbor city,-83.7484616,42.2813722,1.0,NSF|MI|ANN ARBOR,26161,Washtenaw,source_coordinate_within_county
2337246,MYCONAUT LLC,MI,Marquette city,-87.396433,46.5434914,1.0,NSF|MI|MARQUETTE,26103,Marquette,source_coordinate_within_county
2335438,"APPLIED OCEAN SCIENCES, LLC",VA,Fairfax Station CDP,-77.3256803,38.800859,1.0,NSF|VA|FAIRFAX STATION,51059,Fairfax,source_coordinate_within_county
2314800,Pennsylvania State Univ University Park,PA,College township,-77.8710571,40.8128971,1.0,NSF|PA|UNIVERSITY PARK,42027,Centre,source_coordinate_within_county
2232908,OWLFLY,NJ,Frenchtown borough,-75.0616084,40.5264167,1.0,NSF|NJ|FRENCHTOWN,34019,Hunterdon,source_coordinate_within_county
2315824,Wayne State University,MI,Detroit city,-83.0466403,42.3315509,1.0,NSF|MI|DETROIT,26163,Wayne,source_coordinate_within_county
2048361,New Jersey Institute of Technology,NJ,Newark city,-74.1723667,40.735657,1.0,NSF|NJ|NEWARK,34013,Essex,source_coordinate_within_county
2317097,Colorado School of Mines,CO,Golden city,-105.22058,39.7546349,0.5,NSF|CO|GOLDEN,08059,Jefferson,source_coordinate_within_county
2309475,University of Missouri-Columbia,MO,Columbia city,-92.3337366,38.951883,0.5,NSF|MO|COLUMBIA,29019,Boone,source_coordinate_within_county
2147025,Health Research Incorporated/New York State Department of Health,NY,Menands village,-73.7245639,42.6920233,0.333333333333,NSF|NY|MENANDS,36001,Albany,source_coordinate_within_county
2147106,Arizona State University,AZ,Scottsdale city,-111.926018,33.4942189,0.333333333333,NSF|AZ|SCOTTSDALE,04013,Maricopa,source_coordinate_within_county
2147070,"OHIO STATE UNIVERSITY, THE",OH,Columbus city,-83.0007065,39.9622601,0.333333333333,NSF|OH|COLUMBUS,39049,Franklin,source_coordinate_within_county
2232875,Missouri University of Science and Technology,MO,Rolla city,-91.7708076,37.9509324,1.0,NSF|MO|ROLLA,29161,Phelps,source_coordinate_within_county
2320966,University of Missouri-Columbia,MO,Columbia city,-92.3337366,38.951883,0.5,NSF|MO|COLUMBIA,29019,Boone,source_coordinate_within_county
1561099,University of Oregon Eugene,OR,Eugene city,-123.0950506,44.0505054,1.0,NSF|OR|EUGENE,41039,Lane,source_coordinate_within_county
2140489,Iowa State University,IA,Ames city,-93.6170448,42.0267567,1.0,NSF|IA|AMES,19169,Story,source_coordinate_within_county
2141017,Clarkson University,NY,Potsdam village,-74.9813349,44.6697996,1.0,NSF|NY|POTSDAM,36089,St. Lawrence,source_coordinate_within_county
1839516,University of Texas at Arlington,TX,Arlington city,-97.1071186,32.7355816,0.5,NSF|TX|ARLINGTON,48439,Tarrant,source_coordinate_within_county
1855216,Kansas State University,KS,Manhattan city,-96.5716694,39.1836082,1.0,NSF|KS|MANHATTAN,20161,Riley,source_coordinate_within_county
1952651,Crompton Octavia V,CA,Berkeley city,-122.272863,37.8708393,1.0,NSF|CA|BERKELEY,06001,Alameda,source_coordinate_within_county
1947882,Georgia Tech Research Corporation,GA,Atlanta city,-84.3898151,33.7544657,1.0,NSF|GA|ATLANTA,13121,Fulton,source_coordinate_within_county
1849592,Drexel University,PA,Philadelphia city,-75.1635262,39.9527237,1.0,NSF|PA|PHILADELPHIA,42101,Philadelphia,source_coordinate_within_county
1700983,University of Wisconsin-Madison,WI,Madison city,-89.3841663,43.07469,1.0,NSF|WI|MADISON,55025,Dane,source_coordinate_within_county
1827774,Iowa State University,IA,Ames city,-93.6170448,42.0267567,1.0,NSF|IA|AMES,19169,Story,source_coordinate_within_county
1663264,Texas Tech University,TX,Lubbock city,-101.8470215,33.5855677,0.5,NSF|TX|LUBBOCK,48303,Lubbock,source_coordinate_within_county
1711617,University of Wisconsin-Milwaukee,WI,Milwaukee city,-87.9090751,43.0386475,1.0,NSF|WI|MILWAUKEE,55079,Milwaukee,source_coordinate_within_county
1635378,Florida International University,FL,Miami city,-80.1935973,25.7741566,0.5,NSF|FL|MIAMI,12086,Miami-Dade,source_coordinate_within_county
1760447,University of Georgia Research Foundation Inc,GA,Athens-Clarke County unified government (balance),-83.376398,33.9597677,1.0,NSF|GA|ATHENS,13059,Clarke,source_coordinate_within_county
1760254,Michigan State University,MI,East Lansing city,-84.4721678,42.7320307,1.0,NSF|MI|EAST LANSING,26065,Ingham,source_coordinate_within_county
1660230,Baylor University,TX,Waco city,-97.1474628,31.5491899,1.0,NSF|TX|WACO,48309,McLennan,source_coordinate_within_county
1825046,University of Montana,MT,Missoula city,-113.995267,46.8701049,1.0,NSF|MT|MISSOULA,30063,Missoula,source_coordinate_within_county
1854486,SUNY at Albany,NY,Albany city,-73.754968,42.6511674,0.5,NSF|NY|ALBANY,36001,Albany,source_coordinate_within_county
1854511,Florida State University,FL,Tallahassee city,-84.2809332,30.4380832,0.5,NSF|FL|TALLAHASSEE,12073,Leon,source_coordinate_within_county
1832187,Texas A&M University,TX,College Station city,-96.3455991,30.6183939,0.5,NSF|TX|COLLEGE STATION,48041,Brazos,source_coordinate_within_county
2304482,"ADEPT MATERIALS, INC",RI,Providence city,-71.4128343,41.8239891,1.0,NSF|RI|PROVIDENCE,44007,Providence,source_coordinate_within_county
2049657,University of Arizona,AZ,Tucson city,-110.974847,32.2228765,1.0,NSF|AZ|TUCSON,04019,Pima,source_coordinate_within_county
2029684,Indiana University,IN,Bloomington city,-86.5342881,39.1670396,1.0,NSF|IN|BLOOMINGTON,18105,Monroe,source_coordinate_within_county
2054885,University of Alabama Tuscaloosa,AL,Tuscaloosa city,-87.5675258,33.2095614,1.0,NSF|AL|TUSCALOOSA,01125,Tuscaloosa,source_coordinate_within_county
2240347,University of Texas at San Antonio,TX,San Antonio city,-98.4951405,29.4246002,1.0,NSF|TX|SAN ANTONIO,48029,Bexar,source_coordinate_within_county
2002681,University of Pittsburgh,PA,Pittsburgh city,-80.0025666,40.4406968,0.5,NSF|PA|PITTSBURGH,42003,Allegheny,source_coordinate_within_county
2002522,William Marsh Rice University,TX,Houston city,-95.3676974,29.7589382,0.5,NSF|TX|HOUSTON,48201,Harris,source_coordinate_within_county
2002516,Texas A&M University,TX,College Station city,-96.3455991,30.6183939,0.5,NSF|TX|COLLEGE STATION,48041,Brazos,source_coordinate_within_county
2002688,Texas A&M Engineering Experiment Station,TX,College Station city,-96.3455991,30.6183939,0.5,NSF|TX|COLLEGE STATION,48041,Brazos,source_coordinate_within_county
2127424,University of Texas at El Paso,TX,El Paso city,-106.4870476,31.7601001,1.0,NSF|TX|EL PASO,48141,El Paso,source_coordinate_within_county
1717368,University of New Hampshire,NH,Durham CDP,-70.9177186,43.1214141,1.0,NSF|NH|DURHAM,33017,Strafford,source_coordinate_within_county
1638321,Clemson University,SC,Clemson city,-82.8364111,34.6850749,1.0,NSF|SC|CLEMSON,45077,Pickens,source_coordinate_within_county
1640715,CUNY City College,NY,New York city,-74.0060152,40.7127281,1.0,NSF|NY|NEW YORK,36061,New York,source_coordinate_within_county
1641033,New Jersey Institute of Technology,NJ,Newark city,-74.1723667,40.735657,1.0,NSF|NJ|NEWARK,34013,Essex,source_coordinate_within_county
1720175,Oregon State University,OR,Corvallis city,-123.2620435,44.5645659,1.0,NSF|OR|CORVALLIS,41003,Benton,source_coordinate_within_county
1721358,"ClearFlame Engines, Inc.",IL,Geneva city,-88.3053525,41.8875281,1.0,NSF|IL|GENEVA,17089,Kane,source_coordinate_within_county
1712613,Georgia Tech Research Corporation,GA,Atlanta city,-84.3898151,33.7544657,1.0,NSF|GA|ATLANTA,13121,Fulton,source_coordinate_within_county
1830399,University of California-San Diego,CA,San Diego city,-117.2740777,32.8401623,0.5,NSF|CA|LA JOLLA,06073,San Diego,source_coordinate_within_county
1830331,San Diego State University Foundation,CA,San Diego city,-117.162772,32.7174202,0.5,NSF|CA|SAN DIEGO,06073,San Diego,source_coordinate_within_county
1849598,University of Texas Medical Branch at Galveston,TX,Galveston city,-94.7933252,29.3056996,1.0,NSF|TX|GALVESTON,48167,Galveston,source_coordinate_within_county
1747562,University of California-Santa Barbara,CA,Santa Barbara city,-119.702667,34.4221319,1.0,NSF|CA|SANTA BARBARA,06083,Santa Barbara,source_coordinate_within_county
1820953,University of Notre Dame,IN,Notre Dame CDP,-86.2373691,41.6992003,1.0,NSF|IN|NOTRE DAME,18141,St. Joseph,source_coordinate_within_county
1725768,Carr Brett B,AZ,Flagstaff city,-111.651822,35.1987522,1.0,NSF|AZ|FLAGSTAFF,04005,Coconino,source_coordinate_within_county
1801845,University of Southern Mississippi,MS,Hattiesburg city,-89.2903392,31.3271189,1.0,NSF|MS|HATTIESBURG,28035,Forrest,source_coordinate_within_county
1656413,Columbia University,NY,New York city,-74.0060152,40.7127281,0.5,NSF|NY|NEW YORK,36061,New York,source_coordinate_within_county
1736659,University of Connecticut,CT,Storrs CDP,-72.2495231,41.8084314,1.0,NSF|CT|STORRS,09110,Capitol,source_coordinate_within_county
1656401,University of California-San Diego Scripps Inst of Oceanography,CA,San Diego city,-117.2740777,32.8401623,0.5,NSF|CA|LA JOLLA,06073,San Diego,source_coordinate_within_county
1656298,University of North Carolina at Wilmington,NC,Wilmington city,-77.9487284,34.2352853,1.0,NSF|NC|WILMINGTON,37129,New Hanover,source_coordinate_within_county
1648629,SUNY at Stony Brook,NY,Stony Brook CDP,-73.140943,40.9256538,0.5,NSF|NY|STONY BROOK,36103,Suffolk,source_coordinate_within_county
1648681,Purdue University,IN,West Lafayette city,-86.9080655,40.4258686,0.5,NSF|IN|WEST LAFAYETTE,18157,Tippecanoe,source_coordinate_within_county
1735630,Arizona State University,AZ,Scottsdale city,-111.926018,33.4942189,1.0,NSF|AZ|SCOTTSDALE,04013,Maricopa,source_coordinate_within_county
1723065,University of Arizona,AZ,Tucson city,-110.974847,32.2228765,1.0,NSF|AZ|TUCSON,04019,Pima,source_coordinate_within_county
1648634,University of Louisiana at Lafayette,LA,Lafayette city,-92.0178202,30.2262187,0.333333333333,NSF|LA|LAFAYETTE,22055,Lafayette,source_coordinate_within_county
1648772,University of Pittsburgh,PA,Pittsburgh city,-80.0025666,40.4406968,0.333333333333,NSF|PA|PITTSBURGH,42003,Allegheny,source_coordinate_within_county
1643795,Boise State University,ID,Boise City city,-116.200886,43.6166163,0.5,NSF|ID|BOISE,16001,Ada,source_coordinate_within_county
1643761,Massachusetts Institute of Technology,MA,Cambridge city,-71.1040018,42.3656347,0.5,NSF|MA|CAMBRIDGE,25017,Middlesex,source_coordinate_within_county
1640452,University of Wisconsin-Madison,WI,Madison city,-89.3841663,43.07469,1.0,NSF|WI|MADISON,55025,Dane,source_coordinate_within_county
1724770,University of Arizona,AZ,Tucson city,-110.974847,32.2228765,1.0,NSF|AZ|TUCSON,04019,Pima,source_coordinate_within_county
1663472,Jacksonville State University,AL,Jacksonville city,-85.7612872,33.8137919,0.333333333333,NSF|AL|JACKSONVILLE,01015,Calhoun,source_coordinate_within_county
1735483,University of Delaware,DE,Newark city,-75.7515682,39.6828358,0.25,NSF|DE|NEWARK,10003,New Castle,source_coordinate_within_county
1735407,Cornell University,NY,Ithaca city,-76.4968019,42.4396039,0.25,NSF|NY|ITHACA,36109,Tompkins,source_coordinate_within_county
1663315,Oklahoma State University,OK,Stillwater city,-97.0585717,36.1156306,0.333333333333,NSF|OK|STILLWATER,40119,Payne,source_coordinate_within_county
1735499,Texas Tech University,TX,Lubbock city,-101.8470215,33.5855677,0.25,NSF|TX|LUBBOCK,48303,Lubbock,source_coordinate_within_county
1735539,University of Washington,WA,Seattle city,-122.330062,47.6038321,0.25,NSF|WA|SEATTLE,53033,King,source_coordinate_within_county
1827851,Oklahoma State University,OK,Stillwater city,-97.0585717,36.1156306,0.5,NSF|OK|STILLWATER,40119,Payne,source_coordinate_within_county
1803589,University of California-Davis,CA,Davis city,-121.739005,38.5435526,0.5,NSF|CA|DAVIS,06113,Yolo,source_coordinate_within_county
1803563,Cornell University,NY,Ithaca city,-76.4968019,42.4396039,0.5,NSF|NY|ITHACA,36109,Tompkins,source_coordinate_within_county
1824829,Brown University,RI,Providence city,-71.4128343,41.8239891,1.0,NSF|RI|PROVIDENCE,44007,Providence,source_coordinate_within_county
1611574,University of Southern California,CA,Los Angeles city,-118.242766,34.0536909,0.5,NSF|CA|LOS ANGELES,06037,Los Angeles,source_coordinate_within_county
1609794,University of Florida,FL,Gainesville city,-82.3249846,29.6519684,0.333333333333,NSF|FL|GAINESVILLE,12001,Alachua,source_coordinate_within_county
1610935,Oklahoma State University,OK,Stillwater city,-97.0585717,36.1156306,0.333333333333,NSF|OK|STILLWATER,40119,Payne,source_coordinate_within_county
1610615,"OHIO STATE UNIVERSITY, THE",OH,Columbus city,-83.0007065,39.9622601,0.5,NSF|OH|COLUMBUS,39049,Franklin,source_coordinate_within_county
1904908,Rowan University,NJ,Glassboro borough,-75.1119434,39.7027677,1.0,NSF|NJ|GLASSBORO,34015,Gloucester,source_coordinate_within_county
1819970,Omnivis LLC,CA,South San Francisco city,-122.4168664,37.6535403,1.0,NSF|CA|SOUTH SAN FRANCISCO,06081,San Mateo,source_coordinate_within_county
1819321,HINETICS LLC,IL,Champaign city,-88.2430932,40.1164841,1.0,NSF|IL|CHAMPAIGN,17019,Champaign,source_coordinate_within_county
1746759,"Diatomix, Inc.",OR,Portland city,-122.674194,45.5202471,1.0,NSF|OR|PORTLAND,41051,Multnomah,source_coordinate_within_county
1636217,University of Texas at Austin,TX,Austin city,-97.7436995,30.2711286,1.0,NSF|TX|AUSTIN,48453,Travis,source_coordinate_within_county
1562010,University of Illinois at Urbana-Champaign,IL,Urbana city,-88.207301,40.1117174,0.5,NSF|IL|URBANA,17019,Champaign,source_coordinate_within_county
1561764,Colorado School of Mines,CO,Golden city,-105.22058,39.7546349,0.5,NSF|CO|GOLDEN,08059,Jefferson,source_coordinate_within_county
1635943,University of Florida,FL,Gainesville city,-82.3249846,29.6519684,1.0,NSF|FL|GAINESVILLE,12001,Alachua,source_coordinate_within_county
1563638,University of California-Los Angeles,CA,Los Angeles city,-118.242766,34.0536909,1.0,NSF|CA|LOS ANGELES,06037,Los Angeles,source_coordinate_within_county
1623752,Texas Tech University,TX,Lubbock city,-101.8470215,33.5855677,0.333333333333,NSF|TX|LUBBOCK,48303,Lubbock,source_coordinate_within_county
1623553,West Texas A&M University,TX,Canyon city,-101.9281915,34.9789849,0.333333333333,NSF|TX|CANYON,48381,Randall,source_coordinate_within_county
1623542,University of Nebraska-Lincoln,NE,Lincoln city,-96.7077751,40.8088861,0.333333333333,NSF|NE|LINCOLN,31109,Lancaster,source_coordinate_within_county
1619915,University of California-Riverside,CA,Riverside city,-117.374238,33.9824949,1.0,NSF|CA|RIVERSIDE,06065,Riverside,source_coordinate_within_county
1602564,Cornell University,NY,Ithaca city,-76.4968019,42.4396039,0.5,NSF|NY|ITHACA,36109,Tompkins,source_coordinate_within_county
1648092,Influit Energy LLC,IL,Chicago city,-87.6244212,41.8755616,1.0,NSF|IL|CHICAGO,17031,Cook,source_coordinate_within_county
1632116,Iowa State University,IA,Ames city,-93.6170448,42.0267567,1.0,NSF|IA|AMES,19169,Story,source_coordinate_within_county
1621986,Aqua Vectors Incorporated,NY,Syosset CDP,-73.502068,40.8262101,1.0,NSF|NY|SYOSSET,36059,Nassau,source_coordinate_within_county
1622866,AxNano LLC,NC,Durham city,-78.9018053,35.996653,1.0,NSF|NC|DURHAM,37063,Durham,source_coordinate_within_county
1622971,Metal Fatigue Solutions,NV,Las Vegas city,-115.1484131,36.1674263,1.0,NSF|NV|LAS VEGAS,32003,Clark,source_coordinate_within_county
1621952,ORB Technologies LLC,KY,Lexington-Fayette urban county,-84.4970393,38.0464066,1.0,NSF|KY|LEXINGTON,21067,Fayette,source_coordinate_within_county
1602023,University of North Carolina at Chapel Hill,NC,Chapel Hill town,-79.05578,35.9131542,1.0,NSF|NC|CHAPEL HILL,37135,Orange,source_coordinate_within_county
1856256,East Carolina University,NC,Greenville city,-77.3724593,35.613224,1.0,NSF|NC|GREENVILLE,37147,Pitt,source_coordinate_within_county
1839684,University of Tennessee Knoxville,TN,Knoxville city,-83.9210261,35.9603948,1.0,NSF|TN|KNOXVILLE,47093,Knox,source_coordinate_within_county
1825691,University of Texas at Austin,TX,Austin city,-97.7436995,30.2711286,1.0,NSF|TX|AUSTIN,48453,Travis,source_coordinate_within_county
1807823,University of Illinois at Urbana-Champaign,IL,Urbana city,-88.207301,40.1117174,1.0,NSF|IL|URBANA,17019,Champaign,source_coordinate_within_county
1751216,University of Washington,WA,Seattle city,-122.330062,47.6038321,1.0,NSF|WA|SEATTLE,53033,King,source_coordinate_within_county
1836505,University of Texas at Dallas,TX,Richardson city,-96.7297206,32.9481789,1.0,NSF|TX|RICHARDSON,48113,Dallas,source_coordinate_within_county
1760586,SUNY at Buffalo,NY,Amherst town,-78.7997616,42.9783924,1.0,NSF|NY|AMHERST,36029,Erie,source_coordinate_within_county
1729815,New York University,NY,New York city,-74.0060152,40.7127281,1.0,NSF|NY|NEW YORK,36061,New York,source_coordinate_within_county
1741962,San Jose State University Foundation,CA,San Jose city,-121.890591,37.3361663,1.0,NSF|CA|SAN JOSE,06085,Santa Clara,source_coordinate_within_county
1760554,Texas A&M Engineering Experiment Station,TX,College Station city,-96.3455991,30.6183939,1.0,NSF|TX|COLLEGE STATION,48041,Brazos,source_coordinate_within_county
1743988,Syracuse University,NY,Syracuse city,-76.1474244,43.0481221,1.0,NSF|NY|SYRACUSE,36067,Onondaga,source_coordinate_within_county
1728685,University of California-San Diego,CA,San Diego city,-117.2740777,32.8401623,1.0,NSF|CA|LA JOLLA,06073,San Diego,source_coordinate_within_county
1728209,Purdue University,IN,West Lafayette city,-86.9080655,40.4258686,1.0,NSF|IN|WEST LAFAYETTE,18157,Tippecanoe,source_coordinate_within_county
1727662,University of Notre Dame,IN,Notre Dame CDP,-86.2373691,41.6992003,1.0,NSF|IN|NOTRE DAME,18141,St. Joseph,source_coordinate_within_county
1728199,University of Illinois at Urbana-Champaign,IL,Urbana city,-88.207301,40.1117174,1.0,NSF|IL|URBANA,17019,Champaign,source_coordinate_within_county
1762691,Case Western Reserve University,OH,Cleveland city,-81.6936772,41.4996574,1.0,NSF|OH|CLEVELAND,39035,Cuyahoga,source_coordinate_within_county
1663133,NSF International,MI,Ann Arbor city,-83.7484616,42.2813722,1.0,NSF|MI|ANN ARBOR,26161,Washtenaw,source_coordinate_within_county
1711521,Indiana University,IN,Bloomington city,-86.5342881,39.1670396,1.0,NSF|IN|BLOOMINGTON,18105,Monroe,source_coordinate_within_county
1665086,Rochester Institute of Tech,NY,Rochester city,-77.615214,43.157285,1.0,NSF|NY|ROCHESTER,36055,Monroe,source_coordinate_within_county
1700091,University of Kentucky Research Foundation,KY,Lexington-Fayette urban county,-84.4970393,38.0464066,1.0,NSF|KY|LEXINGTON,21067,Fayette,source_coordinate_within_county
1700604,Marquette University,WI,Milwaukee city,-87.9090751,43.0386475,1.0,NSF|WI|MILWAUKEE,55079,Milwaukee,source_coordinate_within_county
1719747,University of Massachusetts Amherst,MA,Amherst Town city,-72.5198761,42.3731948,1.0,NSF|MA|AMHERST,25015,Hampshire,source_coordinate_within_county
1628146,University of Massachusetts Amherst,MA,Amherst Town city,-72.5198761,42.3731948,1.0,NSF|MA|AMHERST,25015,Hampshire,source_coordinate_within_county
1624890,University of Rochester,NY,Rochester city,-77.615214,43.157285,1.0,NSF|NY|ROCHESTER,36055,Monroe,source_coordinate_within_county
1560925,University of Massachusetts Amherst,MA,Amherst Town city,-72.5198761,42.3731948,1.0,NSF|MA|AMHERST,25015,Hampshire,source_coordinate_within_county
1842139,Battelle Memorial Institute,OH,Columbus city,-83.0007065,39.9622601,1.0,NSF|OH|COLUMBUS,39049,Franklin,source_coordinate_within_county
1830717,Columbia University,NY,New York city,-74.0060152,40.7127281,1.0,NSF|NY|NEW YORK,36061,New York,source_coordinate_within_county
1823002,Woods Hole Oceanographic Institution,MA,Woods Hole CDP,-70.6694015,41.5238752,1.0,NSF|MA|WOODS HOLE,25001,Barnstable,source_coordinate_within_county
1841092,Woods Hole Oceanographic Institution,MA,Woods Hole CDP,-70.6694015,41.5238752,1.0,NSF|MA|WOODS HOLE,25001,Barnstable,source_coordinate_within_county
1753200,University of Illinois at Urbana-Champaign,IL,Urbana city,-88.207301,40.1117174,1.0,NSF|IL|URBANA,17019,Champaign,source_coordinate_within_county
1759782,Columbia University,NY,New York city,-74.0060152,40.7127281,1.0,NSF|NY|NEW YORK,36061,New York,source_coordinate_within_county
1829188,University of Hawaii,HI,Urban Honolulu CDP,-157.855676,21.304547,1.0,NSF|HI|HONOLULU,15003,Honolulu,source_coordinate_within_county
1749638,University of Wisconsin-Madison,WI,Madison city,-89.3841663,43.07469,1.0,NSF|WI|MADISON,55025,Dane,source_coordinate_within_county
1737144,Marine Environmental Sciences Consortium,AL,Dauphin Island town,-88.1124817,30.2542022,0.333333333333,NSF|AL|DAUPHIN ISLAND,01097,Mobile,source_coordinate_within_county
1737116,Florida Gulf Coast University,FL,Fort Myers city,-81.8723084,26.640628,0.333333333333,NSF|FL|FORT MYERS,12071,Lee,source_coordinate_within_county
1737247,Smithsonian Institution,DC,Washington city,-77.0363849,38.8950982,0.333333333333,NSF|DC|WASHINGTON,11001,District of Columbia,source_coordinate_within_county
1812385,University of Puerto Rico Mayaguez,PR,Mayagüez zona urbana,-67.1391124,18.2011161,1.0,NSF|PR|MAYAGUEZ,72097,Mayagüez,source_coordinate_within_county
1725774,Barnhart Katherine R,CO,Boulder city,-105.270545,40.0149856,1.0,NSF|CO|BOULDER,08013,Boulder,source_coordinate_within_county
1639318,University of California-Irvine,CA,Irvine city,-117.825981,33.6856969,1.0,NSF|CA|IRVINE,06059,Orange,source_coordinate_within_county
1624551,Rutgers University New Brunswick,NJ,New Brunswick city,-74.4436416,40.4936119,0.5,NSF|NJ|NEW BRUNSWICK,34023,Middlesex,source_coordinate_within_county
1640797,Regents of the University of Michigan - Ann Arbor,MI,Ann Arbor city,-83.7484616,42.2813722,1.0,NSF|MI|ANN ARBOR,26161,Washtenaw,source_coordinate_within_county
1640894,University of Southern California,CA,Los Angeles city,-118.242766,34.0536909,1.0,NSF|CA|LOS ANGELES,06037,Los Angeles,source_coordinate_within_county
1560945,University of Oklahoma Norman Campus,OK,Norman city,-97.4394816,35.2225717,1.0,NSF|OK|NORMAN,40027,Cleveland,source_coordinate_within_county
1566180,The University of Central Florida Board of Trustees,FL,Orlando city,-81.379045,28.5421218,0.5,NSF|FL|ORLANDO,12095,Orange,source_coordinate_within_county
2122174,University of California - Merced,CA,Merced city,-120.4843269,37.3029568,1.0,NSF|CA|MERCED,06047,Merced,source_coordinate_within_county
2117865,University of Utah,UT,Salt Lake City city,-111.886797,40.7596198,1.0,NSF|UT|SALT LAKE CITY,49035,Salt Lake,source_coordinate_within_county
1930625,University of Florida,FL,Gainesville city,-82.3249846,29.6519684,1.0,NSF|FL|GAINESVILLE,12001,Alachua,source_coordinate_within_county
1933243,Arizona State University,AZ,Scottsdale city,-111.926018,33.4942189,1.0,NSF|AZ|SCOTTSDALE,04013,Maricopa,source_coordinate_within_county
1855211,Washington State University,WA,Pullman city,-117.1799363,46.7295818,0.5,NSF|WA|PULLMAN,53075,Whitman,source_coordinate_within_county
2037539,University of Washington,WA,Seattle city,-122.330062,47.6038321,0.333333333333,NSF|WA|SEATTLE,53033,King,source_coordinate_within_county
1855609,University of Illinois at Urbana-Champaign,IL,Urbana city,-88.207301,40.1117174,0.5,NSF|IL|URBANA,17019,Champaign,source_coordinate_within_county
2023554,University of North Texas,TX,Denton city,-97.1330431,33.215038,0.333333333333,NSF|TX|DENTON,48121,Denton,source_coordinate_within_county
1937984,Virginia Polytechnic Institute and State University,VA,Blacksburg town,-80.4136767,37.2296566,1.0,NSF|VA|BLACKSBURG,51121,Montgomery,source_coordinate_within_county
1936967,Rensselaer Polytechnic Institute,NY,Troy city,-73.6917878,42.7284117,1.0,NSF|NY|TROY,36083,Rensselaer,source_coordinate_within_county
1912823,Texas A&M Engineering Experiment Station,TX,College Station city,-96.3455991,30.6183939,0.5,NSF|TX|COLLEGE STATION,48041,Brazos,source_coordinate_within_county
1913688,California College of the Arts,CA,San Francisco city,-122.4075201,37.7879363,0.5,NSF|CA|SAN FRANCISCO,06075,San Francisco,source_coordinate_within_county
1916530,University of Washington,WA,Seattle city,-122.330062,47.6038321,1.0,NSF|WA|SEATTLE,53033,King,source_coordinate_within_county
1938619,"EQO, INC.",TX,Austin city,-97.7436995,30.2711286,1.0,NSF|TX|AUSTIN,48453,Travis,source_coordinate_within_county
1940417,NOON ENERGY INC.,CA,Palo Alto city,-122.1598465,37.4443293,1.0,NSF|CA|PALO ALTO,06085,Santa Clara,source_coordinate_within_county
1919259,University of Alabama Tuscaloosa,AL,Tuscaloosa city,-87.5675258,33.2095614,1.0,NSF|AL|TUSCALOOSA,01125,Tuscaloosa,source_coordinate_within_county
1913628,"Nth Cycle, LLC",MA,Burlington CDP,-71.1956111,42.5048167,1.0,NSF|MA|BURLINGTON,25017,Middlesex,source_coordinate_within_county
1843735,"Drone Amplified, Inc.",NE,Lincoln city,-96.7077751,40.8088861,1.0,NSF|NE|LINCOLN,31109,Lancaster,source_coordinate_within_county
2114722,SUNY at Buffalo,NY,Amherst town,-78.7997616,42.9783924,1.0,NSF|NY|AMHERST,36029,Erie,source_coordinate_within_county
1853794,Florida Agricultural and Mechanical University,FL,Tallahassee city,-84.2809332,30.4380832,1.0,NSF|FL|TALLAHASSEE,12073,Leon,source_coordinate_within_county
1853699,University Corporation For Atmospheric Res,CO,Boulder city,-105.270545,40.0149856,1.0,NSF|CO|BOULDER,08013,Boulder,source_coordinate_within_county
2131373,ACTIVECHARGE LLC,MD,Arbutus CDP,-76.6802471,39.2398292,1.0,NSF|MD|HALETHORPE,24005,Baltimore,source_coordinate_within_county
2136584,"WETX, INC.",UT,Salt Lake City city,-111.886797,40.7596198,1.0,NSF|UT|SALT LAKE CITY,49035,Salt Lake,source_coordinate_within_county
2151516,"AREN, INC.",NY,New York city,-74.0060152,40.7127281,1.0,NSF|NY|NEW YORK,36061,New York,source_coordinate_within_county
2136763,"T-OMEGA WIND, INC.",MA,Boston city,-71.0578303,42.3588336,1.0,NSF|MA|BOSTON,25025,Suffolk,source_coordinate_within_county
2219826,University of Akron,OH,Akron city,-81.518485,41.083064,1.0,NSF|OH|AKRON,39153,Summit,source_coordinate_within_county
2127727,"2KR SYSTEMS, LLC",NH,Barrington town,-71.047211,43.223191,1.0,NSF|NH|BARRINGTON,33017,Strafford,source_coordinate_within_county
2141122,University of Delaware,DE,Newark city,-75.7515682,39.6828358,1.0,NSF|DE|NEWARK,10003,New Castle,source_coordinate_within_county
2141162,Louisiana State University,LA,Baton Rouge city,-91.1869659,30.4494155,1.0,NSF|LA|BATON ROUGE,22033,East Baton Rouge,source_coordinate_within_county
2104205,"SUBSEA DATA SYSTEMS, INC.",FL,Stuart city,-80.2519175,27.197983,1.0,NSF|FL|STUART,12085,Martin,source_coordinate_within_county
2051992,STL SCIENTIFIC LLC,CA,Temple City city,-118.0577568,34.1082994,1.0,NSF|CA|TEMPLE CITY,06037,Los Angeles,source_coordinate_within_county
2125285,GODWIT KEY COMPANY,CA,San Diego city,-117.162772,32.7174202,1.0,NSF|CA|SAN DIEGO,06073,San Diego,source_coordinate_within_county
2127461,HEN NOZZLES INC.,CA,Hayward city,-122.080796,37.6688205,1.0,NSF|CA|HAYWARD,06001,Alameda,source_coordinate_within_county
2112424,"Heirloom Carbon Technologies, Inc.",CA,Brisbane city,-122.402794,37.687165,1.0,NSF|CA|BRISBANE,06081,San Mateo,source_coordinate_within_county
2111353,Louisiana State University,LA,Baton Rouge city,-91.1869659,30.4494155,1.0,NSF|LA|BATON ROUGE,22033,East Baton Rouge,source_coordinate_within_county
1942053,Tufts University,MA,Medford city,-71.1061639,42.4184296,1.0,NSF|MA|MEDFORD,25017,Middlesex,source_coordinate_within_county
1925148,Texas A&M Engineering Experiment Station,TX,College Station city,-96.3455991,30.6183939,0.5,NSF|TX|COLLEGE STATION,48041,Brazos,source_coordinate_within_county
1925368,University of Nebraska-Lincoln,NE,Lincoln city,-96.7077751,40.8088861,0.5,NSF|NE|LINCOLN,31109,Lancaster,source_coordinate_within_county
2124211,Massachusetts Institute of Technology,MA,Cambridge city,-71.1040018,42.3656347,0.5,NSF|MA|CAMBRIDGE,25017,Middlesex,source_coordinate_within_county
2124210,Woods Hole Oceanographic Institution,MA,Woods Hole CDP,-70.6694015,41.5238752,0.5,NSF|MA|WOODS HOLE,25001,Barnstable,source_coordinate_within_county
2102812,University of Arizona,AZ,Tucson city,-110.974847,32.2228765,0.5,NSF|AZ|TUCSON,04019,Pima,source_coordinate_within_county
2102814,William Marsh Rice University,TX,Houston city,-95.3676974,29.7589382,0.5,NSF|TX|HOUSTON,48201,Harris,source_coordinate_within_county
2120366,SUNY at Albany,NY,Albany city,-73.754968,42.6511674,0.333333333333,NSF|NY|ALBANY,36001,Albany,source_coordinate_within_county
2029799,NUMIX Materials Inc.,WI,Wauwatosa city,-88.0079271,43.0494122,1.0,NSF|WI|WAUWATOSA,55079,Milwaukee,source_coordinate_within_county
2025871,"Drone Amplified, Inc.",NE,Lincoln city,-96.7077751,40.8088861,1.0,NSF|NE|LINCOLN,31109,Lancaster,source_coordinate_within_county
2026025,CLIMATEAI INC,CA,San Francisco city,-122.4075201,37.7879363,1.0,NSF|CA|SAN FRANCISCO,06075,San Francisco,source_coordinate_within_county
2014176,HEN NOZZLES INC.,CA,Hayward city,-122.080796,37.6688205,1.0,NSF|CA|HAYWARD,06001,Alameda,source_coordinate_within_county
2014581,REEFGEN INC.,CA,San Francisco city,-122.4075201,37.7879363,1.0,NSF|CA|SAN FRANCISCO,06075,San Francisco,source_coordinate_within_county
1941101,University of Tennessee Knoxville,TN,Knoxville city,-83.9210261,35.9603948,1.0,NSF|TN|KNOXVILLE,47093,Knox,source_coordinate_within_county
1950354,"Pure Sustainable Technologies, LLC",CA,Redondo Beach city,-118.3845942,33.8398289,1.0,NSF|CA|REDONDO BEACH,06037,Los Angeles,source_coordinate_within_county
2231677,Rensselaer Polytechnic Institute,NY,Troy city,-73.6917878,42.7284117,1.0,NSF|NY|TROY,36083,Rensselaer,source_coordinate_within_county
2222849,Pennsylvania State Univ University Park,PA,College township,-77.8710571,40.8128971,1.0,NSF|PA|UNIVERSITY PARK,42027,Centre,source_coordinate_within_county
2138449,CSU Fullerton Auxiliary Services Corporation,CA,Fullerton city,-117.929416,33.8708215,1.0,NSF|CA|FULLERTON,06059,Orange,source_coordinate_within_county
2015466,University of Alabama Tuscaloosa,AL,Tuscaloosa city,-87.5675258,33.2095614,1.0,NSF|AL|TUSCALOOSA,01125,Tuscaloosa,source_coordinate_within_county
2001738,University of Colorado at Boulder,CO,Boulder city,-105.270545,40.0149856,1.0,NSF|CO|BOULDER,08013,Boulder,source_coordinate_within_county
1953270,University of Connecticut,CT,Storrs CDP,-72.2495231,41.8084314,1.0,NSF|CT|STORRS,09110,Capitol,source_coordinate_within_county
2221975,University of Georgia Research Foundation Inc,GA,Athens-Clarke County unified government (balance),-83.376398,33.9597677,0.25,NSF|GA|ATHENS,13059,Clarke,source_coordinate_within_county
2221976,University of Illinois at Urbana-Champaign,IL,Urbana city,-88.207301,40.1117174,0.25,NSF|IL|URBANA,17019,Champaign,source_coordinate_within_county
2221974,University of Nebraska-Lincoln,NE,Lincoln city,-96.7077751,40.8088861,0.25,NSF|NE|LINCOLN,31109,Lancaster,source_coordinate_within_county
2221977,University of North Carolina at Asheville,NC,Asheville city,-82.5508407,35.595363,0.25,NSF|NC|ASHEVILLE,37021,Buncombe,source_coordinate_within_county
2303870,University of Washington,WA,Seattle city,-122.330062,47.6038321,1.0,NSF|WA|SEATTLE,53033,King,source_coordinate_within_county
1903616,Woods Hole Oceanographic Institution,MA,Woods Hole CDP,-70.6694015,41.5238752,1.0,NSF|MA|WOODS HOLE,25001,Barnstable,source_coordinate_within_county
1852020,Clemson University,SC,Clemson city,-82.8364111,34.6850749,0.333333333333,NSF|SC|CLEMSON,45077,Pickens,source_coordinate_within_county
1851683,University of North Carolina Greensboro,NC,Greensboro city,-79.7919754,36.0726355,0.333333333333,NSF|NC|GREENSBORO,37081,Guilford,source_coordinate_within_county
1851618,Regents of the University of Michigan - Ann Arbor,MI,Ann Arbor city,-83.7484616,42.2813722,0.333333333333,NSF|MI|ANN ARBOR,26161,Washtenaw,source_coordinate_within_county
1854931,University of Wisconsin-Madison,WI,Madison city,-89.3841663,43.07469,0.5,NSF|WI|MADISON,55025,Dane,source_coordinate_within_county
1854945,University of California-Berkeley,CA,Berkeley city,-122.272863,37.8708393,0.5,NSF|CA|BERKELEY,06001,Alameda,source_coordinate_within_county
1854902,Johns Hopkins University,MD,Baltimore city,-76.610759,39.2908816,1.0,NSF|MD|BALTIMORE,24510,Baltimore,source_coordinate_within_county
1834986,Point Reyes Bird Observatory,CA,Petaluma city,-122.636465,38.2325829,1.0,NSF|CA|PETALUMA,06097,Sonoma,source_coordinate_within_county
1854559,Colorado State University,CO,Fort Collins city,-105.0770113,40.5871782,0.5,NSF|CO|FORT COLLINS,08069,Larimer,source_coordinate_within_county
1854607,Pennsylvania State Univ University Park,PA,College township,-77.8710571,40.8128971,0.5,NSF|PA|UNIVERSITY PARK,42027,Centre,source_coordinate_within_county
1841273,University of California-San Diego Scripps Inst of Oceanography,CA,San Diego city,-117.2740777,32.8401623,0.5,NSF|CA|LA JOLLA,06073,San Diego,source_coordinate_within_county
1841315,University of Southern California,CA,Los Angeles city,-118.242766,34.0536909,0.5,NSF|CA|LOS ANGELES,06037,Los Angeles,source_coordinate_within_county
2128365,Temple University,PA,Philadelphia city,-75.1635262,39.9527237,1.0,NSF|PA|PHILADELPHIA,42101,Philadelphia,source_coordinate_within_county
2129570,University of South Florida,FL,Tampa city,-82.4583107,27.9449854,1.0,NSF|FL|TAMPA,12057,Hillsborough,source_coordinate_within_county
2025643,University of California-San Diego,CA,San Diego city,-117.2740777,32.8401623,1.0,NSF|CA|LA JOLLA,06073,San Diego,source_coordinate_within_county
2033910,University of Tennessee Knoxville,TN,Knoxville city,-83.9210261,35.9603948,1.0,NSF|TN|KNOXVILLE,47093,Knox,source_coordinate_within_county
2013947,Georgia Tech Research Corporation,GA,Atlanta city,-84.3898151,33.7544657,1.0,NSF|GA|ATLANTA,13121,Fulton,source_coordinate_within_county
2011872,Florida International University,FL,Miami city,-80.1935973,25.7741566,1.0,NSF|FL|MIAMI,12086,Miami-Dade,source_coordinate_within_county
2038637,University of North Texas,TX,Denton city,-97.1330431,33.215038,0.5,NSF|TX|DENTON,48121,Denton,source_coordinate_within_county
2102530,North Carolina State University,NC,Raleigh city,-78.6390989,35.7803977,1.0,NSF|NC|RALEIGH,37183,Wake,source_coordinate_within_county
2054706,University of Illinois at Urbana-Champaign,IL,Urbana city,-88.207301,40.1117174,0.333333333333,NSF|IL|URBANA,17019,Champaign,source_coordinate_within_county
2054688,University of Nebraska-Lincoln,NE,Lincoln city,-96.7077751,40.8088861,0.333333333333,NSF|NE|LINCOLN,31109,Lancaster,source_coordinate_within_county
2038072,Indiana University,IN,Bloomington city,-86.5342881,39.1670396,1.0,NSF|IN|BLOOMINGTON,18105,Monroe,source_coordinate_within_county
2025285,University of Southern California,CA,Los Angeles city,-118.242766,34.0536909,1.0,NSF|CA|LOS ANGELES,06037,Los Angeles,source_coordinate_within_county
2106046,Colorado State University,CO,Fort Collins city,-105.0770113,40.5871782,1.0,NSF|CO|FORT COLLINS,08069,Larimer,source_coordinate_within_county
2318717,University of California - Merced,CA,Merced city,-120.4843269,37.3029568,1.0,NSF|CA|MERCED,06047,Merced,source_coordinate_within_county
2319994,University of New Mexico,NM,Albuquerque city,-106.650985,35.0841034,1.0,NSF|NM|ALBUQUERQUE,35001,Bernalillo,source_coordinate_within_county
2331127,University of California-Los Angeles,CA,Los Angeles city,-118.242766,34.0536909,1.0,NSF|CA|LOS ANGELES,06037,Los Angeles,source_coordinate_within_county
2303097,University of Connecticut,CT,Storrs CDP,-72.2495231,41.8084314,1.0,NSF|CT|STORRS,09110,Capitol,source_coordinate_within_county
2335210,VAYUH INC,CA,Oakland city,-122.271356,37.8044557,1.0,NSF|CA|OAKLAND,06001,Alameda,source_coordinate_within_county
1640517,North Carolina Agricultural & Technical State University,NC,Greensboro city,-79.7919754,36.0726355,1.0,NSF|NC|GREENSBORO,37081,Guilford,source_coordinate_within_county
1664968,The University of Central Florida Board of Trustees,FL,Orlando city,-81.379045,28.5421218,1.0,NSF|FL|ORLANDO,12095,Orange,source_coordinate_within_county
1760185,University of Arkansas,AR,Fayetteville city,-94.1574328,36.0625843,1.0,NSF|AR|FAYETTEVILLE,05143,Washington,source_coordinate_within_county
1562353,University of Washington,WA,Seattle city,-122.330062,47.6038321,1.0,NSF|WA|SEATTLE,53033,King,source_coordinate_within_county
2151256,SOFI TEC LLC,LA,Youngsville city,-91.9901206,30.0996471,1.0,NSF|LA|YOUNGSVILLE,22055,Lafayette,source_coordinate_within_county
2304408,NEARSTAR FUSION INC,VA,Chantilly CDP,-77.4311513,38.8941543,1.0,NSF|VA|CHANTILLY,51059,Fairfax,source_coordinate_within_county
2331765,Colorado School of Mines,CO,Golden city,-105.22058,39.7546349,1.0,NSF|CO|GOLDEN,08059,Jefferson,source_coordinate_within_county
2233387,"INTERSPHERE, INC.",CO,Fort Collins city,-105.0770113,40.5871782,1.0,NSF|CO|FORT COLLINS,08069,Larimer,source_coordinate_within_county
2223166,HELIOS POMPANO INC,FL,Gainesville city,-82.3249846,29.6519684,1.0,NSF|FL|GAINESVILLE,12001,Alachua,source_coordinate_within_county
2208779,NEPTUNYA OCEAN POWER LLC,FL,Lake Park town,-80.0661631,26.8002153,1.0,NSF|FL|LAKE PARK,12099,Palm Beach,source_coordinate_within_county
2428805,Johns Hopkins University,MD,Baltimore city,-76.610759,39.2908816,1.0,NSF|MD|BALTIMORE,24510,Baltimore,source_coordinate_within_county
1554171,Massachusetts Institute of Technology,MA,Cambridge city,-71.1040018,42.3656347,1.0,NSF|MA|CAMBRIDGE,25017,Middlesex,source_coordinate_within_county
1617473,University of Utah,UT,Salt Lake City city,-111.886797,40.7596198,1.0,NSF|UT|SALT LAKE CITY,49035,Salt Lake,source_coordinate_within_county
1558736,University of Colorado at Boulder,CO,Boulder city,-105.270545,40.0149856,0.333333333333,NSF|CO|BOULDER,08013,Boulder,source_coordinate_within_county
1558980,University of Hawaii,HI,Urban Honolulu CDP,-157.855676,21.304547,0.333333333333,NSF|HI|HONOLULU,15003,Honolulu,source_coordinate_within_county
1558741,Old Dominion University Research Foundation,VA,Norfolk city,-76.2899539,36.8493695,0.333333333333,NSF|VA|NORFOLK,51710,Norfolk,source_coordinate_within_county
1663302,University of Alabama in Huntsville,AL,Huntsville city,-86.5859011,34.729847,1.0,NSF|AL|HUNTSVILLE,01089,Madison,source_coordinate_within_county
2423352,"BASS AGRITECH, INC",MO,Rogersville city,-93.0569237,37.1173669,1.0,NSF|MO|ROGERSVILLE,29225,Webster,source_coordinate_within_county
2414567,PITCH AERONAUTICS INC.,ID,Boise City city,-116.200886,43.6166163,1.0,NSF|ID|BOISE,16001,Ada,source_coordinate_within_county
2344558,California Institute of Technology,CA,Pasadena city,-118.144155,34.1476507,1.0,NSF|CA|PASADENA,06037,Los Angeles,source_coordinate_within_county
2349882,Texas State University - San Marcos,TX,San Marcos city,-97.9405828,29.8826436,1.0,NSF|TX|SAN MARCOS,48209,Hays,source_coordinate_within_county
2246032,University of New Orleans,LA,New Orleans city,-90.0733934,29.9561422,1.0,NSF|LA|NEW ORLEANS,22071,Orleans,source_coordinate_within_county
2333604,Woods Hole Oceanographic Institution,MA,Woods Hole CDP,-70.6694015,41.5238752,1.0,NSF|MA|WOODS HOLE,25001,Barnstable,source_coordinate_within_county
2002829,University of Arizona,AZ,Tucson city,-110.974847,32.2228765,1.0,NSF|AZ|TUCSON,04019,Pima,source_coordinate_within_county
1756616,Rutgers University New Brunswick,NJ,New Brunswick city,-74.4436416,40.4936119,0.5,NSF|NJ|NEW BRUNSWICK,34023,Middlesex,source_coordinate_within_county
1756623,University of Rhode Island,RI,Kingston CDP,-71.5227103,41.4801166,0.5,NSF|RI|KINGSTON,44009,Washington,source_coordinate_within_county
1753656,University of Miami,FL,Coral Gables city,-80.2585107,25.7331105,1.0,NSF|FL|CORAL GABLES,12086,Miami-Dade,source_coordinate_within_county
1741370,Pennsylvania State Univ University Park,PA,College township,-77.8710571,40.8128971,1.0,NSF|PA|UNIVERSITY PARK,42027,Centre,source_coordinate_within_county
1843172,"Hexalayer, LLC",KY,Louisville city,-85.759407,38.2542376,1.0,NSF|KY|LOUISVILLE,21111,Jefferson,source_coordinate_within_county
1739315,Rutgers University New Brunswick,NJ,New Brunswick city,-74.4436416,40.4936119,1.0,NSF|NJ|NEW BRUNSWICK,34023,Middlesex,source_coordinate_within_county
1851432,Keene State College,NH,Keene city,-72.2784264,42.933597,0.333333333333,NSF|NH|KEENE,33005,Cheshire,source_coordinate_within_county
1851043,Northeastern University,MA,Boston city,-71.0578303,42.3588336,0.333333333333,NSF|MA|BOSTON,25025,Suffolk,source_coordinate_within_county
1850719,Woods Hole Oceanographic Institution,MA,Woods Hole CDP,-70.6694015,41.5238752,1.0,NSF|MA|WOODS HOLE,25001,Barnstable,source_coordinate_within_county
1851262,College of Charleston,SC,Charleston city,-79.9399309,32.7884363,0.333333333333,NSF|SC|CHARLESTON,45019,Charleston,source_coordinate_within_county
1929979,University of North Carolina at Wilmington,NC,Wilmington city,-77.9487284,34.2352853,1.0,NSF|NC|WILMINGTON,37129,New Hanover,source_coordinate_within_county
1954517,University of Tennessee Knoxville,TN,Knoxville city,-83.9210261,35.9603948,1.0,NSF|TN|KNOXVILLE,47093,Knox,source_coordinate_within_county
2045200,Florida Atlantic University,FL,Boca Raton city,-80.0830984,26.3586885,1.0,NSF|FL|BOCA RATON,12099,Palm Beach,source_coordinate_within_county
2014792,"FULL CIRCLE MICROBES, INC.",VT,Essex Junction city,-73.11136,44.4906817,1.0,NSF|VT|ESSEX JUNCTION,50007,Chittenden,source_coordinate_within_county
1951242,"Alligant Scientific, LLC",CO,Centennial city,-104.8769227,39.579155,1.0,NSF|CO|CENTENNIAL,08005,Arapahoe,source_coordinate_within_county
2109842,University of Texas at Austin,TX,Austin city,-97.7436995,30.2711286,1.0,NSF|TX|AUSTIN,48453,Travis,source_coordinate_within_county
2002410,University of California-Berkeley,CA,Berkeley city,-122.272863,37.8708393,1.0,NSF|CA|BERKELEY,06001,Alameda,source_coordinate_within_county
2153880,MIDWEST ELECTRIC PROPULSION COMPANY (MEPCO),WI,Milwaukee city,-87.9090751,43.0386475,1.0,NSF|WI|MILWAUKEE,55079,Milwaukee,source_coordinate_within_county
2110275,"WAVEARRAY ANTIFOULING SYSTEMS, LLC",FL,Naples city,-81.7942944,26.1421976,1.0,NSF|FL|NAPLES,12021,Collier,source_coordinate_within_county
2415132,Missouri University of Science and Technology,MO,Rolla city,-91.7708076,37.9509324,1.0,NSF|MO|ROLLA,29161,Phelps,source_coordinate_within_county
2344105,University of Washington,WA,Seattle city,-122.330062,47.6038321,1.0,NSF|WA|SEATTLE,53033,King,source_coordinate_within_county
2223098,SUNY at Buffalo,NY,Amherst town,-78.7997616,42.9783924,1.0,NSF|NY|AMHERST,36029,Erie,source_coordinate_within_county
1640693,Tufts University,MA,Medford city,-71.1061639,42.4184296,1.0,NSF|MA|MEDFORD,25017,Middlesex,source_coordinate_within_county
1549078,"LeanFM Technologies, Inc.",PA,Pittsburgh city,-80.0025666,40.4406968,1.0,NSF|PA|PITTSBURGH,42003,Allegheny,source_coordinate_within_county
1705346,Brown University,RI,Providence city,-71.4128343,41.8239891,0.5,NSF|RI|PROVIDENCE,44007,Providence,source_coordinate_within_county
1704326,Washington University,MO,St. Louis city,-90.190009,38.6254063,0.5,NSF|MO|SAINT LOUIS,29510,St. Louis,source_coordinate_within_county
1700805,University of New Haven,CT,West Haven city,-72.9470471,41.2706527,1.0,NSF|CT|WEST HAVEN,09170,South Central Connecticut,source_coordinate_within_county
1550112,University of Pennsylvania,PA,Philadelphia city,-75.1635262,39.9527237,1.0,NSF|PA|PHILADELPHIA,42101,Philadelphia,source_coordinate_within_county
1559607,Colorado State University,CO,Fort Collins city,-105.0770113,40.5871782,0.5,NSF|CO|FORT COLLINS,08069,Larimer,source_coordinate_within_county
1642016,Bennington College,VT,Bennington CDP,-73.1968205,42.8788667,1.0,NSF|VT|BENNINGTON,50003,Bennington,source_coordinate_within_county
1559598,Atmospheric and Environmental Research Inc,MA,Lexington CDP,-71.2245003,42.4473175,0.5,NSF|MA|LEXINGTON,25017,Middlesex,source_coordinate_within_county
1555479,North Carolina Agricultural & Technical State University,NC,Greensboro city,-79.7919754,36.0726355,1.0,NSF|NC|GREENSBORO,37081,Guilford,source_coordinate_within_county
1555034,Georgia Tech Research Corporation,GA,Atlanta city,-84.3898151,33.7544657,1.0,NSF|GA|ATLANTA,13121,Fulton,source_coordinate_within_county
1650170,Rutgers University New Brunswick,NJ,New Brunswick city,-74.4436416,40.4936119,1.0,NSF|NJ|NEW BRUNSWICK,34023,Middlesex,source_coordinate_within_county
1554061,Washington University,MO,St. Louis city,-90.190009,38.6254063,1.0,NSF|MO|SAINT LOUIS,29510,St. Louis,source_coordinate_within_county
1745476,University of Missouri-Columbia,MO,Columbia city,-92.3337366,38.951883,1.0,NSF|MO|COLUMBIA,29019,Boone,source_coordinate_within_county
1656889,University of California-Davis,CA,Davis city,-121.739005,38.5435526,1.0,NSF|CA|DAVIS,06113,Yolo,source_coordinate_within_county
1726177,University of Alaska Southeast Juneau Campus,AK,Juneau city and borough,-134.4196751,58.3019613,1.0,NSF|AK|JUNEAU,02110,Juneau,source_coordinate_within_county
1906492,Texas State University - San Marcos,TX,San Marcos city,-97.9405828,29.8826436,0.5,NSF|TX|SAN MARCOS,48209,Hays,source_coordinate_within_county
1906505,University of Texas at Dallas,TX,Richardson city,-96.7297206,32.9481789,0.5,NSF|TX|RICHARDSON,48113,Dallas,source_coordinate_within_county
1847498,University of Wyoming,WY,Laramie city,-105.5917876,41.3116442,1.0,NSF|WY|LARAMIE,56001,Albany,source_coordinate_within_county
1922539,University of Illinois at Chicago,IL,Chicago city,-87.6244212,41.8755616,1.0,NSF|IL|CHICAGO,17031,Cook,source_coordinate_within_county
2125293,Pennsylvania State Univ University Park,PA,College township,-77.8710571,40.8128971,0.5,NSF|PA|UNIVERSITY PARK,42027,Centre,source_coordinate_within_county
2131369,Texas A&M University,TX,College Station city,-96.3455991,30.6183939,0.5,NSF|TX|COLLEGE STATION,48041,Brazos,source_coordinate_within_county
2131370,University of North Carolina at Chapel Hill,NC,Chapel Hill town,-79.05578,35.9131542,0.5,NSF|NC|CHAPEL HILL,37135,Orange,source_coordinate_within_county
2131199,University of California - Merced,CA,Merced city,-120.4843269,37.3029568,1.0,NSF|CA|MERCED,06047,Merced,source_coordinate_within_county
2039985,Purdue University,IN,West Lafayette city,-86.9080655,40.4258686,1.0,NSF|IN|WEST LAFAYETTE,18157,Tippecanoe,source_coordinate_within_county
2016444,University of Illinois at Chicago,IL,Chicago city,-87.6244212,41.8755616,1.0,NSF|IL|CHICAGO,17031,Cook,source_coordinate_within_county
2025906,EigenPatterns Inc.,CA,San Jose city,-121.890591,37.3361663,1.0,NSF|CA|SAN JOSE,06085,Santa Clara,source_coordinate_within_county
1748266,University of Montana,MT,Missoula city,-113.995267,46.8701049,1.0,NSF|MT|MISSOULA,30063,Missoula,source_coordinate_within_county
1916771,University of Illinois at Urbana-Champaign,IL,Urbana city,-88.207301,40.1117174,1.0,NSF|IL|URBANA,17019,Champaign,source_coordinate_within_county
2100092,MARLEY ENVIRONMENTAL INC,CT,Avon town,-72.8306541,41.8098209,1.0,NSF|CT|AVON,09110,Capitol,source_coordinate_within_county
1831178,embr labs inc.,MA,Boston city,-71.0578303,42.3588336,1.0,NSF|MA|BOSTON,25025,Suffolk,source_coordinate_within_county
2051981,"RIVIEH, INC.",CA,Los Angeles city,-118.242766,34.0536909,1.0,NSF|CA|LOS ANGELES,06037,Los Angeles,source_coordinate_within_county
1819785,XFlow Energy Company,WA,Seattle city,-122.330062,47.6038321,1.0,NSF|WA|SEATTLE,53033,King,source_coordinate_within_county
1820488,EigenPatterns Inc.,CA,San Jose city,-121.890591,37.3361663,1.0,NSF|CA|SAN JOSE,06085,Santa Clara,source_coordinate_within_county
1950327,Colorado State University,CO,Fort Collins city,-105.0770113,40.5871782,0.5,NSF|CO|FORT COLLINS,08069,Larimer,source_coordinate_within_county
1950333,Atmospheric and Environmental Research Inc,MA,Lexington CDP,-71.2245003,42.4473175,0.5,NSF|MA|LEXINGTON,25017,Middlesex,source_coordinate_within_county
1927045,"ABSTRACT ENGINEERING, INC",TX,Austin city,-97.7436995,30.2711286,1.0,NSF|TX|AUSTIN,48453,Travis,source_coordinate_within_county
1919127,"Board of Regents, NSHE, obo University of Nevada, Reno",NV,Reno city,-119.812658,39.5261788,1.0,NSF|NV|RENO,32031,Washoe,source_coordinate_within_county
2141193,University of Utah,UT,Salt Lake City city,-111.886797,40.7596198,1.0,NSF|UT|SALT LAKE CITY,49035,Salt Lake,source_coordinate_within_county
2232206,University of Pittsburgh,PA,Pittsburgh city,-80.0025666,40.4406968,1.0,NSF|PA|PITTSBURGH,42003,Allegheny,source_coordinate_within_county
2204689,University of North Dakota Main Campus,ND,Grand Forks city,-97.0306325,47.9252104,1.0,NSF|ND|GRAND FORKS,38035,Grand Forks,source_coordinate_within_county
2423254,Princeton University,NJ,Princeton,-74.6597376,40.3496953,0.5,NSF|NJ|PRINCETON,34021,Mercer,source_coordinate_within_county
2334438,"OHIO STATE UNIVERSITY, THE",OH,Columbus city,-83.0007065,39.9622601,1.0,NSF|OH|COLUMBUS,39049,Franklin,source_coordinate_within_county
1624533,Rutgers University New Brunswick,NJ,New Brunswick city,-74.4436416,40.4936119,0.5,NSF|NJ|NEW BRUNSWICK,34023,Middlesex,source_coordinate_within_county
1624542,Central Washington University,WA,Ellensburg city,-120.545122,46.9970635,0.5,NSF|WA|ELLENSBURG,53037,Kittitas,source_coordinate_within_county
2038559,University of Minnesota-Twin Cities,MN,Minneapolis city,-93.2654692,44.9772995,0.333333333333,NSF|MN|MINNEAPOLIS,27053,Hennepin,source_coordinate_within_county
2038215,Regents of the University of Michigan - Ann Arbor,MI,Ann Arbor city,-83.7484616,42.2813722,0.333333333333,NSF|MI|ANN ARBOR,26161,Washtenaw,source_coordinate_within_county
1660514,Arizona State University,AZ,Scottsdale city,-111.926018,33.4942189,1.0,NSF|AZ|SCOTTSDALE,04013,Maricopa,source_coordinate_within_county
1607816,Boston College,MA,Brookline CDP,-71.1639439,42.3234553,1.0,NSF|MA|CHESTNUT HILL,25021,Norfolk,source_coordinate_within_county
1541564,Woods Hole Oceanographic Institution,MA,Woods Hole CDP,-70.6694015,41.5238752,0.5,NSF|MA|WOODS HOLE,25001,Barnstable,source_coordinate_within_county
1541390,University of Oregon Eugene,OR,Eugene city,-123.0950506,44.0505054,0.5,NSF|OR|EUGENE,41039,Lane,source_coordinate_within_county
1744346,University of New Hampshire,NH,Durham CDP,-70.9177186,43.1214141,1.0,NSF|NH|DURHAM,33017,Strafford,source_coordinate_within_county
1737274,University of Florida,FL,Gainesville city,-82.3249846,29.6519684,0.5,NSF|FL|GAINESVILLE,12001,Alachua,source_coordinate_within_county
1736713,Louisiana State University,LA,Baton Rouge city,-91.1869659,30.4494155,0.5,NSF|LA|BATON ROUGE,22033,East Baton Rouge,source_coordinate_within_county
1725625,James Stephanie R,FL,Gainesville city,-82.3249846,29.6519684,1.0,NSF|FL|GAINESVILLE,12001,Alachua,source_coordinate_within_county
1664203,San Diego State University Foundation,CA,San Diego city,-117.162772,32.7174202,1.0,NSF|CA|SAN DIEGO,06073,San Diego,source_coordinate_within_county
1702825,CSU Fullerton Auxiliary Services Corporation,CA,Fullerton city,-117.929416,33.8708215,0.5,NSF|CA|FULLERTON,06059,Orange,source_coordinate_within_county
1702580,University of California-Los Angeles,CA,Los Angeles city,-118.242766,34.0536909,0.5,NSF|CA|LOS ANGELES,06037,Los Angeles,source_coordinate_within_county
1657938,Northeastern University,MA,Boston city,-71.0578303,42.3588336,1.0,NSF|MA|BOSTON,25025,Suffolk,source_coordinate_within_county
1822436,Clemson University,SC,Clemson city,-82.8364111,34.6850749,1.0,NSF|SC|CLEMSON,45077,Pickens,source_coordinate_within_county
1663288,Regents of the University of Michigan - Ann Arbor,MI,Ann Arbor city,-83.7484616,42.2813722,0.333333333333,NSF|MI|ANN ARBOR,26161,Washtenaw,source_coordinate_within_county
1663546,Brigham Young University,UT,Provo city,-111.6587085,40.2337289,0.333333333333,NSF|UT|PROVO,49049,Utah,source_coordinate_within_county
1745451,Iowa State University,IA,Ames city,-93.6170448,42.0267567,1.0,NSF|IA|AMES,19169,Story,source_coordinate_within_county
1745611,University of Colorado at Boulder,CO,Boulder city,-105.270545,40.0149856,1.0,NSF|CO|BOULDER,08013,Boulder,source_coordinate_within_county
1662655,Hope College,MI,Holland city,-86.1090828,42.7876022,1.0,NSF|MI|HOLLAND,26139,Ottawa,source_coordinate_within_county
1738689,Virginia Polytechnic Institute and State University,VA,Blacksburg town,-80.4136767,37.2296566,1.0,NSF|VA|BLACKSBURG,51121,Montgomery,source_coordinate_within_county
1702944,University of Texas at Austin,TX,Austin city,-97.7436995,30.2711286,1.0,NSF|TX|AUSTIN,48453,Travis,source_coordinate_within_county
1726326,University of Washington,WA,Seattle city,-122.330062,47.6038321,1.0,NSF|WA|SEATTLE,53033,King,source_coordinate_within_county
1663363,Texas Tech University,TX,Lubbock city,-101.8470215,33.5855677,1.0,NSF|TX|LUBBOCK,48303,Lubbock,source_coordinate_within_county
1652628,University of Florida,FL,Gainesville city,-82.3249846,29.6519684,1.0,NSF|FL|GAINESVILLE,12001,Alachua,source_coordinate_within_county
1650544,University of Connecticut,CT,Storrs CDP,-72.2495231,41.8084314,1.0,NSF|CT|STORRS,09110,Capitol,source_coordinate_within_county
1658306,University of California-Santa Cruz,CA,Santa Cruz city,-122.0294673,36.9743626,1.0,NSF|CA|SANTA CRUZ,06087,Santa Cruz,source_coordinate_within_county
1656471,Texas Tech University,TX,Lubbock city,-101.8470215,33.5855677,1.0,NSF|TX|LUBBOCK,48303,Lubbock,source_coordinate_within_county
1647650,Louisiana Multi-Functional-Materials Group LLC,LA,Baton Rouge city,-91.1869659,30.4494155,1.0,NSF|LA|BATON ROUGE,22033,East Baton Rouge,source_coordinate_within_county
1621951,"MBio Diagnostics, Inc.",CO,Boulder city,-105.270545,40.0149856,1.0,NSF|CO|BOULDER,08013,Boulder,source_coordinate_within_county
1621444,SweetSense Inc.,CO,Boulder city,-105.270545,40.0149856,1.0,NSF|CO|BOULDER,08013,Boulder,source_coordinate_within_county
1556094,V-Glass LLC,WI,Pewaukee city,-88.2139452,43.0846017,1.0,NSF|WI|PEWAUKEE,55133,Waukesha,source_coordinate_within_county
1549206,"Ayar Labs, Inc.",CA,San Jose city,-121.890591,37.3361663,1.0,NSF|CA|SAN JOSE,06085,Santa Clara,source_coordinate_within_county
1549710,Solargasoline LLC,NH,Concord city,-71.537476,43.207178,1.0,NSF|NH|CONCORD,33013,Merrimack,source_coordinate_within_county
1747673,University of Massachusetts Lowell,MA,Lowell city,-71.3085329,42.6414437,1.0,NSF|MA|LOWELL,25017,Middlesex,source_coordinate_within_county
2409271,University of Southern California,CA,Los Angeles city,-118.242766,34.0536909,0.333333333333,NSF|CA|LOS ANGELES,06037,Los Angeles,source_coordinate_within_county
1738321,SweetSense Inc.,CO,Boulder city,-105.270545,40.0149856,1.0,NSF|CO|BOULDER,08013,Boulder,source_coordinate_within_county
1722008,"Packetized Energy Technologies, Inc.",VT,Burlington city,-73.212906,44.4761601,1.0,NSF|VT|BURLINGTON,50007,Chittenden,source_coordinate_within_county
1721326,PowerFlex Systems,CA,Los Altos city,-122.116578,37.3790629,1.0,NSF|CA|LOS ALTOS,06085,Santa Clara,source_coordinate_within_county
1721892,InnoCit LLC,MO,St. James city,-91.6139952,37.9970626,1.0,NSF|MO|SAINT JAMES,29161,Phelps,source_coordinate_within_county
1722037,"KONTAK, LLC",WA,Redmond city,-122.1238767,47.6694141,1.0,NSF|WA|REDMOND,53033,King,source_coordinate_within_county
1659038,"Radiator Labs, Inc.",NY,New York city,-73.9497211,40.6526006,1.0,NSF|NY|BROOKLYN,36047,Kings,source_coordinate_within_county
1740384,University of California-Berkeley,CA,Berkeley city,-122.272863,37.8708393,1.0,NSF|CA|BERKELEY,06001,Alameda,source_coordinate_within_county
1660096,"Resensys, LLC",MD,Beltsville CDP,-76.9149547,39.0299081,1.0,NSF|MD|BELTSVILLE,24033,Prince George's,source_coordinate_within_county
1700072,Texas A&M Engineering Experiment Station,TX,College Station city,-96.3455991,30.6183939,1.0,NSF|TX|COLLEGE STATION,48041,Brazos,source_coordinate_within_county
1645386,University of Illinois at Urbana-Champaign,IL,Urbana city,-88.207301,40.1117174,1.0,NSF|IL|URBANA,17019,Champaign,source_coordinate_within_county
1635106,Pennsylvania State Univ University Park,PA,College township,-77.8710571,40.8128971,1.0,NSF|PA|UNIVERSITY PARK,42027,Centre,source_coordinate_within_county
1611095,University of Connecticut,CT,Storrs CDP,-72.2495231,41.8084314,0.5,NSF|CT|STORRS,09110,Capitol,source_coordinate_within_county
1632963,Lafayette College,PA,Easton city,-75.2099866,40.6916081,1.0,NSF|PA|EASTON,42095,Northampton,source_coordinate_within_county
1635307,University of California-Davis,CA,Davis city,-121.739005,38.5435526,0.333333333333,NSF|CA|DAVIS,06113,Yolo,source_coordinate_within_county
1635524,George Washington University,DC,Washington city,-77.0363849,38.8950982,0.333333333333,NSF|DC|WASHINGTON,11001,District of Columbia,source_coordinate_within_county
1635040,Rensselaer Polytechnic Institute,NY,Troy city,-73.6917878,42.7284117,0.333333333333,NSF|NY|TROY,36083,Rensselaer,source_coordinate_within_county
1603754,University of California-Santa Cruz,CA,Santa Cruz city,-122.0294673,36.9743626,1.0,NSF|CA|SANTA CRUZ,06087,Santa Cruz,source_coordinate_within_county
1640922,University of California-Berkeley,CA,Berkeley city,-122.272863,37.8708393,1.0,NSF|CA|BERKELEY,06001,Alameda,source_coordinate_within_county
1634919,Colorado State University,CO,Fort Collins city,-105.0770113,40.5871782,1.0,NSF|CO|FORT COLLINS,08069,Larimer,source_coordinate_within_county
1552375,University of Illinois at Chicago,IL,Chicago city,-87.6244212,41.8755616,1.0,NSF|IL|CHICAGO,17031,Cook,source_coordinate_within_county
1541199,University of Texas at Dallas,TX,Richardson city,-96.7297206,32.9481789,0.333333333333,NSF|TX|RICHARDSON,48113,Dallas,source_coordinate_within_county
1541159,University of Texas at Austin,TX,Austin city,-97.7436995,30.2711286,0.333333333333,NSF|TX|AUSTIN,48453,Travis,source_coordinate_within_county
1638301,University of South Florida,FL,Tampa city,-82.4583107,27.9449854,1.0,NSF|FL|TAMPA,12057,Hillsborough,source_coordinate_within_county
1634077,Texas A&M University,TX,College Station city,-96.3455991,30.6183939,1.0,NSF|TX|COLLEGE STATION,48041,Brazos,source_coordinate_within_county
1602176,Stanford University,CA,Stanford CDP,-122.1702445,37.427467,1.0,NSF|CA|STANFORD,06085,Santa Clara,source_coordinate_within_county
1916526,National Academy of Sciences,DC,Washington city,-77.0363849,38.8950982,1.0,NSF|DC|WASHINGTON,11001,District of Columbia,source_coordinate_within_county
1901740,Missouri University of Science and Technology,MO,Rolla city,-91.7708076,37.9509324,1.0,NSF|MO|ROLLA,29161,Phelps,source_coordinate_within_county
1814923,"OHIO STATE UNIVERSITY, THE",OH,Columbus city,-83.0007065,39.9622601,0.5,NSF|OH|COLUMBUS,39049,Franklin,source_coordinate_within_county
1816938,University of Nebraska-Lincoln,NE,Lincoln city,-96.7077751,40.8088861,0.5,NSF|NE|LINCOLN,31109,Lancaster,source_coordinate_within_county
1823325,University of Virginia Main Campus,VA,Charlottesville city,-78.4766781,38.029306,1.0,NSF|VA|CHARLOTTESVILLE,51540,Charlottesville,source_coordinate_within_county
2117908,California State L A University Auxiliary Services Inc.,CA,Los Angeles city,-118.242766,34.0536909,1.0,NSF|CA|LOS ANGELES,06037,Los Angeles,source_coordinate_within_county
1915721,InnovBot LLC,NY,Yorktown Heights CDP,-73.7776336,41.2709274,1.0,NSF|NY|YORKTOWN HEIGHTS,36119,Westchester,source_coordinate_within_county
1951197,Microgrid Labs Inc.,NC,Cary town,-78.7812081,35.7882893,1.0,NSF|NC|CARY,37183,Wake,source_coordinate_within_county
2121967,Purdue University,IN,West Lafayette city,-86.9080655,40.4258686,1.0,NSF|IN|WEST LAFAYETTE,18157,Tippecanoe,source_coordinate_within_county
1831191,PowerFlex Systems,CA,Los Altos city,-122.116578,37.3790629,1.0,NSF|CA|LOS ALTOS,06085,Santa Clara,source_coordinate_within_county
1831086,"SinWaves, Inc.",CA,Santa Clara city,-121.955174,37.3541132,1.0,NSF|CA|SANTA CLARA,06085,Santa Clara,source_coordinate_within_county
1819399,"Pearl Street Technologies, LLC",PA,Pittsburgh city,-80.0025666,40.4406968,1.0,NSF|PA|PITTSBURGH,42003,Allegheny,source_coordinate_within_county
1758674,Louisiana Multi-Functional-Materials Group LLC,LA,Baton Rouge city,-91.1869659,30.4494155,1.0,NSF|LA|BATON ROUGE,22033,East Baton Rouge,source_coordinate_within_county
1746114,"PROPER PIPE, INC.",MA,Boston city,-71.0578303,42.3588336,1.0,NSF|MA|BOSTON,25025,Suffolk,source_coordinate_within_county
1747222,Skyven Technologies,TX,Farmers Branch city,-96.8960916,32.9265668,1.0,NSF|TX|FARMERS BRANCH,48113,Dallas,source_coordinate_within_county
1746858,Microgrid Labs Inc.,NC,Cary town,-78.7812081,35.7882893,1.0,NSF|NC|CARY,37183,Wake,source_coordinate_within_county
1818795,Massachusetts Institute of Technology,MA,Cambridge city,-71.1040018,42.3656347,1.0,NSF|MA|CAMBRIDGE,25017,Middlesex,source_coordinate_within_county
2121169,University of Utah,UT,Salt Lake City city,-111.886797,40.7596198,1.0,NSF|UT|SALT LAKE CITY,49035,Salt Lake,source_coordinate_within_county
2042870,University of Arkansas,AR,Fayetteville city,-94.1574328,36.0625843,1.0,NSF|AR|FAYETTEVILLE,05143,Washington,source_coordinate_within_county
2006150,Duke University,NC,Durham city,-78.9018053,35.996653,1.0,NSF|NC|DURHAM,37063,Durham,source_coordinate_within_county
2100520,University of California-Berkeley,CA,Berkeley city,-122.272863,37.8708393,0.333333333333,NSF|CA|BERKELEY,06001,Alameda,source_coordinate_within_county
2030375,SUNY at Buffalo,NY,Amherst town,-78.7997616,42.9783924,0.333333333333,NSF|NY|AMHERST,36029,Erie,source_coordinate_within_county
2011396,SUNY at Buffalo,NY,Amherst town,-78.7997616,42.9783924,0.5,NSF|NY|AMHERST,36029,Erie,source_coordinate_within_county
2011423,University of Alabama Tuscaloosa,AL,Tuscaloosa city,-87.5675258,33.2095614,0.5,NSF|AL|TUSCALOOSA,01125,Tuscaloosa,source_coordinate_within_county
2035688,Texas A&M Engineering Experiment Station,TX,College Station city,-96.3455991,30.6183939,1.0,NSF|TX|COLLEGE STATION,48041,Brazos,source_coordinate_within_county
2025152,SUNY at Stony Brook,NY,Stony Brook CDP,-73.140943,40.9256538,0.5,NSF|NY|STONY BROOK,36103,Suffolk,source_coordinate_within_county
2023531,University of Washington,WA,Seattle city,-122.330062,47.6038321,0.5,NSF|WA|SEATTLE,53033,King,source_coordinate_within_county
2013697,Cornell University,NY,Ithaca city,-76.4968019,42.4396039,1.0,NSF|NY|ITHACA,36109,Tompkins,source_coordinate_within_county
2035032,Princeton University,NJ,Princeton,-74.6597376,40.3496953,1.0,NSF|NJ|PRINCETON,34021,Mercer,source_coordinate_within_county
1743430,Woods Hole Oceanographic Institution,MA,Woods Hole CDP,-70.6694015,41.5238752,1.0,NSF|MA|WOODS HOLE,25001,Barnstable,source_coordinate_within_county
1824951,University of Notre Dame,IN,Notre Dame CDP,-86.2373691,41.6992003,1.0,NSF|IN|NOTRE DAME,18141,St. Joseph,source_coordinate_within_county
1830172,Vanderbilt University,TN,Nashville-Davidson metropolitan government (balance),-86.7742984,36.1622767,1.0,NSF|TN|NASHVILLE,47037,Davidson,source_coordinate_within_county
1829442,University of Oregon Eugene,OR,Eugene city,-123.0950506,44.0505054,1.0,NSF|OR|EUGENE,41039,Lane,source_coordinate_within_county
1821104,Oberlin College,OH,Oberlin city,-82.2173786,41.2939386,1.0,NSF|OH|OBERLIN,39093,Lorain,source_coordinate_within_county
2101068,Colorado State University,CO,Fort Collins city,-105.0770113,40.5871782,1.0,NSF|CO|FORT COLLINS,08069,Larimer,source_coordinate_within_county
1914743,University of Texas at Austin,TX,Austin city,-97.7436995,30.2711286,0.333333333333,NSF|TX|AUSTIN,48453,Travis,source_coordinate_within_county
1914668,University of Alaska Fairbanks Campus,AK,Fairbanks city,-147.716675,64.837845,0.333333333333,NSF|AK|FAIRBANKS,02090,Fairbanks North Star,source_coordinate_within_county
1914698,University of Alabama Tuscaloosa,AL,Tuscaloosa city,-87.5675258,33.2095614,0.333333333333,NSF|AL|TUSCALOOSA,01125,Tuscaloosa,source_coordinate_within_county
2025215,SUNY at Albany,NY,Albany city,-73.754968,42.6511674,1.0,NSF|NY|ALBANY,36001,Albany,source_coordinate_within_county
1914767,Central Washington University,WA,Ellensburg city,-120.545122,46.9970635,1.0,NSF|WA|ELLENSBURG,53037,Kittitas,source_coordinate_within_county
1949046,Colorado School of Mines,CO,Golden city,-105.22058,39.7546349,0.5,NSF|CO|GOLDEN,08059,Jefferson,source_coordinate_within_county
1949029,University of Colorado at Denver-Downtown Campus,CO,Denver city,-104.984862,39.7392364,0.5,NSF|CO|DENVER,08031,Denver,source_coordinate_within_county
1947139,New York University,NY,New York city,-74.0060152,40.7127281,1.0,NSF|NY|NEW YORK,36061,New York,source_coordinate_within_county
2004658,University of Utah,UT,Salt Lake City city,-111.886797,40.7596198,1.0,NSF|UT|SALT LAKE CITY,49035,Salt Lake,source_coordinate_within_county
1644877,Massachusetts Institute of Technology,MA,Cambridge city,-71.1040018,42.3656347,1.0,NSF|MA|CAMBRIDGE,25017,Middlesex,source_coordinate_within_county
1644874,University of Illinois at Chicago,IL,Chicago city,-87.6244212,41.8755616,1.0,NSF|IL|CHICAGO,17031,Cook,source_coordinate_within_county
1761471,University of South Florida,FL,Tampa city,-82.4583107,27.9449854,1.0,NSF|FL|TAMPA,12057,Hillsborough,source_coordinate_within_county
1718216,University of Virginia Main Campus,VA,Charlottesville city,-78.4766781,38.029306,1.0,NSF|VA|CHARLOTTESVILLE,51540,Charlottesville,source_coordinate_within_county
2055474,University of California-Berkeley,CA,Berkeley city,-122.272863,37.8708393,0.5,NSF|CA|BERKELEY,06001,Alameda,source_coordinate_within_county
2100760,University of Texas at Austin,TX,Austin city,-97.7436995,30.2711286,0.5,NSF|TX|AUSTIN,48453,Travis,source_coordinate_within_county
1952646,"Gallant, Elisabeth",FL,Tampa city,-82.4583107,27.9449854,1.0,NSF|FL|TAMPA,12057,Hillsborough,source_coordinate_within_county
2110709,University of Oklahoma Norman Campus,OK,Norman city,-97.4394816,35.2225717,1.0,NSF|OK|NORMAN,40027,Cleveland,source_coordinate_within_county
1940552,"NATIONAL RESOURCE CONSULTANTS, LLC",KS,Manhattan city,-96.5716694,39.1836082,1.0,NSF|KS|MANHATTAN,20161,Riley,source_coordinate_within_county
2042029,Georgia Tech Research Corporation,GA,Atlanta city,-84.3898151,33.7544657,1.0,NSF|GA|ATLANTA,13121,Fulton,source_coordinate_within_county
2037694,SUNY at Binghamton,NY,Binghamton city,-75.9125187,42.098698,1.0,NSF|NY|BINGHAMTON,36007,Broome,source_coordinate_within_county
2014603,"XL BATTERIES, INC",MA,Marlborough city,-71.5525188,42.3468589,1.0,NSF|MA|MARLBOROUGH,25017,Middlesex,source_coordinate_within_county
1951216,"Avium, LLC",KS,Lawrence city,-95.2359403,38.9719137,1.0,NSF|KS|LAWRENCE,20045,Douglas,source_coordinate_within_county
1951225,XFlow Energy Company,WA,Seattle city,-122.330062,47.6038321,1.0,NSF|WA|SEATTLE,53033,King,source_coordinate_within_county
1938483,POLARCTIC LLC,VA,Courthouse Square CDP,-77.4084067,38.4222681,1.0,NSF|VA|STAFFORD,51179,Stafford,source_coordinate_within_county
2002382,Villanova University,PA,Villanova CDP,-75.3290464,40.0385961,1.0,NSF|PA|VILLANOVA,42091,Montgomery,source_coordinate_within_county
2006323,University of Arkansas,AR,Fayetteville city,-94.1574328,36.0625843,1.0,NSF|AR|FAYETTEVILLE,05143,Washington,source_coordinate_within_county
1933800,University of Tennessee Knoxville,TN,Knoxville city,-83.9210261,35.9603948,1.0,NSF|TN|KNOXVILLE,47093,Knox,source_coordinate_within_county
1931827,Carnegie Mellon University,PA,Pittsburgh city,-80.0025666,40.4406968,0.5,NSF|PA|PITTSBURGH,42003,Allegheny,source_coordinate_within_county
1931069,Oregon State University,OR,Corvallis city,-123.2620435,44.5645659,1.0,NSF|OR|CORVALLIS,41003,Benton,source_coordinate_within_county
1931794,University of Pittsburgh,PA,Pittsburgh city,-80.0025666,40.4406968,0.5,NSF|PA|PITTSBURGH,42003,Allegheny,source_coordinate_within_county
1940866,North Carolina State University,NC,Raleigh city,-78.6390989,35.7803977,1.0,NSF|NC|RALEIGH,37183,Wake,source_coordinate_within_county
1933279,Washington State University,WA,Pullman city,-117.1799363,46.7295818,0.5,NSF|WA|PULLMAN,53075,Whitman,source_coordinate_within_county
2002897,SUNY at Stony Brook,NY,Stony Brook CDP,-73.140943,40.9256538,0.5,NSF|NY|STONY BROOK,36103,Suffolk,source_coordinate_within_county
1931662,California Institute of Technology,CA,Pasadena city,-118.144155,34.1476507,1.0,NSF|CA|PASADENA,06037,Los Angeles,source_coordinate_within_county
1933212,University of Iowa,IA,Iowa City city,-91.5299106,41.6612561,0.5,NSF|IA|IOWA CITY,19103,Johnson,source_coordinate_within_county
1856205,Florida State University,FL,Tallahassee city,-84.2809332,30.4380832,1.0,NSF|FL|TALLAHASSEE,12073,Leon,source_coordinate_within_county
1916142,Texas A&M Engineering Experiment Station,TX,College Station city,-96.3455991,30.6183939,1.0,NSF|TX|COLLEGE STATION,48041,Brazos,source_coordinate_within_county
1852678,Northeastern University,MA,Boston city,-71.0578303,42.3588336,1.0,NSF|MA|BOSTON,25025,Suffolk,source_coordinate_within_county
1926245,Brigham Young University,UT,Provo city,-111.6587085,40.2337289,1.0,NSF|UT|PROVO,49049,Utah,source_coordinate_within_county
1847285,New York University,NY,New York city,-74.0060152,40.7127281,1.0,NSF|NY|NEW YORK,36061,New York,source_coordinate_within_county
1916972,University of Delaware,DE,Newark city,-75.7515682,39.6828358,1.0,NSF|DE|NEWARK,10003,New Castle,source_coordinate_within_county
1760999,Clemson University,SC,Clemson city,-82.8364111,34.6850749,1.0,NSF|SC|CLEMSON,45077,Pickens,source_coordinate_within_county
1925524,University of California-Santa Cruz,CA,Santa Cruz city,-122.0294673,36.9743626,0.333333333333,NSF|CA|SANTA CRUZ,06087,Santa Cruz,source_coordinate_within_county
1841319,University of Georgia Research Foundation Inc,GA,Athens-Clarke County unified government (balance),-83.376398,33.9597677,1.0,NSF|GA|ATHENS,13059,Clarke,source_coordinate_within_county
1805084,Stanford University,CA,Stanford CDP,-122.1702445,37.427467,1.0,NSF|CA|STANFORD,06085,Santa Clara,source_coordinate_within_county
1839816,Texas A&M Engineering Experiment Station,TX,College Station city,-96.3455991,30.6183939,1.0,NSF|TX|COLLEGE STATION,48041,Brazos,source_coordinate_within_county
1839812,University of North Carolina at Charlotte,NC,Charlotte city,-80.8430827,35.2272086,1.0,NSF|NC|CHARLOTTE,37119,Mecklenburg,source_coordinate_within_county
1836827,Pennsylvania State Univ University Park,PA,College township,-77.8710571,40.8128971,1.0,NSF|PA|UNIVERSITY PARK,42027,Centre,source_coordinate_within_county
1914495,North Carolina State University,NC,Raleigh city,-78.6390989,35.7803977,1.0,NSF|NC|RALEIGH,37183,Wake,source_coordinate_within_county
1825249,University of Illinois at Urbana-Champaign,IL,Urbana city,-88.207301,40.1117174,0.333333333333,NSF|IL|URBANA,17019,Champaign,source_coordinate_within_county
1824976,Michigan State University,MI,East Lansing city,-84.4721678,42.7320307,1.0,NSF|MI|EAST LANSING,26065,Ingham,source_coordinate_within_county
1809182,University of New Orleans,LA,New Orleans city,-90.0733934,29.9561422,0.333333333333,NSF|LA|NEW ORLEANS,22071,Orleans,source_coordinate_within_county
1826458,University of California-Los Angeles,CA,Los Angeles city,-118.242766,34.0536909,0.333333333333,NSF|CA|LOS ANGELES,06037,Los Angeles,source_coordinate_within_county
1809164,Florida Atlantic University,FL,Boca Raton city,-80.0830984,26.3586885,0.333333333333,NSF|FL|BOCA RATON,12099,Palm Beach,source_coordinate_within_county
1810144,Regents of the University of Michigan - Ann Arbor,MI,Ann Arbor city,-83.7484616,42.2813722,1.0,NSF|MI|ANN ARBOR,26161,Washtenaw,source_coordinate_within_county
1825053,University of Washington,WA,Seattle city,-122.330062,47.6038321,1.0,NSF|WA|SEATTLE,53033,King,source_coordinate_within_county
1809404,Virginia Polytechnic Institute and State University,VA,Blacksburg town,-80.4136767,37.2296566,0.333333333333,NSF|VA|BLACKSBURG,51121,Montgomery,source_coordinate_within_county
1825351,University of Colorado at Boulder,CO,Boulder city,-105.270545,40.0149856,0.333333333333,NSF|CO|BOULDER,08013,Boulder,source_coordinate_within_county
1800812,Carnegie Mellon University,PA,Pittsburgh city,-80.0025666,40.4406968,1.0,NSF|PA|PITTSBURGH,42003,Allegheny,source_coordinate_within_county
1751463,Virginia Polytechnic Institute and State University,VA,Blacksburg town,-80.4136767,37.2296566,1.0,NSF|VA|BLACKSBURG,51121,Montgomery,source_coordinate_within_county
1751747,Georgia Tech Research Corporation,GA,Atlanta city,-84.3898151,33.7544657,0.5,NSF|GA|ATLANTA,13121,Fulton,source_coordinate_within_county
1751085,Virginia Polytechnic Institute and State University,VA,Blacksburg town,-80.4136767,37.2296566,1.0,NSF|VA|BLACKSBURG,51121,Montgomery,source_coordinate_within_county
1832756,Cornell University,NY,Ithaca city,-76.4968019,42.4396039,1.0,NSF|NY|ITHACA,36109,Tompkins,source_coordinate_within_county
1757111,University of Pittsburgh,PA,Pittsburgh city,-80.0025666,40.4406968,1.0,NSF|PA|PITTSBURGH,42003,Allegheny,source_coordinate_within_county
1815209,Rutgers University New Brunswick,NJ,New Brunswick city,-74.4436416,40.4936119,1.0,NSF|NJ|NEW BRUNSWICK,34023,Middlesex,source_coordinate_within_county
1935773,Columbia University,NY,New York city,-74.0060152,40.7127281,1.0,NSF|NY|NEW YORK,36061,New York,source_coordinate_within_county
1940870,Missouri University of Science and Technology,MO,Rolla city,-91.7708076,37.9509324,1.0,NSF|MO|ROLLA,29161,Phelps,source_coordinate_within_county
1936950,Gulf of Maine Research Institute,ME,Portland city,-70.2586618,43.6573605,1.0,NSF|ME|PORTLAND,23005,Cumberland,source_coordinate_within_county
1927090,Akabotics LLC,HI,Kapaau CDP,-155.798784,20.2307269,1.0,NSF|HI|KAPAAU,15001,Hawaii,source_coordinate_within_county
1918979,University of Massachusetts Lowell,MA,Lowell city,-71.3085329,42.6414437,1.0,NSF|MA|LOWELL,25017,Middlesex,source_coordinate_within_county
1913947,"Embedor Technologies, Inc.",IL,Champaign city,-88.2430932,40.1164841,1.0,NSF|IL|CHAMPAIGN,17019,Champaign,source_coordinate_within_county
1913752,Heila Technologies Inc.,MA,Somerville city,-71.0994968,42.3875968,1.0,NSF|MA|SOMERVILLE,25017,Middlesex,source_coordinate_within_county
1843319,JAQ ENERGY LLC,AL,Tuscaloosa city,-87.5675258,33.2095614,1.0,NSF|AL|TUSCALOOSA,01125,Tuscaloosa,source_coordinate_within_county
1855007,New Mexico Institute of Mining and Technology,NM,Socorro city,-106.8930799,34.0572858,0.5,NSF|NM|SOCORRO,35053,Socorro,source_coordinate_within_county
2019232,University of Alaska Fairbanks Campus,AK,Fairbanks city,-147.716675,64.837845,0.5,NSF|AK|FAIRBANKS,02090,Fairbanks North Star,source_coordinate_within_county
1945800,University of Utah,UT,Salt Lake City city,-111.886797,40.7596198,0.333333333333,NSF|UT|SALT LAKE CITY,49035,Salt Lake,source_coordinate_within_county
1917515,University of New Hampshire,NH,Durham CDP,-70.9177186,43.1214141,0.5,NSF|NH|DURHAM,33017,Strafford,source_coordinate_within_county
1945781,University of Southern California,CA,Los Angeles city,-118.242766,34.0536909,0.333333333333,NSF|CA|LOS ANGELES,06037,Los Angeles,source_coordinate_within_county
1945716,"Board of Regents, NSHE, obo University of Nevada, Reno",NV,Reno city,-119.812658,39.5261788,1.0,NSF|NV|RENO,32031,Washoe,source_coordinate_within_county
1945754,University of California-San Diego,CA,San Diego city,-117.2740777,32.8401623,0.333333333333,NSF|CA|LA JOLLA,06073,San Diego,source_coordinate_within_county
1917503,University of Arizona,AZ,Tucson city,-110.974847,32.2228765,0.5,NSF|AZ|TUCSON,04019,Pima,source_coordinate_within_county
1921598,University of Alaska Southeast Juneau Campus,AK,Juneau city and borough,-134.4196751,58.3019613,1.0,NSF|AK|JUNEAU,02110,Juneau,source_coordinate_within_county
1852794,New Mexico Institute of Mining and Technology,NM,Socorro city,-106.8930799,34.0572858,1.0,NSF|NM|SOCORRO,35053,Socorro,source_coordinate_within_county
1855241,University of California-Davis,CA,Davis city,-121.739005,38.5435526,1.0,NSF|CA|DAVIS,06113,Yolo,source_coordinate_within_county
2052170,INFRASTRUCTURE ANALYTICS COMPANY,WY,Sheridan city,-106.956179,44.797194,1.0,NSF|WY|SHERIDAN,56033,Sheridan,source_coordinate_within_county
2312081,Regents of the University of Idaho,ID,Moscow city,-117.000165,46.7323875,0.5,NSF|ID|MOSCOW,16057,Latah,source_coordinate_within_county
2139025,Missouri University of Science and Technology,MO,Rolla city,-91.7708076,37.9509324,0.5,NSF|MO|ROLLA,29161,Phelps,source_coordinate_within_county
2049460,Emory University,GA,Atlanta city,-84.3898151,33.7544657,1.0,NSF|GA|ATLANTA,13121,Fulton,source_coordinate_within_county
2110262,United States Naval Academy,MD,Annapolis city,-76.492786,38.9786401,1.0,NSF|MD|ANNAPOLIS,24003,Anne Arundel,source_coordinate_within_county
2445015,Dartmouth College,NH,Hanover CDP,-72.2892164,43.7023545,1.0,NSF|NH|HANOVER,33009,Grafton,source_coordinate_within_county
2423377,"REFIBERED, INC.",CA,Cupertino city,-122.0322895,37.3228934,1.0,NSF|CA|CUPERTINO,06085,Santa Clara,source_coordinate_within_county
2346763,AIKIDO TECHNOLOGIES INC,CA,San Francisco city,-122.4075201,37.7879363,1.0,NSF|CA|SAN FRANCISCO,06075,San Francisco,source_coordinate_within_county
2405325,University of Pennsylvania,PA,Philadelphia city,-75.1635262,39.9527237,1.0,NSF|PA|PHILADELPHIA,42101,Philadelphia,source_coordinate_within_county
2106461,University of Alabama at Birmingham,AL,Birmingham city,-86.8024326,33.5206824,0.5,NSF|AL|BIRMINGHAM,01073,Jefferson,source_coordinate_within_county
2107530,University of Alabama Tuscaloosa,AL,Tuscaloosa city,-87.5675258,33.2095614,0.5,NSF|AL|TUSCALOOSA,01125,Tuscaloosa,source_coordinate_within_county
2112199,InnovBot LLC,NY,Yorktown Heights CDP,-73.7776336,41.2709274,1.0,NSF|NY|YORKTOWN HEIGHTS,36119,Westchester,source_coordinate_within_county
2112228,"BOSTON GEOSPATIAL, INC.",MA,Boston city,-71.0578303,42.3588336,1.0,NSF|MA|BOSTON,25025,Suffolk,source_coordinate_within_county
2302845,University of Oklahoma Norman Campus,OK,Norman city,-97.4394816,35.2225717,1.0,NSF|OK|NORMAN,40027,Cleveland,source_coordinate_within_county
2234121,Southern Oregon University,OR,Ashland city,-122.7153995,42.1972487,1.0,NSF|OR|ASHLAND,41029,Jackson,source_coordinate_within_county
2219702,Stillman College,AL,Tuscaloosa city,-87.5675258,33.2095614,1.0,NSF|AL|TUSCALOOSA,01125,Tuscaloosa,source_coordinate_within_county
2135579,Vanderbilt University,TN,Nashville-Davidson metropolitan government (balance),-86.7742984,36.1622767,1.0,NSF|TN|NASHVILLE,47037,Davidson,source_coordinate_within_county
1517823,Virginia Polytechnic Institute and State University,VA,Blacksburg town,-80.4136767,37.2296566,1.0,NSF|VA|BLACKSBURG,51121,Montgomery,source_coordinate_within_county
2425430,Texas A&M University,TX,College Station city,-96.3455991,30.6183939,0.333333333333,NSF|TX|COLLEGE STATION,48041,Brazos,source_coordinate_within_county
2425431,The University of Texas Rio Grande Valley,TX,Edinburg city,-98.1624501,26.3013982,0.333333333333,NSF|TX|EDINBURG,48215,Hidalgo,source_coordinate_within_county
2425429,University of Houston,TX,Houston city,-95.3676974,29.7589382,0.333333333333,NSF|TX|HOUSTON,48201,Harris,source_coordinate_within_county
2224742,University of Vermont & State Agricultural College,VT,Burlington city,-73.212906,44.4761601,1.0,NSF|VT|BURLINGTON,50007,Chittenden,source_coordinate_within_county
2240463,National Academy of Sciences,DC,Washington city,-77.0363849,38.8950982,1.0,NSF|DC|WASHINGTON,11001,District of Columbia,source_coordinate_within_county
2218551,"Board of Regents, NSHE, obo University of Nevada, Reno",NV,Reno city,-119.812658,39.5261788,1.0,NSF|NV|RENO,32031,Washoe,source_coordinate_within_county
2208794,University of Notre Dame,IN,Notre Dame CDP,-86.2373691,41.6992003,1.0,NSF|IN|NOTRE DAME,18141,St. Joseph,source_coordinate_within_county
2138912,Marquette University,WI,Milwaukee city,-87.9090751,43.0386475,1.0,NSF|WI|MILWAUKEE,55079,Milwaukee,source_coordinate_within_county
2150596,Virginia Polytechnic Institute and State University,VA,Blacksburg town,-80.4136767,37.2296566,1.0,NSF|VA|BLACKSBURG,51121,Montgomery,source_coordinate_within_county
2145137,Virginia Polytechnic Institute and State University,VA,Blacksburg town,-80.4136767,37.2296566,1.0,NSF|VA|BLACKSBURG,51121,Montgomery,source_coordinate_within_county
2214580,Purdue University,IN,West Lafayette city,-86.9080655,40.4258686,1.0,NSF|IN|WEST LAFAYETTE,18157,Tippecanoe,source_coordinate_within_county
2153689,"University of Maryland, College Park",MD,College Park city,-76.9369189,38.980666,1.0,NSF|MD|COLLEGE PARK,24033,Prince George's,source_coordinate_within_county
2127105,"FOLI RESEARCH, LLC",CA,Berkeley city,-122.272863,37.8708393,1.0,NSF|CA|BERKELEY,06001,Alameda,source_coordinate_within_county
2134840,SUNY at Stony Brook,NY,Stony Brook CDP,-73.140943,40.9256538,1.0,NSF|NY|STONY BROOK,36103,Suffolk,source_coordinate_within_county
2111430,"STRANGE DEVELOPMENT, INC.",MI,Fenton city,-83.7049498,42.7978061,1.0,NSF|MI|FENTON,26049,Genesee,source_coordinate_within_county
2035845,Heila Technologies Inc.,MA,Somerville city,-71.0994968,42.3875968,1.0,NSF|MA|SOMERVILLE,25017,Middlesex,source_coordinate_within_county
2044340,University of Notre Dame,IN,Notre Dame CDP,-86.2373691,41.6992003,1.0,NSF|IN|NOTRE DAME,18141,St. Joseph,source_coordinate_within_county
2035954,"VERDOX, INC.",MA,Woburn city,-71.1522766,42.4792618,1.0,NSF|MA|WOBURN,25017,Middlesex,source_coordinate_within_county
2321446,PLANCK ENERGIES INC.,MA,Boston city,-71.1533859,42.3491615,1.0,NSF|MA|BRIGHTON,25025,Suffolk,source_coordinate_within_county
2302043,SWAY INNOVATION CO.,CA,Berkeley city,-122.272863,37.8708393,1.0,NSF|CA|BERKELEY,06001,Alameda,source_coordinate_within_county
2214063,"SOLVE TECHNOLOGY AND RESEARCH, INC.",FL,Windermere town,-81.5345547,28.4944695,1.0,NSF|FL|WINDERMERE,12095,Orange,source_coordinate_within_county
2222232,"Precast Systems Engineering, LLC",VA,Exmore town,-75.8229914,37.5318069,1.0,NSF|VA|EXMORE,51131,Northampton,source_coordinate_within_county
2313192,University of Alabama at Birmingham,AL,Birmingham city,-86.8024326,33.5206824,1.0,NSF|AL|BIRMINGHAM,01073,Jefferson,source_coordinate_within_county
2345641,University of Hawaii,HI,Urban Honolulu CDP,-157.855676,21.304547,0.333333333333,NSF|HI|HONOLULU,15003,Honolulu,source_coordinate_within_county
2345643,Oregon State University,OR,Corvallis city,-123.2620435,44.5645659,0.333333333333,NSF|OR|CORVALLIS,41003,Benton,source_coordinate_within_county
2345642,Oklahoma State University,OK,Stillwater city,-97.0585717,36.1156306,0.333333333333,NSF|OK|STILLWATER,40119,Payne,source_coordinate_within_county
2317660,University of Texas at Austin,TX,Austin city,-97.7436995,30.2711286,0.5,NSF|TX|AUSTIN,48453,Travis,source_coordinate_within_county
2317659,Portland State University,OR,Portland city,-122.674194,45.5202471,0.5,NSF|OR|PORTLAND,41051,Multnomah,source_coordinate_within_county
2316675,Massachusetts Institute of Technology,MA,Cambridge city,-71.1040018,42.3656347,0.5,NSF|MA|CAMBRIDGE,25017,Middlesex,source_coordinate_within_county
2136680,"LINEBIRD, INC.",VA,Ashland town,-77.4806603,37.7594012,1.0,NSF|VA|ASHLAND,51085,Hanover,source_coordinate_within_county
2227275,Cornell University,NY,Ithaca city,-76.4968019,42.4396039,1.0,NSF|NY|ITHACA,36109,Tompkins,source_coordinate_within_county
2127147,"HARVEST THERMAL, INC.",CA,Kensington CDP,-122.2802471,37.9104805,1.0,NSF|CA|KENSINGTON,06013,Contra Costa,source_coordinate_within_county
2140523,"OHIO STATE UNIVERSITY, THE",OH,Columbus city,-83.0007065,39.9622601,1.0,NSF|OH|COLUMBUS,39049,Franklin,source_coordinate_within_county
2422579,Texas A&M Engineering Experiment Station,TX,College Station city,-96.3455991,30.6183939,0.333333333333,NSF|TX|COLLEGE STATION,48041,Brazos,source_coordinate_within_county
2437086,University of Massachusetts Amherst,MA,Amherst Town city,-72.5198761,42.3731948,1.0,NSF|MA|AMHERST,25015,Hampshire,source_coordinate_within_county
1720477,University of Alabama in Huntsville,AL,Huntsville city,-86.5859011,34.729847,0.25,NSF|AL|HUNTSVILLE,01089,Madison,source_coordinate_within_county
1720417,Western Kentucky University Research Foundation,KY,Bowling Green city,-86.4428677,36.9929203,0.25,NSF|KY|BOWLING GREEN,21227,Warren,source_coordinate_within_county
1734752,Arizona State University,AZ,Scottsdale city,-111.926018,33.4942189,1.0,NSF|AZ|SCOTTSDALE,04013,Maricopa,source_coordinate_within_county
1720424,University of Colorado at Boulder,CO,Boulder city,-105.270545,40.0149856,0.25,NSF|CO|BOULDER,08013,Boulder,source_coordinate_within_county
1744038,Columbia University,NY,New York city,-74.0060152,40.7127281,1.0,NSF|NY|NEW YORK,36061,New York,source_coordinate_within_county
1653998,Idaho State University,ID,Pocatello city,-112.450627,42.8620287,1.0,NSF|ID|POCATELLO,16005,Bannock,source_coordinate_within_county
1665519,Boise State University,ID,Boise City city,-116.200886,43.6166163,1.0,NSF|ID|BOISE,16001,Ada,source_coordinate_within_county
1826839,San Diego State University Foundation,CA,San Diego city,-117.162772,32.7174202,0.5,NSF|CA|SAN DIEGO,06073,San Diego,source_coordinate_within_county
2024388,Oregon State University,OR,Corvallis city,-123.2620435,44.5645659,0.25,NSF|OR|CORVALLIS,41003,Benton,source_coordinate_within_county
1911960,Pennsylvania State Univ University Park,PA,College township,-77.8710571,40.8128971,0.25,NSF|PA|UNIVERSITY PARK,42027,Centre,source_coordinate_within_county
1855453,East Carolina University,NC,Greenville city,-77.3724593,35.613224,1.0,NSF|NC|GREENVILLE,37147,Pitt,source_coordinate_within_county
1911967,University of Kansas Center for Research Inc,KS,Lawrence city,-95.2359403,38.9719137,0.25,NSF|KS|LAWRENCE,20045,Douglas,source_coordinate_within_county
1911969,Kansas State University,KS,Manhattan city,-96.5716694,39.1836082,0.25,NSF|KS|MANHATTAN,20161,Riley,source_coordinate_within_county
1853390,University of Nebraska-Lincoln,NE,Lincoln city,-96.7077751,40.8088861,0.25,NSF|NE|LINCOLN,31109,Lancaster,source_coordinate_within_county
1750328,Trustees of Boston University,MA,Boston city,-71.0578303,42.3588336,1.0,NSF|MA|BOSTON,25025,Suffolk,source_coordinate_within_county
1752995,"OHIO STATE UNIVERSITY, THE",OH,Columbus city,-83.0007065,39.9622601,1.0,NSF|OH|COLUMBUS,39049,Franklin,source_coordinate_within_county
1740135,University of California-Berkeley,CA,Berkeley city,-122.272863,37.8708393,1.0,NSF|CA|BERKELEY,06001,Alameda,source_coordinate_within_county
1806148,California Institute of Technology,CA,Pasadena city,-118.144155,34.1476507,1.0,NSF|CA|PASADENA,06037,Los Angeles,source_coordinate_within_county
1560919,University of Wisconsin-Platteville,WI,Platteville city,-90.4784451,42.7342942,1.0,NSF|WI|PLATTEVILLE,55043,Grant,source_coordinate_within_county
1654462,University of Connecticut,CT,Storrs CDP,-72.2495231,41.8084314,1.0,NSF|CT|STORRS,09110,Capitol,source_coordinate_within_county
2320391,University of Hawaii,HI,Urban Honolulu CDP,-157.855676,21.304547,1.0,NSF|HI|HONOLULU,15003,Honolulu,source_coordinate_within_county
2019369,Washington State University,WA,Pullman city,-117.1799363,46.7295818,1.0,NSF|WA|PULLMAN,53075,Whitman,source_coordinate_within_county
2012322,Trustees of Boston University,MA,Boston city,-71.0578303,42.3588336,1.0,NSF|MA|BOSTON,25025,Suffolk,source_coordinate_within_county
2053163,University of California-Santa Barbara,CA,Santa Barbara city,-119.702667,34.4221319,1.0,NSF|CA|SANTA BARBARA,06083,Santa Barbara,source_coordinate_within_county
2054170,Temple University,PA,Philadelphia city,-75.1635262,39.9527237,0.5,NSF|PA|PHILADELPHIA,42101,Philadelphia,source_coordinate_within_county
2053857,University of California-Berkeley,CA,Berkeley city,-122.272863,37.8708393,0.5,NSF|CA|BERKELEY,06001,Alameda,source_coordinate_within_county
2033995,University of Vermont & State Agricultural College,VT,Burlington city,-73.212906,44.4761601,1.0,NSF|VT|BURLINGTON,50007,Chittenden,source_coordinate_within_county
2403830,Auburn University,AL,Auburn city,-85.4807825,32.6098566,0.5,NSF|AL|AUBURN,01081,Lee,source_coordinate_within_county
1734033,"OHIO STATE UNIVERSITY, THE",OH,Columbus city,-83.0007065,39.9622601,1.0,NSF|OH|COLUMBUS,39049,Franklin,source_coordinate_within_county
1741462,University of Toledo,OH,Toledo city,-83.5378173,41.6529143,1.0,NSF|OH|TOLEDO,39095,Lucas,source_coordinate_within_county
1708151,SUNY at Albany,NY,Albany city,-73.754968,42.6511674,1.0,NSF|NY|ALBANY,36001,Albany,source_coordinate_within_county
1634168,"University of Maryland, College Park",MD,College Park city,-76.9369189,38.980666,1.0,NSF|MD|COLLEGE PARK,24033,Prince George's,source_coordinate_within_county
1725654,Regents of the University of Michigan - Ann Arbor,MI,Ann Arbor city,-83.7484616,42.2813722,0.25,NSF|MI|ANN ARBOR,26161,Washtenaw,source_coordinate_within_county
1736749,Northeastern University,MA,Boston city,-71.0578303,42.3588336,1.0,NSF|MA|BOSTON,25025,Suffolk,source_coordinate_within_county
1558446,University of Texas at Austin,TX,Austin city,-97.7436995,30.2711286,1.0,NSF|TX|AUSTIN,48453,Travis,source_coordinate_within_county
1724633,Georgia Tech Research Corporation,GA,Atlanta city,-84.3898151,33.7544657,0.25,NSF|GA|ATLANTA,13121,Fulton,source_coordinate_within_county
1724868,Kansas State University,KS,Manhattan city,-96.5716694,39.1836082,0.25,NSF|KS|MANHATTAN,20161,Riley,source_coordinate_within_county
1724786,"OHIO STATE UNIVERSITY, THE",OH,Columbus city,-83.0007065,39.9622601,0.25,NSF|OH|COLUMBUS,39049,Franklin,source_coordinate_within_county
1661799,University of Illinois at Urbana-Champaign,IL,Urbana city,-88.207301,40.1117174,0.5,NSF|IL|URBANA,17019,Champaign,source_coordinate_within_county
1719524,University of Colorado at Boulder,CO,Boulder city,-105.270545,40.0149856,1.0,NSF|CO|BOULDER,08013,Boulder,source_coordinate_within_county
1719243,University of Colorado at Boulder,CO,Boulder city,-105.270545,40.0149856,1.0,NSF|CO|BOULDER,08013,Boulder,source_coordinate_within_county
1719496,Regents of the University of Michigan - Ann Arbor,MI,Ann Arbor city,-83.7484616,42.2813722,1.0,NSF|MI|ANN ARBOR,26161,Washtenaw,source_coordinate_within_county
1604058,Rutgers University New Brunswick,NJ,New Brunswick city,-74.4436416,40.4936119,0.333333333333,NSF|NJ|NEW BRUNSWICK,34023,Middlesex,source_coordinate_within_county
1603815,University of Alaska Fairbanks Campus,AK,Fairbanks city,-147.716675,64.837845,0.333333333333,NSF|AK|FAIRBANKS,02090,Fairbanks North Star,source_coordinate_within_county
1630360,University of Alaska Fairbanks Campus,AK,Fairbanks city,-147.716675,64.837845,1.0,NSF|AK|FAIRBANKS,02090,Fairbanks North Star,source_coordinate_within_county
1603331,Columbia University,NY,New York city,-74.0060152,40.7127281,0.333333333333,NSF|NY|NEW YORK,36061,New York,source_coordinate_within_county
1951657,University of Illinois at Urbana-Champaign,IL,Urbana city,-88.207301,40.1117174,1.0,NSF|IL|URBANA,17019,Champaign,source_coordinate_within_county
1838159,University of Minnesota-Twin Cities,MN,Minneapolis city,-93.2654692,44.9772995,1.0,NSF|MN|MINNEAPOLIS,27053,Hennepin,source_coordinate_within_county
1931673,"SpringGem Weather Information, LLC",MD,North Potomac CDP,-77.2368904,39.0980055,1.0,NSF|MD|NORTH POTOMAC,24031,Montgomery,source_coordinate_within_county
1916587,Purdue University,IN,West Lafayette city,-86.9080655,40.4258686,1.0,NSF|IN|WEST LAFAYETTE,18157,Tippecanoe,source_coordinate_within_county
1916155,University of Washington,WA,Seattle city,-122.330062,47.6038321,1.0,NSF|WA|SEATTLE,53033,King,source_coordinate_within_county
1916699,Regents of the University of Idaho,ID,Moscow city,-117.000165,46.7323875,1.0,NSF|ID|MOSCOW,16057,Latah,source_coordinate_within_county
1916793,Oregon State University,OR,Corvallis city,-123.2620435,44.5645659,1.0,NSF|OR|CORVALLIS,41003,Benton,source_coordinate_within_county
1915078,University of Maine,ME,Orono CDP,-68.672791,44.883607,1.0,NSF|ME|ORONO,23019,Penobscot,source_coordinate_within_county
1933764,Boise State University,ID,Boise City city,-116.200886,43.6166163,1.0,NSF|ID|BOISE,16001,Ada,source_coordinate_within_county
1913435,INSIGHT SENSING CORPORATION,MN,St. Paul city,-93.0931028,44.9497487,1.0,NSF|MN|SAINT PAUL,27123,Ramsey,source_coordinate_within_county
1927058,"TCarta Marine, LLC",CO,Golden city,-105.22058,39.7546349,1.0,NSF|CO|GOLDEN,08059,Jefferson,source_coordinate_within_county
1950123,Florida Atlantic University,FL,Boca Raton city,-80.0830984,26.3586885,1.0,NSF|FL|BOCA RATON,12099,Palm Beach,source_coordinate_within_county
1759064,University of North Carolina at Chapel Hill,NC,Chapel Hill town,-79.05578,35.9131542,1.0,NSF|NC|CHAPEL HILL,37135,Orange,source_coordinate_within_county
2000188,Portland State University,OR,Portland city,-122.674194,45.5202471,0.5,NSF|OR|PORTLAND,41051,Multnomah,source_coordinate_within_county
1953710,University of Washington,WA,Seattle city,-122.330062,47.6038321,0.5,NSF|WA|SEATTLE,53033,King,source_coordinate_within_county
2016068,Duke University,NC,Durham city,-78.9018053,35.996653,1.0,NSF|NC|DURHAM,37063,Durham,source_coordinate_within_county
2054677,University of Oklahoma Norman Campus,OK,Norman city,-97.4394816,35.2225717,0.333333333333,NSF|OK|NORMAN,40027,Cleveland,source_coordinate_within_county
1944545,Brown University,RI,Providence city,-71.4128343,41.8239891,1.0,NSF|RI|PROVIDENCE,44007,Providence,source_coordinate_within_county
1952715,"Zolkos, Scott P",MA,Falmouth CDP,-70.6147519,41.5514979,1.0,NSF|MA|FALMOUTH,25001,Barnstable,source_coordinate_within_county
1850578,University of Alaska Fairbanks Campus,AK,Fairbanks city,-147.716675,64.837845,1.0,NSF|AK|FAIRBANKS,02090,Fairbanks North Star,source_coordinate_within_county
1901352,Atmospheric and Environmental Research Inc,MA,Lexington CDP,-71.2245003,42.4473175,0.333333333333,NSF|MA|LEXINGTON,25017,Middlesex,source_coordinate_within_county
1901603,Columbia University,NY,New York city,-74.0060152,40.7127281,0.333333333333,NSF|NY|NEW YORK,36061,New York,source_coordinate_within_county
1900324,University of Georgia Research Foundation Inc,GA,Athens-Clarke County unified government (balance),-83.376398,33.9597677,0.333333333333,NSF|GA|ATHENS,13059,Clarke,source_coordinate_within_county
1832178,University of Georgia Research Foundation Inc,GA,Athens-Clarke County unified government (balance),-83.376398,33.9597677,1.0,NSF|GA|ATHENS,13059,Clarke,source_coordinate_within_county
1838401,"OHIO STATE UNIVERSITY, THE",OH,Columbus city,-83.0007065,39.9622601,1.0,NSF|OH|COLUMBUS,39049,Franklin,source_coordinate_within_county
1748653,University of Massachusetts Amherst,MA,Amherst Town city,-72.5198761,42.3731948,1.0,NSF|MA|AMHERST,25015,Hampshire,source_coordinate_within_county
1841547,Stanford University,CA,Stanford CDP,-122.1702445,37.427467,1.0,NSF|CA|STANFORD,06085,Santa Clara,source_coordinate_within_county
1806983,Gardner John R,NC,Durham city,-78.9018053,35.996653,1.0,NSF|NC|DURHAM,37063,Durham,source_coordinate_within_county
1850667,Wheaton College,IL,Wheaton city,-88.1101709,41.8646959,0.333333333333,NSF|IL|WHEATON,17043,DuPage,source_coordinate_within_county
1841852,Michigan Technological University,MI,Houghton city,-88.569012,47.121872,1.0,NSF|MI|HOUGHTON,26061,Houghton,source_coordinate_within_county
1740481,University of Florida,FL,Gainesville city,-82.3249846,29.6519684,0.333333333333,NSF|FL|GAINESVILLE,12001,Alachua,source_coordinate_within_county
1739031,University of California-Irvine,CA,Irvine city,-117.825981,33.6856969,0.5,NSF|CA|IRVINE,06059,Orange,source_coordinate_within_county
1823717,University of Wyoming,WY,Laramie city,-105.5917876,41.3116442,1.0,NSF|WY|LARAMIE,56001,Albany,source_coordinate_within_county
1756882,University of Washington,WA,Seattle city,-122.330062,47.6038321,1.0,NSF|WA|SEATTLE,53033,King,source_coordinate_within_county
1754019,University of Colorado at Boulder,CO,Boulder city,-105.270545,40.0149856,1.0,NSF|CO|BOULDER,08013,Boulder,source_coordinate_within_county
1725788,Chadwick Katherine D,CA,San Francisco city,-122.4075201,37.7879363,1.0,NSF|CA|SAN FRANCISCO,06075,San Francisco,source_coordinate_within_county
2427291,Harvard University,MA,Cambridge city,-71.1040018,42.3656347,0.25,NSF|MA|CAMBRIDGE,25017,Middlesex,source_coordinate_within_county
1740526,New Mexico Institute of Mining and Technology,NM,Socorro city,-106.8930799,34.0572858,0.333333333333,NSF|NM|SOCORRO,35053,Socorro,source_coordinate_within_county
2309648,University of California-San Diego Scripps Inst of Oceanography,CA,San Diego city,-117.2740777,32.8401623,1.0,NSF|CA|LA JOLLA,06073,San Diego,source_coordinate_within_county
2034312,University of Texas at El Paso,TX,El Paso city,-106.4870476,31.7601001,1.0,NSF|TX|EL PASO,48141,El Paso,source_coordinate_within_county
2126167,Louisiana State University,LA,Baton Rouge city,-91.1869659,30.4494155,1.0,NSF|LA|BATON ROUGE,22033,East Baton Rouge,source_coordinate_within_county
2152622,Dartmouth College,NH,Hanover CDP,-72.2892164,43.7023545,0.5,NSF|NH|HANOVER,33009,Grafton,source_coordinate_within_county
2112642,University of North Carolina Greensboro,NC,Greensboro city,-79.7919754,36.0726355,1.0,NSF|NC|GREENSBORO,37081,Guilford,source_coordinate_within_county
1952815,"Carlson, Brandee Nicole",TX,Houston city,-95.3676974,29.7589382,1.0,NSF|TX|HOUSTON,48201,Harris,source_coordinate_within_county
1848620,Harvard University,MA,Cambridge city,-71.1040018,42.3656347,0.25,NSF|MA|CAMBRIDGE,25017,Middlesex,source_coordinate_within_county
1848694,Oak Ridge Associated Universities,TN,Oak Ridge city,-84.2696449,36.0103562,0.25,NSF|TN|OAK RIDGE,47001,Anderson,source_coordinate_within_county
1855928,Aurora Flight Sciences Corporation,VA,Manassas city,-77.4752667,38.7509488,0.25,NSF|VA|MANASSAS,51683,Manassas,source_coordinate_within_county
2219953,Northeastern University,MA,Boston city,-71.0578303,42.3588336,1.0,NSF|MA|BOSTON,25025,Suffolk,source_coordinate_within_county
2210615,Clark University,MA,Worcester city,-71.8018877,42.2625621,1.0,NSF|MA|WORCESTER,25027,Worcester,source_coordinate_within_county
2209620,University of Delaware,DE,Newark city,-75.7515682,39.6828358,1.0,NSF|DE|NEWARK,10003,New Castle,source_coordinate_within_county
2218835,University of Colorado at Boulder,CO,Boulder city,-105.270545,40.0149856,0.5,NSF|CO|BOULDER,08013,Boulder,source_coordinate_within_county
2139809,Aspen Global Change Institute,CO,Basalt town,-107.032824,39.3688731,0.5,NSF|CO|BASALT,08037,Eagle,source_coordinate_within_county
2218834,Western Washington University,WA,Bellingham city,-122.478836,48.7544012,0.5,NSF|WA|BELLINGHAM,53073,Whatcom,source_coordinate_within_county
2139836,University of Washington,WA,Seattle city,-122.330062,47.6038321,0.5,NSF|WA|SEATTLE,53033,King,source_coordinate_within_county
2102121,University Corporation For Atmospheric Res,CO,Boulder city,-105.270545,40.0149856,0.5,NSF|CO|BOULDER,08013,Boulder,source_coordinate_within_county
2102338,Appalachian State University,NC,Boone town,-81.684004,36.2187873,0.5,NSF|NC|BOONE,37189,Watauga,source_coordinate_within_county
2344487,University of California-Los Angeles,CA,Los Angeles city,-118.242766,34.0536909,1.0,NSF|CA|LOS ANGELES,06037,Los Angeles,source_coordinate_within_county
2218932,Arizona State University,AZ,Scottsdale city,-111.926018,33.4942189,1.0,NSF|AZ|SCOTTSDALE,04013,Maricopa,source_coordinate_within_county
2303014,University of Texas at Austin,TX,Austin city,-97.7436995,30.2711286,1.0,NSF|TX|AUSTIN,48453,Travis,source_coordinate_within_county
1660481,Purdue University,IN,West Lafayette city,-86.9080655,40.4258686,1.0,NSF|IN|WEST LAFAYETTE,18157,Tippecanoe,source_coordinate_within_county
1556862,University of California-Berkeley,CA,Berkeley city,-122.272863,37.8708393,1.0,NSF|CA|BERKELEY,06001,Alameda,source_coordinate_within_county
1652293,Indiana University,IN,Bloomington city,-86.5342881,39.1670396,0.5,NSF|IN|BLOOMINGTON,18105,Monroe,source_coordinate_within_county
1853759,Rutgers University New Brunswick,NJ,New Brunswick city,-74.4436416,40.4936119,1.0,NSF|NJ|NEW BRUNSWICK,34023,Middlesex,source_coordinate_within_county
1830011,University of Chicago,IL,Chicago city,-87.6244212,41.8755616,0.5,NSF|IL|CHICAGO,17031,Cook,source_coordinate_within_county
1706416,University of Maryland Center for Environmental Sciences,MD,Cambridge city,-76.077268,38.5700533,1.0,NSF|MD|CAMBRIDGE,24019,Dorchester,source_coordinate_within_county
1830002,Portland State University,OR,Portland city,-122.674194,45.5202471,0.5,NSF|OR|PORTLAND,41051,Multnomah,source_coordinate_within_county
1832177,Trustees of Boston University,MA,Boston city,-71.0578303,42.3588336,1.0,NSF|MA|BOSTON,25025,Suffolk,source_coordinate_within_county
1634002,California Institute of Technology,CA,Pasadena city,-118.144155,34.1476507,0.25,NSF|CA|PASADENA,06037,Los Angeles,source_coordinate_within_county
1832315,San Diego State University Foundation,CA,San Diego city,-117.162772,32.7174202,1.0,NSF|CA|SAN DIEGO,06073,San Diego,source_coordinate_within_county
1635219,Temple University,PA,Philadelphia city,-75.1635262,39.9527237,0.25,NSF|PA|PHILADELPHIA,42101,Philadelphia,source_coordinate_within_county
1634559,University of Rhode Island,RI,Kingston CDP,-71.5227103,41.4801166,0.25,NSF|RI|KINGSTON,44009,Washington,source_coordinate_within_county
1634172,University of California-San Diego Scripps Inst of Oceanography,CA,San Diego city,-117.2740777,32.8401623,0.25,NSF|CA|LA JOLLA,06073,San Diego,source_coordinate_within_county
2430074,Michigan State University,MI,East Lansing city,-84.4721678,42.7320307,1.0,NSF|MI|EAST LANSING,26065,Ingham,source_coordinate_within_county
2023205,University of Virginia Main Campus,VA,Charlottesville city,-78.4766781,38.029306,0.333333333333,NSF|VA|CHARLOTTESVILLE,51540,Charlottesville,source_coordinate_within_county
1657739,Texas A&M University,TX,College Station city,-96.3455991,30.6183939,1.0,NSF|TX|COLLEGE STATION,48041,Brazos,source_coordinate_within_county
2022889,"Woodwell Climate Research Center, Inc.",MA,Falmouth CDP,-70.6147519,41.5514979,0.333333333333,NSF|MA|FALMOUTH,25001,Barnstable,source_coordinate_within_county
2032200,Marine Environmental Sciences Consortium,AL,Dauphin Island town,-88.1124817,30.2542022,1.0,NSF|AL|DAUPHIN ISLAND,01097,Mobile,source_coordinate_within_county
2023018,University of California-Los Angeles,CA,Los Angeles city,-118.242766,34.0536909,0.333333333333,NSF|CA|LOS ANGELES,06037,Los Angeles,source_coordinate_within_county
2322603,Northern Illinois University,IL,DeKalb city,-88.7501925,41.9298644,1.0,NSF|IL|DEKALB,17037,DeKalb,source_coordinate_within_county
2345878,New Mexico Consortium,NM,Los Alamos CDP,-106.298959,35.88137,1.0,NSF|NM|LOS ALAMOS,35028,Los Alamos,source_coordinate_within_county
2136225,University of California-Santa Cruz,CA,Santa Cruz city,-122.0294673,36.9743626,1.0,NSF|CA|SANTA CRUZ,06087,Santa Cruz,source_coordinate_within_county
2155110,"ENGENIOUSAG, LLC",IA,Ames city,-93.6170448,42.0267567,1.0,NSF|IA|AMES,19169,Story,source_coordinate_within_county
2334072,Oregon State University,OR,Corvallis city,-123.2620435,44.5645659,0.5,NSF|OR|CORVALLIS,41003,Benton,source_coordinate_within_county
1802531,University of Notre Dame,IN,Notre Dame CDP,-86.2373691,41.6992003,1.0,NSF|IN|NOTRE DAME,18141,St. Joseph,source_coordinate_within_county
1756056,New Jersey Institute of Technology,NJ,Newark city,-74.1723667,40.735657,1.0,NSF|NJ|NEWARK,34013,Essex,source_coordinate_within_county
2010890,University of Pennsylvania,PA,Philadelphia city,-75.1635262,39.9527237,0.5,NSF|PA|PHILADELPHIA,42101,Philadelphia,source_coordinate_within_county
2030411,Michigan State University,MI,East Lansing city,-84.4721678,42.7320307,0.333333333333,NSF|MI|EAST LANSING,26065,Ingham,source_coordinate_within_county
